path	sha256	size
.editorconfig	264e8eb9942700c5ce405b5ad198751cdc81c2d3357b694380ba340aa99a467c	324
.gitattributes	1a1dbe176bc233b499d35a57db7513f2941c99ab9759f177830c9149be99005b	66
.github/workflows/ci.yml	73cec394aeb4fdbe161583cbf0be7b3da6d6c5abf92e81da85c1ae6b7b40d14c	7695
.github/workflows/release.yml	16c0d19d7acb7eeff205c014cd41737c99d5aad4180f53049cfa34e415fbf0a4	12085
.gitignore	d7e0827ff1e617d760510ca9b969d86126c607f5fbf699defc1d92d7228ae026	728
.go-version	14c5f0cdd5bd79e9272abe3b788316012cd6bcabc5e4980f27634b2413857758	7
.goreleaser.yaml	e456c78a7cadbe8f51569ba97d3a3c87b81f73f406ed9278270ec7078d76f1c3	1731
.graphifyignore	027f8aa13c50920eafc18d87d067eec42554d7f1b8564b39845d92c6da03a40d	566
.nvmrc	177d20030d4dcc37eae9ef92865ec54dadce60e8f19e9a34a5d4f37502195a36	8
DESIGN.md	16e79e343c26e777f3d640a42539af8a69c5170559eb47df5bea86a11318839e	6485
GEMINI.md	b2032565e86d0d008f16482126dd397d6cc3e6acbf5b716e61f547710ae6fd02	1954
LICENSE	8c393979c3dca5c3c523e0607b5e43f2cd9fceaec62d5fa6c5d530d909d09c4e	32282
Makefile	4fdd62577c18634bd75bc8f7156edbb1a06113764d18d6241b75a2151b25f436	4963
PRODUCT.md	aa527119466b9de4477b29d2c831242bd12297959a957b288cd1d1d52ba17d4e	13487
README.md	748b33f611b565a47ec8d5678bc482d144b14ccd8acde3e1c675d99d53ff7f46	11378
client/android/README.md	6d7a47a5e6ab8704976680548cd198d33918e175fa93b6e96e589144c40b4d3a	94
client/bindings/bindings.go	a01aacc2150976bad93592a7dd0544a0dfacfbb0e5154eb7c5e091a85057b982	1371
client/go.mod	0bb02022e91bbb7ce686380a5c4be9a9b7c196b472af29b462e700ed639e3f7f	55
client/mobile/bindings.go	29a18ddc06cfac66402648820c0ac8cd1ac3da7296958827e22fa71730588e26	885
client/mobile/bindings_test.go	263cac4ccf498215008371a44e094e65c59744bae0ff7218b5cd2973ef247c87	804
client/platform/socket_protector.go	f14d06ce407427d42dccdfc6d7b6f0714435bce79ba7587fd76ab0106f00e316	1360
client/platform/socket_protector_unsupported.go	6be85368ab52c3323e99e2964ff50100dfee807bdcb09d8c3d936e8ff58c9abb	947
client/sys/ld_preload.c	7cdf53343d48c68f2349a4cf3affed941df4ea87327fcb2de0a633262f6bf641	320
client/sys/socket_protector.go	070430dabd687719fc83184c0fcfc6d7a8d46c5cb7a76013fe53d8de8f02a654	447
client/sys/socket_protector_test.go	56cb48f4d7fba7c487a1e80817ea1b1f2480547c5b1021e919dacc8dd4685747	2086
client/sys/socket_protector_unsupported.go	8fefe67befbb54654643a6e2a100e8d6cd2d589c49157eafbb009a3b32e54be6	456
conductor/abi/manifest-v1.json	5f6a1d7e144b5b4c566345d7bf0d4759aca7968ca31033e9af9607e7ad3449e9	854
conductor/abi/schema-v1.json	b476ae9e79328e02490ffc017ce443381a30bb72082186359fbcebb7cb1a104d	766
conductor/code_styleguides/go.md	e76103c7fb3c4b243e1e41b6e851e16215f05ec61514cee9fd82a4d3bcee0af4	375
conductor/index.md	0ddfb4383a00c9721003167d645892785dd6baa6b3bd1584f205651cbb0ba531	309
conductor/preservation-ledger/families.v1.json	fe702ff2de3291c8d2ae4d197795a10133982b7c882d292b372563d1bf5d09ea	22814
conductor/preservation-ledger/schema-v1.json	4d9c902593223e1ebdc5bd0d23daf0b0acfc7e3c1a95d3c370c088c5f7da3763	5823
conductor/product-guidelines.md	5ab12faa1b3c70bd08f74de12d5aafd7b1ec9bc0964f8c3380698e7c9261ec52	1311
conductor/product.md	d28d7bd712ebf194bec029525eccb0f2cd881e66e68753d128d477e39b2325e9	2011
conductor/provenance-ledger/README.md	48a2f0d7811db33653170c20564a2aa38b749c058f212e5c9aa5fe942f38c342	3001
conductor/provenance-ledger/raw/snapshots/source-luminet-repository.v1.json	ed7e9a676b19057f12dbb537bc505a2962a37ed1c60b1cef442b2482813fe0d2	447
conductor/provenance-ledger/schema-v1.json	e6dbc616c97a7be28686e043934753f11cfbb31ee52ec8c9b523b724ca7c6d10	3041
conductor/provenance-ledger/sources.v1.jsonl	4f170863c76012b5e1e862520e386d2801e52c9f5ad236fa80e6c73360c34a64	884
conductor/tech-stack.md	997cb33a82845ff3d7237dec29f845abf6f1c43f207a591729e2490c86e377c3	1586
conductor/workflow.md	f31ca74002c552d9d31a1bd970a509e9647449cd8923dd215da0440cd75bc581	835
core/Cargo.lock	f9b6eb79e5b6f51e363bd785f3455ebb7babd74653087c89088682b715f858f2	175215
core/Cargo.toml	9f472233089c0805febdfc8783c03ded99b55a5a2a6154caef0173be4824b33f	3209
core/cbindgen.toml	dfb8f00c6182f95d5a34268ac3b6d478848b22151453893251d286df5d0c1be9	770
core/src/agent/agent.rs	657e5e86f4e89675c2ea72429ad41f2e2380b017a395d3b4677f57b7deff92a6	1731
core/src/agent/connector_sync.rs	69cec6e6644f5c942c41be2550907e4b4030ba33326746554081ff355c074ead	1514
core/src/agent/memory_graph.rs	767174f40be1514c7f83bdd18494853f76b51a5246c929bcadbd07699be84622	1124
core/src/agent/net.rs	858971186983c31509b280d651c1b86fbf1d9b81c06f3b313868d0e7cc7d1737	1908
core/src/agent/prompt_injection_detector.rs	e6af03e0b13f3484b74aadc9ee06167af0cdcb13c6d90c6d3a73924c06c29e9b	732
core/src/agent/sandbox.rs	b6b945b8c250c76cba22e9b7c1cd844bd6da3d014128c9875da0cde90a0c6b03	1408
core/src/agent/security_guard.rs	a1c4e5536e30cdf7d065e1ebc8faec9b9d7da542c47118dbb7d2f9c598dc13e9	767
core/src/agent/tool_timeout.rs	ad1887236c282cdf95bc537b59f82ee3e3460e2be41a6b669397767c90e43d4e	488
core/src/cidr/blackrock.rs	fdca22ea68a2744564de8f73539ed541fe7ac288f892d6c53d8d72bd46fa2478	11246
core/src/cidr/expander.rs	4157ccea31c43b40ad3a305853f3bb4750abc84dcbf906258c3dfe77b39590b9	6837
core/src/cidr/mod.rs	884cc4a278f8c74aea509223f87af59638b1bbee83e2d5e011a87eb703519203	197
core/src/cidr/vm_timer.rs	8d7032a51b34746e9be7ef6c578a8c887f263ec42d4cc9ca76fbc19bc829715e	1185
core/src/codec/base_codecs.rs	f8f6796b57683213e93a000da70c7b45248491b701def5756680b40ab995f509	4694
core/src/crypto/aead_framing.rs	b3595d7072f2437a8dfe17203c2a6bafd54a9a32e2be09b5c8267419a69af7be	8907
core/src/crypto/aes_ecb.rs	571829d46261e2b0000f3471eaf537fbd3c643df72316622833d5deb032c85af	6996
core/src/crypto/aes_gcm.rs	e5637e6c3219060fbef76bb32b8e39be7c78d9b6a8e5dd5d0835f676fc4ba155	16878
core/src/crypto/credential_bundle.rs	68cfbd4a394d853538bda9c2f849765b9787205984eb2fe30b8d14bee4ced453	6265
core/src/crypto/ecc_curve.rs	78b5d2f7d280b7deba63b432cb472000855fb8f6174a67793b15f57576a39bb7	455
core/src/crypto/garlic_packet.rs	5607a6e301cd6144eaadb432b75ac8ea5a8fe08818d7ebc46f1432e4bb04aa21	10741
core/src/crypto/hkdf_keygen.rs	61824e54e4254ddc18b5c876a1ecf7659361e1119baeec2c858325544b2ba22a	5827
core/src/crypto/mkem_kem.rs	f0c02c692936e0340e50b824332773915b6f845ac6115ddf64a98efa4cded862	5981
core/src/crypto/mlkem.rs	8667f8501ea385f2ec4f858e29ea8b0f85a7dbb4f4a41af272067e7d52fedb86	8687
core/src/crypto/mod.rs	214a8fdcdeaff5c13a6caa1f89caf040ef7837d0bebb9964752bfb5b44d8a279	701
core/src/crypto/nistec_math.go	63cafde22ac5558369a837402644112060f899afaa99dacfba9374e935c9cb7a	519
core/src/crypto/openssl_evp_bindings.rs	1f7f277a104f468789d42d7238c651d3118ec9cce8baf788adac17a6e2717f52	437
core/src/crypto/reverie_crypto.rs	0d71b9c617dc18ed1cf89bb4833ed5679672d519fc82cc40bc9e1140d47e1cf4	397
core/src/crypto/shadowsocks.rs	26cc874935aaa6f2f94ef05d159c47bc7c320cddd8ddcdf87a05ba5db48d0be6	7759
core/src/crypto/shadowsocks_rust.rs	43af597392b4ee901933a838bdf3fffa5b95332a3c3d55fd1c2cba784b11aebe	410
core/src/crypto/ssh_obfuscate.rs	790e21068bc99360f0f79214377aa6d3b5d465bf5e0f5bbda7927ca2253a39b0	7662
core/src/crypto/stream_box.rs	e66c05ae0e740a1ad926d827ac9d45223b85fb2bdbc93cb916030a4bdc211536	9044
core/src/crypto/tor_hybrid_encrypt.rs	f557efe8b0213635ba1e491e7ea1bd29ff605d88c55fe55c825bba68cbe6c219	9958
core/src/crypto/tunnel.rs	e393ff8194f07e1a6a49ba18f29ab8060c6d216f9ed3da9b521486cffdd9d17f	9990
core/src/crypto/v2ray_vmess.rs	ceaca67890f58848180e992cbc2a8bd400b04a9ff37f4ebce01013f078ba323b	382
core/src/data/mod.rs	d5d1a28526f13252a9480f75beb68dbe13c2f74ebcc5c986baab2de11dfdd066	199
core/src/data/ring_buffer.rs	2f28f90464aa7957e95792a9f39935a3f987384486605eec752c0b2f1054f5c9	6880
core/src/diagnostics/html_report.rs	3590cf23a86b9dd2904a7b2900c2963a413057da6bc0d30599d59c85f6bde34a	2874
core/src/diagnostics/mod.rs	60ed8c31bf3c41a7fc8b72c4853373bd9eb1aff48bbce04d528bd9a25ea1e125	150
core/src/diagnostics/runbook.rs	27d2d2e40dc12b4c704186c77291c6baaee657bf9ae9825dc61bb37665294ac3	6709
core/src/dns/anonymized_dns.rs	b11f6222daddeea07cd6e56da3f91b45d62a2bad7399b9544a019b6d0a1ca63a	4063
core/src/dns/antipoison.rs	e29ac1671372a5145307c1e041f816870872deb3f1d44aee5f16730942253a4b	8989
core/src/dns/dns_client.rs	d85b14bd5e2c22711109c17c2e652349dcecf5cb2a5e4e54d382f41cdf3ab565	16351
core/src/dns/dnsproxy.rs	aa491b44a30d8e7604ac993643d074c356e890e23f16e8d1d35a079f14ec3edf	14179
core/src/dns/doh.rs	706c828f7a961bd1b342072d6d7a3142c88b1c2dd653eafabf7eec2cd70ee48a	3758
core/src/dns/dot.rs	e57a305ef00237b2f01c9e7b2845b034ec6c6b4333fcfc659f00b20839615355	3844
core/src/dns/hosts_optimizer.rs	845dcc826ae4248b64009206ba7d8fa2c32c6283fa66a08eb2cd28776730788d	7541
core/src/dns/mod.rs	f6d9af5be5ee96f1f7c8bf951c09b9f667194e47633604f4419161ee7259b2bd	868
core/src/dns/packet.rs	2121cfe168d01141495a82bfde654a7a429972a7839a165193996ef8b43edb3d	9563
core/src/dns/udp.rs	d8a17aaf52ee68907bb0422f6255f2ea2d603396de9e1bc3f8441a2a20952e37	3909
core/src/dpi/l7_patterns.txt	e81c455a648cfba43e76fe5c4c86acf381b44b5ad2bbcb4657e97389b3194326	570
core/src/dpi/packet_parser.rs	252a1ecce9036af9148f340b4ad8c478f8a42d7e5a2ee0d7f36fbdc0328590b1	2093
core/src/engine.rs	c0378d8f77aa1f40fef4f3d091672680a3a6918b74d500a8ab04260b39a7d173	21030
core/src/evasion/client_ip_obfuscator.rs	a3e728db2a6248fbb2c6e6e09f33f8128fe132362ecef484fd4bbe12db615bf4	7387
core/src/evasion/cloak_obfs.rs	c7ed982a165bcd340f1f32414772a8974ef28c1cbea30ee0096ab367af356c5d	4325
core/src/evasion/composable.rs	f7623d34a07b17dc6e2062c54850a6a14a729145772ef580294711aebe1706f6	8353
core/src/evasion/desync.rs	34631ff95bcecf8f7456205be2ad4283b59bbe18b3e83ee7fbc1edbff0be2a85	5392
core/src/evasion/detect.rs	d1be5b6d021cb32a88f9b9a2bf75cabf315a0055f4fce396f388451ef29557a8	4890
core/src/evasion/dhcp_spoofing_detector.rs	90a7ad568e5debec9a4a8273465297e6a77098c317eeabd8d28e9d523e1472c7	423
core/src/evasion/domain_fronting_plugin.rs	0d1b438f94a65eed7f8926df46a14214f72b8f0d20c09a3bb7dc2fad1ebb9efe	417
core/src/evasion/ech_plugin.rs	0bc8061a9a9dd650cc17241c3d63fb9b6afffe1f1eceae3145f4a00db1fa81fd	469
core/src/evasion/ev_evasion.rs	efae353947528e21c6b07894f96f8e7e05c1a0b2b4c52876d8363e0043edc977	6728
core/src/evasion/fingerprint.rs	533dfe2e96f6748506a12b0ab24f2adae3a81a829cddf7b8f2b2ab48bf458839	8189
core/src/evasion/format_transform.rs	d63986e331f13e9df348b537342dfcfcd76b2401de4f95220ab266549cb0a25b	398
core/src/evasion/fragment.rs	53444bd95da834e6fb12a089bb65e506e8223fbf8545f0a7b3b446c6f6e80dbe	9472
core/src/evasion/goodbyedpi.rs	f2b18fc4b3ed04b409ebc9a687c5233ef2d7e0bb77dcf2ec5fe8f5900980fad6	445
core/src/evasion/http_tricks.rs	e1812e416da93904e33a181090e9bc02a33ccd1a332601e1a37e53d6151febe1	17513
core/src/evasion/intercept_suite.rs	22bf590cf0c26b4e94475868b8eb93b01fa6e752151b05215f806c7212f85ecd	377
core/src/evasion/mod.rs	c5a63cdcd94ea7c5690c61291a941d0f5ac70899ffb1b7c6404c9e82c467fc96	8365
core/src/evasion/ndp_spoof.go	75f159ab6bfd7d00652f1cc33c976df3c7dc3924aa10b238c64fc7f7fd882ced	547
core/src/evasion/noise.rs	b7a96098eb5f83b7e6b2675ef8bfe42a723de3bdd7960d04708d2f26f9d1cfd4	2611
core/src/evasion/opengfw_engine.rs	056745f6ee26ea3ea05643313b647daea37726ad301612491a38527aec4b3a51	406
core/src/evasion/packet_header.rs	090298dac5bcc21e268127fec413b8a50cb5da5579f3a38c0df48a325ffdee66	5085
core/src/evasion/paqet_injection.rs	1d0345028e18a90f3d1cfe98f86035b1639269fcb5fd197cca71e8a4a93b6dba	7158
core/src/evasion/passive_dpi_evasion.rs	b4a420a9194abf408a8fecacd4855c72942c660d16c16e5f25f5010c7f41f1bd	2678
core/src/evasion/rahgozar_drive.rs	c4ba840e9cd64df307d78ec3c2206035faf32f352e2cf53f647c38424c0c695f	373
core/src/evasion/reality_impersonator.rs	4d39c95d4b7aaa742793573576a1105016394b43b25ceea369b441713222d79a	534
core/src/evasion/reverse_handshake.rs	d5c27b8dd95eeaa52538d1d12e91c661f8f5ebf276b9a68275d4beec27b6112a	418
core/src/evasion/secure_hostname.rs	46d570aae4bd1a71717c5c2a746d5a1620eb68075bc8b00ca30d92fe9f806dd9	1864
core/src/evasion/smuggling.rs	bfbbcc3830126daa8870d63efd5605eac560a21057f1b2add834b904f10b2254	2920
core/src/evasion/sni_bypass.rs	9828722f758aff8e306e8aa8dc97c8f63957e64f735b1e2ba21e005a5a4f6a2e	11413
core/src/evasion/sni_decoy_generator.rs	f60c4220351bce0d34f94ce4383746a49e1940b235940d9bfa1c55b85354a779	453
core/src/evasion/sni_decoy_injector.rs	604829bd0cff8574f3fd3ac34639934a9e4c3618fd3c194590fa6de87a0b23df	478
core/src/evasion/sni_reader.rs	ff3218a1b6854152465bcc5e2965bc2408d59f14d96d35ab5cb4dfe41daf3096	7920
core/src/evasion/sni_spoof.rs	55d0eb5eff4dd542858a364551f9e86388d0538a7d3cd5be3e1ae674432ede1e	15379
core/src/evasion/snispf_hj.rs	52f87fff0ec1226459239f7f1369823d7d5752355666fb135a054acca54c0bfc	20973
core/src/evasion/ssh_obfuscate.c	36d717779ba2ea608083ee4d7a7020586b7e62da6a9dba076f4251152965cc0a	301
core/src/evasion/ssl_interception.rs	5a0bdf005532849b63b62944003880aa7f924c018ce09bf5260cd0e1133dff5d	397
core/src/evasion/stack_spoofing.rs	388665fbd6a350cc99715a93b27d04839645daa9945ff6b5c0c05dfe588ce533	512
core/src/evasion/tls_fragmentation.rs	996c392ae207e0f6db9a17e75b022bd4c3ec02e3f30f65a619b72d62ae9d32d3	2919
core/src/evasion/tls_randchunk.rs	c3653c3c69327292a35f723435f863bcdef57f6cb0915a5c4bf0ea75a16c56e8	396
core/src/evasion/traffic_shaper.rs	a601d6fc1b89485afbd1c4516cbffcb86eeea89ec1548f42f14879180e4e733b	421
core/src/evasion/trojan_go_fork.rs	88b28c1acac8d3b281a44198d1875859a31e13870ae76fd1b88fd3b1521208ec	391
core/src/evasion/utls_spoof_proxy.rs	a71ce6db760c0a6f41175827a3e8e8df80f60807da8f3d25391918e7197b8425	480
core/src/evasion/win_divert_proxifier.rs	8d20960d79a07a2fd3c0652f77f4e4f83754d5e2c52295c26cd26fe48ec41d72	13581
core/src/ffi/android_jni.rs	cf9737e3c4598d2ead81724e2017aeedc81a98b3211640767063db14eafaf1c5	22528
core/src/ffi/async_exports.rs	d9004393d26321f006d65b07666acccd559298ebbe83b95457c06dbbc7d205fb	7268
core/src/ffi/binary_bridge.rs	dab4a935da266fab994cba91202e2ff37eff5b8f72aacc744575d8df2fbb6279	6273
core/src/ffi/binary_scan.rs	4d9341add4b5cb0b74633ef0ded05358bd012895334ce092e22b420c9134eb65	2121
core/src/ffi/callbacks.rs	13c6997d98180fce97fcde66017c34398ba32dfcd2bd5d378ea23cd2872e7e12	1494
core/src/ffi/envelope.rs	084c3b7654ba75c26a3d0c4373abe57b7ff2211d7717018da4502b0e4797d202	2558
core/src/ffi/exports.rs	f281fec3814c6f737e0b9814a4bb870cadf6ba736370537f9a0564c4bf9bac42	42447
core/src/ffi/ios_ffi.rs	d3a6918feb2cd4149becb4ed94efe2cc3fad612b26bdacaf09efe54558f437bb	17490
core/src/ffi/memory_bridge.rs	b426010a7d4f2c378a344ff0b6eed26967f839dbb1d4584636cd43271d2c5282	561
core/src/ffi/mod.rs	f32251396de19f9391704e61e5e525a44789e3e3ae832ffd67ef722a37436fdc	2586
core/src/ffi/panic_guard.rs	8496932907c7ef2ec351aaf5a9eae9f191289592e190506bfcdbe7236f2a8eb7	1490
core/src/ffi/streaming.rs	96a229c7043b48f130e4dca47f19e36bcb7e34b78bda37228b546c24ae0ed737	2774
core/src/ffi/version.rs	e7fcc85bda291362b17ae56d1dd0f6dd931a2ffa31c7516dc8f1337dc66356a9	958
core/src/hs/intro_point_set.rs	124401b9b65c424767d83ff8721de926b913587f8d0809c44403071825180e18	5549
core/src/hs/mod.rs	d3c14c1433f3471dcfb6d412dbaa23dcacf2d05b8045cad0b2a239e1272aa1e6	284
core/src/http/http_relay_buffer.rs	ff197bd469697227258530acd39537764960f30b27fa5e2e674a37791c5bbf4b	11948
core/src/http/http_relay_connection.rs	29a97523141204c7bfce4452adab6b834e389b09715446ef2ab5310d2f29c752	12026
core/src/http/http_relay_core.rs	a00f914168af55888f6b7abb6d432201de2bd5b64c4adac9b7e064dc54dc78df	14306
core/src/http/http_relay_retry.rs	9b5f567041b90e83ccc14e7c6881ab540d8ca9a42db041c5590fe87220ed75e4	11924
core/src/http/mod.rs	a11a484f0fee7489fa908785ebdd2e8b90c69d2b84cb88d8ddddae58d38086c2	10957
core/src/http/prober.rs	628e04380593f9519217ed2a6c78c16c133660f986a58ccbd9273b51fc988399	5933
core/src/icmp/mod.rs	af35cc90720495c83753b1b7727dd6559555debf02ddb0dae9e0c02267adb5ca	447
core/src/icmp/scanner.rs	91ccbfd49a910a9cee1c4b368c485c1a9ceeae83f0955073cf8b674283bfc69e	21360
core/src/icmp/unix.rs	9017f59ed70a0d0d2e0852ccc22068c6ed2eb9bcf014f8942dc71d60feb76ceb	5905
core/src/icmp/windows.rs	3d95f8839ffad81ea461f0403d522ff88a6bf4a3eeb1303314655d5579e2520a	9630
core/src/lib.rs	e5147d5fc3edd8a725e393fd63107f7e3700cea068cd22bcbdd74c99c8c1fdf2	6222
core/src/local_integration/mcp_client.rs	85e458655c31af9d707c4f1117b06234d61548f0b5395311750f03d57ce21560	1100
core/src/netutil/adaptive_limiter.rs	47acc598da7c941f9c733bd1b7c30e40feff565bea4a0df7d99b08b6ec0817be	5394
core/src/netutil/classification.rs	1a48819f5ec475ba1ade2a73e44a6c906739f4ee8bb9ba92edc3c3527648f3ae	4032
core/src/netutil/headers.rs	aacc48db03a58cd5b23cccb64a45eb4d24f16152926a9da51e57af84bffe45df	1258
core/src/netutil/ip_check.rs	b57a00f318382daf82fffb518809a8263bd091a8ee8926733dc5d089dfb13c27	3458
core/src/netutil/ip_security.rs	b8409cb1a983e1b336a19509b0810fec63af16e659270a3eda8730c1c2bd71a5	7910
core/src/netutil/mod.rs	fe321eb779be57e895a0f023d3b056cbb3c3054a3ad369df09348116320cdb47	492
core/src/netutil/shared.rs	1d2159702544c561e85154d2a8540ae6b462d6475662db60e93657e4e2849158	6202
core/src/netutil/ssrf.rs	25afe03e0b6c7d184e07e048e8b220c9704675f974aee5280a159cf4869e10c9	1903
core/src/netutil/supervision.rs	5bf29464301d0be69a4cb3b3252b2b8527f23ed08789d88009f54a790e3f49e6	7107
core/src/obfuscation/mod.rs	7db874d8e4a52fd5a4584835ffebbb30c18c590d3a10b2ac37d6e14b7beb230d	289
core/src/obfuscation/polymorph.rs	d89d9a81d5cdcc78560cb7ee05a4b2bf34440d0e2972690766104b2d438fc2a9	11074
core/src/obfuscation/protocol_detect/detector.rs	3c05ca56f17c2ca1c76ec8be2fa6ed092ecc554d7d745a0dc12f60ceaaccff02	3693
core/src/obfuscation/protocol_detect/dpi_db.rs	ff53c554fb8f9ed73b663abc02a39c41899bee3c1a477fc235d410e0166b6741	2290
core/src/obfuscation/protocol_detect/mod.rs	93f06648accabd94837fcc5c4ac6993d08914be0ff61e715d02ba477b60581e4	429
core/src/obfuscation/protocol_detect/signatures.rs	b0f5c2c3a2edf4cf97b704f6812295326f35333b330df6e36783cd2254ea86f8	15409
core/src/obfuscation/steganography.rs	c461e0646120fe89dde6773594363fcf0df804eeb4829288158bbcffff9be825	10396
core/src/platform/android.rs	2bd3adad79d2be77a264ff4a30271661e28622262ba296def54f06af3fe81393	12834
core/src/platform/device_spoof.rs	55e9ae764dbbbf4c474f09e68f65b562c62c4960364b2d4f46a2a88c050db508	13561
core/src/platform/hotkeys.rs	1bdc844e9e8bd100ff7a14667b2137658f5d31065364c9116e755ce4a8f3e899	6599
core/src/platform/mod.rs	400b444ed89be080bb3722d7c2d79ff00f00309f35f5cb0d79e99033b4e0b71d	316
core/src/platform/syscall_evasion.rs	b45281a5a4fb10e55e41addac07ceb14b45deede1099c67e4b38d7d814922d07	8970
core/src/plugin/wazero_wasm.go	abb5dabe1d50ecdbed75f5065987203715986172b6e9a166721b726daddae578	502
core/src/proxy/brutal_cc.rs	865b0d8de411dc7137f24bd94bd1e546d65bf723628997679d0f472237d3ddf6	17548
core/src/proxy/dxcore_transport.rs	8738b25f2e752b3cda26acb8af22b3dc03fc00c1496374635a756e0e5a3c998d	380
core/src/proxy/flow_trie.rs	2ce4e3f910f897db7f594246761c80791c84d91bafa2819ef22d619a57f1a56c	10493
core/src/proxy/handler.rs	26dd52875dea2123e52e1c4d38da61fd69e0703aa13a1aebc7e5bb5357296adc	14144
core/src/proxy/l7_interceptor.rs	b1514548d8f73e44eb5a9863c63cc496720e98ee86be82931d3025d5bb5e4a8e	11181
core/src/proxy/mitm_fronting_buffer.rs	d312fce7d4a0287bf9db29b1c564e96db7a6fad62bc55ebabf550eeeb30ed03a	20072
core/src/proxy/mitm_fronting_buffer_diagnostics.rs	41fc12fbc63602a19d580f8f89d6598723ae0e0b2ff3da497010f252e44e63af	11276
core/src/proxy/mitm_fronting_buffer_diagnostics_helper.rs	d2b6e7a5cb280ff6837bdefc5759681ef2ee493bf0a3ecf5ff6a87b7719d2567	11316
core/src/proxy/mitm_fronting_buffer_diagnostics_tuning.rs	0ce59fda4839424580e84863fd1f1b6c69bb69fd9003c9fb357b0f755f7bdffe	11316
core/src/proxy/mitm_fronting_buffer_diagnostics_tuning_helper.rs	46deeba73b6a395b7a5d7fda08df1b41b967d99955222ed0794fd3554728f63e	11356
core/src/proxy/mitm_fronting_buffer_helper.rs	ff52b18d414aaa7b740245cff244eb04d075cf75cf32e4edfd4767957d543c0e	11246
core/src/proxy/mitm_fronting_buffer_tuning.rs	0675fd928444e95187f5c572bdfa6bed742ae67f1bbefe19c090904f6b824995	11246
core/src/proxy/mitm_fronting_buffer_tuning_helper.rs	b1945754bfe030ac79bd6497971be60aab3ea4661ef3f20e073812816ec1696a	11286
core/src/proxy/mitm_fronting_connection.rs	2782bab4b422dbe3d0c496bc332483c1986172549a70a68b72767db0a8b1d8d5	11239
core/src/proxy/mitm_fronting_connection_diagnostics.rs	2c26b46aef35e8f18976f6f1b3eb536d77c211af5bd4e448de78b15d0f25533d	11307
core/src/proxy/mitm_fronting_connection_diagnostics_helper.rs	1fad595ec332613f08a04ddbc9b72b05d5d696a2298265ae8065284545af2890	11347
core/src/proxy/mitm_fronting_connection_diagnostics_tuning.rs	f948997ad2e8e787469cf9630b2f9d7e68845ce0b7cc7cb353ddc98c51bbc1b4	11347
core/src/proxy/mitm_fronting_connection_diagnostics_tuning_helper.rs	b67c6e7c46e3434ca4619e0c8ea9933f0e2850e76b5f16659e3fd7caa3016e7a	11387
core/src/proxy/mitm_fronting_connection_helper.rs	2e1cb7ddd0ca6a131939ecc2c06983932efdbcaddb700e7733336913b04f12b0	11277
core/src/proxy/mitm_fronting_connection_tuning.rs	79931a538be03b6cf5aa51d3e542f57cbaf69e724bbba26c3bcdceae2c3563b1	11277
core/src/proxy/mitm_fronting_connection_tuning_helper.rs	1d1845daede1ec47d5ed36fa6308dc9344bb55974e727c3785462b952d1dd1ff	11317
core/src/proxy/mitm_fronting_core.rs	2ae18eea44c924ae699fa6b2ce3fb8c053099727aed9c3c6005fa292512833db	11048
core/src/proxy/mitm_fronting_diagnostics.rs	4fc60c9ac8f5a1b9a1f647ff137db9dc2a9982b6d9815a8f8a547eeb9c696108	11114
core/src/proxy/mitm_fronting_diagnostics_helper.rs	8c77d8c98fe1d1ccf1cd83c414a6bad0d8992ef505c6d6b77855a8d5c2ce9e98	11210
core/src/proxy/mitm_fronting_diagnostics_tuning.rs	0fe60c54fdc6d0a0bc821341857fb2fbb7cba624bedfe267f35ac2c1e03470bd	11210
core/src/proxy/mitm_fronting_diagnostics_tuning_helper.rs	3dec38137db141e8c13453c3bc515ef7ef47a26c6f89350c946480131a867811	11306
core/src/proxy/mitm_fronting_flow_control.rs	b6f382d708cb34ed6458dc9647e85b7b1435a48fd4f6c9efca1064005bca0990	11139
core/src/proxy/mitm_fronting_flow_control_helper.rs	1dcb1755fb50482793ceb2da711f4f30a18938d28c37f865c01c84455ad80ab6	11242
core/src/proxy/mitm_fronting_flow_control_tuning.rs	bcdc9cce69f35725f5b76c01d091035b928ae3c16cd2ce1f8bc85108c6d7a0ac	11242
core/src/proxy/mitm_fronting_flow_control_tuning_helper.rs	2e9b476ebda87d13da576816a64059a0fa726cc396c65a6258ddb79783639c61	11345
core/src/proxy/mitm_fronting_helper.rs	b0b79174a8516a5604df40ad44f6b363f16cb9931b6465f7cd98eb4e4445afdc	11054
core/src/proxy/mitm_fronting_profile.rs	11f47566d885b18808e0c4c9f1ce26dd1e41249d92d7bca66014a0192ced4d54	11058
core/src/proxy/mitm_fronting_profile_helper.rs	1145808027d76b1a400e62cbcbc7242193a6e11f46f27f46cce80e54e8134d02	11154
core/src/proxy/mitm_fronting_retry.rs	06e1f42a1703b9c958e5dd08ca61727a9bcd3edda775cedc6dde0d7bc146f8f3	11078
core/src/proxy/mitm_fronting_retry_diagnostics.rs	5c3ca19f245289784544fae411c7e49efac87c535ff3ddacee17a44cfc05e692	11236
core/src/proxy/mitm_fronting_retry_diagnostics_helper.rs	0a06255bb1fed499875facf2d7b0ff6f3422a989be559f5acebd16759f749287	11339
core/src/proxy/mitm_fronting_retry_diagnostics_tuning.rs	785ee46528b21934819d08b2e2e5172c21bceb899d917493152ead26533bd033	11339
core/src/proxy/mitm_fronting_retry_diagnostics_tuning_helper.rs	3ea1d6f1d40db7d11f1e54240715010b0b1b4e62d451a3e14687420e1c93b371	11314
core/src/proxy/mitm_fronting_retry_helper.rs	f9a8b6df42c89505620de24e98e5b2a1c73e71a56f115e57562432bc025b6af9	11161
core/src/proxy/mitm_fronting_retry_tuning.rs	6cffa903f490112af6964d7041abc131bff218ff65c3f9acb81857595eaa702b	11161
core/src/proxy/mitm_fronting_retry_tuning_helper.rs	82c28b587bb702443b976df214217096385a69c94b27311d1274f73d33d5ffee	11276
core/src/proxy/mitm_fronting_session.rs	4ac3fbb8b98938cea32f1d5ef35d3dc6853fae0851f385f955a8a39d99fb1a2b	11066
core/src/proxy/mitm_fronting_session_diagnostics.rs	92e6bfb501c4c887bddc3558f28e05fb8ab95238d2a290530eb4c27702bce388	11244
core/src/proxy/mitm_fronting_session_diagnostics_helper.rs	1dc2e728bd47a79994f99b9a5644631d57b65269634e6e6e74af3f59bc6686dc	11347
core/src/proxy/mitm_fronting_session_diagnostics_tuning.rs	ec4666afabe2d1a515e2aed3fc429aa01ffec7fa82760710054d7adb34dca86e	11347
core/src/proxy/mitm_fronting_session_diagnostics_tuning_helper.rs	e2a3baed4175d189ed115ea2db30a162607b262e25cd2d1de227ab56888facff	11220
core/src/proxy/mitm_fronting_session_helper.rs	7ab7626468f9731095e8d5c70f57d73f477059e3bad777544b73bdfa7642013c	11169
core/src/proxy/mitm_fronting_session_tuning.rs	4d5724ff5caeac5ee82402bf4a7759309f63981308560958b3174b5bc8c2c9dd	11169
core/src/proxy/mitm_fronting_session_tuning_helper.rs	32c8597d1f3cc584fa8b19b9bf080a2fd9f613d252676303d9409fc83c84f663	11272
core/src/proxy/mitm_fronting_telemetry.rs	8234e2a23a9a52673e53d067e258e8dae94d9b0e23f5cc4188a68464bacdded6	11096
core/src/proxy/mitm_fronting_telemetry_diagnostics.rs	b232e1282f375485f0af909f31758a59d8b5ecb9a1e04e938b77af85016f84c0	11304
core/src/proxy/mitm_fronting_telemetry_diagnostics_helper.rs	b59b40d1355d538028041482c4c9b5afd1da27f5fecdcc9795e286534e88b760	11411
core/src/proxy/mitm_fronting_telemetry_helper.rs	f16c91de29f32a37fa63a61eb83696318fa3bec497333e59300129f71b346ce7	11199
core/src/proxy/mitm_fronting_telemetry_tuning.rs	3437db3f9fbe0a3d3d4e06b28267c2a6a749d1b74188107e16b67d8bb3861657	11199
core/src/proxy/mitm_fronting_telemetry_tuning_helper.rs	49bd90b31ded914849dfb8d6d353102c1e6e163a696c7bec372008a2e5dc7cba	11302
core/src/proxy/mitm_fronting_traffic_shaper.rs	e22773d4997bde8248751c06a1d96d15f5bb030e653f0001854d66f43091c4b5	11170
core/src/proxy/mitm_fronting_traffic_shaper_diagnostics.rs	79c4b05c1294676349cc74868da7a660f967b1ef3546be06bdf6e11aab1fcbc5	11348
core/src/proxy/mitm_fronting_traffic_shaper_diagnostics_helper.rs	cf86b2ea0e8a8f9ab33abbfb81a19fe77dedfc446b00f2bfe2e2025c29d6c302	11221
core/src/proxy/mitm_fronting_traffic_shaper_diagnostics_tuning.rs	97ab2e745ad9454b50a36e33aaca1155f9edf3cb3a56c15dee375e7adbac16f3	11221
core/src/proxy/mitm_fronting_traffic_shaper_diagnostics_tuning_helper.rs	757821f53bff387b3a1fd696f0225700fd720ef1fcf3c94a4f5ae96ae726f370	11261
core/src/proxy/mitm_fronting_traffic_shaper_helper.rs	337eeeb7b1ab6b60c76b38bf717c81c46b8dd7fad3759ac70e46ded0a287a86a	11273
core/src/proxy/mitm_fronting_traffic_shaper_tuning.rs	31f6666e2d4492d1c6b84bb8edd03c553d8b023f342acd072e97e6725dad8944	11273
core/src/proxy/mitm_fronting_traffic_shaper_tuning_helper.rs	641ee49ab1f0f7dc69d703da1c610bfb8a973c7ead827f5d94ba1a04f595c382	11380
core/src/proxy/mitm_fronting_tuning.rs	5e60cae02710a42220a5b5483fccafac5488f90e366c7d01691266d12fb29b1b	11054
core/src/proxy/mitm_fronting_tuning_helper.rs	314f7f9935982aa94ce5f12bad0291c3965e3e23c5e58a07e43a8017d80646b0	11140
core/src/proxy/mitm_tls_proxy.rs	b9a69f31717f9f9af0984b711c3827e23255bf1e5c26244745b2ec89411d33a7	398
core/src/proxy/mitmproxy_core.py	7d4eb5eb289723631e4bb2d98421a0ad847ba26b3e07b4a75943922dd74b0d20	266
core/src/proxy/mod.rs	15f5f633774b6f1572f3615ee70e1fd306a3afa49fc44a67cf463da4904a51b8	8383
core/src/proxy/mwgp_obfs.go	dc83718afbe4c5815fce3952ed0347f165881f344101387b522f0673e583a1a1	489
core/src/proxy/naive_chromium.cc	76361e535c5a49f59cae176fe76e68b7efcdeb03e97040bb20f9f0ed68b8267e	338
core/src/proxy/parsers.rs	ad5b282dd95710717b67124912a9123bfb170b43904b1f6e7efef9fefdaadaa3	26177
core/src/proxy/shadowsocks_aead.rs	15f630da7acd1a0465c955899e9d5e7096b8103a0ac9ad7f3ec1ca3c06364850	11533
core/src/proxy/shadowsocks_rust.rs	acdf225bd14a0215d066a1bd60e47c4167dd4b9d7ac86d1b624fecfdaeb52dc1	392
core/src/proxy/sip003.rs	bd666012e002a7f15cd6460c65915496777adb1584954c1bc58da5cad9032c16	2037
core/src/proxy/ss_rust.rs	dfc313a641b3a8840afa5846cb665131b5d4cefe73edc860f6737cac4c3c0e26	669
core/src/proxy/tun2proxy.rs	6cdb2f4552f37dc8f86fa0f281c4069e33b959cbee3c274d469673880aaf2b69	343
core/src/proxy/virtual_dns.rs	536a1f1f9cecb6ad5727fe8fc1fa963130547466a31285b3921a713cf068167c	6811
core/src/proxy/wgsocks.go	dd5926d25826e70462aa0de08ab442be27af6956f2c6a87e08d039e1003c2d5a	482
core/src/proxy/xray_core_vless.rs	db10f68c8caba42877b6e3048eaab2f39d2d434b17493d97423816790a75624e	418
core/src/proxy/xray_mux.rs	0e5eea67931a8b3ae70924ca9605482143c3d6a44643c1819270a962cf0e0bca	451
core/src/relay/descriptor_parser.rs	aa7305d670f512e3ec5e889aa23b34f8c63d47e5a43920e22357489912ec4828	4210
core/src/relay/link_cells.rs	4899cf736bcec71c5859b4773480845a5daafff9e5d3183e7804cc71293fea01	8452
core/src/relay/mod.rs	5fa84f601a3a5cc78c9c536418e21462b6f49830dbf9844a540a330d57dd567f	589
core/src/relay/websocket_cells.rs	4227d69a66b35d6d839d59e47b693a242eb8c8ef6512a0243b5386404abdb734	3864
core/src/routing/mmap_config.rs	e8db07138d2e4389dc12ea0d6d59466f1476915d75d4b9f0414ebdfe34607c0a	998
core/src/routing/mod.rs	651986566747646dd8862e29a9b277a9dacd8f9c7cd783bc9fe11c21f910413d	105
core/src/routing/trie.rs	fa46bc4ec8f0d9a79c9c49ad3fd1e5f588359eaaaa3d770b1e859f9a2c8cf0be	3192
core/src/runtime.rs	5d5070e32be960c590b8e1a5e72a538f250fd4ecd17f05a95c1cfded212cddde	871
core/src/sandbox/netns_linux.go	b312d61908edd97b38c586bff7e701cd4cf099da439cedf58a10be72d2618f61	545
core/src/scanner/dns_scanner.rs	35ff9cbb15150ff0b23be76cceb1042eaa458e20c1b8403e5e71aa33692822c1	5457
core/src/scanner/edge_prober.rs	6d756b26063936d02373657a6df6e79c6f5918683c33d79021b1babeca2e6130	5838
core/src/scanner/mock_censor.go	b95f7300a0e4814cceb6a5cbf90a507b0e87f548da6004d219dc198dc261abab	1939
core/src/scanner/mod.rs	494ec93314b600625288a37e03ae9378d410663a379ce42a4cb79055b9c63260	278
core/src/scanner/network_shuffle_scanner.rs	c73be5e19c066b850432ffff34938655a1e24bf2a04ce3682767ddedd9f047c7	1993
core/src/scanner/packet_crafting.rs	cb312decb27264d0f0aac18d2f212166cfd4f9544f4af5340f5ae8d0dcfcfb13	9641
core/src/security/anomaly.rs	f743a197e934f2c3aea3c97a9e328671224a70ff8a4082a0bed93fa4ef4ce3f8	14874
core/src/security/blocklist.rs	913af797639271b42b93851fc345bf85cd8fe7f250f9f6906539596da9cbce5c	8484
core/src/security/challenge_solver.rs	2b21e15f6f3899419ad06fd52738255bc9cd9be2005594bcce720e7035112e6e	16112
core/src/security/credentials.rs	553cabc78a91e7e396652b9e15877d28fa797cf878b3a4f307a3ffd38dc027ae	8373
core/src/security/forensics.rs	ddd2b5ff8cd17b8d4965310589a8fac377cd5490f00123f3baa04aadf7edab94	18976
core/src/security/gov_blocklist.rs	315fe03d3190726ee95a09c8fcf7299f00359753001e036751c92e88c21a0859	8111
core/src/security/idn_sanitizer.rs	70c7325b10d9dcd21588ca8173f3b9fee2125af5b95d3559356df449bbc4cdf2	16270
core/src/security/memory.rs	9f6d7d23e9ad82c0cd9f167bcb302fbd223ecad21980d3bfd9653a8d0502a7e3	9572
core/src/security/mod.rs	50478351bd3cfd2cd349ad5e858f4f65a573bce85636dba7638891b5858d32fa	504
core/src/sflow.rs	c943151c4dc4a63a5a6c27fddecb833d579e52831b068c219f944ca3634a8d7c	9193
core/src/shm.rs	aaf29a98f9ff27e1fad300f0cc7eb91636b9e65323f0b8adfca8b5e3da3e9148	3130
core/src/sni/detector.rs	820973761c4c4ff2ac02ce01306baeca89d714f0aaa044737d43c77e40b414e9	4709
core/src/sni/mod.rs	60a27ee992d47b81df10ec802a57e566bbf04b9f8054b4077846d64b7de6ee0f	405
core/src/sni/spoofer.rs	1872f5463ec182b27cd25a57f76023c9eb1f487296e28f3ff37f4a75b597e552	3079
core/src/socks/client.rs	941815a0d590a1bfaaf45ad4c6a823e5ae989705c692bb5830b881e22659a475	7169
core/src/socks/evasion.rs	115be96d1b164f61844a848c214221c519df9aa015c1dfce396edfe27f82553f	826
core/src/socks/mod.rs	5ac9f27074e05a592b5f9045aafe7a6b11b0b57061b19d11650b425812f6d6ed	270
core/src/speed/mod.rs	d1c5128393b9600de02b83215612f3b2d69da74f981811d9cf6b8bea46c3b688	123
core/src/speed/tester.rs	22d00b7e291ec442e0e719ba2db8e02991bc6c6c1527f22430f561288f4bfc9a	6801
core/src/system/hev_tun.rs	4db706b431531e4b4a78a08823408a68f1f9ffd7d1adc4e0da92cf80c5b482d6	385
core/src/system/mod.rs	c883d4e6507945a36c27f665c6d1fc8a0c2e8b1f05f369adaac93c7779e005df	108
core/src/system/netfilter_randmap.rs	3ef080a47c78fe28ca09742cca831e09a4e12fe63302322b4dee5cc7d7c682e4	480
core/src/system/netlink_linux.go	d5945c481a6c8bbf7a59836e02f19e34bf3dc4ee106bc5fb21899587326462c6	586
core/src/system/proactor_io.rs	5f031015222218cbf49a000f0ffd8602723dd174efd9c0ebacea2825f641e2e7	454
core/src/system/sing_tun.go	c2c999a379b2facbad3c767442ae29c9ffaf98963bdc84427d38840b2e5d768b	529
core/src/system/tun_engine.rs	26f755d9b1f96d27ce30df958b31ec064e94bdd866f416c6406b026dbaedda4e	431
core/src/system/tun_nat.rs	e91c0244a82d87c6a5a5857d21826d1036b72c3e2420e9e3d69c539e4db0ca23	443
core/src/system/userspace_tun.rs	d63f473d086a2102ff5371a9670a7850f6c18d0ce60103c1f4c8aa1aa8cd2340	5939
core/src/system/v2ray_plugin_host.go	e7b6f32b92907d04645233c2bc6973ff3320bab2f91af72135652754ef6863a9	605
core/src/system/wintun_driver.rs	03f12f71c3f6ef1669b60571605fe168b3d1a8f7fc43e0786f0a3b3eb505fef4	536
core/src/system/wintun_go.go	fb9e755b411adeae62980c9211bcdbe2d7512b80566c8ae5646e0e3ade1dd183	511
core/src/system/xray_tun_hev.go	ce50e9c5883b2e57d371ea005626aff105b95b8d6a1b69a1b3306dcaf420d38b	547
core/src/system/yt_proxy_bypass.rs	11d6b3f283218e873bfef33d30e3e7598619562aea197ab48fe7280811fee7c1	411
core/src/tcp/disasm.rs	d941c0111264ec0179bf69deb94c083cf7e89b6e353643565bde5c441dd06144	2434
core/src/tcp/fragmentation.rs	d35826eb653f65e303fd3a3eb2b1d9d0916e618b8d2d98307802b176ae6fd21c	3127
core/src/tcp/mod.rs	23d49a037eedbe5d81493c182ea1fff0b6b97077e21d9b57213e2f28e13680ec	424
core/src/tcp/prober.rs	5bf4600d25f6af321c7ef8590c1ac94204cb6ab594f0b56e1cfd66fa0c58c713	9188
core/src/tcp/raw_sockets.rs	18450235d9a6260f2b3f6490b361bd9d2a3e20f981ef666788079bae20370160	6218
core/src/tcp/stateless.rs	01c501a307115893a67cf0fcbb444d129a532ac330ece672bba55ebd013083d7	2453
core/src/tcp/uring_engine.rs	a50375f777f491616b72546686e5b74b918c8cdecd446ed5847d98a4f922939f	1609
core/src/tls/cert_installer/linux.rs	a8d2c5d201798cf9e625984ce634972eea7e9f5b0667292dd4f70371fb94be87	9766
core/src/tls/cert_installer/macos.rs	a2193cd471dcb536237b5fea9485265f630042d2697a374877fd07384a82645b	4398
core/src/tls/cert_installer/mod.rs	05163a8fa115b6378be7ebe59142f23120291b21790a852d76ef9d1501e6cc4a	5043
core/src/tls/cert_installer/nss.rs	75970c118eaae4bcf1485f581cdcde11e117f2c393f613106540bbd066691936	26072
core/src/tls/cert_installer/windows.rs	3bd37910eb4880a2b0b3903e10898a9823cc20d85b5a39082713fb9ee6a705ea	3954
core/src/tls/ech_greaser.rs	214b51ba981ed63f31f96b4db6b5fc0a67044d062640c210bda6f515e986b2de	2421
core/src/tls/fingerprint.rs	9a99e91ba78434d00e123fa900aa3ece88a68053f392765983cca719dbd949c9	13922
core/src/tls/mitm.rs	164d5b22c61b872fa31b16268369ed89f11e1388d24c49abecebd35b62029b35	10571
core/src/tls/mod.rs	d9d2b39564a40df2442092570ffd7b4939bde84e8d8ead6973ca32f25a2940e6	367
core/src/tls/pqc.rs	cfe2923152e3225ad7fa51a081244b5d4388c5689a09ea905408fd1a7e55ba0d	6264
core/src/tls/prober.rs	814a46f41549d4fad0ef94c63a7ec777537b4da88a0334cd6754134da80977f8	19987
core/src/transparent/mitmproxy_rs.rs	3edae3b51c4b975f1e7822c8b9fe1417d5e427fb8fa5c056a16185c6d8976921	441
core/src/transport/circuit_shift.rs	dc60cb4ac2f8a70bda3cb45f0a3d620a1e323ef1b96c7d22d2c79cd888537b79	15193
core/src/transport/dns_tunnel.rs	4e59853c9cd717e63bc403d0379ce39c65a2b8c99e4b937675fa60e66057c7b7	433
core/src/transport/domain_fronter.rs	f600d48379a79ec352ef9d7c369951ef0d49b116f65c9d58586e6c03465731cd	9398
core/src/transport/ebpf_interceptor.rs	9b1fcd272f9a58e995fbe1466b3335d150b5c4134791dedc6880ef472891c686	524
core/src/transport/ebpf_redirector.rs	89c2abdf4b076f0c9fce513f0b254a26b9a4bace4d56ccd2e1d5df0c1f024616	557
core/src/transport/exodus.rs	093c29d14b422a7026ab54439530f65468b82a284767e634e3993dc02c131ef3	486
core/src/transport/fte_obfuscator.rs	f1fd3cc120dd5d476965cd24f39b42a525cb0c4dd25bc5a30eee59adf7b65006	2332
core/src/transport/http_steg.rs	c57af0936d43b875bff075830fceb6eda37b8cd4c4ccedcf5e2569271458996b	5979
core/src/transport/http_tunnel.rs	41005169364cbd3bf4d6e76a18837ecda47f7aee1fcbedd1ddf2901772dffe99	449
core/src/transport/httun_protocol.rs	c29956db92abe3d4bc6dc827db92eae58ae38b4c4bb0885c13d94a6b242fa90d	7979
core/src/transport/icmp.rs	f2da71aebb3caa98b518885000b1ea9329fc4840850d3c8c955c0c16694cebfb	468
core/src/transport/ip_packet.rs	2650ee85debaf93ff26c8e661ba8c990ba27f87e7bf781fc6e8b932c34e23f11	6843
core/src/transport/kcp.rs	f7bd44994744757200d3a9a7a1371ddb05a1812efedca185dc13226f8104872d	469
core/src/transport/kcp_core.rs	f547f0e13c233d140ad2549a69eacfda556906565bfd24d6984de826fe2f0828	14507
core/src/transport/lockfree_queue.rs	20f5356df703345ad99a70c7bb206cc1c6363e06b8a0d0085d69ceb00fbef8cb	13988
core/src/transport/mod.rs	d6c371edf2bbfcab87c5a4d484f34a8cec0e87836619352a5b3b50211b465fbd	1673
core/src/transport/overlay_vpn.rs	412bf8445ee7cf9d4e056f9af97dd04ef46797dad934aabef40d68ef98a6b7a0	472
core/src/transport/packet_composer.rs	471cdaaf4f5ed2ed8e57bcf084a9776afcd6a3e20fb2ad26702557b0a7c416e4	477
core/src/transport/packet_crafter.rs	fc1626eda8a4333d325f7d14920f3a4b331a8c2c0367b07b6269f154d3df9bde	9382
core/src/transport/pion_dtls.go	fced5dfe3fbfd52bca9afbad7c48ce9d7d18bc1494c65e134061e87ff9beb511	519
core/src/transport/port_hopper.rs	7a65dd5e9c3b21cb90e6220acb945648f0535b9d0c646dc25971f720db74bfbe	454
core/src/transport/proxy_handler.rs	56cb540463c150a26e409ffde34d50da6fdd07c848abb76146e016ebbe3a14a4	4299
core/src/transport/proxy_server.rs	1fd9cb98a48741e3fac5ffb449aa3073590dcec5330529d2cf06a7e21cf62f54	3699
core/src/transport/qtun_rust.rs	5d09428cce978866aa4a3b5222b731631a956801fbab75f24a24b16cc5f02768	341
core/src/transport/socks5_client.rs	ac037ac3bee1920d02510259bd46dfcf13c5d0fbb5b5f467da094da04bdbb131	18512
core/src/transport/steg_jpeg.rs	02b4d78b6a7bcdf1befbcd27e23c443fd9d584cd13b45b3364dc35a4be5e650b	3992
core/src/transport/steg_js.rs	0ad4375831e9f986f19562f38557f3a73c7bb175a3970ea8de457b9dd53a5605	6484
core/src/transport/steg_transport.rs	90465f276cc92c5ae8b8ea07b7a4306e7470e730b44f98a3a22ef798ea9150f8	4406
core/src/transport/stegotorus_http.rs	36d63294173360a86b8f8c61e00510cd87367571b57476c6cbe71fa84a9f8440	8622
core/src/transport/tailscale_local_api.rs	346b373050bffc020204a45a41d3b472890e5c2ae7efdc6121e88a233473219b	388
core/src/transport/tailscale_node.rs	1521adbe7df388432a8c215e13e76823bc56b7c52ed2a8eed7f2c34b5ff52eec	9246
core/src/transport/tcp_brutal.c	a349bd44c0e0ee0778dabdeb7019e5b0a998cd4de02beea747c83efc006e7355	305
core/src/transport/tls_override.rs	ff9a6abb6187b1642cc2debff84860d2841ddd140e08d228c0653924525090ad	464
core/src/transport/tor_cells.rs	effd82dbf942f5f0ff52ab391410da0d16aa5e1a2c6e0f051b25d9ec7e81c151	7166
core/src/transport/tor_crypto.rs	44c7f280c420cd65ec2cb8c5a3c20cb5785f9bb40060a0b65e884535e0880e03	3964
core/src/transport/tor_kdf.rs	be5e9b657b540fee58c3f52eabb833610f65be67f0f2a339173414af839b95a2	10453
core/src/transport/tuic.rs	fd42456f6072f67a7913980647bc5525f4eb8d05500ea19e6c5f68243a557e1a	11333
core/src/transport/tuic_quic.rs	396ec6fa2dd4c9d56e1fb3b5e66f55c118ff27446953c4073189a434af0b89c0	1685
core/src/transport/tuic_v5.rs	2664677a40195bc8fc039a0d2441f77eccc6182db076abc89fc915c0fd9923e9	11143
core/src/transport/tun2socket.rs	3782e12dae4fbfecf7927bfd36fb3894deb2364746cadb38cfcdccd3cb7a95df	9897
core/src/transport/tun2socks.rs	70c6bf21b4a597972ea4c149ae8ad914d04d33a9cf5c81a16cc99c9aca0953b6	414
core/src/transport/tunnel_client.rs	d50165bca0ddbcc80f2eca3f1eb06f8631171008025b22d9c4cb1e25f2de5c0f	3496
core/src/transport/udp_pipeline.rs	de1a87386f648a95765415fa5af1dfacd48a2dc323737f24c1cc0b7f64114687	9225
core/src/transport/udp_relay.rs	25ab3b4f2744d3d11448024d0bbdb7b369cf40227724bfc452fe446c551c871b	9267
core/src/transport/udp_ring_queue.rs	8c17d474763771b127e4d0f7196619cc3fa5efa5be3b1c5f50f636708c91f647	385
core/src/transport/unique_queue.go	f1c8d33a0e6059eb67c4d58256f60f271b56995e7dc1cc1e7946ab0fd1e53782	502
core/src/transport/virtual_dns.rs	9fa14a2882fb8464b4b8e61a54c6f7aac58888be4b5d4f0962995bc91c5c9e67	8548
core/src/transport/wasm_transport.rs	c1847f32d0ff81675d7129cb56a969ced76d24672815f22b1fbaf24f6c63a27d	16865
core/src/transport/websocket.go	77c01f23e1ca2538720a857460ff396f6bb85fcdef008a4a4dab0ce7a43b2aa4	533
core/src/transport/wireguard_obfs.rs	76ac3f65e08a6ed0a7caa829584c052cf19381366c16d201831f8995b521d855	8086
core/src/transport/wireguard_tailscale.go	c0555f75197bcefb388d441d4f7a550020fb524b97d6b8e641f7c7402904af5a	613
core/src/transport/wormhole_p2p.go	636470b3d46f4df4e71b4c6e493b92521c174a5c26feaf9a90dcb54ff504d87a	497
core/src/transport/wsnet.go	348902194bb592406fa84748368c44d64c09a550dec06d56af3a64bfc8270953	453
core/src/transport/wstunnel.go	7d4c1d702656edf71030f04ca79200b8f9fdbbc0755f246bc8dcaec9c9befb4a	463
core/src/tun_vpn.rs	6a5b12368e1cc504022f17c375dd680ca1a259e6f4e1b46fbf0758a0508ea0ae	5283
core/src/types.rs	8f9b58fec8bbea7e3bfc29412ccf785b9ef6c42d1ee3e29c064ad6c99e046044	8087
core/src/web2api/webhook.rs	628ccf83f3910bbdffb31a192fd06a2ed7796077fccec225b923d2eea44f7146	1457
core/src/wg/mod.rs	ef2c73635865f3d168b27b8fa6681c97dc0f86eb126aad52e4abfca1b8901a67	125
core/src/wg/prober.rs	3ef5b0c01d4998d83655a36e2a16ea6c90e4a770c8c234b1d4483f347b5828e1	6822
core/src/ws_tunnel.rs	468aaf3d799719c82643f65d9a350b5e00b2060d38f93d7a458a6f8e21e01a30	5438
core/tests/blackrock_test.rs	8a43ee6915e4d570904afbfd0b8a60f1ac60599f5f5e3d36c83af269f0012c95	1472
core/tests/dns_test.rs	d88c08f9025b0ee0c23f855562c0a8745caafa1245d6a07b25b3f030429edcfd	1041
core/tests/icmp_test.rs	bc30e060c9a8871a72147e4d412fb5974c8673f43522ba8f74a0838744e7be5d	2039
core/tests/tcp_test.rs	ef78af979d8cb8f83edbdddbc289b3becb674b3451d13822e2cbe66e4c493129	2153
core/tests/wg_test.rs	88a1eb36c18cc8d99e0fd356496f16e2110718ffbbdb5212a95dfd16ebbbf6c0	720
deploy/cloudflare/bpb_worker.js	9743ec90e4c1431a5eacf4b2b80bc76c9e19adad6dd6e22a5f7578e2d47bd3c0	5149
deploy/cloudflare/worker.mjs	d8e0133529713bd7b31f1f1d06cc35f74469fd7f91a36f3b180424fee812632a	643
deploy/cloudflare/worker_contract.mjs	74cbf695cab7847ee4fe2b34b18cf0112a1971780b341a7f1dce3e6a9231b43b	666
deploy/cloudflare/worker_contract.test.mjs	9d4b174a0323a302f3bccda9e13888afea04c2992eb122e0338ec1ab270c5daf	6562
deploy/cloudflare/wrangler.toml	d9ce97a2a39fdf72a8c305ec8d19a763b1712ed70ade6ef33a4a949ecf9b0a6e	960
deploy/cloudflare/zeus_worker.js	b567eee3465ee53182e7daf6fedd3ee13d5a26e961d17ce95b303f1214a4d1ef	17600
deploy/packaging/installer.wxs	4dd9219d46f05b3d5360afe89f8052b9ba1744375bbe5e2a10e6ce6847f1eb13	855
deploy/server-bootstrap/l2tp-ipsec-installer.sh	d867cb349b57f22f8fd95658f58c0d71a2189bd0a6d7567250b239c0d959ca69	217
deploy/server-bootstrap/nginx_proxy.conf	3b9081510de0fa2c3c8effefc213ff8ed29b24aef232ea9f4f6905f234e77684	211
deploy/server-bootstrap/x-ui-pro.sh	5b939551a61dc72b35822385978aaf7c2b0c6f91393ba6c1c4e75eb52b6a7028	194
deploy/serverless/README.md	d0ac7255d9035abc751657a432e6c3786651f6c45841aef46fedbaeeea7ec10c	3234
deploy/serverless/cloudflare_worker.js	cbf5ece418e81eb0862cb962eb5d5a40659c9e4eb16ad723377d27b5da0fe984	5317
deploy/serverless/cloudflare_worker.test.mjs	ed324037dde51c20ad07c49c1dfc1de5bd852d4bccd27b6a48b1dc083030ca89	2169
deploy/serverless/google_apps_script.js	7c116660244db632a4cf2164bd44019c2da96bafa5a918deb742a86dd7ccc1b6	3064
deploy/templates/README.md	ca15990bdbb1cb35612d3ba3596bf6857cb99e0f9e8bc80b529ca02cf17e41ba	733
design-system/MASTER.md	7cb2ad77fcce9153459f358c315239bd788dfff34bdf210cb6b00733f2b51831	4139
design-system/luminet/MASTER.md	9bf012811042677696a5dfa544d8a679ecebfb63e0adeab3f8444fdaeb0c95c2	8136
desktop/README.md	c7d218b9b65a395815b68a8e5b55d26b89ffc65f23c816dcfdaaf26a058d0dcc	3092
desktop/android/README.md	6d7a47a5e6ab8704976680548cd198d33918e175fa93b6e96e589144c40b4d3a	94
desktop/android/hysteria2_jni.go	6c1b09c65b19b28b0e2ed22fa22398595554fdc82bca3fc652400f0af6f411f0	1988
desktop/android/hysteria_jni.go	a7846e630fc1aa9567dd71845a7d177004bfcff942106dcce382abbfa309597f	2043
desktop/android/libxray_jni.go	ad8d3524bc17ffde39e5a306db69a66404cfcf8dedd78b3f3f160bd5d2fe46ee	1905
desktop/android/singbox_android_jni.go	44b335270c6dfbdae7e41e8cd9395d2d5eeffcbf0a9a43331d3b82b737582569	1962
desktop/android/telephony_diagnostic.go	d014c936ef22171ae26e273b7a8593cdb5133e12296441a354dc33f6715786e4	2892
desktop/android/warp_flet_client.py	da5fb7d73e031a93ecbf5c50be1901b5d35d9f2fa3d295f4c1c845090def7278	371
desktop/android/zedsecure_client.go	625c0917ddbf95394bf9aeec338c1feff46455b71fc138fa5c846a69feecbec0	3722
desktop/android/zygisk_hook_android.cpp	0e6a1161bc3ab6eec87c7e8c5c887386e2cf5d67a13dc9b41bc69bb173ff7583	1287
desktop/app.go	43d711d82472cccaf4f6f0929f55f9e31719afcd990d309fd670fb1dea71bed3	5900
desktop/frontend/.gitignore	fe718e7babb14f3cbad2d97f08889b9ce5215ed3fe0e43b2b8cfbfb3b9b844e8	253
desktop/frontend/.oxlintrc.json	b4d344818a1e1bf43997e4744a9153c8eef770c98b58229cd86363dabb85ded4	245
desktop/frontend/README.md	fa8aac78b8be1993010b57f41000a243ecba006f6731513fe4ec91e788bf2517	1278
desktop/frontend/index.html	c489ca10e39dee2c944678c7cbe29c05c1464f0d3ad331829be0616dfe292ada	360
desktop/frontend/package-lock.json	24341531823e3bfc5cea5fdef54b1a8cd0bfda590c0e07457afa1f4edb3b9391	61546
desktop/frontend/package.json	cca75ba4d7328721172b012c46dab60b1e61af8c6a9a4035b0e8cc960b2bb076	1117
desktop/frontend/public/favicon.svg	61bc9a161de58248288e6905425d7180f0624c2865007b97d763fdac12043a66	9522
desktop/frontend/public/icons.svg	b45fa506195cfcdef406ba9f0c77b36ddc1a7c224040926ec70abc2fdea7b93a	5031
desktop/frontend/scripts/test-contracts.mjs	d247ccf61e115a78b7d71c36287dd29f39ed8a0f28b12b2f8b9306b3eed88149	3012
desktop/frontend/src/App.tsx	5f94a01dcc315f1a85ed24e919d7e581d3577f2cf1155a58a78954205b9bd61f	1077
desktop/frontend/src/api/ControlTransport.ts	146745f6fa50b011e0407f6dfc4e17fcecb1194fd0054e530bb495ea97b9b8c3	5569
desktop/frontend/src/api/TelemetryService.ts	048e20fe3eb346ece849a55f11c904959e87f2271ff58e1cc69568fa1d58ff95	3885
desktop/frontend/src/api/contracts.ts	b310ccfb2de613aadf3763259010b0c73d73c7dda7faf6beac14ce2f7eb57c69	11348
desktop/frontend/src/components/layout/AppLayout.tsx	405aaf98731ba717c1501dc9419198f254c2f5811d1463ddce3920125c8fcad7	3381
desktop/frontend/src/index.css	30b20d3b1a5e8a5caa91d5e1d857d4b0d1ab881986a4bbf36690154305977650	2984
desktop/frontend/src/main.tsx	ae46da18737fa5936ccced73d31639b86a27d9a005a1b574cdbb1f7ab3fe764b	336
desktop/frontend/src/pages/Dashboard.tsx	cd815e8c3ce286f8e514a1e26381750efa43485a44a32c9eca242e18ae950d5f	17867
desktop/frontend/src/pages/Dns.tsx	62daa1a25fd050d07f5b936a39b807c1afbe3c835ec6ba0e67f50118cdcd50fd	7803
desktop/frontend/src/pages/Logs.tsx	4176d08508e8c3b6094aba470f172066d283cd0465ee885d60c110964abe8c92	3839
desktop/frontend/src/pages/Rules.tsx	c87cab989e9d7f7236c444c27d45dd51fe2cbddbedd8f32c22d4e3f329b4b36a	8527
desktop/frontend/src/pages/Settings.tsx	38cafb89ec499bd889c3af943b9ad20e6ea396971de7d71dc12153c992504205	19917
desktop/frontend/src/store/systemStore.ts	6751eea2328c4cf2e61904720de0d8c612024a36cc6f7bf1acd08c6409664e53	1419
desktop/frontend/tsconfig.app.json	ae5efc06527ff0e6ec16a3c2058e811a235eec4be4c03b01c328443d8baeeabe	750
desktop/frontend/tsconfig.json	770b4140bbb581e2dfd9ea9946ffc9c75a1d86ba7d2db5f77c83e37cbdf9d808	119
desktop/frontend/tsconfig.node.json	d366cc0827139db39c61815f22491bbfda56c654354a42ad7795143d314e45e8	558
desktop/frontend/vite.config.ts	9b1884fe47c0e9c3c40ad61a0e75fa0bc3c61d43e808219a8dd7789ac40a2b51	247
desktop/go.mod	1e81c6a308847575af138001b5b457fceea71d1956aa637551dc76eff40f359c	623
desktop/go.sum	8c7b0a4afc56a7ea328a2bbba15408e5aa63c488878e4ee2f6ad8711a846063a	3473
desktop/internal/gui/layout_builder.go	0c68e611f4a4231beeac6ef9c4df5523fa554e7858477db10402ddc0251e05bd	1459
desktop/internal/gui/layout_builder_test.go	d03b14d16a21d17fa38d83f5ddd343f5e6b3259175a3d1abe92cce86f9abed7f	976
desktop/ios/surge_pro_extensions.swift	00946497c6d2138d9ce39f107dc6108f70656c1cb0c041e62ed46c7bc377c772	294
desktop/linux/openwrt_luci_app.sh	43979ef059b7b635c1ef52e2cc891513ed8b142dfcb3033c8e09c55936dbc858	223
desktop/linux/opnsense_shadowsocks.sh	076e6f877001d03be51369fb5b64ee91cd2c0b247409d8de4f3755e3036b58b0	233
desktop/linux/payload_editor.go	debd5d549d9dc43496cf23964d50193d833593f71771982a7b32ca3a4e25cfe4	3624
desktop/linux/rlimit_unix.go	fe4974931959a418e79fee7985aee7349873686a1f82a48af1049c0f636e83b5	871
desktop/linux/rlimit_unsupported.go	002ae694e9a30bb4d90a969a1b6a4f6ba8f71aa3dbed79520e8281bff42f1570	327
desktop/linux/v2raya_web_gui.sh	ca6d73b76faea394b2952bd6a79ff3a6f69010ebcb965cc6ab125d22ecee9fb3	197
desktop/mac/gps_simulator.swift	2ff851caf1bc7921e2a9e8258592aeed6174d02775a6c07e12c25ddc64a34455	272
desktop/mac/v2rayu_client.swift	a007d4f10efa35d0d20d4070dfcce58aa192c2e6ddfe2a69b0c824f2dafa0aa7	263
desktop/main.go	25f8b0ec65d2ac1ace1d92356e101bb7217288f844f3328bb602e596df9efb5b	5388
desktop/main_test.go	81d9c9a96a6381e87ba8f599f957dd1ee3668615ee61826278c1a1b11bf678c3	3089
desktop/manager.pyw	8faa5e1c79a2be5839d6077864136c9523ee515b99e3c219bffcba11437952c8	1019
desktop/sys/sysproxy_win.cpp	1b5c102fce65c7428051ab2adbdf9160cdbbad5aef42c7ac357613a3f8d6ae99	303
desktop/sys/wintun_driver.c	f37cf8c09d2e3a9b0347aa4ca48de5ace44f72de17a846f46a253d86244138d7	289
desktop/wails.json	fd7fd14e8f560fd969babdc123e906b3bb406c678bab18baae4d3296554a596e	1086
desktop/windows/vpn_proxy_client.cs	f024eb24a314a49d525474b4fc43c97d96d1bbae865dd8fba8d792873754427e	436
docs/FUTURE_EXTENSIONS.md	1e25f3df7e556770c1fd3858c61caeada0f9bb002ec5dc23687612dc692bb156	2216
docs/README.md	5394cfa0b8ea655add9f844a2589dbf5ce169cf62c8d005e25cf9bac95f26e7a	2500
docs/api/README.md	a4140d7737a88dd7460ab817501d3a2a55a579eeed620d4212207f159051424f	7319
docs/api/current-routes.md	d1fbd08501e6f025cae0d1e56bbf7bcbb98740fb03ef17ad29ad2f0bde6a0512	5144
docs/architecture/deep-module-opportunities.md	e489b5d59e2c1d686c7a946a348f93cf057befa6cbe9b262c35c227dfd5c1303	3045
docs/architecture/evasion_protocols.md	e82e03d18c20cc4ef6b90997a299bb61adccf8df0215749729b9082b79dacfe9	4811
docs/architecture/go-server.md	767b2b067bc928a15c61496c2dcd04e5fd2e1365efda035230b81fccce71615c	12408
docs/architecture/graphify-first-party-analysis.md	80ecd8e3ffe00d1c24b95f19cdb894dea91640c1c808a8e6aad627b1efdb1fcc	6218
docs/architecture/graphify.md	f777b76db6a5a64f10358b6004491c74b9199e512161917b56c90ce4754d7ae4	1075
docs/architecture/multi_platform_client.md	119650d0383bcdb9379eca04dcac36d8f92fd06ead91d1ae3780afb6bbea7129	5414
docs/architecture/overview.md	3b6af2b339315e3bb074f1036771e5585255698fedeeecc54d73e5797352a5aa	11381
docs/architecture/package_layout_and_runtime_flows.md	6a0dcd61740dabbe3c89309d0eb1b9d4850aff2897904aa89032c8d5dd35437e	13795
docs/architecture/repository-layout.md	1e9022dd059cfbc1ab79c316744bc60eca7ae748a768dbe8f62b1c1b262f70df	3420
docs/architecture/rust-core.md	28c1bc2699c448700a91d8ed5d19271156bd70c7d7e99cfb8f666b42ee95889d	10111
docs/architecture/subsystems.md	29f183c0970671875d52222816e87b6546b94271b74a895183eeec5b0a300919	4049
docs/architecture/tor_protocol_conformance.md	d332668d8abf339214ae5854fe367be63db0014d04c4c366098033b9efa7d9e5	2221
docs/assets/screenshots/dashboard.png	3636f6ab8380c178d075e52de1c976d96504e7271000569287e2b8960761e056	87186
docs/assets/screenshots/diagnostics.png	dd1a75cd2e5fa6bab01ed56227e331233320340937320ccc75c905f53e61184b	93914
docs/assets/screenshots/proxy-manager.png	ea0fb6fec3d3689e27a9d2d732bb65a31b6f187fb5a3ff174ecd8633aff1cd62	91397
docs/assets/screenshots/scan-results.png	fb1a1b48df78581ec3ba112646199de3750dae6115f6b612caecb15bdb45e6a5	90303
docs/audit/2026-08-07-graphify-hardening-audit.md	4f90b6b4eea4d87481ca6b6bd28ec973d0e7bf1527cfc5a47fd075d45024fe2d	16421
docs/audit/2026-08-07-project-audit.md	aa3b5325ea4123eb6beb6961967422cbe0358b5c763eca93e629eea90f44f5a7	6153
docs/audit/change-manifest.csv	e0cd15ad39bb0d34624f384c6db6c580fab3823b4c12d829d07f7c829e623283	1395337
docs/audit/change-summary.json	ace4da88c439b937313b31c09fb9ba0cad2038d703e0146ca46913235a28f786	445
docs/audit/current-inventory/files.csv	aa773e540904ca4cf97e2803c217b95c6cdd0cc154ab722529c451f4337dc399	274075
docs/audit/current-inventory/summary.json	7371a2d8a91a6276bdc5e4bf91858e88ba1752374eb7f44c859fb58a46089eca	60
docs/audit/inventory/README.md	bf09265d94c5c0ac91805307d6332a07d0101c0cb5f0d07df10d9bcc9fb09a80	2565
docs/audit/inventory/duplicates.csv	b0af83cf2c78668d7d46dfdea906fec30d142451ad8c608dd85228301c558fa0	21647
docs/audit/inventory/duplicates.json	433aaca91dbbc0a930718e71fc05fbc476ccead4ac8744f1dfb2409738df42d8	30106
docs/audit/inventory/files.csv	473dd66d2ed3e259971736ea581dff93c89366319b93f60df58a8c11267c3f97	1482051
docs/audit/inventory/files.json	45fd829837f60ed1ebe7687550f7ae4a98eb60c4f63b76959b15f6ffbbb4a081	3154180
docs/audit/inventory/summary.json	4e436b41d8f51c8fcc2aa8bd72e58bbedfa6ebc5873b615b5c650c97661604c8	7257
docs/audit/inventory/tree.txt	4222fd4fd60a2fac483df3330756d441ec0bd6a5141ceee1f82043d6701a0166	235813
docs/audit/removed-artifacts-summary.json	bd2f6a424c68183a469532ffc83e0239b7b251b71c34dc2481fcc66cbabc0c0e	307
docs/audit/removed-artifacts.csv	05784475be6ae781b991cc7015c099e3bd57c2f6746669db83ed0a4c8918f8d6	1066994
docs/building_and_toolchains.md	ac16ec55e9cab52d6c117382c9aeb83d4ac04e2a0a91df45765fe88740d00ef4	2943
docs/current-system.md	d33f37bd3dd18229d50e61464d886aa0e78d62b45bcef4976a43ad45a8c11674	6781
docs/excluded/dns_scanner.md	7395e89d4aae352f9c12b54af1720fcb9377c3cfdfcb580904b1480ac1332b97	203
docs/excluded/freenet_git.md	e2791abd21d88bdb422ad4c159d711a67a2c340c2ac7328e0f17631a9907a7e1	179
docs/excluded/freenet_p2p.md	40910650c42c37fe74fe1066cbe3b064e937bdee3fdd32a3bdbc3420069a817f	217
docs/excluded/mihomo.md	4770511735c609a83709927383ac05128d7207e00b0d8450531eb69a3bc175e6	201
docs/excluded/multinode_processor.md	a79d36e9d6af69cb52252ad8729708e31e12646f4355b16d30625aa6c250d401	184
docs/excluded/nahan1_worker.md	14394096d202e8d80eebc40171faa423f9dedecbf4d19856f146db5a9b4e111e	2162
docs/excluded/netflow.md	75dee9feaf19eeb0f0091ab6307462fa02515a0a0285b5096dcab6e454a10824	176
docs/excluded/node_http_mitm.md	01306437862c3d12586e43d9f7f12fab5fba059df2dafd2a80f743a0c309997a	167
docs/excluded/panel_docusaurus.md	33fe8c45f4e503e4abbd9f0e79e964ff4356cd0a61aba4311e76f52a886017c5	141
docs/excluded/proxy_yoinker.md	e71f830dc543da219e39168a498d3b423e814e04d577f95346e082c5839c7565	156
docs/excluded/tailscale_tizen.md	a9c089602c041a07e359024c69d3ea4da42aaade936de04572b36ba23ca97010	168
docs/excluded/terraform_tailscale.md	159fcdd00e8e299f612714a2b9fe71c8fef82d5d36a4a8072bc38f25ca5b9ff9	198
docs/excluded/v2ray_client.md	fc7f8dd3e586636b2becd04fb7ca14177ebaa6711e9805955d9326a5153a961b	1604
docs/excluded/v2ray_for_doprax.md	1f721a5027c8875dae83289b65a7dcac878c6267eeca2e25a19d861a0e5ed6ec	816
docs/excluded/v2ray_rules_dat.md	05050917f55ae7fd3724ba8580429dc674073073a542903e6debb274c3b495d8	222
docs/guides/cli-reference.md	f5cc4304bde7c901b20367e6c47d9cd02cd12b50de1adc32944513654606400d	9905
docs/guides/development.md	8dadb8817335ccc264bdce3403ef4efefc7746c346a6591acd6e08575446f49d	12450
docs/guides/native-ui.md	a532e9d91dbdf50629e8fc45b74e81f958204c17b27bee3e0e317a6c41ba01e0	10452
docs/guides/quickstart.md	e97de7b66d024a40190e852d034da49b22a717562bdc9840940a0fe82c4de01f	7907
docs/operational_playbook.md	32ea2685190655f86e4b644a40a6b37bfcceabeb80651bd48257ea1c695bc96e	5244
docs/plans/2026-07-29-001-refactor-luminet-consolidation-roadmap-plan.md	a0c60b017ef92c2fd5f381128abf3eb1824bf2e005aa888d9de61886035393c9	76236
docs/plans/2026-08-07-repository-recovery-plan.md	cbc87dcc376018344c06ccfac48e3593435e00189d2edf437556a47720a02fd0	3378
docs/plans/2026-08-07-runtime-hardening-plan.md	c4e2cf88c3d00f5f7788b950bb642c21c33317576b6ef01ba1e4e63972b3967d	14870
docs/porting/README.md	aecd4c1eb7352fb41b0ece137f5e101b37533ba65303bb6d469f5ddfae5d54e3	465
docs/porting/archive/LumiNet_Master_Porting_Compendium.md	31ed572420921fa64fd772b8af1ca3089e6875a685d937b434740acf130d802e	249095
docs/porting/archive/LumiNet_Porting_Investigation_Report.md	c5a41acce08b9b2e2990a993c0fc924f9c45cf9670db4f6916fa2e8c6ce9362f	140047
docs/porting/archive/PORTING_CATALOG.md	0303ac1e44fa9dc8944aa098e4292ce7ded9a0d8f6b45627f50ab3770d16e270	68962
docs/porting/archive/Tor_Porting_Investigation_Report.md	f2dfc69b276118bd36f53df575ee0844311fad0fae02682965efcc726c18b996	10277
docs/porting/archive/legacy-client-ui/README.md	18a10f82ba644f068d45b1fe3b8d9d7d45309cbc89c97e6dc9d593627b7881e6	664
docs/porting/archive/legacy-client-ui/components/NodeGlobe.tsx	6776b031bc9aa9876d4d5bfa5ecc38c9264b6c50c544206bd93a68501944cab3	3311
docs/porting/archive/legacy-client-ui/components/VantaBackground.tsx	d65a1110a4e16c8d7ca567988a30c92c801bf1b86e0a40c46d15c636ef7c0e8e	1527
docs/porting/archive/legacy-client-ui/styles/design-tokens.css	3b560c12aada66d253132075b23ea6fd50f571ccbb0c63251444229dc1fb7029	666
docs/porting/archive/legacy-client-ui/styles/glassmorphism.css	634b8f51be7c49c0ce3f2aa7f7213e70973cf9bf9629f3d37000575db18c4d72	1067
docs/porting/archive/porting_progress.json	a75b74e27975baa52aeebfa17a5b3a65fa825b8e8d8cc85e693046c66a7a0a20	17494
docs/productization_and_market_strategy.md	755ba98485eaa4f797b3fd1a40069ee5820a2f6fceb56d6f3d69c8e2174ffb2e	5896
docs/runbooks/tpm-migration.md	20c761af5c538ac274835590077482920d4239144febb27f95303e93de4c0f60	3409
docs/screenshot_control.png	59bb5f9ac232f225093b312e62326ed124b6c2e45c2e98d2d1bf0bb8c55afead	320954
docs/screenshot_covert.png	2e894b942c62d22258bf85f88b8d8f55d35c4af508516a8242469b49f4dda390	264286
docs/screenshot_dashboard.png	957eef94ea669b4ecd74822724ce2737863514be434c0887d629d2b13673f077	310372
docs/screenshot_diagnose.png	4d9828c86f331e6e9b3580cf2372720e78c887dc401accc61165052d5c57164f	265566
docs/screenshot_evaluate.png	24e07bf35810d3f92bcb9f792b9916a0564575cd651f9c3cab7222e35a6f67ef	308822
docs/screenshot_operate.png	b2820e67d83356cdd70b6961bccf21d285f66a0a09f7bdf4beec3ff06305aae3	271237
docs/screenshot_overview.png	957eef94ea669b4ecd74822724ce2737863514be434c0887d629d2b13673f077	310372
docs/screenshot_scan.png	0cc503dd36e23b4f1328297c4a716f8ecba8e6d4d434d099f930c740c0066af2	269634
docs/security_and_concurrency.md	852fe3e7acbd6871c977ec2a0e64b456edce97825c800f6523515495797760d5	3861
docs/superpowers/plans/2026-08-03-luminet-go-control-plane-refactoring.md	7c3b114bd5c446f5aea164d3bb2b7762cd79530308acbe14db03c097f59e5a6c	7638
docs/validation_and_audit.md	0a926e2186eacb7918e16ab851ddde519260b825345d19c986fc24fdf37dff1b	6920
enterprise/relay/fixed_http_contract.mjs	79dbb77f20fc0d7ec2a644cc861f2fdcf4f5f61f9bcce749f63bc65f56b3cf7c	2641
enterprise/relay/fixed_http_contract.test.mjs	1f368402beeedb747d366473ee7957fb603e05516e14e314b8453614ce3eceaa	1936
enterprise/templates/apps-script-relay/Code.gs	cf0eaee6f2279e1ca5967bb0b8ba7abcc8277ea4a10a96955e4cd7b43d777553	5368
enterprise/templates/cloudflare-worker/doh_proxy_worker.js	ee3c172fa7659a5aea96feb75ff31b8ee0e8f658e79d648255014fa6a2750680	29929
enterprise/templates/cloudflare-worker/ip_security_analyzer_worker.js	d45726c4f90211c93ef63644fb4254467ee8d0430fac45db46be489272b12f2f	53508
enterprise/templates/cloudflare-worker/nova_relay_worker.js	c20e75d4751e66eeb18902ffbb80afe80a729359d83f910a559a6d55f3859741	10253
enterprise/templates/cloudflare-worker/worker.js	0d344d3c9d9832b131d5b9b904276913afc46673327ae2159a4fd0ddf4dd8d5f	5494
enterprise/templates/cloudflare-worker/wrangler.toml	947d25da91114b1586f147e36bbd363f6310e4fd166f13d2fdf2089e702ad287	723
enterprise/templates/telegram-bot/bot.py	42e9b2aa10063e0f5fd3de812aaa9a5c4bca2bf7f46353510b75645a2d11c0f2	8654
enterprise/templates/vercel-relay/README.md	24a4f7b02d75af5c96e47f4c2a1f7c53fc0ae0a95d8b521df293eb05c05aeb6b	37784
enterprise/templates/vercel-relay/api/index.js	c017880da8b631e9e56aff5ee89f3cbd5fdaec4de2f998ab0a0a4b17b2cea37e	2938
enterprise/templates/vercel-relay/api/index.test.mjs	a5f52edd28bbf8289cd62be6d905021f2d758cc9b91efb762873a0d24c0d60d9	2047
enterprise/templates/vercel-relay/package.json	883bc6eddbcf67c6e8b9321d7dbc8d23265652051711da6321cd955ec0b3f4fe	206
enterprise/templates/vercel-relay/vercel.json	071c1ae1da67322eed9fdb50206b6923c31f4d3177db07862d097dd1abe8ad9b	241
go.work	3ef3f3b8e9e6b93528e937810e711687a1270bd7636c6879ac458549e7fd06ad	103
go.work.sum	94c5b12ff4f5132aad1779d5d1c3b480393a6a06310f918729ecc7051626c8cd	53354
goal.md	6061a62edf175f002409182d9867e2b2cdb67fdde92d07814ffe589a0150eea9	2602
luminet_core.h	345d300dfe0f6b60f854f0bf4ada27cd673ebefde068f3da5eefc3300ba54ebe	7578
mobile/android/README.md	5c8bbb9dd41459ce887ceb6b50ac5413e224b94a95466c9466eee426cee0e7b1	797
mobile/android/app/build.gradle.kts	ac885f540fb578ee0186be7058b661c709013a8cff893477a8013a3eccea0c84	1139
mobile/android/app/src/main/AndroidManifest.xml	ea4d71a5d854f3a1c37411fe52c2ca03894b6785c9abde3d22fd82ad6454db4d	2819
mobile/android/app/src/main/java/com/luminet/android/ConnectionMonitor.kt	7ce3045a53398bc78bffa643075e2405753dd1b5e0e070c953fb9cec7111e7e2	9546
mobile/android/app/src/main/java/com/luminet/android/InvizibleDaemon.kt	0970e030f298c4ed674f3f5bce8de7cb4130e6693ae2830cb27a263a3e4ce71f	9024
mobile/android/app/src/main/java/com/luminet/android/LumiNetActivity.kt	b9d7f463754c4e60b8a7543f9de73cb6169f389107ac4057660dd19096bcacd2	2565
mobile/android/app/src/main/java/com/luminet/android/VpnEngineService.kt	880dbbdab4eb8c606d004ab7aca570bbcd18c840d59220b402e1293ddce85bd1	8589
mobile/android/app/src/main/java/com/luminet/android/orbot_vpn_service.kt	68e9dfcffa719fc2da1f0a7d5a422353e12d1eaf013198a8d0ac3442b2c5365e	14259
mobile/android/app/src/main/java/com/luminet/android/whitedns_manager.kt	ad1b6c6ae95ae9d8d930a2ec7ab34a6ebdb11db56dbd2a9e8ab5a132ec9711e4	2532
mobile/android/app/src/main/java/com/luminet/zedsecure/CleanIPScanManager.kt	dea4dd6dee115b37929c06413bc05048ac0767a9d618598c1069a456fcbd99fc	10009
mobile/android/app/src/main/java/com/luminet/zedsecure/ZedSecureClient.kt	ef30b9fd7cc6e1cc21abb2f955e116f01907e0b398777e985cb3412919541295	24450
mobile/android/app/src/main/java/com/maybeknott/luminet/internal/mobile/OutlineVpnService.kt	b4feb1c7e6e17903c7c8ab1234832aca8faf5316268eff51facd912d7dff4c1b	5795
mobile/android/app/src/main/java/com/maybeknott/luminet/internal/mobile/WhiteDnsVpnService.kt	20174470b84627b6e848bfeaa5209b46639955ed1d73e6bdbc6d31a60bfc163b	4077
mobile/android/app/src/main/res/drawable/ic_luminet_status.xml	b3eb5676c03cc1d4a90995b24aaac6a8e0687c456710bf2fd9fbf68819da57be	407
mobile/android/app/src/main/res/values/strings.xml	bdebb0a9611311b9d6c1f812be0ce9d693cf0d661b5699b0aea08b1046c42b18	70
mobile/android/app/src/main/res/values/themes.xml	77fa4e0b01e3b1e5a0ca857278959e8ec2633a1443b9a2cf2b82d6ceb2ef5eca	241
mobile/android/build.gradle.kts	1c3bc1c3259ceae38688f2cd78618fc3de9638393002c202f95df0efb6d3c2b5	149
mobile/android/gradle.properties	8248c4a16d1ccd10213a27ab96d6d27acbff9b93c01b725c940e4071da6240a5	133
mobile/android/incubator/DefaultNetworkListener.kt	92db436fc7b492648d3da0385f06728a1fda7961881cb7ca777e89b338c88c0b	7007
mobile/android/incubator/README.md	35d6ba605d7cb9a0b412c88ebd1fe0d98864b91a3422334300649b6099de7bf5	512
mobile/android/incubator/netgovpn_client.kt	d87696d5a866de181c9469f0bfc917b231d90657e6231e153a4f22f9bf85d805	276
mobile/android/incubator/okhttp_doh_client.kt	57822b48b1ebad3772c3766bf84a91a1f2dafa59afb9feadffe9e29a70601a79	302
mobile/android/incubator/plugin_system.kt	0b8a80aad945002e3b05475aa937f89bba4ce4808e660c65024afd0b8ad3118b	309
mobile/android/incubator/qtun_service.kt	8beb1ad1af6d399d4a549fb8a675e27988a5a3027e09f7a6c8c7cee7bec59dcd	272
mobile/android/incubator/rethink_dns.kt	398d4e7769013b23011981d0abd030b61272be191b50c6e511b02150c9796495	286
mobile/android/incubator/sagernet_profiles.kt	f369a5fdd515225f49921d68e4811b4a9288e73108d0d2cddf5b21833d2212a1	291
mobile/android/incubator/simple_obfs.java	f1c83d26ec8426ebd3bafdbb0d92675b1d746fa9a0c26e38c84e1269330a57f4	291
mobile/android/incubator/tailscale_vpn.kt	c927e437834022598cc4d299646362834a1b6e0afbcd3461bd0dc6a080d32c66	290
mobile/android/incubator/vpn_engine.kt	6a654c30c2f69087d57e4e0648df9051ffaa23ca3bc8a51ffa3b7ab017ad8e31	295
mobile/android/incubator/vpn_profiles.kt	bee2bc72395791d501df2ced1c71de8f8a52958ab0aced4c4cf5684a92aabc88	271
mobile/android/settings.gradle.kts	aa5d0c729df13845d28e42bd25811a87a383e703cda43aafe1229700dfe429a9	334
review-stage/README.md	07e576042b01ee89626685f80ae88779f8ea002a87a25c390a96069eeacaa193	894
rust-toolchain.toml	0c9b811689c2817b6404b2858b3e8f7aebf513af379da94774521025b7008863	86
scripts/analyze_to_port.py	23d39ac3e20e9a8bdfc702704d90cedb0343ab5c4b082ca5da0ca130a4838b68	5492
scripts/build-all.ps1	131b006f648c5238c1578e7cccbcba3e017c15e73e441cd941eef8105885d763	8383
scripts/build-all.sh	efead4bdb1f9bee0c6909f0f56482d5adda556d2a04d9dc03014c4e4bc82d5c0	7179
scripts/cmd/generate-provenance-inputs/main.go	cae7f3fb1a0915cad09f6a18db2d5cbf54191f3b4cdba14d89f33a3408826c58	1909
scripts/cmd/validate-abi-manifest/main.go	9e0bf72398dcce3c74880b669209b78dcc98fb44f479b256ecdafbd9d4336622	963
scripts/cmd/validate-preservation-ledger/main.go	09d35e447d17c98fb1bcd5f375459b9151bca5aa2c7e4e5eff2add718fa36926	1461
scripts/cmd/validate-provenance-ledger/main.go	d52368d7e6d80737e8131a2eee0449cc802546354188007ce18a6dba8ad04ba1	1665
scripts/conv_parser.py	f156218428c6fc2e293c06747e0d2d51b60ef52ec3711554629e4d3cfa59d0cf	1494
scripts/dev.ps1	f4cf48f1854e4e94b5d80bd8eca6bea10cc44ef987aa58219133937e3b1d3329	6305
scripts/dev.sh	dd22bed8e1a57ce0c895bd206b80190baaad7427165cb21eed6ba69a0f3ec9e4	3661
scripts/dspy_evolution.py	9156e4c67ef71e549f4e9ccab8233704ab042e09ce5d496ab97529e7f877ea7a	1157
scripts/fetch_windivert.json	7f8e46a2f5717ca5ae1f4f55fa829cc8e990b4f8dcafcc9e672bcc7ac98bcea7	2421
scripts/fetch_windivert.ps1	1374fc77bacfd9dbc2f2c894e259a97543421f4f5ee3e6324cfdeb89f1e07223	2765
scripts/go.mod	59e60b0f2db7ebff2fadeeff5fb98bd87bc8b3a6a9d41e3e8f25ccc1774a7ac1	144
scripts/go.sum	63c93a009db9ad922511c645e7216a59837b8c33aec5f77a8fab84ba01d0a13d	527
scripts/graphify.ps1	dd2ef5aadb75bcf6422cf944ac35725f31dd6250c2af99d33a00e3474640f878	456
scripts/graphify.sh	057e22818336c43509f527a9196340711fad1379b9cafe06e27691c051834234	473
scripts/install/README.md	4675d3934c25d7ea7c0692a8e3eb43959dbf91acdfcd564061eb17c1cc7977e6	2027
scripts/install/luminet.json	687450e6d7de3758f92ca309135107b6bc66502ff7fc7ed0c421c0b6e031419e	2844
scripts/internal/abimanifest/validator.go	f11338a2ebeadb8880dc6ed3271efe97f1b7bb744e0eb6a56813cc25d4d6be87	6761
scripts/internal/abimanifest/validator_test.go	654352fe794966e9cf4fba39ba6daa3f0edcf420437c59d1564d92c905208f22	2136
scripts/internal/preservationledger/validator.go	787d0b097f06b88436cf41f242a31dd70fc0c828555d7fe5e48d869c4b27a818	19172
scripts/internal/preservationledger/validator_test.go	eba1019b5f8b632800ce599de72c90898c96821b5bb72a852e58b5da89e8e618	10903
scripts/internal/provenanceledger/validator.go	00977c123c2725df9bfab604223e2578f642a011658a2f9c2046b75717e00146	17809
scripts/internal/provenanceledger/validator_test.go	64b7f0a1793559011eb3b499286aff59d9fb9d4fcf40eebc4bfe2ad98e5b8a55	16243
scripts/mobile_bind.sh	9198e2b267e894ab00c9356e69a8f98164758f1d56f5a412a2773f335a7125b8	1580
scripts/repo_audit.py	475cf307f488bd82eec539253067b25c46cd68f2025701f155dc4be1f16ef32a	10071
scripts/repo_inventory.py	07c990dcf1ff2ce3cb7f790ec49e25251c973537fe6afbfc0a4fd7ba60e79709	1164
scripts/scoop_paths.json	2b68ec62fef770ff615d0f7df01e8ba63d9f6842b88f61fe75addb6fe5447e17	819
scripts/validate_abi_manifest.go	53aa8dc89bcbf918513ccb514e13bd19cd9430c6d001b57c5137cdaeede3050d	1014
scripts/validate_preservation_ledger.go	7dc6a39d63c920f111ad5e421dd6a84903b182257d09ae6241cdf4ed6f76ec73	1275
scripts/vendor/github.com/santhosh-tekuri/jsonschema/v6/.gitmodules	b4a2963bc20a9f02d67176c5632f17647503fec12eadfb8cf5264b0163c8957f	170
scripts/vendor/github.com/santhosh-tekuri/jsonschema/v6/.golangci.yml	aca21170ce3b133731765a13355639b61f5611ddee375018da4f1dd667db0f44	88
scripts/vendor/github.com/santhosh-tekuri/jsonschema/v6/.pre-commit-hooks.yaml	2813035df78f20cb817ccc572f61d240bd33d5f429d7d2a9c60124767d7db6d5	201
scripts/vendor/github.com/santhosh-tekuri/jsonschema/v6/.swp	5af4a53d9bfe0e29bcacc1dbce31977b955f807fefb82fb846df4aea2683354f	20480
scripts/vendor/github.com/santhosh-tekuri/jsonschema/v6/LICENSE	c8858a5a76440bbca484e134cf7df46385d090dd18b2c58e650f939258802e5b	10141
scripts/vendor/github.com/santhosh-tekuri/jsonschema/v6/README.md	4f91bb301e767b199778c85002aac8f552223d4ba4f54127b6288a5fc1c047a4	4329
scripts/vendor/github.com/santhosh-tekuri/jsonschema/v6/compiler.go	70866caca3a796301c74dfb2a963d53809c0b94c3dcbcc7f8ac5f8f480856b76	7942
scripts/vendor/github.com/santhosh-tekuri/jsonschema/v6/content.go	06ab11a570b088691c5526f7cff82879532ca4d07b3438ea1d2903cd426d8ec2	1133
scripts/vendor/github.com/santhosh-tekuri/jsonschema/v6/draft.go	bb436dc7f6070066e621cb1bb4b0da0a7e1fdf09e8563443885713cda2cf7dd2	7979
scripts/vendor/github.com/santhosh-tekuri/jsonschema/v6/format.go	dacf3994db42d26acb052b8afdb6ee5f87654f68f6a84663336c8debb71e84be	16977
scripts/vendor/github.com/santhosh-tekuri/jsonschema/v6/go.work	1d10f5de713051a5ffddab1510d1b08e8749b785dd620be203ddbfef92046365	98
scripts/vendor/github.com/santhosh-tekuri/jsonschema/v6/go.work.sum	4c9ca6fea76961680cdb1865ecfdcf7234282173f471c0ef3cdd96aeae3bcd4b	342
scripts/vendor/github.com/santhosh-tekuri/jsonschema/v6/kind/kind.go	0cbd8d7ce51707db288d4f3fd8fe772a3f77961e2833883f220555a2b0ad22dd	12787
scripts/vendor/github.com/santhosh-tekuri/jsonschema/v6/loader.go	e5c2fb9641a9170e1110f12ba4c05d427ba5a947f5d83762862b937492d15071	5268
scripts/vendor/github.com/santhosh-tekuri/jsonschema/v6/metaschemas/draft-04/schema	5e4a46b433800681b8da4911df61cd72212d5bce2839e1c772e2b99a89fbbf09	3251
scripts/vendor/github.com/santhosh-tekuri/jsonschema/v6/metaschemas/draft-06/schema	bf7460259b94e8291eaeec1b077f98caff3d16df17ee2a99208f74f1412c4932	3195
scripts/vendor/github.com/santhosh-tekuri/jsonschema/v6/metaschemas/draft-07/schema	943da3dc9a29dbfbd325aec2ca01cfd6304a1cd53fde2c9775bcca6523f6410e	3656
scripts/vendor/github.com/santhosh-tekuri/jsonschema/v6/metaschemas/draft/2019-09/meta/applicator	c18c9d8880297184560f6d82a2fc035211630474d1b2547feaccf221b9786211	1511
scripts/vendor/github.com/santhosh-tekuri/jsonschema/v6/metaschemas/draft/2019-09/meta/content	03d8e25955252927e34016e03f51297475ace9de4551839d1b54c9f5736ff6d6	464
scripts/vendor/github.com/santhosh-tekuri/jsonschema/v6/metaschemas/draft/2019-09/meta/core	a3dfd7891bc6ec4a0147289bc99de4cec2a84ff542b2edfac6de95f402907503	1146
scripts/vendor/github.com/santhosh-tekuri/jsonschema/v6/metaschemas/draft/2019-09/meta/format	708bad3c6cee27e8c0d5cbf26e41eef6f1c56fec5f91b0eaa471ef2fc521d463	363
scripts/vendor/github.com/santhosh-tekuri/jsonschema/v6/metaschemas/draft/2019-09/meta/meta-data	a72a0fbc2272d9effcc71a159f9c92f0ef4417c0f1677f515767de77b5238a0a	689
scripts/vendor/github.com/santhosh-tekuri/jsonschema/v6/metaschemas/draft/2019-09/meta/validation	e1a3128accd99efc4cc198545479eae1548ce303a96810c1a0a28f022f0489a2	2107
scripts/vendor/github.com/santhosh-tekuri/jsonschema/v6/metaschemas/draft/2019-09/schema	9591bb2cf00ab32193870cb6a2ca4c32ae89e254af154f4e971c61a6ee82da03	1529
scripts/vendor/github.com/santhosh-tekuri/jsonschema/v6/metaschemas/draft/2020-12/meta/applicator	3b4baccc121371207bcb2d3137b9b93a251b2029df85ecda0ca625ecd1ab9b30	1427
scripts/vendor/github.com/santhosh-tekuri/jsonschema/v6/metaschemas/draft/2020-12/meta/content	3be161f2e963fbb8f09a756cc3b02adbe5375fe71020b959213e2b58e92f5886	479
scripts/vendor/github.com/santhosh-tekuri/jsonschema/v6/metaschemas/draft/2020-12/meta/core	ea945e11e766783c05ef2bda8958ef2b64746430b6b7475c1915babbd6c01264	1302
scripts/vendor/github.com/santhosh-tekuri/jsonschema/v6/metaschemas/draft/2020-12/meta/format-annotation	59cb0d1d59c430d5d691f4712dc2b4d09ba6dafcb90f7ce14b8f11b07340a6c6	419
scripts/vendor/github.com/santhosh-tekuri/jsonschema/v6/metaschemas/draft/2020-12/meta/format-assertion	4c45dfbf72b09ec8b0cd6c8086c259bd4b1d68b86138d886e8191fc0189270b8	416
scripts/vendor/github.com/santhosh-tekuri/jsonschema/v6/metaschemas/draft/2020-12/meta/meta-data	e070588fd8fac3a0b4bed1dbe1f576ccdb2e32ade3b46bd590150d0b15506859	722
scripts/vendor/github.com/santhosh-tekuri/jsonschema/v6/metaschemas/draft/2020-12/meta/unevaluated	cd2e94b6154c7ab9ee90f8bfa8d8addf9f6ae75a58fc090099605401303653cb	472
scripts/vendor/github.com/santhosh-tekuri/jsonschema/v6/metaschemas/draft/2020-12/meta/validation	000831f2fffd6927b25f9d601e6f0cc6bc8d51ed6c967d63c1449d1f76f8568a	2202
scripts/vendor/github.com/santhosh-tekuri/jsonschema/v6/metaschemas/draft/2020-12/schema	0080fa14a942b09f436c55257d1e379c5cb2551f732e678fa06e8009fb7c2582	2076
scripts/vendor/github.com/santhosh-tekuri/jsonschema/v6/objcompiler.go	7bada9ebabe239988f0f888716ac2d676525eb68f65b15739d05af2f41393ac3	11346
scripts/vendor/github.com/santhosh-tekuri/jsonschema/v6/output.go	30e8122d7a3e60ac521c9d78f2bb41632643ad31d0a459c3ab22215d2c3992d4	5310
scripts/vendor/github.com/santhosh-tekuri/jsonschema/v6/position.go	c1feda050097cb60562392eb3381cf7793c90800cc5495fdfda6193003b1d34f	2411
scripts/vendor/github.com/santhosh-tekuri/jsonschema/v6/root.go	855a6f675eef7fa50308da6d346151a6403747b00a2e1a9011e99bf1f2df78bd	4369
scripts/vendor/github.com/santhosh-tekuri/jsonschema/v6/roots.go	6e84cb61bbb143e334c5c587295064bac0eeadecec73c4e5685aaa67d461bdc2	6164
scripts/vendor/github.com/santhosh-tekuri/jsonschema/v6/schema.go	2db317e202e6fbdc91c9a11f66e888763e677315ba163b2781c4249e55e43b26	4794
scripts/vendor/github.com/santhosh-tekuri/jsonschema/v6/util.go	94443c7a516aa5eaec10f4e4802e12d303466cb3868f0eeb0468e443b69a97a7	9386
scripts/vendor/github.com/santhosh-tekuri/jsonschema/v6/validator.go	3ad17e6cc3668b99661bbe3780c1d6bffc874975a12a6964d5a2f0fed3a83230	22055
scripts/vendor/github.com/santhosh-tekuri/jsonschema/v6/vocab.go	d375c9a8d225a2e60df705fc8c720145911908d70f89b509068c00dc90702827	2994
scripts/vendor/golang.org/x/text/LICENSE	2d36597f7117c38b006835ae7f537487207d8ec407aa9d9980794b2030cbc067	1479
scripts/vendor/golang.org/x/text/PATENTS	96f408bfae65bf137fc2525d3ecb030271c50c1e90799f87abf8846d8dd505cc	1303
scripts/vendor/golang.org/x/text/feature/plural/common.go	1c4510a2729ea9cc0fbf2aa7c68dc1ffdaf9bd10a9cfd9b504cda6dd5ae6e7df	1947
scripts/vendor/golang.org/x/text/feature/plural/message.go	3529fc66dc4316bef2e6312a882e2f38f49d4d2b8b4e0dff334b8ff146d64ea2	6453
scripts/vendor/golang.org/x/text/feature/plural/plural.go	ab4d2a38f105f3aded86e4512d27e04d5179fe3391cc2bd3af811d4fbb3f38c5	7509
scripts/vendor/golang.org/x/text/feature/plural/tables.go	51f97e1fcadf37a6f331d5f8554e2c42d51a226a2486d59ceb55f0f3c7643de2	22621
scripts/vendor/golang.org/x/text/internal/catmsg/catmsg.go	ddbdb3a883da9521a764567eee51f8be4b7b3fdda479891167c374019bac76be	13906
scripts/vendor/golang.org/x/text/internal/catmsg/codec.go	51f791bf25ff62bd20bdcf95483603cb97457e9162a180eab057fd33f3990848	10627
scripts/vendor/golang.org/x/text/internal/catmsg/varint.go	38e2606b6d44edc7685e1bd7784c750d1ec3e38f9db336ed79e70de750b8ed2a	1493
scripts/vendor/golang.org/x/text/internal/format/format.go	b4843ba734004c0db278995f9a58be5d36d51f000f0413f7420116e24ad55cbe	1207
scripts/vendor/golang.org/x/text/internal/format/parser.go	a793faa9666b27cb8bf92a703741c446b802d3ed7921622cf5050f26822f3479	8701
scripts/vendor/golang.org/x/text/internal/internal.go	cf0cafa0e1c996fedce38d955344a905cfd62711efa78e9d90d615d738e084fe	1040
scripts/vendor/golang.org/x/text/internal/language/common.go	68089abad3eed7b2559bb97510355e900a6ef2e1fac7ff89364bda9c50a2acba	334
scripts/vendor/golang.org/x/text/internal/language/compact.go	2d121c703729c5fbd5f3f13fd568af142ca8fde0f01a07e1874df22dbaadde98	853
scripts/vendor/golang.org/x/text/internal/language/compact/compact.go	e154aa511d328fd47a9c9fc1115d9c92be2d385e885ae65c5e348ec1d5844ead	1707
scripts/vendor/golang.org/x/text/internal/language/compact/language.go	1d49845ec8c93b000391718e3127c0979c054186570805fce27f7fe167ad2c5d	7447
scripts/vendor/golang.org/x/text/internal/language/compact/parents.go	57dc7b46cb5b6df81ed5764b338e1b463c183e3561427307c9d25fa876d9bdc7	6853
scripts/vendor/golang.org/x/text/internal/language/compact/tables.go	99415fb6642ebd291f825497d32e70ae32da8569815d8f4ef587664c6c5ce7d5	32128
scripts/vendor/golang.org/x/text/internal/language/compact/tags.go	e6f98b11ee9c2d5d4d51a5d810d4ea2eff0872a8d11b962979744899e020e12c	5651
scripts/vendor/golang.org/x/text/internal/language/compose.go	7657b95eac8448d5d2273c048d316dde3ac0e49ac058487a69b2b990ebc7f8ef	3881
scripts/vendor/golang.org/x/text/internal/language/coverage.go	8c8238012deb1b3c42820c755343db1bc326dc5cbddfcc24f97abbb7e0c6cee1	730
scripts/vendor/golang.org/x/text/internal/language/language.go	19a0ccf7635fd3dbad3766d953996df5d1c24a367e44c49200ab6ec3023fc871	17174
scripts/vendor/golang.org/x/text/internal/language/lookup.go	8f0ac8780f89d5c2b29b98fd599269b445d7bb612a7948c9e97d425424b5ea38	12387
scripts/vendor/golang.org/x/text/internal/language/match.go	711e9c548516929762f0636a69788ba6eed6ed10bfb47634f3b5d5a1f26a1547	5824
scripts/vendor/golang.org/x/text/internal/language/parse.go	0c884b51bb83d3633a51f16e90c7dbaf45c301a449e366df591eda11a3000972	15241
scripts/vendor/golang.org/x/text/internal/language/tables.go	876a73fb8b8fffd239efa592ffdf903c25757b4d17b715fc80d7aee8db2b985e	156627
scripts/vendor/golang.org/x/text/internal/language/tags.go	21041c1c1982b12db6f523a4feb58746dac3e2c71e8dcf9f76ac5807cd809099	1211
scripts/vendor/golang.org/x/text/internal/match.go	44fba33275128b0a885cb737eee4765567a35a1d2656de873680534bb37f7243	1912
scripts/vendor/golang.org/x/text/internal/number/common.go	bce013ed59651b693ccccf3c190b7c8662b28ed8f0073fae69ca23623639ee5a	1297
scripts/vendor/golang.org/x/text/internal/number/decimal.go	d6bf692abc29a75b74488afaa07885087871b8c85fdf1a7432a5e4d426bcd1d1	12105
scripts/vendor/golang.org/x/text/internal/number/format.go	fd1004c1afbe4fde93141b3d839d6a5eaf01c91cfcc7036be326e954962a7a92	13797
scripts/vendor/golang.org/x/text/internal/number/number.go	a9160873055c35ca027ade76d71708b195c7157ccb0cde579624e5eb22a757c0	4827
scripts/vendor/golang.org/x/text/internal/number/pattern.go	82e3b1ba7949cb165b3849190921366bf99d5d70b9bf756d5ae89517d3717f69	12292
scripts/vendor/golang.org/x/text/internal/number/roundingmode_string.go	5072f5ff5fd6f7570b7811dee6c2ba7c26669d3b0b953ab47007af00cb9c4dc5	894
scripts/vendor/golang.org/x/text/internal/number/tables.go	a00837349bdfb503cfc549bfccf04fe54baf974dc5f5c6ebf375ac26cec43243	53037
scripts/vendor/golang.org/x/text/internal/stringset/set.go	b14cd183aa7f94f7c46a55eb110506efc0ee535ffedfc38d68a4c3d1e25277b3	2083
scripts/vendor/golang.org/x/text/internal/tag/tag.go	97a27a6bfdd26d872e07d051fc27e622e1cd764943350e8bfa9cf0e2e13cc474	2415
scripts/vendor/golang.org/x/text/language/coverage.go	d12716948854471a3536a04dc48736b0db0318ea6df61db236bc4ee0fe725375	4897
scripts/vendor/golang.org/x/text/language/doc.go	4b97559b103832f3c5f22e80f2df0dd7394a469d945f79afad1654eb179fa63b	4340
scripts/vendor/golang.org/x/text/language/language.go	3f2032f0367d83fb14772384d47119d27c2c427b277aa0a02913db59abe32bb0	19340
scripts/vendor/golang.org/x/text/language/match.go	b8a6b973391cba46899d079173cf0b1d3064f28bb79a11c3fdc65c089cbe23d3	25698
scripts/vendor/golang.org/x/text/language/parse.go	c100309e93f15f7d36fcde02b598c146f4a4b011b6ba29676b9592d0753d71f5	7695
scripts/vendor/golang.org/x/text/language/tables.go	cb3c6aa474902c2728c47bcdebd5fcac0c6aa0f7e29934e984d46434c98ce716	14585
scripts/vendor/golang.org/x/text/language/tags.go	247c5ce419821c135a2751029c078cc6e1472c9896dd581d67a277449e54d968	5545
scripts/vendor/golang.org/x/text/message/catalog.go	b5162478103e86e7f7b19e77e2cbb56d1ec4fd80687649e4cd811ce9138ad71a	1162
scripts/vendor/golang.org/x/text/message/catalog/catalog.go	f5d697a9316fe2a91034e634961bf0b8fc67570077b7835d9e3974f912e267d8	13505
scripts/vendor/golang.org/x/text/message/catalog/dict.go	97d966a0b588ac0008d74fde9eb23ac21650cd7863ebde257387f8adc18c0298	2816
scripts/vendor/golang.org/x/text/message/catalog/go19.go	2ead529c96e990f6d2599d0433ae4e786c36fabe201ec4d1b2eca6cedc62225c	440
scripts/vendor/golang.org/x/text/message/catalog/gopre19.go	1bca2789d5508a8eada969f7297422ffb1f832f7e278ab746737889a5188832d	565
scripts/vendor/golang.org/x/text/message/doc.go	84cd131fb24ca905aa697e58f1f98d398b42efeda852e7f389cfefe65581ef91	3577
scripts/vendor/golang.org/x/text/message/format.go	b8c30f1692d4e33bdf6eec0b8f1b388c26bd14d5a950b0abb12673fab067ea07	12261
scripts/vendor/golang.org/x/text/message/message.go	3e9d3f779b7a0e6b579518892facf266b3a1f70a8bd99980fa8d262fa3b7e5cb	4700
scripts/vendor/golang.org/x/text/message/print.go	b77eddda2754c15c464855b6fb5cdd704586a5fbd7a3c372c8121aea582298d4	23802
scripts/vendor/modules.txt	f3ddc5a17f1ffaa4d8492b898ca99f26c3eb4f03744d1025de897352329e2033	604
server/.air.toml	66d35ffadf66b1fa8e0416cdc249f1ad982540d8b92e65f5251e18b842d53d3e	1129
server/CREDITS.md	a9163f107f2b42807d333fc0c067966ce339713e25cbd070479568146f605b6f	2714
server/api/types/onion_service.go	86d17365923c29dade50d9b9dffcfb3264d569dc4c36cd60311e283e8c141df4	3388
server/cmd/daemon_client.go	c5b050bad2027064b6e2456f1fdba4cd946c1a37fab5a39f2e2f6580a43f9ef3	2178
server/cmd/diagnose.go	6ca8f901101d2e1e94a529e21e732ab10f5488e646f58982f967b711a1d93167	6590
server/cmd/doctor.go	fd3d77a649d8a3e6c7a2638f7e1ab18ef81059c76f43b50240b62655e2cfb0aa	3057
server/cmd/hotkey_stub.go	d4c50b59023cc237f8fa26c735f59a012dec07e81cfc664fdacf8e7beb5b8004	183
server/cmd/hotkey_windows.go	e8863390cb328cf6ca1c1c626d0bf173af71c20deb856894c5d91246463c45fa	1972
server/cmd/proxy.go	f4f996784133de099952fe2d18ab336e8230681d74f525d1257eefdcd11bd292	10263
server/cmd/root.go	1b199444f9b383067b0695338d5057198a9e76223f6e579bf8dc7f4894b671de	2630
server/cmd/sandbox_linux.go	73d89421a39167de68bd5ad050ac6ab7abdb7df5cff086b2acd6e44453f5c221	1250
server/cmd/sandbox_other.go	f9809c2533833f41ced80ba137896375ab969ef815f2e8b613f8cf1e235d53eb	121
server/cmd/scan.go	a4ce6c009c994885fb23597d58d936b26386be3eb389cb2ea435b84e38170b42	8045
server/cmd/serve.go	cf726cc009afc9af19af0b34be7b3c96f6d4f51843310ec61f451e160e7ad0b0	8195
server/cmd/serve_scheduler.go	233c98a99878a8ed0c2946bfe3a7dfabffc6ed90b2ff5c026af2d01938ecfbaa	3645
server/cmd/system.go	b992f9ca47581b76d997ff2259bf435a3a0d3adf6b61cb0fc7810194fd793d6f	35668
server/cmd/tpm.go	f8a63b3e6f7ed52f13a0bd208b5037efb5b3e0bd161718e23971055c8bdaf94f	6929
server/cmd/tpm_test.go	66dc8953a640aea22f29102db43ebf0a67ebec17628eb758bafcec6691594e16	1418
server/cmd/watchdog/main.go	2ad1938bd1b67887a915f7d5fe3f5e3fa155cb9e08af958a0134403fb0831649	2240
server/cmd/watchdog/watchdog_unix.go	8024bd0a299ae24d8149d73ff0edd45e57fb2edde810cad7f006a629906a391b	307
server/cmd/watchdog/watchdog_windows.go	2af7ee05808463c2aec481da3ed2cebb418f1b30d21f3aadcb812ea8d6d1a5ea	1290
server/cmd/watchdog_process.go	32a179b2c828e5356daac1cfd60307af13758c85643d0d07b7edfa97e4307679	1123
server/cmd/watchdog_sys_other.go	86d094c3c893f4b69d4e420bac31c116881b6022c2b644d5abc1e61b5a8ed5eb	2510
server/cmd/watchdog_sys_windows.go	cf84831a7e4792cd0f3d7afb2c3637d9a9562eda829691067871bd3c6ecd6fdb	2540
server/deploy/compatibility_test.go	a2c90fae8f4209a2e6fe12175f84813a698899225422661032ca0589690ff5f6	294
server/deploy/home_assistant.go	89dd3a89c5dbe311dfb4c595b1e586472ddab277d93d17170b7c9270f452e793	392
server/deploy/l2tp_ipsec_installer.sh	027f822c6df9244a146bfb4b47f4ce310802c7fc3836f1b9c59d2062f2480232	244
server/deploy/nginx_proxy.conf	d7f8d95da48fda2e38271a64588d0aee8c64990ff2df3c4e2bf08d68bcb9e807	233
server/deploy/openwrt_luci.go	ec212b203d66114179cafc46cf7ef4c0612795f8b018b7f7b1dba6baedb66c6c	862
server/deploy/x_ui_pro.sh	22240e74142af8f6db697362f64c1eb56be47496eb0f00eba4117972b5bef919	220
server/go.mod	66e30348122e44295f4d5079de8583dc2d52238717c5725295414aec0151c1d3	8119
server/go.sum	9a206c27dde57b6ab6f208c2f52ac7a7dd394c90e668a8bc0f063765c98dbcd4	55639
server/internal/api/api_extension.go	2c31456570993ef37deec372609ec3732098d80b6f3b326374d6dd53647ba49d	6875
server/internal/api/api_extension_test.go	2ecf8a1a2386b7f9ecab84a321d081d2d71a0eb5a1b154fddcbc6be1b4e136fb	6687
server/internal/api/auth_session.go	d11c4482b25b137c1e4fe94b29d0074e75f96ac78d3aa712be9dec11712a43ac	1744
server/internal/api/authboss_auth.go	07b7a7a1bb984c98a91b3f4824c1c1e7a09845cb3758ba721c79f23ecfda62e4	11111
server/internal/api/authboss_lock.go	f8751eec337fbe55a2e86db5bcd46c61f30c7f5388ac6d72b577deb0fd7b138c	1892
server/internal/api/authboss_otp.go	801798c8d65f62845ff9b18fe4d6d36e9552781f5fbdb173a9fe00fdf7a36806	1344
server/internal/api/authgate_core.go	b7e10036abcd46e4e7257c4c7d837e2086e80bc715deafe557f9073357194c90	8082
server/internal/api/authgate_services.go	6dbacc254a06ef49748484232ce3b764b58520267de8291027e9387572a859ba	2936
server/internal/api/contracts.go	5bddbf95dce2ae227568a9e526ae51966633b6ec7614a9305cbfad6498a45134	6108
server/internal/api/doctor.go	ecc536bae676e4c0736d471166922a73d08790697e31716bd05466f1027420f4	3099
server/internal/api/errors_envelope.go	a6b8e869f3e81c00769b278b008a72daabde1cd4df21c82b3c8f851938632840	4957
server/internal/api/handlers_capabilities.go	b4e7c9205dc6653e7721622a2f68e82e40ff0cb06721c6137f51a7c9d3b6167d	2430
server/internal/api/handlers_capabilities_test.go	52eed031d207802bbac0768a5f8ecfc2e2a90485899f8dbb1e2d11de37920d4b	1251
server/internal/api/handlers_covert_tracker.go	027ddf6293c3a391e0a184a33dc021f7abad59d22d66988caf079781a0f72d2f	8359
server/internal/api/handlers_covert_tracker_test.go	290ca4e1a93423b8ab107f8cc6e6983f15a327656030b64748abfeb7af66903c	636
server/internal/api/handlers_diagnostic_doctor.go	a96810c40e97a20b3ff359a5839987838d408f523941f16b7342e3c2765280cf	2949
server/internal/api/handlers_diagnostics.go	dfd63cb9cc6d61a7f009a062e5652f145e154f18b03637d2279b67d3ff6e20a6	5312
server/internal/api/handlers_dns.go	50d0d7a6e947b53f736a124a2f5ed68eb7ced0ca6cd952658a667e2b6d0acd22	1382
server/internal/api/handlers_evidence.go	59db7416711f89055d948255c00a54037b31db5fe0ada0aa0fef814313a4ff22	1349
server/internal/api/handlers_fptn.go	fb4f7340fcd1ac53e743f4fc3a389b3a6d8f96a60fb69472d390611d25fdb5e4	313
server/internal/api/handlers_history.go	6ee3630cb6096c953f7365ab4bc2da875f8dfa0ad5123e4a8f034a4b1eebd685	1646
server/internal/api/handlers_icmp.go	2962e2a9eeb1091ccd5c125d34d757fbc22625f6551b8f002cdfa9f9734646d9	5799
server/internal/api/handlers_metrics_test.go	18ff7ac71316cc8abd2bfef6ffa58a21c27fd824cc5ddd9c7e60c13f5b4204db	1158
server/internal/api/handlers_orphans.go	afc93d52a915f88dd9fcfe444dc37f3881a6655d3500aeb48d7ec54cfb819e35	3470
server/internal/api/handlers_orphans_test.go	dddbffcdf709b588675b221ffa81c660fef11d378c75a38eff593b48923beaa1	616
server/internal/api/handlers_per_app_proxy.go	7dcfa749c2f3e5070bdbf53bc238c34e17e5285d0f401a8b8937191c2a0e6c37	3247
server/internal/api/handlers_ports.go	9ecb3444324fde62930c91211062df2b02da38e0c20bb4a627a2a1f064c6bae7	1864
server/internal/api/handlers_presets.go	ef0dd424d95b8bb4c4c45cc857833bea19466e54961280f43a4f43ccf9c05eaf	2936
server/internal/api/handlers_presets_test.go	4576384efb855aa37d6a4a0af0af0d0ac7e6a70b301bfcfdb45454653b37787d	4580
server/internal/api/handlers_provider_corpus.go	df70fad5a7e8e206ceb957171b3e5db62dc51ff97a1fe557e7fb1ab8a541384b	2047
server/internal/api/handlers_provider_corpus_limits_test.go	18861b4757a94f0dd52addc3b261c995a125ed2626bd65edf4e443e836d618eb	897
server/internal/api/handlers_provider_corpus_test.go	44846d6e4c28059ae73bf3841bcfd769aae2252cfdc7404ccb50db69e686a99a	3338
server/internal/api/handlers_provision.go	2f37c5fda17e9a531a65657eabaa092cc8a0386bf8c3a64e6cb58a5298d4e638	3361
server/internal/api/handlers_proxy_directory.go	647eab9068e9fc844222ab3bbcf840e12c7d58014717485dfa1cd3f0efd812d6	2712
server/internal/api/handlers_proxy_directory_test.go	f11060b6eba9f966b768b4e4a6e89a796085628c54ac204b713cd7627633a09f	1300
server/internal/api/handlers_proxy_parse.go	0855de8c828710b2f87c3aa59387b0833ec63baa4f5d93d24c93bdeb4047200e	1453
server/internal/api/handlers_proxy_rewrite.go	a0dcc2254dcb008452d4a4bd73919d8654f4504df1efc24a82b479ab3a07f6eb	1116
server/internal/api/handlers_proxy_rewrite_test.go	70158afbbbef480428f8713b81a0d48dc439c1d152a3adacd33d590bc0280337	2179
server/internal/api/handlers_proxy_scans.go	f7d28028f60ba85b0bcd1c4123ee8958aad049c8f3c8e140cd2073f217bba213	2869
server/internal/api/handlers_proxy_tests.go	35224f112e7878f949ecb5c44445a47e1777ff3e3ccf6b52e1678b3a88134622	3500
server/internal/api/handlers_routing_plugins.go	440851ac2abfe6ab7b79836c71ef1bb324755d1a2b4758a68b4847d4fbb58b7a	2997
server/internal/api/handlers_routing_plugins_test.go	559a5857527064fb06c4d4a644a567007ceb48bfff9caf5e164a8ae113edcf9e	3213
server/internal/api/handlers_safety_policy.go	eb7da9b891fe57c66b5241fac8439d700a74f4649939cffe3bbebfac961e6059	2155
server/internal/api/handlers_sni.go	21645c71670f426f345131cf75bfea9f7e29a4c93fde3c0d934105a8f59f52f1	1214
server/internal/api/handlers_sni_spoof.go	8d5aa2d04e0558805d40f948ad320a20f7e774e0c2bda3a8f14d19287b837e1b	2899
server/internal/api/handlers_speedtest.go	b41e4543ad723d37c966c91868895801351b3ffbf16958836f0e758adf317414	5162
server/internal/api/handlers_speedtest_test.go	b5b80176d1efb4139a62568438159c98745685c1e1bbdcc5986e805e99d676fa	2356
server/internal/api/handlers_subscription.go	a0d6c4f1f63b74ab084c1bb885595f387f495c0e787d66ce76bfafd1d38388ac	3635
server/internal/api/handlers_subscription_profiles.go	9482e9c1fe338fb71a36149464c47a3533af38f7840bca7b240431c413927d1f	3385
server/internal/api/handlers_subscription_profiles_test.go	6130d4ffee8b4e29fa35cfad065bb61c7af6ca2453d2eaa5b0888eb1c2257915	1210
server/internal/api/handlers_subscription_test.go	4b1e6f92a6196ec7c8220c9b0aeb6f1fd1795341c4124304d6c68fae0ac454e0	2963
server/internal/api/handlers_system_ddns.go	01709ec60b2c521219559052adda23e67f1689cca6a49070b500073da14463c5	2268
server/internal/api/handlers_system_dns.go	eed7321f7e603e3b987ec564f71ca7ca1a56436270fa8fd40a76d67c75456194	2936
server/internal/api/handlers_system_dns_test.go	ebc31e81bda6af0eb7e00e3b712f5b18ffb3952c301ba7bccb303cc15a2f95aa	2718
server/internal/api/handlers_system_engines.go	55e3811d98cc636db11503f494b1372bb4e85cbaf3d07a0356afd38a6d691955	3446
server/internal/api/handlers_system_evasion.go	d23b8f3e28fc5c7700ba187dec1d4b8148bfc3d7e19979992e34ec3848808114	26493
server/internal/api/handlers_system_ncsi.go	5eff3167b97d49e58af9a34599f4645145c1e63763817f91977d1ec86de8810a	1418
server/internal/api/handlers_system_profiles.go	ed30fa89467e29d81059af9c4075c14fdbe6501949e84ae3b2dd46787bce2545	961
server/internal/api/handlers_system_proxy.go	b32bdee6dd726f9da1bf5c1b01d44dc2154657f6f9904331a080c20f4cfe1de6	3869
server/internal/api/handlers_system_startup.go	2a0bb13f51262d1fbde4eb2d99e560ad37d5a5b2aaa20b6d5b3d8c8d0db328fa	2794
server/internal/api/handlers_system_status.go	02b62fdae03978c7dd681df2746f9c03a0728dc4cd5c0ed419382dfc1699c8d7	5620
server/internal/api/handlers_system_traffic.go	6612f05910f207f01ad0140c790aa56db732d1a7032a1c3430b105597be6a9f5	712
server/internal/api/handlers_system_traffic_test.go	f0255f72910c08692769036402c15c0941d09262b061844fe89fe56932d5dd5e	2203
server/internal/api/handlers_system_tun.go	75553f47832c9a4e49b8440c7c139b5c49f85ecb17c59d0b2639a5fb3826d290	2147
server/internal/api/handlers_tailscale.go	189cbf909e0df91e526e38b1112439b82b8e7b05303933fb8de3ed3760688909	1671
server/internal/api/handlers_tarpit.go	0db92ea6209651450225f4f4511e670842a7fb704e733169a0703d6f56bf4560	387
server/internal/api/handlers_telegram.go	ab6ec45ef8a2d9dace38ff92909681033f478538e85bd0cf388b099413f0864b	893
server/internal/api/handlers_telegram_test.go	65f539dfafa1c427255f517b4ec9c4a079af597b7f0925fabef94f7d62a83289	2568
server/internal/api/handlers_tls.go	7c903f5b633119297e99f35229bee8d21e584055860ff44d0ff4fca7ef1095ad	2347
server/internal/api/handlers_tls_test.go	1b4d8c656c5aa8b2438cd39a529333d5acc8b9bb8319d68424f17d08ac1531d9	2282
server/internal/api/handlers_uptime.go	6790a6e8bf4f0034cfeba7478ec77236627d604e8db5f18f7ea8dcc885aebb01	327
server/internal/api/handlers_warp_geosite.go	f4aa6d936457d754a76c53cb4fe7a2b3724ecfab5f596373c097819e9d9dda8a	15292
server/internal/api/ipc_listener.go	a4dd1ea284956282fdd7306f0eebede8a803ebf610c24a7b53253ad2cfbd39e7	1905
server/internal/api/ipc_listener_mobile.go	cd9219c2305b8319377ebb89b5b580a8df4776ab6763d031717ce131bd180402	2504
server/internal/api/ipc_listener_other.go	2abf241e9ef33866e51aedd55af06099454099b87773de1b9e17ee7d0ff52d13	192
server/internal/api/ipc_listener_test.go	1428d49076387fb8e019a3335b0b379ece5640975098f5d45dde9dbbe4be3f03	1459
server/internal/api/ipc_listener_unix.go	b245f6a9d9dd50a681948e210e7f673b21b6257003e2bc1b2e0186c3f2931e5f	992
server/internal/api/ipc_listener_windows.go	f2f3b1bcc22e35b643bb04431bd4d3065a1b8fc0743c63f02723e763cc0b2fe0	184
server/internal/api/mcp_engine.go	9f93f1d93d9befe2feb503fb8d9cb71c9b85af056d621cf1a761939c292c3948	4523
server/internal/api/middleware.go	de953a00dbe7bf7031d3639f9c086a10c0c21f3a95d63211677ae55e8aa47d0e	5956
server/internal/api/middleware_redaction_test.go	9b127a204cba71d6aa5fcdef04d5154aefc6edca2cae73828466905bc430a1bf	404
server/internal/api/middleware_test.go	80d34ed3229c1b9177fa48bfa30947666931343ed417d01f7d867208f94abaea	4028
server/internal/api/panel_routes.go	89b9f13b5ffd7c44cfa07bb816817afbf0047a066845115e7c39c4fc26400231	21089
server/internal/api/route_catalog.go	45b4ddebbe6a8f4c72d0516866ea7314a8f040723d59de88255d0b9b493801dc	1439
server/internal/api/route_specs.go	b3729f7b769063b8eaf77a0d1046a6a73ae9184415feadfdd4ad0ca2a17ff664	10002
server/internal/api/router.go	6c888f9d68928ba259c73b9ef4cfcbe59795f18bc53dc30db8ac92ce31d8fac7	5575
server/internal/api/routes_misc.go	d6023a77b138de8c0b5d60b96717050069f3abe6aafdb9a9c8e0f3b6424cc6a3	1875
server/internal/api/routes_scans.go	156bf5bbde8f1f76078ee98229de78ce65774f5c9d84fe4456219961690317d3	2436
server/internal/api/routes_system.go	0e53bdc0162c649e990189c216208235ab8377cc24f14171e5d39853d3b50035	5482
server/internal/api/security_gates.go	44476ebb6d09f186787cd99ce73ba60438bf7a9e831f9f50fbf1c954e783c17d	4538
server/internal/api/telemetry_filter.go	8a7a0f72fee1f55aa5122d7952c67481c448160a5c3e0331d0e8cf4273be0780	712
server/internal/api/types.go	830c179b5511b49e95cf1933058a8b4d061e66d6b431951f9d75e3c2aafef50f	12497
server/internal/api/ui_dispatcher.go	8d3ebea3bd3fc5bb7fd0d6748c1b34d9ebd58e559b112095fc4ffdd904794da9	5313
server/internal/api/websocket.go	aa3ab5db7481b082e2d45adc0f5645e63b3f0dfeb35844e19600ed3ea3eea2f4	7142
server/internal/api/websocket_session.go	3224904e55c2b0e09c17ba7449cb47e4864de158ebd98c0e833fc1935b0c15fe	1396
server/internal/api/websocket_session_test.go	2179bce7fc1fcfa6851d67393d4c60f62683111996913d39407d4b4c577d9762	2371
server/internal/api/workflow_inventory_test.go	1ad57ac91f683ea6eafa33a0f1119d2bd71a7879604d88c09a0afe7e74bf8f16	1464
server/internal/arq/arq.go	943e5854b4e73be4eadfc953d6874f56ac336c719ddfb9cfe4ffc025d6e0b41b	4602
server/internal/arq/arq_test.go	ba2eccc8d905cc543a6966ef285da638f271fd51356f5dda5b16730353537a54	7296
server/internal/auth/acme_resolver.go	f48fb48afc0d8caa15dfc36ccdf12b2abeab9f0faef575a446f17fb25c866d68	1068
server/internal/auth/acme_resolver_test.go	3c4f51eb7dfb5a3c45b69f981b2285e7095a2533d958a652ecb3c27b258d21cf	391
server/internal/auth/authboss.go	b72f413f7d652d408650ea6a45bf72887dbabde9d901b6e8cac7560e22176f96	9453
server/internal/auth/authgate.go	138e23b8d3cb07191b409db042076f7c5c06b00bdae6f015655b337cbbae3908	8450
server/internal/auth/certmagic.go	44813d56010db3536c9a1e812f83675bc0854a5c58fca086d344c4215572b872	6851
server/internal/auth/certmagic_test.go	76861ee57b6a78b4a5efcfe280cdc3c1f8fee04a59fc53e1d7c3c646ce5cec22	2169
server/internal/auth/login_anomaly.go	2dedf0ca70181454d3eb0560991515d5890c53459c412f25aafe0b925173d121	3848
server/internal/auth/oauth_handler.go	1d757a4c21a848bb86c7651c3ccd1fd40fce22aa3883702386875fdf3dba2ac1	2609
server/internal/auth/oidc.go	2485b591f16be35b987163ff890ec52980377c0203ec08e88cb274c15978d8be	11889
server/internal/auth/oidc_middleware.go	cb31398eacd76252f78deee174d035e39a0a538366395d6486c4f316b3ccc09b	6009
server/internal/auth/oidc_test.go	328917ffa7d3e3f4f730531ae7e6244127474440cec4e5757dfafa5a9347f03e	3910
server/internal/auth/provider_auth.go	ca76b2a94c887872ebc21c5e374c202aaa43da1cc501349ccf2b5e7c602a5168	1998
server/internal/auth/provider_auth_test.go	a0e2998a46151e985d109012b1ecc8050e24e66b8a8b35f43f40fb778888b7a1	1527
server/internal/auth/safebox_vault.go	fa2f82f0f0ba42ee6d497298627d2b7a7e8c23843aee0d379445fa28e259b127	2027
server/internal/auth/safebox_vault_test.go	50f72d6d8abd51b2ec23f26460062d3f3d4d20004f4d6859c8c00b231d2298e6	1825
server/internal/auth/setec_secrets.go	7c1e4834473ba59ee9602f88d11b65b2520c6e92ed30804ab1e28788a193f986	3929
server/internal/auth/setec_secrets_test.go	64568f0219cac268d1ab0c7b0eb0dad9ed506919651e258f780f0dfcc66341f7	1861
server/internal/auth/tailscale_idp.go	5d62557d83db55a931a92bf69dee989941e6a73496978b910dbede24fef1894c	8499
server/internal/auth/tailscale_idp_test.go	7ebf186f3121c089d474628433cd105f0721f3f4b8a7c7c40ee48e90966762d0	5493
server/internal/auth/user_validation.go	2560c41dac2a114765ff7efd0369162a0d63d64f86628da2abaedbb5d6d3ee91	2369
server/internal/auth/user_validation_test.go	add1ffb5121420db503de0d711a4aefab547d7797f67fcc3c012daff640cd3a0	1781
server/internal/backhaul/config.go	5089a7207123632cfa7279b6803ee12d65f006b942c6febcdc24f7e0faa6a892	7731
server/internal/backhaul/config_test.go	aba1e1af1c8aaa2bbba22ea05ac4d607afe978384bd54cb902939a504552cdeb	2149
server/internal/backhaul/mux.go	265c20cd08fdfbf304dd621dbb90d3f0cd4fde327735c6e10c84e020a395c6d3	1365
server/internal/backhaul/mux_test.go	f082517f376bbef6068b746c58a225d138e5733e3cfb1913792c1ca2eada1b68	795
server/internal/bridge/binary_scan.go	8b53861a9053c253c2b9243c37555b6f355bef7eb64968c9124e5ff617076af7	2770
server/internal/bridge/core.go	8b613f4b7faa25ca30a818f098e7b536704c7113ecaecb004081ee4aea35e386	20657
server/internal/bridge/core_mock.go	6207cc031ba5314f7fab686f9bf703c64906ff1df20a65176d6d96e626ad2efc	12150
server/internal/bridge/core_test.go	a604472ea6ca9f92e9ca07576d34e04ccffa1d9a1232197e29a3bd9d182c11df	1729
server/internal/bridge/disasm_test.go	9981ff7b31799d427ae8b329999bbc94c09a2e9de4b8fc369940a7e3e386a705	515
server/internal/bridge/ffi.go	62a6d1af163b2e6c7f83ed60a1d843e8b4c258f5ce45aafceb81e9f1772fe533	1705
server/internal/bridge/ffi_types.go	032eaf87919184692eaaee276985482fecbd5d72f98111cafb5e28d228218352	1315
server/internal/bridge/fuzz_test.go	9fc23304e9ca197805150463b66315558eaea97d9ba05083d2a9cde1a40a32c9	2950
server/internal/bridge/lumiffi.h	56118e90448e6ad74ae5f4e4c0260bbabbb0380ac54dc06dd8e0a128ddcb806a	3019
server/internal/bridge/shm.go	344b04a0a6bea6843bd225b620cef48f0e3379bf8908ac532067fdb9ead11ec2	2540
server/internal/bridge/shm_posix.go	ce191c9b23a1eb77a17ca42ca8d1371031b0d80042fe5402e22f479b31a885a3	389
server/internal/bridge/shm_test.go	60afec2cc661374566d201238ef541fa8988f1d2bed83c972a8e4cea6a8e6821	946
server/internal/bridge/shm_windows.go	beefbd828541b435420cf108559634d4841a214cfe0d65dbdf0700d571f58754	964
server/internal/bridge/streaming.go	7d04430498cf0a3053988197911cec52a396cf889c414e4d7ff5d19ca7cd6b34	2300
server/internal/bridge/types.go	5840131a80606d904242f705fe2b51a344c5a40267bde1b6b751e77f2536c957	6097
server/internal/bridge/version.go	78973230fd371736c7c9bb64dabd11a55fecc2687afba828d5ef99364e25f01a	822
server/internal/capabilities/capabilities_test.go	2e95fe90c35857d9e9b5974bab83aa56354f745ba15acb87e5d4eb14b71e467a	2726
server/internal/capabilities/cpu.go	58a14f54d925032e91f5938856453e1a8724e90d133528a4c213ebc1c32c6aaa	701
server/internal/capabilities/registry.go	f2e8a7116944afde8b31717d43c5df235488f686a38993548600687981884bab	5125
server/internal/capabilities/route_gate.go	73eb8b6348519cec0ee11b8727de2dad4d80ac5a73af17844fb635890f2fc0e1	1026
server/internal/capabilities/route_gate_test.go	2ca8876ed79124b88e0f130d00ce8c8c7d9626ec608f15039b78772b414ad27d	596
server/internal/capabilities/workflows.go	717e784b580cae360dabc39272fa2a0c247bfc7300c6d80ea54fbe0886333a2b	2096
server/internal/captcha/README.md	789bcd4d86602ebec7f88a753e252760e74f5a04ad929e49993545da588a7369	3466
server/internal/captcha/plugin.go	ed6a40ef70fb83eb1c8efb54c834ecce505d7750905933bb31fb00f4e706c672	4495
server/internal/captcha/stub.go	0898281547c6bb05cdfe4a46908a20581dcab043256e3f86f1c1b0a162a1a2ab	1106
server/internal/captcha/webview_bridge.go	fed3c77b83962ad0c408d25958cf883e0c1ba0d7893ebc686bfce5a5e43471b3	1600
server/internal/captcha/webview_bridge_test.go	34a8a431d57ac0731af8601ff8223f87d0b2d87341af20766fd3d6388db952b6	765
server/internal/certs/ca_store.go	acc9617782a442af4fa42939e8ab7debc32019ffcb72b1b46d5fe6530182cbfa	5403
server/internal/certs/ca_store_test.go	55ea6dfd08faaccac99cb5c88a351d1d96ae404a2eb5392bf0fa4758efd5a240	1407
server/internal/certs/cert_installer.go	5ad1110fbf96771f877bc7c682fa684ee7d3592961cddd483d0f74eb6b4dc813	17756
server/internal/certs/cert_installer_test.go	e68de7901e18d80e7b07eb2b1c236d684db10dea38a6d4e039b4709c139319c1	1422
server/internal/certs/certmagic_store.go	f9584a67e28c93fb85ab2909e52ecd761ebcd44ef3542bdd451f2d60d141b78d	18376
server/internal/certs/certmagic_store_test.go	94e9aec6e3411f6e5ffb6d44d80063a26756c9854045507760043203b4376de4	3338
server/internal/config/config.go	0e15cfe5c4d05ac2be2af8fafd42712d835d807d581ba95f94b961bef8e726b3	15189
server/internal/config/config_secret_refs_test.go	b45f219f3fd32d3d7b692a2edcf1d4b71ffe17452f60249dfb635ba2e951dd1d	2010
server/internal/config/defaults.go	12614f64c200401e47d9a6ff229668a1521547323b7a5396c2f9dfb6a2ec5387	2455
server/internal/config/examples_reference.go	d82b2f0c75ff510d01982c1bc839177870d98c844ed681cb7f472262b2c545ae	619
server/internal/config/pipeline.go	49ae2bd803e5dc6033af7b060464c90e581ac7a41d2ef9ffa864ab86a5ed96ba	1981
server/internal/config/pipeline_test.go	dcbdc31054e5c88c320125a6f748e15607e819fba5b6cea25372020fdd423b3f	1459
server/internal/config/proxy_scraper.go	948013dbd9601b263c4ce8b9b8c921210452b064ac90a6aedc32d7f9de5f2975	604
server/internal/config/subscription_converter.go	6be815d37bd41c19a917768e08b901aebb3fb4985747255091cbf0f87e70bfc9	692
server/internal/config/telegram_bot_proxy.go	a3dd3e193f26369e02bd0e40ef60de01404f0acebcece629067b2e5073342d15	667
server/internal/config/templates.go	66ed5bb9ba1ef71469438ccbe88603f00074794c1a5903954386a19057bb610d	542
server/internal/config/tpm_lifecycle.go	fdf85c8a418ebf58fd1ef312360fece31a9bf0abbe68da8092ff68bec24d661c	5700
server/internal/config/tpm_lifecycle_test.go	f7466521aae6ba5b700466fabcd288fed28460bd133c1fb95c35240e78058271	2050
server/internal/config/v2b_billing.go	2fbd3188e86a8c2e52db461acdb49d30137a2b28b45c73d9111f4f0212341abe	590
server/internal/crypto/blackrock.go	75dcebc861b626ac718ef3be1771b7eb4e4610fbdc0989a6dfa1cc5971249ea1	9475
server/internal/crypto/blackrock_test.go	a9e764d52c0611ec715ad8cbd00b548455363ce1bd361da81dad9556838b34ed	1038
server/internal/crypto/ca.go	30f2930a7c9d12d89d05cc65be294c82e7719dce1b338267c46310ca3205257f	2345
server/internal/crypto/ca_test.go	f8986cb5012de6fbc6c593e3f0fdf657fa9c345fe788ec5e69911c730adaf557	979
server/internal/crypto/cfg_compiler.go	88b9e40ac1e0f333a63a274c0f1e3d119dad31885a8bbfd072f6370ca8952945	10597
server/internal/crypto/cfg_compiler_test.go	b62ddef7d88ac5c74dc6ee2bd601a6772aa442ddf522ea55af179b268f238c36	4272
server/internal/crypto/cloak_ecdh.go	d7cb1d3c09bc18052e1c00c32b9386293123ee68fb6f85be921c46c787569041	1708
server/internal/crypto/cloak_obfs.go	5b09df61be766475f8509ee7c973d0379027442d9538b06308362d74b6e6662a	5400
server/internal/crypto/dpapi_stub.go	e2511441243b93f9c5d30afaad4d3687bdbc7a03173bc44f33a4acec873a64c3	1739
server/internal/crypto/dpapi_test.go	73f3696b0d2606eecb8007a13f73a41d9810a660ea58f43ee304169719eae566	573
server/internal/crypto/dpapi_windows.go	c014537a30f1b6619d4d764141737ddc365847ae99f09058aee365c744ed34df	1602
server/internal/crypto/pqc.go	6b942a9a634a5e1069c3a8c65f81b7d77c74395f9fbdec4c2b8f1e668115960d	3439
server/internal/crypto/pqc_test.go	69cd1feec7922d2921f606d143ea951432777b8583640a8387a5009049db9cf7	2652
server/internal/crypto/qpp.go	3f8997d65c7ba62188601de14c0c461b0b2df039b745f6761e5f4e586ba7a8b2	1074
server/internal/crypto/qpp_test.go	c2ec03f22245319d2b05837f04816047b949e0a5e9d3eea809e0cbb2c1e9a7a0	859
server/internal/crypto/shadowsocks_aead2022_constants.go	a7a3c1e3124c521645427e8a15d57df98613d43a66c9a24f8997e161dce2c698	7917
server/internal/crypto/tpm.go	c608555563703e58c964b0427374af2274e4a4a63b95219d8e79dfe7916ec04a	5116
server/internal/crypto/tpm_envelope.go	933f34d34b4a99134772e36409b6d0e4b542f9bba63f932e30f95914932c91ed	10205
server/internal/crypto/tpm_envelope_lock_unix.go	55a6698be05b62a8eb44c0e4f7b9bee501b4461a6864d379adaf190177268513	786
server/internal/crypto/tpm_envelope_lock_windows.go	fd9d769a3216098c2e3c740aa21a459fef042b4bcfdd63dfc8af9c589ae53608	1021
server/internal/crypto/tpm_envelope_store.go	b2007c2eeffcfcb05a14cd1fbcac2edd4536cf2ea566a7eb6f7021d10c3932f3	10821
server/internal/crypto/tpm_envelope_store_test.go	92e13fb01986db428cdcdc892bbe8f97d9b054207b87c492f6421636e69ee4c7	9081
server/internal/crypto/tpm_envelope_test.go	7d1adc4713f264ae130fc5b549382283bbf6a5087d653cabe687066656a9bf73	10997
server/internal/crypto/tpm_key_fallback.go	692ddbef73ba88617b5bd33f5da19cf37f59481d468980c372f452f07b912597	2241
server/internal/crypto/tpm_key_fallback_test.go	912e7aded36e41a8eb974d0cc27d0f21ee26482b9d94947aa0eaae8fa1a9d059	1682
server/internal/crypto/tpm_legacy.go	412939ac9e4938bbc4aff8e0a54e88dd6310d7905f2722ac953cc339024243b9	1531
server/internal/crypto/tpm_test.go	46953c5f725cab0f50ad3a348172ba8d670bc4f4a2b4f7f42df235bca948f2e3	1298
server/internal/deployment/home_assistant.go	0f4cea153c88da8b2062665e3abe5fb3c411e068d50e7504a719d27e8c3d8564	4309
server/internal/deployment/openwrt_luci.go	c7f0a1e183b166970e40f6f813d7ad7421d2513bf5ac4f939c6edb4645f64b1c	4020
server/internal/diagnostics/asn_spoof_test.go	91c7c4b39b3bd6089f77cb8e4e02b0060a2c91ca53a59d0b5d632cfa6ee31d3d	1866
server/internal/diagnostics/cdn_scan.go	85ea0f139a15adb2d6bbc28428ef2b444672c023dbb90e2cdbdb358b9a0eb0e9	5406
server/internal/diagnostics/cdn_scan_test.go	fca20df9161c9b667df70648661b9cd0562bf9d53c620aecd46c2734f8032cba	1034
server/internal/diagnostics/diagnostics.go	8bb1f0579aa1f11241523a2136ab7bdaf23ac8e217dc2ed50808b3e8aa8b5b92	28938
server/internal/diagnostics/diagnostics_test.go	7401e36f3aa0205c1f3422f922225ff2717fd11c617b777a7e5b225a839cf55d	3098
server/internal/diagnostics/dns.go	2b38dddd4d2516132af8ccd6e324535bc567160ea302e761c5449a16f6110311	917
server/internal/diagnostics/iperf_probe.go	c009e3de15440d35a490fc4fb675b06bc1f70707bc8105f607700b03634942f3	2019
server/internal/diagnostics/ipgeo.go	39fb2b27081bf91f165928c006e42c87ed7c8cdca4b6bd3bdfbd63238cbf61b3	5943
server/internal/diagnostics/jq_evaluator.go	cd2062f7a42d0652eb0dbbe791c48a6505bd28034e858767d061df37e0b14834	688
server/internal/diagnostics/lossy_conn.go	bb0fc11956f7e99c9effe0cf7b39ac3e66460d7286f0e4cf1d5c2b8d70c6c423	2370
server/internal/diagnostics/mitm_relay.go	df00e343ae261c77e7e77b49f52c80d8ffa6b54d26769db70d0c31519ad032ac	2107
server/internal/diagnostics/mylg_suite.go	42b7d55d4b9b72f323049671d44d5fa6c0aa92009d9017caf0988386ade583bb	2734
server/internal/diagnostics/quality_gate.go	cb8a27ce60411e01cb847a681d9d8e365ccb457611fa8b03120b804507e4cfd8	1776
server/internal/diagnostics/runbook.go	dffddcb3450cde61b1f9c7c27c68983612e36293d4b81a09008fa030e64b16f2	1546
server/internal/diagnostics/runbook_test.go	aadcb30d07567f181a12f22e07a0095eb0af4d4507e1617e43d6dc896cb2ba21	451
server/internal/diagnostics/scan.go	7f322d3166fdd4c3230fc0f2fcd11484996ce72e0ac0a32aaebcf3172c0df62e	477
server/internal/diagnostics/sni_matrix.go	62a820c1e86678a2b607aeb340f39c9421938ba015b85d38d9f647a22b12f8b3	4445
server/internal/diagnostics/sni_matrix_test.go	70f7a0917d6ed02edfa9a7502bdd30237f4327c014a63aad09b0cb9ceb1402eb	1122
server/internal/diagnostics/sni_scan.go	3fd530a326c1edf0496760792e80ec9170076822d3ca89d66ee2a939b4d09955	863
server/internal/diagnostics/sni_spoof_scan.go	337ee93e6aee28e1a4f11824d636583b5c109ab49a704eab0e75b5308968cee3	5770
server/internal/diagnostics/sni_spoof_scan_test.go	8778f8766a6f0f4175e520012e3968f0cb18a48e84f1b1e94e4f0c67e391092c	1643
server/internal/diagnostics/stealth_browser.go	d4fb1aa16ee958a32a83c6d563ed3074fda43dd2de6af6979a81cbf07dbd1bd2	6118
server/internal/diagnostics/stealth_browser_test.go	9f9293d04fe01f0f53a376914e26f67d3b8943fb4be9589755cbac0f1c066b36	1163
server/internal/diagnostics/stealth_client.go	888071704c1887e3b1124656279b970b113186612bcf1bdb926e14fcb285e345	3297
server/internal/diagnostics/stealth_client_test.go	2e8f5f05c48feb891f9e54b66315d0e1f3759ba897c931cd6b264c3f3fd64776	1709
server/internal/dns/acme_issuer.go	719080af2206d9ca54637cc304c09dcf620d3cfad86819ecaaf59c4fc2f33a64	5483
server/internal/dns/blocklists.go	5d0094940cbba69bdb1df4ce3d0ed27cbaff80d3d64af089758983d35d0eebcc	2994
server/internal/dns/cf_api_client.go	691b9c3e9f6e255e5331cafd6d08a566e821dc2e69a5309c1305f01aec993a0d	8402
server/internal/dns/custom_zones.conf	acd05a7bfe2e8fa13a895a7062b5ef0e5518f8f517ddb08221eb3bcbf95ade33	1175
server/internal/dns/ddns_updater.go	7314c5e3d744e87eff843fc8c0ac573231e765eaf62f3d22754a1d74594cccc5	9540
server/internal/dns/dns_fallback.go	bc4234584f2245969a64e5769a1389ef11b260614927245c8ebed13a688d4968	2882
server/internal/dns/dns_fallback_test.go	cfae564547de2116ee12e148eaaccee462fa60ebaa9c468651c1aa1648e20539	1417
server/internal/dns/dns_interceptor.go	b04ca7e1b840b1fbff34a8430d03ba113eac8dd1b38611e87ba7bb1bae349770	3048
server/internal/dns/dns_report.go	1ef60ea9a1cc6ea720ed995f111e939821a49bd76b5625271df8f6d4124fd97f	8772
server/internal/dns/dns_resolver.go	45e693c53447aacff3dbfc38ff482de333f729b6a468246a127bde3e051c7cfb	580
server/internal/dns/dns_resolver_db.go	a9e63ff094cdc4a3ece364665fdb1894b6b72abe8c8385ca3f4bd95f3ff605cf	6645
server/internal/dns/dns_resolver_db_test.go	449a7c8e278f41f4e67255beab9aefe6809cff6de94f0ffcb0f4e5ba5ebe82c3	1928
server/internal/dns/dns_stamp.go	478c0b2d9dc098636bdd62278b550d77f55c42e0a558707f022eae29f8e0ed7b	2539
server/internal/dns/dns_tunnel_arq.go	3125ff1a637adee70b1806600b0b2bdc37c9ae19b0ceeedff989886fd1c62921	23340
server/internal/dns/dns_tunnel_arq_test.go	e2c5a52bdea46a71d77207618ec22021707cb9e79202963466934bfa53e23b20	10262
server/internal/dns/dns_types.go	943cc7430e468789b52fdd93153a8c7d57f6423acc3ac1314c0fcf9827d3a66f	15827
server/internal/dns/dnsconfig.go	e8e2e8850e3fc1f47e03e8af594e53307507ffc0fed8baaef765367c46d8a53e	5228
server/internal/dns/dnsproxy.go	fb17df8d9fa090b605a46a82a889d4971de2531c8867feacc3c9f5bd9c8b147b	8459
server/internal/dns/dnsproxy_test.go	16519292b7d5bb0d9939e6eebbc39f1449f0aacc225c48a1aabf99ddfda86d3a	4039
server/internal/dns/dnssec_validator.go	c427f25a829f573ce782f3dd62751c43dca799b063c8baf6a3179ecee648872b	18633
server/internal/dns/doh_proxy.go	bfd72a106aafec34ae4e03cb9a0f78204382d721cc17eed0b432f3c18d80e3a5	8524
server/internal/dns/doh_resolver.go	01fe3c827582055734ba8717a34cc830f4c6a5d9017a9a5cf6336176e49b85cf	18397
server/internal/dns/doh_resolver_test.go	f93c3c2bfda1abc0431549dc9472bff0cf53a211e30bab1674f5f969e95be5cb	1092
server/internal/dns/dohcache.go	fe83f50c6b285bbba35b38803c4ace41ab0ab3d08fd2b212226ae765625d9881	5628
server/internal/dns/dohcache_test.go	21a8231a6c8d07b947cec29915a419ac2916109fe86e343f3c9649237614adcb	907
server/internal/dns/golink_resolver.go	af8755b067723f68bb25a531e452f911379adc8d2ee5543971ed3691726ed590	548
server/internal/dns/loop_avoidance.go	6353179d7770569744192bb666c31590a7a051d899c03450dbe49a22dd2df5f6	1396
server/internal/dns/loop_avoidance_test.go	48443bbcc70c997d2b3d92ec203d0700ba09e2a6a6500a9e702c76142f3a0a7c	988
server/internal/dns/lowerbase36.go	35997dc802d3c4730ec85fa80ad3194cb0c7fbe9f2f989723572b04d1e1df55f	608
server/internal/dns/netfoil_proxy.go	1a578c8f1b927aa056567e176e40692e5d55c66b04124fc51b8c04c5082e1f22	517
server/internal/dns/pcdn_resolver.go	824279ecb858b1864b75a09e351ad723111c273356a0c5dee4d10b198f6b6c2f	565
server/internal/dns/pihole_sync.go	f13ba07a64c1c9e3c78021c7b699e6ed838d4e04d6ba061a034d1dcb0b67a3f8	595
server/internal/dns/pingo_dns.go	005e6217f4eda9d3ec935fe311e49ddf66fe4fc02ffe47e7b2360ac56b1a2db9	556
server/internal/dns/preflight_checker.go	eaa6932be2f903ca9e095771f371c786c45ba83182bb75f083da42c243ffdad8	7568
server/internal/dns/resolver.go	f638a2408d720b09754e0e538e56f0274f1683b9c990b5ca8b5a36c24eabcd0d	7495
server/internal/dns/resolver_test.go	58992da83f66f9cc9bb6dd847fa02ae70532913092b4b63918114a3f5144c784	4035
server/internal/dns/storm_dns.go	45f75460f93d508ca0be7b5f3873812e0f56a5de28be59411e728524fc4d0a19	3162
server/internal/dns/vpn_dns.go	f8fe9d0102f16ba2d1c5fed6f7213a702ec1977a726e65c3c16e063520511425	529
server/internal/dns/whitedns_wizard.go	d06f0c43d8bee68329ece3787dce0a0a181f6a53c961ac46f9f929166ace6627	14872
server/internal/domainfront/cf_bypass_worker.go	0af36bcd8b6a4105d5bb3b4499d86421b357221d6c33ff152d31b7b543c6b870	2228
server/internal/domainfront/domainfront.go	44c53fd56c6f41ee00faa105b0751e1595e2464a59bcfd740e50bd159ffb523b	8878
server/internal/domainrouting/data/category-ads-all.txt	e59fa2b44ed377d623f74292eb6bccbeb5f39eaf111f92349a95421c85d6da2f	691
server/internal/domainrouting/data/category-ads.txt	6e018bf2f5ea0b55bf851c89e9afe8cf61541d778087e8654e74310d776c66c6	3873
server/internal/domainrouting/data/category-anticensorship.txt	880721d8ae9f43cf4a64bffa3a509ac684ad806f33ae11bb4047f472661b8d63	839
server/internal/domainrouting/data/category-doh.txt	7890d539601f5b48d62d7a4b6a4babcc44d463a1af70717666febafc2cfd7ca3	5044
server/internal/domainrouting/data/category-media.txt	3a7be99051a6ba923cfd789641167459df2ee2868e11fdb63d95ed9294d4de5d	2721
server/internal/domainrouting/data/category-vpnservices.txt	ecdd8f9ab3d478fd025672b9c0ca21737cd8d503a7dbab7a26a7075bf082941e	742
server/internal/domainrouting/data/doh-domains-overall.txt	d5012e8a7a02b835616c51ce748167b10ede8e768cdadf7dc405bfc2f4b6f24f	34012
server/internal/domainrouting/data/doh-ipv4.txt	388459d1bb28d99104fd7cd0c2f96a244ea58985d6272a01ca9593601e068693	85761
server/internal/domainrouting/data/doh-ipv6.txt	7821a596084fa45917fa5090f54fd5d495679aec38aeeb264a1113c3f9964229	86162
server/internal/domainrouting/data/geolocation-!cn.txt	3f30d6946aa5d689638ff6c5d518dc5e1cd8e185dd5f3d9bb3620bae7c5f71fa	5848
server/internal/domainrouting/data/geolocation-cn.txt	ef016678222a6fb75de0eeab85857252c270db65c5f07b02731159cc45ab6cab	28672
server/internal/domainrouting/data/private.txt	831667a51e35d5c7ec3c53b89fa02a372fd5309aa6138aee7c03a4423f7c4cf7	4420
server/internal/domainrouting/domainrouting.go	199b9118d00884377623bccf99df88db1dcfa13d779c8fea676f9453387e9c16	6179
server/internal/domainrouting/domainrouting_test.go	c6f844d6ca1d29eca43ad62a8f65c74df309315e56cc09a25bbcfe51e006c0b5	1039
server/internal/evasion/censorship_detector.go	475a3e2e9f8942bc2b990c326ccb88288c78cb332c70f7812a384bfefd8f49d8	2413
server/internal/evasion/clienthello_evasion.go	8ca3bf6b3a8f688648b336ff25f3c2ba5427134dd4c0cb2328c2c7a0f4ff0049	5276
server/internal/evasion/clienthello_evasion_test.go	08257a58f589c6ae9e9b74673347afaee1f78bdfe2784c3a61220c162707c79a	1178
server/internal/evasion/clienthello_fragmenter.go	6c4c9772bd4ce689a85da6a6b8661295df1feb137fd4bd7e8520bb3ba15fc010	3253
server/internal/evasion/clienthello_fragmenter_test.go	253fabcf1b5999de4277093b82b9d3d8bb43f5dd4e3599609253f40ec36fd141	860
server/internal/evasion/cloak_browser_config.go	7dd2f195db2584d7b60b4796b3bd7c623c6aed61133891bece14faaa0d10273b	1962
server/internal/evasion/cloak_browser_fingerprint.go	1c16e35b42ef23a1ec19ae1d20ef0fb6ece0376505fb27e6a31e0e27a2eca923	2388
server/internal/evasion/cloak_manager_db.go	25045af157b63fc1f59813216d6051869b911bf8b7215a67a8f38309cf3f0c59	2050
server/internal/evasion/configs_parser.go	4148a4dd9f60debd73053595553376737395c0341ed49ed2f61219cecfcaa75e	5041
server/internal/evasion/context_compressor.go	a23cd92144bd240aa0ec8f1c60d4fb33d11e2906ce88086c8ffa963c9dad7652	2055
server/internal/evasion/dhcp6_hijack.go	a4b3551f69bf0ddc2c564cb93360d50a1ead10dfd74aaae8b39b7f12f1816363	3263
server/internal/evasion/divert_dialer.go	347ca7d2ffbdc005200fd5a6f1662532e057143a9bc50c00f9676cb6c3b6216b	2677
server/internal/evasion/divert_dialer_other.go	5f46cdb9166407407ac3b38ac65add114d9e5dbb8124a51fa9e47bd8d72117dd	995
server/internal/evasion/divert_dialer_test.go	2152142f19e25f69bbaa97901bd54dee9883ce882c974d5997e67ee90789211d	938
server/internal/evasion/divert_filter.go	1920e605dd97cc916138b1e040fae127927739298b1fbe32303b94d640927111	1010
server/internal/evasion/evil_packet.go	e33ddfd5cb217bb9490c6d56eef7518cd8a62da8be71d6b51d2ebbffa2c6f4fc	2347
server/internal/evasion/fte_shaper.go	ad52e1e1463d4a7ddb25444a993a4b33f6119877986da80a8092d89e3e4526d1	4897
server/internal/evasion/icmp_tunnel.go	ed41b018c02526228d7969d0bc12d51578f6e5ea5e300973923950ac5c9b82dc	13361
server/internal/evasion/irgfw_rules.go	9c0059bb891a5ae48843f32bd8e9c3f922c97abb527940390b46b50500e37c61	2692
server/internal/evasion/ndp_spoofer.go	1889b41e8081b8953dca68b0778c7aae4d122e399f4fed0c24eed70a5b0ae47e	2805
server/internal/evasion/packet_morpher.go	e5b143e8cdda4a90cb290f8904b19acef611c53a39387405d5e0cd282f3aa19d	601
server/internal/evasion/protocol_signatures.go	149ceb1794e42ac8cb029b8233758e42ff3dd1a2dc24a8d61159b99d9e76c391	2564
server/internal/evasion/sing_box_fork.go	1663a9c16c0f5ba48c051c3c16207a2b0510d6ea7426efdd403aa2b81543d75f	629
server/internal/evasion/vnc_session_manager.go	53bb65433f0c7867b32dada3b8b8d9eabae29a350a4af6db94f1ec175e10fc23	2395
server/internal/evasion/windivert_dpi.go	fc166fd6efadb36e6c4fa694b0b58d17a8761e2265ba8b22bc81f1bb00455c2e	2770
server/internal/evasion/wrong_seq_injector.go	189c16c968c72b3576a71f96706389e3b5eec4fc5456eb42da262ffece93677c	5744
server/internal/evasion/wrong_seq_injector_test.go	b2992db3fb2b4a3156329cc355db80a0a4344b41c15ff74d98209928d0c8dd59	1946
server/internal/events/bus_nats.go	84d874806dcd14a469434a1df12d35ded28ba5eea8d4a431d8b1f7038975da77	3838
server/internal/events/ring.go	705130aea7f5057f6d933cac32ba2fef3104e92981ade9693bec2330d5b1b2a6	5784
server/internal/events/ring_test.go	26bf52d3a88538df0f42b9245eceeb79b8b376bf62b5a8393d3a1f5fe6f31d87	2911
server/internal/evidence/repository.go	2938dda835e1642d7888b6d0681cd4511e6794b0626e294ea910de9325d68f13	6475
server/internal/evidence/types.go	76347ad12a9a24eac7e7f279c096d6d7a2430ac2b8b8bb2c2ab5f9df2adc0481	1872
server/internal/firewall/firewall.go	9ea49f399b3d903528a31e07d71d1799bbc97991420cc54969c5a1b186540b62	10268
server/internal/firewall/ruleset.go	84c4d7c58db709381ba173289635cc8a8362b1aad21eed72596fe9f0c068b883	1662
server/internal/firewall/ruleset_test.go	3ed221d56b6fb697543946382f616e0ac8e2415d44861176a3f739a49246d10d	755
server/internal/fptn/client.go	9cee93afafd8111ae85afc125ba68358a7307f81c99e3f1be6bbaa96d4640726	5193
server/internal/fptn/protocol.go	02eb332a109a3c8264dcfaf630066c5232ee160e21eef4da58e339611b7797fd	1439
server/internal/fptn/server.go	872e62bddecd0bca92f77be8a38cd8bc6c6cf39be6fd11b1d8b29a007f551f9a	3382
server/internal/fptn/server_test.go	205057848942885a5d64a5f32b4178095d6539eca4f1cae2a1c4da98deab0cef	4278
server/internal/geoip/apnic.go	117a50003c78aa4774183da0d544f9793d10ee2a0bd6b9faa515047ac4e4cb39	2906
server/internal/geoip/apnic_test.go	85375ca89c6311daa29b29ed1799d1daa0c5de6cd013f071fe00d60ec8573377	1171
server/internal/geoip/geoip.go	44ff482d058151729ed7805d389f0b211a41223b1cd5e9d6ce3e6324e403e988	7191
server/internal/geoip/geoip_loader.go	ca64c6a207fb8a756e95d7a7b2dfa67f71fa99b0797b4bb173f863283b29db87	916
server/internal/geoip/geoip_test.go	be0837270bab8435be8fb99afaede956888abda7f7aec0f9806da3bcfc672925	5496
server/internal/geoip/govblocklist.go	e11b65fc64871ec2e7ac9899ff549e221d76cb7787b58d15ba93ff27b0b70b60	7165
server/internal/geoip/govblocklist_test.go	cfab10da1e24e501910ba72245ae793e9543307df8a3eb64b27d6fbac4098a57	384
server/internal/glassui/glassui.go	61bd7ee86ba3b11f13d50819dff6f7a993a7f9612531b6d457f1f5f2a6ab6baa	9673
server/internal/hiddify/core_service.go	7aeabdb9d08ef56601bf162da87ebbf9b9de91d009f386d56c2a0ca1dd773c4c	2542
server/internal/hiddify/manager_haproxy.go	23a81113c562eb19a690fd78172c19ee4ec2e09468f14b3cab5fac1cc8534d84	2468
server/internal/hiddify/sing_box_config.go	c2f5332b9c1fb9f15aeb3dbb5eb76f193c367750ce4f2abbf65f89f63df5d619	8099
server/internal/hiddify/sing_box_config_test.go	f4034102cfd0079a2a193780940824393baf7283c5cb7086378ecc0a0dc0e0be	4510
server/internal/hiddify/worker_setup_wizard.go	8a48aa5d43e0c9e7829c17eb6ab40d29a0717d85e6ae4a364dc838f0d5283269	30992
server/internal/ipscanner/ipscanner.go	b370201ce36ad966d761f797c9182d09b7379d45e4ff344e40c8ff3e4214f7f2	11502
server/internal/ipscanner/ipscanner_address_test.go	d0aa5afa9819d68c01ff4ba9cc57e95e17ac52a6df68969dc2da3bdd351ff6a5	2018
server/internal/ipscanner/ipscanner_boundary_test.go	3f31e4b33f87d70054a3a27ea30a28e96e807974e4aed25b3e646ac0f8b71716	425
server/internal/isppresets/isppresets.go	3233a97e5942425d90452e20d3e060a4faa51c0416b2f82f213d2758bee4e8fe	4542
server/internal/isppresets/presets_test.go	128274a8c86d5e84e771cce79beb799f2700105e124562c964233c74958167c7	315
server/internal/isppresets/ranges/cf-sni-domains.txt	0170b7b753aded563759dbfb73b2d9a1a6342af68c405cb78f0287f6c0642498	12030
server/internal/isppresets/ranges/international/AS209242.txt	78525ba8a7f4353b6993fa4d907a700f547b612f3eb8b26f9aefef03633d6027	1550
server/internal/isppresets/ranges/international/Bigcommerce Inc.txt	ec2dc94a8bf756bc92966c4f7c281dd3a25f07ba0b4fdfeff48d9c1ce8fa5a4e	347
server/internal/isppresets/ranges/international/Fastly ip ranges.txt	83b7a1f7efcf0aaaa05112bda2ba661ab3c7f57a80569edf9fe99d5a5e1eb890	89
server/internal/isppresets/ranges/international/Figma, Inc..txt	faf43e788fb8a73c8855f4e46fde082832f6b5a9c8ef24ca7b2c3af15f82fed5	16
server/internal/isppresets/ranges/international/Health Market Science_mtn.txt	42d35d3409ca8e00902c60c3f3dfe8d45c24f6ffaa304811e8bd7a831a4f3081	60
server/internal/isppresets/ranges/international/HubSpot, Inc..txt	2253caa2a19df6f0ce5f114ae33cfdf7a4a1d5cd0dbbe06529f1434ff5ed1985	47
server/internal/isppresets/ranges/international/Nocix.txt	128f6605bf3d75a952023a379741f92e1544858024ebe5af609843d526b39dd3	347
server/internal/isppresets/ranges/international/Oryxlabs Technologies.txt	3a714d0365ab98cd021cb34ed45d963dbbfae9017416539cb22ea81379be84bf	28
server/internal/isppresets/ranges/international/Q2 Softwere.txt	db792038a0a2f96db240d5656be37daf79e3754a5158366f5d10841794888fa7	69
server/internal/isppresets/ranges/international/RAPIDSEEDBOX.txt	84ff25879d9ea0c8e74a395a6e1c3560b07329325fade4a77a285e40dfa97007	264
server/internal/isppresets/ranges/international/Squiz Pty Ltd.txt	456705e2a216d152649224ea46b37a3b9e7f7506220a61fbf426eb23b850dd06	28
server/internal/isppresets/ranges/international/Webflow, Inc.mci.txt	fb6fec0a5f89ef072358843085b4c486eb37908d43c518d73266414b0a793376	17
server/internal/isppresets/ranges/international/Weebly_mci.txt	79c3f227b240e3ad2f63595ffd0ab9ab152a497555c6f3fa556621510349b74f	64
server/internal/isppresets/ranges/international/ZAYMER PJSC Russia.txt	6ab49b238b3891658d21ece11825fc79d91a03de7d38af8963d2e153fc7c356c	61
server/internal/isppresets/ranges/international/ip-aeza.txt	8d0f8ef20ddd2ca5093d4b241184e184adb322611032f198fdbf882cdf877069	3142
server/internal/isppresets/ranges/international/upcloud_range.txt	9de09b4d2ba1381415c2983ad9ee06d2a6c34de5b38a5c2a8bbb70c571b19361	236
server/internal/isppresets/ranges/iran/Afranet.txt	1a1390e0c3d5b79d83e0a461e5ea5ba74fe463bd849bb472a52f0cbd56132dcb	170
server/internal/isppresets/ranges/iran/AsiaTech-ip-CF.txt	7ea614f73afff68f6c4ce1a492ee8688b5b6a29d041412ae6a2b2916a7499595	559
server/internal/isppresets/ranges/iran/Iran Telecommunication Company PJS.txt	357c502e99c556cf8ec345ed91656cf75e72ecb1dc014801707df641d71c0295	5987
server/internal/isppresets/ranges/iran/Mizban Dade.txt	0d5fbb4b9f4a17040d1553da44ae5e0e05a2fb68ce146ade3c6c70a4f8b3a898	79
server/internal/isppresets/ranges/iran/MnageIt.txt	72f023925370e0a354204a590142e8b8a0d79f985259ec4a291c8c6aec4c6020	342
server/internal/isppresets/ranges/iran/Noyan Abr Arvan Co_1.txt	25c7dc961b8a02a75d4e2aaf1986a597ff1b479c7b42989277ca169ecd37d2ec	1006
server/internal/isppresets/ranges/iran/Noyan Abr Arvan Co_2.txt	4972b38f0c267ac9161ee55a3e3826b0895834508e9d62992a8399d5755c94fe	1033
server/internal/isppresets/ranges/iran/Noyan Abr Arvan Co_3.txt	102dcc42d60c7ca46825f059299557ae9514b185a850a484e6ae1d09e381713a	342
server/internal/isppresets/ranges/iran/Pars Abr.txt	615942649a3f9cb70df682f23340bb5ca662bf88728e04c875051dc743dcd463	416
server/internal/isppresets/ranges/iran/Pars Online.txt	cd63d21e0a74757c9171ee08cdfdc07600ff14cd5db5f514646b4dbb2c0db8bd	103
server/internal/isppresets/ranges/iran/Respina.txt	3eee335df991f0d0b574ab2acd42c9c31595903d73eaf0f23b83f6bbb4d8ac47	5941
server/internal/isppresets/ranges/iran/Tookan.txt	7fb233f69065f534e15f6d7ccf4213e47e3f9d682101df7e49283d32d0d6318b	95
server/internal/jobs/broadcaster.go	9a0abdd31f14a71b75c1c5c09b82965e5ab4d165aa98ab1e82d3d4ee2180611f	3244
server/internal/jobs/completion.go	b69ff86c15c3a45a031d8738c63af4ea93e71da03861404ad48c0db76931d8d2	5768
server/internal/jobs/diagnostic_plan.go	645ef1f47e0cd375f19caa2acb76296c1b07354ff5c4cb88eb23fbe118d1da66	5085
server/internal/jobs/diagnostic_plan_test.go	219e24ab3eb425db84e5623a886c330b1ba9969965ec1bd69e76a2beea43ae83	1660
server/internal/jobs/dispatcher.go	fb1147c05fb8c60534998b57ea02464a2a5f39c90b8edd52f5d91985c15f8b79	2940
server/internal/jobs/manager.go	6dae0501bedb09a2d3e1be56730ae6ab7d42d4631a4dffd550e0ace5e5f0010b	18744
server/internal/jobs/manager_history_test.go	88d5f2aef0880298a50448263dd70f4e80c18786dbf8b40ab6dfb519ffef18e0	1479
server/internal/jobs/runner.go	dce4d1073366a4fb55f8724b4c6a4c76ac20703d65c6435a0c4cf07da574efa6	4425
server/internal/jobs/runners.go	03d2f684f3413a7947e81c353214f98ccc1c4698d93afdb6f39eb0a934003a09	14030
server/internal/jobs/runners_provision.go	e281b4218c22a73912845c26811f5d7d8abad15437528df1455cb9d0e1633515	2065
server/internal/linkparser/hiddify_test.go	6724d8d86331b3bc9e0e1dc3ac1fbddfdfc35146a20a41001dcbd27736854b1b	1795
server/internal/linkparser/linkparser.go	124be5e4c6e4e8f5633dab2b786b4797760bbe0fd0aa977ce6e8f82eb5deed2a	18018
server/internal/log/logger.go	aaba1bdb036d6ac7da491f9e976ad4f7dac57a09135c097dcd4bb312646d8eb1	3218
server/internal/log/logger_test.go	42d632208128e9468a91362f8775ace6845bfcf0e79a01795106d16f095d6ed7	1792
server/internal/log/telemetry.go	f2281e18c1a1131546355ec12364e04315610efe1c69be62ed62f4e44a9d3c9a	931
server/internal/management/android_panel_controller.js	6912455ee412dcd1f32b94251154585aad321550685a4d143e05e19ef591c687	212
server/internal/management/cloak_manager.go	e42263cedf904ddeacdca7699daf8dc9eb44d4c46a2b2704ea9a0ac9b4cd9df0	5500
server/internal/management/cloudflare_mitigator.go	cd44605a43b4869eb51f016c7b933fc5c98b0cd16181c91b1605a4ff99a8ff15	6784
server/internal/management/enterprise.go	fedac8e2330d7296201cff40900c22394ac707e102e2cb5542187b3a34c3beef	1182
server/internal/management/enterprise_test.go	370ff08b8b6cf2383617c61a5caf2d5f806af02ffda72df5f66223d985683480	624
server/internal/management/fernet.go	0bc87e468ba1a8dcef560e200a02d2806001b1bbdb0c0ae5cd5e5268a7fcadfb	4592
server/internal/management/hiddify_orchestrator.go	0ff052dfc4baeda15d92374790b0fe41604a64d13e2c5f60cb66c4705c4d1ff8	5774
server/internal/management/hiddify_orchestrator_test.go	9c118890dfbcc6956f80ffc6c472df1f3f14c3b2e6e87fa1c349496daaa7e065	2559
server/internal/management/inbound_service.go	533ae86dba01e09ea801fc81b6884d85cb3851b35f3f2e53a0dc78aad3f693f0	21146
server/internal/management/mesh_navmesh.go	08be024e152ca9000c77308b0b5e2c7a35e8976f6eaf77cb61dbbfa58d920eca	566
server/internal/management/metapi_gateway.go	3f0df21c7d39eac7adea173d0fe7a5fd1030d65c2bdb3f7c48c3994c05f459e5	634
server/internal/management/mtproto_panel.go	4bbe887cf7b3f12024c2585bdb48a4824a50927473724d9e870baa3274d826b1	13575
server/internal/management/multipanel_service.go	f241fa1910110207dd9ee7a168c7f9d0250fe3033d41311224efd70f26d9901b	8049
server/internal/management/panel_controller.go	2dee1bd0d1bc8b6ef16f3c6c97221a4e0a8a49a183fbd7d09ac4cfb89c8aca71	4968
server/internal/management/panel_node_orchestrator.go	bce754dc273b9c6e84a01ebdd9b7644b96a679c15a698f546d222d9c88054fe2	699
server/internal/management/reverse_bridge_orchestrator.go	0b25e396ed542c38b8a708f96c2cf8107cae02ac65499b7638efa936bf32ae92	726
server/internal/management/snell_panel.ts	785340aad0be95205151b1745828a96dc1954569c2533f5feb748260955a6c62	281
server/internal/management/ssh_panel_manager.go	356d693a7717c208a299fb363a2cef7c912bf02fe81eb6d93c03e039d910890d	659
server/internal/management/v2rayng_panel.js	02f93bf09772e6bb74b5f8ffe41319f47b0a5838fe9313fa130f5e165a4525e3	1851
server/internal/management/wireguard_mesh.go	e165c0f512e9d4e3b51e5522806ee90e4019a3069ef0c9f4aa45a79b93bc78da	632
server/internal/metrics/luminet_metrics.go	8b11bd7589c2cdfeec054c9eedb8d10f42fdf1c2010d6b1c25c1884637abf821	3199
server/internal/metrics/registry.go	bc642c94eb62a20ce1e7826be07caf7c1c0f19806712d335a3fda44d9c9a7d88	6100
server/internal/metrics/registry_test.go	0adeff61bcf8e16dbc1e124506bc64750b73be6b242855e7fc42547df14bf26c	1393
server/internal/mobile/README.android.md	8a7509ef2343433f245a75783bac5c5a62c195b65e588bf04820389fc491f154	100
server/internal/mobile/android_root.go	514d0e605eadd108ce061a330196fce2612f7d56cc14fe3ce9535cb135df03e0	1993
server/internal/mobile/android_standard.go	4558e3727977e9751465ce97c7d361a79c22824ec49ba07c1a182dc444f1d322	1820
server/internal/mobile/app_lister.go	9ea7c49f7ab0323d2cd06ed8ab9756845d3a59179e4cad844652d0bc1a3719cc	240
server/internal/mobile/protect_unix.go	ab1d46c061b18ef7edf52f8c2cdb7ed2e1711ae6e0775b0b09295910de64e8e2	1054
server/internal/mobile/routes.go	cd5199103bc35fcd16403e4ec21366b6121b43a3419eecb9e84b1bb1962fd8dc	1248
server/internal/mobile/uid_lookup.go	4afafecf8993c4f03c75c44bf38070f2fb0a9f0d253dd966570675c265131557	386
server/internal/mobile/uid_lookup_test.go	39d40efe62bba73d8a6d8ad81b22a98438cf53e1397ae5daa661dd0368dc486a	757
server/internal/mobilebind/mobilebind.go	598672c553b2423a4144a581cdc3c3cfbf6e5e14eb39d9652f4b07fbe90f83fa	14456
server/internal/netutil/netmonitor.go	4379db2816f598dacb91db3f7f561e7b3ea97c106ac271ae41fbf4a27bd840c5	6160
server/internal/netutil/portregistry.go	233c540fd2c773dacdf81446bc1bc3ad2f37499d0c333aa30258c611dbfdfdac	3153
server/internal/netutil/rate_policy.go	dfa8da4f710dba8efd979a338d31a9e06cc03faf8332e69d09c73bbd5db0c004	862
server/internal/netutil/rate_policy_test.go	09e7329d6c121cdd5858fd83175024efde19ae5a5cacb5762eb98021e774e097	343
server/internal/netutil/socket_tag.go	72a7bb45daf41100150fc0c3c4ec5a3a5a290c5d53e2e64bb05b0aa1e3391478	6596
server/internal/netutil/socket_tag_linux.go	67d60ca2b975657c0aa90046edb55339d8e443f559cc21d800e84fb85701af82	978
server/internal/netutil/socket_tag_other.go	ead5e350105ec8a06fd8db6118c8ebf7a8b3f4a09d64f9f5dc8377eb507dcaa3	675
server/internal/network/cidr_math.go	54bbbe5ddf0393b1f524261e5012837b2dbdc800b5a1dec153e399ead035da29	4788
server/internal/network/cidr_math_test.go	825384ce82c533750db1235401095355fd032520610cfc92bc800e2bcda17bee	1822
server/internal/notifier/notifier.go	85f4adc1da9da6c39a845495e1a8aa17dd3f8989bc64dcb9b3f0b7b81d1cdf06	4159
server/internal/notifier/notifier_test.go	7656c7052a61a5b97d10447cc7a784c0f8b3c4dd08b4961c7c6c413adcf9b130	1107
server/internal/p2p/dht_tracker.go	889f3cda8b850ec65c078099854a1187478d26bcf284141b42d53e27570130bb	3210
server/internal/p2p/discovery.go	8c17aa3f1ae981802c4feebc466473f9c9c4e77f4fda9c8ea7a9e621b043870a	2518
server/internal/p2p/discovery_test.go	f9aee0813a0ca28f371774002f86d7a9cd73ee66e83f692beb1d3420b8da6fcb	699
server/internal/p2p/link_quality.go	d0f6ab3cb3506978e3e1b645ccfcc42850c552014ea25fa57060cce843b2e080	1402
server/internal/p2p/nat_traversal.go	c55749b6431e87ff6e72f326f734f697fcc6390a3838b12457a963d33a87ece9	1748
server/internal/p2p/pcap_analyzer.go	692daf10ca08618bdf3cef501b81417ca220b7dccb8514fe21876e109e340afa	3551
server/internal/p2p/v2ray_assistant.go	a315254710d0b4f3916aae4f2874d4995faee0550a789e7126c99d606e7e1332	3813
server/internal/p2p/xnet_overlay.go	fba0b4822d30cff34ade676dbe8740c2f379fcb87925532a5a4735ebbb415504	3457
server/internal/pingcache/pingcache.go	66290082fcb7aa57bdddf1f4c43d8dd989f7b6762481933a152f0835609fd0c3	7033
server/internal/pingcache/pingcache_test.go	16cc223a00a41a080da5cbd82737425225882b19096348a010b805dc6f5eb421	1901
server/internal/platform/platform.go	9cd7d29ccadcf2586b1310b6770a999ac703b91559c4c8326aa639519908753d	1224
server/internal/plugins/manager.go	fa1e76f655b8902415331a359da4ce58ece48b438e049317cae7c1a904a819ef	3067
server/internal/plugins/registry.go	fb31a381d4567c94d8319ab0633250e92ef8f711a3a7a3501c5f4321e372b633	1447
server/internal/plugins/registry_test.go	5f940025a1e984731ac73f65d58277202335def59ce830ee34a330983f9a2714	1069
server/internal/plugins/testdata/wasm_test.wasm	65cfb8304220b4f77939565719e748d5cbb76b35dc50f8b88560e30d5ece4f16	21902
server/internal/plugins/wasm_sandbox.go	6345fb6c75ac04289e03cbc309283dda756baa178c2c9994d2256ad34ea0f0c6	3323
server/internal/plugins/wasm_sandbox_test.go	8840c546d5081ed1c69f1ad0820cabf3b5df891f0388cb51e1160f057f5bc5d6	1149
server/internal/plugins/wazero_compiler.go	c895b48e47010556e57677116779d9edf7e85c91c8a152647b4da9f8716d0c92	639
server/internal/plugins/wazero_loader.go	ae3f3628605103ea8e501edb9f17455d5db7a2a0a36cc937d1ea6425dfa9b8d4	2058
server/internal/probe/probe.go	ad560865f2a3272ccc641c64cfa9265ecd19832e846368a0786ace3181e82dd3	3848
server/internal/probe/probe_test.go	213b303277ea61ae13400fdb87f7232931580275640686c827515a2cbabd7c5f	1159
server/internal/provider/builtin.go	07affa824acbb468349b9fd4b748a17c6aaf299fcec5cd290a70f7376112d051	1689
server/internal/provider/corpus.go	6902cdecad68a540cf26b72131316db8ced5efc5c70ba096e670709b24416366	6421
server/internal/provider/corpus_test.go	75a2663cf0717ce934722d65cab5636be653fe34c481bc4843682b1117c10709	3060
server/internal/provider/manifest.go	ebf9344cf1ba4f45d52fa67e059c1b6afe6dbcb7b9b9026e7236f038b7383eb6	1484
server/internal/provision/billing_schema.go	168d06458f22b9ce5b201c96993087c74f02463c0058b023498d448bc99ee3ab	3562
server/internal/provision/cloudflare.go	ea3bc5fb83e44c0fa3c407801b8a72eb3111e2d0bbd4d60e4348ce240ce61558	24579
server/internal/provision/provision.go	f7bd131055f8df86a328aca745a905c6d6aa157bc7756d87da7eea137a4cbc43	2085
server/internal/provision/provision_test.go	6e8ba133952e147a5022caabb0caf0c498c06a17a56d47ff07070dd7c6de7e41	9123
server/internal/provision/terraform_provider.go	b701614b5465db92f4f15ce679f9291412be15d8e16c009859d49a50a8ef6bfb	10833
server/internal/provision/vps.go	577e60f3f130936615110400ac1c48ed49dd69e1c6ecd2a27522ea747ebdca20	7467
server/internal/proxy/acme_cert_manager.go	68f3b2c14043fc384feca0dd33955ac068918ecfb3f2014439ce7e2c98beb7e0	12556
server/internal/proxy/ad_tier_proxy.go	32ac7c190737f2597b462bdc4eb4f4f3f85754307311892985e0d76a47a029c5	606
server/internal/proxy/adaptive_dialer.go	6e46a949a822f01b59faf22dc1ac66840bcc2e8ebb2847a067a15dcc2db8d3e5	1870
server/internal/proxy/adaptive_dialer_test.go	2afe7039c6ffb0fa459a3554322f51f9024fea4d4e8256a86b61b81694011d8f	1700
server/internal/proxy/adaptive_throttle.go	ecbfcfbf4f79c93d6f5893d0bc8529ed5352d38c6077cd9faa8ea95f3793ab31	2645
server/internal/proxy/amnezia_config.go	6bc816c0524a35b93c51ead0c1b14b3e662a2b3005d1abf65d88d3f1a22fa379	673
server/internal/proxy/android_proxy_client.go	f709727aed92f64850a88e29e896fb76f9116a7983de6ac726767f36129e7fce	2602
server/internal/proxy/anti_bot_bypass.go	ba8b50c7ca8d568234b2d73e723a715cd7f4ef6b66f054de218ed69830c43956	2054
server/internal/proxy/apps_script_front.go	0e9c3945723f88fe5ace7395b8d111a2448a58a924959f7fefe36d4b1e5ad79a	3709
server/internal/proxy/ast.go	6ac2d94ab5f7927d3ea474ec598ecb1f10875105150a486a22d63fb5dd3a49e7	7018
server/internal/proxy/async_reactor.go	8d69290dac5bd471e1f15ad4138a238b054e49caf8f66e7cbb478c3d7175c08d	229
server/internal/proxy/async_reactor_test.go	df7e8ba02510bcd8d9d16ee90f53b565af9ffe4f7a8a4466c0b3d3337997ad46	4113
server/internal/proxy/auto_reconnect.go	c1bf937b2d78d49cdb3941121846152b6a3b3e411b16fb547ef0b1b769981a1e	4112
server/internal/proxy/autoworker.go	60a2372bcfaf32103300b4a377d94933899ee6168c6ab1fc585bcc1285cb2907	14066
server/internal/proxy/awesome_fallback.go	75702acb006febc6a5ab48915ef768e95903ceb35670a432c29e144bf6957eb0	858
server/internal/proxy/begzar.go	22cd145a8a22e50c4d16f64dc6e4a8c86f89cd3c0291a60f7dd2f3de1114b20d	693
server/internal/proxy/begzar_preset.go	d7409fdab55c28a44125b2672273bab71c2c61a498a1f3a7c5e10fdfbb2bf6de	3402
server/internal/proxy/billing_monitor.go	eb58240fd1a2e6005b74e6db20ddf9e29b1c408b6200dc97a77f4b8a8ea3b048	1649
server/internal/proxy/billing_panel_adapter.go	bc13e131e4f34b06930e2e7076f1afc36c568b76bf2c61b2645975347ac2fa48	607
server/internal/proxy/bpb_panel.go	674a22b944b276d48dd170241a15e60b8596dddaebcfeed7def3e433c7772688	30590
server/internal/proxy/brook_transport.go	c8ca74ce2b1f59603040803a56bc8e441d7ed463bfc2058d89e382f9a82932a5	7950
server/internal/proxy/brook_transport_test.go	b1afccdf427977787971c09d01738810c9f8de3df0a792fe6154f1d5b6ff3f5f	4196
server/internal/proxy/brutal_cc.go	d1be7406b3ae5fc0f24238adb52dbd45eac90fa11ab04da68166059a3ebd5b97	8395
server/internal/proxy/brutal_socket_linux.go	7a706fcb0f525afd159aef20ecdeb80ed2afe166a1671c440e7043adcc721397	1359
server/internal/proxy/brutal_socket_stub.go	ec02e0a9914de6f2bce68612a87e21581f650a11d844343ffe762439fea2ddd4	254
server/internal/proxy/candy_connect.go	71150a9406c11168657427fa09eb1b537e1cdb18d071711abf67ea5e477c8198	4116
server/internal/proxy/candy_server.go	9ff892fcc7d12cb7cffb33924f24841fd1a2a4932a9d35d6466047631080bc60	3445
server/internal/proxy/captcha_solver.go	4786264ccf36fbef4a8cda84315b28c1c5eb33e12ed5d345672172802998aef3	236
server/internal/proxy/captcha_solver_test.go	01c389dd8dd9f11bfa04b19cc55e573a9d66a5c381a4dfeb825b494be69563d7	3581
server/internal/proxy/cdn_discovery.go	76c58dfd8ead8785b1583950c2d398272623f29a4864ac695547e9ab84e74021	2985
server/internal/proxy/cdn_discovery_test.go	de2c8ef740699006783cb3333e63070bd9b382199b802bcbde286be0cac41bf0	1607
server/internal/proxy/cdn_fronting.go	58ff37a1e3b0b0637c194fd805e4bde8c3464366f7f89fb005606bc732499c86	4760
server/internal/proxy/cdn_fronting_test.go	37a0d03484f90c3e5ddd18acaddb396403e948622b0340ec8ec834bd31507afc	2319
server/internal/proxy/censorship_api.go	a251d8178a51ada0367839348ad66bdbff395ffbefafd82bf0f7e7f3312111ee	3070
server/internal/proxy/censorship_api_test.go	580108f098dc487b02583b5c8cfaeabfbf1f08e88a4424a7272d33f24fdcb356	2056
server/internal/proxy/censorship_doctor.go	ec510530777b14a25f061fc822c39da075f255d72456e187d4b7742257a4f384	3093
server/internal/proxy/cf_bypass.go	44f0b978b89ebeb4e501f7af237cf1192f5606d029230532b7de1b443e3f242d	4636
server/internal/proxy/cf_vless_socket.go	bbd62ddac95ff92ca4a54ec6e181c4ebb0b7b4ad6e7c9405ef079f72875bda15	6009
server/internal/proxy/cf_worker_dir.go	dfa4d604ba0bb3f99f7c882a3af2c4162cecd64a7af363f3b78312a54745e8c0	12755
server/internal/proxy/cf_worker_gateway.go	b453db3378dd1c89ac8cd9230a71bed564a0f066918fdd041eaf57f5bae894e4	18475
server/internal/proxy/cf_worker_trojan.go	7b0c7734348373d997f408feae049356fd6a2177b9cf28a1d977b961fa589049	1199
server/internal/proxy/cf_worker_url.go	9e0ac7549b559149807718519080d7fb40d214987eaa118c21b8218166a7cfeb	932
server/internal/proxy/cf_worker_url_test.go	ef97a66aa5197859611074a6b1744f11fc530b272fb77945a728faa7296990d3	1053
server/internal/proxy/cf_worker_vless.go	317f320a43750051d04f8a7a8419f6ad572e4076577bc22a467f3a96762d5e92	1411
server/internal/proxy/chaining_test.go	afe2e3287a72347dd3e2eac4228e029ca4634cb0b4b78d3d8365011bcdaff3a2	3309
server/internal/proxy/checksum.go	c2c6b388f0a77bf5a5a6f428878f9fdc73c39e92979ffb82a1589592e050dfbe	1243
server/internal/proxy/cidr_divider.go	13bde3e7493daa61f75bd308dfe15d02c313ea69c05b27aa5c6941dd9bcf7404	4799
server/internal/proxy/circular_cache.go	926e6409c6d52da4311ccb76cc5e775b7b3ba8ae1f0c4db0675b556c39d116a9	185
server/internal/proxy/circular_cache_test.go	10ff69e1f8e8a6199f070fcbe8ef960338172ef29a327c03552ebae5dc55b890	1116
server/internal/proxy/clash_dashboard_adapter.go	199e181879b8345e5812ae3ee3e9dd6de95ef230bd304ac507ccadd0d26214fe	6742
server/internal/proxy/clash_webui_adapter.go	ec02f151f0eddd3024999d707c6f68d64871491a70c2bfe6290d9ded58ee69c8	5064
server/internal/proxy/clash_worker.go	aa3095608c701b1e2ffefa9b4f6d2b51b138f5342c99d15d5640191a09d65afa	16555
server/internal/proxy/clean_ip_prober.go	d6e9adeb375f3ff03760a72b37654d529284dfd7f72711054ca355f3f22e4ec0	1978
server/internal/proxy/cloudflare_bypass_proxy.go	34f0831b70b3e9c77e304247f88ddb236467f9e7a083f9938cfeaf571ddef3a7	9325
server/internal/proxy/cloudflare_speed.go	a0c520302b8c640b2f5394238a710d8f66c850d81296e159c385edea0b550093	531
server/internal/proxy/cloudflare_worker_relay.go	8912904ecaacc083a3ec767aa22a60838c5920de26b7121a36b880130a57635b	688
server/internal/proxy/cloudflare_workers_proxy.go	f285ff291bb9170d847293295e09552a6a1ae37fc9755ba65ae83d9bba72d296	11614
server/internal/proxy/cognitive_stack.go	ed3c67f3bdfe8a228cccedad7d6b6b11e2feb476403c073e0e7ace60cb1f91fa	2574
server/internal/proxy/conductor.go	8977992b7c403214a34068de712538f71512462c560f6479feffeb5719f144d0	2402
server/internal/proxy/config_migration_helper.go	79a0b8885eda203ef8706cf0f77ff13aa67c987e1db5ea9c8f9fb9a3833f7b9f	528
server/internal/proxy/config_sanitizer.go	0f6cdb264760a3bf81477c132a67717f19e7931e9b92c6b6a74b8f30c648db92	2425
server/internal/proxy/config_watcher.go	0a12b9c399adc02bbac3162e0e144e1ec21914a74db2e9b5efcf1fe90cdd2f8a	2169
server/internal/proxy/connectivity_checker.go	ecf16e56bb61bbf9c1cb429d5aee7cea52a383a44c8b7e2346ead987940b206c	2310
server/internal/proxy/connectivity_checker_test.go	fb2571da2bd0272fe888ae44899132c121244736b4e76f205190b7eb5551dec5	1612
server/internal/proxy/consistency_audit.go	4db3435937606562af013a5f9d44cd856ccd3bcd78f6f8cf49ec7ecd410ff696	2886
server/internal/proxy/consistency_audit_test.go	c548a38afdf02215a9376c5cfac4415543c7839ccbd6eeaa5ea1c31dddd99658	1666
server/internal/proxy/core_manager.go	5e8dc0ed80015cb876d748f344c248e015fa66a6e721002c4cbb1673e05e0fb0	26439
server/internal/proxy/core_manager_test.go	5e2b024f846806ee917dc3497271eaac4160c5f63d0a0a175648e20b7dec7d64	5906
server/internal/proxy/covert_gdocs.go	24e01c0d2d1d189c3177e8667e3d243c7c7752dda846976c8e32b4a0075b0b98	6984
server/internal/proxy/covert_gdocs_test.go	f1ae0be6db4a95fddb2e4c3cc1ffb320d16bdb8061fd6c4a572faa215e538c1a	1634
server/internal/proxy/crypto_vault.go	e2fc8cbdfc1497e015b776efcb87d9e29f62bbe0a01232b8f0080cea8af94642	5093
server/internal/proxy/crypto_vault_stub.go	b70b596a23effeaeb2f0e1d2971715df55ccda49d3a433c3e4c23debf846a0cb	249
server/internal/proxy/crypto_vault_test.go	a8d2ee7a6d0a603bb4bc35b1f9faa20a61befe06c50fe138d2f2e224c6b61dc3	5173
server/internal/proxy/crypto_vault_windows.go	9f2841131b9027bce9bc6c8fa2179c4334db366fbbd0ad8790eb592939edd053	2108
server/internal/proxy/custom_routing_rules.go	0fb86082a9dc03b8268e67efe17376e907e2b5b66b7e77e15d33e4952450f4ee	2470
server/internal/proxy/decoy_traffic.go	f6b3a6bdddeae8a18dfe8a54e8a09216c72293546882262a68207168f9bf3156	3969
server/internal/proxy/decoy_traffic_generator.go	ee93250781a52f676d64d8eb60e526b0d2855f4702a47e226ff15fa74a482b29	1644
server/internal/proxy/device_profile_emulator.go	0967f70251256dc7fb3d4df2546d56ad81f34005ee68e2c69581e89591736927	8247
server/internal/proxy/direct_outbound_setup.go	a5dcb8dac7732021ffd25ea01c45de8f7c7f511566614e1bc77d7dbe2d46e17e	710
server/internal/proxy/dispatcher.go	07a586ccfb290c1178b7a358539a26a9729044d4f38cabb8021e0d968917614d	2453
server/internal/proxy/dispatcher_test.go	520f1d880f9ce690541206662f492f4e9380941d8d5f619647c282f8dfdcdc4d	885
server/internal/proxy/dns_scaling.go	cef22d69d8893a647b6a76d589064799da3a4366f1dc63526932c7928e01719b	2691
server/internal/proxy/dns_scanner.go	43ad620314f1d7f53bfa95ad847c4a48f453ca8971d0d7920e9894b6b1dc622f	8375
server/internal/proxy/dns_scanner_test.go	8bd411697d73fd28abacb225d74d719fc15d62d7c460e5b32b162f668b652c51	2908
server/internal/proxy/dns_spoof_blocklist_resolver.go	790710efb126959b61d339ffc01c1204b71650b2355c3ba57191a555857a985a	7002
server/internal/proxy/dns_truth_table.go	884f65d4b36e9c903e2ad48b4e5e237744815476882cd9bf15ec01c7a33abe08	2624
server/internal/proxy/dns_tunnel.go	7981d907be7484c3df4287440ee476b963cc68e06e9f55869be233bf43bd1ce4	3771
server/internal/proxy/dns_tunnel_test.go	12b0d985ad76c967d4b850b88a0ae3021728e461fcbae2c78e2e90752791e2b2	3946
server/internal/proxy/dnstt.go	3fb22dc06d1e6d2488706ddd59e282c941b56af16eac0649122ae1bd517e5bc8	615
server/internal/proxy/doh_blocklist.go	875259aeb8f66930e86c4ffc7cec985e93aa23bea84c7cd80f8e93fb2199fb65	943
server/internal/proxy/doh_dns_resolver.go	2daa67ff4131a26b7bf9bdfcd9a99883bc6473581b81d49779b02957b891385c	9869
server/internal/proxy/doh_tunnel.go	d570d6efbbbd36d42f26d9f8ccefb92a4464a32be36317a0e72cb6127d79fcd3	3777
server/internal/proxy/doh_worker.go	8db85dfea6bb6d4c30a816a5cdeff8ada97708561a52b46ad12e0be59d9a0f1f	6157
server/internal/proxy/domainfront_gas.go	c5e49b3b278dcbac775ea2179ad8205ca2664224737bed93ddd3d9e7f0ef5427	682
server/internal/proxy/dpi_desync.go	4d0281be2177e34b09fbbc64ac4ddfcd547389067e79ab2cf6c01a7f65b53bcd	1242
server/internal/proxy/dual_proxy_server.go	645b0b7494e7aa44d412e03290e2388246ed95b41ddf48a93a7df563176ddd3b	8246
server/internal/proxy/dual_proxy_server_test.go	e79262b509759cc19ac51b863bd3c0c111ef8937f4d12ac9fa0444045fca0a96	2434
server/internal/proxy/ech.go	438e168a44d73b40ee97190354832eeab37147bb8c342265f37893a4942a48d4	9612
server/internal/proxy/ech_test.go	d7378ab96bc3c3f5e2b9c0dbf671169169a7a7b9d138b59af7f6d6629ddb8fed	3507
server/internal/proxy/ech_tls_tunnel.go	5f0cc1692168fd6ec5e49ceca58677b066832884e70dce41d7621a68fab8c38e	7152
server/internal/proxy/ech_tunnel.go	dcfc8b6a1ee166c5e5e111bfaed840ea79bfe7ac5a3b5cc49dd203c5b05892ba	669
server/internal/proxy/edge_auth.go	fe7deeed0fc3c5051dd8dc3adcd63b6476fdd917b495255cbe7e49912d4b7c00	5967
server/internal/proxy/edge_auth_test.go	a6b8bfeff19a10d4097c1df55c46b429d7b46fc2067c0fa30f862f262b4b216e	6683
server/internal/proxy/edge_control_panel.go	d29aa59453a7ba90a548ef89b3e9bada8bdb7e78d7f8feccb40fd168d9e895a7	3583
server/internal/proxy/edge_dialer.go	25f1419f33b8259f342ec0c465502db585025600d7b9d9ad45e698e77b19ace7	10667
server/internal/proxy/edge_dialer_test.go	b4dd9e4b03db9365c7482caf840baa62834c448d442d9eb173246fd41551674c	14715
server/internal/proxy/edge_models.go	82ecba2efcfa706f341e5fba44f73da423796f8d66efafd0709df752bc31b408	9875
server/internal/proxy/edge_test.go	0c4aca05eaa5fa78eaafa8a3e23bca089391c5e35ea9e56b110c2522c8c93867	5337
server/internal/proxy/edge_trojan_gateway.go	d0bd2663227d7a50d99cf33973f35b914e663784d2be427d09b930560be43b43	893
server/internal/proxy/edgetunnel.go	b2333bef412311df5f39b94a5965f7cf0bb9ae60781ada16dca6bee5e7792ad8	8492
server/internal/proxy/embedded_docs.go	bb9f4679b626947b11f9bad4194e62ac66c95b275e2983f16e963b2d4626b095	1963
server/internal/proxy/embedded_docs_test.go	60ddd542adfb80003f946410e249f027bdd8ada92cecdc2b7976bb6fbd2684f7	1573
server/internal/proxy/ens_resolver.go	534cdaedb2f29d72e87f7f5c39fa762469bdc76f7dd0f0424e8f337881d97b6b	1902
server/internal/proxy/ens_resolver_test.go	b4ec0a969ddc564dcd13807b8a4dacbc84b8ce74f551d8ffe2573fafe2399185	1086
server/internal/proxy/env_drift.go	286644a204775c18f6be1b236d8ba249dad385b7856d5900c2ed51921c2d0817	1884
server/internal/proxy/envoy_proxy.go	558eca5df003b9c86ed63ceba050fc9013aee3217306708edeefe7e02f6bf74f	3730
server/internal/proxy/evasion_divert.go	3cccce37cbed5cc79e7a5cb102ba9a1994565ffd3b6b70a1c24b1887d4e885f7	11545
server/internal/proxy/evasion_divert_linux.go	d59d90d2752c6f27e5adec69f5fd37dd8fcae190a4cb8bd279427b9bb1dc51d4	8453
server/internal/proxy/evasion_divert_stub.go	d902f0e19feb5bcef3503062543e86e7848bb00d3d95cdbdf45e7af17467648b	1152
server/internal/proxy/evasion_divert_test.go	d4662142f2b22d14a838befa649d144176dff3b5c92f5f11d98e8c5a7b62c317	5745
server/internal/proxy/evasion_divert_windows.go	7a737f79b0208c04dc80a34049dce0c0dc30b03d37cd51272d6157a137b1e444	8475
server/internal/proxy/evasion_netlink_linux.go	f44ac64172052678e371bf6b2f75cbdd8ffa1011e8651fb6558df24110f1f9b0	10003
server/internal/proxy/evasion_netlink_linux_test.go	d77053b1a7983078d8f16484cb07d88b7f159d29e84cbc3753e0c20976130a1d	2074
server/internal/proxy/evasion_netlink_stub.go	f5f7f6afe4f094435726d140ca3853b84dd0b0a660bc094a5d12f866236c9a5e	1776
server/internal/proxy/evasion_oob.go	42df6d370f2b9e2e2e2da4359a497862636d789a0a6bd8a3b84d7d93823d114d	348
server/internal/proxy/evasion_oob_stub.go	7b21f1ea5d36d2649fa923adfabdc63e3561666fb092b1a097029ad752e95413	363
server/internal/proxy/evasion_oob_test.go	9d61efb54f3ff0ccf1480501652d843d4d8b9f7cc4863eaa9141cb734417be05	7737
server/internal/proxy/evasion_oob_test_unix.go	852f999f5a42412082a92005803cc1806e1a2abbef20f94f2d446c54dc2bf07e	706
server/internal/proxy/evasion_oob_test_windows.go	8a35522cec9a732a12308450e53b37259163ebd52c9a3c1bc7b9603577469452	1137
server/internal/proxy/evasion_oob_unix.go	597077b52b8be1a5c75fc6e2ddf1c2df7122333b29cf54f073a9247f0d91d97b	774
server/internal/proxy/evasion_oob_windows.go	d0a129e6d697dcecfbd8f242bb1535900dd72807729bc68cb0f35df47159a66c	1051
server/internal/proxy/evasion_test.go	6b1798cd14483ca4542e8da951665f4429c3dd91d33588fb1eebf514a2667629	693
server/internal/proxy/evasion_tunnel.go	d05258899642e4f91976504ebf5eadd1a05ce351d833556583420b93e404412b	24944
server/internal/proxy/evasion_tunnel_conn.go	87a4c960317c8d3c1a2bc0bc8e52272f7cd9e530bee9ae51a3144f0486c289e0	15601
server/internal/proxy/evasion_tunnel_cps.go	62a3f943f21cf476e63b363461b020dcd9123bd856f755251797971106142a7e	2340
server/internal/proxy/evasion_tunnel_dial.go	51eb60436424af2b59f3570acb4529fa498ca6945517c141b4a7464e65fc4b74	18316
server/internal/proxy/evasion_tunnel_dial_test.go	2c0a3b7eb6ccd732b46bc795e3972ccdcb88f15612399c1c87564ed2fb58fc54	2057
server/internal/proxy/evasion_tunnel_dns.go	4c223ecd4c13dac575dc5e330af90c069ae8e018245d2540a01e57b655647e06	19494
server/internal/proxy/evasion_tunnel_mutate.go	9baf8571f7abc9ed43166caae14da3738cc841dbbc2e02aa544e3f51476b0dc1	14437
server/internal/proxy/evasion_tunnel_socks.go	5310ea3297c67495d16b8a30f696744422cb0075de4c9ed90c32fb63ca794fb8	3452
server/internal/proxy/evasion_tunnel_test.go	f7b87e391f3f6bd2b9356d41c42e0a01aa0f90cd0f37787e919679b48bdc701b	21798
server/internal/proxy/exporter_clash.go	b44bc4ce80d0936528ee034fbb8391983759e028e751cf705ab05f2f549120e9	4874
server/internal/proxy/exporter_clash_test.go	b945c7d7a724153cbe2afd24a32804d5c59fab351b0e942e83905233b9f2baad	1442
server/internal/proxy/fallback_dns_pool.go	68a86e80d49e943c91b5e20cbe3ab8f889403abb7495d28709ee7fc505aca199	350
server/internal/proxy/fallback_router.go	630919034c49f07afc4cb228112d47a0263ee9e94cf414be750fbb86cf2025e4	4957
server/internal/proxy/fallback_router_test.go	20da420ced045b1deb0f705d94393aa1be566cf2679de80b30d1e23e3b0833d7	8430
server/internal/proxy/fallback_seed.go	93b2a1cb33bd727c821b72a4751d15d4e17f6eff90c92680f8c8afff9e01432e	3215
server/internal/proxy/fallback_seed.txt	1f64249d7c4478b3c5a9faf848e14b7b22b73b33bebf4c85ba6171a0b8bee5e3	399
server/internal/proxy/fec_codec.go	08557c257d441b7d3a0abdf0907998374274aa1edb9e4bd26c950ec7cd3c0653	2035
server/internal/proxy/fec_codec_test.go	e3c42732f5cd43a2804435d18bd2859b724a75598e4912a4fb02cf8660dc2c06	742
server/internal/proxy/firewalla.go	d0ca055e73b01e992576531fc6dd19fad8d6a8cf763f9fd8a67c761e4b863e47	594
server/internal/proxy/forcerun.go	7179b3b2fe9f1eecc5fce3e729340d61b4ea5041a2a61e1ca1d8a239d5ec1b23	6421
server/internal/proxy/format_registry.go	41cea525b6bae36c609028e8a03e4b5870070919569c1ee3d82d4fb8a76d59ad	7000
server/internal/proxy/format_registry_test.go	74bc024fdbab08d8947037bab2749e3401b00e702cf9c0e3029da5de8877b460	9400
server/internal/proxy/format_transform_proxy.go	7d74f6023a14bc95c735cbd9d5c249d7e1ca2b0779d959a8972a7071e9dcc8ef	586
server/internal/proxy/format_transformer.go	1f66b9ac21b3fe4d5c7c4f14a61a6a091a3267de743f845c7f1525c0230bfb28	8066
server/internal/proxy/format_transformer_test.go	a0de5dbfc452f5fa10acb9335f6d530a8d12eebf137a64fb9bc32df3802ee0de	1197
server/internal/proxy/fptn_codec.go	c4398f07333bc9a99276a3ced0366e11d4dc6a6fe9238aa33858f4c2b8914052	7085
server/internal/proxy/fptn_codec_test.go	7d871332c614394a0c859cfc6fc9b36fb1db18dfd97842e5236847b8928994e0	2011
server/internal/proxy/fragment_helper.go	a4aee92ed16a67a2d9c7ff5250f92b7eb14be9ae58b98eaf19ce05b4d7963c43	993
server/internal/proxy/freenet.go	fb203404557c1b529a8b23e3f244c5857a92e0c0a3668854b9bb602dbeea9ffa	9709
server/internal/proxy/freenet_agent_runner.go	78cc5daff5c891ed0ff1f14d8fc437973e4235b7acca1a38e74d3027714855f0	651
server/internal/proxy/freenet_mail.go	e9880c47eb1d86f90b5ad6bf52cfa88959c3158dfc60fb239a52e0fde5f6e6d4	9344
server/internal/proxy/fronting_presets.go	c7b72289922f4f6dad69cffdb69aa819b63bca7e246bef1608c19d7fc33167b4	2101
server/internal/proxy/frp.go	06cc5c9c82dc49e6951081358a364e426c62bf2bfd6b490dc63d3f0f7a1ecfb4	566
server/internal/proxy/frp_tunnel.go	3bacc85b7278a0d52472415e0d9b73e65a60858c49b28e3a8a18e44e7fddb917	12358
server/internal/proxy/gas_relay_assets.go	fef3cec1d5943f17957307224dc4cdc8e684376e0845e9954783b232387a1afc	622
server/internal/proxy/gc_tuning.go	48769398f4d45fafcd7d86b5d789b74cee02b6711d8590be61dbb96f25d98728	1098
server/internal/proxy/gc_tuning_linux.go	923e0876e8ad1894be2bb36349fa4ef59f7bbd0d98e0f795ad63348128688836	547
server/internal/proxy/gc_tuning_other.go	8da73ea54c89ad180a6405f810c317ad666fd149424096eb801f22af6c17281f	95
server/internal/proxy/gc_tuning_windows.go	e7ae2c307cd7c0db57bf19157b287bf5820f2fb96e0f15ce6014e95c4f90a22a	724
server/internal/proxy/gdrive_transport.go	05081ea344b1c3068c07a1cc6281398dd8f19fcade668791241e4c84fd947f49	9882
server/internal/proxy/gdrive_transport_test.go	c0d2568896dbced276b34486f364552b4c1509bf7112687fcb2a890de70fc338	1924
server/internal/proxy/gdrive_tunnel.go	b923171d0bb30ac5b0770bc23aaa11a835ac45494a5c71322fe8265524251615	1430
server/internal/proxy/generic_proxy_tunnel.go	9a30362e72041f1a18eff96c926a49bcacc60e0934a666e52e90e2805d57b165	3909
server/internal/proxy/genyconnect_link_parser.go	c17bb595c09943af7ea84b6916361a8be06aed241ab53a150bedbcdfb5fdf9c0	29979
server/internal/proxy/genyconnect_link_parser_test.go	91e40946d2955ccf7df2ed7934d6b1fa1f0819d1b44f034bdd381547391756fd	4643
server/internal/proxy/geosite_routing_matcher.go	7c8facb577cdb4f61694809def5b9f6a6be9901d5f0c7f008e37a2f55dc64041	1489
server/internal/proxy/geospoof_preset.go	18f51f6e8ee68bafa4407e2b254b5a60782deb10aa0700695d0c28f3f5fd4663	15748
server/internal/proxy/gfw_resist_https.go	75420071d5a23f8c6b40438764bbb9d37bb5251c154dd7c9484497b0410d623f	6470
server/internal/proxy/gfw_resist_tcp.go	6cb59c4000599cc6409107a7906651b66b51052761eb06349dd8157fb1de941a	2707
server/internal/proxy/gfw_resist_tls.go	68d7b3fd24b1128d8a3e27996dbf9fa23478a93cbe7f977401155f48456a8844	570
server/internal/proxy/gfw_whitelist.go	c8bde0de415d6055973ef106d4acd5323c10ac4cee33dfdb2e91ca6bfda5b637	588
server/internal/proxy/gfwknocker.go	fdbd5fa271ce5a54d7d97b954ba9a8e23932b5e1943eac0393e77f303bed06ab	7762
server/internal/proxy/gfwlist_parser.go	95541a686304ee897bdd7ffc883ea2d3b2c319da54ea75f5c23302516a08221d	5894
server/internal/proxy/go_cidr.go	bd0d876a60571feba0a42cedded28125b34a7e6502304b61d7b6cca0af5397d5	5443
server/internal/proxy/go_cidr_test.go	c12ca21c7d12f2eaf318f5f32f4df217b00539766a104c881abf6a61a7fae168	1682
server/internal/proxy/go_mitm_tls.go	e648eeeb289083b834f3e6192dd74a70402102e83dfe348902dc9dbaf59cf48b	535
server/internal/proxy/go_mitmproxy.go	c42bcac7080a1548779304069b5619dadb5512b7a6c74802041efca342b163e8	689
server/internal/proxy/go_ss2.go	7d9d1a79473ea7dc0cfe0a91dd80b09ed72b500b7510a56d9c2b1b00d244ecff	538
server/internal/proxy/go_tun2socks.go	a02956d83faf0e6eb32bd53e73a5801a3c68eaff52e3d847925fb9692f06271d	566
server/internal/proxy/gohop.go	092bf3ce47d2923f13756d27a17a41fd027cdf0cc95f511799b7c31b83bdacd6	620
server/internal/proxy/google_drive_tunnel.go	e9a29f8191af9a9190b092782a41d8b6c4e33f1257b6cb4a9aecac527bc6cb3a	659
server/internal/proxy/google_relay.go	35879351a69cc0c35a6c6ef6acd802aef18c9a9fd1d60de0b2c72a78ce870098	696
server/internal/proxy/gopacket.go	5e030c23876f3645e105268484fc21ee4e594c9f706cf694e474829f2d99bdbf	678
server/internal/proxy/gost_chain.go	f49d016f6466fc8408fc46ae8cc88fb9d2f03b1cd464676ff317df2c98e6e99a	4719
server/internal/proxy/graceful_listener.go	1985e28daa2a5679719323efe322dfa7b9cb51ee48071c319c9b470051bbc46a	1692
server/internal/proxy/gsa_relay.go	97935e61a7a8a971fc974f7ce72c1c05fdae77f906e9ef7dfde1024541bb7fa9	3866
server/internal/proxy/gsa_relay_test.go	cf62b7f4fd78943ff10359af195737cc8e39e0e0a334acb0ee21a166587fd555	1725
server/internal/proxy/gvisor_lwip.go	0b9671ff6fd67cf5d81226113b0145a2ecea0c2adce0d1dd6583a3b9dd4e1a63	7908
server/internal/proxy/gvisor_lwip_test.go	61ee7768f76306bb662b5167033966829702423ed1cd14c6f755e9c69a566470	3406
server/internal/proxy/gvisor_stack.go	56d6a0a771892ab9b6da97191e946c173fc5e5b310c32bfa38cdfc7a92ec2b79	1911
server/internal/proxy/gvisor_stack_test.go	4da103cac0b7e1adc10b047ba677b2c9fde56d88630924289fdb6cd7e57454fb	1077
server/internal/proxy/handshake_fingerprint.go	15285a7446d2da44fc8aa7d137ef714e897ca1eb69dffb2f8efef1b7df4acd8e	18314
server/internal/proxy/handshake_fingerprint_test.go	3dd3105f10c0e0c357a5f69f583b37a82f9e0147f3c743435b8e1111fc146406	3539
server/internal/proxy/harness_metrics_reporters.go	ce8b93bd32936fe7f4bb32f8c57743a469445bbee7a7feb355ec31fef057b3b4	119176
server/internal/proxy/hiddify_manager.go	36e6b1d605610fde6ad08a4a7e072d086530b9995a512c7feea832d7636bd077	2045
server/internal/proxy/homographic_detector.go	0f19beb7d6b09bd517765879b9859378d5b116735943c10e94361e30f986ea7c	15228
server/internal/proxy/hosts_override.go	5bea401cf759cb753fab7e5f88aa6852749bacfc644bddb569e904ca7e41bfd4	5879
server/internal/proxy/hping.go	2675aa19af50fa7f896315e434bce976f5ecca7bbfe40c6222d0046233756a8b	509
server/internal/proxy/http2_emulation.go	f593cfd0518cbeefabd9eea72c11975c8f7af2d1f6289237f2c795b61d3d3727	3296
server/internal/proxy/http_load_balancer.go	020f809674c481cd62578107b1114b389927969120c9b9f06a1984135bb1fb1b	4043
server/internal/proxy/http_proxy_listener.go	3a8a416d74874641f4700215d15387ccff6a9f874fcb7b87cba3337678feb085	1931
server/internal/proxy/httpdns_resolver.go	d8ff292d2e52ee17acde92d00263248160b430b50aa0ca70159cf854f82398b4	1105
server/internal/proxy/https_connect_fragmentor.go	294d5ec003d352c3759e8530f39d6979c030d95c15060a1b6cab6df3028ea708	15483
server/internal/proxy/httun.go	3a674292b589844a012c2d3046d0843c76293797637a151039d94b50f593eb20	559
server/internal/proxy/httun_acme_xtls_test.go	509641ba2b2e250ac94af7fff2c54881c6be48a9cf1564095666a2093c4de59c	8859
server/internal/proxy/httun_transport.go	67ebf3fbab8235e62d99c522cd3b3571c8a3c2ab3224a661b039ff125bed60de	10653
server/internal/proxy/hysteria2_obfs.go	d8767b042831da00383d525579433845680fd222f7c799a6ed1e382d9fdda538	3814
server/internal/proxy/hysteria2_obfs_test.go	e5f7406b9dd27eea64917a77726cbc575c8eaf8cf7816c90fc9e9dfc635c77bb	3294
server/internal/proxy/hysteria_binding.go	8128a525c60abb0abf6deabe420c82e5caddecf68238dd9e87e20f093ac0d826	2373
server/internal/proxy/i2p_client.go	13b2037ecc03390da7bba49997e12a3b7e7545f705853937b3a87cfaea7d43d9	2041
server/internal/proxy/i2p_core.go	1651a1395d694b8e8a6c7690a725e413a48a49dddebc4905c1814443b51bf100	596
server/internal/proxy/icmp_tunnel.go	54d1c62979b3ee1e15b916dc42e237092ae05d3386991066c0367b643dd29a63	3006
server/internal/proxy/inbound_panel_adapter.go	fdd477a97e8c7fdb244735eb3f0db4fee88c65bd282dcb524cfb659b8baec153	6825
server/internal/proxy/ip_security_analyzer.go	043f8c6b96adb365c719e2b562c104660d1500925a134c5b7efbefb663364abc	12397
server/internal/proxy/ip_shaper.go	8cc8ea61521eb2032a7e64a9d603fd129ba407c8e996d1371b726b1326168db0	8599
server/internal/proxy/ip_shaper_test.go	cb5848777f88de4d884fbbf8c68e32cc7c92754cb97a2bd3212d8097626bdf30	4188
server/internal/proxy/ip_trie.go	3733be801f5a6ca793166a17b16e0184a8f2c22a92cf012edeaedbad4a253218	1489
server/internal/proxy/ip_trie_test.go	188450b14fea6effe958402ea256468ec28726c96a79b0950a49d11fcf803a30	967
server/internal/proxy/ipsec.go	6a89aa249614351086f9c8557df384c27107e62614ae4072db4ded05b01236c7	844
server/internal/proxy/isolated_routing_enclave.go	849a47c76edcec5ac4d4651be88b79b98e0b6664e019717be664e6bebd0edd06	1403
server/internal/proxy/isolated_routing_unix.go	55fda62e809e2510d9c8ab7f5c55c6090f8509c9b22695172765d9fdcabc719d	437
server/internal/proxy/isolated_routing_windows.go	30fb64c511ea2526d31668d9361242058f1ef708c548762b81c951e47fccb9d6	238
server/internal/proxy/jitter_padding.go	3c539208bb081ec03e85af249da7489211a43a32fdcdaf20aaadd0f0d1b62832	2980
server/internal/proxy/jitter_padding_test.go	b86db4f1fc4379f113803efcc2e8643fde0c59926655a70d91a0bade1a7b3962	1325
server/internal/proxy/jjtcprelay_config.go	dece141f07c8e44cd14c4694c9173b9383097a877c2c270fc0d6b74e6424214b	9914
server/internal/proxy/json_filter.go	bfcb7ab8bba68a90e88419360f7e1a8f1048e1244e4d7c473c0bb178f9d5ad99	1304
server/internal/proxy/json_filter_test.go	1d7b215a93182439c8b73c2b2360f24f46dfe68478a931f3a27e22fc76b277ce	1225
server/internal/proxy/kcp_dialer.go	15fbcb5caf4504c2a9d5aedfbb33708e57be917b14a19409281b27e17ccf47c5	712
server/internal/proxy/kcp_fec.go	8160625dbfc3eece6b72c9b94e6853ce7b982ed5707b7ccff029ede679459bc0	3146
server/internal/proxy/kcp_go.go	00c4fe26993ce802b6990fb9b57031cac69128d6671633b487d8268d206f2809	593
server/internal/proxy/kcp_transport.go	613eb134503b360491a941657c4291536149d58eaac92b4f029ed3d73ab35806	8232
server/internal/proxy/kcp_transport_test.go	434e65425a17b68b9fc76cfdf1aa55df43c7d0c9683c8526f7feb4c772b3bf0c	3177
server/internal/proxy/keepalive_heartbeat.go	b9a9e3f532f722b0a85312ddf504d23ef1bbb5a3971bb69d466e227f436c0b50	247
server/internal/proxy/l7_telemetry.go	542d64230fabc874978d5f06358e3f4357530a8474318c72127be7b2287759c1	10257
server/internal/proxy/l7_telemetry_test.go	35843cbd7adc81ec8e642ef9e8e70f38f4758448180dcce1ddf339f89dfcc5b3	948
server/internal/proxy/l7mp_listener.go	fb8835eb627c047db1e85cbc620cc5ab44ae537dca024ab7678c887efcf6e0e3	1933
server/internal/proxy/l7mp_offload.go	7bf2952b194e265e14a24b4baae74a83ee1ffd51874b5fbd7e68f00026c21df5	1523
server/internal/proxy/l7mp_session.go	15800fe8f86734e8edcd2d23384e09f31ca5cc446eeffe7509205f9ee0c68cc0	2494
server/internal/proxy/landing_disguise.go	eed962897f159b61316d4bf01ef8e4f82385b9fd3802eaf08c38374fe04063fe	686
server/internal/proxy/lantern.go	16263c3cfab3dc838eea45533e840b3fec97469878bc324773955a38836a9e48	532
server/internal/proxy/lantern_bridge.go	e5af0c6e1c017a134ddc5541a95d89988fbc83c04ce5a9c76ed8f800cb811f9c	3071
server/internal/proxy/latency_variance_monitor.go	7c81606cdfbd81afb3ddf23af5dda42462d40a28df55e22ac7974629406f0fb1	6662
server/internal/proxy/layer7_mesh_adapter.go	27504b488aff5e955af0ff314406547560cc57347e791cfa67480e63766ba7eb	544
server/internal/proxy/layer7_proxy_mesh.go	cc8a604aa14f9685a522c5c19c66077c952e3f062305fb2d854a662e9121304c	541
server/internal/proxy/libxray.go	61d692330ba20f24229db3869e7aff652cf8a634319b8cbcdf982bd0c5bcc64f	618
server/internal/proxy/live_logs.go	992b00160bc8824ddea8d8584b64b725ec600b9293a9fc572b4caef726b44fb3	1469
server/internal/proxy/load_balancer.go	7d2742c9e957c5c507311972d53b500b1ec3611f11b5788bb84530ad6daadbb4	590
server/internal/proxy/loop_protector.go	c6dd6be8439ba57eb18f52973ab2dffdecb03735b98c384a3a45eea9adb48082	503
server/internal/proxy/lossyconn_adapter.go	35a81faa264313fe59557b1762fdaaf68a0529ed595575d563c7e379afce4b15	7165
server/internal/proxy/lossyconn_adapter_test.go	114dbcfea1e8f77230b117b6fb8476af7f2f8df0f050e2205e1bad761ccb79e7	4838
server/internal/proxy/mahsang_preset.go	7b7829199c799bc979f5d2b04462cb121381f9a52db8b85e96e255b885ae9d0e	19423
server/internal/proxy/managed_config_process.go	abf53799f8d695e72cf766c5d8733652420be4a65cfd6437ebfb026b1d804b24	1475
server/internal/proxy/marzban.go	05c7ecc24d447ef45d2cc2ffa1aaa4e4e340b8a2475e14479185035a80deeaa0	5361
server/internal/proxy/masque_dialer.go	187e211fb7c356897d122fc0c412c9faf6b2a1825a3b55629d3ab4030a9b4605	10102
server/internal/proxy/masque_dialer_test.go	afa5a12b0093f30d6ef1a6d75ef14ab5a7b9a384b084ffa03db1c8014513ca12	4477
server/internal/proxy/masque_noise.go	9360ef69e49d14394309baa080a0247232f39ebd04b2d1570bba189543b3eb39	17499
server/internal/proxy/masque_noise_test.go	de0cb3f69a87da72e012e15a2b48624151321a516d894cab389b998437d9f6b1	3890
server/internal/proxy/master_architecture_orchestrator.go	cfe7397cf026d43ab9fdb7405d840bd873597e21135700d856d1227a6bba3d5a	2615
server/internal/proxy/master_http_relay_client.go	56d6e2d3449675211c6a68d6e30f2ed4b814fc43cbfb78c5c47cd3ef6a37d76c	8013
server/internal/proxy/master_http_relay_config.go	b0494ffd0e384b1ebb1b8766aad89b602b7fcf22c0ebd06b808882e96d5500bd	11031
server/internal/proxy/master_http_relay_quota.go	76c009ac0aea89dbf4f496a781a4761f1dae1bbac8c347f0cda03cd4b3c251e6	8264
server/internal/proxy/masterdnsvpn_codec.go	de428c820f1d0d65184282e44dc4d4b6fd1120b1f2568b5403125ce69f17260e	4600
server/internal/proxy/masterdnsvpn_inflight.go	2c3cb58826b3eef276a4013ed4a54c30f63ff2e5a73c5e5528c47e256e88d7d4	3975
server/internal/proxy/masterdnsvpn_vpnproto.go	8c96f0e6e79db681b3e97f1be29f311719bca19770a83a74a2b9e6770d48f68d	5939
server/internal/proxy/mitm/mitm_fronting.go	018f6bf138de5664358e00e5d55768244f2798dadf0a61e0f6cecf97e8974a0e	4153
server/internal/proxy/mitm/mitm_fronting_advanced_features.go	82cd084104bfff04dd8adda6229687f3cb01cf195ed2de249c17e8e7037db33d	12249
server/internal/proxy/mitm/mitm_fronting_bandwidth_shaper.go	f4a733117f91af6a82d2d85415452167016eb5619a112c61bf32ae1f67dde10d	14856
server/internal/proxy/mitm/mitm_fronting_bandwidth_shaper_helper.go	91ba06812913b8debb764d5bc0b2989f2ad5d979f467007ddad77e53ffdfb71e	342
server/internal/proxy/mitm/mitm_fronting_bandwidth_shaper_test.go	8f95a7b7056de0b8008776208e3846d3d3b058a210a0c367e99de22fdaa4a12d	1227
server/internal/proxy/mitm/mitm_fronting_bandwidth_shaper_tuning.go	3f978a48eb5df7fd8895b3ed675b475ed19ec65b5532f8b4e047c77576a24e3a	342
server/internal/proxy/mitm/mitm_fronting_bandwidth_shaper_tuning_helper.go	1ffb7859b2aa839f2ba33660889dd9e949b8f16d796376a2b6393397a6f58655	360
server/internal/proxy/mitm/mitm_fronting_certificate_authority.go	f495077ea75fdff964f2a4e2a96495389b9e2fa766bced2aaa545321111eb285	13517
server/internal/proxy/mitm/mitm_fronting_certificate_authority_helper.go	04ddad6c9ff91287d0daf8c83e9ba37765c006dcdb47b15468b8a98d0b1891bc	917
server/internal/proxy/mitm/mitm_fronting_certificate_authority_tuning.go	8285f4062717776a3c50a02e0bbce1ab4a08c982fb4a8b37a8355639eecf8e38	917
server/internal/proxy/mitm/mitm_fronting_certificate_authority_tuning_helper.go	a5228ed35a99d2ab3f0889bca39db7dfa7dead8cf9f8e4c10c7869b383fff18b	966
server/internal/proxy/mitm/mitm_fronting_flow_control.go	9945e0c545d3446ea6fcf7b0eba9be5d4842f3705f4923e52e0dc3627054186f	12575
server/internal/proxy/mitm/mitm_fronting_flow_control_helper.go	104f976e13aa2c42aa0ba58897952a5c98c603cf2eae2bbaf536c6195d16e1f6	323
server/internal/proxy/mitm/mitm_fronting_flow_control_tuning.go	9b4c659662491e9ad34fc3e36cd83d685c57fe55403241ea5b0a31432bf490fb	323
server/internal/proxy/mitm/mitm_fronting_flow_control_tuning_helper.go	2a86cf7579b018194fb61503692712a23454ef85fab3195d9b06b5f1d5276bc8	341
server/internal/proxy/mitm/mitm_fronting_health_monitor.go	e6e0aad8845a7787f546b4a607b3bd047cf3f3283aa20ce32eb9ba7c661017aa	12943
server/internal/proxy/mitm/mitm_fronting_host_resolver.go	e24be21a9ab623c525977f71173547bf02d5e4b906085b6aabfe19359e3f1674	13219
server/internal/proxy/mitm/mitm_fronting_host_resolver_alias_test.go	10137dc036147080769cd68cf24cd40286e514cba4782376d44ef50c4e770f3b	457
server/internal/proxy/mitm/mitm_fronting_host_resolver_diagnostics.go	be28402d8b19108de8a4ed9980f0b785a73457997496a892839929af79b953c5	314
server/internal/proxy/mitm/mitm_fronting_host_resolver_helper.go	c87a4e39d6bbb474bc2e4c47debaf6e1e5913db3262b92f81f18f3181e6efbb1	344
server/internal/proxy/mitm/mitm_fronting_host_resolver_tuning.go	17338d306f1badba79bd41c27526d16a5f728f50b64bea1911fb38f2f4860e61	294
server/internal/proxy/mitm/mitm_fronting_host_resolver_tuning_helper.go	a879a7c09ddaa346fb03432dedf98351be59eca7a8dc30fe0e7a3438e0e0b0f5	319
server/internal/proxy/mitm/mitm_fronting_network_heuristics.go	be410d50c82953a04150bcf4b30459af48a879067f532eab2e9c0fe10d51c8e6	8954
server/internal/proxy/mitm/mitm_fronting_network_statistics.go	0c10e4b59df4a8d53c9555fd9a08df2d71b31e24b89ed89b3fe4e861a2855e19	11453
server/internal/proxy/mitm/mitm_fronting_network_statistics_helper.go	480dcb38bedf168b2b269c47f981d605e1b3786788211c206334a3fb2aa59bcd	335
server/internal/proxy/mitm/mitm_fronting_network_statistics_tuning.go	1a2f21c859fb013149826e6cc59439aee3cf2144323f1a863860c67ea657ebee	335
server/internal/proxy/mitm/mitm_fronting_network_statistics_tuning_helper.go	cc89a5c0b6a1f2f428b917f986caf576554484b9b934226d9e9828d2b085ddb4	353
server/internal/proxy/mitm/mitm_fronting_profile_manager.go	a9c5f9cdb59f9995119077dab37a422904b02bab314261de92a4a1ba4eb00c96	13238
server/internal/proxy/mitm/mitm_fronting_profile_manager_diagnostics.go	0569880d9b87d2f6b3eadd5725c643cbec7e9cf7d78c871bb7080406f3686e99	13315
server/internal/proxy/mitm/mitm_fronting_profile_manager_diagnostics_helper.go	1b75305f57212d553066b728650896b0eff949099e39ab962f306d71fc2f6589	396
server/internal/proxy/mitm/mitm_fronting_profile_manager_diagnostics_tuning.go	37f3fae2531c75a55769e25a7bb262876204e00c04e310ddcbe89819e5f257c9	396
server/internal/proxy/mitm/mitm_fronting_profile_manager_diagnostics_tuning_helper.go	9e080afebd505be81dff08db5534d3b1950c76cfdbfa0bba7f8e750398c9b0b8	414
server/internal/proxy/mitm/mitm_fronting_profile_manager_helper.go	c62eb9389510054ec6ddc0abfdf3662c823da26e4a8e87bbe09fd2c4a725dc60	318
server/internal/proxy/mitm/mitm_fronting_profile_manager_tuning.go	bc6e42633d9960ddc4c6623bf5c578554a0b036eca38ead4a61d3de78e8f3d95	318
server/internal/proxy/mitm/mitm_fronting_profile_manager_tuning_helper.go	81a99b4779e41e80f639746269bf581f362c548e3aa7d4e5bf2dd3deb61e43ed	336
server/internal/proxy/mitm/mitm_fronting_repacker_options.go	d93e7c161d9c953e9fedd4f1e6c6cd77ca5a3ad8bc63d2dfbbf268b7a6266fa5	11714
server/internal/proxy/mitm/mitm_fronting_repacker_options_helper.go	76e27fb27acf49ed2a3b72764a690f5eeb01cdf56afa4f9e79562280e49ff7fc	317
server/internal/proxy/mitm/mitm_fronting_repacker_options_tuning.go	99b242ad0957d6aa0a9a93d34e52d96b9a77f5d4b73a5b92444b5576194394dc	317
server/internal/proxy/mitm/mitm_fronting_repacker_options_tuning_helper.go	1e41103510d6520a7e8dfcccb51a1352462a4cecf1b338104e77833a9b52d209	335
server/internal/proxy/mitm/mitm_fronting_route_optimizer.go	49043d2058b56d7b7df849f0de9d6f403fdc8321e5a835633830ddf587f8df3d	13112
server/internal/proxy/mitm/mitm_fronting_route_optimizer_helper.go	5921a233294f5783593e075b6d1a3a70c3666d4eca7e4676e05696132a126c26	306
server/internal/proxy/mitm/mitm_fronting_route_optimizer_tuning.go	cfed77891500490a96a7ca92ece8fafd659c76e38a7a8b4fd0668209d235a63f	306
server/internal/proxy/mitm/mitm_fronting_route_optimizer_tuning_helper.go	d7819baf1451fa4ebc3538628164379bfde1c495be58650064ca39e022253b85	324
server/internal/proxy/mitm/mitm_fronting_socks_server.go	db03999868674c3f94a58723f5790e79ae38a7a12f6d31d102e1c8859655e8ab	12788
server/internal/proxy/mitm/mitm_fronting_socks_server_helper.go	ba0454e0a65ef270138a8c54b5ec9cd90355e163a833a1666dd14052633b8725	305
server/internal/proxy/mitm/mitm_fronting_socks_server_tuning.go	8139008d9f1bb0ce1b8d52ecd5820fae7864b6b18841d986b03c4874e6946cf6	305
server/internal/proxy/mitm/mitm_fronting_socks_server_tuning_helper.go	d106832d34784b6ded0b471dd7c801c8441b5461cb050275e53805082627debf	323
server/internal/proxy/mitm/mitm_fronting_test.go	4d9abe481e2eecd3d4b3e7401b0eb5f15ae2b4151369c3047b7abae80b344eae	901
server/internal/proxy/mitm/mitm_fronting_tls_dialer.go	b60276cad10a00a1702770a2f17114388503778c85cecd8471840f0b91ea0041	7338
server/internal/proxy/mitm/mitm_fronting_tunnel_client.go	7236de8a31b2a66aaf65049526f1de3f885fa8f7e3efe8f2a8f8db788563466c	13118
server/internal/proxy/mitm_decryptor.go	d4bb92b70ef8f198bd914e84b20f45a4d0db1211f1be1f3b29e4a0f68d4dd10d	2926
server/internal/proxy/mitm_detector.go	0e63e3b1c516fc2baad265773953b2c9457c1f6a5f5fb4a59e6aae130b0589cc	3837
server/internal/proxy/mitm_detector_test.go	8828386e0fb9cfd7b865ac6ce10244b293a2edfeeff574bc223e336bf5cc7b6f	1622
server/internal/proxy/mitm_domain_fronting_repacker.go	b14c4ac214cb36b306a29afa0e9910d12a20e40c49fc7d8e0f4334dd4478de63	9419
server/internal/proxy/mitm_proxy.go	92e0ab78f6d5cca2bc3bc5011dd16a602c063b8b4497aeca5779f87d8d828389	3293
server/internal/proxy/mitm_tls_proxy.go	1bbb08af4bff6ddb176611320b8ee4064e26d83999d1866f9d2880113cdf1730	657
server/internal/proxy/mobile_bind.go	ec6419a76bef2dae6137ef4d77a59805cee7eb4ce6ad01c548f30d2d69f6b1a6	23041
server/internal/proxy/mobile_bind_platform.go	9111f7f796c96e9b4bc75f44fbd705d861f4df41dccf13ec3fa2d08d22e4bb03	3719
server/internal/proxy/mobile_bind_test.go	cad51858bd17883c851b4e6a0fad77e5ce5a789288dbcfc9a057ff80f525e640	4383
server/internal/proxy/mobile_bind_unix.go	fdbd90c2338c07db5b724da7406aed4b7df8299cf57ed4a2a46d94031929442e	1508
server/internal/proxy/mobile_bind_windows.go	d0af14bd0b0d52a62f1e4f68226a6afd96b9501468d90d5877f6cfc3435db1dd	272
server/internal/proxy/mobile_sni_spoofer.go	f03ba2a5ded705bc8513431440a42cdf03ed2865824ea5e2edaff26c153732e3	2288
server/internal/proxy/mtproto.go	60069b0172e8b0165987d07e17f09a141c965e5379e8a12844ec8507d68769c0	11760
server/internal/proxy/mtproto_checker.go	58b7f8b03405c511bb69ca63733058089c73b306377bbd343e9a6986598abe4b	3487
server/internal/proxy/mtproto_checker_test.go	47757c2747d7e2bdb35340de0f497e45dfd528d84b2a24148585c9785cb0c42b	1289
server/internal/proxy/multi_core.go	23dc6ddea8719b1d42cede5dae6941e74fc166430309b4a1b7ff72b9a6961156	3409
server/internal/proxy/multi_core_test.go	a6adb03c9be7f9e3c267b21b44bb4433656a8d7e097cf13ceecae193d287e2fc	971
server/internal/proxy/multi_inbound_panel.go	d3c33d6500d81496eb91d9483a80b25eef6c06f2e208901b94d1455994029e99	1858
server/internal/proxy/multi_path_balancer.go	a932995239d0cc0d47d75ae877a0f9b2b3551fde8720180c84781de5fa3d7fd0	447
server/internal/proxy/multi_wireguard.go	c609b040808710a1eba0ec38e249f91281e48672c168fb6faa596562ae14d813	1426
server/internal/proxy/multi_wireguard_test.go	8511e0a75cff58bb747c3b777aa7b722f66c2559de356fe0daa34fb4f688d4fc	1824
server/internal/proxy/multihost_parser.go	1e5171820fd9d8a880ea7fe4a6ffa20bdae66b38aafee7e18bc4f9de60fa2ad7	645
server/internal/proxy/multinode_processor.go	d85f38e172562567fc55a38d6f8626c71f4cd937dfba5a4c6d395ec20ec3b0d3	11662
server/internal/proxy/multiplex_shaper.go	1c44161b6ff4de8afcd0d3002a36d175033d6a57252fc21511c1955eb6119ed5	1098
server/internal/proxy/multiplex_shaper_test.go	08efe7b790f17102e3e41ef94669b80bf6c303450bbc355b6258b4cbaa09fb7b	1323
server/internal/proxy/naive.go	096f67ded5b2fe5d1d0487422a57af5b9b21ed7c7c57c2760b2c9b494f68596c	642
server/internal/proxy/naive_auth.go	21a711d6f6988273e37ce9704554422ad31afa2d2d8b60f94742db7bdc1208f8	2533
server/internal/proxy/naive_padding_conn.go	490ea2fc10ce01189322b55e1eaedfe3560d01877f8ff05c66502915b998c958	2771
server/internal/proxy/naive_padding_conn_test.go	5471d8d6d0cd6c03882437327c7f49f7da78496f359bbe548b2fcbdfaf762e41	2481
server/internal/proxy/namespace_lb.go	a5aa5bfdd8aeed3ee46ac9679e90793e9b0685d5ee653a736cd4ae197a971fb5	3518
server/internal/proxy/nested_wireguard.go	fb94a8a1184add05321b5ef54283f066ee18cb5ad455032d591ad23c286fd0cd	3058
server/internal/proxy/nested_wireguard_test.go	9f72ac8052b9defc2c7e7fdb87133b0d715b14c2b27a323f0536198216f043d0	2747
server/internal/proxy/netgovpn_client.go	2450944f5b378b482b5c8036d2c94dabcfdc4e3695ccf3c313febe8fee31e29f	9088
server/internal/proxy/netgovpn_logger.go	92c882e1a7be02a1a6dca17d12eea548e2bc75ca1d1ee55b8957a8324ab61cae	3257
server/internal/proxy/netrix_conn.go	3dd461876c1981368a68dc9ff37d75edfce95c4743624c4f9c3c0096f2738344	3802
server/internal/proxy/netrix_conn_test.go	e36baf322b49258f0aaa99dec217a5f06c62612579196ce2e2f8c4102f8f9ff6	2214
server/internal/proxy/nexus_proxy.go	52c1a7c1e7daf780934e794bad250c3fabfadc044a431ddd3476be7ea326082f	571
server/internal/proxy/nipo_obfuscator.go	2cdb3878d17b9034f4d142739ae338cac1c9561dc30157b8aca8254b20c72dde	3569
server/internal/proxy/node_latency_tester.go	537a6caa10cbbd8fcce2c8e5655cd26ef7a8e393ae380c294d76a1867b4377f7	5013
server/internal/proxy/node_latency_tester_test.go	fd9b9bd8c11a8b09673e3c01587d6ceb47f0de9c9baa04956f71b3d24af389c1	3568
server/internal/proxy/node_mitm_proxy.go	c5db448ed710b9c1dc29006114ee16e3b0fa0ea16d03422b6a42b304e0d356a8	6618
server/internal/proxy/node_unblocker.go	5b59a9b4b7bf7797bfada0efb1cbe2ea669f3aefa8595dec9cc5e7b565d321b2	6476
server/internal/proxy/node_validator.go	dd5c5f6c321d6bca211a836b42d6edf8f600e0d2df4a3c89e9877b6cd6c6835b	1392
server/internal/proxy/nomore_walls_domain_tree.go	6e17089b2bf24b70ed8a600834db6c75cc39f79e78a80744e6e6df107baedaae	10513
server/internal/proxy/nomore_walls_domain_tree_test.go	20a48aa2638f6bcefa455abd625a232e1321d0af631a265dd50d43b6f3953a50	2681
server/internal/proxy/non_portable_wrappers.go	79d187564d2e3459df12288f13899f411e08df2b5d364a3a7679062272e70075	1877
server/internal/proxy/non_portable_wrappers_test.go	bb7ee4d71205d0958438ad7b07a9a497480296a43aa155743cd2e48c886a55fe	792
server/internal/proxy/nova_backend.go	18f1ca061e27948a4b9da8e550921d9b8c8895f99237b6e72e2cdf65f3004e5c	450
server/internal/proxy/nova_proxy.go	bd315f89b521a1f15b1e7ac8b3a5075dc2205d8a0b0658addca7aa24c10e4291	439
server/internal/proxy/nova_wizard.go	6a2bfccd8a2b11ead0cf0e8310da94440a74b0b251fa296d99f25290ff5a2698	8686
server/internal/proxy/obfs4_icmp_transport.go	5faec36254673000326140ad90cf2c2da05137a44a819b42b11996043414949d	2531
server/internal/proxy/obfuscated_ssh.go	7a1fc5319eb19fcc2788a30858521fe7dd8629fbdd7626d1bbfd6de08b540abe	670
server/internal/proxy/onion_bridge.go	2edd2985ea145b0a83b3ddc809903e72a3e229152f3cb12f78466ac6e717318a	552
server/internal/proxy/onion_hop.go	37485a761c7930291df662e4daf22ae98ca16972b418a0cb8d11ed926a03ca46	505
server/internal/proxy/openvpn_config_patcher.go	9fb97a9391d6f5186a0c5577526fcbd8636d7f7641dd89af810690ff8c24d584	6158
server/internal/proxy/openvpn_config_patcher_test.go	b9865c4cb552eb7dd7d3c00704b0e3abb6d55788fbd7db08049de44f4df15515	4334
server/internal/proxy/outline_client.go	9e50e10e9d63b5f44255fc095bffe66b96d73cf93346fc74c741d84ca366dbb8	594
server/internal/proxy/outline_server.go	4990781ee437a188b067ef8c4e364b939157e9b1e6a8d316c6e5e00a75518768	2522
server/internal/proxy/outline_ss.go	50542f065812a8e3c707921610d6626bbef492fc5a7767758f3aae3b5e2ce2b6	593
server/internal/proxy/p2p_hypercore_feed.go	2a0ec57fcd4312849bba0ec6e311e34fcce8d40fc2b6cdac7bf210b046ad4c1a	1060
server/internal/proxy/paas_argo.go	9f1fc3eef92942cf5139ddefddd276bb252a819cf68899301aa30c74067c6d1b	2430
server/internal/proxy/package_exclusions.go	53993104831284111eb3b6be4de678b20688dfa1418b9ba0acd35db6d6bc740d	1327
server/internal/proxy/package_exclusions_jni.go	aff8b6ac886bd8fd8666aed5b0751b3b911e2bb321175fdce013684eb3456f8f	1227
server/internal/proxy/package_exclusions_test.go	ea0d16a6ac479344bc316a303a9647f8bfbdc5a1d36b60a8624a0f13f8cc1e2b	730
server/internal/proxy/packet_ring_queue.go	03eb7e241fd950014cb7576ba0c8d38e4bd9eb7c663cddf506a344d77fce741d	1909
server/internal/proxy/panel_client_manager.go	cd0bcf726da4aa00099b679545df0665f06ef57005986688cde9ff6d28858021	4676
server/internal/proxy/panel_node_client.go	dd779dfa76759b6e18076a330b7d94d3b73ee879a4a27a227ce01de8a1f204a7	852
server/internal/proxy/parsa_panel.go	07a183f23a1796b791b2aecd2b085b5f4e1998d9c1301fd31061655f77a11014	14524
server/internal/proxy/parser.go	3f996aa50206cea90a12f7b6386cd0fecd99821301e9287afc8b630c9d687fcd	1447
server/internal/proxy/parser_anytls.go	fdaabb600c1839417f00496a92ed3cc827538c07913a4a022470b7165feb0b42	1267
server/internal/proxy/parser_dnstt.go	a6db40fbe4e91e5d892bd1f5fc77a31f84f4b0bae615d0c99a027fc766091d21	1274
server/internal/proxy/parser_hctools.go	5898f490b0c8e285ee03b10b3876d3e46fe7c87392a92de7fa01ee9e9bee7dea	2652
server/internal/proxy/parser_hy2.go	cc18e37caad5ef0654f9f0696a667b1c46b4c822b04de7d2a0e3cab1c5ca1e0a	1508
server/internal/proxy/parser_juicity.go	aa0805a2bfed1027b6018ebe201d7e3b957cfc7155f5f56aced3c0b87be9faba	1699
server/internal/proxy/parser_kcp.go	05e47d846f174d38cd052d8bb3c0187189a8941f930d42ac87fd8d4d26f089a6	1869
server/internal/proxy/parser_naive.go	cfe9d6a7643ac372f2d76f45b09b8330e870f8efd16882535a90a3c07d59b260	1153
server/internal/proxy/parser_netmod.go	69c57d887449c2f7c784b1f686e75605bd01c9b5a2e707fd86af8fceb254eb51	2666
server/internal/proxy/parser_nipo.go	bb8f3d47e17b8f92b5c3ee4985ac34a8bb9e49954db50da0a6e0a4a1e6371451	3447
server/internal/proxy/parser_slipnet.go	c38800772d41ed450bc6dd33fb5d8c100977bf0adb2e77e6d68b8c0357fc6f4c	6987
server/internal/proxy/parser_ss.go	141664601052ffd1e46cba767ecb0ccc82a3e7599faafb4609c0218746ea963e	5012
server/internal/proxy/parser_test.go	06e5190f202aebb59a4e49b732d75efd4d2ce9c35ecb9b8714befb4596fb12a9	24484
server/internal/proxy/parser_trojan.go	8d06ebf58c3b47601cb08ba804f6f41d578e7a777d8dcdb08504e625b2735fac	1132
server/internal/proxy/parser_tuic.go	7cec5abd404f0bf8a952c4d05ba4c8e1cebeeec9e918839f5bd259ea4ca8e851	1119
server/internal/proxy/parser_vless.go	231897d5754124499937bb8174ee218fbb677c28ec3b412580dd3197197a69bc	3299
server/internal/proxy/parser_vmess.go	0ee820f60752297385d92cce252821eb674b0096de7602ca93bb68818936a65f	2206
server/internal/proxy/parser_wg.go	1756d914e6f34a449be040b13c71db4b628cebecd674b275d4ee7e6d6f4ec115	4993
server/internal/proxy/path_bonding.go	32915afb416f65eeffc773b12ad2dd45649f798aecea7a42337887a5990b4ca3	2199
server/internal/proxy/pathfinder.go	291ceaa713ad4b89b4d90e50fcfaa1d90ed6bc00ccdc3c55e6f4c1a9f92f5905	3247
server/internal/proxy/pathfinder_test.go	528a0d4579a28e6db3fca6b2b479f10fb978ee1df287d7d6eac0e5574d411d24	1508
server/internal/proxy/peer_capability_map.go	8ba6b608ac628e3b2522b6a36029af2817adbe080d0f6a6d440cbd9614f6baba	911
server/internal/proxy/per_app_proxy.go	8e5f7c33b94cde0c32a5474a467a1ec49f7059644f90ca7b00f33d7e2671e121	1636
server/internal/proxy/per_app_proxy_test.go	fa10314a3791c1d8e2364aa2041fa065a96574846ec583215750a2a7da9df857	875
server/internal/proxy/phishing_verifier.go	5ff2a6fc130b638e3f3d8d07f83ff633adcf94a34503456c4e2cb4c970bdef3b	2275
server/internal/proxy/phishing_verifier_test.go	10ef06be101f98e9959ddce99ed9a7d50ccba126d083560819e739b92174c0be	1352
server/internal/proxy/php_proxy_web.go	8796c61252aaec0a93e710d4302ee78ed844045aa30d9478ec5a64f507c23807	5648
server/internal/proxy/pion_dtls.go	7a34a5331a92bd413e97a31e0c8b84cb8abcffaef31a51ac230e98326056da9b	615
server/internal/proxy/pion_transport.go	8f154f29f0985b2b8b41a82a9403b0d6b140f67edadd5e9be46bbb3829b22b67	659
server/internal/proxy/pixel_stego.go	2dad26a5104d66623824d89d2344addc555ad6c5b376fe57f8d5d07092e03350	6124
server/internal/proxy/pool.go	2258eedc0d7ad8dc0ed9d16521f23f24ce611b125e6e3038ac21d648b06acea0	3243
server/internal/proxy/port_bridge.go	6040ef0407902321b8db58cbbf32ff8c53e1f102c17ae0d15493caa9c350760e	570
server/internal/proxy/prefix_list.go	f3e544c227f44515275fa25a2ac41eb34266607288afba4b30a79d5840fa2f8b	2327
server/internal/proxy/presets.go	7d4e795f3de72365ae5dcc3b4f3561a4bb4ccfecc6d0fac927ce2f8a59c5600b	39267
server/internal/proxy/preview_collector.go	c0be1c2cd72b2f0f4dfb47942e4c67e09fb64a330bee03e8afef37641c38e9af	5808
server/internal/proxy/preview_collector_test.go	480a23b4435ae45ffee3d37a7fb1ccf3f89efb101fda8c3c71d6b128f0276688	1984
server/internal/proxy/prober.html	33a9ca15d8c7e929e1d36dffca0c4d2e7015e8c8ad439bdc80563c78629191ef	42357
server/internal/proxy/profile_benchmark.go	22e930c495fafd83176abd6358ead1b06f88ad320e633814e34bdb8dbe21a418	2019
server/internal/proxy/profile_morpher.go	baf4bf7954516af832e72648bf3e0c671a8bfc11c7ad18bfa3f512e0a2323cb2	3260
server/internal/proxy/profile_morpher_test.go	bb3086b51db8d3f0942496178de7676a8d06d2f090fbbe07a8785cafac29ec40	1360
server/internal/proxy/protect_unix.go	280a659852a1bdefac6912bfc0b5bcc7fc49c14d00cb04d5b38159213c789dec	687
server/internal/proxy/protect_windows.go	2432da79f95035f4c6655e6daa431749d2bb6e18c31f3c9d97d9d802e47b26d8	209
server/internal/proxy/protobuf_codec.go	0fb8a4355f8d9ce8a35aff7d35582572315142f0b6c669b4ae5865be8cc8788c	555
server/internal/proxy/provider_corpus.go	0eb39eee5170f150c19f8ee6296d8a0d28019d29ab589f184b0e58f6e4a6f853	5015
server/internal/proxy/provider_corpus_test.go	69526e6cc5b7ee8b95c62fec1c078c050b06e3a861e80008298e6d19a4553c24	4962
server/internal/proxy/proxy2singbox.go	eea12dcd252a101fc55ca3d5724a4384a08666dd40abb898f5699519fad57bc5	7951
server/internal/proxy/proxy_chain_manager.go	9fe0b08aa367f94c44e29598ab36f0c6fd22c40df46fc0ad8d449672f0dd5a36	608
server/internal/proxy/proxy_cloud.go	d639b0305ae2c8215924b3cf8d602c3e62c4ea606370597dfcc27b84feef7c14	2935
server/internal/proxy/proxy_cloud_test.go	02e113487319d00d4ef4d9074041a341316e69600a996efbce707bd390535535	1533
server/internal/proxy/proxy_cluster.go	0a93ccb692b654ef977d4395e42d1b333db7e7016d5ef0cfa8530dbf5d461631	2590
server/internal/proxy/proxy_cluster_test.go	bc818db4b87d8513c1afb556c754b17132769cc57fe276c5c11840a8ee91b375	1006
server/internal/proxy/proxy_core_daemon.go	6f2b8ad3c78cdc5cab16bb13f170fddad6b862a67ec29021c872a95de0b0acb0	547
server/internal/proxy/proxy_harvester.go	00e2527262c9839fe4f78c4dcd182ce0797ece1a6ad4ebb298f6e34feefd0659	2922
server/internal/proxy/proxy_node_rotator.go	82be0d19cdc33f986c8b88ea2e43a03ee3a7b97d80512ecf4751c7b25230f39e	1232
server/internal/proxy/proxy_panel_bridge.go	6d985f94d6d9540d17e82f57d54bcb4508cc97f3eff6689f98d052716148bbb9	3183
server/internal/proxy/proxy_setup_wizard.go	c52595751592c6cca772936e1379ef52e23bac88aa42eb539ee0c14ef9bbafaa	12448
server/internal/proxy/proxy_subscription_parser.go	f33274df96c8a6b1d0184a1f617a919473b3977c4317e6a420253057fcf7724e	2716
server/internal/proxy/proxy_subscription_parser_test.go	76b2b7c2e968c161b22b4a3a5fd5518f114e5c082158e0bca9e887b9f16ba4b0	942
server/internal/proxy/proxychains.go	2afc20a1eb8c517c37267da1226e3ba501c40afba5cae51f24e503855580d259	645
server/internal/proxy/psiphon_chain.go	b20eb54394d4981585e7e7de5d36c4df8380554e73c72c47c0066d63a8653cc1	652
server/internal/proxy/psiphon_engine.go	1d91e79773e2ff8a4e9172a70356cdcd10c5989da0afcb751b661ecaa6975395	3770
server/internal/proxy/psiphon_mitm_helpers.go	10cd2b2686e589a1fe86068cd885afcad7bc133718033a253c1384642e6605c2	10529
server/internal/proxy/psiphon_parser.go	204b32cedea22ca766554e19897112cbead0de515a2d6838079c3299c5b12038	707
server/internal/proxy/psiphon_parser_adapter_test.go	2d27241f97155fd888cb9affc0ac98264f368ff4868cbb53f547e66001b863a3	1439
server/internal/proxy/purvpn_preset.go	19fdc47557bc9d154df04426d0e2af95c52868f2b023bd12ba25c8c2e4695631	14981
server/internal/proxy/qlearning.go	a7ef16cfd781961dcafd0d1550c77100e80c19282e431409570a78426fc063fd	1984
server/internal/proxy/qlearning_test.go	8083bd63e5fbd20b4d419f306312d572f1605f653872291b228d3b2dd5f0aa89	604
server/internal/proxy/qtun.go	5143e34eedc08125cd5dfd6d4799cda121ff0ce8de1f3e238ad89e2a0510dd2e	2410
server/internal/proxy/quic_congestion_manager.go	4d172e1d425c0d5c39e1a957e7d7b100d3301e0d1d38ffdc3c116b7b7443ce95	802
server/internal/proxy/quic_sniffer.go	8f2115cbc38592e7998c2a6a0ec0f3174e6c100ea0bce029061621df54ea6660	9548
server/internal/proxy/quic_sniffer_test.go	a084d1c0f0c30f41484bf6e993e84c0e2497cd28bfda7d9c3e9faab673129ed5	5627
server/internal/proxy/r2_storage_gateway.go	1c72c3f59b7ca6f5eefb667ff6dc01b4be221b7f37839720da0503775223abc0	8669
server/internal/proxy/reality_core.go	7a2ee3e0d1e3a43317ed18e4d33b24cbe9bd3db0eea6329e3052bea271ea4327	677
server/internal/proxy/reality_detector.go	080a62a049411e8c628f7e1f923ac09c65ca8930ee0b31c3ac8f5c2c49aa8c55	9524
server/internal/proxy/reality_detector_test.go	bd6f37617f600daa7c4291660d96cda7af76a095a4e187a8e6005f0990000ce3	7455
server/internal/proxy/reality_scanner.go	3830124a8142b4823ab3edb7aa19b59b886c149c7e8ab24421a79afc0d9aabeb	4348
server/internal/proxy/redact.go	7e5639eef332385f994b5aeb8f829ccba15eddc1d626e3874a58d8ef5637ac54	1397
server/internal/proxy/redact_test.go	c58678bb9bf89e9fe32f49d0e7c5053272b3f7b98c18de812cc9447efceebe3e	809
server/internal/proxy/relay_coalescer.go	554097a03f8fdec0b346003e7bdd4eeb8ba81983fa44286d2076e085436a19cc	397
server/internal/proxy/relay_server.go	0aed1998e7a812c170028067d63f8a0561f5b349db1c5e60ab6f59c0b0546532	8704
server/internal/proxy/relay_server_test.go	32abe568b89e0e52e7a0d9ced8893fd4cc6e7ce51d8a401c0c3fad397ad936c1	4269
server/internal/proxy/restricted_gateway.go	81914e9ec1afc89cf5fc9e526934a153cff09f201ea454675ea8c10525938d29	3534
server/internal/proxy/reverse_tcp_bridge.go	c50f31f504308d902481be8f030962bd612a6e74d3750cce162356ba8f19738d	684
server/internal/proxy/reverse_tunnel.go	e68e22e728ffa42c60294543b7ded626ba836afe1f9521e3b3678492ec0e8bb5	3708
server/internal/proxy/rewrite.go	ac86a16dc301c2f36f6e0f3e8a6af8a163ffb073a2fd9dc0180803825ddc7b9f	2454
server/internal/proxy/rewrite_test.go	78fd1f76aa3243d878cc63f8bde2015acf1873fea81e23b3ee48d270ffd4ae1a	2505
server/internal/proxy/route_optimizer.go	7670f4d37ca339304f3174b41a1123104b450dbbb3886de5966bade13d20d3ba	765
server/internal/proxy/routing_plugin_policy.go	b11e41f36eee00d3162519620df2460742d32ff4d3d91c5450508949e421f1f8	4518
server/internal/proxy/routing_plugin_policy_test.go	a3d5b3b21074f36fd30df950c676aabce98047ce5cb68919dedc7f4df3471031	5878
server/internal/proxy/routing_plugin_psiphon.go	4fac662d5dfa53c48f42c8516cd099ee4cd4d04971a22031988a78d62cd9438e	8762
server/internal/proxy/routing_plugin_validator.go	9f66b4c700b0ce3695c24ce5f925d5e93de8ea352f75af814cc83ed3fc657857	24548
server/internal/proxy/routing_plugin_windscribe.go	321681955297c883fa389c76c804cd66e7ea2f7487977763e4aa8a8ff324b675	8499
server/internal/proxy/rules_compile.go	cd1bea1ba51336e0c8a6e6ac1afbe324529aafd75f6dcfb5dc80e6d30d50cecc	6591
server/internal/proxy/rules_compile_test.go	f019dc728e63021075ffddf33441a3a2f60a251b7ce943d2e7124a495eeaa4a1	4245
server/internal/proxy/rules_router.go	bf06fc264497398ec6bb66a8da8e7663a6b33554131dff4163edd13b667b0f9c	6279
server/internal/proxy/rules_router_test.go	80875ace4756d329c0781c6f0fddafe5f77b19c6fb8ffc06dbf9d58d4ea6d13b	2664
server/internal/proxy/s3_signer.go	eaa86b6849f7e8734d6c0cadc6ad5c68bc0cdeefc1e9f9798e26275dc7bf4cba	6944
server/internal/proxy/safety_policy.go	8a905c428c3b7107566ff91aa291545294f3510a19fa6ccbb2886da80095d8cc	3330
server/internal/proxy/safety_policy_test.go	560ecbd95b547e1b4f35639e631decd95fb3e65fb7639345472e060e4a7d65bc	2428
server/internal/proxy/scan_telemetry.go	f871b2d8b0cb6965861b5109b3e3ff33941a381a66192f5c4e6512f839f3f5ff	747
server/internal/proxy/serverless_dialer.go	dab592b006ec5aa2ca82bb35eeca7308afe7ee60750bf120e1ceecabb0c7d1cb	8348
server/internal/proxy/serverless_dialer_test.go	24317ea5e37644d7c2c9d2aa807425f45ce12435cf8ae2b1bf949c4bd94a0632	3358
server/internal/proxy/session_authority_manager.go	08057dc162858779f766c096497962db2698cdb0951d5430e7575f8edfb8a88c	8289
server/internal/proxy/shadowsocks_macos.go	02c89e2b2a2b900ecd67f4e05211f47d4ef9841488b91d6da10ce9062b421947	676
server/internal/proxy/shadowsocks_multiplex_client.go	d7129e230d0c13509f6aed82406d38572b561cff4c488cf4f9716a7b25582ae7	5962
server/internal/proxy/shahan.go	e8237f423afe42d50437713f373c3c66dd4bb4342d4726c451eb553d9713d875	18617
server/internal/proxy/sidecar_desync.go	5c64affc6cf63468ba51cf325191af60bc17857cb07defe4dd234efe641c7b12	9380
server/internal/proxy/sidecar_server.go	4850e7860e07f8c6461c035274e8fa9555fd7193280e5096b247dda82379749b	3698
server/internal/proxy/sidecar_server_test.go	cdd84cd01aa71b60313e7fb2f5a902df56f7c32569a529ac6276bdaa171a5498	3722
server/internal/proxy/simple_obfs.go	da5a0758fe87f5750040227f93ef4455997130c5f98daaf7b239c0e1f4940446	631
server/internal/proxy/simulation_comparison_report.md	0191d86bbc1e0b6b02c751bede2160b1d6add943943e9f37ce2760166bc48795	4755
server/internal/proxy/simulation_harness_test.go	40fc37892b2da1fa96a62f1064ba3147e370153c220aa0ce314fdf7feba47eed	16081
server/internal/proxy/sing_brutal.go	c879fa64ee392111b8fd8b6535873f119ada8a2c1726d45b0ad61ef0b2eacd38	2187
server/internal/proxy/sing_cloudflared.go	dfd4a992db70e945c311099453b2cae3b94c02e46a507c374db122ddd5110f38	614
server/internal/proxy/sing_mux.go	e785a001c19c741c3f5f747991d1f4692762faf96c9b012bcb8b2b441852dcb9	505
server/internal/proxy/sing_quic.go	23b8e5697933d999adffdba5be2caefbd2c1058d584c1eff32eb13fcbb981f1d	511
server/internal/proxy/sing_vmess_compat.go	08f27c8ff03afc09570f05a33e861d6d373942dc42c0c34db9f923995df7ad31	620
server/internal/proxy/singbox_core.go	a7c346fdf421023dc2c44ee3124459ed627bd7e199a61ec2aaffc9fd37cff2d5	585
server/internal/proxy/singbox_core_embed.go	8b793c3d0e0ac6561a83282a3bd14e96957b3b2d3c8163f1d92463f086777bb0	1270
server/internal/proxy/singbox_core_stub.go	24361c9fe5ff6b0e6b7c627deb29f1f7528961f5c970bae1dae3c2f2a64a972e	728
server/internal/proxy/singbox_ruleset_manager.go	0a1ea3f058a4d00ca6d31ba75e898b81786a60ac986868eee4ff553642072d69	1078
server/internal/proxy/singbox_tun.go	3ccd4cc7e4720011d3e6067cdd1ac641d7954713be1b17ddd9c570f1f6de9d3f	652
server/internal/proxy/smart_dns.go	06655d69578b6bd12792c5b4bfe05c8ac4168f96ffcaf95c15db0fa3abaa37e9	7807
server/internal/proxy/smux_pool.go	d8c9a96504bafa9da756896a633c47a14ba0b1585412814049c130e8c8bd1819	1140
server/internal/proxy/snell_manager.go	60912151a17149ba7438e60e758c00b987d04188f8c0693d7077450f81ec1a64	2151
server/internal/proxy/snell_panel.go	3bd3ab5b34f7b54be5230b228ed5b6d02c3bedd71ee56d26f7680e75b697697f	13166
server/internal/proxy/sni_injector.go	01cdf9f67cb203d57f1a8d1c17a53327bd17840e801c4a6df47ab458ef9db448	671
server/internal/proxy/sni_injector_rust.go	6d744d600ac2e1d4972827f5665fc93813e42ef2abe8536e76bb25ff519a9361	695
server/internal/proxy/sni_proxy.go	89bdd512fbd7755a8accbd60224c3945ca8f434a5db9bb64d870817b21cba190	3372
server/internal/proxy/sni_spoof_forwarder.go	6a9a103a7de200c0ec1c6910b23dbd2bb42ed804c4d406faf30e0287aabf7ca7	2989
server/internal/proxy/sni_spoofing.go	c929355e9c20a0484ec0db90822e4ec19bfdcc4cc73e3ab88c3ab8fe3db42941	1458
server/internal/proxy/socks5_isolation.go	e2a116dba47205b22355f97d938d36c770ca1935df1ccacc1d644a488db74e71	2946
server/internal/proxy/socks5_limiter.go	7c0e8772316e84353a1c116274844bed949f60ea47926444e7f446577dd445de	4727
server/internal/proxy/socks5_stun.go	d140c98dd8aca6a29dc30efc44954fe3edf2c1f3443a9c7e50659abe97cf8bd5	4665
server/internal/proxy/socks5_stun_linux.go	f122bc68a9d3e9179816e8f3cccbf54a1c8b1307c25ce965581d5614ba713bbc	186
server/internal/proxy/socks5_stun_stub.go	ddad876164ee6678ae2fb7575f817b9582472ae33ec5f55299f2c24979088569	115
server/internal/proxy/socks5_stun_test.go	912679259d864251233448df3331e187fb6bf387a8acfb1eacc8c5c9f355ae88	4169
server/internal/proxy/socks_dialer.go	4232f16cc126695a6cf2d8b57734581f85db069798b32d491f92c21de46bfd7a	1731
server/internal/proxy/socks_dialer_test.go	cdf9a145ae6f593bc5a6fcc49e4f7f7e1a772504fa0d0e47f15d206a37698660	919
server/internal/proxy/split_tunnel_bypass.go	f042e1d8cc3f31ed2129a02302acdf308f0488f990a6f652e373448d72d92b20	579
server/internal/proxy/srsc_redirector.go	ece532a21785930834eb827eae7106fc157f256f1b5652d5a159ad1ad946fb12	585
server/internal/proxy/ss_cipher.go	d16cc6e0ed49577bb97519825e491020f8f63ee11c5957bf9b28072c1c7db1db	17757
server/internal/proxy/ss_cipher_compat.go	d8afa7b3490788eed6e48628810f066a80b66fe3599837eebf5332df71b9f4a5	4107
server/internal/proxy/ss_cipher_test.go	5394a01a4364fb972c0b18be80cb5b3f2d81a1eedde384c17cb3f5e6466bb948	5747
server/internal/proxy/ss_prefix.go	d05fd494704081abd7e1ca538930c15de42e80796b69fa85e1b0b531fba732dc	1413
server/internal/proxy/ss_server.go	73fc77286d971af28fb3a2eefe3e2fe1d5f1aeeeddeebfd31913cbdb4300a024	6496
server/internal/proxy/ss_server_test.go	1f5e03dd32e3c6b59e05aa2837001b4b4e039e37a6e0af15292a6582795ce753	3883
server/internal/proxy/ssh_tunnel.go	bf8358d179548c5666dd3db3ac25c5ecf1ceb3db64cf111dbca20ec807e9cff0	2261
server/internal/proxy/ssh_tunnel_test.go	0ae945e7cf078a211a3d8f9803fa2d7eac972a2220aac71796e556cf95c63e7e	3392
server/internal/proxy/state/node_creds.json	3edaecc91488c74c0b211629c9c7991ac196db1719bedcd51de2d3feddf2c6d7	308
server/internal/proxy/state_config_types.go	79e2b6afd5b2de23332bfb2392b7e77b4475afc7a635c996a05d0082145c9586	1238
server/internal/proxy/state_manager.go	ecbb50116ae1e9bb698180ae0b3e0b4f8f2926c01752ec23f7bf3e83b0a823af	1957
server/internal/proxy/stego_test.go	19b2c22239761056e6da89aa09dfa9948132a63765d3656126697ffea5e0340f	6021
server/internal/proxy/stream_scheduler.go	dd52665aff868a973f49bf8e7d4841ea04fc1820382e26315920c876b25cf720	3468
server/internal/proxy/stream_scheduler_test.go	6d6811562e40ebf4c066f1be27874b285bd9f21b80837baad5991bfaa38b8a27	2141
server/internal/proxy/subscription.go	c2f7ce2fadb8b2c479bc73e1dbf93b0327eb70ef3a9ff33184299c103400532d	21204
server/internal/proxy/subscription_aggregator.go	6c983fdfd990e98f2894140e0b04576e71db0ce1a34bdaf6cb88e9c10e3b5227	5681
server/internal/proxy/subscription_aggregator_ext_test.go	de3eb6096c6650b06fe61cee8384ac55a3cebb6531090fa702cb55c2ba756617	3880
server/internal/proxy/subscription_aggregator_test.go	395213bbd94211f9e44be62fbadceb6921b034ff45f78cd5fd57ee31270982da	2260
server/internal/proxy/subscription_backend_client.go	3ea1a7aa2ad2375709bf4d5706a2d8f08f691c4aa34127472f4ded9d9074520c	782
server/internal/proxy/subscription_test.go	826d74e122b067baf78a8a6d1e6a126bf63cdc988d0bc1ccb4045fd8d058fb04	5619
server/internal/proxy/syp_multiplexer.go	df4ff6c03b77272b5f7286a5a94a510eac83002eb60a4531280ea4411777bf4c	626
server/internal/proxy/systemd_manager.go	73e141ca29a5628f1090f329a8aca20b472dcd74e74b23ecde42c39cd5c6be15	1504
server/internal/proxy/systemd_manager_linux.go	6457d155094f93826bac164eaceb7063cc004983df7461915422adf45095f47c	2166
server/internal/proxy/systemd_manager_stub.go	90eaef3e5de0c82d796a2eed955e0995eb265f1a44e352876e518ca5cfd7c2f2	486
server/internal/proxy/systemd_manager_test.go	8a90018506944a84c39fb9c4f2c15be918783e8e64815f51347bd9b9e9751b68	1592
server/internal/proxy/tailscale_adapter.go	b9cc28fdc0529864f303e5a2920d14f13f77e8ef1eb05a83406603bcc0190802	13753
server/internal/proxy/tailscale_adapter_test.go	116851eb4c2de09ac20f330f8eb3d6adeeb18210adbe6873d79692b96f4bc2dd	3616
server/internal/proxy/tailscale_preset.go	8efd3b619006d0336e19f38634c2291eceedd587dea7e06c28ff92221ddc40d5	1310
server/internal/proxy/tarpit.go	9c645c125606b0548248d897458319c561c7bb29afd180477ea6ad20afb32225	5700
server/internal/proxy/tarpit_test.go	f61d175dbcd02ea748ae61619ae42e7674369414f033a6e74b325f8f7a617a02	968
server/internal/proxy/tc_shaper.go	4243f11425e400843f2604883cfd3a571e7d35f50bb50d4b1f99c3ea2e7634f7	662
server/internal/proxy/tc_shaper_linux.go	993076b333aa3443fa2c2c4ea14f41c8e6775443a720ad60fa492a99c82450f7	3979
server/internal/proxy/tc_shaper_stub.go	7c184906d42d11d9b47030772829e4d909700e39e25c832756fd1c849d84ae85	612
server/internal/proxy/tc_shaper_test.go	c92fc8ea30aad1861a6cd73cdfa2f48a7bdab598eb47003d02acfbbc96c1cd49	756
server/internal/proxy/tcp_brutal.go	1f23270341e3c389f196117f6dd5e62968c4e2d34cdcf7ec7c1ba57ec6b2b9fa	721
server/internal/proxy/tcp_cc_tuning.go	9b9b8e31dabbe00a7d433f9f38d28f4e8e739ac72cfb0a6d9fae01b07b6a6a5b	3676
server/internal/proxy/tcp_cc_tuning_linux.go	c6deaff00c22a05e38fb56eab5dbc4c81873e6641ad1f7009abcf2314b4cd61b	2375
server/internal/proxy/tcp_cc_tuning_stub.go	1b1bbd72842dd8dd0966416c10354716dc28ffb577e76196dfafa3c34b142a0e	889
server/internal/proxy/tcp_relay.go	4ea184165b26aa5749e28067320c5fe759fa56b4833525e94fc6e22c0138f7dd	500
server/internal/proxy/telegram_bot.go	563d2f624885dbd9d35f4f905fe24bcd862bf018732f9bd282f47e29ce83fc14	2416
server/internal/proxy/telegram_mtproto.go	333477e27d17c094f82ed8ae2a17159856dd4c5587f6fe6bee7ad852f5c1ea15	6847
server/internal/proxy/telegram_mtproto_test.go	923c4ba4f104d85fed6929c3ec265dffc99e0f58084e9988eb629f89ea1f44b3	4045
server/internal/proxy/tester.go	786e6853a91a3bb6971ad30c9e42b4fcfd6000289841dfe674f6cb23228498da	17907
server/internal/proxy/tester_batch_test.go	5d37ac8bcd6d526e376e2ee537582a919b00e8ecee6f5459c09a38669cb8108b	4262
server/internal/proxy/tester_test_helpers_test.go	7ea9fa70c17992ac42dce74cf3f0b080ce6b512fc9fe5b85f56d85d0ba48653a	2510
server/internal/proxy/tinydns.go	17bc2e8a1d3db73a9efd330b6b0e6c38c7a06d15e5d2f776c9b88a2b3370f011	4045
server/internal/proxy/tinydoh_test.go	653d96177307bed430a2dcab09adfdc6c28d48beaf613a60c45b85af907b5b9f	2303
server/internal/proxy/tls_fragment_tunnel.go	1229b6b4b0eb14778acb4cbba598baa7650e3498555060059d50ef08b84f95f6	1593
server/internal/proxy/tor_client.go	3c8513322a7da9fc607bbe4e041bc5d73b25211853e23233d3a8bb98114d8374	3057
server/internal/proxy/tor_engine.go	c19b58e2f1654c1005820596f691e9fb4ff241fc6e8f5c977cf953e5a36ee318	3984
server/internal/proxy/traffic_accounting.go	fded0741bf1eb33bafd5c18c3bde91f19d5ce0c1a759704879901a61ab1bcd6c	343
server/internal/proxy/triple_proxy_ui_manager.go	03f4691eed2c5b04863e468a0b0bce52e7a0f0faa6f5a4be34d135022a8f9d2a	1663
server/internal/proxy/trojan_panel_controller.go	1d6c619f22bcb9359face4e5df3c8515c79d1f714de0a934682327ad66033ad8	17165
server/internal/proxy/trojan_worker_script.js	4e225f06be829fc0d5b469926d13dca12523cf7468b277a6eeed05688e0bf953	228
server/internal/proxy/tuic_commands.go	7f4a68ac1eb5e9d4611a2afdd0497ff5456ecafec26b3545e2af5b42d69c9904	4622
server/internal/proxy/tuic_conn.go	2f87ab78049fc0fed7f5da972fa3cea095bd76fffff6669786c4e58f56da0b04	5645
server/internal/proxy/tuic_conn_test.go	3935bbc4bf616b1c161b69ffb40fd55fc0aef815215c45431b303c0325091bcc	3370
server/internal/proxy/tuic_spec_test.go	7ed010d12d2d6fa7cbdf293349a7f7fa648ec85cd55395eaf43c4054525df576	7040
server/internal/proxy/tuic_transport.go	269226f46b6da5e6429ba49c8d25f02cdb8947589060280ec8ba17dead6fcd3b	592
server/internal/proxy/tun2socks_hev_adapter.go	d554227feb70773a60b1c04b00bed28f7ae46efb62f2e55bdb00716aeeb90e44	664
server/internal/proxy/tun_device.go	fd8b967a5611a3029ceb02fdd67e6dffee9d94eba2559cc8718d0badc09abafc	15994
server/internal/proxy/tun_device_linux.go	1ebe57e019b952c87aa172e55a5655b0761e61d3815606e96064c456697f25c7	1258
server/internal/proxy/tun_device_stub.go	095a573b05a741b680462fee8e329c3dcfcdb15bbcedb04e05e0172310854567	801
server/internal/proxy/tun_device_windows.go	1b577a200f7550de09386ba1b4369e95bdce4baf38dc4bd7ad91ea78090c4e53	1457
server/internal/proxy/tun_packet_filter.go	814271080388de72a0cf1daa780a4a594f8a83c0e901ba7e0daeeda0356c51fe	1384
server/internal/proxy/tun_packet_filter_test.go	162c875442b8d3bf8a74dca5ad99ef204d24d07d3904cb661ee7b5cd8f051261	2234
server/internal/proxy/tunl_relay.go	3b0a40a1fa7b2940c4d73ac95a3992a2c030a23f38b84959c2cbad5ae3ac9fa3	6797
server/internal/proxy/tunl_relay_test.go	66b696ab3d456ea4d9a823947895fce6120b2366409e81572513463a2bde22d2	8698
server/internal/proxy/tunnel_server.go	fa240de2268ade98ac051242faf2f03e2039e276d79a955896efa2ba4b70a13f	13553
server/internal/proxy/tunnel_server_test.go	1e39d888244be2a12b4d9a8c3668597a3eb499c585275b470f47485a93e435b9	2013
server/internal/proxy/types/async_reactor.go	d23b67c6f48239f5662e90548930aa8603841b5f085d84747967206ad7384d91	3652
server/internal/proxy/types/captcha_solver.go	fe15f6a6c0e6cad1527b7406df9b81496a8ab009a5246a70062f3b452b649445	6399
server/internal/proxy/types/circular_cache.go	a7f1b321a633f501bda5e091707f50097b40b896fb301ee78c4a71c428002293	2250
server/internal/proxy/types/coalescer.go	fc440244d90afca80580fd53521da9f43eff5569f042d58a2e05d0764f699fc4	18871
server/internal/proxy/types/coalescer_test.go	7e219724fbbf14618c2f2b1306dc284ba47af1b4e662e48336cc85914fa37aca	6345
server/internal/proxy/types/parser_anytls.go	cd29fed3c37bfc782a12c399f9d25f2c41324c24df1dafce8e0f9c8f9c82ee85	1267
server/internal/proxy/types/parser_dnstt.go	aad7a5e13850172f2e8fb0220f1aecb9a955e1ad49729e2b09a002d9eed75796	1274
server/internal/proxy/types/parser_hy2.go	438806c7bd6ffea262cf63bec9281d46d72b1d51900f6ae5509770946f2603e1	1508
server/internal/proxy/types/parser_juicity.go	bf692d6022dadf0ac2cf6cbd59884acc82f2b46eb6f1de51558a23a0fc6dcb77	1699
server/internal/proxy/types/parser_kcp.go	15afcaf04989acee9e25524ac9e28d5470f2e5b0f61486ae8751e98921cf6ff4	1869
server/internal/proxy/types/parser_naive.go	b05b95e2fbdb6bb35d8cd34fb21ed8c1b660e4ffb1d480c8b980f20dc99b1306	1153
server/internal/proxy/types/parser_nipo.go	f17c3409523521205089bceb99e7c891040a1b3137f106050c63e3d7922e54ee	3447
server/internal/proxy/types/parser_ss.go	6c75270834294f667ddaf47ad32005e43ee8ef8fe36d4283d1290516c96fa9a5	5012
server/internal/proxy/types/parser_trojan.go	114fad5ed4fefbdee69be65873db9f69ed3ace70cb6d08a05e9becd54943aff4	1132
server/internal/proxy/types/parser_tuic.go	7464416be7b2533b97b21c59b95b25a77d122414ce4e828866c199d87e153797	1119
server/internal/proxy/types/parser_vless.go	b2fd5059a091a62a7e47bfd2bddb271f8d6d01697aa032c95486de35d0305c08	3299
server/internal/proxy/types/parser_vmess.go	6ac6a2bf3d2225628c0362c38c684ed3958e57ef48ad954201bfeb72fe0637fd	2206
server/internal/proxy/types/parser_wg.go	2874dcf75a9fbc6b0af7020da6a04c38aeebb9795793cdeb311e5128b7742621	4993
server/internal/proxy/types/traffic_accounting.go	e1e1061e8ac753ce06055e69d3290cc7fcc0a29e1a74cf0ff1fa478340ea9b82	790
server/internal/proxy/types/types.go	72b1adb3db1b85ecbdb9428f1ed589f96fb05f0de598da1887a423c6306400f7	28049
server/internal/proxy/udp_hop.go	0424a643148b1d4d623bf803d515121fea0aa90d056e501d3ec09cef50b30e4b	11030
server/internal/proxy/udp_table.go	2872a6010cd41f219db07704dfd50cfe988f347adbde1d1b425b259268cbcacf	4578
server/internal/proxy/udpgw.go	c5f1301f580bcbdb83b98092beade1b2ffe8bc032568f3a744b8f4e50e397aa6	9392
server/internal/proxy/unimplemented_stubs.go	286e3aef6ce172628f2dc148a3c84f77d1d4a0009907fb92248ca49b31bdc71e	1228
server/internal/proxy/upstream_test_suites.go	12e06456029f185fdafeb1846458ea40e44ccaae87367a8c4f55d42feb58d9f1	68135
server/internal/proxy/uptime_worker.js	4359482c4fae6b649f0461545b7cb68528594a942d4b7f84ea4159db9ebd60d3	1095
server/internal/proxy/uri_parser.go	e3c5a23299e699db7d24b52a8b71696ecae2263a773ba7568bf2f12c4d8f1db4	1279
server/internal/proxy/utls_bootstrap.go	078a3af7bb31892f1e1bd44959071c5aae4c8400b5cca59dcf02228a16b64b37	3048
server/internal/proxy/utls_dialer.go	4d18fbb4620c9927191b0030a63a4b13fafba5c3aecee54d9435b6eb3a3ec4a4	1419
server/internal/proxy/utls_dialer_test.go	0f0d7fb0441d20b2ab6d42a4608b4a06d7f585ee44df5bf77bf00b1d0713b31f	1914
server/internal/proxy/utls_fragment.go	80473601f5dbf33522fe439105032ee54eb6df4f4e2e415a36ed881954d76636	4628
server/internal/proxy/utls_fragment_test.go	ee9cd4a393b294a5928546e1fa7121b4d7b967c5d350fa70450b0f43872c2d14	2612
server/internal/proxy/v2board.go	7494b5f1347192868e2faa9c2e16c485048d32da62cb6c858ce8c8a47e1a0076	4508
server/internal/proxy/v2ray_core.go	f160a05ebe6c5d877e1046d30c2f2bc9a5093dcbfd5664957823935858b19e73	2435
server/internal/proxy/v2ray_core_fork.go	b2f2a2604ffb220b63f98f46926258c4242c0ff626194132978ef6e9a25c9d66	1703
server/internal/proxy/v2ray_dat_compiler.go	ebba9ed7a4c2945a17928cf3642812c760f21b5bec6dd07caedc09fc5755bf71	2683
server/internal/proxy/v2ray_dat_compiler_test.go	2826dce2a58ce7838fd0838bf9df240b10e093586dcae44159e0e1830b44db53	1091
server/internal/proxy/v2ray_go.go	0ef43b00f84457389525a7f27e9a00b16c8d78b55478dbbdbd31c566f9b2ed20	2303
server/internal/proxy/v2raya.go	b1e66e780d23a335bdd20fc46b8f111295623b4d8bf61e76d4ff562ad6ab1cf6	1973
server/internal/proxy/v2rayn_config_helpers.go	e69da78edea28ca21b7f68dd082bc9cbf51cc1a3c26a537e5caa0e8ba47987ad	18818
server/internal/proxy/v2rayn_preset.go	ca909f3e171d73d9dc20721e965b5b696d577d003af69c6f91df42352303fbc5	17103
server/internal/proxy/v2rayng.go	b48f2a8504c86f2410940a5e2d77622027c7d144108d651e74e0ead109f71ce6	16849
server/internal/proxy/v2rayng_config_helpers.go	87f26ef40b0ca3f93a2ee24a3727a7a921a956ce8819bd81f063b6a792ab6baf	17280
server/internal/proxy/v2rayng_panel.go	565c716ff5cccd85e7540de3339571bb8be6e8576c5a140ad65655da99574b0c	2884
server/internal/proxy/verification_final.go	6ff6e6ae10be457a659b16303498bff30e48684edf591911570e1ab7bd5835f6	18569
server/internal/proxy/vless_dialer.go	36243f5314fb8f0aad7a83151717847ae5a4bed29433fa4e763c9fc8d5fe652d	7798
server/internal/proxy/vless_dialer_test.go	42a46f2199606ee3ae6f4ce847c508c3aff2bcf6add711936f4939a7cce9c753	3992
server/internal/proxy/vless_proxy.go	b32508d075df00892e0bdc2f1b193126314412f9ce96a646a38361b61efd059f	12347
server/internal/proxy/voidtunnel.go	825ba3f4b8b9f7549af0b2b7412a54839b7253c7f4f38da93ed727629acbf88a	8716
server/internal/proxy/voidtunnel_manager.go	dfb2cb4f9e86705ae8bebdac05e3c156bec838fa9a140b84579fea7001a07709	6624
server/internal/proxy/voidtunnel_manager_linux.go	cff2eb6208c613e50906c3c278a07b17873f7e0ec8fb3abf9780fbc194bc551a	317
server/internal/proxy/voidtunnel_manager_other.go	670eaa7d3441624304109bb62822af9e1a5c41a691cc8f73c4085f8c8cf2dacb	65
server/internal/proxy/voidtunnel_manager_test.go	e6cef1afd78f73bc851bfb176e9d5d34b36beb2f3a3eb928eea9ffcccd653414	1894
server/internal/proxy/vpn_service_bridge.go	54882f23817f00e58670696ebd7925c9ff95ccb227f13ebeae67f6f6630c63a5	1268
server/internal/proxy/vworkers.go	d0e7ac3a9cee8721a05667f2b97a72f4cf34a1831dfd1f01e5c29eac83c90355	19182
server/internal/proxy/warp_noise.go	73a8f628a6d6e387e83606677e8a2c1e2df750826b3694e45214feeba40de2db	991
server/internal/proxy/warp_presets.go	90a56a36814b5c6ea7cb6f28b9518a0837fe06153fff9e4959dd37c18db63d49	1124
server/internal/proxy/warp_scanner.go	31dd0785dc6a2e0f1af82ca54a1a6ff5859a1245ddf268d7ab4e8cd2f38a2b0a	9192
server/internal/proxy/warp_scanner_test.go	ffb0cc9f4f796bfc56fc455f64799de28ecdc943abf81ad8908a21ee8a807161	10033
server/internal/proxy/web_routing.go	5c3d25d0144b5c2602032c9f5bdba4973cc2bcd2a7da6c9ade8fe592db232b9e	14503
server/internal/proxy/web_routing_test.go	e3287ed7ddbda16e3f070ae17b6cddfb7e48b49a7fedc198d66e7c19338fcc46	6016
server/internal/proxy/webrtc_stego.go	7e282fdae98b24e1addd4e91b59125183b8a30fa94f52919be1487ec8b921ea1	7593
server/internal/proxy/wg_obfs_config.go	acc2753f40cfdcca0d5803c2b9b01567180c94db021caaffa09faee97c851721	21331
server/internal/proxy/wg_obfs_config_test.go	a11e68daae2392e108b10608a2a27b77e17954c9271cf1ceaa1cf7dde30b7d17	10388
server/internal/proxy/wgsocks.go	db4572dbd861c8e6ae4db3fe530c1ca84f6b8fe32fbaeb95defe30e6e01f655a	598
server/internal/proxy/windows_proxy_client.go	826d8870497dbbe8b839cd67ba90fd220c5e24a1af799dcfea118d1f9aa66c39	5091
server/internal/proxy/windscribe_adapter.go	78d3e7b24e237c730d49357e0e1c024fa91e1d2f3b8fb9508be5d419f499936b	7553
server/internal/proxy/windscribe_preset.go	1bba14ea3eef272c01e8c2ae717222ab7caa8550ae95279628a4fe8d1ee97622	536
server/internal/proxy/wireguard_go.go	768a34c75e88828421f5a39f4c2967eecd781cc6de75555252177a5fcbdc07af	664
server/internal/proxy/wireguard_obfuscator.go	c3c3de46ab0c33d8cf85e82382bf21ca8acae13832cf2329c3e9eaf7ed929734	9417
server/internal/proxy/wireguard_obfuscator_test.go	4e72583fb0b3e2312b156ca219208811f56a4560c14e4dae5d7ed9b96c2175b1	2504
server/internal/proxy/worker_panel_controller.go	16988d1e23616691f4dcaf641c443b156ce2581dc8a199a121397b1800764326	6155
server/internal/proxy/worker_panel_script.js	f76c75c34a4a45809da34d9072ced5ad425360e9a71660548540ebca89b4db98	227
server/internal/proxy/worker_pool.go	305ef6a724d843355bbfa51ce81f3c4958c29e56ded6d67cee84d8f5698a8919	1147
server/internal/proxy/worker_pool_test.go	ee554a291f367fcad6ca74f4f3c126ba1c99d9f9dbb9ade1e6926e538e3b2087	488
server/internal/proxy/ws_reverse_tunnel.go	46b3adece3a9d8b0d4439df0412856ce408d7aa20d7b2d6babb4ca7acbeb27db	10355
server/internal/proxy/ws_reverse_tunnel_test.go	a776f965e1c79c0f7f97efe042021e56eed6102476b00febdc74cc4ea30e32ed	2746
server/internal/proxy/wstunnel.go	86ae105a9be4e3d6ad73817a62e59c1120f4ab8ab5127d945dc287fa5c79b8a4	11364
server/internal/proxy/wstunnel_reverse.go	536ccd0cf83be1106e76306c7b407bfd77c0b2a1e13d9044ad355e2b3b4917a6	2937
server/internal/proxy/wstunnel_test.go	149c56a2c4838bafd968b8e59deb8e0e673d7df299f2bc00e92fe8c2fcbd78b8	4629
server/internal/proxy/xhttp_azure.go	9321e8c8fcd5925c7c2e0f004717a5ebe44f1a4fd6db72be2cc76f13a3dcf5f4	1925
server/internal/proxy/xhttp_edge_relay.go	0265a09cfeda1295244b84ede829e81d545d557da28d19af75d46c246a526d3a	597
server/internal/proxy/xhttp_fastly.go	fe2cbe584352ad00f53892fb4e624124527d1c7b5e9abcd89a2e98d1f5db41d6	1958
server/internal/proxy/xhttp_relay.go	d630d81c7cd4780004024e060d282ffe0ab81b2274a3759be632d4df8fe3ca7a	1857
server/internal/proxy/xhttp_relay_azure.go	21b24cf9e41c5fca80853b2faca205a5fb9a4ca2b77873701ecc09285a701fb8	2455
server/internal/proxy/xhttp_relay_config.go	d6c8bc12cea3fbaa7367760a5945add490eb0deccd85b11335bb00dff3062b67	9001
server/internal/proxy/xhttp_relay_fastly.go	67cdac97866959d6966c43afb388377e211606c6014a7d54dc8cd60e9f15e5b6	3853
server/internal/proxy/xhttp_relay_vercel.go	fcb678dbc82179eecd92135fc76ed2584fbb308b20a54621641a0519755c1723	990
server/internal/proxy/xhttp_relay_vercel_eco.go	a1025116a6174ae1bcd539bb56eec4c85cd141e4f1ea6ea235a2c903aee1ca32	4210
server/internal/proxy/xray_core.go	365c4624fb315ea32038d34ed98a939c9ef762330aad40c66ebde377442ac919	1630
server/internal/proxy/xray_core_embed.go	ca3104fada23dca129734931b28d555041cbd730aa223e4bd3637e724dd065fd	1295
server/internal/proxy/xray_core_stub.go	fd25b5b221a507ad18ff96b3992f7b87f54cbd377726ad5b1348097a59e7f58a	665
server/internal/proxy/xtls_vision.go	d71983a0187073aaa5e7c9bad913f42010238b3d899e3b0d1ffccc3c1dcea0c4	8179
server/internal/proxy/xui_panel_manager.go	a4cdf991857676b610a675ac757f64d1645f4e50e3773ded89b4c5da3cf06859	2165
server/internal/proxy/xui_pro.go	d6463d3ffcfb2a54bb5876283143e49f7eedacc10270a1f621c26bc846e6d459	759
server/internal/proxy/zedsecure_preset.go	4afc7fc6feb0377b489f0f98a2108b7263aeb476aa98955457002101245eefa7	1022
server/internal/qos/l7_protocols.go	2c45c3c6dc804852240e31b04a8ff76e02002e4d1494fef582bad3eea3a2e241	3634
server/internal/qos/l7_snake_client.go	48f0e83e19a2127f9a171b33926013b685a932893dfc4b3e66b272e837c64352	4390
server/internal/qos/shaper.go	e71537e49eeff474c099596cded726209652dcda3ad7fc5c26f764ffcb2f0e8f	869
server/internal/qos/shaper_test.go	b595ef4c64369e4fa1fd71f1692f109959d5e2e5a8b3633355d3f0d80a033b31	333
server/internal/redact/redact.go	54cc82cf9809dc189f1eaa155a6ccf73dbf87eb59a6e167281c82be8e8db2075	4956
server/internal/redact/redact_test.go	d1145d8f5893e8cdd999a08fd4b51ff2506339c234a91b39e4d3efdb5672af12	2014
server/internal/relay/chain.go	6857eac673ef84d8fb1da3b685929ec37f90ceaa751327dbc664f66a2c033256	1628
server/internal/relay/chain_test.go	bfaad67c479bf9d031dceb813034d92b845836931eb9eba5c5e99724e598dbc5	1077
server/internal/relay/relay.go	671415b5f2d9c0a66177ed3ec02ecc6c6bcedae90f3ab9fea9e18e36e9c6a878	4886
server/internal/relay/throttle.go	0343db92df70c28937b85f31fe9e6fb92ba39170f6c0297bb7b1a7bdd3487e1c	5213
server/internal/relay/throttle_test.go	6110aba207ee399dd034b53691f600124922b7ecf04252369305067e0429f151	1256
server/internal/relay/xhttp_relay.go	ed91b41de9ff6127f1c94f235c728837f64b32029214ce713d308dba033afc12	13805
server/internal/reliable/reliable.go	5e22ab9349ae1602d510d1fa52b0230b22ed586d2fc90b075a7e60688e31960f	7149
server/internal/reliable/reliable_test.go	d822a4a408ad34d842ce2d23579c12b245ab01a1d65579c983ce19b3d67cbace	2184
server/internal/routing/per_app_policy.go	391b2ef51c9b871ec37f493aad9c3ebc44f1b85758619e7240402eb2eb142562	3503
server/internal/routing/per_app_policy_test.go	6f0c9960a3dc68a46b0f2400ebb98402d9fca43504bb58368c7ada96ef1fdb5a	932
server/internal/routing/per_app_proxy.go	2a1c2f797d28ca927420d662eef94fb17d8f100771d5c83a1f85af83281ec2a5	6486
server/internal/routing/routing_test.go	800f682fcfbef23de82285c89f0830ab2d97274adf509c0216513928f1d45f34	4178
server/internal/routing/rule_store.go	dc22daafabe5f3d2a4e58607b233f31f24140ce8a14a215b7b128a5aa94bf762	6712
server/internal/scan/plan.go	1994272e0dd01a74614ef2a23e23179aacab2c0b0b67068c350c2ce61b4e5428	635
server/internal/scan/scanner.go	5f1bd6e19eb48b3376511a8f21daad5c1622bc1b2c05290a3dac226106c4add6	314
server/internal/scan/scanner_test.go	38d849046536bcdb73e43b2bcfe3e5c25a1371a2a0f8a4f57797792422319b77	2910
server/internal/scanner/adaptive_throttle.go	ba0801ae837ac2a63d6c3a7caea7ed5ef29d63b5bfed309651a5f7fa66745f84	12191
server/internal/scanner/bandwidth_agent.go	9d72caa91157d96ac32fa7ff3053b94274ce633e035b78ec2d27b910d9eb76f0	3080
server/internal/scanner/bandwidth_agent_test.go	b670ae04bd1dc7adc115d6ec0730ff8584b625a7153eec66a8f3ef87d1568895	456
server/internal/scanner/blackrock.go	a57481abbf84b640f866298721cafa66b8f3bfe286116d47ef55f9cb671d35c7	15103
server/internal/scanner/cdn_scanner.go	79c84e2d6af016f19bd23937637e42cdc15bf3028e3b79b4cb585f53ea4da2bd	2323
server/internal/scanner/cf_speed_test.go	c707f05467cb51357229468b0960915c01024b6dec0353d7e26194a41ce010c9	3125
server/internal/scanner/cf_warp_reg.go	5bfb497a894d6c6b19238fb6f62a97057023d520c940aa9791591b5ef87027de	2865
server/internal/scanner/cfray.go	be8fe7ea41556f4d0de47c303de427349e42b0ddfd0983b00c9067193125538a	2864
server/internal/scanner/cfray_scanner.go	7d131fb22631ef0a40bc5aa288d74318016d3386e6bd5b4f558552a02a014b7a	4523
server/internal/scanner/cidr_expander.go	cc2027d5289e178fa0fdfdf955f85fd9b273458356e2e1159a3690059636fd8b	3013
server/internal/scanner/classification_utils.go	dce0280c3b470afa19727dd079f5bb663c5f2408b2b84c389c97bb6ca6258a9a	9605
server/internal/scanner/cleanip_finder.go	c3beb36241d2b599bb75dd30f9bd6eed6e87bdc7eac07d7aba85db208f07d778	13870
server/internal/scanner/cleanip_scanner.go	78f42996ba0f47a49b87a1d2bd25e8eb4464d9c8b5eadc3fffa5a85ef8dd2be5	7876
server/internal/scanner/cloudflare_deployer.go	cf37bf64779d0b282f70baa94b80d4a6257f997742be18d6df4868ba7036dee5	1388
server/internal/scanner/cloudflare_deployer_test.go	b18f34f381aff8c5df80fc52e29618645d35eb1541c3fd2dc5935c2437e5afa6	1223
server/internal/scanner/cloudflare_detector.go	7f2d8a32d1f60ae6440094f0e839feb1db43f6155bb70b52f48e3a52f15d7645	3337
server/internal/scanner/connection_killer.go	afa0909ef0b976251741eb9c1284408f931f0b5f8c207d9475c8278884a4b2f9	2158
server/internal/scanner/dijkstra_routing.go	2503e7b39933e70773018659760af809a7d364f146207fcd7cff86c488faefe8	2732
server/internal/scanner/dns_scanner.go	f3a51622539e5c3b71de51993217f1f9fae5e7924cd42c2cfaa03176e1f35605	23447
server/internal/scanner/dnssec.go	e2fd036e37244f9c3832df8f4585fc57964d7ceed1fb0d9f403d300c5e419410	5038
server/internal/scanner/dnssec_test.go	6f37d821f4e84829637d5dce998f2f750fe560f04f5db82e4d48242fc764ea76	4660
server/internal/scanner/doh_dot_scanner.go	0ba8deed1b63a9efa438d42cc63c9d022a6d141560c8df77e49f907c0f84f5ae	7670
server/internal/scanner/doh_dot_scanner_test.go	4e7e3ecdfd02b500c02b6e344d74739657e585c997cbcb8463dc350fef61ee37	5009
server/internal/scanner/domain_harvester.go	c5fc6247f038f216720e932120cdc1f9320320c2bdbd3e3c8ff094170f48dd25	3145
server/internal/scanner/domain_harvester_test.go	9f2a522279a0b6e007a91e205c54e6c4e65febfee6da11e7444d16ada5da2453	463
server/internal/scanner/ftp_bounce_scan.go	3cb80e567c012663884a64d7f821e91ff25cb2abb5ca7857d4aa53d952323cac	3212
server/internal/scanner/ftp_scanner.go	cf80d9541e6a8089bbf972048a38422f33c7d26754999efc2b9987ea3b2e690a	534
server/internal/scanner/handshake_scanner.go	bc1eca2b74c28f7924e87831028288847a8e38a16c5f8f3e0bfa390391b1bf7c	2111
server/internal/scanner/handshake_scanner_test.go	208c400a8df3a6facd538cc2f32ea901078c7cc1560882057c690b4c5af04e4c	2406
server/internal/scanner/ja4.go	161c43e3d749ca55309f485f78f9ddb17af3c5c5c5246dae96c42f2a04deb6fb	4897
server/internal/scanner/ja4_test.go	43b59f969bb0440f77e9d21a49df7fc3c4a1f46005d5d1c42df7d621db8469b3	1532
server/internal/scanner/l7_classifier.go	fd01110778c7cd9aeca6796bb835aec80096a97f78d02c216527d4b13eca2ff6	1753
server/internal/scanner/lan_scanner.go	26d7d100a5e1a9afc7f080c34abc1bb0df9533eb7fbc6a7020db6893dba4fb91	2933
server/internal/scanner/load_balancer.go	0973f0fc467730b79a3382630d7f1f2f93abcdf497e710e4b6d85e0855adb76d	2466
server/internal/scanner/masterdnsvpn_domain.go	1b809c93454a304830688e63401da67b773ffc7643671f9477b139d099fb8690	9883
server/internal/scanner/masterdnsvpn_errors.go	a4d24d5cc787dcc507b49569b2a142f9bdadfd66bedcd1191dc5cb85c7974932	1407
server/internal/scanner/masterdnsvpn_packet.go	69f80adfd89aca01fa05971360d91f35fc2a03b8ecee922f20c33b3603a180be	11223
server/internal/scanner/netflow_isp_mapper.go	07ac6af857951abb1d841fbf73794e8c8b1ba78d04e44a48d17f3f589e95b42c	1563
server/internal/scanner/netflow_packet_marshaller.go	0df29b622eb7d1198ef52337955eecc5eecb46d805e9dc64d05e71f805f22c08	7160
server/internal/scanner/netflow_simulator.go	240258dbb2e630ae0fb807d575d10120bc7ed1932f64fd8a967a1ee4b8c1f235	3108
server/internal/scanner/netleafy_prober.go	217fee6cf37a362d1a92f53b1eca2e62d4771c2661f70af497b869092fd624d9	2314
server/internal/scanner/netleafy_scanner.go	72357cfefba7c86e0376e057092961ed55e477e801210282f2aa21ab7a325603	7808
server/internal/scanner/netprobe.go	7412d725b1ceeb4004accd8538115cd3095518eb0cee8c0b274abbf41412ff9f	535
server/internal/scanner/netprobe_core.go	406419831cfe2ea714e4ce7fb7f4df94779a119c3bfec632c424044daf3f0a6d	8312
server/internal/scanner/netprobe_metrics.go	711026991921613793b74cdd364f01313b9ae9e9e41360dd842ce294e4ddc4c9	1882
server/internal/scanner/network_checker_cdn.go	fc91aa5173a8b429458943c22184ae877850048fa090c34330884b74cc3907d2	8819
server/internal/scanner/network_health.go	f96a698828cf6f2d566ddebb297b859a4e20f3d044314b60f362363b28f45077	15452
server/internal/scanner/network_index.go	c39578516d04578bcdc95671e20ad57692dca86cda4777d3540cae81212013d4	8080
server/internal/scanner/network_index_test.go	c491cf9df2b0226d92e369f1f5f594cedbbc97e7ac2d15757f8f55d73579166b	1337
server/internal/scanner/network_sniffer.go	8e4af2dd1f6caade9da1347d419c0ad49a527f8475495546bb8c82866d9946ed	2553
server/internal/scanner/ooni_probe.go	709523a39e300be255e9dfaf1ff38d5ec78b959821ca6f7d67a2f8e54e163668	2718
server/internal/scanner/origin_probe.go	11fac9e459f9e805a355f931b57fe97df1bcd735c3805917c4fe31d3fe6f012d	4386
server/internal/scanner/packet_prober.go	075751fe98ce65cad033602867fb66169521bdda7d20f47d007c587becdc6ebf	2285
server/internal/scanner/pentest_suite.go	9b222bf259cc2ebfd08adad7b31e315c8ab736c512c1fd897825c591b784f451	529
server/internal/scanner/phase_result.go	47177b243b387792d6af0f2e3063852258465a3cfc53630e6f80097841575b6d	28294
server/internal/scanner/port_scanner.go	483b562bf6339af94b62cf2a5696da614d7165b0341a6fa0a15fb9215332d89e	1423
server/internal/scanner/preflight_probe.go	cc1535115bf280813e723ef00a106f176b71981bbf969f4e2ee01d1ad738a840	8322
server/internal/scanner/probe_engine.go	e753c743945efd2b862c2e30b061a8c35c28ea540d89ad28bac20357ca63af23	607
server/internal/scanner/probe_pipeline_utils.go	cc5168593d2e5d3d5099435ec709ba5be1d94fb5d0bb9f41b431f1e0cb3cd252	17192
server/internal/scanner/provider_route_runtime.go	2a6a348714d27e32b7c64803ae9c5ff2ad2d81b6237b3a1b9c14d0ae3e619240	24575
server/internal/scanner/proxy_route.go	cf399ccc3ad264b3b8cb12c4c234c86165361dd5ab84820c872063a5540dcab6	8526
server/internal/scanner/range_scout.go	d78a28a9902122021da7103d4608ebd956c65130bcbdf1ed95e89798683c4f7d	7139
server/internal/scanner/range_scout_test.go	7e6e66ac194970e599f1e29e8ca00a1c8c8cb428d62379f8c348e7858690064f	4194
server/internal/scanner/reality_scanner.go	08667e67a6b4ad714c2fc06d1e667517de1880b4d083fbe4154ddeca6498d0d9	1571
server/internal/scanner/reality_scanner_test.go	c4b0aad18e4a4403b78523a93b06c4549deb244a09dcc278a7ea99080185145e	454
server/internal/scanner/routing_plugin.go	11b2945fded1963dc845cb5f633e48b274187812b6774bde57cd2fab8bba1b14	17580
server/internal/scanner/scan_config.go	01b99c0a52991cb736adfafd64eaee21446afce9a12621c2db2f1494802e3d66	14818
server/internal/scanner/scan_iterator_plan.go	7d15bee14d9e6a1dcbe2871c1f4db055245da7d823ec27d075782b058708d599	17719
server/internal/scanner/scan_orchestration.go	180b83d48bebebe2cb5a8f77dd525ed15fa3f38be9eb3b7ce930f42b1a47abc3	15501
server/internal/scanner/scan_runtime_utils.go	7eabe90e1343fdb9ba584d9d7d7a0a1d2b4abf615731a8c15a5a91ef7a8858f0	8233
server/internal/scanner/scanner_dns_service.go	8318321038494f08045017099b56a344650edb67bc7addf9726ce5b54e3277e7	4651
server/internal/scanner/scanner_edge_routing.go	c7a2900eea9f7f50f72fa14e71b5d5f9f8e3ee71a7ac7e9cc640041e4569d329	15771
server/internal/scanner/scanner_planner.go	0a89b3717e443d0c68c90bf49ede411f4aa992a5e46bbc608cd37e698e8b53ac	17168
server/internal/scanner/scanner_session.go	dba3509037df26678d9dec874dc08e27685e6ab33ee25235a1338f5f74891ff9	30394
server/internal/scanner/scanner_sidecar.go	4c2df3c845cc7a076390a64543476207c912936960efff9b60c04dcf98e73076	21745
server/internal/scanner/scanner_target_plan.go	6b8ee256cac420481801a1eedfe9c10791706a8fde087a191ea0f9cddd75eac1	29146
server/internal/scanner/securityscripts_checker.go	b6403873de0317a5a20a3d9a0813328ee086c51458a4200bac6f49a62d888548	5586
server/internal/scanner/securitytools_scanner.go	d54b90712f79388dcf8f5d0928b020e9e20fad76cbbf30f7a4eaa75957151848	4909
server/internal/scanner/sidecar_control.go	67042e6efc06ea481e86e2baa483e1761c3ffb92f31c12ca1314a970bcba3caa	2882
server/internal/scanner/sidecar_extras.go	7cc9a6f707bd4655eb1b1e54fe536991925efbecae9a93f2f319fbf3268972c7	6552
server/internal/scanner/sidecar_http_errors.go	59731be4b9283d6a4d5459d4c455e94f7bfc88c8a1e1972621b055efe4b0644c	2065
server/internal/scanner/sidecar_http_errors_test.go	687b045c5760c98c865300d9f7ed828c1b492378eb4e6d1bf1a1837b2f0b7a4e	1051
server/internal/scanner/sidecar_http_handlers.go	9534a46ae374255e1e1740a6fef3a0a69bf1e6228155f6de8e81b880e3456545	11290
server/internal/scanner/sidecar_models.go	b19517cfd9df4a4b0be6dbe2549aeaa13704579f74942b96187a3cbec93b0f85	9310
server/internal/scanner/speedrank.go	2ad3b745f80caf19b994673412ef7b24f3b86ade67bad8439d01aabc6751ca56	12324
server/internal/scanner/subdomain_scanner.go	7693ac903f21196eeccf72917e94ae8aad0c1cf40661a4021ae0443007095ada	1938
server/internal/scanner/subnet_divider.go	298a92be19b0f5b18e7da291cfa073a1d61eaeb28460036750101325c18a9970	2166
server/internal/scanner/syn_scanner.go	1f1e1c880e164bbfb27ed57ad1cde8ebb27c41fd49412fd2c9b86ec975c87357	1903
server/internal/scanner/syn_scanner_test.go	78f04abdac83d80baba1f4448a8659821715aa1657146a3605fd0e270a361861	530
server/internal/scanner/termux_scanner.go	1a6b20cd806c5d8704a74092888c03bbbf5c279b0f4bda4601ae384b75d42583	636
server/internal/scanner/truth_table.go	8bc5325d70b6c2b2aa7828c8f194fe82131fb86a74b0d01251e8eeaef1e0c9e4	9257
server/internal/scanner/txt_mode.go	69aadf15307e61d3681c10dc71f148462f1e8a5f87c6353086efe358257cfbfa	7888
server/internal/scanner/uptime.go	2e1a436a5b82f60a46d4fcd3733056e86bcebca4518c2bea6e7f40ada245efa0	5706
server/internal/scanner/uptime_config.go	51c319f2100db6f47c156f1f5035181b8ffed9ac458078f31d31c5136892673c	3949
server/internal/scanner/uptime_test.go	ff1d1087ba31258cc0517ed5dda2e635373f4a532e32ada0448c8437d3d9abfd	1834
server/internal/scanner/warp_client.go	3aa437dcbd39aa941944665a19ac49f575873006220c942ebda2bd5380186a4c	4061
server/internal/scanner/warp_scanner.go	4e2259ff6518da4c64fd6e11b0b7f72d1a4f5293f442a6b825d65cfab9af3807	4466
server/internal/scanner/warp_test.go	e8175cf2ccf1d2a48b5af11361f883939f51e5a93c5318c80a26b4450c581c2c	970
server/internal/scanner/web_asset_scanner.go	76d1142f6387d541c98ee2528fa43b28ce183615ac88b00cb6ef792f259b3434	5990
server/internal/scanner/whitedns_manager.go	5aa5492d42ac79703faa4d7854f93ff5a01953f37ae0e0b0caf0529997b85f87	7194
server/internal/scheduler/runner.go	5d1094141e7434e690bd94bdf31a91bd9df92ea3a28aa78a3134a0392ecb7a11	2980
server/internal/scheduler/runner_test.go	e037fff401bb654cd596bda13cb4c719c71e16b449e39b6aa774616e8f30c63f	1320
server/internal/scheduler/scheduler.go	4c3f110e3f8cce615ffec46ea5a94b6a6d813c382168d2a26aa6b75657fb0625	3769
server/internal/scheduler/scheduler_test.go	eefff6a4f0a203480ac9221fc4dfe8063019e945975a5a4abae8c0a0a69203cd	2495
server/internal/secrets/file_store.go	98a19d559da495118c1e33da685b9b168df1b948a75d2947421888915be390cd	4896
server/internal/secrets/platform_store_darwin.go	6fc980d99a4b7dd0b0dd30c178c97d3f8c3767a16de63e7a5d490097a16fbe91	382
server/internal/secrets/platform_store_darwin_cgo.go	8640b8f394ec8029768d9602bee319f3772694bc0458959aa775999891df917b	8558
server/internal/secrets/platform_store_darwin_test.go	a8a8e89f89bccc45e1af46a4fdafbd2eb6cc1bd9062a6c1a7063651797fc2a4e	1049
server/internal/secrets/platform_store_linux.go	36422f911346aae477c8d0efddd9cdc8bae988c3032d7f985bf356564f2b6154	6582
server/internal/secrets/platform_store_linux_test.go	a124628a7789df4d8c0dbf41e446ac2140accec5d938550bd3daf95c09f09156	531
server/internal/secrets/platform_store_other.go	06a75e896d106a9200e980d3fdcb1c9006fc1c0de4e54c3f1a80707b7d233a6c	236
server/internal/secrets/platform_store_unavailable_test.go	e23c9ad97621659b8b074a50f0ca55fc4a6a73b88fe2f06476e9adadc0ba8353	379
server/internal/secrets/platform_store_windows.go	742fa88f1c46e973f530db9e36978afff5293f15255bbbbb7cc04418e1b0afa6	3571
server/internal/secrets/platform_store_windows_test.go	a82cb5c5b7831fdf3e159935fb9eac1a8521f8ea894b899d22aa0063ccd4d8ec	841
server/internal/secrets/store.go	fb9649f3c46b63ad23a4b86374c80141f3696105444a98566027f5d49483aff3	4532
server/internal/secrets/store_test.go	19b973a78cb4cb5d5356d666ba3689b74821e0a0841141cc7709e0a0a369e434	1852
server/internal/securefs/securefs.go	a47aeac84faf58f02d7a2a1af5049bd9eb348aa4d82098fa43da3dbb85fa1318	1110
server/internal/securefs/securefs_linux.go	c1188deb0e7cc0c1ff78ac9956b3345edbfe182992d9e3a81f96589c90d4ef29	3492
server/internal/securefs/securefs_other.go	e69db1ee0f8925f3889790a0a55775b7ee9877092881fbefb56f37f17cd4e40d	2329
server/internal/securefs/securefs_test.go	fe9abc7b9a5cf78870f547d62a045472e02a3f085f3e58c8342853d18e9a4f8b	1104
server/internal/securefs/vault.go	2c65d1da9b7ceb30f08f4aa67588cb65a819ae2e8a09ef781d5b71bcf612aea7	1923
server/internal/securefs/vault_test.go	1e9d6fe8b6c7d62703df4fa5e338dc3df4065b48e30df48a545abef04ff1ad66	905
server/internal/security/anomaly_detector.go	4b77ae2e368ff8af316fe62ffc3417413431cd3f914f5f2dc5a0afd5fec91dd3	9212
server/internal/security/anomaly_detector_test.go	e79461fb014071d53052c387d4976a7f0da993d7c2f78a112fff02a7c57cc37b	3012
server/internal/security/cf_solver.go	7dad406911d6e30a54e2b28d7d77981b8fb2da715c46c3cf005975a202b6ed19	2573
server/internal/security/dhcp_spoofing_detector.go	25c01c4054c085df1c04e0770ef22e699b9e1b6e8d92854852a437b307a59c78	722
server/internal/security/firewalla_inspector.go	a2427a27f4d27d1d0ca76d3fa8721b0d57c7e24882e4e1a6b442862da230f30c	1549
server/internal/security/ip_analyser.go	ddc2199191b3982ffa501b7db802d55ee55209d1ba0552d3faee920a5f27ebb1	1971
server/internal/security/mem_db_logger.go	4defe1a1a7e99179898c6a08a125026607fb3b5f57e630ec098de7a45b0c1b20	1823
server/internal/security/tshark_defense.go	4c23652bd217c216418b5544802ef7c75c442e3d03cbadc66662413672e5c537	1814
server/internal/security/vuln_scanner.py	d3f8a204e79153fb443cf66d7a5c4f3a9a2ad16b8a68e19aea4c8fdb3585e1e2	261
server/internal/sniinject/fake_client_hello.go	8dec998e2fd506e2b4911d3e9dca1701bed04c068f8ad1fca6f537c153855d7f	14430
server/internal/sniinject/injector.go	6d2c186dbf8b91a0e1355aa1fdf19652b45de878c0f4a7e44c6dfda9e585d54f	896
server/internal/sniinject/injector_test.go	eeaafb7488704fc97aab512ddb526cab224525fe29a379fdc9798dd0a37034b4	868
server/internal/stats/apermon.go	4fe4981accf5a57cca9fb005fec9ccbd38c0d19e15df8f8af0729077fd4eb1b6	2528
server/internal/stats/connection_ticker.go	e3c5eef714e6e9894ffdbcc3765bb295875f6a0fc870de2ba19afdf69eca10d1	5682
server/internal/stats/crypto_lab.go	8bc81df1788a5f6bcc85a6b315f6b20e42a9e86e8951a1c665fa11c6c0ef1db2	6108
server/internal/stats/haproxy.go	67c61f7c10670491db39dcb8de09e826e39b6ed11f1bec332ec059462365c921	1745
server/internal/stats/process_proxy_monitor.go	fd16e166e764ada2b09ff6ab740406c68044db4adbe0b29e39488c989acfd10e	1892
server/internal/stats/tailscale_diagnostic.go	e92f91e294595627b840b14c6266b6245b6239a6f805490622c974ebf99dbf2a	1679
server/internal/stats/uptime_monitor.go	d6cf4049ca8bceef30ce3dbf375e7db6909902c7bd23473cede6504be5970832	2627
server/internal/store/cf_r2_uploader.go	944bee88ae7554d8d0748a273956e045460a913cb6df6024014ec9a56ecd51c7	3001
server/internal/store/db.go	3756c562f4b9132df684ca082a1bc6577aa6feace258e9de36d77c0aecf20564	1809
server/internal/store/evidence.go	01f853a0808ab5966408aeb91ed423b15e49363293d24a494fd36df787780ded	8332
server/internal/store/evidence_test.go	808ae63cfc289d0f20dee633395e0229e5d057f079ff54bfcfb677ece9238a65	3525
server/internal/store/jobs.go	89f8f445e0a88d101be3ddaed0a29c2df75d9b4cc6ed640ea617075613e4ac5e	4538
server/internal/store/migrations.go	a04621ed6c0070308ad1c41a396345bbc7ebafc9dd5ea37c35dd5ed3c5860d6c	8236
server/internal/store/node_store.go	1aae7638700671f69c4e136dbcc3c139b9dd7c20a222a59a9e631b9e9bd175b7	2637
server/internal/store/node_store_test.go	f6d28ab9cd979e9474459e946618a3875afe56928c57501b104592e3525c01aa	710
server/internal/store/retention.go	a4119a64db4dedbf17f05766d0dadcd82d23facfd8c07d2787ca82285e424784	3913
server/internal/sub/begzar_decryptor.go	840e37fe4a959ce6656815c4b4dd2cd2091aed9a1c93a491edb88e9dacab6536	1259
server/internal/sub/begzar_decryptor_test.go	8765caa67df5c47c8f312e4a1a49f004ed05748904af89e18382288e18d4bace	1403
server/internal/sub/candyconnect_presets.go	a03abf83c75ec5eae2e80a078f405667dec263ad4559904dccb83d83b11fe768	4110
server/internal/sub/clashconfig.go	0ee4c62c309d13ea45e75722b43479da3c47b325b1718cec276d56295989e043	8650
server/internal/sub/client_configs_list.go	6d5ea03c419c5487ff622efcc440b933fb8ea8c33fcbfdc9d7fb227a7a0bcea8	3317
server/internal/sub/dohot_frp_presets.go	3d5fafc6882392f04d72f69063011ba3c0f6bcdb7f4ed58dee0f6d7512fcc276	5725
server/internal/sub/edge_sub_fetcher.go	1b000424340efdca0cbc54f8d7fb8d2f974e3e5a6dc5c74c4d8801ad54c99ddc	12734
server/internal/sub/egress.go	02cf1bf2a5237e9cfd1c973ff3e53dce93ac2dbe1c81666148894627db81ac0b	5774
server/internal/sub/egress_test.go	7ce4a1d97f6feb3f323281da17817e34594021b954e50cb1ba3298d95e63f3dd	2267
server/internal/sub/generator.go	990b85954289ce6565c2935a79029e74b1421875b2be1f284e72543afc8e1009	12366
server/internal/sub/geoip_database.go	ba25c98803c0607404f9424b6bde6bd19cb10133781232e89c63f42784896224	2989
server/internal/sub/geosite_database.go	c8e3d3cd87e62dfc81f324029326842fd199c86b37d761d1de19fdff2d9298e5	4641
server/internal/sub/mullvad_servers.go	728de641e0e0c968435d177d803697ddcb1b6585f8b9495d84d7ca800537a9e9	6175
server/internal/sub/mullvad_servers_test.go	07e8750be0aba4f02ced595a152eed093f5a4ebf371f7679826390c13c866735	2661
server/internal/sub/nacl_sub_provider.go	1f54bfb84dc719f4c5bcd9cb0b2b99e12df197502f5e18be087dedd2e0e8db10	11950
server/internal/sub/pac_provider.go	f2e833c50cf5b2312850dd50b4e1a0cc5eaa21de2a6c6bd4a340a37406ff951e	3062
server/internal/sub/panel_client.go	62695e10810d173b70020737d65f186482b19f8776105fb90fcd383c66b41d92	10318
server/internal/sub/panel_client_test.go	d694d51556edab8f4a86d9eb7ef903f2c30187fb0d9cd6bc064637169225e31f	5851
server/internal/sub/profile_parser.go	a05d634a49c3eccbb56eaa1adb1d85b6471e74ad71e7f0fecbfb9d164375788e	3348
server/internal/sub/profile_service.go	01344f82c9e20921916452a24b26fb541ee670009ccef11823600a5e4ac0af0d	8763
server/internal/sub/profile_service_test.go	772cbfe3e2199949ed1b3dc9587adb235f1af439915753b1029088fd5653b236	3516
server/internal/sub/relay_checker.go	fef7007e550c06184a1996afcec8e571d0e478f4225821695fefef2833e04576	2802
server/internal/sub/relay_checker_test.go	0411d7f7118c5c8bacf2a8bf8cccb740967e518eec351dba246f668dc868c0d4	2844
server/internal/sub/singbox_rules_list.go	4eb0350fd1d98d8b418cbbae05e9a133c4925f3317058c89cee69239a9f2272b	3870
server/internal/sub/subconverter_cpp.go	9396b1ba62ff9f104d1cd88fccbe73d418eedaf471972a7c259607f9a97ab5e6	2334
server/internal/sub/subscription_aggregator.go	1243048c36e883b761f167c82f420247a2e5bb94f6b7d99b0d285ee97fdc4b0a	4981
server/internal/sub/subscription_aggregator_test.go	fcbbbeb02464e53f1bad8a47e760d40f91c209b6f8df65a4139a93bf10db775d	3685
server/internal/sub/telegram_scraper.go	1c23a958182016c2a65ba9cac485b6d1662f6fe66760bb4095e95221ba43e139	4050
server/internal/sub/tg_channel_scraper.go	9bd7750fc9e0c288653c7ba91a65dcd468cd3f09d790c773a85352852635b0e9	4900
server/internal/subparser/clash_config.go	fc5501b91e60f05944bcf449d5c9a5b317091b15c94dd0912eb788a980daa4b0	2215
server/internal/subparser/country_detector.go	7a477abd760bf1d01f547c2e5c7e1df9544fa23aa9ceb41c86102e821e0be937	1755
server/internal/subparser/country_detector_test.go	457021d49d2cca2cba530c75495eb6d1cec078e829601a6b37de44b250fd061c	1042
server/internal/subparser/gfwlist.go	082ab3a4bf848261c8d4d703c05072ea772f46ced0da58adde909e4658445bed	2926
server/internal/subparser/link_parser.go	508f1cc1e6f39b431c1043ce392f170344802346da99143e1e78d5625208f2c1	7136
server/internal/subparser/link_parser_test.go	037695acf34dc2a5c62ea5b5eb7c6b62b25689aee431c0981d3f0fb121f872ea	4258
server/internal/subparser/singbox_convert.go	961bebea6f956f92381b85446352e24e5edc3d7714fc297b05adf0954ec7c768	1899
server/internal/subparser/singbox_rules.go	b907db6c48ee32deb7a2d1d922fac5c1243f42e6b5a036475b2528e53d28ffac	2113
server/internal/subparser/srs_parser.go	6a6f5cfa319da577b4064cc875ad9d585be7fc87cc7cdfe49418b11cb77be990	1121
server/internal/subparser/subparser.go	84efda15cf776a4d33aa47b7c3ab639feace5522076394b16a4f28300669d302	13616
server/internal/subparser/subparser_test.go	cf6d75c3f40e12ba735026d353ad7745e6296588f7c6fa81851f186ce3940a3c	2681
server/internal/system/admin_ssh.go	710f86f0ebe9140d58c633b4b11d76bbaef96a467faf9df8caddba8a9b764e2d	4007
server/internal/system/agent_bus.go	ed760d491d377adfe939169b286055c388ff731cd1a6719e4b6b10ab2699d027	1238
server/internal/system/android_jni_adapter.go	1e2931266b31146b019310a1564d9b80acf629e55d2a0af2ec130ea1f0aec901	3074
server/internal/system/android_jni_unix.go	da65ac53c0875ba96e639dbc29d3c45a64e62f70279ea3665247f42d40707902	302
server/internal/system/android_jni_windows.go	60cdfcbd97bed9e8f86db364ab39127697f679b6a7e8f8158553fa97fcbf2e18	335
server/internal/system/android_log_clipboard.go	387987ba4181a06fbbbcb8ff6fc3f701999c4c199f3db4feb499aa75af341cb5	2367
server/internal/system/android_log_clipboard_test.go	80de32babedb6aae1dcae956ceab5d736260d3ec7891ec573e77fa3649b8ff03	901
server/internal/system/android_magisk.go	faeef7a07dd5343dfa41fb03e556ea98661693f08b82ad20ad7c17df13a8b1d8	2367
server/internal/system/android_magisk_test.go	feaac970b392bef9a0d8c4b3fad7921960db0c8b9874c0fa03184870c908eade	605
server/internal/system/android_vpn_helper.go	b15b5650da463def5277505ae31882bf8eb95b682aaa5bd2bae1e779fa23f7a9	2265
server/internal/system/android_vpn_helper_test.go	e2bc78fc0f05c148285598d4e67b358a98e681388b534a5dd84919c25864628c	1409
server/internal/system/api_key_reverse_proxy.go	96107cab60908dc4d104210f17b1aad8b6dd1f34e77cb535a14f53fc98196047	1719
server/internal/system/app_updater.go	c61b3b9c08d31080d1d0450ef1f86adfea13d93769756ccd952e4331649f9d8f	1456
server/internal/system/asn_engine.go	2e8fe3b36a35f60a3fa599a93343c575d778fa5f6d5934fda84a73753611149e	11015
server/internal/system/atomic_cache_store.go	86844113821211753a9d391044d254e73500c1e6ca15107d7d8e8a9a40c97aa2	1100
server/internal/system/bridge_router.go	d6fd438da96d28b5e84752f85b2d4dc731dc68e504ef4f076a73165684fe99c5	2464
server/internal/system/browser_native_messaging.go	5d6e791e150bea9beb2138ddfae7816067c367d359e45bfc5f27b0167a4d0b14	1463
server/internal/system/build_info.go	d35ab785880b815ca291a97c0a63a3beec26ef34b2823704bbfc57bbfa5e3122	253
server/internal/system/bw_limiter.go	c4c7af424a9c2048c28790bbb9e399aa768b7144d3a4e5e209284fd84c49db3a	609
server/internal/system/caddy.go	0c7d2e060742eda59235273e7d4b9514229602876e8d9b2ccebcce1fa41dd5b8	4864
server/internal/system/caddy_reload.go	cd38ccd7944dc35b511064116696e191b205e9fbd72a9c85f76d5024a70c90a2	1348
server/internal/system/captive_portal.go	08789684e4e4c9d72d84898800c51bb9fc160302b14341c5c401a99e6f8d58c7	607
server/internal/system/cert_generator.go	19b2b837a84d714eb41899485d0029af8291c521aeef9ddb9164b75b18210a46	1745
server/internal/system/cert_installer.go	eebcda4275ea91a79c0a11f8571b5180f4716ee514de00b7cc465fed16c9db39	5105
server/internal/system/cloudflare_dns_manager.go	bc378f993d465ce5ab4455389807ecaf79e91e8270d845457e2b4492f1b7f974	352
server/internal/system/cloudflared_argo.go	24eb48ce5ecbee7f38105dbfcee05a1f27c4e10d412810c92dadd72088d27a15	1886
server/internal/system/control_filter.go	3139bfc425ea2de4f9f53a3f23c58e1a9ffe6efffcdf6e1b10fb839fc592283e	4943
server/internal/system/country_detector.go	ce9719493d9b3785db160e74c4aca8ff0f71f590e4864c79fa7c9e3a1626dd6d	877
server/internal/system/discovery.go	8b1037da166d5f676f45eda642591bfc83accd9f545dda8054e29b5295780b38	2696
server/internal/system/dns_android.go	62b0276e60d105064e485270944eb7549af091aab1674c6367dcac935eb013e4	1609
server/internal/system/dns_helper.go	50486debd70bc3a3d3536db55f409777301210ea94d9cc90e16807bfcbbc85c7	2793
server/internal/system/dns_leak_wfp_other.go	83b03c97f3b626711ecac20a38fdc2d788976a45bd5612df11210854a8f05bfb	245
server/internal/system/dns_leak_wfp_windows.go	8411f5b181cc9740645c9be84e4622b00b4dfb6b9a2786a76d0b06775dec57d3	4074
server/internal/system/dns_router.go	5719f4ff7978fc35197afb93fae928a129e9ba43cca54a1cdfbb8f0e6eca091c	4166
server/internal/system/dns_tor_vpn_bridge.go	21779a5849504e1a1f8f598fedbe77eabbd93eabb14fa2e2d48dd6c876270925	1725
server/internal/system/dns_windows.go	29ff9bb1280da5ff24d02319ae356fb6469cf4fd1a6c54b160dcecbe32d43870	3438
server/internal/system/ebpf_redirector.go	ff055502a42b53049b92678e7e56be0222d4ed8b2fd8b6c2b96d113176884a9c	2432
server/internal/system/envoy.go	e7fb7ca9f656139e9d4dbd340639b3b8ae3b1ff8e13ade8688e77de81fa76eb3	2632
server/internal/system/evasive_loader.go	43301c4d3c9bb0dae7c1bb4fb98edc01297b53144952e0545b12d6df5e44bbc1	1336
server/internal/system/exclave_android.go	54cef405ad9438f8f88905f12436e219dc2de71c29cda0d9d17da1b9bd5bf012	1803
server/internal/system/file_watcher.go	4e54761f6cffbe016702783257144f9ce3535a8ffc184974441f30e840f13d6f	2195
server/internal/system/file_watcher_test.go	ba0b57128a12214786b85e8234ccc531ea76d1efcc97fee9c309615ced9fb3ea	1021
server/internal/system/firewall_unix.go	1a20b127bd187ea077c49e037d5a831680f77a2a399767455cf96fee6c06f13a	2575
server/internal/system/firewall_windows.go	2b7edd18f42f4565ec56d492e8194aaec72d1eb66072269c4b8885e9e0cd59eb	2964
server/internal/system/flow_aggregator.go	b5edd232ed9f7c9b7ad8da92badd890849d37c7dfab46fd4018b4f11e448a69f	1693
server/internal/system/gomobile_api.go	d34a4f836d9f9e3f162dbb4849a70536e6028eee1b49f96b9a006dd581ceb106	949
server/internal/system/gomobile_api_test.go	e0b85a00183e25c953a03dc694053df32ebaaf242943b17bd3cad6ba62518a66	753
server/internal/system/homograph.go	fbc7c51a7aac8dff9c63f86acf6c1a9e369350dd911c59ae7d8c72cb3ea87be1	965
server/internal/system/hosts_cidr_helpers.go	b01ea228ee945b7c2e7e9060bb0b94da7c4f43ad6a05d99ba4a77649e209d5db	1489
server/internal/system/hosts_updater.go	a810eec70db2df8137d299f43c5a13f575caac121a9528705d9c620bdc219969	4219
server/internal/system/http_client_config.go	1fc003ad6f9663acdc5921da7463f1ede660822119b7a69c6f0ece33600c5e93	2075
server/internal/system/ip_scanner.go	1f492fa6acb450e83ff7ffd33376dce525c0eca4b96fd4bd14c2941ccd3de52d	8212
server/internal/system/ipc_daemon_client.go	8fc8f7fb02efd6e4118d75e9a2ebd26c1b26b7d3fe66345156d02cb850c2f51d	1676
server/internal/system/iproute2_linux.go	f0e4a625dbd8c294ce9c7bb7ecec26649504e36013497a163489febf12094b75	1533
server/internal/system/job_object_unix.go	77bc21fc8228138fe6233246ba847f8a8cd0ca5c66c52132116670ab6283792f	395
server/internal/system/job_object_windows.go	2a0f5c1dafbf78e23404a12b903b40c3b8113df9cd073b501ff9244d7995e5cb	2679
server/internal/system/keepalive_config.go	fb4450f12d27db6119796d26b5f1cb191fd6b283a2c83b58de02250273d5334e	449
server/internal/system/l7_listener.go	fe8dafe075bedd1b4486523188637b7b1dd7f36405698f9644e357b80bfe8001	2915
server/internal/system/log_demux.go	9a78b2b9f79a0d7247416a124a82f1c89b9ea1b066298a1d655005b7ca44b63f	4145
server/internal/system/log_sanitizer.go	8c3c883053353d4518ca656c99572286eac09920ec3c8075eaa25647df66b422	579
server/internal/system/logger_formatter.go	7e404a6b4e5dbc31b3172dc662bea8767e818641eb779936d0ede4092136359f	478
server/internal/system/lwip_stack.go	56c5770c9aca69869f290008ec083b03440af1d28e452c69278c718cf4051050	1291
server/internal/system/lxmf_transport.go	2ca5f0705919f4ab066455d098e1c81a8994dc9ed9b6dab09c8f5a94783f5daf	1565
server/internal/system/mesh_stub.go	64f7e7a2b6dfe6d3377f13989a7879e47ebb6fdfe08ab0781d9f93042e9306c7	2769
server/internal/system/mesh_test.go	9b887723074903bb804c2e37e1405de815f6f56c91516afa7fcb38cdeb29b53b	2192
server/internal/system/mitm_manual.go	73e4c2b9f26a88c11c78baaa0534034d26b0d71766459a38aceccb9d50dc048f	3417
server/internal/system/nat/nat.go	63c1879b8ca222f1172de80d9404840b6d076076a042e3b52cd597254223c408	3119
server/internal/system/nat/nat_traversal.go	4ec055dc361bdf24d9cdc061c583acc075151ff332fe163f027c0bfc85e4fef6	4565
server/internal/system/nat/nat_traversal_test.go	bbb7263ab466c5fc23fa215a8babe406eced0e83cb5a9b7eacbf3b291341fd49	1518
server/internal/system/nat/nat_traversal_unix.go	80df38339bf4aa5b21e6645e5d6d02b123f509548ec6d02b40502a06e7fd4b35	181
server/internal/system/nat/nat_traversal_windows.go	14ea876ecbd977b443bc8129f97f60012e2945365078904b6341cc37080e76df	191
server/internal/system/nat/table.go	66cf4f92d3d4a968e928bae39d241564cb1e614425c5fbe3d017570c07e757ba	1295
server/internal/system/nat/tcp.go	b6014be5e93b1b0e354af716f58dc100bcc918a53a123ce4851ea806b05ac02b	1288
server/internal/system/nat/tcp_test.go	68f503cdad88584bf16e29860b24f2aebe46b50e947c4959575ca98aa91086a4	857
server/internal/system/nat/udp.go	549e5baf1c7f710c742c7b9c9a522f141a4edc8ca5209894733537ac725e7343	2791
server/internal/system/nat_hole_punch.go	751298f2d8f91ab44f8e6b2849a0b850c1af2d86819d01673440cd286e2d0f91	2021
server/internal/system/nat_hole_punch_test.go	7940fe34e493bd82692e7441d83fa45a0cb380f261d8ba29057d018287e88e87	708
server/internal/system/ncsi_unix.go	7a45c978b85ef2f4132e786efcf5574a0ac09f7640807431425bbed15e9fd19e	1159
server/internal/system/ncsi_windows.go	b2ae2406228e790a179b70d489c3cc41c24cbe354dbf5fc7e9290ffb256ab590	3796
server/internal/system/netbridge_logs.go	f9deb0162fe014362a217ccf49b636420cc9150b24decb8e5f6ff70a6c6ee13c	2935
server/internal/system/netbridge_model.go	1c5b763556b2eaba5a7d8b5a14f98cb046dc5d2facefbe9035bfca2e12dc1fdd	9239
server/internal/system/netfoil_dns_helper.go	d48bc29de8a81ad40524cd22d6b69a61a50ab8f1c663a83287f41b6f87eae9e5	7536
server/internal/system/netfoil_trie.go	2e321841af53dcf2ff6eb5a6831f310b4d7e58e842652b374872ffaf98db1175	4501
server/internal/system/netlink_core.go	35ceb20f9515c96579f532bcae8d1b460fcff8bafcf562ae10881d650eff5313	8406
server/internal/system/netns_helper.go	bb970459b481756e3022a6abdcfa24420f2dad40c37052fead75c64f1ddf63a0	627
server/internal/system/netns_helper_linux.go	6726e26633f2815c2b25d789eea7218d0eb465ea36b3a2e434f89afcd22b54e4	974
server/internal/system/netns_helper_other.go	71fd5f12c95869ff69479edeea972d6a89aa3a2d8438041a93a3010d89884d9a	382
server/internal/system/netns_linux_handle.go	c0bc9d5bedaee18309e98ea994ef3aa396f12447ce60577db14be6c4d246f312	7259
server/internal/system/netns_tunnel.go	31278ddd7396fec5c614bf389c32a5b0e6e9f08b671088949c9e2882b4bb376a	1620
server/internal/system/netplan_dns.go	eefe4da399c7ae6f6482bd4798f48be58d024d8c93305f5cc94792f2c6fb0942	3692
server/internal/system/network.go	692f15de1daf6814af6e16af2c1640cdfcb88decfbeb32e3b1e1099c2cd60de0	4495
server/internal/system/network_repair_manager.go	4bd2b9579b1020446125eb968e2def7b41bc2b90e4065885ea76d334826f50dc	528
server/internal/system/networking_toolbox.go	497dfbb56a00f694072fddc042a1ca5224aa6ba2d56c94a9e050582186ab1a48	4716
server/internal/system/nfdriver_windows.go	ab64f852ceaa96ed6e9f048cf77e0c121ba630ef31ddbda3aa326bc65350e93a	3581
server/internal/system/nftables_linux.go	9a3e6badb96eb2ca2b5f221b32847fc298b5ecd6d424f0bed5e69d437d68d87c	1841
server/internal/system/nginx_horizon.go	bd785da00222552466f39de89d4aea9c4839ffd841c3f7944ebf5084e99029f8	1196
server/internal/system/nginx_horizon_test.go	c1a880bc626c8d924d00a137cf4325171924dd722888721d187cc9bc7596f969	1080
server/internal/system/nova_deployer.go	626be5cae48d7e66023af388f1cf8fda3f447ebb5cbf846ca2a3a2e0e070e729	2039
server/internal/system/obfuscated_ssh_interceptor.go	3df6cd166ae4cb7523c7aad05427a08351d578df57e5e0374027c92e79d8a53e	3095
server/internal/system/offline_dns_resolver.go	1a286d7fb186987d3d197527b369c6d84b72b446f3b78fce0cb5d9b9003b0656	750
server/internal/system/os_helpers.go	1ae4224a5620655e30adfa5ef268be747e9f996a8193b8f9fa2fe7dd3fd6e837	1007
server/internal/system/pac_server.go	5ca38ca8e9b56054c2b45379f44035a84a96c19ed638d2f092e5443d9b7e78f3	3490
server/internal/system/panel_snapshot_manager.go	17dcfdc40b82431397555eb4ee52e9a88789d81aa2b05ab9e5ac9080081678a7	2252
server/internal/system/ping_manager.go	ff62303aa4ed2a16699799a406c547e90565ec5a9e8854a31279744b1c8a8574	2074
server/internal/system/ping_manager_test.go	d1fd7821728a6013aead255e1f3f8c40a6ddbb8666b835c75856a7217b476262	920
server/internal/system/platform_adapter.go	a7ac7d1bd2a2c5938864faa10335d25b1812fa352c9e25eafb38bf3dc3aba850	2837
server/internal/system/platform_adapter_test.go	b9fd800a1f100be2b204329eddb111b9856ea72bed2fb4350eab858be052f3f8	540
server/internal/system/plimit_probe.go	f785c02e124a0bebfc6714433a43f42943fb5003b3c86701e319fc899dc394d4	3509
server/internal/system/port_selector.go	a3ff7f7071e820bcc1f4000eb67daf85f45d75cf42f5cb6b00c397af37930187	764
server/internal/system/portal_bypass.go	69b01faa8a33b18673add98c04efb85962b1a2232fda716dbac48028de11c873	2223
server/internal/system/portal_bypass_test.go	6254e2591302be719f71633ed8c0b11630703da0b1e30c6561840676c85db2a8	2135
server/internal/system/privilege.go	85b7a1150e8a9b63a779e9b01fa7b77900b683762399c2c03c4b7cdb7d182f26	1304
server/internal/system/privilege_checker.go	e1257e9b8975449b34e7a057e939b0e8fc934b719673d16d53eb7fd324579a61	728
server/internal/system/process_guard_unix.go	46da37a4f33e2b591af69f4ccddb6f854c103b03dae6d235f227e6067cf491b5	639
server/internal/system/process_guard_windows.go	be385370d32e258036a2193e98914afc0667b973230dfa338936dc00dac03d2c	3147
server/internal/system/process_supervisor.go	5d188736541cdc5f81c2028b7eedb0e912db0377ca09b27206733af1e350f53b	3433
server/internal/system/process_supervisor_test.go	8149f11eebe52d3ffc88e5aea01b1cbb8b723f19ed5e9f0085cbc669e0dd157b	541
server/internal/system/process_worker.go	7d748d525928e7f94cb7fb90ab4fecb3d78dd6e93fcc8d42d7033da53d76ab26	2019
server/internal/system/proxy_linux.go	b447db549c7c112cde4248931df2be28c7efafb83a406f01b56cd6d752468e5a	2296
server/internal/system/proxy_other.go	a6a749c276605c02dc3ecdcce511303b1219c649563acde4cb0bf09820ed59bd	699
server/internal/system/proxy_test.go	366fb79c979347527b531151a9d839f82beaf200296ee378a2cfd8ed278469a2	2033
server/internal/system/proxy_windows.go	842fbc4bde62e702522da363a6ed415e9aadad1758b54d60787bedf67ba5d544	4261
server/internal/system/psiphon.go	d2b7ac1d4f8365f59de9ac16df44700af98c08169a30c2c6df1e938edd1ffce8	9514
server/internal/system/raw_terminal.go	d0cf2fb8ca9f26cc35e997288234d555da6bb4c54a77bd61198e4a6ee9d00c70	1975
server/internal/system/reverse_tls.go	46176cc1b612db0c2716d8f60eba73e54b20694a316cab10f43ffb9ec7c1f263	2259
server/internal/system/route_coordinator.go	db2f91c172e8ecc76cb29e2f9ecfdce4c0035c03893de94613e8d5e5ad2ee661	3847
server/internal/system/router_iptables.go	c172f6ff4448c2d8b379a336aa1e8bdaeb94e091917be02a8ce08ff6aa38be3f	1881
server/internal/system/service_unix.go	e3801108c79b4d29cc67d4a0e6c2b7d038dcc95c324be743fa440dfcb55a11e3	443
server/internal/system/service_windows.go	478355e07695e3df31a63c1760d2dd4f11f73b3af0263a5fc981349746ff87fc	1599
server/internal/system/shortlink_server.go	07f43a8c5caef409b00f739cf6f884c5cc3dcd66ff1df246097cb72e621bb58c	3690
server/internal/system/sing_dns.go	23cf862f2a0d7e2e5071e79308ae801288d3ae3c778321b425eda711bec1df91	1951
server/internal/system/split_tunnel_webdav.go	db59abd9bcb15af715d49987b5cdf242f48499686ebce232dd48187523cd3892	1395
server/internal/system/startup_unix.go	c454c2f3723c97de6056c80c2e5f0b984491ca654bff35ff088ae860a993f899	339
server/internal/system/startup_windows.go	b2ebfc52ad920f6f51777c03846e2619f8c5e00e2c5633705ca0cbc6c657e3b2	1122
server/internal/system/sysproxy_darwin.go	fa97d0fafa622536e3cc118e697ae114173cfe36df98ec0281ac15878fc5720c	3164
server/internal/system/sysproxy_manager.go	9f9bcc6f32d5a90ccfeaea4696322d9eac764e148f8a3ea0bccfe6d258cfc778	3572
server/internal/system/sysproxy_other.go	9520cd71d74f6de71d3846214d9a9a68cce74e0b7c02db9512f9c21d121466ae	263
server/internal/system/sysproxy_windows.go	192d76c3b75c00e4f145a199afdd664550867d0489e4627180b458bffd72efb3	7080
server/internal/system/sysproxy_windows_test.go	a20da7baf756451facf828ebb2884423de504dea7ca65d25053c92eaddf42301	3505
server/internal/system/system_unix.go	2229b6eb9674c34c62686bd5d4546964c2bc3d6a4d527ccb9eb587512ad9a7ac	12503
server/internal/system/system_windows_stubs.go	3f7c51b8b83283888c58c5c230bd9c4abf4d4a464853e8f7f5f0d4bf2543e710	733
server/internal/system/tailscale_api.go	4fd76cb6fc73012ed334fb4dc37ff6f5acf78c2946735b4a80d1fe8ebd11bf78	1731
server/internal/system/tcpip/checksum.go	f394fac63ef99a7e4fa3b5bc0cd56c9cefe562da71ca66b413f21037136238ab	463
server/internal/system/tcpip/defrag.go	b6ae3bcee4e1fb585f9ca8d33c4f1975bf4ae9bdd16526c1bb495fffe206f39c	3769
server/internal/system/tcpip/defrag_test.go	5593f7723fc60d179f8d13c68e62279a99d28a434e155b07d34d05889c126c7d	2297
server/internal/system/tcpip/icmp.go	52793ccc0db39855ccf2cd1d55a50ffb02f37a1eac8ef20d30cc728ff31701d8	585
server/internal/system/tcpip/ip.go	4910fa28b6e3633624a7b3af874be352ef1eaff1ddcd77709af669754cd7c5a9	2791
server/internal/system/tcpip/tcp.go	662775c50ffe687b6f02ce71f389ba330172f0eccdc700725e8214f598da5ee2	1091
server/internal/system/tcpip/tcpip.go	dd07999b0fee0515b51d426f930aa4a4d9d177500d35ed26aaf90a2a60c5aebf	386
server/internal/system/tcpip/udp.go	7eb73df3bd6ff01dfd455c0635c5977ba28a1c96e093f856b9a33b2dde5bdaf4	1063
server/internal/system/telemetry_ring_buffer.go	b5fbe6f2e70424c217c04f4e594dbf524ad3e3a547a9df4823689a7dcaf49b5b	1098
server/internal/system/telemetry_ring_buffer_test.go	7f058d33ad61fe5366dfa7f1f1a42a05983acae3601b992722b8efedbe003430	595
server/internal/system/telemetry_server.go	0591804e5133b59948008a6a1dc9f08b159f5695213ea2810ef9de21723e33f5	2401
server/internal/system/telemetry_server_test.go	f4c4935c79621b5e583960d111570a4a3c35eb1a1237eaa22a1116fc37e28e6c	730
server/internal/system/timezone_spoof_manager.go	a072b26000a6e0f1575639e7408520f2681d9332fd7a08ad5e564f19bb7a61f7	567
server/internal/system/tor_circuit_manager.go	5615f87dbf87b0ce29d11271dd85b93a30913c567fe671109d46c92d1cbf01a9	4412
server/internal/system/tor_config_builder.go	b60879f827a63c759f9900905bf8ee9247920e3e60c2287c98b27eb3ba0dc256	7148
server/internal/system/tor_config_builder_test.go	32b6b4bbb87a4297f666b6270e4f40e32dd466a98ac3e14f3748724b31752176	1227
server/internal/system/tor_controller.go	61f5763641a6d3f2f0e233a62651f3382ab549c6d54abcd0db42a8f7663d27ee	10654
server/internal/system/tor_diagnostics.go	cf97788664ccdf98d4513bc0bedcea39a29c6a072809c88993d348c8e1fdc7f8	8703
server/internal/system/tor_guard_rotation.go	6a275c7e6b5bef3e3521d6a639a7964c9a9abbf0da1aa12b7b96e808a0727b96	4441
server/internal/system/tor_portable.go	8827e848097e30bd118944674e9865198e7e48208bbac2af44d7bdd1a11968d9	3399
server/internal/system/tor_process.go	e96b0598dc88637a7e7fcb152332c500f4fbda61b5cffc0b91b6586efea9f600	10901
server/internal/system/tproxy_linux.go	f68d8b6764272d57b947732ad110c9d9757d1dd56ae216ff0e729e84dea06396	2035
server/internal/system/traffic_shaper.go	13d4736fccf56abc7d2aa18f0b23756fc4fb8c5c0fe6ecba8784841ccf7a0a5c	1597
server/internal/system/transaction.go	27b741fa339747723d0adb06de27ef7fa4f72d549e1aa0f041ab2b5e5fc34f03	1492
server/internal/system/tun2socks_adapter.go	2a1cdc97f1753201a2acf0a983dd67919d17864c22565ae46b2215bebfea064c	9147
server/internal/system/tun2socks_test.go	a8b3de658f25ce90ef44d05da1e61a7c5dbbb92f8a1ab284ec1696a72974b678	5607
server/internal/system/tun_adapter.go	db28c4cf7985a4029967e8873a9a7fe86a7a83c6039465f9070a51d801825311	1920
server/internal/system/tun_redirect_stub.go	6220020999c25a1b2d76fa1abb5e1cd51534598420dd410a83b8d1b33956f4e8	338
server/internal/system/tun_redirect_test.go	7e7bcabf8c515b5338109fe15b87d2a34d93a64f2108290db8a0a87a52c254e8	261
server/internal/system/tun_redirect_windows.go	001c81dc7155d90c9231537ca1b02c36cf56adbedf33a99125e3cd69fba748e0	1507
server/internal/system/tun_router.go	1bf98c264c01bcdd3212edc9e0b34c67c0900cdf961e6f4ee874a5c81c486959	6362
server/internal/system/tun_router_other.go	682bdcdcb24ba9924a039a60c4c3952167d7b7252af60332835d0a6e59dfa52c	201
server/internal/system/tun_router_test.go	5c7945843f9b53fe136c2c37196b46ba3124723c9e968829dff819bc96299eb2	830
server/internal/system/tun_router_windows.go	b777bb9304143928bcda59335c6ed0a7157babf6b4eb912c2ce4ede042ea24f6	152
server/internal/system/uci_config.go	94a91bdf341ae11d99395557362a326acd51bef61fd10f9d08a00d00cdc86fce	1995
server/internal/system/updater_test.go	4a4a0c74762a0dd348c01a7f73bab4f07e8853a0687da69b4e43d8319314cefa	1364
server/internal/system/uptime_monitor_test.go	2c956ef2cd56788518caba8e67796344fefdccff5cd0cab653e05ea5c6edcd41	2193
server/internal/system/url_normalizer.go	143e4a301288a5932528171540e77b375e815bf05cea8293afe91bb12b183b0c	457
server/internal/system/usbip_driver.go	e3fed38596f565ea35f55ab814142eae1309013afb5e790ea983e1d5bc785c75	4115
server/internal/system/usbip_driver_test.go	ba08f10872649b9a11b56186b153fdf9c46f7e5b72378cbf94f1f9989baddc8d	2237
server/internal/system/validate.go	016f345d4c46fe559351a3a0ab326bfe2c7351d4ec6c5870aa5a5fe94c53193d	2037
server/internal/system/validate_test.go	24dd2abbb156dd2354f3ac8952a582fbfca18e1a263953893310195b80c355fa	1599
server/internal/system/vm_check.go	c357ced3b93bda31778738be1f1c342dbc0f9ef8c4b3f1cfc70a0177c33d45c1	2179
server/internal/system/vps_warp.sh	70ffa4066f60f0150c6320337bb094c9bd596187e89da57950bcb5eb29d40bd3	184
server/internal/system/warp_vps.go	c3a4ce074dc2d45c9ab267ee28f510a38b83c4ed459e2cd2c8f12a0b66b4e77d	1796
server/internal/system/wfp_dynamic_session.c	57725fe07ec58d8e7a4a4b93e4e74aac674b84737029b5b40fdb68e492d21c19	1156
server/internal/system/wfp_leak_prevention.c	6eb9bf170846d6643a1433001918c92379e36a8940d4b5c9a53237e7be59acdf	5067
server/internal/system/wfp_leak_prevention.h	8dfe7b1a9364fe8311244ec369ee42af984aabd695f6c4fe5c85ba390108bc3d	287
server/internal/system/wintun_device_windows.go	eeca2048f73861f353ef56e3854960ca5f3274cd9b05a09fd4679145e96de689	1493
server/internal/system/wintun_go.go	6265f844be6607fab0477bef97615c31fdce35d8d5e8e4755941b7d911e56865	2453
server/internal/system/wintun_stub.go	82a77b66440dfe80b3cdaa13def9e1ad77c23e850b5b268d63b44ac1eb93f29b	1064
server/internal/system/wintun_windows.go	7e20b194c81ca8e2d4d826b284a462dd67823a93f462a0161ef77ed71329e025	5123
server/internal/system/worker_deployer.go	db016a91fb1b19e6dc4ab2d0fa67adbf0338c3ccd16247e31c4ec4ae49adcb57	5041
server/internal/system/worker_deployer_test.go	c5a91c6f148e895d7d76496520b52832598475c8f8c2bc39bc3a0a70d653c1dc	2012
server/internal/system/yacd_dashboard.go	9cf1d80100a0c96d189115b4a95dd662904678f111ca2ef8a1824b20e245b96c	3341
server/internal/system/yacd_dashboard_test.go	cf36e5a9b61a38f0fc0ead52801491c589d23c68f63db301321f0812ecbc2451	1597
server/internal/telemetry/network_diagnostic_tools.go	5487c88f12d0730ab42746b394ecff41a710fc731f4581d8b52797431bb930ed	2449
server/internal/telemetry/openapi_gen.go	a9e6ae0b924b6f83243a4585fef4a438f524293c4a473ef85262205ce235a62a	2632
server/internal/telemetry/ring_buffer.go	a795076bac7a59685a775f09e99c3cb46bb9ddc2750a5ab85e7cb742553579ee	1716
server/internal/telemetry/ring_buffer_test.go	339d22891b9a2e33867bd015d8d2f2b687af29ad537e7924fc2f87e0a03c5c06	959
server/internal/tls/cert_storage.go	557b8b6f2288d536a6afe5dc5f6cdd6f1ed614599e8da82bdb03dea807239d7c	1203
server/internal/tui/tui.go	89d6d130e07d006acbb66d6a0a6f22b5e53bf98c8bffbdf9ca19bdcb0a36692a	7820
server/internal/tui/tui_test.go	275ee50cb989f1619577d30c25267a25288ac21b47831e6ba93e4027a3339234	420
server/internal/tunnel/tunnel.go	8c1c5dcbd7cc991aee48cbfd9ddb321cbbc8640df18251abcfb5c894cc95c787	7181
server/internal/tunnel/tunnel_test.go	c1d81589606ce8f8c2e0e78afeb7f2af44f87b1b1d425586c66353c3d60729df	2011
server/internal/ui/amnezia_wg_model.go	53f18f04c13cb7bb6a1fb090918ed90a505158e9fce6fa363cacc23341243a22	12785
server/internal/ui/amnezia_wg_params.go	03ba0fe8f9c1a19f925ca9ad49a4d3933cf79284c24744862380d3cb7baaa73a	5912
server/internal/ui/awg_config.go	9439c0296eb09fd6a513057002a6287f53b5a6f27d1912cef7583255f373033c	3485
server/internal/ui/awg_key_generator.go	fcc4ca05bfdf1b006b52f7e6019688a821d219a7c2ae0b60a78117d6519c89ca	1853
server/internal/ui/awg_models.go	5138be9dbd0c646f42f60f28b360d512dd61d7e47e9f9dc4c22ac4012eed5c8d	11716
server/internal/ui/mtproto_config.go	a9bab0319651b1fbeed08b712e883bb9cb4c50f84d9c82bbd2329cb69874dded	2818
server/internal/ui/netmanager_locale.go	11b4103a8349fc89cf3edc7549f1ae10ed9cf42b383475ff36b175b5cbfea753	3423
server/internal/ui/netmanager_settings.go	54538d9f5263843e740d8f5104b3c2b5509b42fd704199ea35bd5f4ecb90f9c9	9131
server/internal/ui/networkmanager_core.go	3b220cc1f10d29166fe87b39db85786551dac9e33783222d3a21f063d9596fa6	6864
server/internal/ui/subscription_node.go	0044095ec8f5b4af2bbad755c98dd8562a419827f9d906b07ca1a69fd76dc56b	1188
server/internal/ui/uitemplates_configs.go	baf84f8d207f08367578b3525ceaaac0e5e5eb9846b0c018f534061c96828cae	7547
server/internal/ui/xui_models.go	a9bbcfd25c34d036c31afa6f33f0f4981ffc9cfec32fbff75611027a81531ea8	8606
server/internal/ui/xui_panel_model.go	6e1b5f999a93b75b2e032c864ff702cd8a26795d424cebed9c35b85a7feb3490	11724
server/internal/ui/xui_subscription.go	fa2bee3653c45f92027aa5f7f8052c25d0bce22baf9829f05ad26ec1cc07c215	10860
server/internal/ui/xui_update.go	9349bd26371684e61eab881f96b6288cbbc9b5f5eef7041695c46b27ea6822db	1828
server/internal/util/helpers.go	5bb3ea2ec1b1441f437773dc69929670b4c873f36ef48dbf2d92b20fae1afb30	2137
server/internal/util/runtimepaths.go	92de3b38b487f3ac17375d7dc99c78c2d26efeebe984932492d0393921d4fa56	3340
server/internal/util/slicepool.go	742126d2ff5a724013c6635a1d0fe206cbf73a806fdf635abf79b5265c19431e	1554
server/internal/util/sysprocattr_unix.go	7ddd296b72907fd7d6c15327082457e6c968742f76f48e7cc53e52fb22bce9a2	420
server/internal/util/sysprocattr_windows.go	ae99cfecd54da69c23a19fb44a6326bdc4e72908f4ff11e9fbefa73c39cbdf51	514
server/internal/util/util_test.go	907d3f96384969866adfb9601eb8b454d25746dc5104c4952f5706304ef201b1	1018
server/internal/v2rayconfig/v2ray_client_wrapper.go	34c9fbc0e157d4b806df225a0045551600cd29b09049eec4bf15cf4c33df3b42	1896
server/internal/v2rayconfig/v2ray_client_wrapper_test.go	f420f48d4f700d77c000a89b4c3ea519a7363fb8d8d3f99f4c073d19e5e7c743	981
server/internal/v2rayconfig/v2ray_core_helpers.go	5d3454115191b0e3dc7c4800b5bf02c73604dc490b21cc18593d236397530082	3143
server/internal/v2rayconfig/v2ray_core_helpers_test.go	bb82a3748c3432816ee5507666d1372fa229a0cab88a82e12d164cc7be72b457	1924
server/internal/v2rayconfig/v2rayconfig.go	87f021707ea7d98713c26562e0135149a04085280921a9bd517fb3f344460058	10477
server/internal/warp/vwarp_controller.go	416d873ef15d4e18ff7e5978af7c9e847dfdfc4b75fede72c8ddc22e01c8d3a7	16320
server/internal/warp/warp.go	c1bae9362655e870c4d537657873b12c490af8fd7d4239e49a6d9700f39dd050	11712
server/internal/warp/warp_export_test.go	5f59790308f73103a2ffa9218e47c379b1b500c1d2b31ad50374303401ef3893	2944
server/internal/warp/warp_scanner.go	548b78639120300bc8fc8c83a3d8b18d678a6dbb8d21b2f560be96b80d17b56d	11871
server/internal/warp/xray_warp_builder.go	e505643f092fec7c8615322e1f4db49b8863f2de2566039649be3ee1f2c43a1b	5347
server/internal/webui/dist/assets/index-B-FqCzR2.js	3fc8502bbc51ae1087c95e397b5b2c650985b384bf93be483fd8356c2f885143	273548
server/internal/webui/dist/assets/index-D8DuLMF5.css	dce0858fa9de970b9f24234684c964fee15a39d7675057d82dc5efa1182a9042	24112
server/internal/webui/dist/favicon.svg	61bc9a161de58248288e6905425d7180f0624c2865007b97d763fdac12043a66	9522
server/internal/webui/dist/icons.svg	b45fa506195cfcdef406ba9f0c77b36ddc1a7c224040926ec70abc2fdea7b93a	5031
server/internal/webui/dist/index.html	7ac2ac2707c1eda00f6e210a8a35fae968f525d9f0f7e029dbf51a91cc7d6de5	458
server/internal/webui/embed.go	b050f9c7d0970dfb7bd45793024fc3d6b4ddfb8c5c2295a338a16a6bd30e028e	659
server/internal/wireguard/manager.go	3c17fe59d670e4422b4e913991f9927da364debc20bf674fb993e6a9d9b5bb71	11684
server/internal/wireguard/wireguard.go	9a928678763c62c911d1cf1bac2c5cbe58c65af3d571aa365fdc97cee42c61b0	6108
server/internal/wireguard/wireguard_test.go	2d487ed6f948f4f1fe485e6b9ec8ded06fc4c32d53f60dbd9f2af57195535622	1578
server/internal/worker_rotator/rotator.go	45931dd9537d2cd675d8e8ab49e66d2afb794bc519573458997cd168d660668c	655
server/internal/worker_rotator/rotator_test.go	f4c1eb26a91a4e2f22053b664ee0edbb3b17111024a18286e01f99abee5bf7bf	515
server/internal/worker_rotator/worker_rotator.go	f2fb6c0f68f873d1da73766e98458bec72a0242fdff36aa57697ad9d7d438d4c	4250
server/internal/worker_rotator/worker_rotator_test.go	d1e300a1fe38c36662571db0b04ca66ec1f221fc48e9b58bf5241cd562e2b1a1	3917
server/internal/workers/acme_preflight.go	d26a6b20108dabe4a663a80ab20d7ac53d3ad2958834caebe315b71e14bdcfc0	11071
server/internal/workers/cloudflare_helper.go	63fa4cef541ec5f6582f663d9884b91a76839fdc25fc2dba1b835a9470268991	32649
server/internal/workers/cloudflare_test_harness.go	f30cdd02dd8af68ad2636eb1e0c8fcc2f5cd7543662f5dfc6682096efadd621b	32754
server/internal/workers/nacl_edge_worker.go	705c77ede2aaab2c0f6d572286291511735ce188f00af2ab2bdd5f49272c767e	15155
server/internal/workers/request_analytics.go	01d5eb1a5740dab8baa86ce6b99ed0e6d42eb26cc4a8e7c6f66146c30bd63c64	19119
server/internal/workers/trojan_auth_worker.go	f958ed93fb5019cb80902958da84806cabb6d2277863dd2e2be4403908ba3330	12959
server/internal/workers/usage_panel.go	24753fe327f03d105bd81fcddc4e731006f74fd3807f22d6c640b83c2a408c34	3394
server/internal/workers/usage_panel_test.go	bfc93552a624c956aa04490b6b8dbaf396a3634b301fa109b0c325c91c363ddc	1005
server/internal/workers/wasm_tunnel_worker.go	29d9613a44ea9982adc7de2be5263362aa0262bda2dadfb2ebc5be219cb3df9d	1909
server/internal/workers/whitednszone_client.go	35beeb37c7931a5b67fd12c6cc073c1a22c432c2684765741482522cec7b6049	8150
server/internal/xobfs/xobfs.go	f1e26900ccda0745924b77b8fb5d65bf87b1791f69225a03898632ff2f02291d	10725
server/internal/xobfs/xobfs_test.go	7c41d222c41083a8df608436a1ef9f3a6e8ac822c2c6c5b73237dd3831cc768c	3896
server/internal/xray/api.go	b73042740147ebd06bcddb0cecd67782eb27a49de5c3961795144d332914e024	12047
server/internal/xray/libxray_wrapper.go	f8a185f905897c96a79bce4ded6c47e1e585a70f532a24b7ce4dc59fb790ae31	1835
server/internal/xray/libxray_wrapper_test.go	e396747e2eed33ca12a495a5e8fe60c69f33fda6244046257bd0581016abbaaf	1046
server/internal/xray/process.go	bd739115e0fb80241852324ab0b23377b3079c534f138bb6bf975b51b4a7c674	12293
server/internal/xray/process_manager.go	0dee725982a22e6a22cb6352317816fa263e405387f26a50cd67bef5f592885a	1928
server/internal/xray/reality_keygen.go	e38a7453e0203755480c0333594b3b033ffb52f5bd6f2fac9e666a7c6903994f	15140
server/internal/xray/traffic.go	1e1eec914abd010cdb6fdf3a556e10baa4afe67df00f65cd65e5e4bedf8f7382	1237
server/internal/xrayconfig/xrayconfig.go	924fc2706ed0eb0c8dd115a577a5147610d248c639b6b099c3c33622c01591f4	11104
server/luminet.exe.manifest	82f9905644661de72566c60a2d2e5edc8fce8b720ee6035ac4e9d551f35d68e5	961
server/luminet_windows.rc	9b37fdf86bfffabcc3e19d1ef31fe190e9d7bf993899b65920b8ea431260dbc3	28
server/main.go	e40d699af3b6c92d3273b2407e026b3342251530e7f23a581ea5f11bbfb97e7e	309
server/scripts/build_all_platforms.sh	a52dde1ee2a74aa5ecb8ca937185f976fd5b49a31f83a68ce9b44ba6fdab3e09	551
server/scripts/docker_build_deploy.Dockerfile	fefafb4f315597948aaf6a4643921287b654aeeced299f6158d9f54bf9b91685	304
server/third_party/gaio-master/README.md	4c5a6d39f48cd0853abb83e0e96f51dde361684e5da858911f828702bacbf4ef	1202
server/third_party/gaio-master/gaio-master/.github/workflows/go.yml	cfac0fd6c67fd5f3335a4f871f9f6355cf4b74fc33f648cb4a36a9605df601ac	551
server/third_party/gaio-master/gaio-master/.gitignore	efc259bfbb53367a821e75ae1c735bb02c9ee1d2dd4e20b22af31a37afb76ea1	276
server/third_party/gaio-master/gaio-master/.travis.yml	06fb50a342b133983a6d6b087d12775c3ee6ac3c245874c974f666cbd051413d	1408
server/third_party/gaio-master/gaio-master/AGENTS.md	b4a459a191756c08a437a6560138f7e826bd81119db3a8d3e1a291fc5a4cd148	4130
server/third_party/gaio-master/gaio-master/LICENSE	baf2244f1241bcc9d41ce793f19dc9fd625a0afe4eb1083d93cbd464c6810eef	1062
server/third_party/gaio-master/gaio-master/README.md	64c68240d1235d551f769ec73afe4b397ffd47d4e5dfe6ad80636d1db1fc6027	14192
server/third_party/gaio-master/gaio-master/README_zh.md	d4bdb67a3c15821884bf01e638cf364434bc0e9afffad8f3cfdaa6500af85df9	12196
server/third_party/gaio-master/gaio-master/affinity_linux.go	ff842180679cbc3d17b79bde615b0a5aa6ca1c86f83b20cf54dfd0034fa907a0	1683
server/third_party/gaio-master/gaio-master/affinity_other.go	a538ae30c77141b6f70d7b40fa5f495a2781bdfe8c34d30f7511ef3566145c91	1262
server/third_party/gaio-master/gaio-master/affinity_test.go	276ef28f97462a31cedecd0612db32a6057f43f5d8de7d35792e122589576fb9	2171
server/third_party/gaio-master/gaio-master/affinity_windows.go	ffd60b0e813d991afc1610a2762c7de1b866982e6549a0795444f6974e325714	1917
server/third_party/gaio-master/gaio-master/aio_bsd.go	a7c5ccdfcdf6d588691cbec000ab69aa2dd46b09e1a9f89532da0e5c8ffec465	6485
server/third_party/gaio-master/gaio-master/aio_generic.go	a2976f80c72d30ac6929e0630cc0643ff7923d276414905b6dcada2c71410842	4552
server/third_party/gaio-master/gaio-master/aio_linux.go	5a55dbf0a670ff7f1b870244d588ca2fe52cea419e0f30114bd0b15018c36184	5930
server/third_party/gaio-master/gaio-master/aio_test.go	f94964d124a2b8c9adfa666062ab2e34c9f8940c8d4c11494ade0f41ffe20535	26418
server/third_party/gaio-master/gaio-master/aio_unix.go	12cb05ec063be0cbbfecd67701bd02c17520b7bffa8a906a53af7ce0d73ad247	1777
server/third_party/gaio-master/gaio-master/aio_windows.go	c04e6e2ff7afb436e357e741f8ba88c6b55cb2e167058f358b6c425d7c6891e0	14402
server/third_party/gaio-master/gaio-master/assets/gaio.jpg	28db9835071a8984c9538406dc11a8fc798ba097c4add7fa939d291ebd138765	174033
server/third_party/gaio-master/gaio-master/assets/logo.png	3e5e063a308321def0a19389454a0c70d18e193a72675fea8bfca011af555911	32369
server/third_party/gaio-master/gaio-master/assets/regression.png	282387f2b9e203450929397277e911f7e179ec0580ef06ebf30520e735aeb950	8923
server/third_party/gaio-master/gaio-master/examples/echo-server/main.go	e29792fce2819cd2d0bc9c336d505ee4d9d28457c4fb641c939d756a81ff0437	2495
server/third_party/gaio-master/gaio-master/examples/push-server/main.go	45a72375f15dac1dc52c78c27189dff28c6bc9707dfb84c1ae5e121e08a228f1	2677
server/third_party/gaio-master/gaio-master/go.mod	a5a12abace9a582ad08a489d507bee8ca278707a69351945ffc998e6403ca3a5	72
server/third_party/gaio-master/gaio-master/go.sum	ef3aadfe3bfc56cc423184cffdf0fed07e86d45ac3a8eaef5a852f5559fa1fa9	153
server/third_party/gaio-master/gaio-master/pkg.go	52f09408f6a6f2ddab8b9a42a9aaa706d48f36356f7efc786573cd35d6e4df3f	220
server/third_party/gaio-master/gaio-master/time.go	08286b16dd6e8c4e62bba8af52ddfe69d81e6a8091624d184906f3ad63a5b755	2261
server/third_party/gaio-master/gaio-master/time_test.go	f7aa7e65998f0d094dbfab33763bd6d3018eb3eb1ae84c300402d48861787ed6	1996
server/third_party/gaio-master/gaio-master/watcher.go	ce65eb4f722ea6af213794162cddd0746393a7c05661d3fddb0d868984d8812e	26015
tasks/plan.md	336727f87bb6a66e4ad8e841030f111a832442cd8ecdb0b375ab0eeb49aa90f1	3015
tasks/todo.md	b91d83489c811e97be33745cea346cce02b21cbc40aa48e2700f2890f367c289	3508
tests/integration/go.mod	f65698fe0ef141034a7d7fd2b1c3f2339fd85f363c8d662aef1fb23701ff6c82	66
tests/integration/network_builder.go	04ced5c2493b2227945d18f1e613db7c9f9309e66087af9fee22192967568cd1	3483
tests/integration/socks_probe.go	0eb8bfa15f261517b577e1183056b5c6d54e90fb1e13afe8589a074ed0d63ec8	5327
