donor,path,depth,direct_file_count,direct_child_dir_count,recursive_file_count,recursive_bytes,languages,classifications,children,reviewed_surface_count,reviewed_modules,fourth_order_record_ids,current_resolution,review_rationale,review_status
Aether,.,0,8,4,2180,10139564,batch;c;css;html;javascript;markdown;rust;shell;toml;unknown;yaml,configuration;deployment;documentation;governance;implementation;media;repository-administration;test-or-fixture;vendored,.github;Docs;aether;quiche,2195,aether-owner-account;aether-owner-aethernoize;aether-owner-apifront;aether-owner-build;aether-owner-cli;aether-owner-config;aether-owner-consts;aether-owner-dns;aether-owner-error;aether-owner-fragment;aether-owner-lastconn;aether-owner-mac_test;aether-owner-main;aether-owner-masque;aether-owner-masque_h2;aether-owner-netstack;aether-owner-noize;aether-owner-prober;aether-owner-quic;aether-owner-routing;aether-owner-socks;aether-owner-sysprofile;aether-owner-tls;aether-owner-tunnelping;aether-owner-wg_prober;aether-owner-wireguard;aether-owner-zerotrust;aether-root;quiche-apps;quiche-buffer-pool;quiche-core;quiche-datagram-socket;quiche-ffi;quiche-fuzz;quiche-h3-qpack;quiche-h3i;quiche-netlog;quiche-octets;quiche-path-cid;quiche-pmtud;quiche-qlog;quiche-qlog-dancer;quiche-recovery;quiche-task-killswitch;quiche-tokio;quiche-tools;quiche-workspace,FO-001;FO-002;FO-004;FO-007,fully-accounted-fourth-order,Directory recursively resolves to 2195 exact hashed surfaces across 47 reviewed module family/families; no child path is omitted from the surface matrix.,reviewed
Aether,.github,1,0,1,1,27730,yaml,repository-administration,workflows,1,aether-root,n/a,fully-accounted-fourth-order,Directory recursively resolves to 1 exact hashed surfaces across 1 reviewed module family/families; no child path is omitted from the surface matrix.,reviewed
Aether,.github/workflows,2,1,0,1,27730,yaml,repository-administration,,1,aether-root,n/a,fully-accounted-fourth-order,Directory recursively resolves to 1 exact hashed surfaces across 1 reviewed module family/families; no child path is omitted from the surface matrix.,reviewed
Aether,Docs,1,5,0,5,1844309,markdown;unknown,documentation;media,,5,aether-root,n/a,fully-accounted-fourth-order,Directory recursively resolves to 5 exact hashed surfaces across 1 reviewed module family/families; no child path is omitted from the surface matrix.,reviewed
Aether,aether,1,3,1,29,510601,batch;rust;toml;unknown,configuration;implementation,src,29,aether-owner-account;aether-owner-aethernoize;aether-owner-apifront;aether-owner-build;aether-owner-cli;aether-owner-config;aether-owner-consts;aether-owner-dns;aether-owner-error;aether-owner-fragment;aether-owner-lastconn;aether-owner-mac_test;aether-owner-main;aether-owner-masque;aether-owner-masque_h2;aether-owner-netstack;aether-owner-noize;aether-owner-prober;aether-owner-quic;aether-owner-routing;aether-owner-socks;aether-owner-sysprofile;aether-owner-tls;aether-owner-tunnelping;aether-owner-wg_prober;aether-owner-wireguard;aether-owner-zerotrust,FO-001;FO-002;FO-004;FO-007,fully-accounted-fourth-order,Directory recursively resolves to 29 exact hashed surfaces across 27 reviewed module family/families; no child path is omitted from the surface matrix.,reviewed
Aether,aether/src,2,26,0,26,436052,rust,implementation,,26,aether-owner-account;aether-owner-aethernoize;aether-owner-apifront;aether-owner-cli;aether-owner-config;aether-owner-consts;aether-owner-dns;aether-owner-error;aether-owner-fragment;aether-owner-lastconn;aether-owner-mac_test;aether-owner-main;aether-owner-masque;aether-owner-masque_h2;aether-owner-netstack;aether-owner-noize;aether-owner-prober;aether-owner-quic;aether-owner-routing;aether-owner-socks;aether-owner-sysprofile;aether-owner-tls;aether-owner-tunnelping;aether-owner-wg_prober;aether-owner-wireguard;aether-owner-zerotrust,FO-001;FO-002;FO-004;FO-007,fully-accounted-fourth-order,Directory recursively resolves to 26 exact hashed surfaces across 26 reviewed module family/families; no child path is omitted from the surface matrix.,reviewed
Aether,quiche,1,15,14,2137,7699364,c;css;html;javascript;markdown;rust;shell;toml;unknown;yaml,test-or-fixture;vendored,.github;apps;buffer-pool;datagram-socket;fuzz;h3i;netlog;octets;qlog;qlog-dancer;quiche;task-killswitch;tokio-quiche;tools,2152,quiche-apps;quiche-buffer-pool;quiche-core;quiche-datagram-socket;quiche-ffi;quiche-fuzz;quiche-h3-qpack;quiche-h3i;quiche-netlog;quiche-octets;quiche-path-cid;quiche-pmtud;quiche-qlog;quiche-qlog-dancer;quiche-recovery;quiche-task-killswitch;quiche-tokio;quiche-tools;quiche-workspace,n/a,fully-accounted-fourth-order,Directory recursively resolves to 2152 exact hashed surfaces across 19 reviewed module family/families; no child path is omitted from the surface matrix.,reviewed
Aether,quiche/.github,2,1,1,5,17584,yaml,vendored,workflows,5,quiche-workspace,n/a,fully-accounted-fourth-order,Directory recursively resolves to 5 exact hashed surfaces across 1 reviewed module family/families; no child path is omitted from the surface matrix.,reviewed
Aether,quiche/.github/workflows,3,4,0,4,16434,yaml,vendored,,4,quiche-workspace,n/a,fully-accounted-fourth-order,Directory recursively resolves to 4 exact hashed surfaces across 1 reviewed module family/families; no child path is omitted from the surface matrix.,reviewed
Aether,quiche/apps,2,2,1,11,136504,rust;shell;toml;unknown,vendored,src,11,quiche-apps,n/a,fully-accounted-fourth-order,Directory recursively resolves to 11 exact hashed surfaces across 1 reviewed module family/families; no child path is omitted from the surface matrix.,reviewed
Aether,quiche/apps/src,3,5,1,9,131878,rust;unknown,vendored,bin,9,quiche-apps,n/a,fully-accounted-fourth-order,Directory recursively resolves to 9 exact hashed surfaces across 1 reviewed module family/families; no child path is omitted from the surface matrix.,reviewed
Aether,quiche/apps/src/bin,4,4,0,4,32294,rust;unknown,vendored,,4,quiche-apps,n/a,fully-accounted-fourth-order,Directory recursively resolves to 4 exact hashed surfaces across 1 reviewed module family/families; no child path is omitted from the surface matrix.,reviewed
Aether,quiche/buffer-pool,2,2,1,4,25732,rust;toml,vendored,src,5,quiche-buffer-pool,n/a,fully-accounted-fourth-order,Directory recursively resolves to 5 exact hashed surfaces across 1 reviewed module family/families; no child path is omitted from the surface matrix.,reviewed
Aether,quiche/buffer-pool/src,3,3,0,3,25293,rust,vendored,,3,quiche-buffer-pool,n/a,fully-accounted-fourth-order,Directory recursively resolves to 3 exact hashed surfaces across 1 reviewed module family/families; no child path is omitted from the surface matrix.,reviewed
Aether,quiche/datagram-socket,2,3,1,8,68008,markdown;rust;toml,vendored,src,9,quiche-datagram-socket,n/a,fully-accounted-fourth-order,Directory recursively resolves to 9 exact hashed surfaces across 1 reviewed module family/families; no child path is omitted from the surface matrix.,reviewed
Aether,quiche/datagram-socket/src,3,6,0,6,64206,rust,vendored,,6,quiche-datagram-socket,n/a,fully-accounted-fourth-order,Directory recursively resolves to 6 exact hashed surfaces across 1 reviewed module family/families; no child path is omitted from the surface matrix.,reviewed
Aether,quiche/fuzz,2,6,3,1846,1989544,markdown;rust;toml;unknown,test-or-fixture,corpus;mayhem;src,1851,quiche-fuzz,n/a,fully-accounted-fourth-order,Directory recursively resolves to 1851 exact hashed surfaces across 1 reviewed module family/families; no child path is omitted from the surface matrix.,reviewed
Aether,quiche/fuzz/corpus,3,0,5,1829,1968528,unknown,test-or-fixture,packet_recv_client;packet_recv_server;packets_posths_server;packets_recv_server;qpack_decode,1829,quiche-fuzz,n/a,fully-accounted-fourth-order,Directory recursively resolves to 1829 exact hashed surfaces across 1 reviewed module family/families; no child path is omitted from the surface matrix.,reviewed
Aether,quiche/fuzz/corpus/packet_recv_client,4,617,0,617,697917,unknown,test-or-fixture,,617,quiche-fuzz,n/a,fully-accounted-fourth-order,Directory recursively resolves to 617 exact hashed surfaces across 1 reviewed module family/families; no child path is omitted from the surface matrix.,reviewed
Aether,quiche/fuzz/corpus/packet_recv_server,4,722,0,722,1061990,unknown,test-or-fixture,,722,quiche-fuzz,n/a,fully-accounted-fourth-order,Directory recursively resolves to 722 exact hashed surfaces across 1 reviewed module family/families; no child path is omitted from the surface matrix.,reviewed
Aether,quiche/fuzz/corpus/packets_posths_server,4,2,0,2,10038,unknown,test-or-fixture,,2,quiche-fuzz,n/a,fully-accounted-fourth-order,Directory recursively resolves to 2 exact hashed surfaces across 1 reviewed module family/families; no child path is omitted from the surface matrix.,reviewed
Aether,quiche/fuzz/corpus/packets_recv_server,4,2,0,2,10038,unknown,test-or-fixture,,2,quiche-fuzz,n/a,fully-accounted-fourth-order,Directory recursively resolves to 2 exact hashed surfaces across 1 reviewed module family/families; no child path is omitted from the surface matrix.,reviewed
Aether,quiche/fuzz/corpus/qpack_decode,4,486,0,486,188545,unknown,test-or-fixture,,486,quiche-fuzz,n/a,fully-accounted-fourth-order,Directory recursively resolves to 486 exact hashed surfaces across 1 reviewed module family/families; no child path is omitted from the surface matrix.,reviewed
Aether,quiche/fuzz/mayhem,3,0,5,5,1585,unknown,test-or-fixture,packet_recv_client;packet_recv_server;packets_posths_server;packets_recv_server;qpack_decode,10,quiche-fuzz,n/a,fully-accounted-fourth-order,Directory recursively resolves to 10 exact hashed surfaces across 1 reviewed module family/families; no child path is omitted from the surface matrix.,reviewed
Aether,quiche/fuzz/mayhem/packet_recv_client,4,1,1,1,271,unknown,test-or-fixture,testsuite,2,quiche-fuzz,n/a,fully-accounted-fourth-order,Directory recursively resolves to 2 exact hashed surfaces across 1 reviewed module family/families; no child path is omitted from the surface matrix.,reviewed
Aether,quiche/fuzz/mayhem/packet_recv_server,4,1,1,1,349,unknown,test-or-fixture,testsuite,2,quiche-fuzz,n/a,fully-accounted-fourth-order,Directory recursively resolves to 2 exact hashed surfaces across 1 reviewed module family/families; no child path is omitted from the surface matrix.,reviewed
Aether,quiche/fuzz/mayhem/packets_posths_server,4,1,1,1,355,unknown,test-or-fixture,testsuite,2,quiche-fuzz,n/a,fully-accounted-fourth-order,Directory recursively resolves to 2 exact hashed surfaces across 1 reviewed module family/families; no child path is omitted from the surface matrix.,reviewed
Aether,quiche/fuzz/mayhem/packets_recv_server,4,1,1,1,351,unknown,test-or-fixture,testsuite,2,quiche-fuzz,n/a,fully-accounted-fourth-order,Directory recursively resolves to 2 exact hashed surfaces across 1 reviewed module family/families; no child path is omitted from the surface matrix.,reviewed
Aether,quiche/fuzz/mayhem/qpack_decode,4,1,1,1,259,unknown,test-or-fixture,testsuite,2,quiche-fuzz,n/a,fully-accounted-fourth-order,Directory recursively resolves to 2 exact hashed surfaces across 1 reviewed module family/families; no child path is omitted from the surface matrix.,reviewed
Aether,quiche/fuzz/src,3,6,0,6,14344,rust,test-or-fixture,,6,quiche-fuzz,n/a,fully-accounted-fourth-order,Directory recursively resolves to 6 exact hashed surfaces across 1 reviewed module family/families; no child path is omitted from the surface matrix.,reviewed
Aether,quiche/h3i,2,5,2,27,599167,markdown;rust;toml;unknown,vendored,examples;src,28,quiche-h3i,n/a,fully-accounted-fourth-order,Directory recursively resolves to 28 exact hashed surfaces across 1 reviewed module family/families; no child path is omitted from the surface matrix.,reviewed
Aether,quiche/h3i/examples,3,2,0,2,6021,rust,vendored,,2,quiche-h3i,n/a,fully-accounted-fourth-order,Directory recursively resolves to 2 exact hashed surfaces across 1 reviewed module family/families; no child path is omitted from the surface matrix.,reviewed
Aether,quiche/h3i/src,3,5,4,21,255536,rust,vendored,actions;client;prompts;recordreplay,21,quiche-h3i,n/a,fully-accounted-fourth-order,Directory recursively resolves to 21 exact hashed surfaces across 1 reviewed module family/families; no child path is omitted from the surface matrix.,reviewed
Aether,quiche/h3i/src/actions,4,2,0,2,13121,rust,vendored,,2,quiche-h3i,n/a,fully-accounted-fourth-order,Directory recursively resolves to 2 exact hashed surfaces across 1 reviewed module family/families; no child path is omitted from the surface matrix.,reviewed
Aether,quiche/h3i/src/client,4,4,0,4,78838,rust,vendored,,4,quiche-h3i,n/a,fully-accounted-fourth-order,Directory recursively resolves to 4 exact hashed surfaces across 1 reviewed module family/families; no child path is omitted from the surface matrix.,reviewed
Aether,quiche/h3i/src/prompts,4,1,1,8,49467,rust,vendored,h3,8,quiche-h3i,n/a,fully-accounted-fourth-order,Directory recursively resolves to 8 exact hashed surfaces across 1 reviewed module family/families; no child path is omitted from the surface matrix.,reviewed
Aether,quiche/h3i/src/prompts/h3,5,7,0,7,47999,rust,vendored,,7,quiche-h3i,n/a,fully-accounted-fourth-order,Directory recursively resolves to 7 exact hashed surfaces across 1 reviewed module family/families; no child path is omitted from the surface matrix.,reviewed
Aether,quiche/h3i/src/recordreplay,4,2,0,2,30087,rust,vendored,,2,quiche-h3i,n/a,fully-accounted-fourth-order,Directory recursively resolves to 2 exact hashed surfaces across 1 reviewed module family/families; no child path is omitted from the surface matrix.,reviewed
Aether,quiche/netlog,2,3,1,8,75161,markdown;rust;toml,vendored,src,9,quiche-netlog,n/a,fully-accounted-fourth-order,Directory recursively resolves to 9 exact hashed surfaces across 1 reviewed module family/families; no child path is omitted from the surface matrix.,reviewed
Aether,quiche/netlog/src,3,6,0,6,71612,rust,vendored,,6,quiche-netlog,n/a,fully-accounted-fourth-order,Directory recursively resolves to 6 exact hashed surfaces across 1 reviewed module family/families; no child path is omitted from the surface matrix.,reviewed
Aether,quiche/octets,2,2,1,3,155040,rust;toml,vendored,src,4,quiche-octets,n/a,fully-accounted-fourth-order,Directory recursively resolves to 4 exact hashed surfaces across 1 reviewed module family/families; no child path is omitted from the surface matrix.,reviewed
Aether,quiche/octets/src,3,2,0,2,154569,rust,vendored,,2,quiche-octets,n/a,fully-accounted-fourth-order,Directory recursively resolves to 2 exact hashed surfaces across 1 reviewed module family/families; no child path is omitted from the surface matrix.,reviewed
Aether,quiche/qlog,2,4,2,14,171893,markdown;rust;toml,test-or-fixture;vendored,src;tests,15,quiche-qlog,n/a,fully-accounted-fourth-order,Directory recursively resolves to 15 exact hashed surfaces across 1 reviewed module family/families; no child path is omitted from the surface matrix.,reviewed
Aether,quiche/qlog-dancer,2,6,1,33,465556,css;html;javascript;markdown;rust;toml,vendored,src,33,quiche-qlog-dancer,n/a,fully-accounted-fourth-order,Directory recursively resolves to 33 exact hashed surfaces across 1 reviewed module family/families; no child path is omitted from the surface matrix.,reviewed
Aether,quiche/qlog-dancer/src,3,8,3,27,415992,rust,vendored,plots;reports;trackers,27,quiche-qlog-dancer,n/a,fully-accounted-fourth-order,Directory recursively resolves to 27 exact hashed surfaces across 1 reviewed module family/families; no child path is omitted from the surface matrix.,reviewed
Aether,quiche/qlog-dancer/src/plots,4,12,0,12,136229,rust,vendored,,12,quiche-qlog-dancer,n/a,fully-accounted-fourth-order,Directory recursively resolves to 12 exact hashed surfaces across 1 reviewed module family/families; no child path is omitted from the surface matrix.,reviewed
Aether,quiche/qlog-dancer/src/reports,4,4,0,4,62882,rust,vendored,,4,quiche-qlog-dancer,n/a,fully-accounted-fourth-order,Directory recursively resolves to 4 exact hashed surfaces across 1 reviewed module family/families; no child path is omitted from the surface matrix.,reviewed
Aether,quiche/qlog-dancer/src/trackers,4,3,0,3,19007,rust,vendored,,3,quiche-qlog-dancer,n/a,fully-accounted-fourth-order,Directory recursively resolves to 3 exact hashed surfaces across 1 reviewed module family/families; no child path is omitted from the surface matrix.,reviewed
Aether,quiche/qlog/src,3,4,2,10,147722,rust,vendored,events;testing,10,quiche-qlog,n/a,fully-accounted-fourth-order,Directory recursively resolves to 10 exact hashed surfaces across 1 reviewed module family/families; no child path is omitted from the surface matrix.,reviewed
Aether,quiche/qlog/src/events,4,3,0,3,64435,rust,vendored,,3,quiche-qlog,n/a,fully-accounted-fourth-order,Directory recursively resolves to 3 exact hashed surfaces across 1 reviewed module family/families; no child path is omitted from the surface matrix.,reviewed
Aether,quiche/qlog/src/testing,4,3,0,3,19429,rust,vendored,,3,quiche-qlog,n/a,fully-accounted-fourth-order,Directory recursively resolves to 3 exact hashed surfaces across 1 reviewed module family/families; no child path is omitted from the surface matrix.,reviewed
Aether,quiche/qlog/tests,3,1,0,1,11094,rust,test-or-fixture,,1,quiche-qlog,n/a,fully-accounted-fourth-order,Directory recursively resolves to 1 exact hashed surfaces across 1 reviewed module family/families; no child path is omitted from the surface matrix.,reviewed
Aether,quiche/quiche,2,5,3,82,2628532,c;markdown;rust;shell;toml;unknown,vendored,examples;include;src,84,quiche-core;quiche-ffi;quiche-h3-qpack;quiche-path-cid;quiche-pmtud;quiche-recovery;quiche-workspace,n/a,fully-accounted-fourth-order,Directory recursively resolves to 84 exact hashed surfaces across 7 reviewed module family/families; no child path is omitted from the surface matrix.,reviewed
Aether,quiche/quiche/examples,3,17,0,17,136635,c;markdown;rust;shell;unknown,vendored,,17,quiche-workspace,n/a,fully-accounted-fourth-order,Directory recursively resolves to 17 exact hashed surfaces across 1 reviewed module family/families; no child path is omitted from the surface matrix.,reviewed
Aether,quiche/quiche/include,3,1,0,1,51775,c,vendored,,1,quiche-workspace,n/a,fully-accounted-fourth-order,Directory recursively resolves to 1 exact hashed surfaces across 1 reviewed module family/families; no child path is omitted from the surface matrix.,reviewed
Aether,quiche/quiche/src,3,19,5,61,2422673,markdown;rust,vendored,crypto;h3;recovery;stream;tls,61,quiche-core;quiche-ffi;quiche-h3-qpack;quiche-path-cid;quiche-pmtud;quiche-recovery,n/a,fully-accounted-fourth-order,Directory recursively resolves to 61 exact hashed surfaces across 6 reviewed module family/families; no child path is omitted from the surface matrix.,reviewed
Aether,quiche/quiche/src/crypto,4,2,0,2,29863,rust,vendored,,2,quiche-core,n/a,fully-accounted-fourth-order,Directory recursively resolves to 2 exact hashed surfaces across 1 reviewed module family/families; no child path is omitted from the surface matrix.,reviewed
Aether,quiche/quiche/src/h3,4,5,1,9,473563,markdown;rust,vendored,qpack,9,quiche-h3-qpack,n/a,fully-accounted-fourth-order,Directory recursively resolves to 9 exact hashed surfaces across 1 reviewed module family/families; no child path is omitted from the surface matrix.,reviewed
Aether,quiche/quiche/src/h3/qpack,5,4,0,4,43021,rust,vendored,,4,quiche-h3-qpack,n/a,fully-accounted-fourth-order,Directory recursively resolves to 4 exact hashed surfaces across 1 reviewed module family/families; no child path is omitted from the surface matrix.,reviewed
Aether,quiche/quiche/src/recovery,4,5,2,26,512180,markdown;rust,vendored,congestion;gcongestion,26,quiche-recovery,n/a,fully-accounted-fourth-order,Directory recursively resolves to 26 exact hashed surfaces across 1 reviewed module family/families; no child path is omitted from the surface matrix.,reviewed
Aether,quiche/quiche/src/recovery/congestion,5,8,0,8,128307,rust,vendored,,8,quiche-recovery,n/a,fully-accounted-fourth-order,Directory recursively resolves to 8 exact hashed surfaces across 1 reviewed module family/families; no child path is omitted from the surface matrix.,reviewed
Aether,quiche/quiche/src/recovery/gcongestion,5,5,2,13,252625,rust,vendored,bbr;bbr2,13,quiche-recovery,n/a,fully-accounted-fourth-order,Directory recursively resolves to 13 exact hashed surfaces across 1 reviewed module family/families; no child path is omitted from the surface matrix.,reviewed
Aether,quiche/quiche/src/recovery/gcongestion/bbr,6,2,0,2,79742,rust,vendored,,2,quiche-recovery,n/a,fully-accounted-fourth-order,Directory recursively resolves to 2 exact hashed surfaces across 1 reviewed module family/families; no child path is omitted from the surface matrix.,reviewed
Aether,quiche/quiche/src/recovery/gcongestion/bbr2,6,6,0,6,79128,rust,vendored,,6,quiche-recovery,n/a,fully-accounted-fourth-order,Directory recursively resolves to 6 exact hashed surfaces across 1 reviewed module family/families; no child path is omitted from the surface matrix.,reviewed
Aether,quiche/quiche/src/stream,4,3,0,3,151204,rust,vendored,,3,quiche-core,n/a,fully-accounted-fourth-order,Directory recursively resolves to 3 exact hashed surfaces across 1 reviewed module family/families; no child path is omitted from the surface matrix.,reviewed
Aether,quiche/quiche/src/tls,4,2,0,2,45224,rust,vendored,,2,quiche-core,n/a,fully-accounted-fourth-order,Directory recursively resolves to 2 exact hashed surfaces across 1 reviewed module family/families; no child path is omitted from the surface matrix.,reviewed
Aether,quiche/task-killswitch,2,2,1,2,11499,rust;toml,vendored,src,3,quiche-task-killswitch,n/a,fully-accounted-fourth-order,Directory recursively resolves to 3 exact hashed surfaces across 1 reviewed module family/families; no child path is omitted from the surface matrix.,reviewed
Aether,quiche/task-killswitch/src,3,1,0,1,10936,rust,vendored,,1,quiche-task-killswitch,n/a,fully-accounted-fourth-order,Directory recursively resolves to 1 exact hashed surfaces across 1 reviewed module family/families; no child path is omitted from the surface matrix.,reviewed
Aether,quiche/tokio-quiche,2,4,4,72,1229212,markdown;rust;toml;unknown,test-or-fixture;vendored,docs;examples;src;tests,73,quiche-tokio,n/a,fully-accounted-fourth-order,Directory recursively resolves to 73 exact hashed surfaces across 1 reviewed module family/families; no child path is omitted from the surface matrix.,reviewed
Aether,quiche/tokio-quiche/docs,3,5,0,5,553067,unknown,vendored,,5,quiche-tokio,n/a,fully-accounted-fourth-order,Directory recursively resolves to 5 exact hashed surfaces across 1 reviewed module family/families; no child path is omitted from the surface matrix.,reviewed
Aether,quiche/tokio-quiche/examples,3,3,1,7,31336,markdown;rust;unknown,vendored,async_http3_server,7,quiche-tokio,n/a,fully-accounted-fourth-order,Directory recursively resolves to 7 exact hashed surfaces across 1 reviewed module family/families; no child path is omitted from the surface matrix.,reviewed
Aether,quiche/tokio-quiche/examples/async_http3_server,4,4,0,4,22967,rust,vendored,,4,quiche-tokio,n/a,fully-accounted-fourth-order,Directory recursively resolves to 4 exact hashed surfaces across 1 reviewed module family/families; no child path is omitted from the surface matrix.,reviewed
Aether,quiche/tokio-quiche/src,3,3,5,45,547218,markdown;rust,vendored,http3;metrics;quic;settings;socket,45,quiche-tokio,n/a,fully-accounted-fourth-order,Directory recursively resolves to 45 exact hashed surfaces across 1 reviewed module family/families; no child path is omitted from the surface matrix.,reviewed
Aether,quiche/tokio-quiche/src/http3,4,3,1,13,235590,markdown;rust,vendored,driver,13,quiche-tokio,n/a,fully-accounted-fourth-order,Directory recursively resolves to 13 exact hashed surfaces across 1 reviewed module family/families; no child path is omitted from the surface matrix.,reviewed
Aether,quiche/tokio-quiche/src/http3/driver,5,10,0,10,218204,markdown;rust,vendored,,10,quiche-tokio,n/a,fully-accounted-fourth-order,Directory recursively resolves to 10 exact hashed surfaces across 1 reviewed module family/families; no child path is omitted from the surface matrix.,reviewed
Aether,quiche/tokio-quiche/src/metrics,4,3,0,3,28427,rust,vendored,,3,quiche-tokio,n/a,fully-accounted-fourth-order,Directory recursively resolves to 3 exact hashed surfaces across 1 reviewed module family/families; no child path is omitted from the surface matrix.,reviewed
Aether,quiche/tokio-quiche/src/quic,4,5,3,17,206777,markdown;rust,vendored,connection;io;router,17,quiche-tokio,n/a,fully-accounted-fourth-order,Directory recursively resolves to 17 exact hashed surfaces across 1 reviewed module family/families; no child path is omitted from the surface matrix.,reviewed
Aether,quiche/tokio-quiche/src/quic/connection,5,4,0,4,44520,rust,vendored,,4,quiche-tokio,n/a,fully-accounted-fourth-order,Directory recursively resolves to 4 exact hashed surfaces across 1 reviewed module family/families; no child path is omitted from the surface matrix.,reviewed
Aether,quiche/tokio-quiche/src/quic/io,5,5,0,5,67437,rust,vendored,,5,quiche-tokio,n/a,fully-accounted-fourth-order,Directory recursively resolves to 5 exact hashed surfaces across 1 reviewed module family/families; no child path is omitted from the surface matrix.,reviewed
Aether,quiche/tokio-quiche/src/quic/router,5,3,0,3,61364,rust,vendored,,3,quiche-tokio,n/a,fully-accounted-fourth-order,Directory recursively resolves to 3 exact hashed surfaces across 1 reviewed module family/families; no child path is omitted from the surface matrix.,reviewed
Aether,quiche/tokio-quiche/src/settings,4,5,0,5,35188,rust,vendored,,5,quiche-tokio,n/a,fully-accounted-fourth-order,Directory recursively resolves to 5 exact hashed surfaces across 1 reviewed module family/families; no child path is omitted from the surface matrix.,reviewed
Aether,quiche/tokio-quiche/src/socket,4,4,0,4,26119,rust,vendored,,4,quiche-tokio,n/a,fully-accounted-fourth-order,Directory recursively resolves to 4 exact hashed surfaces across 1 reviewed module family/families; no child path is omitted from the surface matrix.,reviewed
Aether,quiche/tokio-quiche/tests,3,1,2,12,82733,rust,test-or-fixture,fixtures;integration_tests,12,quiche-tokio,n/a,fully-accounted-fourth-order,Directory recursively resolves to 12 exact hashed surfaces across 1 reviewed module family/families; no child path is omitted from the surface matrix.,reviewed
Aether,quiche/tokio-quiche/tests/fixtures,4,2,0,2,16010,rust,test-or-fixture,,2,quiche-tokio,n/a,fully-accounted-fourth-order,Directory recursively resolves to 2 exact hashed surfaces across 1 reviewed module family/families; no child path is omitted from the surface matrix.,reviewed
Aether,quiche/tokio-quiche/tests/integration_tests,4,9,0,9,65287,rust,test-or-fixture,,9,quiche-tokio,n/a,fully-accounted-fourth-order,Directory recursively resolves to 9 exact hashed surfaces across 1 reviewed module family/families; no child path is omitted from the surface matrix.,reviewed
Aether,quiche/tools,2,1,2,7,84859,markdown;rust;shell;toml,test-or-fixture;vendored,android;http3_test,7,quiche-tools,n/a,fully-accounted-fourth-order,Directory recursively resolves to 7 exact hashed surfaces across 1 reviewed module family/families; no child path is omitted from the surface matrix.,reviewed
Aether,quiche/tools/android,3,1,0,1,631,shell,vendored,,1,quiche-tools,n/a,fully-accounted-fourth-order,Directory recursively resolves to 1 exact hashed surfaces across 1 reviewed module family/families; no child path is omitted from the surface matrix.,reviewed
Aether,quiche/tools/http3_test,3,2,2,5,83094,markdown;rust;toml,test-or-fixture;vendored,src;tests,5,quiche-tools,n/a,fully-accounted-fourth-order,Directory recursively resolves to 5 exact hashed surfaces across 1 reviewed module family/families; no child path is omitted from the surface matrix.,reviewed
Aether,quiche/tools/http3_test/src,4,2,0,2,33403,rust,vendored,,2,quiche-tools,n/a,fully-accounted-fourth-order,Directory recursively resolves to 2 exact hashed surfaces across 1 reviewed module family/families; no child path is omitted from the surface matrix.,reviewed
Aether,quiche/tools/http3_test/tests,4,1,0,1,46982,rust,test-or-fixture,,1,quiche-tools,n/a,fully-accounted-fourth-order,Directory recursively resolves to 1 exact hashed surfaces across 1 reviewed module family/families; no child path is omitted from the surface matrix.,reviewed
Aether-GUI,.,0,17,4,123,2516498,css;html;javascript;json;markdown;rust;shell;toml;typescript;unknown;xml;yaml,configuration;documentation;governance;implementation;media;repository-administration;ui-or-product,.github;docs;src;src-tauri,123,aether-gui-build;aether-gui-components;aether-gui-media;aether-gui-sidecar;aether-gui-state;aether-gui-tauri;aether-gui-web,FO-010,fully-accounted-fourth-order,Directory recursively resolves to 123 exact hashed surfaces across 7 reviewed module family/families; no child path is omitted from the surface matrix.,reviewed
Aether-GUI,.github,1,0,2,3,6393,yaml,repository-administration,ISSUE_TEMPLATE;workflows,3,aether-gui-build,n/a,fully-accounted-fourth-order,Directory recursively resolves to 3 exact hashed surfaces across 1 reviewed module family/families; no child path is omitted from the surface matrix.,reviewed
Aether-GUI,.github/ISSUE_TEMPLATE,2,2,0,2,2847,yaml,repository-administration,,2,aether-gui-build,n/a,fully-accounted-fourth-order,Directory recursively resolves to 2 exact hashed surfaces across 1 reviewed module family/families; no child path is omitted from the surface matrix.,reviewed
Aether-GUI,.github/workflows,2,1,0,1,3546,yaml,repository-administration,,1,aether-gui-build,n/a,fully-accounted-fourth-order,Directory recursively resolves to 1 exact hashed surfaces across 1 reviewed module family/families; no child path is omitted from the surface matrix.,reviewed
Aether-GUI,docs,1,1,0,1,174783,unknown,media,,1,aether-gui-media,n/a,fully-accounted-fourth-order,Directory recursively resolves to 1 exact hashed surfaces across 1 reviewed module family/families; no child path is omitted from the surface matrix.,reviewed
Aether-GUI,src,1,3,4,30,90648,css;typescript,implementation;ui-or-product,components;lib;state;types,30,aether-gui-components;aether-gui-state;aether-gui-web,n/a,fully-accounted-fourth-order,Directory recursively resolves to 30 exact hashed surfaces across 3 reviewed module family/families; no child path is omitted from the surface matrix.,reviewed
Aether-GUI,src-tauri,1,4,4,72,1878790,json;rust;shell;toml;unknown;xml,configuration;implementation;media,binaries;capabilities;icons;src,72,aether-gui-build;aether-gui-media;aether-gui-sidecar;aether-gui-tauri,FO-010,fully-accounted-fourth-order,Directory recursively resolves to 72 exact hashed surfaces across 4 reviewed module family/families; no child path is omitted from the surface matrix.,reviewed
Aether-GUI,src-tauri/binaries,2,1,0,1,1456,shell,implementation,,1,aether-gui-build,n/a,fully-accounted-fourth-order,Directory recursively resolves to 1 exact hashed surfaces across 1 reviewed module family/families; no child path is omitted from the surface matrix.,reviewed
Aether-GUI,src-tauri/capabilities,2,1,0,1,446,json,configuration,,1,aether-gui-build,n/a,fully-accounted-fourth-order,Directory recursively resolves to 1 exact hashed surfaces across 1 reviewed module family/families; no child path is omitted from the surface matrix.,reviewed
Aether-GUI,src-tauri/icons,2,18,2,53,1694148,unknown;xml,configuration;implementation;media,android;ios,53,aether-gui-media,n/a,fully-accounted-fourth-order,Directory recursively resolves to 53 exact hashed surfaces across 1 reviewed module family/families; no child path is omitted from the surface matrix.,reviewed
Aether-GUI,src-tauri/icons/android,3,0,7,17,153077,unknown;xml,configuration;media,mipmap-anydpi-v26;mipmap-hdpi;mipmap-mdpi;mipmap-xhdpi;mipmap-xxhdpi;mipmap-xxxhdpi;values,17,aether-gui-media,n/a,fully-accounted-fourth-order,Directory recursively resolves to 17 exact hashed surfaces across 1 reviewed module family/families; no child path is omitted from the surface matrix.,reviewed
Aether-GUI,src-tauri/icons/android/mipmap-anydpi-v26,4,1,0,1,261,xml,configuration,,1,aether-gui-media,n/a,fully-accounted-fourth-order,Directory recursively resolves to 1 exact hashed surfaces across 1 reviewed module family/families; no child path is omitted from the surface matrix.,reviewed
Aether-GUI,src-tauri/icons/android/mipmap-hdpi,4,3,0,3,10134,unknown,media,,3,aether-gui-media,n/a,fully-accounted-fourth-order,Directory recursively resolves to 3 exact hashed surfaces across 1 reviewed module family/families; no child path is omitted from the surface matrix.,reviewed
Aether-GUI,src-tauri/icons/android/mipmap-mdpi,4,3,0,3,6631,unknown,media,,3,aether-gui-media,n/a,fully-accounted-fourth-order,Directory recursively resolves to 3 exact hashed surfaces across 1 reviewed module family/families; no child path is omitted from the surface matrix.,reviewed
Aether-GUI,src-tauri/icons/android/mipmap-xhdpi,4,3,0,3,18922,unknown,media,,3,aether-gui-media,n/a,fully-accounted-fourth-order,Directory recursively resolves to 3 exact hashed surfaces across 1 reviewed module family/families; no child path is omitted from the surface matrix.,reviewed
Aether-GUI,src-tauri/icons/android/mipmap-xxhdpi,4,3,0,3,41099,unknown,media,,3,aether-gui-media,n/a,fully-accounted-fourth-order,Directory recursively resolves to 3 exact hashed surfaces across 1 reviewed module family/families; no child path is omitted from the surface matrix.,reviewed
Aether-GUI,src-tauri/icons/android/mipmap-xxxhdpi,4,3,0,3,75915,unknown,media,,3,aether-gui-media,n/a,fully-accounted-fourth-order,Directory recursively resolves to 3 exact hashed surfaces across 1 reviewed module family/families; no child path is omitted from the surface matrix.,reviewed
Aether-GUI,src-tauri/icons/android/values,4,1,0,1,115,xml,configuration,,1,aether-gui-media,n/a,fully-accounted-fourth-order,Directory recursively resolves to 1 exact hashed surfaces across 1 reviewed module family/families; no child path is omitted from the surface matrix.,reviewed
Aether-GUI,src-tauri/icons/ios,3,18,0,18,367532,unknown,media,,18,aether-gui-media,n/a,fully-accounted-fourth-order,Directory recursively resolves to 18 exact hashed surfaces across 1 reviewed module family/families; no child path is omitted from the surface matrix.,reviewed
Aether-GUI,src-tauri/src,2,7,1,13,69111,rust,implementation,aether,13,aether-gui-sidecar;aether-gui-tauri,FO-010,fully-accounted-fourth-order,Directory recursively resolves to 13 exact hashed surfaces across 2 reviewed module family/families; no child path is omitted from the surface matrix.,reviewed
Aether-GUI,src-tauri/src/aether,3,6,0,6,57779,rust,implementation,,6,aether-gui-sidecar,FO-010,fully-accounted-fourth-order,Directory recursively resolves to 6 exact hashed surfaces across 1 reviewed module family/families; no child path is omitted from the surface matrix.,reviewed
Aether-GUI,src/components,2,16,1,23,68138,typescript,ui-or-product,ui,23,aether-gui-components,n/a,fully-accounted-fourth-order,Directory recursively resolves to 23 exact hashed surfaces across 1 reviewed module family/families; no child path is omitted from the surface matrix.,reviewed
Aether-GUI,src/components/ui,3,7,0,7,18969,typescript,ui-or-product,,7,aether-gui-components,n/a,fully-accounted-fourth-order,Directory recursively resolves to 7 exact hashed surfaces across 1 reviewed module family/families; no child path is omitted from the surface matrix.,reviewed
Aether-GUI,src/lib,2,1,0,1,166,typescript,ui-or-product,,1,aether-gui-web,n/a,fully-accounted-fourth-order,Directory recursively resolves to 1 exact hashed surfaces across 1 reviewed module family/families; no child path is omitted from the surface matrix.,reviewed
Aether-GUI,src/state,2,2,0,2,10463,typescript,implementation,,2,aether-gui-state,n/a,fully-accounted-fourth-order,Directory recursively resolves to 2 exact hashed surfaces across 1 reviewed module family/families; no child path is omitted from the surface matrix.,reviewed
Aether-GUI,src/types,2,1,0,1,2275,typescript,implementation,,1,aether-gui-web,n/a,fully-accounted-fourth-order,Directory recursively resolves to 1 exact hashed surfaces across 1 reviewed module family/families; no child path is omitted from the surface matrix.,reviewed
Goida-AI-Unlocker,.,0,3,2,59,467324,json;markdown;python;unknown;yaml,documentation;governance;implementation;media;repository-administration;ui-or-product,.github;source,59,goida-build;goida-core;goida-gui;goida-gui-components;goida-gui-pages;goida-hosts;goida-http;goida-icons;goida-root;goida-utils,FO-006,fully-accounted-fourth-order,Directory recursively resolves to 59 exact hashed surfaces across 10 reviewed module family/families; no child path is omitted from the surface matrix.,reviewed
Goida-AI-Unlocker,.github,1,0,1,1,6031,yaml,repository-administration,workflows,1,goida-root,n/a,fully-accounted-fourth-order,Directory recursively resolves to 1 exact hashed surfaces across 1 reviewed module family/families; no child path is omitted from the surface matrix.,reviewed
Goida-AI-Unlocker,.github/workflows,2,1,0,1,6031,yaml,repository-administration,,1,goida-root,n/a,fully-accounted-fourth-order,Directory recursively resolves to 1 exact hashed surfaces across 1 reviewed module family/families; no child path is omitted from the surface matrix.,reviewed
Goida-AI-Unlocker,source,1,6,2,55,410103,json;python;unknown,implementation;media;ui-or-product,app;icons,55,goida-build;goida-core;goida-gui;goida-gui-components;goida-gui-pages;goida-hosts;goida-http;goida-icons;goida-utils,FO-006,fully-accounted-fourth-order,Directory recursively resolves to 55 exact hashed surfaces across 9 reviewed module family/families; no child path is omitted from the surface matrix.,reviewed
Goida-AI-Unlocker,source/app,2,1,3,28,256262,json;python,ui-or-product,core;gui;utils,28,goida-build;goida-core;goida-gui;goida-gui-components;goida-gui-pages;goida-hosts;goida-http;goida-utils,FO-006,fully-accounted-fourth-order,Directory recursively resolves to 28 exact hashed surfaces across 8 reviewed module family/families; no child path is omitted from the surface matrix.,reviewed
Goida-AI-Unlocker,source/app/core,3,6,0,6,40240,python,ui-or-product,,6,goida-core;goida-hosts;goida-http,n/a,fully-accounted-fourth-order,Directory recursively resolves to 6 exact hashed surfaces across 3 reviewed module family/families; no child path is omitted from the surface matrix.,reviewed
Goida-AI-Unlocker,source/app/gui,3,8,2,19,211770,json;python,ui-or-product,components;pages,19,goida-gui;goida-gui-components;goida-gui-pages,FO-006,fully-accounted-fourth-order,Directory recursively resolves to 19 exact hashed surfaces across 3 reviewed module family/families; no child path is omitted from the surface matrix.,reviewed
Goida-AI-Unlocker,source/app/gui/components,4,5,0,5,19378,python,ui-or-product,,5,goida-gui-components,n/a,fully-accounted-fourth-order,Directory recursively resolves to 5 exact hashed surfaces across 1 reviewed module family/families; no child path is omitted from the surface matrix.,reviewed
Goida-AI-Unlocker,source/app/gui/pages,4,6,0,6,38812,python,ui-or-product,,6,goida-gui-pages,n/a,fully-accounted-fourth-order,Directory recursively resolves to 6 exact hashed surfaces across 1 reviewed module family/families; no child path is omitted from the surface matrix.,reviewed
Goida-AI-Unlocker,source/app/utils,3,2,0,2,4252,python,ui-or-product,,2,goida-utils,n/a,fully-accounted-fourth-order,Directory recursively resolves to 2 exact hashed surfaces across 1 reviewed module family/families; no child path is omitted from the surface matrix.,reviewed
Goida-AI-Unlocker,source/icons,2,21,0,21,16575,unknown,media,,21,goida-icons,n/a,fully-accounted-fourth-order,Directory recursively resolves to 21 exact hashed surfaces across 1 reviewed module family/families; no child path is omitted from the surface matrix.,reviewed
Unlock_AI_and_EN_Services_for_Russia,.,0,4,1,8,855056,json;markdown;unknown,configuration;documentation;governance;implementation,source,8,unlock-hosts-corpus;unlock-magisk;unlock-root,n/a,fully-accounted-fourth-order,Directory recursively resolves to 8 exact hashed surfaces across 3 reviewed module family/families; no child path is omitted from the surface matrix.,reviewed
Unlock_AI_and_EN_Services_for_Russia,source,1,1,2,4,809275,unknown,implementation,META-INF;system,4,unlock-hosts-corpus;unlock-magisk,n/a,fully-accounted-fourth-order,Directory recursively resolves to 4 exact hashed surfaces across 2 reviewed module family/families; no child path is omitted from the surface matrix.,reviewed
Unlock_AI_and_EN_Services_for_Russia,source/META-INF,2,0,1,2,3811,unknown,implementation,com,2,unlock-magisk,n/a,fully-accounted-fourth-order,Directory recursively resolves to 2 exact hashed surfaces across 1 reviewed module family/families; no child path is omitted from the surface matrix.,reviewed
Unlock_AI_and_EN_Services_for_Russia,source/META-INF/com,3,0,1,2,3811,unknown,implementation,google,2,unlock-magisk,n/a,fully-accounted-fourth-order,Directory recursively resolves to 2 exact hashed surfaces across 1 reviewed module family/families; no child path is omitted from the surface matrix.,reviewed
Unlock_AI_and_EN_Services_for_Russia,source/META-INF/com/google,4,0,1,2,3811,unknown,implementation,android,2,unlock-magisk,n/a,fully-accounted-fourth-order,Directory recursively resolves to 2 exact hashed surfaces across 1 reviewed module family/families; no child path is omitted from the surface matrix.,reviewed
Unlock_AI_and_EN_Services_for_Russia,source/META-INF/com/google/android,5,2,0,2,3811,unknown,implementation,,2,unlock-magisk,n/a,fully-accounted-fourth-order,Directory recursively resolves to 2 exact hashed surfaces across 1 reviewed module family/families; no child path is omitted from the surface matrix.,reviewed
Unlock_AI_and_EN_Services_for_Russia,source/system,2,0,1,1,805075,unknown,implementation,etc,1,unlock-hosts-corpus,n/a,fully-accounted-fourth-order,Directory recursively resolves to 1 exact hashed surfaces across 1 reviewed module family/families; no child path is omitted from the surface matrix.,reviewed
Unlock_AI_and_EN_Services_for_Russia,source/system/etc,3,1,0,1,805075,unknown,implementation,,1,unlock-hosts-corpus,n/a,fully-accounted-fourth-order,Directory recursively resolves to 1 exact hashed surfaces across 1 reviewed module family/families; no child path is omitted from the surface matrix.,reviewed
ZedPass,.,0,7,10,136,1422012,c;cpp;dart;html;json;kotlin;markdown;properties;swift;unknown;xml;yaml,configuration;documentation;governance;implementation;media;repository-administration;test-or-fixture;ui-or-product,.github;android;assets;ios;lib;linux;macos;test;web;windows,136,zedpass-android;zedpass-app;zedpass-ios;zedpass-linux;zedpass-macos;zedpass-provider;zedpass-root;zedpass-theme;zedpass-ui;zedpass-web;zedpass-windows,n/a,fully-accounted-fourth-order,Directory recursively resolves to 136 exact hashed surfaces across 11 reviewed module family/families; no child path is omitted from the surface matrix.,reviewed
ZedPass,.github,1,0,1,1,2014,yaml,repository-administration,workflows,1,zedpass-root,n/a,fully-accounted-fourth-order,Directory recursively resolves to 1 exact hashed surfaces across 1 reviewed module family/families; no child path is omitted from the surface matrix.,reviewed
ZedPass,.github/workflows,2,1,0,1,2014,yaml,repository-administration,,1,zedpass-root,n/a,fully-accounted-fourth-order,Directory recursively resolves to 1 exact hashed surfaces across 1 reviewed module family/families; no child path is omitted from the surface matrix.,reviewed
ZedPass,android,1,4,2,19,12464,kotlin;properties;unknown;xml,configuration;implementation;media;ui-or-product,app;gradle,19,zedpass-android,n/a,fully-accounted-fourth-order,Directory recursively resolves to 19 exact hashed surfaces across 1 reviewed module family/families; no child path is omitted from the surface matrix.,reviewed
ZedPass,android/app,2,1,1,14,10537,kotlin;unknown;xml,media;ui-or-product,src,14,zedpass-android,n/a,fully-accounted-fourth-order,Directory recursively resolves to 14 exact hashed surfaces across 1 reviewed module family/families; no child path is omitted from the surface matrix.,reviewed
ZedPass,android/app/src,3,0,3,13,9742,kotlin;unknown;xml,media;ui-or-product,debug;main;profile,13,zedpass-android,n/a,fully-accounted-fourth-order,Directory recursively resolves to 13 exact hashed surfaces across 1 reviewed module family/families; no child path is omitted from the surface matrix.,reviewed
ZedPass,android/app/src/debug,4,1,0,1,378,xml,ui-or-product,,1,zedpass-android,n/a,fully-accounted-fourth-order,Directory recursively resolves to 1 exact hashed surfaces across 1 reviewed module family/families; no child path is omitted from the surface matrix.,reviewed
ZedPass,android/app/src/main,4,1,2,11,8986,kotlin;unknown;xml,media;ui-or-product,kotlin;res,11,zedpass-android,n/a,fully-accounted-fourth-order,Directory recursively resolves to 11 exact hashed surfaces across 1 reviewed module family/families; no child path is omitted from the surface matrix.,reviewed
ZedPass,android/app/src/main/kotlin,5,0,1,1,126,kotlin,ui-or-product,com,1,zedpass-android,n/a,fully-accounted-fourth-order,Directory recursively resolves to 1 exact hashed surfaces across 1 reviewed module family/families; no child path is omitted from the surface matrix.,reviewed
ZedPass,android/app/src/main/kotlin/com,6,0,1,1,126,kotlin,ui-or-product,cluvexstudio,1,zedpass-android,n/a,fully-accounted-fourth-order,Directory recursively resolves to 1 exact hashed surfaces across 1 reviewed module family/families; no child path is omitted from the surface matrix.,reviewed
ZedPass,android/app/src/main/kotlin/com/cluvexstudio,7,0,1,1,126,kotlin,ui-or-product,zedflow,1,zedpass-android,n/a,fully-accounted-fourth-order,Directory recursively resolves to 1 exact hashed surfaces across 1 reviewed module family/families; no child path is omitted from the surface matrix.,reviewed
ZedPass,android/app/src/main/kotlin/com/cluvexstudio/zedflow,8,1,0,1,126,kotlin,ui-or-product,,1,zedpass-android,n/a,fully-accounted-fourth-order,Directory recursively resolves to 1 exact hashed surfaces across 1 reviewed module family/families; no child path is omitted from the surface matrix.,reviewed
ZedPass,android/app/src/main/res,5,0,9,9,7044,unknown;xml,media;ui-or-product,drawable;drawable-v21;mipmap-hdpi;mipmap-mdpi;mipmap-xhdpi;mipmap-xxhdpi;mipmap-xxxhdpi;values;values-night,9,zedpass-android,n/a,fully-accounted-fourth-order,Directory recursively resolves to 9 exact hashed surfaces across 1 reviewed module family/families; no child path is omitted from the surface matrix.,reviewed
ZedPass,android/app/src/main/res/drawable,6,1,0,1,434,xml,ui-or-product,,1,zedpass-android,n/a,fully-accounted-fourth-order,Directory recursively resolves to 1 exact hashed surfaces across 1 reviewed module family/families; no child path is omitted from the surface matrix.,reviewed
ZedPass,android/app/src/main/res/drawable-v21,6,1,0,1,438,xml,ui-or-product,,1,zedpass-android,n/a,fully-accounted-fourth-order,Directory recursively resolves to 1 exact hashed surfaces across 1 reviewed module family/families; no child path is omitted from the surface matrix.,reviewed
ZedPass,android/app/src/main/res/mipmap-hdpi,6,1,0,1,544,unknown,media,,1,zedpass-android,n/a,fully-accounted-fourth-order,Directory recursively resolves to 1 exact hashed surfaces across 1 reviewed module family/families; no child path is omitted from the surface matrix.,reviewed
ZedPass,android/app/src/main/res/mipmap-mdpi,6,1,0,1,442,unknown,media,,1,zedpass-android,n/a,fully-accounted-fourth-order,Directory recursively resolves to 1 exact hashed surfaces across 1 reviewed module family/families; no child path is omitted from the surface matrix.,reviewed
ZedPass,android/app/src/main/res/mipmap-xhdpi,6,1,0,1,721,unknown,media,,1,zedpass-android,n/a,fully-accounted-fourth-order,Directory recursively resolves to 1 exact hashed surfaces across 1 reviewed module family/families; no child path is omitted from the surface matrix.,reviewed
ZedPass,android/app/src/main/res/mipmap-xxhdpi,6,1,0,1,1031,unknown,media,,1,zedpass-android,n/a,fully-accounted-fourth-order,Directory recursively resolves to 1 exact hashed surfaces across 1 reviewed module family/families; no child path is omitted from the surface matrix.,reviewed
ZedPass,android/app/src/main/res/mipmap-xxxhdpi,6,1,0,1,1443,unknown,media,,1,zedpass-android,n/a,fully-accounted-fourth-order,Directory recursively resolves to 1 exact hashed surfaces across 1 reviewed module family/families; no child path is omitted from the surface matrix.,reviewed
ZedPass,android/app/src/main/res/values,6,1,0,1,996,xml,ui-or-product,,1,zedpass-android,n/a,fully-accounted-fourth-order,Directory recursively resolves to 1 exact hashed surfaces across 1 reviewed module family/families; no child path is omitted from the surface matrix.,reviewed
ZedPass,android/app/src/main/res/values-night,6,1,0,1,995,xml,ui-or-product,,1,zedpass-android,n/a,fully-accounted-fourth-order,Directory recursively resolves to 1 exact hashed surfaces across 1 reviewed module family/families; no child path is omitted from the surface matrix.,reviewed
ZedPass,android/app/src/profile,4,1,0,1,378,xml,ui-or-product,,1,zedpass-android,n/a,fully-accounted-fourth-order,Directory recursively resolves to 1 exact hashed surfaces across 1 reviewed module family/families; no child path is omitted from the surface matrix.,reviewed
ZedPass,android/gradle,2,0,1,1,201,properties,configuration,wrapper,1,zedpass-android,n/a,fully-accounted-fourth-order,Directory recursively resolves to 1 exact hashed surfaces across 1 reviewed module family/families; no child path is omitted from the surface matrix.,reviewed
ZedPass,android/gradle/wrapper,3,1,0,1,201,properties,configuration,,1,zedpass-android,n/a,fully-accounted-fourth-order,Directory recursively resolves to 1 exact hashed surfaces across 1 reviewed module family/families; no child path is omitted from the surface matrix.,reviewed
ZedPass,assets,1,0,1,1,0,unknown,implementation,images,1,zedpass-root,n/a,fully-accounted-fourth-order,Directory recursively resolves to 1 exact hashed surfaces across 1 reviewed module family/families; no child path is omitted from the surface matrix.,reviewed
ZedPass,assets/images,2,1,0,1,0,unknown,implementation,,1,zedpass-root,n/a,fully-accounted-fourth-order,Directory recursively resolves to 1 exact hashed surfaces across 1 reviewed module family/families; no child path is omitted from the surface matrix.,reviewed
ZedPass,ios,1,1,5,39,61213,c;json;markdown;swift;unknown,configuration;documentation;implementation;media,Flutter;Runner;Runner.xcodeproj;Runner.xcworkspace;RunnerTests,39,zedpass-ios,n/a,fully-accounted-fourth-order,Directory recursively resolves to 39 exact hashed surfaces across 1 reviewed module family/families; no child path is omitted from the surface matrix.,reviewed
ZedPass,ios/Flutter,2,3,0,3,834,unknown,implementation,,3,zedpass-ios,n/a,fully-accounted-fourth-order,Directory recursively resolves to 3 exact hashed surfaces across 1 reviewed module family/families; no child path is omitted from the surface matrix.,reviewed
ZedPass,ios/Runner,2,3,2,26,30829,c;json;markdown;swift;unknown,configuration;documentation;implementation;media,Assets.xcassets;Base.lproj,26,zedpass-ios,n/a,fully-accounted-fourth-order,Directory recursively resolves to 26 exact hashed surfaces across 1 reviewed module family/families; no child path is omitted from the surface matrix.,reviewed
ZedPass,ios/Runner.xcodeproj,2,1,2,5,28080,unknown,implementation,project.xcworkspace;xcshareddata,5,zedpass-ios,n/a,fully-accounted-fourth-order,Directory recursively resolves to 5 exact hashed surfaces across 1 reviewed module family/families; no child path is omitted from the surface matrix.,reviewed
ZedPass,ios/Runner.xcodeproj/project.xcworkspace,3,1,1,3,599,unknown,implementation,xcshareddata,3,zedpass-ios,n/a,fully-accounted-fourth-order,Directory recursively resolves to 3 exact hashed surfaces across 1 reviewed module family/families; no child path is omitted from the surface matrix.,reviewed
ZedPass,ios/Runner.xcodeproj/project.xcworkspace/xcshareddata,4,2,0,2,464,unknown,implementation,,2,zedpass-ios,n/a,fully-accounted-fourth-order,Directory recursively resolves to 2 exact hashed surfaces across 1 reviewed module family/families; no child path is omitted from the surface matrix.,reviewed
ZedPass,ios/Runner.xcodeproj/xcshareddata,3,0,1,1,3833,unknown,implementation,xcschemes,1,zedpass-ios,n/a,fully-accounted-fourth-order,Directory recursively resolves to 1 exact hashed surfaces across 1 reviewed module family/families; no child path is omitted from the surface matrix.,reviewed
ZedPass,ios/Runner.xcodeproj/xcshareddata/xcschemes,4,1,0,1,3833,unknown,implementation,,1,zedpass-ios,n/a,fully-accounted-fourth-order,Directory recursively resolves to 1 exact hashed surfaces across 1 reviewed module family/families; no child path is omitted from the surface matrix.,reviewed
ZedPass,ios/Runner.xcworkspace,2,1,1,3,616,unknown,implementation,xcshareddata,3,zedpass-ios,n/a,fully-accounted-fourth-order,Directory recursively resolves to 3 exact hashed surfaces across 1 reviewed module family/families; no child path is omitted from the surface matrix.,reviewed
ZedPass,ios/Runner.xcworkspace/xcshareddata,3,2,0,2,464,unknown,implementation,,2,zedpass-ios,n/a,fully-accounted-fourth-order,Directory recursively resolves to 2 exact hashed surfaces across 1 reviewed module family/families; no child path is omitted from the surface matrix.,reviewed
ZedPass,ios/Runner/Assets.xcassets,3,0,2,21,24777,json;markdown;unknown,configuration;documentation;media,AppIcon.appiconset;LaunchImage.imageset,21,zedpass-ios,n/a,fully-accounted-fourth-order,Directory recursively resolves to 21 exact hashed surfaces across 1 reviewed module family/families; no child path is omitted from the surface matrix.,reviewed
ZedPass,ios/Runner/Assets.xcassets/AppIcon.appiconset,4,16,0,16,23846,json;unknown,configuration;media,,16,zedpass-ios,n/a,fully-accounted-fourth-order,Directory recursively resolves to 16 exact hashed surfaces across 1 reviewed module family/families; no child path is omitted from the surface matrix.,reviewed
ZedPass,ios/Runner/Assets.xcassets/LaunchImage.imageset,4,5,0,5,931,json;markdown;unknown,configuration;documentation;media,,5,zedpass-ios,n/a,fully-accounted-fourth-order,Directory recursively resolves to 5 exact hashed surfaces across 1 reviewed module family/families; no child path is omitted from the surface matrix.,reviewed
ZedPass,ios/Runner/Base.lproj,3,2,0,2,3982,unknown,implementation,,2,zedpass-ios,n/a,fully-accounted-fourth-order,Directory recursively resolves to 2 exact hashed surfaces across 1 reviewed module family/families; no child path is omitted from the surface matrix.,reviewed
ZedPass,ios/RunnerTests,2,1,0,1,285,swift,implementation,,1,zedpass-ios,n/a,fully-accounted-fourth-order,Directory recursively resolves to 1 exact hashed surfaces across 1 reviewed module family/families; no child path is omitted from the surface matrix.,reviewed
ZedPass,lib,1,1,3,5,41274,dart,ui-or-product,providers;screens;theme,5,zedpass-app;zedpass-provider;zedpass-theme;zedpass-ui,n/a,fully-accounted-fourth-order,Directory recursively resolves to 5 exact hashed surfaces across 4 reviewed module family/families; no child path is omitted from the surface matrix.,reviewed
ZedPass,lib/providers,2,1,0,1,9177,dart,ui-or-product,,1,zedpass-provider,n/a,fully-accounted-fourth-order,Directory recursively resolves to 1 exact hashed surfaces across 1 reviewed module family/families; no child path is omitted from the surface matrix.,reviewed
ZedPass,lib/screens,2,2,0,2,27800,dart,ui-or-product,,2,zedpass-ui,n/a,fully-accounted-fourth-order,Directory recursively resolves to 2 exact hashed surfaces across 1 reviewed module family/families; no child path is omitted from the surface matrix.,reviewed
ZedPass,lib/theme,2,1,0,1,3296,dart,ui-or-product,,1,zedpass-theme,n/a,fully-accounted-fourth-order,Directory recursively resolves to 1 exact hashed surfaces across 1 reviewed module family/families; no child path is omitted from the surface matrix.,reviewed
ZedPass,linux,1,2,2,10,15677,c;cpp;unknown,implementation,flutter;runner,10,zedpass-linux,n/a,fully-accounted-fourth-order,Directory recursively resolves to 10 exact hashed surfaces across 1 reviewed module family/families; no child path is omitted from the surface matrix.,reviewed
ZedPass,linux/flutter,2,4,0,4,4018,c;cpp;unknown,implementation,,4,zedpass-linux,n/a,fully-accounted-fourth-order,Directory recursively resolves to 4 exact hashed surfaces across 1 reviewed module family/families; no child path is omitted from the surface matrix.,reviewed
ZedPass,linux/runner,2,4,0,4,6888,c;cpp;unknown,implementation,,4,zedpass-linux,n/a,fully-accounted-fourth-order,Directory recursively resolves to 4 exact hashed surfaces across 1 reviewed module family/families; no child path is omitted from the surface matrix.,reviewed
ZedPass,macos,1,1,5,28,223149,json;swift;unknown,configuration;implementation;media,Flutter;Runner;Runner.xcodeproj;Runner.xcworkspace;RunnerTests,28,zedpass-macos,n/a,fully-accounted-fourth-order,Directory recursively resolves to 28 exact hashed surfaces across 1 reviewed module family/families; no child path is omitted from the surface matrix.,reviewed
ZedPass,macos/Flutter,2,3,0,3,379,swift;unknown,implementation,,3,zedpass-macos,n/a,fully-accounted-fourth-order,Directory recursively resolves to 3 exact hashed surfaces across 1 reviewed module family/families; no child path is omitted from the surface matrix.,reviewed
ZedPass,macos/Runner,2,5,3,18,191730,json;swift;unknown,configuration;implementation;media,Assets.xcassets;Base.lproj;Configs,18,zedpass-macos,n/a,fully-accounted-fourth-order,Directory recursively resolves to 18 exact hashed surfaces across 1 reviewed module family/families; no child path is omitted from the surface matrix.,reviewed
ZedPass,macos/Runner.xcodeproj,2,1,2,3,30271,unknown,implementation,project.xcworkspace;xcshareddata,3,zedpass-macos,n/a,fully-accounted-fourth-order,Directory recursively resolves to 3 exact hashed surfaces across 1 reviewed module family/families; no child path is omitted from the surface matrix.,reviewed
ZedPass,macos/Runner.xcodeproj/project.xcworkspace,3,0,1,1,238,unknown,implementation,xcshareddata,1,zedpass-macos,n/a,fully-accounted-fourth-order,Directory recursively resolves to 1 exact hashed surfaces across 1 reviewed module family/families; no child path is omitted from the surface matrix.,reviewed
ZedPass,macos/Runner.xcodeproj/project.xcworkspace/xcshareddata,4,1,0,1,238,unknown,implementation,,1,zedpass-macos,n/a,fully-accounted-fourth-order,Directory recursively resolves to 1 exact hashed surfaces across 1 reviewed module family/families; no child path is omitted from the surface matrix.,reviewed
ZedPass,macos/Runner.xcodeproj/xcshareddata,3,0,1,1,3687,unknown,implementation,xcschemes,1,zedpass-macos,n/a,fully-accounted-fourth-order,Directory recursively resolves to 1 exact hashed surfaces across 1 reviewed module family/families; no child path is omitted from the surface matrix.,reviewed
ZedPass,macos/Runner.xcodeproj/xcshareddata/xcschemes,4,1,0,1,3687,unknown,implementation,,1,zedpass-macos,n/a,fully-accounted-fourth-order,Directory recursively resolves to 1 exact hashed surfaces across 1 reviewed module family/families; no child path is omitted from the surface matrix.,reviewed
ZedPass,macos/Runner.xcworkspace,2,1,1,2,390,unknown,implementation,xcshareddata,2,zedpass-macos,n/a,fully-accounted-fourth-order,Directory recursively resolves to 2 exact hashed surfaces across 1 reviewed module family/families; no child path is omitted from the surface matrix.,reviewed
ZedPass,macos/Runner.xcworkspace/xcshareddata,3,1,0,1,238,unknown,implementation,,1,zedpass-macos,n/a,fully-accounted-fourth-order,Directory recursively resolves to 1 exact hashed surfaces across 1 reviewed module family/families; no child path is omitted from the surface matrix.,reviewed
ZedPass,macos/Runner/Assets.xcassets,3,0,1,8,164317,json;unknown,configuration;media,AppIcon.appiconset,8,zedpass-macos,n/a,fully-accounted-fourth-order,Directory recursively resolves to 8 exact hashed surfaces across 1 reviewed module family/families; no child path is omitted from the surface matrix.,reviewed
ZedPass,macos/Runner/Assets.xcassets/AppIcon.appiconset,4,8,0,8,164317,json;unknown,configuration;media,,8,zedpass-macos,n/a,fully-accounted-fourth-order,Directory recursively resolves to 8 exact hashed surfaces across 1 reviewed module family/families; no child path is omitted from the surface matrix.,reviewed
ZedPass,macos/Runner/Base.lproj,3,1,0,1,23729,unknown,implementation,,1,zedpass-macos,n/a,fully-accounted-fourth-order,Directory recursively resolves to 1 exact hashed surfaces across 1 reviewed module family/families; no child path is omitted from the surface matrix.,reviewed
ZedPass,macos/Runner/Configs,3,4,0,4,1337,unknown,implementation,,4,zedpass-macos,n/a,fully-accounted-fourth-order,Directory recursively resolves to 4 exact hashed surfaces across 1 reviewed module family/families; no child path is omitted from the surface matrix.,reviewed
ZedPass,macos/RunnerTests,2,1,0,1,290,swift,implementation,,1,zedpass-macos,n/a,fully-accounted-fourth-order,Directory recursively resolves to 1 exact hashed surfaces across 1 reviewed module family/families; no child path is omitted from the surface matrix.,reviewed
ZedPass,test,1,1,0,1,1058,dart,test-or-fixture,,1,zedpass-root,n/a,fully-accounted-fourth-order,Directory recursively resolves to 1 exact hashed surfaces across 1 reviewed module family/families; no child path is omitted from the surface matrix.,reviewed
ZedPass,web,1,3,1,7,43175,html;json;unknown,media;ui-or-product,icons,7,zedpass-web,n/a,fully-accounted-fourth-order,Directory recursively resolves to 7 exact hashed surfaces across 1 reviewed module family/families; no child path is omitted from the surface matrix.,reviewed
ZedPass,web/icons,2,4,0,4,40136,unknown,media,,4,zedpass-web,n/a,fully-accounted-fourth-order,Directory recursively resolves to 4 exact hashed surfaces across 1 reviewed module family/families; no child path is omitted from the surface matrix.,reviewed
ZedPass,windows,1,2,2,18,67854,c;cpp;unknown,implementation;media,flutter;runner,18,zedpass-windows,n/a,fully-accounted-fourth-order,Directory recursively resolves to 18 exact hashed surfaces across 1 reviewed module family/families; no child path is omitted from the surface matrix.,reviewed
ZedPass,windows/flutter,2,4,0,4,4951,c;cpp;unknown,implementation,,4,zedpass-windows,n/a,fully-accounted-fourth-order,Directory recursively resolves to 4 exact hashed surfaces across 1 reviewed module family/families; no child path is omitted from the surface matrix.,reviewed
ZedPass,windows/runner,2,11,1,12,58462,c;cpp;unknown,implementation;media,resources,12,zedpass-windows,n/a,fully-accounted-fourth-order,Directory recursively resolves to 12 exact hashed surfaces across 1 reviewed module family/families; no child path is omitted from the surface matrix.,reviewed
ZedPass,windows/runner/resources,3,1,0,1,33772,unknown,media,,1,zedpass-windows,n/a,fully-accounted-fourth-order,Directory recursively resolves to 1 exact hashed surfaces across 1 reviewed module family/families; no child path is omitted from the surface matrix.,reviewed
defyxVPN,.,0,10,12,315,4957405,c;cpp;dart;html;json;kotlin;markdown;properties;shell;swift;unknown;xml;yaml,configuration;documentation;generated;governance;implementation;media;repository-administration;script;test-or-fixture;ui-or-product,.github;.vscode;android;assets;ios;lib;linux;macos;scripts;test;web;windows,315,defyx-android;defyx-app;defyx-assets;defyx-core;defyx-ios;defyx-linux;defyx-macos;defyx-main;defyx-root;defyx-settings;defyx-shared;defyx-splash;defyx-web;defyx-windows,FO-009,fully-accounted-fourth-order,Directory recursively resolves to 315 exact hashed surfaces across 14 reviewed module family/families; no child path is omitted from the surface matrix.,reviewed
defyxVPN,.github,1,4,2,12,287429,markdown;unknown;yaml,media;repository-administration,ISSUE_TEMPLATE;images,12,defyx-root,n/a,fully-accounted-fourth-order,Directory recursively resolves to 12 exact hashed surfaces across 1 reviewed module family/families; no child path is omitted from the surface matrix.,reviewed
defyxVPN,.github/ISSUE_TEMPLATE,2,3,0,3,2130,yaml,repository-administration,,3,defyx-root,n/a,fully-accounted-fourth-order,Directory recursively resolves to 3 exact hashed surfaces across 1 reviewed module family/families; no child path is omitted from the surface matrix.,reviewed
defyxVPN,.github/images,2,1,1,5,283385,unknown,media,download,5,defyx-root,n/a,fully-accounted-fourth-order,Directory recursively resolves to 5 exact hashed surfaces across 1 reviewed module family/families; no child path is omitted from the surface matrix.,reviewed
defyxVPN,.github/images/download,3,4,0,4,13687,unknown,media,,4,defyx-root,n/a,fully-accounted-fourth-order,Directory recursively resolves to 4 exact hashed surfaces across 1 reviewed module family/families; no child path is omitted from the surface matrix.,reviewed
defyxVPN,.vscode,1,1,0,1,69,json,configuration,,1,defyx-root,n/a,fully-accounted-fourth-order,Directory recursively resolves to 1 exact hashed surfaces across 1 reviewed module family/families; no child path is omitted from the surface matrix.,reviewed
defyxVPN,android,1,4,2,34,316858,kotlin;properties;unknown;xml,configuration;implementation;media;ui-or-product,app;gradle,34,defyx-android,n/a,fully-accounted-fourth-order,Directory recursively resolves to 34 exact hashed surfaces across 1 reviewed module family/families; no child path is omitted from the surface matrix.,reviewed
defyxVPN,android/app,2,1,2,29,314919,kotlin;unknown;xml,media;ui-or-product,libs;src,29,defyx-android,n/a,fully-accounted-fourth-order,Directory recursively resolves to 29 exact hashed surfaces across 1 reviewed module family/families; no child path is omitted from the surface matrix.,reviewed
defyxVPN,android/app/libs,3,1,0,1,0,unknown,ui-or-product,,1,defyx-android,n/a,fully-accounted-fourth-order,Directory recursively resolves to 1 exact hashed surfaces across 1 reviewed module family/families; no child path is omitted from the surface matrix.,reviewed
defyxVPN,android/app/src,3,0,3,27,312182,kotlin;unknown;xml,media;ui-or-product,debug;main;profile,27,defyx-android,n/a,fully-accounted-fourth-order,Directory recursively resolves to 27 exact hashed surfaces across 1 reviewed module family/families; no child path is omitted from the surface matrix.,reviewed
defyxVPN,android/app/src/debug,4,1,0,1,378,xml,ui-or-product,,1,defyx-android,n/a,fully-accounted-fourth-order,Directory recursively resolves to 1 exact hashed surfaces across 1 reviewed module family/families; no child path is omitted from the surface matrix.,reviewed
defyxVPN,android/app/src/main,4,1,2,25,311426,kotlin;unknown;xml,media;ui-or-product,kotlin;res,25,defyx-android,n/a,fully-accounted-fourth-order,Directory recursively resolves to 25 exact hashed surfaces across 1 reviewed module family/families; no child path is omitted from the surface matrix.,reviewed
defyxVPN,android/app/src/main/kotlin,5,0,1,2,24694,kotlin,ui-or-product,com,2,defyx-android,n/a,fully-accounted-fourth-order,Directory recursively resolves to 2 exact hashed surfaces across 1 reviewed module family/families; no child path is omitted from the surface matrix.,reviewed
defyxVPN,android/app/src/main/kotlin/com,6,0,1,2,24694,kotlin,ui-or-product,defyx,2,defyx-android,n/a,fully-accounted-fourth-order,Directory recursively resolves to 2 exact hashed surfaces across 1 reviewed module family/families; no child path is omitted from the surface matrix.,reviewed
defyxVPN,android/app/src/main/kotlin/com/defyx,7,0,1,2,24694,kotlin,ui-or-product,defyx,2,defyx-android,n/a,fully-accounted-fourth-order,Directory recursively resolves to 2 exact hashed surfaces across 1 reviewed module family/families; no child path is omitted from the surface matrix.,reviewed
defyxVPN,android/app/src/main/kotlin/com/defyx/defyx,8,2,0,2,24694,kotlin,ui-or-product,,2,defyx-android,n/a,fully-accounted-fourth-order,Directory recursively resolves to 2 exact hashed surfaces across 1 reviewed module family/families; no child path is omitted from the surface matrix.,reviewed
defyxVPN,android/app/src/main/res,5,0,7,22,283214,unknown;xml,media;ui-or-product,mipmap-anydpi-v26;mipmap-hdpi;mipmap-mdpi;mipmap-xhdpi;mipmap-xxhdpi;mipmap-xxxhdpi;values,22,defyx-android,n/a,fully-accounted-fourth-order,Directory recursively resolves to 22 exact hashed surfaces across 1 reviewed module family/families; no child path is omitted from the surface matrix.,reviewed
defyxVPN,android/app/src/main/res/mipmap-anydpi-v26,6,1,0,1,328,xml,ui-or-product,,1,defyx-android,n/a,fully-accounted-fourth-order,Directory recursively resolves to 1 exact hashed surfaces across 1 reviewed module family/families; no child path is omitted from the surface matrix.,reviewed
defyxVPN,android/app/src/main/res/mipmap-hdpi,6,4,0,4,24961,unknown,media,,4,defyx-android,n/a,fully-accounted-fourth-order,Directory recursively resolves to 4 exact hashed surfaces across 1 reviewed module family/families; no child path is omitted from the surface matrix.,reviewed
defyxVPN,android/app/src/main/res/mipmap-mdpi,6,4,0,4,13480,unknown,media,,4,defyx-android,n/a,fully-accounted-fourth-order,Directory recursively resolves to 4 exact hashed surfaces across 1 reviewed module family/families; no child path is omitted from the surface matrix.,reviewed
defyxVPN,android/app/src/main/res/mipmap-xhdpi,6,4,0,4,35776,unknown,media,,4,defyx-android,n/a,fully-accounted-fourth-order,Directory recursively resolves to 4 exact hashed surfaces across 1 reviewed module family/families; no child path is omitted from the surface matrix.,reviewed
defyxVPN,android/app/src/main/res/mipmap-xxhdpi,6,4,0,4,82683,unknown,media,,4,defyx-android,n/a,fully-accounted-fourth-order,Directory recursively resolves to 4 exact hashed surfaces across 1 reviewed module family/families; no child path is omitted from the surface matrix.,reviewed
defyxVPN,android/app/src/main/res/mipmap-xxxhdpi,6,4,0,4,124992,unknown,media,,4,defyx-android,n/a,fully-accounted-fourth-order,Directory recursively resolves to 4 exact hashed surfaces across 1 reviewed module family/families; no child path is omitted from the surface matrix.,reviewed
defyxVPN,android/app/src/main/res/values,6,1,0,1,994,xml,ui-or-product,,1,defyx-android,n/a,fully-accounted-fourth-order,Directory recursively resolves to 1 exact hashed surfaces across 1 reviewed module family/families; no child path is omitted from the surface matrix.,reviewed
defyxVPN,android/app/src/profile,4,1,0,1,378,xml,ui-or-product,,1,defyx-android,n/a,fully-accounted-fourth-order,Directory recursively resolves to 1 exact hashed surfaces across 1 reviewed module family/families; no child path is omitted from the surface matrix.,reviewed
defyxVPN,android/gradle,2,0,1,1,203,properties,configuration,wrapper,1,defyx-android,n/a,fully-accounted-fourth-order,Directory recursively resolves to 1 exact hashed surfaces across 1 reviewed module family/families; no child path is omitted from the surface matrix.,reviewed
defyxVPN,android/gradle/wrapper,3,1,0,1,203,properties,configuration,,1,defyx-android,n/a,fully-accounted-fourth-order,Directory recursively resolves to 1 exact hashed surfaces across 1 reviewed module family/families; no child path is omitted from the surface matrix.,reviewed
defyxVPN,assets,1,0,6,63,2842156,json;unknown,configuration;media,flags;fonts;icons;images;lottie;settings,63,defyx-assets,n/a,fully-accounted-fourth-order,Directory recursively resolves to 63 exact hashed surfaces across 1 reviewed module family/families; no child path is omitted from the surface matrix.,reviewed
defyxVPN,assets/flags,2,33,0,33,371050,unknown,media,,33,defyx-assets,n/a,fully-accounted-fourth-order,Directory recursively resolves to 33 exact hashed surfaces across 1 reviewed module family/families; no child path is omitted from the surface matrix.,reviewed
defyxVPN,assets/fonts,2,5,0,5,365168,unknown,media,,5,defyx-assets,n/a,fully-accounted-fourth-order,Directory recursively resolves to 5 exact hashed surfaces across 1 reviewed module family/families; no child path is omitted from the surface matrix.,reviewed
defyxVPN,assets/icons,2,21,0,21,2026482,unknown,media,,21,defyx-assets,n/a,fully-accounted-fourth-order,Directory recursively resolves to 21 exact hashed surfaces across 1 reviewed module family/families; no child path is omitted from the surface matrix.,reviewed
defyxVPN,assets/images,2,2,0,2,38420,unknown,media,,2,defyx-assets,n/a,fully-accounted-fourth-order,Directory recursively resolves to 2 exact hashed surfaces across 1 reviewed module family/families; no child path is omitted from the surface matrix.,reviewed
defyxVPN,assets/lottie,2,1,0,1,38189,json,configuration,,1,defyx-assets,n/a,fully-accounted-fourth-order,Directory recursively resolves to 1 exact hashed surfaces across 1 reviewed module family/families; no child path is omitted from the surface matrix.,reviewed
defyxVPN,assets/settings,2,1,0,1,2847,json,configuration,,1,defyx-assets,n/a,fully-accounted-fourth-order,Directory recursively resolves to 1 exact hashed surfaces across 1 reviewed module family/families; no child path is omitted from the surface matrix.,reviewed
defyxVPN,ios,1,3,7,75,832210,c;json;markdown;swift;unknown,configuration;documentation;generated;implementation;media,Flutter;PacketTunnel;Runner;Runner.xcodeproj;Runner.xcworkspace;RunnerTests;build,75,defyx-ios,n/a,fully-accounted-fourth-order,Directory recursively resolves to 75 exact hashed surfaces across 1 reviewed module family/families; no child path is omitted from the surface matrix.,reviewed
defyxVPN,ios/Flutter,2,3,0,3,990,unknown,implementation,,3,defyx-ios,n/a,fully-accounted-fourth-order,Directory recursively resolves to 3 exact hashed surfaces across 1 reviewed module family/families; no child path is omitted from the surface matrix.,reviewed
defyxVPN,ios/PacketTunnel,2,3,0,3,12873,swift;unknown,implementation,,3,defyx-ios,n/a,fully-accounted-fourth-order,Directory recursively resolves to 3 exact hashed surfaces across 1 reviewed module family/families; no child path is omitted from the surface matrix.,reviewed
defyxVPN,ios/Runner,2,6,2,50,753660,c;json;markdown;swift;unknown,configuration;documentation;implementation;media,Assets.xcassets;Base.lproj,50,defyx-ios,n/a,fully-accounted-fourth-order,Directory recursively resolves to 50 exact hashed surfaces across 1 reviewed module family/families; no child path is omitted from the surface matrix.,reviewed
defyxVPN,ios/Runner.xcodeproj,2,1,2,6,56085,unknown,implementation,project.xcworkspace;xcshareddata,6,defyx-ios,n/a,fully-accounted-fourth-order,Directory recursively resolves to 6 exact hashed surfaces across 1 reviewed module family/families; no child path is omitted from the surface matrix.,reviewed
defyxVPN,ios/Runner.xcodeproj/project.xcworkspace,3,1,1,4,998,unknown,implementation,xcshareddata,4,defyx-ios,n/a,fully-accounted-fourth-order,Directory recursively resolves to 4 exact hashed surfaces across 1 reviewed module family/families; no child path is omitted from the surface matrix.,reviewed
defyxVPN,ios/Runner.xcodeproj/project.xcworkspace/xcshareddata,4,2,1,3,863,unknown,implementation,swiftpm,3,defyx-ios,n/a,fully-accounted-fourth-order,Directory recursively resolves to 3 exact hashed surfaces across 1 reviewed module family/families; no child path is omitted from the surface matrix.,reviewed
defyxVPN,ios/Runner.xcodeproj/project.xcworkspace/xcshareddata/swiftpm,5,1,0,1,399,unknown,implementation,,1,defyx-ios,n/a,fully-accounted-fourth-order,Directory recursively resolves to 1 exact hashed surfaces across 1 reviewed module family/families; no child path is omitted from the surface matrix.,reviewed
defyxVPN,ios/Runner.xcodeproj/xcshareddata,3,0,1,1,3833,unknown,implementation,xcschemes,1,defyx-ios,n/a,fully-accounted-fourth-order,Directory recursively resolves to 1 exact hashed surfaces across 1 reviewed module family/families; no child path is omitted from the surface matrix.,reviewed
defyxVPN,ios/Runner.xcodeproj/xcshareddata/xcschemes,4,1,0,1,3833,unknown,implementation,,1,defyx-ios,n/a,fully-accounted-fourth-order,Directory recursively resolves to 1 exact hashed surfaces across 1 reviewed module family/families; no child path is omitted from the surface matrix.,reviewed
defyxVPN,ios/Runner.xcworkspace,2,1,1,4,1087,unknown,implementation,xcshareddata,4,defyx-ios,n/a,fully-accounted-fourth-order,Directory recursively resolves to 4 exact hashed surfaces across 1 reviewed module family/families; no child path is omitted from the surface matrix.,reviewed
defyxVPN,ios/Runner.xcworkspace/xcshareddata,3,2,1,3,863,unknown,implementation,swiftpm,3,defyx-ios,n/a,fully-accounted-fourth-order,Directory recursively resolves to 3 exact hashed surfaces across 1 reviewed module family/families; no child path is omitted from the surface matrix.,reviewed
defyxVPN,ios/Runner.xcworkspace/xcshareddata/swiftpm,4,1,0,1,399,unknown,implementation,,1,defyx-ios,n/a,fully-accounted-fourth-order,Directory recursively resolves to 1 exact hashed surfaces across 1 reviewed module family/families; no child path is omitted from the surface matrix.,reviewed
defyxVPN,ios/Runner/Assets.xcassets,3,0,2,42,726747,json;markdown;unknown,configuration;documentation;media,AppIcon.appiconset;LaunchImage.imageset,42,defyx-ios,n/a,fully-accounted-fourth-order,Directory recursively resolves to 42 exact hashed surfaces across 1 reviewed module family/families; no child path is omitted from the surface matrix.,reviewed
defyxVPN,ios/Runner/Assets.xcassets/AppIcon.appiconset,4,37,0,37,725816,json;unknown,configuration;media,,37,defyx-ios,n/a,fully-accounted-fourth-order,Directory recursively resolves to 37 exact hashed surfaces across 1 reviewed module family/families; no child path is omitted from the surface matrix.,reviewed
defyxVPN,ios/Runner/Assets.xcassets/LaunchImage.imageset,4,5,0,5,931,json;markdown;unknown,configuration;documentation;media,,5,defyx-ios,n/a,fully-accounted-fourth-order,Directory recursively resolves to 5 exact hashed surfaces across 1 reviewed module family/families; no child path is omitted from the surface matrix.,reviewed
defyxVPN,ios/Runner/Base.lproj,3,2,0,2,3982,unknown,implementation,,2,defyx-ios,n/a,fully-accounted-fourth-order,Directory recursively resolves to 2 exact hashed surfaces across 1 reviewed module family/families; no child path is omitted from the surface matrix.,reviewed
defyxVPN,ios/RunnerTests,2,1,0,1,285,swift,implementation,,1,defyx-ios,n/a,fully-accounted-fourth-order,Directory recursively resolves to 1 exact hashed surfaces across 1 reviewed module family/families; no child path is omitted from the surface matrix.,reviewed
defyxVPN,ios/build,2,0,1,5,1317,json;unknown,generated,XCBuildData,5,defyx-ios,n/a,fully-accounted-fourth-order,Directory recursively resolves to 5 exact hashed surfaces across 1 reviewed module family/families; no child path is omitted from the surface matrix.,reviewed
defyxVPN,ios/build/XCBuildData,3,0,1,5,1317,json;unknown,generated,b422a1299732bb95a65b8b1eac6e7e86.xcbuilddata,5,defyx-ios,n/a,fully-accounted-fourth-order,Directory recursively resolves to 5 exact hashed surfaces across 1 reviewed module family/families; no child path is omitted from the surface matrix.,reviewed
defyxVPN,ios/build/XCBuildData/b422a1299732bb95a65b8b1eac6e7e86.xcbuilddata,4,5,0,5,1317,json;unknown,generated,,5,defyx-ios,n/a,fully-accounted-fourth-order,Directory recursively resolves to 5 exact hashed surfaces across 1 reviewed module family/families; no child path is omitted from the surface matrix.,reviewed
defyxVPN,lib,1,1,5,53,253361,dart,ui-or-product,app;common;core;modules;shared,53,defyx-app;defyx-core;defyx-main;defyx-root;defyx-settings;defyx-shared;defyx-splash,FO-009,fully-accounted-fourth-order,Directory recursively resolves to 53 exact hashed surfaces across 7 reviewed module family/families; no child path is omitted from the surface matrix.,reviewed
defyxVPN,lib/app,2,2,1,3,9401,dart,ui-or-product,router,3,defyx-app,n/a,fully-accounted-fourth-order,Directory recursively resolves to 3 exact hashed surfaces across 1 reviewed module family/families; no child path is omitted from the surface matrix.,reviewed
defyxVPN,lib/app/router,3,1,0,1,3638,dart,ui-or-product,,1,defyx-app,n/a,fully-accounted-fourth-order,Directory recursively resolves to 1 exact hashed surfaces across 1 reviewed module family/families; no child path is omitted from the surface matrix.,reviewed
defyxVPN,lib/common,2,0,1,3,46061,dart,ui-or-product,dtos,3,defyx-root,n/a,fully-accounted-fourth-order,Directory recursively resolves to 3 exact hashed surfaces across 1 reviewed module family/families; no child path is omitted from the surface matrix.,reviewed
defyxVPN,lib/common/dtos,3,3,0,3,46061,dart,ui-or-product,,3,defyx-root,n/a,fully-accounted-fourth-order,Directory recursively resolves to 3 exact hashed surfaces across 1 reviewed module family/families; no child path is omitted from the surface matrix.,reviewed
defyxVPN,lib/core,2,0,2,8,10009,dart,ui-or-product,data;theme,8,defyx-core,n/a,fully-accounted-fourth-order,Directory recursively resolves to 8 exact hashed surfaces across 1 reviewed module family/families; no child path is omitted from the surface matrix.,reviewed
defyxVPN,lib/core/data,3,0,1,6,4952,dart,ui-or-product,local,6,defyx-core,n/a,fully-accounted-fourth-order,Directory recursively resolves to 6 exact hashed surfaces across 1 reviewed module family/families; no child path is omitted from the surface matrix.,reviewed
defyxVPN,lib/core/data/local,4,0,2,6,4952,dart,ui-or-product,remote;secure_storage,6,defyx-core,n/a,fully-accounted-fourth-order,Directory recursively resolves to 6 exact hashed surfaces across 1 reviewed module family/families; no child path is omitted from the surface matrix.,reviewed
defyxVPN,lib/core/data/local/remote,5,0,1,2,2146,dart,ui-or-product,api,2,defyx-core,n/a,fully-accounted-fourth-order,Directory recursively resolves to 2 exact hashed surfaces across 1 reviewed module family/families; no child path is omitted from the surface matrix.,reviewed
defyxVPN,lib/core/data/local/remote/api,6,2,0,2,2146,dart,ui-or-product,,2,defyx-core,n/a,fully-accounted-fourth-order,Directory recursively resolves to 2 exact hashed surfaces across 1 reviewed module family/families; no child path is omitted from the surface matrix.,reviewed
defyxVPN,lib/core/data/local/secure_storage,5,4,0,4,2806,dart,ui-or-product,,4,defyx-core,n/a,fully-accounted-fourth-order,Directory recursively resolves to 4 exact hashed surfaces across 1 reviewed module family/families; no child path is omitted from the surface matrix.,reviewed
defyxVPN,lib/core/theme,3,2,0,2,5057,dart,ui-or-product,,2,defyx-core,n/a,fully-accounted-fourth-order,Directory recursively resolves to 2 exact hashed surfaces across 1 reviewed module family/families; no child path is omitted from the surface matrix.,reviewed
defyxVPN,lib/modules,2,0,4,32,177715,dart,ui-or-product,core;main;settings;splash,32,defyx-main;defyx-root;defyx-settings;defyx-splash,FO-009,fully-accounted-fourth-order,Directory recursively resolves to 32 exact hashed surfaces across 4 reviewed module family/families; no child path is omitted from the surface matrix.,reviewed
defyxVPN,lib/modules/core,3,4,0,4,11879,dart,ui-or-product,,4,defyx-root,n/a,fully-accounted-fourth-order,Directory recursively resolves to 4 exact hashed surfaces across 1 reviewed module family/families; no child path is omitted from the surface matrix.,reviewed
defyxVPN,lib/modules/main,3,0,2,21,136779,dart,ui-or-product,application;presentation,21,defyx-main,FO-009,fully-accounted-fourth-order,Directory recursively resolves to 21 exact hashed surfaces across 1 reviewed module family/families; no child path is omitted from the surface matrix.,reviewed
defyxVPN,lib/modules/main/application,4,2,0,2,3586,dart,ui-or-product,,2,defyx-main,n/a,fully-accounted-fourth-order,Directory recursively resolves to 2 exact hashed surfaces across 1 reviewed module family/families; no child path is omitted from the surface matrix.,reviewed
defyxVPN,lib/modules/main/presentation,4,0,2,19,133193,dart,ui-or-product,screens;widgets,19,defyx-main,FO-009,fully-accounted-fourth-order,Directory recursively resolves to 19 exact hashed surfaces across 1 reviewed module family/families; no child path is omitted from the surface matrix.,reviewed
defyxVPN,lib/modules/main/presentation/screens,5,1,0,1,10353,dart,ui-or-product,,1,defyx-main,n/a,fully-accounted-fourth-order,Directory recursively resolves to 1 exact hashed surfaces across 1 reviewed module family/families; no child path is omitted from the surface matrix.,reviewed
defyxVPN,lib/modules/main/presentation/widgets,5,18,0,18,122840,dart,ui-or-product,,18,defyx-main,FO-009,fully-accounted-fourth-order,Directory recursively resolves to 18 exact hashed surfaces across 1 reviewed module family/families; no child path is omitted from the surface matrix.,reviewed
defyxVPN,lib/modules/settings,3,0,3,6,26006,dart,ui-or-product,models;presentation;providers,6,defyx-settings,n/a,fully-accounted-fourth-order,Directory recursively resolves to 6 exact hashed surfaces across 1 reviewed module family/families; no child path is omitted from the surface matrix.,reviewed
defyxVPN,lib/modules/settings/models,4,2,0,2,2458,dart,ui-or-product,,2,defyx-settings,n/a,fully-accounted-fourth-order,Directory recursively resolves to 2 exact hashed surfaces across 1 reviewed module family/families; no child path is omitted from the surface matrix.,reviewed
defyxVPN,lib/modules/settings/presentation,4,0,2,3,16024,dart,ui-or-product,screens;widgets,3,defyx-settings,n/a,fully-accounted-fourth-order,Directory recursively resolves to 3 exact hashed surfaces across 1 reviewed module family/families; no child path is omitted from the surface matrix.,reviewed
defyxVPN,lib/modules/settings/presentation/screens,5,1,0,1,3646,dart,ui-or-product,,1,defyx-settings,n/a,fully-accounted-fourth-order,Directory recursively resolves to 1 exact hashed surfaces across 1 reviewed module family/families; no child path is omitted from the surface matrix.,reviewed
defyxVPN,lib/modules/settings/presentation/widgets,5,2,0,2,12378,dart,ui-or-product,,2,defyx-settings,n/a,fully-accounted-fourth-order,Directory recursively resolves to 2 exact hashed surfaces across 1 reviewed module family/families; no child path is omitted from the surface matrix.,reviewed
defyxVPN,lib/modules/settings/providers,4,1,0,1,7524,dart,ui-or-product,,1,defyx-settings,n/a,fully-accounted-fourth-order,Directory recursively resolves to 1 exact hashed surfaces across 1 reviewed module family/families; no child path is omitted from the surface matrix.,reviewed
defyxVPN,lib/modules/splash,3,0,1,1,3051,dart,ui-or-product,presentation,1,defyx-splash,n/a,fully-accounted-fourth-order,Directory recursively resolves to 1 exact hashed surfaces across 1 reviewed module family/families; no child path is omitted from the surface matrix.,reviewed
defyxVPN,lib/modules/splash/presentation,4,1,0,1,3051,dart,ui-or-product,,1,defyx-splash,n/a,fully-accounted-fourth-order,Directory recursively resolves to 1 exact hashed surfaces across 1 reviewed module family/families; no child path is omitted from the surface matrix.,reviewed
defyxVPN,lib/shared,2,1,2,6,9760,dart,ui-or-product,providers;widgets,6,defyx-shared,n/a,fully-accounted-fourth-order,Directory recursively resolves to 6 exact hashed surfaces across 1 reviewed module family/families; no child path is omitted from the surface matrix.,reviewed
defyxVPN,lib/shared/providers,3,4,0,4,8508,dart,ui-or-product,,4,defyx-shared,n/a,fully-accounted-fourth-order,Directory recursively resolves to 4 exact hashed surfaces across 1 reviewed module family/families; no child path is omitted from the surface matrix.,reviewed
defyxVPN,lib/shared/widgets,3,1,0,1,852,dart,ui-or-product,,1,defyx-shared,n/a,fully-accounted-fourth-order,Directory recursively resolves to 1 exact hashed surfaces across 1 reviewed module family/families; no child path is omitted from the surface matrix.,reviewed
defyxVPN,linux,1,2,2,10,16059,c;cpp;unknown,implementation,flutter;runner,10,defyx-linux,n/a,fully-accounted-fourth-order,Directory recursively resolves to 10 exact hashed surfaces across 1 reviewed module family/families; no child path is omitted from the surface matrix.,reviewed
defyxVPN,linux/flutter,2,4,0,4,4990,c;cpp;unknown,implementation,,4,defyx-linux,n/a,fully-accounted-fourth-order,Directory recursively resolves to 4 exact hashed surfaces across 1 reviewed module family/families; no child path is omitted from the surface matrix.,reviewed
defyxVPN,linux/runner,2,4,0,4,6294,c;cpp;unknown,implementation,,4,defyx-linux,n/a,fully-accounted-fourth-order,Directory recursively resolves to 4 exact hashed surfaces across 1 reviewed module family/families; no child path is omitted from the surface matrix.,reviewed
defyxVPN,macos,1,3,5,30,234827,json;swift;unknown,configuration;implementation;media,Flutter;Runner;Runner.xcodeproj;Runner.xcworkspace;RunnerTests,30,defyx-macos,n/a,fully-accounted-fourth-order,Directory recursively resolves to 30 exact hashed surfaces across 1 reviewed module family/families; no child path is omitted from the surface matrix.,reviewed
defyxVPN,macos/Flutter,2,3,0,3,1408,swift;unknown,implementation,,3,defyx-macos,n/a,fully-accounted-fourth-order,Directory recursively resolves to 3 exact hashed surfaces across 1 reviewed module family/families; no child path is omitted from the surface matrix.,reviewed
defyxVPN,macos/Runner,2,5,3,18,191737,json;swift;unknown,configuration;implementation;media,Assets.xcassets;Base.lproj;Configs,18,defyx-macos,n/a,fully-accounted-fourth-order,Directory recursively resolves to 18 exact hashed surfaces across 1 reviewed module family/families; no child path is omitted from the surface matrix.,reviewed
defyxVPN,macos/Runner.xcodeproj,2,1,2,3,36827,unknown,implementation,project.xcworkspace;xcshareddata,3,defyx-macos,n/a,fully-accounted-fourth-order,Directory recursively resolves to 3 exact hashed surfaces across 1 reviewed module family/families; no child path is omitted from the surface matrix.,reviewed
defyxVPN,macos/Runner.xcodeproj/project.xcworkspace,3,0,1,1,238,unknown,implementation,xcshareddata,1,defyx-macos,n/a,fully-accounted-fourth-order,Directory recursively resolves to 1 exact hashed surfaces across 1 reviewed module family/families; no child path is omitted from the surface matrix.,reviewed
defyxVPN,macos/Runner.xcodeproj/project.xcworkspace/xcshareddata,4,1,0,1,238,unknown,implementation,,1,defyx-macos,n/a,fully-accounted-fourth-order,Directory recursively resolves to 1 exact hashed surfaces across 1 reviewed module family/families; no child path is omitted from the surface matrix.,reviewed
defyxVPN,macos/Runner.xcodeproj/xcshareddata,3,0,1,1,3695,unknown,implementation,xcschemes,1,defyx-macos,n/a,fully-accounted-fourth-order,Directory recursively resolves to 1 exact hashed surfaces across 1 reviewed module family/families; no child path is omitted from the surface matrix.,reviewed
defyxVPN,macos/Runner.xcodeproj/xcshareddata/xcschemes,4,1,0,1,3695,unknown,implementation,,1,defyx-macos,n/a,fully-accounted-fourth-order,Directory recursively resolves to 1 exact hashed surfaces across 1 reviewed module family/families; no child path is omitted from the surface matrix.,reviewed
defyxVPN,macos/Runner.xcworkspace,2,1,1,2,462,unknown,implementation,xcshareddata,2,defyx-macos,n/a,fully-accounted-fourth-order,Directory recursively resolves to 2 exact hashed surfaces across 1 reviewed module family/families; no child path is omitted from the surface matrix.,reviewed
defyxVPN,macos/Runner.xcworkspace/xcshareddata,3,1,0,1,238,unknown,implementation,,1,defyx-macos,n/a,fully-accounted-fourth-order,Directory recursively resolves to 1 exact hashed surfaces across 1 reviewed module family/families; no child path is omitted from the surface matrix.,reviewed
defyxVPN,macos/Runner/Assets.xcassets,3,0,1,8,164317,json;unknown,configuration;media,AppIcon.appiconset,8,defyx-macos,n/a,fully-accounted-fourth-order,Directory recursively resolves to 8 exact hashed surfaces across 1 reviewed module family/families; no child path is omitted from the surface matrix.,reviewed
defyxVPN,macos/Runner/Assets.xcassets/AppIcon.appiconset,4,8,0,8,164317,json;unknown,configuration;media,,8,defyx-macos,n/a,fully-accounted-fourth-order,Directory recursively resolves to 8 exact hashed surfaces across 1 reviewed module family/families; no child path is omitted from the surface matrix.,reviewed
defyxVPN,macos/Runner/Base.lproj,3,1,0,1,23729,unknown,implementation,,1,defyx-macos,n/a,fully-accounted-fourth-order,Directory recursively resolves to 1 exact hashed surfaces across 1 reviewed module family/families; no child path is omitted from the surface matrix.,reviewed
defyxVPN,macos/Runner/Configs,3,4,0,4,1344,unknown,implementation,,4,defyx-macos,n/a,fully-accounted-fourth-order,Directory recursively resolves to 4 exact hashed surfaces across 1 reviewed module family/families; no child path is omitted from the surface matrix.,reviewed
defyxVPN,macos/RunnerTests,2,1,0,1,290,swift,implementation,,1,defyx-macos,n/a,fully-accounted-fourth-order,Directory recursively resolves to 1 exact hashed surfaces across 1 reviewed module family/families; no child path is omitted from the surface matrix.,reviewed
defyxVPN,scripts,1,1,0,1,8954,shell,script,,1,defyx-root,n/a,fully-accounted-fourth-order,Directory recursively resolves to 1 exact hashed surfaces across 1 reviewed module family/families; no child path is omitted from the surface matrix.,reviewed
defyxVPN,test,1,1,0,1,975,dart,test-or-fixture,,1,defyx-root,n/a,fully-accounted-fourth-order,Directory recursively resolves to 1 exact hashed surfaces across 1 reviewed module family/families; no child path is omitted from the surface matrix.,reviewed
defyxVPN,web,1,3,1,7,43183,html;json;unknown,media;ui-or-product,icons,7,defyx-web,n/a,fully-accounted-fourth-order,Directory recursively resolves to 7 exact hashed surfaces across 1 reviewed module family/families; no child path is omitted from the surface matrix.,reviewed
defyxVPN,web/icons,2,4,0,4,40136,unknown,media,,4,defyx-web,n/a,fully-accounted-fourth-order,Directory recursively resolves to 4 exact hashed surfaces across 1 reviewed module family/families; no child path is omitted from the surface matrix.,reviewed
defyxVPN,windows,1,2,2,18,68499,c;cpp;unknown,implementation;media,flutter;runner,18,defyx-windows,n/a,fully-accounted-fourth-order,Directory recursively resolves to 18 exact hashed surfaces across 1 reviewed module family/families; no child path is omitted from the surface matrix.,reviewed
defyxVPN,windows/flutter,2,4,0,4,5582,c;cpp;unknown,implementation,,4,defyx-windows,n/a,fully-accounted-fourth-order,Directory recursively resolves to 4 exact hashed surfaces across 1 reviewed module family/families; no child path is omitted from the surface matrix.,reviewed
defyxVPN,windows/runner,2,11,1,12,58472,c;cpp;unknown,implementation;media,resources,12,defyx-windows,n/a,fully-accounted-fourth-order,Directory recursively resolves to 12 exact hashed surfaces across 1 reviewed module family/families; no child path is omitted from the surface matrix.,reviewed
defyxVPN,windows/runner/resources,3,1,0,1,33772,unknown,media,,1,defyx-windows,n/a,fully-accounted-fourth-order,Directory recursively resolves to 1 exact hashed surfaces across 1 reviewed module family/families; no child path is omitted from the surface matrix.,reviewed
goida-vpn-configs,.,0,3,4,74,137859630,json;markdown;python;unknown;yaml,configuration;documentation;governance;implementation;media;repository-administration,.github;githubmirror;qr-codes;source,74,configs-ci;configs-corpus;configs-network;configs-parser;configs-qr;configs-root;configs-source-catalog;configs-tooling,FO-003;FO-008,fully-accounted-fourth-order,Directory recursively resolves to 74 exact hashed surfaces across 8 reviewed module family/families; no child path is omitted from the surface matrix.,reviewed
goida-vpn-configs,.github,1,0,1,2,2016,yaml,repository-administration,workflows,2,configs-ci,n/a,fully-accounted-fourth-order,Directory recursively resolves to 2 exact hashed surfaces across 1 reviewed module family/families; no child path is omitted from the surface matrix.,reviewed
goida-vpn-configs,.github/workflows,2,2,0,2,2016,yaml,repository-administration,,2,configs-ci,n/a,fully-accounted-fourth-order,Directory recursively resolves to 2 exact hashed surfaces across 1 reviewed module family/families; no child path is omitted from the surface matrix.,reviewed
goida-vpn-configs,githubmirror,1,26,0,26,137611952,unknown,implementation,,26,configs-corpus,n/a,fully-accounted-fourth-order,Directory recursively resolves to 26 exact hashed surfaces across 1 reviewed module family/families; no child path is omitted from the surface matrix.,reviewed
goida-vpn-configs,qr-codes,1,26,0,26,64143,unknown,media,,26,configs-qr,n/a,fully-accounted-fourth-order,Directory recursively resolves to 26 exact hashed surfaces across 1 reviewed module family/families; no child path is omitted from the surface matrix.,reviewed
goida-vpn-configs,source,1,4,2,17,101021,json;python;unknown,configuration;governance;implementation,config;src,17,configs-network;configs-parser;configs-root;configs-source-catalog;configs-tooling,FO-003;FO-008,fully-accounted-fourth-order,Directory recursively resolves to 17 exact hashed surfaces across 5 reviewed module family/families; no child path is omitted from the surface matrix.,reviewed
goida-vpn-configs,source/config,2,3,0,3,26697,json,configuration,,3,configs-source-catalog,FO-003,fully-accounted-fourth-order,Directory recursively resolves to 3 exact hashed surfaces across 1 reviewed module family/families; no child path is omitted from the surface matrix.,reviewed
goida-vpn-configs,source/src,2,10,0,10,35125,python,implementation,,10,configs-network;configs-parser;configs-tooling,FO-008,fully-accounted-fourth-order,Directory recursively resolves to 10 exact hashed surfaces across 3 reviewed module family/families; no child path is omitted from the surface matrix.,reviewed
goida-vpn-site,.,0,3,2,69,1203553,css;html;javascript;json;markdown;python;unknown;yaml,configuration;documentation;governance;implementation;media;repository-administration;ui-or-product,.github;source,69,site-app;site-build;site-i18n;site-js;site-root;site-routes;site-services;site-static;site-templates,FO-005,fully-accounted-fourth-order,Directory recursively resolves to 69 exact hashed surfaces across 9 reviewed module family/families; no child path is omitted from the surface matrix.,reviewed
goida-vpn-site,.github,1,0,1,1,2802,yaml,repository-administration,workflows,1,site-root,n/a,fully-accounted-fourth-order,Directory recursively resolves to 1 exact hashed surfaces across 1 reviewed module family/families; no child path is omitted from the surface matrix.,reviewed
goida-vpn-site,.github/workflows,2,1,0,1,2802,yaml,repository-administration,,1,site-root,n/a,fully-accounted-fourth-order,Directory recursively resolves to 1 exact hashed surfaces across 1 reviewed module family/families; no child path is omitted from the surface matrix.,reviewed
goida-vpn-site,source,1,5,1,65,1152067,css;html;javascript;json;python;unknown,configuration;implementation;media;ui-or-product,app,65,site-app;site-build;site-i18n;site-js;site-routes;site-services;site-static;site-templates,FO-005,fully-accounted-fourth-order,Directory recursively resolves to 65 exact hashed surfaces across 8 reviewed module family/families; no child path is omitted from the surface matrix.,reviewed
goida-vpn-site,source/app,2,3,4,60,1137095,css;html;javascript;json;python;unknown,media;ui-or-product,routes;services;static;templates,60,site-app;site-i18n;site-js;site-routes;site-services;site-static;site-templates,FO-005,fully-accounted-fourth-order,Directory recursively resolves to 60 exact hashed surfaces across 7 reviewed module family/families; no child path is omitted from the surface matrix.,reviewed
goida-vpn-site,source/app/routes,3,3,0,3,5306,python,ui-or-product,,3,site-routes,n/a,fully-accounted-fourth-order,Directory recursively resolves to 3 exact hashed surfaces across 1 reviewed module family/families; no child path is omitted from the surface matrix.,reviewed
goida-vpn-site,source/app/services,3,3,0,3,20814,python,ui-or-product,,3,site-services,FO-005,fully-accounted-fourth-order,Directory recursively resolves to 3 exact hashed surfaces across 1 reviewed module family/families; no child path is omitted from the surface matrix.,reviewed
goida-vpn-site,source/app/static,3,3,6,41,887150,css;javascript;json;unknown,media;ui-or-product,css;i18n;images;js;media;qr-codes,41,site-i18n;site-js;site-static,n/a,fully-accounted-fourth-order,Directory recursively resolves to 41 exact hashed surfaces across 3 reviewed module family/families; no child path is omitted from the surface matrix.,reviewed
goida-vpn-site,source/app/static/css,4,1,0,1,74057,css,ui-or-product,,1,site-static,n/a,fully-accounted-fourth-order,Directory recursively resolves to 1 exact hashed surfaces across 1 reviewed module family/families; no child path is omitted from the surface matrix.,reviewed
goida-vpn-site,source/app/static/i18n,4,1,0,1,130518,json,ui-or-product,,1,site-i18n,n/a,fully-accounted-fourth-order,Directory recursively resolves to 1 exact hashed surfaces across 1 reviewed module family/families; no child path is omitted from the surface matrix.,reviewed
goida-vpn-site,source/app/static/images,4,1,0,1,62549,unknown,media,,1,site-static,n/a,fully-accounted-fourth-order,Directory recursively resolves to 1 exact hashed surfaces across 1 reviewed module family/families; no child path is omitted from the surface matrix.,reviewed
goida-vpn-site,source/app/static/js,4,4,0,4,34095,javascript,ui-or-product,,4,site-js,n/a,fully-accounted-fourth-order,Directory recursively resolves to 4 exact hashed surfaces across 1 reviewed module family/families; no child path is omitted from the surface matrix.,reviewed
goida-vpn-site,source/app/static/media,4,5,0,5,480341,unknown,media,,5,site-static,n/a,fully-accounted-fourth-order,Directory recursively resolves to 5 exact hashed surfaces across 1 reviewed module family/families; no child path is omitted from the surface matrix.,reviewed
goida-vpn-site,source/app/static/qr-codes,4,26,0,26,64143,unknown,media,,26,site-static,n/a,fully-accounted-fourth-order,Directory recursively resolves to 26 exact hashed surfaces across 1 reviewed module family/families; no child path is omitted from the surface matrix.,reviewed
goida-vpn-site,source/app/templates,3,2,1,10,214195,html,ui-or-product,components,10,site-templates,n/a,fully-accounted-fourth-order,Directory recursively resolves to 10 exact hashed surfaces across 1 reviewed module family/families; no child path is omitted from the surface matrix.,reviewed
goida-vpn-site,source/app/templates/components,4,8,0,8,144836,html,ui-or-product,,8,site-templates,n/a,fully-accounted-fourth-order,Directory recursively resolves to 8 exact hashed surfaces across 1 reviewed module family/families; no child path is omitted from the surface matrix.,reviewed
