donor,path,sha256,size_bytes,type,file_type,language,classification,authority_status,symlink_target,semantic_record_ids,surface_disposition,surface_rationale,notes
mhurl-main,.github/workflows/go.yml,684302c7e241e24cd71464eb0a8215304449eb790a4ddac39047ac842942840d,1194,file,file,yaml,repository-administration,derived,,BASE01,reference-only,Supporting/package/admin/media/fixture leaf is explicitly retained in donor accountability; no independent target mechanism is justified beyond its donor/context record.,Explicit supporting leaf; base donor evidence only.
mhurl-main,.gitignore,97073bbbb95844ebad5210ce13888e3988e5d5b9b279606bc6ae8bed83db2d5c,524,file,file,other,repository-administration,derived,,BASE01,reference-only,Supporting/package/admin/media/fixture leaf is explicitly retained in donor accountability; no independent target mechanism is justified beyond its donor/context record.,Explicit supporting leaf; base donor evidence only.
mhurl-main,LICENSE,22975ebe413674bc619428a26e53412013dccffa69e2f27100dbd8d946fde287,1452,file,file,other,governance,descriptive,,BASE01,reference-only,Supporting/package/admin/media/fixture leaf is explicitly retained in donor accountability; no independent target mechanism is justified beyond its donor/context record.,Explicit supporting leaf; base donor evidence only.
mhurl-main,README.md,33b96e36423860ed8def900ce8a518f2b4649c0ca5c7050b183582bc9661310c,490,file,file,markdown,documentation,descriptive,,BASE01,reference-only,Supporting/package/admin/media/fixture leaf is explicitly retained in donor accountability; no independent target mechanism is justified beyond its donor/context record.,Explicit supporting leaf; base donor evidence only.
mhurl-main,go.mod,754ccfe17992597c700d3fc2324301a0526e3bc2f6d6fa11a4fb53d6c124c20a,44,file,file,other,configuration,authoritative,,BASE01,reference-only,Supporting/package/admin/media/fixture leaf is explicitly retained in donor accountability; no independent target mechanism is justified beyond its donor/context record.,Explicit supporting leaf; base donor evidence only.
mhurl-main,url.go,71a51f55c3cbe6c94a375146f2999ecb9b7e28fbb738a6974e774b6f5352ab35,24663,file,file,go,implementation,authoritative,,BASE01;MHURL001;MHURL002,guardrail-derived,Comma-separated URL authority conflicts with LumiNet typed endpoint ownership; preserve interoperability by rejecting ambiguity rather than forking URL syntax.,Focused semantic link(s) plus base accountability.
mhurl-main,url_test.go,f6d3e9c0a91d3c6f77bed0260f1108ba9d7bb75c548aef87777388ab3f5a921c,2225,file,file,go,test,derived,,BASE01;MHURL001;MHURL002,guardrail-derived,Comma-separated URL authority conflicts with LumiNet typed endpoint ownership; preserve interoperability by rejecting ambiguity rather than forking URL syntax.,Focused semantic link(s) plus base accountability.
Iran-configs-main,.gitignore,48b33f9f89ef24f8a66f461ea9278e7ecf21b4660c26088989d231e53c578724,4688,file,file,other,repository-administration,derived,,BASE02,reference-only,Supporting/package/admin/media/fixture leaf is explicitly retained in donor accountability; no independent target mechanism is justified beyond its donor/context record.,Explicit supporting leaf; base donor evidence only.
Iran-configs-main,README.md,babdd9217450da9ad5b7141dda24fd0194979ac1c7aea9fa4d7204ee8e938096,479,file,file,markdown,documentation,descriptive,,BASE02;IRCFG002,rejected-with-reason,"Repository content is an ephemeral service feed, not a safe durable product dependency.",Focused semantic link(s) plus base accountability.
Iran-configs-main,ir_configs.txt,17fcbd7d250b7ec2bda2ee7e35a3b23ef1e0adde12675ae2f853fb2a6fe745ac,55764,file,file,other,fixture,derived,,BASE02;IRCFG001,extracted,Live account endpoints are volatile and credential-bearing; convert protocol diversity into synthetic credential-free regression fixtures instead of copying accounts.,Focused semantic link(s) plus base accountability.
Iran-v2ray-rules-main,.github/workflows/findredundant.yml,3c7183543ddd640c78f9a05d6fcf3f994dd8c4f25914a5dbf2cf821f2aaedbe1,2302,file,file,yaml,repository-administration,derived,,BASE03,reference-only,Supporting/package/admin/media/fixture leaf is explicitly retained in donor accountability; no independent target mechanism is justified beyond its donor/context record.,Explicit supporting leaf; base donor evidence only.
Iran-v2ray-rules-main,.github/workflows/get-geolite2.yml,6bdc486f6a558be86fb78a791f9f56af6c75be96028ab63e235db0badeb76c16,2002,file,file,yaml,repository-administration,derived,,BASE03,reference-only,Supporting/package/admin/media/fixture leaf is explicitly retained in donor accountability; no independent target mechanism is justified beyond its donor/context record.,Explicit supporting leaf; base donor evidence only.
Iran-v2ray-rules-main,.github/workflows/get-ip2location.yml,5dca948226a2c915137cb4c8f415447a36d2968bde8cf423f7a0dff99d3e8fa7,1954,file,file,yaml,repository-administration,derived,,BASE03,reference-only,Supporting/package/admin/media/fixture leaf is explicitly retained in donor accountability; no independent target mechanism is justified beyond its donor/context record.,Explicit supporting leaf; base donor evidence only.
Iran-v2ray-rules-main,.github/workflows/release.yml,a1f586afb7dce55ff8993d87df3ea02d1dc35f6b7017b6462400aafdd14af5da,9228,file,file,yaml,repository-administration,derived,,BASE03,reference-only,Supporting/package/admin/media/fixture leaf is explicitly retained in donor accountability; no independent target mechanism is justified beyond its donor/context record.,Explicit supporting leaf; base donor evidence only.
Iran-v2ray-rules-main,LICENSE,3972dc9744f6499f0f9b2dbf76696f2ae7ad8af9b23dde66d6af86c9dfb36986,35149,file,file,other,governance,descriptive,,BASE03,reference-only,Supporting/package/admin/media/fixture leaf is explicitly retained in donor accountability; no independent target mechanism is justified beyond its donor/context record.,Explicit supporting leaf; base donor evidence only.
Iran-v2ray-rules-main,README.fa.md,821367a45f358a8dd7b7529a4bd06b4984eaea6a668c87e42cb9da430ae1471c,34131,file,file,markdown,documentation,descriptive,,BASE03,reference-only,Supporting/package/admin/media/fixture leaf is explicitly retained in donor accountability; no independent target mechanism is justified beyond its donor/context record.,Explicit supporting leaf; base donor evidence only.
Iran-v2ray-rules-main,README.md,2a9546db93f9590b9e6ebe31fbb8301aaeaeece3259cd52655e61719ea1440fe,26496,file,file,markdown,documentation,descriptive,,BASE03,reference-only,Supporting/package/admin/media/fixture leaf is explicitly retained in donor accountability; no independent target mechanism is justified beyond its donor/context record.,Explicit supporting leaf; base donor evidence only.
Iran-v2ray-rules-main,assets/geoip-jsdelivr.png,f971ef783c7f4325bdbbb3f100a0527c409179d2498a4619f735daf279d4ea61,984,file,file,other,media,derived,,BASE03;IRRULE003,rejected-with-reason,Rapidly aging external data would create misleading routing/blocking authority if embedded.,Focused semantic link(s) plus base accountability.
Iran-v2ray-rules-main,assets/geoip-lite-jsdelivr.png,71495cffbaf2a1caa6acb4ab852564dbe65301701eacd9592f55e57ffae5e125,987,file,file,other,media,derived,,BASE03;IRRULE003,rejected-with-reason,Rapidly aging external data would create misleading routing/blocking authority if embedded.,Focused semantic link(s) plus base accountability.
Iran-v2ray-rules-main,assets/geoip-lite.png,2241d5a4e7fdc7614871766239bacaae6120067b3c8aef20dca530efa2ff1c17,1150,file,file,other,media,derived,,BASE03;IRRULE003,rejected-with-reason,Rapidly aging external data would create misleading routing/blocking authority if embedded.,Focused semantic link(s) plus base accountability.
Iran-v2ray-rules-main,assets/geoip.png,e8eb5a46b506e0106a3371aa00c32ab1b9d444d4dac7b72bb3f84077657e189a,956,file,file,other,media,derived,,BASE03;IRRULE003,rejected-with-reason,Rapidly aging external data would create misleading routing/blocking authority if embedded.,Focused semantic link(s) plus base accountability.
Iran-v2ray-rules-main,assets/geosite-jsdelivr.png,f1c4d74bbef2f2a1c1508eae35ac8cfdbeef6301017cec60369cb53855a55e3b,981,file,file,other,media,derived,,BASE03;IRRULE003,rejected-with-reason,Rapidly aging external data would create misleading routing/blocking authority if embedded.,Focused semantic link(s) plus base accountability.
Iran-v2ray-rules-main,assets/geosite-lite-jsdelivr.png,3279afb53c342ebe06fbefc79f90eb4ec7fec58e5e17ede20e975ba74298f019,991,file,file,other,media,derived,,BASE03;IRRULE003,rejected-with-reason,Rapidly aging external data would create misleading routing/blocking authority if embedded.,Focused semantic link(s) plus base accountability.
Iran-v2ray-rules-main,assets/geosite-lite.png,dab4cdf80dbf0f3fbdbe02a13a34ef04c290f2f97a1609458116d42a6b242697,1133,file,file,other,media,derived,,BASE03;IRRULE003,rejected-with-reason,Rapidly aging external data would create misleading routing/blocking authority if embedded.,Focused semantic link(s) plus base accountability.
Iran-v2ray-rules-main,assets/geosite.png,b7f48b3c39135d7d9357fcd01e9fe724aa1e191d30bd447ac620c3c49aea8395,939,file,file,other,media,derived,,BASE03;IRRULE003,rejected-with-reason,Rapidly aging external data would create misleading routing/blocking authority if embedded.,Focused semantic link(s) plus base accountability.
Iran-v2ray-rules-main,assets/logo-black.png,acc48e980aefab0eb2f521fb5927d14bc6878f52b00b6c7b21e482232410aa28,20635,file,file,other,media,derived,,BASE03;IRRULE003,rejected-with-reason,Rapidly aging external data would create misleading routing/blocking authority if embedded.,Focused semantic link(s) plus base accountability.
Iran-v2ray-rules-main,assets/logo-white.png,cfc3f2d5d2d72e0c6b7580687e7522523f895bf0308c3ee3c3f0423e4a09b01c,20985,file,file,other,media,derived,,BASE03;IRRULE003,rejected-with-reason,Rapidly aging external data would create misleading routing/blocking authority if embedded.,Focused semantic link(s) plus base accountability.
Iran-v2ray-rules-main,assets/security-ip-jsdelivr.png,b68f7dcad8a8542da45962086765d6bbf77ad9bc6462034cb358f1ffd1e165fd,945,file,file,other,media,derived,,BASE03;IRRULE003,rejected-with-reason,Rapidly aging external data would create misleading routing/blocking authority if embedded.,Focused semantic link(s) plus base accountability.
Iran-v2ray-rules-main,assets/security-ip.png,80e04d613eef385ecb0cd29a9d0db3d6d1b1c702d313b558da91caf676cb702f,1152,file,file,other,media,derived,,BASE03;IRRULE003,rejected-with-reason,Rapidly aging external data would create misleading routing/blocking authority if embedded.,Focused semantic link(s) plus base accountability.
Iran-v2ray-rules-main,assets/security-jsdelivr.png,c28976ff6f8321cb0bfac3b13f5a5c7bcbf1b5a02d9d709392280f4621271ecb,1017,file,file,other,media,derived,,BASE03;IRRULE003,rejected-with-reason,Rapidly aging external data would create misleading routing/blocking authority if embedded.,Focused semantic link(s) plus base accountability.
Iran-v2ray-rules-main,assets/security.png,dbb638be411ccba759a975f30e9457908b3f9fe8ce5cb6e361fbdeba6425de29,924,file,file,other,media,derived,,BASE03;IRRULE003,rejected-with-reason,Rapidly aging external data would create misleading routing/blocking authority if embedded.,Focused semantic link(s) plus base accountability.
Iran-v2ray-rules-main,config.json,fbd275412cf550b5b688291b341ef7c09ea7ce2fc723a486e5c1913a09f8cb69,12637,file,file,json,configuration,authoritative,,BASE03;IRRULE004,reference-only,Generator configuration is useful provenance/build evidence but does not become runtime routing authority.,Focused semantic link(s) plus base accountability.
Iran-v2ray-rules-main,scripts/generate-ad-domains.sh,e5e409d2e2d5dd1ff4d01f97ca9b2a9c4f7ea83c5e5a3759649e84677a7c14f3,2725,file,file,shell,script,authoritative,,BASE03;IRRULE001;IRRULE004,inspired-native,Generation/provenance and normalized category semantics are durable; mutable external lists are not.,Focused semantic link(s) plus base accountability.
Iran-v2ray-rules-main,scripts/generate-cryptominer-domains.sh,31522014560c9496b2e3647cfc596da489cdd4db728fa9e22f024789908b177f,768,file,file,shell,script,authoritative,,BASE03;IRRULE001;IRRULE004,inspired-native,Generation/provenance and normalized category semantics are durable; mutable external lists are not.,Focused semantic link(s) plus base accountability.
Iran-v2ray-rules-main,scripts/generate-domestic-cdn-ips.sh,f196c9addf57cac56ae9a2b7654cc633f75065bbaacaca0ad47965b76768342c,1369,file,file,shell,script,authoritative,,BASE03;IRRULE001;IRRULE004,inspired-native,Generation/provenance and normalized category semantics are durable; mutable external lists are not.,Focused semantic link(s) plus base accountability.
Iran-v2ray-rules-main,scripts/generate-ir-domains.sh,8a744ebff251085c12f37f2ed9ec1a7ae3b3d75d7aa2607ee4f07289c2d7226b,277,file,file,shell,script,authoritative,,BASE03;IRRULE001;IRRULE004,inspired-native,Generation/provenance and normalized category semantics are durable; mutable external lists are not.,Focused semantic link(s) plus base accountability.
Iran-v2ray-rules-main,scripts/generate-malware-domains-ips.sh,ac911280f4262cbb8518968aa31a30ed7c9b74e6ef411423a905eab1062f8365,1167,file,file,shell,script,authoritative,,BASE03;IRRULE001;IRRULE004,inspired-native,Generation/provenance and normalized category semantics are durable; mutable external lists are not.,Focused semantic link(s) plus base accountability.
Iran-v2ray-rules-main,scripts/generate-nsfw-domains.sh,63cd9c97deb230e3609fdb1349ad778b496d78bfcce46d5b78d9b5c0942a148c,779,file,file,shell,script,authoritative,,BASE03;IRRULE001;IRRULE004,inspired-native,Generation/provenance and normalized category semantics are durable; mutable external lists are not.,Focused semantic link(s) plus base accountability.
Iran-v2ray-rules-main,scripts/generate-phishing-domains-ips.sh,8dfd87dd045e6d996d3011431598c11430039a42c7c81dac8e7e74da4f41402f,1191,file,file,shell,script,authoritative,,BASE03;IRRULE001;IRRULE004,inspired-native,Generation/provenance and normalized category semantics are durable; mutable external lists are not.,Focused semantic link(s) plus base accountability.
Iran-v2ray-rules-main,scripts/generate-sanctioned-domains.sh,091ef41a8bf1202ea50f56c7736612bd7f886c97d78a6085a938dbc1bfa29e78,1080,file,file,shell,script,authoritative,,BASE03;IRRULE001;IRRULE004,inspired-native,Generation/provenance and normalized category semantics are durable; mutable external lists are not.,Focused semantic link(s) plus base accountability.
Iran-v2ray-rules-main,scripts/generate-social-media-domains.sh,538c455319ca9f0fca2a68f7de03c20f376ef54690be6129ee79bdf62ef79d2f,739,file,file,shell,script,authoritative,,BASE03;IRRULE001;IRRULE004,inspired-native,Generation/provenance and normalized category semantics are durable; mutable external lists are not.,Focused semantic link(s) plus base accountability.
Iran-v2ray-rules-main,v2rayN/all.json,c5c780f859ad7218520103baf9084a263d7b03c06b2a8063ef142d86ea83e4ea,1297,file,file,json,configuration,authoritative,,BASE03;IRRULE002,synthesized,Stable operator intents are useful independent of donor lists; express target-native presets rather than importing mutable rule bodies.,Focused semantic link(s) plus base accountability.
Iran-v2ray-rules-main,v2rayN/all_except_ir.json,1893a78ba7b209d363ce18831cf2cd900c1643b4f3bce62cc138fda5bfdfcc0a,2121,file,file,json,configuration,authoritative,,BASE03;IRRULE002,synthesized,Stable operator intents are useful independent of donor lists; express target-native presets rather than importing mutable rule bodies.,Focused semantic link(s) plus base accountability.
Iran-v2ray-rules-main,v2rayN/dns_singbox_normal.json,2a86ee110b11b3bfaa6913316776791e4ba4ecf8dbf4a9b78bcfbdacf3cad830,599,file,file,json,configuration,authoritative,,BASE03;IRRULE002,synthesized,Stable operator intents are useful independent of donor lists; express target-native presets rather than importing mutable rule bodies.,Focused semantic link(s) plus base accountability.
Iran-v2ray-rules-main,v2rayN/dns_v2ray_normal.json,d9cfeb63bce742a2238d8034f61f040bcb45233750e2e205952e51c530e39624,274,file,file,json,configuration,authoritative,,BASE03;IRRULE002,synthesized,Stable operator intents are useful independent of donor lists; express target-native presets rather than importing mutable rule bodies.,Focused semantic link(s) plus base accountability.
Iran-v2ray-rules-main,v2rayN/sing_box.json,2f4c1ee473eec8ce09198033ac1b85aa7401a382b5e9b69a0803b931cbe69233,313,file,file,json,configuration,authoritative,,BASE03;IRRULE002,synthesized,Stable operator intents are useful independent of donor lists; express target-native presets rather than importing mutable rule bodies.,Focused semantic link(s) plus base accountability.
Iran-v2ray-rules-main,v2rayN/template.json,27756bf8abb7795532e8527fb671dab07bd0902276ad4cb4d3db00140a035e40,576,file,file,json,configuration,authoritative,,BASE03;IRRULE002,synthesized,Stable operator intents are useful independent of donor lists; express target-native presets rather than importing mutable rule bodies.,Focused semantic link(s) plus base accountability.
Iran-v2ray-rules-main,v2rayN/tun_singbox_dns.json,2a86ee110b11b3bfaa6913316776791e4ba4ecf8dbf4a9b78bcfbdacf3cad830,599,file,file,json,configuration,authoritative,,BASE03;IRRULE002,synthesized,Stable operator intents are useful independent of donor lists; express target-native presets rather than importing mutable rule bodies.,Focused semantic link(s) plus base accountability.
Iran-v2ray-rules-main,v2rayN/v2ray.json,61382d0fc9a925bd4889ed62f17cc8d3289491f4000cf6bcfe192154c2659b01,226,file,file,json,configuration,authoritative,,BASE03;IRRULE002,synthesized,Stable operator intents are useful independent of donor lists; express target-native presets rather than importing mutable rule bodies.,Focused semantic link(s) plus base accountability.
JJTcpOverHttpRelayVpn-python_testing_tcp_relay,.github/workflows/ci.yml,dd69f17b6cfe5197a6da4e6feb31669541a42e0a648d0f71225769cc1fc126e6,1309,file,file,yaml,repository-administration,derived,,BASE04,reference-only,Supporting/package/admin/media/fixture leaf is explicitly retained in donor accountability; no independent target mechanism is justified beyond its donor/context record.,Explicit supporting leaf; base donor evidence only.
JJTcpOverHttpRelayVpn-python_testing_tcp_relay,.github/workflows/release.yml,cd203bb9d2e40761398619e096abde39c5d1af89f2b7d3b0d2b21573414739a1,8298,file,file,yaml,repository-administration,derived,,BASE04,reference-only,Supporting/package/admin/media/fixture leaf is explicitly retained in donor accountability; no independent target mechanism is justified beyond its donor/context record.,Explicit supporting leaf; base donor evidence only.
JJTcpOverHttpRelayVpn-python_testing_tcp_relay,.gitignore,c78775893a3ea41edf268d723da8d66cbac75abc26aa1b468251fa39a2ae420a,498,file,file,other,repository-administration,derived,,BASE04,reference-only,Supporting/package/admin/media/fixture leaf is explicitly retained in donor accountability; no independent target mechanism is justified beyond its donor/context record.,Explicit supporting leaf; base donor evidence only.
JJTcpOverHttpRelayVpn-python_testing_tcp_relay,LICENSE,1277596c706c04c2d0823dfd7700be8a30dbc28be0f838c68e4f3a7df5baa067,1070,file,file,other,governance,descriptive,,BASE04,reference-only,Supporting/package/admin/media/fixture leaf is explicitly retained in donor accountability; no independent target mechanism is justified beyond its donor/context record.,Explicit supporting leaf; base donor evidence only.
JJTcpOverHttpRelayVpn-python_testing_tcp_relay,README.md,4b5c02bf5d17d8976f13207484dfbcb8a55f9e10e9aee71a4e0b009568273364,16746,file,file,markdown,documentation,descriptive,,BASE04,reference-only,Supporting/package/admin/media/fixture leaf is explicitly retained in donor accountability; no independent target mechanism is justified beyond its donor/context record.,Explicit supporting leaf; base donor evidence only.
JJTcpOverHttpRelayVpn-python_testing_tcp_relay,README_FA.md,f91c9ca763e3fac861aa45a31d1b3556f95350357bb6b7daffdbdaf31b5f3116,22476,file,file,markdown,documentation,descriptive,,BASE04,reference-only,Supporting/package/admin/media/fixture leaf is explicitly retained in donor accountability; no independent target mechanism is justified beyond its donor/context record.,Explicit supporting leaf; base donor evidence only.
JJTcpOverHttpRelayVpn-python_testing_tcp_relay,apps_script/Code.gs,0006f8dda16e6b399ab2e9ebc470475ea5f8b48023c946c0cf94d9f4e727ee17,8367,file,file,other,fixture,derived,,BASE04;JJ005,superseded,"Transport helper structure and error handling were reviewed, but LumiNet already owns both HTTP relay adapters and retry state; importing another H2/fronting stack would fork transport authority.",Focused semantic link(s) plus base accountability.
JJTcpOverHttpRelayVpn-python_testing_tcp_relay,apps_script/cloudflare_worker.js,3ab186cb45fa08203f86000698e53f2ebab6c4a506dc93304e14c9c809a5f60a,3287,file,file,javascript,implementation,authoritative,,BASE04;JJ005,superseded,"Transport helper structure and error handling were reviewed, but LumiNet already owns both HTTP relay adapters and retry state; importing another H2/fronting stack would fork transport authority.",Focused semantic link(s) plus base accountability.
JJTcpOverHttpRelayVpn-python_testing_tcp_relay,apps_script/cloudflare_worker_tcp.js,7825b88085b84957692d4b70192e29ec176909d67afb781a1bb1640893ec6a00,8125,file,file,javascript,implementation,authoritative,,BASE04;JJ005,superseded,"Transport helper structure and error handling were reviewed, but LumiNet already owns both HTTP relay adapters and retry state; importing another H2/fronting stack would fork transport authority.",Focused semantic link(s) plus base accountability.
JJTcpOverHttpRelayVpn-python_testing_tcp_relay,apps_script/deno_deploy.ts,d64436433671e541e90ff1f31215e890e1785eede6c36d4be46172c1ab73b712,2845,file,file,typescript,implementation,authoritative,,BASE04;JJ005,superseded,"Transport helper structure and error handling were reviewed, but LumiNet already owns both HTTP relay adapters and retry state; importing another H2/fronting stack would fork transport authority.",Focused semantic link(s) plus base accountability.
JJTcpOverHttpRelayVpn-python_testing_tcp_relay,apps_script/setup_vps_exit_node.sh,1c718e83e3e268ff23964f0f75be00c616cf64e51252300ea4488354db5e92cf,10669,file,file,shell,script,authoritative,,BASE04;JJ005,superseded,"Transport helper structure and error handling were reviewed, but LumiNet already owns both HTTP relay adapters and retry state; importing another H2/fronting stack would fork transport authority.",Focused semantic link(s) plus base accountability.
JJTcpOverHttpRelayVpn-python_testing_tcp_relay,apps_script/vps_exit_node.py,4f94bff12861552e9ec216c63950df17a49c41e784e45c6109fc280bdb8d887d,10390,file,file,python,implementation,authoritative,,BASE04;JJ005,superseded,"Transport helper structure and error handling were reviewed, but LumiNet already owns both HTTP relay adapters and retry state; importing another H2/fronting stack would fork transport authority.",Focused semantic link(s) plus base accountability.
JJTcpOverHttpRelayVpn-python_testing_tcp_relay,apps_script/wrangler_tcp.toml,20c43c4c038ae4adcd9bce01e6706ca8a1a3056485ea97c632e4624d6f8842f8,673,file,file,toml,configuration,authoritative,,BASE04;JJ005,superseded,"Transport helper structure and error handling were reviewed, but LumiNet already owns both HTTP relay adapters and retry state; importing another H2/fronting stack would fork transport authority.",Focused semantic link(s) plus base accountability.
JJTcpOverHttpRelayVpn-python_testing_tcp_relay,config.example.json,16b6417c851a95b3b6cf60ff3c6c7f261c15d29fdb96e4e0c4e346c487931eb6,1571,file,file,json,configuration,authoritative,,BASE04,reference-only,Supporting/package/admin/media/fixture leaf is explicitly retained in donor accountability; no independent target mechanism is justified beyond its donor/context record.,Explicit supporting leaf; base donor evidence only.
JJTcpOverHttpRelayVpn-python_testing_tcp_relay,docs/exit-node/EXIT_NODE_DEPLOYMENT.md,be974494923d69095118413cec013a04f556e13922c0f4cbc13b1bfaa58e06d2,3529,file,file,markdown,documentation,descriptive,,BASE04,reference-only,Supporting/package/admin/media/fixture leaf is explicitly retained in donor accountability; no independent target mechanism is justified beyond its donor/context record.,Explicit supporting leaf; base donor evidence only.
JJTcpOverHttpRelayVpn-python_testing_tcp_relay,docs/exit-node/EXIT_NODE_DEPLOYMENT_FA.md,a152dcf937b4d0040ab4de51fa9c9d6eb56abd168b0eb0b13d5bd12c9ed860d7,3601,file,file,markdown,documentation,descriptive,,BASE04,reference-only,Supporting/package/admin/media/fixture leaf is explicitly retained in donor accountability; no independent target mechanism is justified beyond its donor/context record.,Explicit supporting leaf; base donor evidence only.
JJTcpOverHttpRelayVpn-python_testing_tcp_relay,main.py,32b494031ed2fc050c04233ad8a1b6f7ace61f44c104e6e901e89ebed0c78c0e,11961,file,file,python,implementation,authoritative,,BASE04;JJ005,superseded,"Transport helper structure and error handling were reviewed, but LumiNet already owns both HTTP relay adapters and retry state; importing another H2/fronting stack would fork transport authority.",Focused semantic link(s) plus base accountability.
JJTcpOverHttpRelayVpn-python_testing_tcp_relay,package-lock.json,d8e55f371003bc70919fe58e714239fb18c8c60bc45e7512bc4a73b5a4c89125,49007,file,file,json,configuration,authoritative,,BASE04,reference-only,Supporting/package/admin/media/fixture leaf is explicitly retained in donor accountability; no independent target mechanism is justified beyond its donor/context record.,Explicit supporting leaf; base donor evidence only.
JJTcpOverHttpRelayVpn-python_testing_tcp_relay,package.json,a4c9a4f03de4cbc2a9ffa3f3520a9b72bd35f4c71167b4ffc32e24ae7b98b519,57,file,file,json,configuration,authoritative,,BASE04,reference-only,Supporting/package/admin/media/fixture leaf is explicitly retained in donor accountability; no independent target mechanism is justified beyond its donor/context record.,Explicit supporting leaf; base donor evidence only.
JJTcpOverHttpRelayVpn-python_testing_tcp_relay,requirements.txt,35a9fd606ca2f4e98a5236ab82fcbd19d8b9ba0579ef09b89a49c7894b23b5cd,747,file,file,other,documentation,descriptive,,BASE04,reference-only,Supporting/package/admin/media/fixture leaf is explicitly retained in donor accountability; no independent target mechanism is justified beyond its donor/context record.,Explicit supporting leaf; base donor evidence only.
JJTcpOverHttpRelayVpn-python_testing_tcp_relay,scripts/benchmark_transport.py,52b1e12a412f5f1a4faac39e8548c9b351c48c52fc44ac3513b347b313ab1e36,27586,file,file,python,script,authoritative,,BASE04;JJ005,superseded,"Transport helper structure and error handling were reviewed, but LumiNet already owns both HTTP relay adapters and retry state; importing another H2/fronting stack would fork transport authority.",Focused semantic link(s) plus base accountability.
JJTcpOverHttpRelayVpn-python_testing_tcp_relay,setup.py,e0b015de747498faccdd497c5db3decad799ab19311e9cd10ed45f1a88bb5374,6309,file,file,python,implementation,authoritative,,BASE04;JJ005,superseded,"Transport helper structure and error handling were reviewed, but LumiNet already owns both HTTP relay adapters and retry state; importing another H2/fronting stack would fork transport authority.",Focused semantic link(s) plus base accountability.
JJTcpOverHttpRelayVpn-python_testing_tcp_relay,src/core/__init__.py,d131a96392f6547d09c13deb99c973989871c210b5107d3500bdf7fd5163e5d2,163,file,file,python,implementation,authoritative,,BASE04;JJ005,superseded,"Transport helper structure and error handling were reviewed, but LumiNet already owns both HTTP relay adapters and retry state; importing another H2/fronting stack would fork transport authority.",Focused semantic link(s) plus base accountability.
JJTcpOverHttpRelayVpn-python_testing_tcp_relay,src/core/cert_installer.py,304c490183c737c6d84a178a2bdab7fd01cf055293a45b2334e83a2f8d78ca0e,25423,file,file,python,implementation,authoritative,,BASE04;JJ003;JJ005,rejected-with-reason,CERT_NONE probing expands trust unsafely and contradicts LumiNet strict TLS evidence.,Focused semantic link(s) plus base accountability.
JJTcpOverHttpRelayVpn-python_testing_tcp_relay,src/core/codec.py,84a41465d44c3a8de7c5bccdecec6064c0dfea9962c14f88eb07afa4ac853a06,2652,file,file,python,implementation,authoritative,,BASE04;JJ004;JJ005,superseded,LumiNet already has typed proxy config/runtime owners and importing a second proxy stack would split authority.,Focused semantic link(s) plus base accountability.
JJTcpOverHttpRelayVpn-python_testing_tcp_relay,src/core/constants.py,ceb336f28b626df613bf89be7c7b0694680fff6b0de6936eed469e07fbfa98d7,8881,file,file,python,implementation,authoritative,,BASE04;JJ005,superseded,"Transport helper structure and error handling were reviewed, but LumiNet already owns both HTTP relay adapters and retry state; importing another H2/fronting stack would fork transport authority.",Focused semantic link(s) plus base accountability.
JJTcpOverHttpRelayVpn-python_testing_tcp_relay,src/core/google_ip_scanner.py,bde5c897444a98636a6bf41eab367b183c8fb55db2b35bc89ae822f38bb3bde0,5960,file,file,python,implementation,authoritative,,BASE04;JJ003;JJ005,rejected-with-reason,CERT_NONE probing expands trust unsafely and contradicts LumiNet strict TLS evidence.,Focused semantic link(s) plus base accountability.
JJTcpOverHttpRelayVpn-python_testing_tcp_relay,src/core/lan_utils.py,3f519416dfb40aa77b592178312cd6ac977a21074f9a686c76bfa7f4cdc16b1f,5105,file,file,python,implementation,authoritative,,BASE04;JJ005,superseded,"Transport helper structure and error handling were reviewed, but LumiNet already owns both HTTP relay adapters and retry state; importing another H2/fronting stack would fork transport authority.",Focused semantic link(s) plus base accountability.
JJTcpOverHttpRelayVpn-python_testing_tcp_relay,src/core/logging_utils.py,2ffc223a706cf78f45139bc323b6c62edba4f24a700eb5ae04b65fcd2fb66e65,10098,file,file,python,implementation,authoritative,,BASE04;JJ005,superseded,"Transport helper structure and error handling were reviewed, but LumiNet already owns both HTTP relay adapters and retry state; importing another H2/fronting stack would fork transport authority.",Focused semantic link(s) plus base accountability.
JJTcpOverHttpRelayVpn-python_testing_tcp_relay,src/proxy/__init__.py,01f73b79b81d1bc936bbd571e84b7d6275ccaaccc31f889a45f597149360c9c3,135,file,file,python,implementation,authoritative,,BASE04;JJ005,superseded,"Transport helper structure and error handling were reviewed, but LumiNet already owns both HTTP relay adapters and retry state; importing another H2/fronting stack would fork transport authority.",Focused semantic link(s) plus base accountability.
JJTcpOverHttpRelayVpn-python_testing_tcp_relay,src/proxy/mitm.py,1e2a62d1fa561de99aec1de95e34653ce243afff8630170cb328565279c793ce,6736,file,file,python,implementation,authoritative,,BASE04;JJ003,rejected-with-reason,CERT_NONE probing expands trust unsafely and contradicts LumiNet strict TLS evidence.,Focused semantic link(s) plus base accountability.
JJTcpOverHttpRelayVpn-python_testing_tcp_relay,src/proxy/proxy_server.py,02a02b4da6ce0afab531649a41cd03927cc430ecdc049511a085a97dbc9f8fb2,61115,file,file,python,implementation,authoritative,,BASE04;JJ001;JJ002;JJ004,adapted,Client-side cadence/backoff is useful without requiring donor server ownership.,Focused semantic link(s) plus base accountability.
JJTcpOverHttpRelayVpn-python_testing_tcp_relay,src/proxy/proxy_support.py,942134c71a046626f445b07e080a94fd95a5f7ccc36c9bf2380996d2cf8fe109,9982,file,file,python,implementation,authoritative,,BASE04;JJ004,superseded,LumiNet already has typed proxy config/runtime owners and importing a second proxy stack would split authority.,Focused semantic link(s) plus base accountability.
JJTcpOverHttpRelayVpn-python_testing_tcp_relay,src/proxy/socks5.py,7f72549ac9eb91de39cc34618942c51e7bbdf589a7f2b10e392d3921306458b7,3469,file,file,python,implementation,authoritative,,BASE04;JJ004,superseded,LumiNet already has typed proxy config/runtime owners and importing a second proxy stack would split authority.,Focused semantic link(s) plus base accountability.
JJTcpOverHttpRelayVpn-python_testing_tcp_relay,src/proxy/tcp_tunnel.py,d9e44731e9f20a8fb01d27124c103f8fbb4141a3e8b857294a786fe5ae13fad2,21164,file,file,python,implementation,authoritative,,BASE04;JJ001;JJ002;JJ004,adapted,Client-side cadence/backoff is useful without requiring donor server ownership.,Focused semantic link(s) plus base accountability.
JJTcpOverHttpRelayVpn-python_testing_tcp_relay,src/relay/__init__.py,ab40e413cb0cb19446bf9a3d20a6fe7de3de58d0b3efda8791e1c75a326ab751,187,file,file,python,implementation,authoritative,,BASE04;JJ005,superseded,"Transport helper structure and error handling were reviewed, but LumiNet already owns both HTTP relay adapters and retry state; importing another H2/fronting stack would fork transport authority.",Focused semantic link(s) plus base accountability.
JJTcpOverHttpRelayVpn-python_testing_tcp_relay,src/relay/domain_fronter.py,d8767aee680789d9761bc5e15d128d444528557a2e502e3133704f865baa747f,101600,file,file,python,implementation,authoritative,,BASE04;JJ001;JJ002;JJ005,adapted,Client-side cadence/backoff is useful without requiring donor server ownership.,Focused semantic link(s) plus base accountability.
JJTcpOverHttpRelayVpn-python_testing_tcp_relay,src/relay/fronting_support.py,fc8250db88c3ab16599407b1767a2f3ce430977810e4c838f8e2f14fe76d2c78,4640,file,file,python,implementation,authoritative,,BASE04;JJ005,superseded,"Transport helper structure and error handling were reviewed, but LumiNet already owns both HTTP relay adapters and retry state; importing another H2/fronting stack would fork transport authority.",Focused semantic link(s) plus base accountability.
JJTcpOverHttpRelayVpn-python_testing_tcp_relay,src/relay/h2_transport.py,017d72f085d040caeedde65cefd5db8c7821f0ec7b01cfd61194c37308b20f9f,19138,file,file,python,implementation,authoritative,,BASE04;JJ005,superseded,"Transport helper structure and error handling were reviewed, but LumiNet already owns both HTTP relay adapters and retry state; importing another H2/fronting stack would fork transport authority.",Focused semantic link(s) plus base accountability.
JJTcpOverHttpRelayVpn-python_testing_tcp_relay,src/relay/http_reader.py,d4e82e7cb191af522bd352b9c7db334ffbac75218916eea2dd63789fabb90be3,5419,file,file,python,implementation,authoritative,,BASE04;JJ005,superseded,"Transport helper structure and error handling were reviewed, but LumiNet already owns both HTTP relay adapters and retry state; importing another H2/fronting stack would fork transport authority.",Focused semantic link(s) plus base accountability.
JJTcpOverHttpRelayVpn-python_testing_tcp_relay,src/relay/relay_response.py,dafd1c2b9e091187c1fe88130bda533b61029f62cf0f234e40e0379502747c1f,11611,file,file,python,implementation,authoritative,,BASE04;JJ005,superseded,"Transport helper structure and error handling were reviewed, but LumiNet already owns both HTTP relay adapters and retry state; importing another H2/fronting stack would fork transport authority.",Focused semantic link(s) plus base accountability.
JJTcpOverHttpRelayVpn-python_testing_tcp_relay,start.bat,f65cb9c19a1fe0021677f01c64a514a0ea05f40b94d5dcc91bf49e8d9cc37fd4,2076,file,file,other,script,authoritative,,BASE04;JJ005,superseded,"Transport helper structure and error handling were reviewed, but LumiNet already owns both HTTP relay adapters and retry state; importing another H2/fronting stack would fork transport authority.",Focused semantic link(s) plus base accountability.
JJTcpOverHttpRelayVpn-python_testing_tcp_relay,start.sh,4eabc3487586344a712e6b5e11c0561799374d903fd512ca87e45df46fb950f7,1612,file,file,shell,script,authoritative,,BASE04;JJ005,superseded,"Transport helper structure and error handling were reviewed, but LumiNet already owns both HTTP relay adapters and retry state; importing another H2/fronting stack would fork transport authority.",Focused semantic link(s) plus base accountability.
JJTcpOverHttpRelayVpn-python_testing_tcp_relay,tests/test_tcp_tunnel.py,3f4a41268b95c8dc4293aa8185f692551892da3918c1db98b7fd2d9f68e19ba1,12421,file,file,python,test,derived,,BASE04;JJ005,superseded,"Transport helper structure and error handling were reviewed, but LumiNet already owns both HTTP relay adapters and retry state; importing another H2/fronting stack would fork transport authority.",Focused semantic link(s) plus base accountability.
kcp-go-master,.github/workflows/go.yml,0f4ce569b320fabb750ea517d469367c1a9b2ce6844c91ae67b9086765a40316,1175,file,file,yaml,repository-administration,derived,,BASE05,reference-only,Supporting/package/admin/media/fixture leaf is explicitly retained in donor accountability; no independent target mechanism is justified beyond its donor/context record.,Explicit supporting leaf; base donor evidence only.
kcp-go-master,.gitignore,196a96e79e61aafa7c49b43773e6d3b9e4408b052acbe6701bcf1eecb6d089e2,275,file,file,other,repository-administration,derived,,BASE05,reference-only,Supporting/package/admin/media/fixture leaf is explicitly retained in donor accountability; no independent target mechanism is justified beyond its donor/context record.,Explicit supporting leaf; base donor evidence only.
kcp-go-master,.travis.yml,78f4192142be3758b15b1a7342237b5172e597684c44a10270930a4ed78f89d2,358,file,file,yaml,repository-administration,derived,,BASE05,reference-only,Supporting/package/admin/media/fixture leaf is explicitly retained in donor accountability; no independent target mechanism is justified beyond its donor/context record.,Explicit supporting leaf; base donor evidence only.
kcp-go-master,AGENTS.md,33bbd10b64d3dbc375be551be9a454b01e73b63fadb9e020dab161055be75b08,4943,file,file,markdown,documentation,descriptive,,BASE05,reference-only,Supporting/package/admin/media/fixture leaf is explicitly retained in donor accountability; no independent target mechanism is justified beyond its donor/context record.,Explicit supporting leaf; base donor evidence only.
kcp-go-master,LICENSE,68eb46479424095361384cbb6b056dd10c0f9bb708796a68bdd830fa7baa6ebb,1073,file,file,other,governance,descriptive,,BASE05,reference-only,Supporting/package/admin/media/fixture leaf is explicitly retained in donor accountability; no independent target mechanism is justified beyond its donor/context record.,Explicit supporting leaf; base donor evidence only.
kcp-go-master,README.md,0b5a7e8070a5d924aeb408adab04043225d747e44d71c2644c6a872bce9a8048,26631,file,file,markdown,documentation,descriptive,,BASE05,reference-only,Supporting/package/admin/media/fixture leaf is explicitly retained in donor accountability; no independent target mechanism is justified beyond its donor/context record.,Explicit supporting leaf; base donor evidence only.
kcp-go-master,README_zh.md,7b652e74344824eb883ca1788b87ad8f535ad908930bbb1eac5ba364c810db67,25674,file,file,markdown,documentation,descriptive,,BASE05,reference-only,Supporting/package/admin/media/fixture leaf is explicitly retained in donor accountability; no independent target mechanism is justified beyond its donor/context record.,Explicit supporting leaf; base donor evidence only.
kcp-go-master,assets/flame.png,e3a8a5d785bee08d39d9658586b472089a5e97e0370208787976af9e3e59e068,57142,file,file,other,media,derived,,BASE05,reference-only,Supporting/package/admin/media/fixture leaf is explicitly retained in donor accountability; no independent target mechanism is justified beyond its donor/context record.,Explicit supporting leaf; base donor evidence only.
kcp-go-master,assets/frame.png,7b04ed9475888ebea4d793057a646ee1d4ae8bce18170d6dd032a1d731e32a68,36006,file,file,other,media,derived,,BASE05,reference-only,Supporting/package/admin/media/fixture leaf is explicitly retained in donor accountability; no independent target mechanism is justified beyond its donor/context record.,Explicit supporting leaf; base donor evidence only.
kcp-go-master,assets/kcp-go.png,3e50a1d6980f75a6227f756d916161d149ba216609cdc28b96631eaa53b0d3b4,61414,file,file,other,media,derived,,BASE05,reference-only,Supporting/package/admin/media/fixture leaf is explicitly retained in donor accountability; no independent target mechanism is justified beyond its donor/context record.,Explicit supporting leaf; base donor evidence only.
kcp-go-master,assets/layermodel.jpg,43e18fb99b189fa6f832824f32e3d3a5a41d26280aca3d915d335baf29f3a9b0,73360,file,file,other,media,derived,,BASE05,reference-only,Supporting/package/admin/media/fixture leaf is explicitly retained in donor accountability; no independent target mechanism is justified beyond its donor/context record.,Explicit supporting leaf; base donor evidence only.
kcp-go-master,autotune.go,be73a5cab27956bc85e92a878a86aa2cd0f1a6a4f0c9032a26e5c12dccda5cd5,4387,file,file,go,implementation,authoritative,,BASE05;KCPGO005,superseded,These useful internals remain owned by the pinned upstream KCP dependency; target consumes stable public session controls rather than copying implementation internals.,Focused semantic link(s) plus base accountability.
kcp-go-master,autotune_test.go,9d8c0c40def261153fdae62910eb31487caf417060b5db0a9303fe535704ded1,4253,file,file,go,test,derived,,BASE05;KCPGO005,superseded,These useful internals remain owned by the pinned upstream KCP dependency; target consumes stable public session controls rather than copying implementation internals.,Focused semantic link(s) plus base accountability.
kcp-go-master,bufferpool.go,222abe5ac488c2673a96eca483fea24aada22791c04210725aa31e1d99fd101e,1987,file,file,go,implementation,authoritative,,BASE05;KCPGO001;KCPGO004;KCPGO005,adapted,Donor exposes proven KCP knobs; target centralizes them behind one bounded policy used by planner and real runtime.,Focused semantic link(s) plus base accountability.
kcp-go-master,bufferpool_test.go,46788169cf1e153a0fa3476e93e02f1165aeb4c5d638a1a8cc30bfe8d6f6c2f4,1628,file,file,go,test,derived,,BASE05;KCPGO001;KCPGO004;KCPGO005,adapted,Donor exposes proven KCP knobs; target centralizes them behind one bounded policy used by planner and real runtime.,Focused semantic link(s) plus base accountability.
kcp-go-master,clear_go120.go,9e457715203f07f8a544469adfa9e93f4bd4c11394c05169df9042c14f752ae0,122,file,file,go,implementation,authoritative,,BASE05;KCPGO005,superseded,These useful internals remain owned by the pinned upstream KCP dependency; target consumes stable public session controls rather than copying implementation internals.,Focused semantic link(s) plus base accountability.
kcp-go-master,clear_go121.go,296a4457de36e795f1bcc810991992e3c7fae0e366ba2c03cf46cb3d81d08111,82,file,file,go,implementation,authoritative,,BASE05;KCPGO005,superseded,These useful internals remain owned by the pinned upstream KCP dependency; target consumes stable public session controls rather than copying implementation internals.,Focused semantic link(s) plus base accountability.
kcp-go-master,crypt.go,7d6575fd459465a095477ba234c14f89f9cfa078538aabc194196c5ae5e8be7e,17651,file,file,go,implementation,authoritative,,BASE05;KCPGO001;KCPGO003;KCPGO005,adapted,Donor exposes proven KCP knobs; target centralizes them behind one bounded policy used by planner and real runtime.,Focused semantic link(s) plus base accountability.
kcp-go-master,crypt_test.go,d0ba11a53fa4a9ce4327d6ac5b70836775dc24e1fcd1c44fca3179b2b77e5097,9104,file,file,go,test,derived,,BASE05;KCPGO001;KCPGO005,adapted,Donor exposes proven KCP knobs; target centralizes them behind one bounded policy used by planner and real runtime.,Focused semantic link(s) plus base accountability.
kcp-go-master,entropy.go,b41553e00793f623d2761002b1585293d5176e839997618f9e375ad8c98a7f9c,4023,file,file,go,implementation,authoritative,,BASE05;KCPGO005,superseded,These useful internals remain owned by the pinned upstream KCP dependency; target consumes stable public session controls rather than copying implementation internals.,Focused semantic link(s) plus base accountability.
kcp-go-master,entropy_test.go,51d4bf557fc287d7fe8bc3abf7df3491ebce05a7068f793c51a1090d812c5f61,2422,file,file,go,test,derived,,BASE05;KCPGO005,superseded,These useful internals remain owned by the pinned upstream KCP dependency; target consumes stable public session controls rather than copying implementation internals.,Focused semantic link(s) plus base accountability.
kcp-go-master,examples/echo.go,3c5bac4bacff6aa5aa5df0075cf9a3d6034a4d471b306c588f7fd012c8d71238,1570,file,file,go,fixture,derived,,BASE05;KCPGO005,superseded,These useful internals remain owned by the pinned upstream KCP dependency; target consumes stable public session controls rather than copying implementation internals.,Focused semantic link(s) plus base accountability.
kcp-go-master,fec.go,54211060dc3a02d8f355e7079b8255152980cdc1d4bb1e53b57041cb2544a6c8,14923,file,file,go,implementation,authoritative,,BASE05;KCPGO001;KCPGO005,adapted,Donor exposes proven KCP knobs; target centralizes them behind one bounded policy used by planner and real runtime.,Focused semantic link(s) plus base accountability.
kcp-go-master,fec_test.go,55922ae7c79b0cbab76019277cdb0f39abc1fa378d147fcb3948f8e64f8a02d8,11585,file,file,go,test,derived,,BASE05;KCPGO001;KCPGO005,adapted,Donor exposes proven KCP knobs; target centralizes them behind one bounded policy used by planner and real runtime.,Focused semantic link(s) plus base accountability.
kcp-go-master,go.mod,6567320d003def88b88d3c43be87209d9a70229c5d533ad50525e0ef0cfe988c,593,file,file,other,configuration,authoritative,,BASE05,reference-only,Supporting/package/admin/media/fixture leaf is explicitly retained in donor accountability; no independent target mechanism is justified beyond its donor/context record.,Explicit supporting leaf; base donor evidence only.
kcp-go-master,go.sum,69f4ab4303d758f8e78a04880901ae5d1ceb0b63e42f258fed120c7561046aae,2551,file,file,other,configuration,authoritative,,BASE05,reference-only,Supporting/package/admin/media/fixture leaf is explicitly retained in donor accountability; no independent target mechanism is justified beyond its donor/context record.,Explicit supporting leaf; base donor evidence only.
kcp-go-master,kcp.go,80e9c5c4e1f8a30b14e095ce9f03ae17097a37072ef7f6882772e3491763bc5d,29074,file,file,go,implementation,authoritative,,BASE05;KCPGO001;KCPGO005,adapted,Donor exposes proven KCP knobs; target centralizes them behind one bounded policy used by planner and real runtime.,Focused semantic link(s) plus base accountability.
kcp-go-master,kcp_test.go,78fb1e0bad418f9d8cf38ec24ba5a6a7a0015d09c48f61e1dee155db5a3e430a,5397,file,file,go,test,derived,,BASE05;KCPGO001;KCPGO005,adapted,Donor exposes proven KCP knobs; target centralizes them behind one bounded policy used by planner and real runtime.,Focused semantic link(s) plus base accountability.
kcp-go-master,kcp_trace_off.go,8bf3c85de84c35ed183129cc1bb7e8185219c1c0f5b17cdb9b134be3693adfac,169,file,file,go,implementation,authoritative,,BASE05;KCPGO001;KCPGO005,adapted,Donor exposes proven KCP knobs; target centralizes them behind one bounded policy used by planner and real runtime.,Focused semantic link(s) plus base accountability.
kcp-go-master,kcp_trace_on.go,4c15c4ccddc5d9faa2b575f732061ee21a6d17e7f8b64d8d73217ea203f7e75c,861,file,file,go,implementation,authoritative,,BASE05;KCPGO001;KCPGO005,adapted,Donor exposes proven KCP knobs; target centralizes them behind one bounded policy used by planner and real runtime.,Focused semantic link(s) plus base accountability.
kcp-go-master,pkg.go,32c8c36cfe13314c345276eb3bad3c67bb5c47d9413e7d0d6c7c05a365d45e42,351,file,file,go,implementation,authoritative,,BASE05;KCPGO005,superseded,These useful internals remain owned by the pinned upstream KCP dependency; target consumes stable public session controls rather than copying implementation internals.,Focused semantic link(s) plus base accountability.
kcp-go-master,platform_generic.go,32e5513174d4c92fa1fabf7e09bd3a88b3b47f22c8d67e7843e5ea1988b8a44c,1230,file,file,go,implementation,authoritative,,BASE05;KCPGO001;KCPGO004;KCPGO005,adapted,Donor exposes proven KCP knobs; target centralizes them behind one bounded policy used by planner and real runtime.,Focused semantic link(s) plus base accountability.
kcp-go-master,platform_linux.go,ff580e970c6421eaac55d27d5789f0568dd3eb39e13776b857d15f75d007908e,2839,file,file,go,implementation,authoritative,,BASE05;KCPGO001;KCPGO004;KCPGO005,adapted,Donor exposes proven KCP knobs; target centralizes them behind one bounded policy used by planner and real runtime.,Focused semantic link(s) plus base accountability.
kcp-go-master,readloop.go,a52c2ad1758882ef0304fa3e04b33a132c4c244dbb69fd7d53c7473032a91bf0,2080,file,file,go,implementation,authoritative,,BASE05;KCPGO001;KCPGO004;KCPGO005,adapted,Donor exposes proven KCP knobs; target centralizes them behind one bounded policy used by planner and real runtime.,Focused semantic link(s) plus base accountability.
kcp-go-master,readloop_generic.go,ad867697f73e24f1911ea9503aaa62a9becd8fb41ba2bfedbd4a9bbf5a44e247,1275,file,file,go,implementation,authoritative,,BASE05;KCPGO001;KCPGO004;KCPGO005,adapted,Donor exposes proven KCP knobs; target centralizes them behind one bounded policy used by planner and real runtime.,Focused semantic link(s) plus base accountability.
kcp-go-master,readloop_linux.go,debef7b3f759dfb9d2a6266b0578c7ee215d3c6e1c1c5756532e02958dd99a67,2772,file,file,go,implementation,authoritative,,BASE05;KCPGO001;KCPGO004;KCPGO005,adapted,Donor exposes proven KCP knobs; target centralizes them behind one bounded policy used by planner and real runtime.,Focused semantic link(s) plus base accountability.
kcp-go-master,ringbuffer.go,1d0cb426613c7c414b6d4dc2b3049672fcab92070f130a1861634ed637384b70,6304,file,file,go,implementation,authoritative,,BASE05;KCPGO001;KCPGO004;KCPGO005,adapted,Donor exposes proven KCP knobs; target centralizes them behind one bounded policy used by planner and real runtime.,Focused semantic link(s) plus base accountability.
kcp-go-master,ringbuffer_test.go,c79bc928097c4158bf387df09425c334d6f0af32ad8ca5837f0ab37f5c0ce54b,5540,file,file,go,test,derived,,BASE05;KCPGO001;KCPGO004;KCPGO005,adapted,Donor exposes proven KCP knobs; target centralizes them behind one bounded policy used by planner and real runtime.,Focused semantic link(s) plus base accountability.
kcp-go-master,sess.go,84d29f7e02b8fe636e23dd6ae0379636ea4fefcad8d8faff604c6623060cfd18,41841,file,file,go,implementation,authoritative,,BASE05;KCPGO001;KCPGO002;KCPGO005,adapted,Donor exposes proven KCP knobs; target centralizes them behind one bounded policy used by planner and real runtime.,Focused semantic link(s) plus base accountability.
kcp-go-master,sess_test.go,cc8eafff91e89443816ce25566545dd6183007f79c4aa0922f6ac2628d6cc35b,35763,file,file,go,test,derived,,BASE05;KCPGO001;KCPGO005,adapted,Donor exposes proven KCP knobs; target centralizes them behind one bounded policy used by planner and real runtime.,Focused semantic link(s) plus base accountability.
kcp-go-master,snmp.go,22d1a044c477459281d2167b1d9fc4b84b9514bcc21a31329cc9912cc054ac37,7861,file,file,go,implementation,authoritative,,BASE05;KCPGO005,superseded,These useful internals remain owned by the pinned upstream KCP dependency; target consumes stable public session controls rather than copying implementation internals.,Focused semantic link(s) plus base accountability.
kcp-go-master,tx.go,52e95adffa54097a1ac59948fd936b8a2d3dfcf758ce476696dcf0294babd504,1641,file,file,go,implementation,authoritative,,BASE05;KCPGO005,superseded,These useful internals remain owned by the pinned upstream KCP dependency; target consumes stable public session controls rather than copying implementation internals.,Focused semantic link(s) plus base accountability.
kcp-go-master,tx_generic.go,affe70f5bebbb76c5d302951db3f6df301cbe562874d7ae8d0327660bd714975,1275,file,file,go,implementation,authoritative,,BASE05;KCPGO001;KCPGO004;KCPGO005,adapted,Donor exposes proven KCP knobs; target centralizes them behind one bounded policy used by planner and real runtime.,Focused semantic link(s) plus base accountability.
kcp-go-master,tx_linux.go,3ea5672b49688e772ed6bc16a492bf877f1bb97da6a81a440626cedf52f3094a,1873,file,file,go,implementation,authoritative,,BASE05;KCPGO001;KCPGO004;KCPGO005,adapted,Donor exposes proven KCP knobs; target centralizes them behind one bounded policy used by planner and real runtime.,Focused semantic link(s) plus base accountability.
kcp-go-master,wireshark/README.md,8760fb6b30db380ca35b87a7bfeee24b17988980afec37b196a8d7e0c1e0b3cf,96,file,file,markdown,documentation,descriptive,,BASE05,reference-only,Supporting/package/admin/media/fixture leaf is explicitly retained in donor accountability; no independent target mechanism is justified beyond its donor/context record.,Explicit supporting leaf; base donor evidence only.
kcp-go-master,wireshark/kcp_dissector.lua,40efe6a977f55698df875aea3f7dc8b4005ef146e989c046988e0fd7c98d44a9,2781,file,file,other,fixture,derived,,BASE05,reference-only,Supporting/package/admin/media/fixture leaf is explicitly retained in donor accountability; no independent target mechanism is justified beyond its donor/context record.,Explicit supporting leaf; base donor evidence only.
l7mp-master,.dockerignore,7c12a77f46e042412273b579d497f70d7ba24c3892a295b393a06c84fc4921c3,27,file,file,other,repository-administration,derived,,BASE06,reference-only,Supporting/package/admin/media/fixture leaf is explicitly retained in donor accountability; no independent target mechanism is justified beyond its donor/context record.,Explicit supporting leaf; base donor evidence only.
l7mp-master,.eslintrc.json,ac218911bb30e6ffd4447c05191e00053fa253e434b0e60fa58ee7b2f6095c7e,448,file,file,json,configuration,authoritative,,BASE06,reference-only,Supporting/package/admin/media/fixture leaf is explicitly retained in donor accountability; no independent target mechanism is justified beyond its donor/context record.,Explicit supporting leaf; base donor evidence only.
l7mp-master,.github/workflows/helm.yml,7b0a99e4ea4f897ba19d75876222c5880f694fef4ee61db771349c2a57ead30b,1484,file,file,yaml,repository-administration,derived,,BASE06,reference-only,Supporting/package/admin/media/fixture leaf is explicitly retained in donor accountability; no independent target mechanism is justified beyond its donor/context record.,Explicit supporting leaf; base donor evidence only.
l7mp-master,.github/workflows/lint.yml,d32227cd5d88250223c584be817639963f930991e07d6bff0e6a5842c5684d56,618,file,file,yaml,repository-administration,derived,,BASE06,reference-only,Supporting/package/admin/media/fixture leaf is explicitly retained in donor accountability; no independent target mechanism is justified beyond its donor/context record.,Explicit supporting leaf; base donor evidence only.
l7mp-master,.github/workflows/node.js.yml,b25953f909919533fb13be37af53c8c3376c4fdb1e288ef12cc6b63664576d32,866,file,file,yaml,repository-administration,derived,,BASE06,reference-only,Supporting/package/admin/media/fixture leaf is explicitly retained in donor accountability; no independent target mechanism is justified beyond its donor/context record.,Explicit supporting leaf; base donor evidence only.
l7mp-master,.github/workflows/publish.yml,b818809660cf8c90c8ef3b3dd73d87fde9dcf3eb18b7e8fd14df282f4891be12,1815,file,file,yaml,repository-administration,derived,,BASE06,reference-only,Supporting/package/admin/media/fixture leaf is explicitly retained in donor accountability; no independent target mechanism is justified beyond its donor/context record.,Explicit supporting leaf; base donor evidence only.
l7mp-master,.gitignore,39157cb41eae00a4f8655071d20ef695cc8e8ba37fcbf2c2be1e8b8a8129b4b3,914,file,file,other,repository-administration,derived,,BASE06,reference-only,Supporting/package/admin/media/fixture leaf is explicitly retained in donor accountability; no independent target mechanism is justified beyond its donor/context record.,Explicit supporting leaf; base donor evidence only.
l7mp-master,.travis.yml,4302df6ce0371395f497037f26fa0098de0e951c5282bcc9e7c42118806eff89,118,file,file,yaml,repository-administration,derived,,BASE06,reference-only,Supporting/package/admin/media/fixture leaf is explicitly retained in donor accountability; no independent target mechanism is justified beyond its donor/context record.,Explicit supporting leaf; base donor evidence only.
l7mp-master,AUTHORS,97515bc2cc9850fe66dee7a6e0b8f9dea010d6c7a253d1437e1deecee90db10b,223,file,file,other,fixture,derived,,BASE06,reference-only,Supporting/package/admin/media/fixture leaf is explicitly retained in donor accountability; no independent target mechanism is justified beyond its donor/context record.,Explicit supporting leaf; base donor evidence only.
l7mp-master,Concepts.org,5a6d8b95007209d3af23040a7da65772cd00b108221bd16fb8fbaeb1b8cf1ee8,6073,file,file,org,documentation,descriptive,,BASE06,reference-only,Supporting/package/admin/media/fixture leaf is explicitly retained in donor accountability; no independent target mechanism is justified beyond its donor/context record.,Explicit supporting leaf; base donor evidence only.
l7mp-master,Dockerfile,ff48954aacbe2f9e0ae2678cb63eee0c08f179e355298c08f06cd9b164daa12f,2788,file,file,other,deployment,authoritative,,BASE06;L7MP004,reference-only,Deployment material provides operational lessons but does not map to LumiNet desktop/daemon deployment topology.,Focused semantic link(s) plus base accountability.
l7mp-master,LICENSE.md,12dabf31a7a28ea29264ba2061b8b6f784ecaddc77a7c92aa2e85b5cff8c2a8b,1137,file,file,markdown,governance,descriptive,,BASE06,reference-only,Supporting/package/admin/media/fixture leaf is explicitly retained in donor accountability; no independent target mechanism is justified beyond its donor/context record.,Explicit supporting leaf; base donor evidence only.
l7mp-master,README.md,f10ff3da8a6f15d3cfc62a88d1c2144e7c726784c752a473ad992b54c36e8746,30878,file,file,markdown,documentation,descriptive,,BASE06,reference-only,Supporting/package/admin/media/fixture leaf is explicitly retained in donor accountability; no independent target mechanism is justified beyond its donor/context record.,Explicit supporting leaf; base donor evidence only.
l7mp-master,cluster.js,269039a3154d0871e43b5eac3644d9e3330d471c279c7234bb85d2e540470f1d,39732,file,file,javascript,implementation,authoritative,,BASE06;L7MP005,reference-only,"The donor control-plane object model was reviewed completely; only health/load/stickiness/freshness primitives fit target owners, while listener/session/config authority remains superseded.",Focused semantic link(s) plus base accountability.
l7mp-master,config/l7mp-metric-prometheus.yaml,920595ece02921678ef32d79dc16f3a4170ddba0f783b20a404bdebe28a462bc,1568,file,file,yaml,configuration,authoritative,,BASE06;L7MP005,reference-only,"The donor control-plane object model was reviewed completely; only health/load/stickiness/freshness primitives fit target owners, while listener/session/config authority remains superseded.",Focused semantic link(s) plus base accountability.
l7mp-master,config/l7mp-minimal.yaml,fe0bc15572dfa6ef6e6dbad7bc7e9fe1d0e7454ded758a0a6cf37b7d5a020606,493,file,file,yaml,configuration,authoritative,,BASE06;L7MP005,reference-only,"The donor control-plane object model was reviewed completely; only health/load/stickiness/freshness primitives fit target owners, while listener/session/config authority remains superseded.",Focused semantic link(s) plus base accountability.
l7mp-master,config/l7mp-prometheus.yaml,78577206394b78a89bb4188c443b7e4506e0a60025db54ee574612a59e1f9c62,708,file,file,yaml,configuration,authoritative,,BASE06;L7MP005,reference-only,"The donor control-plane object model was reviewed completely; only health/load/stickiness/freshness primitives fit target owners, while listener/session/config authority remains superseded.",Focused semantic link(s) plus base accountability.
l7mp-master,config/l7mp-rewrite.yaml,29b65e1760dee4585fec73e6bbda31ca4dd364330f0fcd2044c15b88bb12c614,781,file,file,yaml,configuration,authoritative,,BASE06;L7MP005,reference-only,"The donor control-plane object model was reviewed completely; only health/load/stickiness/freshness primitives fit target owners, while listener/session/config authority remains superseded.",Focused semantic link(s) plus base accountability.
l7mp-master,config/l7mp-rule-test.yaml,922dc32ebd5ea4bfe38a0f8cecefd2f2a599288a2010acb20d9f41a4846835a8,794,file,file,yaml,configuration,authoritative,,BASE06;L7MP005,reference-only,"The donor control-plane object model was reviewed completely; only health/load/stickiness/freshness primitives fit target owners, while listener/session/config authority remains superseded.",Focused semantic link(s) plus base accountability.
l7mp-master,config/l7mp-simple.yaml,af85bc2c900e146f4e2080c8c55a07d04fce5732436daf66483125c556cf413e,1066,file,file,yaml,configuration,authoritative,,BASE06;L7MP005,reference-only,"The donor control-plane object model was reviewed completely; only health/load/stickiness/freshness primitives fit target owners, while listener/session/config authority remains superseded.",Focused semantic link(s) plus base accountability.
l7mp-master,config/l7mp-sync-test.yaml,7387df4b89d75cb90c6277a357de3acba4fc20845b021a799b2218fd28a74e6d,313,file,file,yaml,configuration,authoritative,,BASE06;L7MP005,reference-only,"The donor control-plane object model was reviewed completely; only health/load/stickiness/freshness primitives fit target owners, while listener/session/config authority remains superseded.",Focused semantic link(s) plus base accountability.
l7mp-master,config/l7mp-udp-udp.yaml,f7e851cca734e0fd961549473059352aea1075ae1a6803862affdbbc669e6b55,1181,file,file,yaml,configuration,authoritative,,BASE06;L7MP005,reference-only,"The donor control-plane object model was reviewed completely; only health/load/stickiness/freshness primitives fit target owners, while listener/session/config authority remains superseded.",Focused semantic link(s) plus base accountability.
l7mp-master,config/l7mp-uds-echo.yaml,6612c2acbeec74c1cf41b2284d267ae6181dec64242884e22a2657ea66af20a0,332,file,file,yaml,configuration,authoritative,,BASE06;L7MP005,reference-only,"The donor control-plane object model was reviewed completely; only health/load/stickiness/freshness primitives fit target owners, while listener/session/config authority remains superseded.",Focused semantic link(s) plus base accountability.
l7mp-master,doc/README.md,63d32df187a85a854d0d1cf1e904699dfc540596a3b44803e0ba714ed36320b1,12526,file,file,markdown,documentation,descriptive,,BASE06,reference-only,Supporting/package/admin/media/fixture leaf is explicitly retained in donor accountability; no independent target mechanism is justified beyond its donor/context record.,Explicit supporting leaf; base donor evidence only.
l7mp-master,doc/dns-task.md,9c7689f6c18c9a36f1129b6c64aec5d9dc91fdc90df7fba008ccdf1ff27a5c5e,14665,file,file,markdown,documentation,descriptive,,BASE06,reference-only,Supporting/package/admin/media/fixture leaf is explicitly retained in donor accountability; no independent target mechanism is justified beyond its donor/context record.,Explicit supporting leaf; base donor evidence only.
l7mp-master,doc/index.html,4174774c43f3d46addeb8982b1b2c6678acabff8b95ab7fb742b1a1930a84fef,58778,file,file,html,fixture,derived,,BASE06,reference-only,Supporting/package/admin/media/fixture leaf is explicitly retained in donor accountability; no independent target mechanism is justified beyond its donor/context record.,Explicit supporting leaf; base donor evidence only.
l7mp-master,doc/jsonsocket-spec.org,185471366d6561f36ad71fa25e08e29eab90d67bd0bb3759173b631aa3a141a7,8299,file,file,org,documentation,descriptive,,BASE06,reference-only,Supporting/package/admin/media/fixture leaf is explicitly retained in donor accountability; no independent target mechanism is justified beyond its donor/context record.,Explicit supporting leaf; base donor evidence only.
l7mp-master,doc/l7mp-k8s-api.org,39296d6923e5ed9e6541ce1528a6b379faf61831e1afda78ff52226800b66b3b,34729,file,file,org,documentation,descriptive,,BASE06,reference-only,Supporting/package/admin/media/fixture leaf is explicitly retained in donor accountability; no independent target mechanism is justified beyond its donor/context record.,Explicit supporting leaf; base donor evidence only.
l7mp-master,doc/l7mp_getting_started.md,cd59209ad876aee6f7f4f31ac21e7066a21183f456a24b192327079e0932c0b9,19387,file,file,markdown,documentation,descriptive,,BASE06,reference-only,Supporting/package/admin/media/fixture leaf is explicitly retained in donor accountability; no independent target mechanism is justified beyond its donor/context record.,Explicit supporting leaf; base donor evidence only.
l7mp-master,doc/l7mp_overview.md,5af63905f9b2e316de17d0dbefb5055f2948e8058de5b14e3efd7db528db0df4,14103,file,file,markdown,documentation,descriptive,,BASE06,reference-only,Supporting/package/admin/media/fixture leaf is explicitly retained in donor accountability; no independent target mechanism is justified beyond its donor/context record.,Explicit supporting leaf; base donor evidence only.
l7mp-master,doc/l7mp_proxy.md,9c910eaf520a3079f72b80ad4c988f5f77114b79765c2a5bfa5905f9a4ad8114,390,file,file,markdown,documentation,descriptive,,BASE06,reference-only,Supporting/package/admin/media/fixture leaf is explicitly retained in donor accountability; no independent target mechanism is justified beyond its donor/context record.,Explicit supporting leaf; base donor evidence only.
l7mp-master,doc/l7mp_service_mesh.md,3b262e229f7793ce8a99e4ed4c851cff4543752c74e7d86af144729d0a922b5b,9920,file,file,markdown,documentation,descriptive,,BASE06;L7MP002,inspired-native,Mesh topology concepts motivate stale/unhealthy edge exclusion without importing L7MP control plane.,Focused semantic link(s) plus base accountability.
l7mp-master,doc/task1.md,a38a012cb2bd686a2d6d7a57c13fe18313ade02ea11c0ec02081fd97332e66db,8300,file,file,markdown,documentation,descriptive,,BASE06,reference-only,Supporting/package/admin/media/fixture leaf is explicitly retained in donor accountability; no independent target mechanism is justified beyond its donor/context record.,Explicit supporting leaf; base donor evidence only.
l7mp-master,error.js,3e6db96f9dd2f27f12fdeaaa3a61d86c90f60abdaa46713f202d802c36269d51,3638,file,file,javascript,implementation,authoritative,,BASE06;L7MP005,reference-only,"The donor control-plane object model was reviewed completely; only health/load/stickiness/freshness primitives fit target owners, while listener/session/config authority remains superseded.",Focused semantic link(s) plus base accountability.
l7mp-master,helm-charts/README.md,5ac7d6c56842866cb8ccbe29190823701a7c1fdbcbfd5fa8c184a724dd55db90,1258,file,file,markdown,deployment,authoritative,,BASE06;L7MP004,reference-only,Deployment material provides operational lessons but does not map to LumiNet desktop/daemon deployment topology.,Focused semantic link(s) plus base accountability.
l7mp-master,helm-charts/l7mp-ingress/.helmignore,bb987e6a8ef45a99255d1d632812482d5f0f3255ea841520b4d90342df5fe2b3,349,file,file,other,deployment,authoritative,,BASE06;L7MP004,reference-only,Deployment material provides operational lessons but does not map to LumiNet desktop/daemon deployment topology.,Focused semantic link(s) plus base accountability.
l7mp-master,helm-charts/l7mp-ingress/Chart.yaml,157def63072e777db00803b57448806edf7122b08cb98c59720a8273e3a29652,574,file,file,yaml,deployment,authoritative,,BASE06;L7MP004,reference-only,Deployment material provides operational lessons but does not map to LumiNet desktop/daemon deployment topology.,Focused semantic link(s) plus base accountability.
l7mp-master,helm-charts/l7mp-ingress/charts/l7mp-operator,5ecebb5b920cc104b6e4fd728dc36948ff8d9f583faa842006b42099a546aba0,19,symlink,symlink,other,deployment,authoritative,../../l7mp-operator,BASE06;L7MP004,reference-only,Deployment material provides operational lessons but does not map to LumiNet desktop/daemon deployment topology.,Focused semantic link(s) plus base accountability.
l7mp-master,helm-charts/l7mp-ingress/templates/NOTES.txt,4ca4e32c5af4ea1f85c8855c2209c13583eb5302fa7798344a4b8347ebf3074c,792,file,file,other,deployment,authoritative,,BASE06;L7MP004,reference-only,Deployment material provides operational lessons but does not map to LumiNet desktop/daemon deployment topology.,Focused semantic link(s) plus base accountability.
l7mp-master,helm-charts/l7mp-ingress/templates/_helpers.yaml,006045db545bec544b581fd268505a30d1249efe476548ad09ffe702bf676540,1832,file,file,yaml,deployment,authoritative,,BASE06;L7MP004,reference-only,Deployment material provides operational lessons but does not map to LumiNet desktop/daemon deployment topology.,Focused semantic link(s) plus base accountability.
l7mp-master,helm-charts/l7mp-ingress/templates/configmap.yaml,5a019dbdf74b79fb665061ff55dbe81b0b0f9708e1e05437893725577d504645,773,file,file,yaml,deployment,authoritative,,BASE06;L7MP004,reference-only,Deployment material provides operational lessons but does not map to LumiNet desktop/daemon deployment topology.,Focused semantic link(s) plus base accountability.
l7mp-master,helm-charts/l7mp-ingress/templates/daemonset.yaml,1824b8f9a0a8daf12bc1088b9d76d51bd9a4693ed6aa263c8980370351a6f2e6,1462,file,file,yaml,deployment,authoritative,,BASE06;L7MP004,reference-only,Deployment material provides operational lessons but does not map to LumiNet desktop/daemon deployment topology.,Focused semantic link(s) plus base accountability.
l7mp-master,helm-charts/l7mp-ingress/templates/service.yaml,c8c770f4edbaba48a70491b05044857bc3b0ed62c04c8ea4f871e862d425bb91,434,file,file,yaml,deployment,authoritative,,BASE06;L7MP004,reference-only,Deployment material provides operational lessons but does not map to LumiNet desktop/daemon deployment topology.,Focused semantic link(s) plus base accountability.
l7mp-master,helm-charts/l7mp-ingress/values.yaml,d58f5583ac5b5a46e92f968dfb26294fb881f7a8dcc5e6c57e67693e02e4862b,988,file,file,yaml,deployment,authoritative,,BASE06;L7MP004,reference-only,Deployment material provides operational lessons but does not map to LumiNet desktop/daemon deployment topology.,Focused semantic link(s) plus base accountability.
l7mp-master,helm-charts/l7mp-operator/.helmignore,bb987e6a8ef45a99255d1d632812482d5f0f3255ea841520b4d90342df5fe2b3,349,file,file,other,deployment,authoritative,,BASE06;L7MP004,reference-only,Deployment material provides operational lessons but does not map to LumiNet desktop/daemon deployment topology.,Focused semantic link(s) plus base accountability.
l7mp-master,helm-charts/l7mp-operator/Chart.yaml,ccacdb58c0554bc104e00fc3d79a01f7163989c37f57303d60900263edf07e71,485,file,file,yaml,deployment,authoritative,,BASE06;L7MP004,reference-only,Deployment material provides operational lessons but does not map to LumiNet desktop/daemon deployment topology.,Focused semantic link(s) plus base accountability.
l7mp-master,helm-charts/l7mp-operator/crds/crd.yml,27a87ec52251db7b80a7d1c079dacca5e84598920aae91dde40727e507209fd5,29,symlink,symlink,yaml,deployment,authoritative,../../../k8s-operator/crd.yml,BASE06;L7MP004,reference-only,Deployment material provides operational lessons but does not map to LumiNet desktop/daemon deployment topology.,Focused semantic link(s) plus base accountability.
l7mp-master,helm-charts/l7mp-operator/crds/kopf.yml,fa8dfc1ef75ea215a57df3399247cfb96bfa5984d99585c4a9ac8d48c8dc9e7b,487,file,file,yaml,deployment,authoritative,,BASE06;L7MP004,reference-only,Deployment material provides operational lessons but does not map to LumiNet desktop/daemon deployment topology.,Focused semantic link(s) plus base accountability.
l7mp-master,helm-charts/l7mp-operator/templates/deployment.yaml,efa6c0235fe2db817873552a4f4079002051a4e7fce8388fe7ec2625c3aed451,869,file,file,yaml,deployment,authoritative,,BASE06;L7MP004,reference-only,Deployment material provides operational lessons but does not map to LumiNet desktop/daemon deployment topology.,Focused semantic link(s) plus base accountability.
l7mp-master,helm-charts/l7mp-operator/templates/peering.yaml,0fb410c83458c7cb5191528091ff5198016daa4bfb2d73d0919d0c9f1c3e4a5e,182,file,file,yaml,deployment,authoritative,,BASE06;L7MP004,reference-only,Deployment material provides operational lessons but does not map to LumiNet desktop/daemon deployment topology.,Focused semantic link(s) plus base accountability.
l7mp-master,helm-charts/l7mp-operator/templates/post-delete-job.yaml,78a7e6f88ba46bad53b1cb93b9aff481fb6e474c8650636ea49203f029b3496c,3583,file,file,yaml,deployment,authoritative,,BASE06;L7MP004,reference-only,Deployment material provides operational lessons but does not map to LumiNet desktop/daemon deployment topology.,Focused semantic link(s) plus base accountability.
l7mp-master,helm-charts/l7mp-operator/templates/rbac.yaml,ceb9cd9994853369bae3544863e093c4dc8ae4acb769a79ec3d5d9a7223c2548,1388,file,file,yaml,deployment,authoritative,,BASE06;L7MP004,reference-only,Deployment material provides operational lessons but does not map to LumiNet desktop/daemon deployment topology.,Focused semantic link(s) plus base accountability.
l7mp-master,helm-charts/l7mp-operator/templates/serviceaccount.yaml,29af6fdb3fddc9f0a98ad5b30e93fa7cd39ee3bb68ccd613aa496f36cda444d0,182,file,file,yaml,deployment,authoritative,,BASE06;L7MP004,reference-only,Deployment material provides operational lessons but does not map to LumiNet desktop/daemon deployment topology.,Focused semantic link(s) plus base accountability.
l7mp-master,helm-charts/l7mp-operator/values.yaml,725f70159de6da76d09904cdba5058978e9f28357b6e3931af9ad6f90849fb97,641,file,file,yaml,deployment,authoritative,,BASE06;L7MP004,reference-only,Deployment material provides operational lessons but does not map to LumiNet desktop/daemon deployment topology.,Focused semantic link(s) plus base accountability.
l7mp-master,helm-charts/l7mp-prometheus/.helmignore,9b86bd45b1d37e26c43969c0d000fd1b355ee46e47f14c985b1996f4100bfc44,364,file,file,other,deployment,authoritative,,BASE06;L7MP004,reference-only,Deployment material provides operational lessons but does not map to LumiNet desktop/daemon deployment topology.,Focused semantic link(s) plus base accountability.
l7mp-master,helm-charts/l7mp-prometheus/Chart.yaml,8e1a69c19509bd449497a0e21aa6c3220024836681c16d714928b0c9ea2015bf,1140,file,file,yaml,deployment,authoritative,,BASE06;L7MP004,reference-only,Deployment material provides operational lessons but does not map to LumiNet desktop/daemon deployment topology.,Focused semantic link(s) plus base accountability.
l7mp-master,helm-charts/l7mp-prometheus/README.md,dbf5b4e852c2c64f8a0910ebe90b8e395ef161e2ce065feb008967c66c0f58a0,175,file,file,markdown,deployment,authoritative,,BASE06;L7MP004,reference-only,Deployment material provides operational lessons but does not map to LumiNet desktop/daemon deployment topology.,Focused semantic link(s) plus base accountability.
l7mp-master,helm-charts/l7mp-prometheus/crds/crd.yaml,6b25492d05f887620079b323da602dde04b1aa747a651dda10a4e1d69cfadcd5,1053777,file,file,yaml,deployment,authoritative,,BASE06;L7MP004,reference-only,Deployment material provides operational lessons but does not map to LumiNet desktop/daemon deployment topology.,Focused semantic link(s) plus base accountability.
l7mp-master,helm-charts/l7mp-prometheus/templates/1-namespace.yaml,28835e6d7e9ccd7b8e299f029673e20f3c51863a056ff48fa28e2b52267ceb6a,78,file,file,yaml,deployment,authoritative,,BASE06;L7MP004,reference-only,Deployment material provides operational lessons but does not map to LumiNet desktop/daemon deployment topology.,Focused semantic link(s) plus base accountability.
l7mp-master,helm-charts/l7mp-prometheus/templates/_helpers.tpl,5439d1702cf7e4fa721a171b2280e37ecdc28813319215691133f4d1f4a2395c,425,file,file,other,deployment,authoritative,,BASE06;L7MP004,reference-only,Deployment material provides operational lessons but does not map to LumiNet desktop/daemon deployment topology.,Focused semantic link(s) plus base accountability.
l7mp-master,helm-charts/l7mp-prometheus/templates/alertmanager-alertmanager.yaml,204ff7a4b7c80478ee6509fdfc0e7221830b6544d9b392829600436738983e5b,976,file,file,yaml,deployment,authoritative,,BASE06;L7MP004,reference-only,Deployment material provides operational lessons but does not map to LumiNet desktop/daemon deployment topology.,Focused semantic link(s) plus base accountability.
l7mp-master,helm-charts/l7mp-prometheus/templates/grafana.yaml,4ecc41c0029dad9f973f360b17df05edfe32cb6936cd8b76e01e91aef8485c90,1819,file,file,yaml,deployment,authoritative,,BASE06;L7MP004,reference-only,Deployment material provides operational lessons but does not map to LumiNet desktop/daemon deployment topology.,Focused semantic link(s) plus base accountability.
l7mp-master,helm-charts/l7mp-prometheus/templates/kube-state-metrics.yaml,622e1bf4e76561b97c8418f1a1bc6ea72ccf5070115517ca9ee10a28c48549dc,5789,file,file,yaml,deployment,authoritative,,BASE06;L7MP004,reference-only,Deployment material provides operational lessons but does not map to LumiNet desktop/daemon deployment topology.,Focused semantic link(s) plus base accountability.
l7mp-master,helm-charts/l7mp-prometheus/templates/node-exporter.yaml,6e18eb5714c17295b8cbfa441bec4fc774c15196008c1c034d93e79b8577e7c9,4486,file,file,yaml,deployment,authoritative,,BASE06;L7MP004,reference-only,Deployment material provides operational lessons but does not map to LumiNet desktop/daemon deployment topology.,Focused semantic link(s) plus base accountability.
l7mp-master,helm-charts/l7mp-prometheus/templates/pod-monitor.yaml,72593833da115071786e51baf07c6dca90c481646e1a816d295498a167e38fea,639,file,file,yaml,deployment,authoritative,,BASE06;L7MP004,reference-only,Deployment material provides operational lessons but does not map to LumiNet desktop/daemon deployment topology.,Focused semantic link(s) plus base accountability.
l7mp-master,helm-charts/l7mp-prometheus/templates/prometheus-operator-deployment.yaml,b094ab5dd48b3a0e80397021ff36420c997b5f6cba4d9305ba7da7006c6052a8,1663,file,file,yaml,deployment,authoritative,,BASE06;L7MP004,reference-only,Deployment material provides operational lessons but does not map to LumiNet desktop/daemon deployment topology.,Focused semantic link(s) plus base accountability.
l7mp-master,helm-charts/l7mp-prometheus/templates/prometheus-operator-service.yaml,48033374b5d2d530ffea97f7f549e16d82e2e9db4f5dd5c1c0da114531b90ca5,679,file,file,yaml,deployment,authoritative,,BASE06;L7MP004,reference-only,Deployment material provides operational lessons but does not map to LumiNet desktop/daemon deployment topology.,Focused semantic link(s) plus base accountability.
l7mp-master,helm-charts/l7mp-prometheus/templates/prometheus-rule.yaml,677247eda7f1529417301baae781b79b917e660d8d9e9ed02ffeabedaee262da,547,file,file,yaml,deployment,authoritative,,BASE06;L7MP004,reference-only,Deployment material provides operational lessons but does not map to LumiNet desktop/daemon deployment topology.,Focused semantic link(s) plus base accountability.
l7mp-master,helm-charts/l7mp-prometheus/templates/prometheus-service.yaml,30a15033e0d895b6048d80ecd868d5a1bc4b8b66615979f60eecaadbc98095c9,248,file,file,yaml,deployment,authoritative,,BASE06;L7MP004,reference-only,Deployment material provides operational lessons but does not map to LumiNet desktop/daemon deployment topology.,Focused semantic link(s) plus base accountability.
l7mp-master,helm-charts/l7mp-prometheus/templates/prometheus.yaml,adecc25fe6ac6725d11fd082057ec52b8ab6d19ebb5086a9120320598771046c,610,file,file,yaml,deployment,authoritative,,BASE06;L7MP004,reference-only,Deployment material provides operational lessons but does not map to LumiNet desktop/daemon deployment topology.,Focused semantic link(s) plus base accountability.
l7mp-master,helm-charts/l7mp-prometheus/templates/rbac.yaml,7ae7496826a21c8615a4c8a46e382c5e86531288471a02d38ebad16b42b5c17d,1736,file,file,yaml,deployment,authoritative,,BASE06;L7MP004,reference-only,Deployment material provides operational lessons but does not map to LumiNet desktop/daemon deployment topology.,Focused semantic link(s) plus base accountability.
l7mp-master,helm-charts/l7mp-prometheus/templates/service-account.yaml,1a49fbb9c1bf30c53e226940e4bd30b97af782541972af6c597be9747ae2ee51,389,file,file,yaml,deployment,authoritative,,BASE06;L7MP004,reference-only,Deployment material provides operational lessons but does not map to LumiNet desktop/daemon deployment topology.,Focused semantic link(s) plus base accountability.
l7mp-master,helm-charts/l7mp-prometheus/templates/service-monitor.yaml,01855183bd92a99e88e25410b601cc84869ce894c8825172a7bf4adc389b4efb,374,file,file,yaml,deployment,authoritative,,BASE06;L7MP004,reference-only,Deployment material provides operational lessons but does not map to LumiNet desktop/daemon deployment topology.,Focused semantic link(s) plus base accountability.
l7mp-master,helm-charts/l7mp-prometheus/values.yaml,c1c2f2477d6023bc6a854fa93b1ce54f80499e19c84bc8874d288dba8124725f,789,file,file,yaml,deployment,authoritative,,BASE06;L7MP004,reference-only,Deployment material provides operational lessons but does not map to LumiNet desktop/daemon deployment topology.,Focused semantic link(s) plus base accountability.
l7mp-master,k8s-operator/.gitignore,6084bb566adfdc941884d069cb13677417972116f2fcabf44140ba250e67ebcf,59,file,file,other,repository-administration,derived,,BASE06;L7MP002;L7MP004,inspired-native,Mesh topology concepts motivate stale/unhealthy edge exclusion without importing L7MP control plane.,Focused semantic link(s) plus base accountability.
l7mp-master,k8s-operator/Dockerfile,34436c628ac422860d67f144bf0bc3f6926a2cf6c531f3a24c5163436ce641d8,267,file,file,other,deployment,authoritative,,BASE06;L7MP002;L7MP004,inspired-native,Mesh topology concepts motivate stale/unhealthy edge exclusion without importing L7MP control plane.,Focused semantic link(s) plus base accountability.
l7mp-master,k8s-operator/README.md,5767cf6e64ee3daada758575bb11e13c4c5f216fe29c799c208a7de53ddfa890,139,file,file,markdown,documentation,descriptive,,BASE06;L7MP002;L7MP004,inspired-native,Mesh topology concepts motivate stale/unhealthy edge exclusion without importing L7MP control plane.,Focused semantic link(s) plus base accountability.
l7mp-master,k8s-operator/build,473df4b056f1d63d6a6f97e992ea0e081e7142fdc39200fac1aca80bf7438cdd,527,file,file,other,fixture,derived,,BASE06;L7MP002;L7MP004,inspired-native,Mesh topology concepts motivate stale/unhealthy edge exclusion without importing L7MP control plane.,Focused semantic link(s) plus base accountability.
l7mp-master,k8s-operator/crd.template.yml,7400417bae3cbf102755874668fe596e5c2faffe27ff7cf95e1e000a7a503f7a,2316,file,file,yaml,configuration,authoritative,,BASE06;L7MP002;L7MP004,inspired-native,Mesh topology concepts motivate stale/unhealthy edge exclusion without importing L7MP control plane.,Focused semantic link(s) plus base accountability.
l7mp-master,k8s-operator/deployment.yml,d248853a9747b6c9833c583e9c9fca8480221871c7553b87949c05b2342a97af,369,file,file,yaml,deployment,authoritative,,BASE06;L7MP002;L7MP004,inspired-native,Mesh topology concepts motivate stale/unhealthy edge exclusion without importing L7MP control plane.,Focused semantic link(s) plus base accountability.
l7mp-master,k8s-operator/l7mp.py,630b1474e52a7084765bb14981c0d9fcbec24df8ef2a79790593a5bd566cf10c,27910,file,file,python,implementation,authoritative,,BASE06;L7MP002;L7MP004,inspired-native,Mesh topology concepts motivate stale/unhealthy edge exclusion without importing L7MP control plane.,Focused semantic link(s) plus base accountability.
l7mp-master,k8s-operator/rbac.template.yml,b3b6bbf691aff614e5ed397969ec7576d09172b8ac7c6bf88b5244d1b4e075ba,2095,file,file,yaml,configuration,authoritative,,BASE06;L7MP002;L7MP004,inspired-native,Mesh topology concepts motivate stale/unhealthy edge exclusion without importing L7MP control plane.,Focused semantic link(s) plus base accountability.
l7mp-master,kernel-offload/.clang-format,eb26feef2b9bb0d29a78446f07c64413c1735d16d3c5dab3e19cf36450b9442e,262,file,file,other,fixture,derived,,BASE06;L7MP003,rejected-with-reason,Privileged kernel fast path would expand deployment authority and is not required for target correctness.,Focused semantic link(s) plus base accountability.
l7mp-master,kernel-offload/Makefile,5887ccfa142d22167cc5466cbcce1999b72026a19293c77e535fc295997a2a64,1691,file,file,other,configuration,authoritative,,BASE06;L7MP003,rejected-with-reason,Privileged kernel fast path would expand deployment authority and is not required for target correctness.,Focused semantic link(s) plus base accountability.
l7mp-master,kernel-offload/README.md,f95fcc8db85f94f40000c6ea2cc3d1fe17ca0d8562df2be7d75d18761e1d2a94,7541,file,file,markdown,documentation,descriptive,,BASE06;L7MP003,rejected-with-reason,Privileged kernel fast path would expand deployment authority and is not required for target correctness.,Focused semantic link(s) plus base accountability.
l7mp-master,kernel-offload/udp_kernel_offload.c,a511dd703ca5b574b7200972feb57d6572cd6f4ef9e73d9e3c27a0df7d1ce54f,8897,file,file,c,implementation,authoritative,,BASE06;L7MP003,rejected-with-reason,Privileged kernel fast path would expand deployment authority and is not required for target correctness.,Focused semantic link(s) plus base accountability.
l7mp-master,l7mp-openapi.js,ccf6cf61bbf730c8fc778c16bd0f997907489e330dfd04f41cd45111c9f2e182,23958,file,file,javascript,implementation,authoritative,,BASE06;L7MP005,reference-only,"The donor control-plane object model was reviewed completely; only health/load/stickiness/freshness primitives fit target owners, while listener/session/config authority remains superseded.",Focused semantic link(s) plus base accountability.
l7mp-master,l7mp-proxy.js,8f807fe9bc753834742682f003ab508218d333fb68494b12f4f3c9c24dbc3090,3361,file,file,javascript,implementation,authoritative,,BASE06;L7MP001,recomposed,Health/capacity/stickiness semantics strengthen target selection when bounded by existing quality ordering.,Focused semantic link(s) plus base accountability.
l7mp-master,l7mp.js,b896ff0210afcc2b76907bbb595801eff46be65aaea01d3ca6b4f57068d85adf,41356,file,file,javascript,implementation,authoritative,,BASE06;L7MP001,recomposed,Health/capacity/stickiness semantics strengthen target selection when bounded by existing quality ordering.,Focused semantic link(s) plus base accountability.
l7mp-master,license.js,a81b87f122ad0acd82c8aff1fa633f7a420962d2d655aea0a98d789a4aca77e8,1163,file,file,javascript,governance,descriptive,,BASE06,reference-only,Supporting/package/admin/media/fixture leaf is explicitly retained in donor accountability; no independent target mechanism is justified beyond its donor/context record.,Explicit supporting leaf; base donor evidence only.
l7mp-master,listener.js,969323435cc177c483a0fa0ac5510014cb6a0fa19295b29cbc6ec7daf2d969bb,32575,file,file,javascript,implementation,authoritative,,BASE06;L7MP005,reference-only,"The donor control-plane object model was reviewed completely; only health/load/stickiness/freshness primitives fit target owners, while listener/session/config authority remains superseded.",Focused semantic link(s) plus base accountability.
l7mp-master,logo.svg,a6d2c3d3577e51bf91a91dde6714758bda08bb80c6fb249f141cb6bf9f1f681f,9135,file,file,other,media,derived,,BASE06,reference-only,Supporting/package/admin/media/fixture leaf is explicitly retained in donor accountability; no independent target mechanism is justified beyond its donor/context record.,Explicit supporting leaf; base donor evidence only.
l7mp-master,monitoring.js,5c7cfc4f658f7ff922b8552674a5da3cb1e4bdcf8359061621a8b3b96e8dc70c,3694,file,file,javascript,implementation,authoritative,,BASE06;L7MP005,reference-only,"The donor control-plane object model was reviewed completely; only health/load/stickiness/freshness primitives fit target owners, while listener/session/config authority remains superseded.",Focused semantic link(s) plus base accountability.
l7mp-master,openapi/convert-schema,63d0450a68146111d2b2d322b097f207b6647b30fdb09cdbd5550ce3835d429d,5835,file,file,other,fixture,derived,,BASE06;L7MP005,reference-only,"The donor control-plane object model was reviewed completely; only health/load/stickiness/freshness primitives fit target owners, while listener/session/config authority remains superseded.",Focused semantic link(s) plus base accountability.
l7mp-master,openapi/l7mp-openapi.2.yaml,e7e90778294fe589b7367c8f7c9795df2fb985b609ad2d9515576fd677737145,72256,file,file,yaml,configuration,authoritative,,BASE06;L7MP005,reference-only,"The donor control-plane object model was reviewed completely; only health/load/stickiness/freshness primitives fit target owners, while listener/session/config authority remains superseded.",Focused semantic link(s) plus base accountability.
l7mp-master,openapi/l7mp-openapi.yaml,0593814c094236672a85d64287e93423855fdb10197940f7efa85a8956c0f5b2,74377,file,file,yaml,configuration,authoritative,,BASE06;L7MP005,reference-only,"The donor control-plane object model was reviewed completely; only health/load/stickiness/freshness primitives fit target owners, while listener/session/config authority remains superseded.",Focused semantic link(s) plus base accountability.
l7mp-master,package-lock.json,e32af005c0d60ce078151b240a9445ed9b8b47c31b19ce6ca026c6fc0b376141,191751,file,file,json,configuration,authoritative,,BASE06,reference-only,Supporting/package/admin/media/fixture leaf is explicitly retained in donor accountability; no independent target mechanism is justified beyond its donor/context record.,Explicit supporting leaf; base donor evidence only.
l7mp-master,package.json,399124a1ef9366e206b71ceaca16065c8bb300d98719146a0471b2dd8575faa4,1961,file,file,json,configuration,authoritative,,BASE06,reference-only,Supporting/package/admin/media/fixture leaf is explicitly retained in donor accountability; no independent target mechanism is justified beyond its donor/context record.,Explicit supporting leaf; base donor evidence only.
l7mp-master,python-client/.gitignore,822e1688f3c3b02c82ce6dfcefbf4220c7a06e4ce98ecf484aa5846b7090d170,24,file,file,other,repository-administration,derived,,BASE06,reference-only,Supporting/package/admin/media/fixture leaf is explicitly retained in donor accountability; no independent target mechanism is justified beyond its donor/context record.,Explicit supporting leaf; base donor evidence only.
l7mp-master,python-client/generate,a3766c253cbccc2025550971eb909d5055131ca3d0a261cf84dd0a224f4aa06f,394,file,file,other,fixture,derived,,BASE06,reference-only,Supporting/package/admin/media/fixture leaf is explicitly retained in donor accountability; no independent target mechanism is justified beyond its donor/context record.,Explicit supporting leaf; base donor evidence only.
l7mp-master,route.js,8836dce2b15e393d0cb22049710d68ec8b9e57f58059ab48d961d790327724db,1983,file,file,javascript,implementation,authoritative,,BASE06;L7MP005,reference-only,"The donor control-plane object model was reviewed completely; only health/load/stickiness/freshness primitives fit target owners, while listener/session/config authority remains superseded.",Focused semantic link(s) plus base accountability.
l7mp-master,rule.js,6704f310f15c571a32db66c19269f1e6bfb1c7a80f4473591d63a3447e4b8d84,6339,file,file,javascript,implementation,authoritative,,BASE06;L7MP005,reference-only,"The donor control-plane object model was reviewed completely; only health/load/stickiness/freshness primitives fit target owners, while listener/session/config authority remains superseded.",Focused semantic link(s) plus base accountability.
l7mp-master,session.js,b92a72b91fefcc9b97647019af5dd60fe879a18e99b1f86f09bb3be34833ebc1,39295,file,file,javascript,implementation,authoritative,,BASE06;L7MP005,reference-only,"The donor control-plane object model was reviewed completely; only health/load/stickiness/freshness primitives fit target owners, while listener/session/config authority remains superseded.",Focused semantic link(s) plus base accountability.
l7mp-master,stream-counter.js,0fa1d4d4847bc17a435d5498d09dfb87ef0efd545fbb656e8c84dfd7303e45c2,1273,file,file,javascript,implementation,authoritative,,BASE06;L7MP001,recomposed,Health/capacity/stickiness semantics strengthen target selection when bounded by existing quality ordering.,Focused semantic link(s) plus base accountability.
l7mp-master,stream.js,8587e21c38d82de47261328f9ed790759786398ae9269383ddf801e0516cdaf4,9758,file,file,javascript,implementation,authoritative,,BASE06;L7MP005,reference-only,"The donor control-plane object model was reviewed completely; only health/load/stickiness/freshness primitives fit target owners, while listener/session/config authority remains superseded.",Focused semantic link(s) plus base accountability.
l7mp-master,test/04-getAtPath-setAtPath.test.js,8186aa5d6808e82b8b8e64b6b9aac4ce472899584ee19c5e59c9ce4f9dd18351,17546,file,file,javascript,implementation,authoritative,,BASE06;L7MP001,recomposed,Health/capacity/stickiness semantics strengthen target selection when bounded by existing quality ordering.,Focused semantic link(s) plus base accountability.
l7mp-master,test/10-JSONSocket-endpoint.test.js,93385dae6d91b3cd7cdcaa1eb865ab51af7c0648a3cfdf87c9601e8eebd0ab59,2323,file,file,javascript,implementation,authoritative,,BASE06;L7MP001,recomposed,Health/capacity/stickiness semantics strengthen target selection when bounded by existing quality ordering.,Focused semantic link(s) plus base accountability.
l7mp-master,test/10-netsocket-endpoint.test.js,7d5c6d6a8471b18cda34176e0c69b75f0234c85649a5946b766ea26a3426db92,4484,file,file,javascript,implementation,authoritative,,BASE06;L7MP001,recomposed,Health/capacity/stickiness semantics strengthen target selection when bounded by existing quality ordering.,Focused semantic link(s) plus base accountability.
l7mp-master,test/10-test-endpoint.test.js,43d9397d6fbd5ff10ccadd4cf8283bdceb478be9336b53f232472e4c36a0b52d,4950,file,file,javascript,implementation,authoritative,,BASE06;L7MP001,recomposed,Health/capacity/stickiness semantics strengthen target selection when bounded by existing quality ordering.,Focused semantic link(s) plus base accountability.
l7mp-master,test/10-udp-endpoint.test.js,c1c4c87e74bb716e0d48cfa2f9dc0bfae386d52ad545e2c33eafdffaeec79d92,4369,file,file,javascript,implementation,authoritative,,BASE06;L7MP001,recomposed,Health/capacity/stickiness semantics strengthen target selection when bounded by existing quality ordering.,Focused semantic link(s) plus base accountability.
l7mp-master,test/10-websocket-endpoint.test.js,7c4c69dffdcadc78a901db9b45e057fe17ca9efeb1187a49b2e890461816f366,4670,file,file,javascript,implementation,authoritative,,BASE06;L7MP001,recomposed,Health/capacity/stickiness semantics strengthen target selection when bounded by existing quality ordering.,Focused semantic link(s) plus base accountability.
l7mp-master,test/11-echo-cluster.test.js,7ffc4bbb6f20a33bb41c264b0224f034fd407157f4371c8674b68970bda4e432,3486,file,file,javascript,implementation,authoritative,,BASE06;L7MP001,recomposed,Health/capacity/stickiness semantics strengthen target selection when bounded by existing quality ordering.,Focused semantic link(s) plus base accountability.
l7mp-master,test/11-jsondecap-cluster.test.js,2dc9c3e2ba856cced2ffa23eb9dc06527a5cab39893486a535fc26820f4ffb5f,3982,file,file,javascript,implementation,authoritative,,BASE06;L7MP001,recomposed,Health/capacity/stickiness semantics strengthen target selection when bounded by existing quality ordering.,Focused semantic link(s) plus base accountability.
l7mp-master,test/11-jsonencap-cluster.test.js,1850581baf6348ca5e863c3720c6c02ba1d1cb8770e41ff60b1f7b35d2933804,3317,file,file,javascript,implementation,authoritative,,BASE06;L7MP001,recomposed,Health/capacity/stickiness semantics strengthen target selection when bounded by existing quality ordering.,Focused semantic link(s) plus base accountability.
l7mp-master,test/11-jsonsocket-cluster.test.js,dc9bc78295d443e699b642a32761500cd3f798d986af93bed99a04bec04be843,24982,file,file,javascript,implementation,authoritative,,BASE06;L7MP001,recomposed,Health/capacity/stickiness semantics strengthen target selection when bounded by existing quality ordering.,Focused semantic link(s) plus base accountability.
l7mp-master,test/11-metric-cluster.test.js,2c84f6f4a8e606d976c24e2f0694cf1ccc6a459593508e4a8ab71211640d2a44,3833,file,file,javascript,implementation,authoritative,,BASE06;L7MP001,recomposed,Health/capacity/stickiness semantics strengthen target selection when bounded by existing quality ordering.,Focused semantic link(s) plus base accountability.
l7mp-master,test/11-prometheus-cluster.test.js,d90f14ab3cd1fcb2e1dc47670fd5ced1c39672954c009c6fc31396637d4736bc,3357,file,file,javascript,implementation,authoritative,,BASE06;L7MP001,recomposed,Health/capacity/stickiness semantics strengthen target selection when bounded by existing quality ordering.,Focused semantic link(s) plus base accountability.
l7mp-master,test/11-sync-cluster.test.js,bbbd2567393301ac3be8cb99406cf994f08197fbcd329bc7478e53850b9d070d,6498,file,file,javascript,implementation,authoritative,,BASE06;L7MP001,recomposed,Health/capacity/stickiness semantics strengthen target selection when bounded by existing quality ordering.,Focused semantic link(s) plus base accountability.
l7mp-master,test/11-tcp-netsocket-cluster.test.js,9b1a432a80a30c9c4a9eec021885306f3923c11b2141e187949f334c78b899cc,5852,file,file,javascript,implementation,authoritative,,BASE06;L7MP001,recomposed,Health/capacity/stickiness semantics strengthen target selection when bounded by existing quality ordering.,Focused semantic link(s) plus base accountability.
l7mp-master,test/11-test-cluster.test.js,c18b16dfbb861729098c38dd40096716e5dde5f7f0acea6d070f5ff3bc2761be,6610,file,file,javascript,implementation,authoritative,,BASE06;L7MP001,recomposed,Health/capacity/stickiness semantics strengthen target selection when bounded by existing quality ordering.,Focused semantic link(s) plus base accountability.
l7mp-master,test/11-udp-cluster.test.js,8a043c81941604628cfc1f5f6e564d59f500e60ad4363754f4c2015e6ccda7c3,6400,file,file,javascript,implementation,authoritative,,BASE06;L7MP001,recomposed,Health/capacity/stickiness semantics strengthen target selection when bounded by existing quality ordering.,Focused semantic link(s) plus base accountability.
l7mp-master,test/11-uds-netsocket-cluster.test.js,b7c43529e443ccf7bae12338983629b0ced477d73dfd755a72cbf4816a5391a6,7328,file,file,javascript,implementation,authoritative,,BASE06;L7MP001,recomposed,Health/capacity/stickiness semantics strengthen target selection when bounded by existing quality ordering.,Focused semantic link(s) plus base accountability.
l7mp-master,test/11-websocket-cluster.test.js,6b03b68a5536871f10322e74cc5867505f300bea2718eaf8bd43b208058b9ff3,11535,file,file,javascript,implementation,authoritative,,BASE06;L7MP001,recomposed,Health/capacity/stickiness semantics strengthen target selection when bounded by existing quality ordering.,Focused semantic link(s) plus base accountability.
l7mp-master,test/12-http-listener.test.js,fc2806c9dba7dc2ce23b0027d67f6c905188c926eaf41a958b96a02109006a19,5738,file,file,javascript,implementation,authoritative,,BASE06;L7MP001,recomposed,Health/capacity/stickiness semantics strengthen target selection when bounded by existing quality ordering.,Focused semantic link(s) plus base accountability.
l7mp-master,test/12-jsonsocket-listener.test.js,284f6af4ea508df0955dc2d8a7bcffc91500cbd42bffffeed478ce1b31d2e767,11365,file,file,javascript,implementation,authoritative,,BASE06;L7MP001,recomposed,Health/capacity/stickiness semantics strengthen target selection when bounded by existing quality ordering.,Focused semantic link(s) plus base accountability.
l7mp-master,test/12-tcp-listener.test.js,1b6267e1491b5bb075e9401ee624b422c47e8741cd938fa167ecf7f01f7e1f9d,6466,file,file,javascript,implementation,authoritative,,BASE06;L7MP001,recomposed,Health/capacity/stickiness semantics strengthen target selection when bounded by existing quality ordering.,Focused semantic link(s) plus base accountability.
l7mp-master,test/12-udp-server-listener.test.js,a94e6a13d10f2900cfff7b2140f143132caa60b85e53a00acd86df4838bd840f,42203,file,file,javascript,implementation,authoritative,,BASE06;L7MP001,recomposed,Health/capacity/stickiness semantics strengthen target selection when bounded by existing quality ordering.,Focused semantic link(s) plus base accountability.
l7mp-master,test/12-udp-singleton-listener.test.js,7514c84b746b4f30da5ab0cbf67ee9e51b8b24b59ccebf3187520d5114921c27,10689,file,file,javascript,implementation,authoritative,,BASE06;L7MP001,recomposed,Health/capacity/stickiness semantics strengthen target selection when bounded by existing quality ordering.,Focused semantic link(s) plus base accountability.
l7mp-master,test/12-uds-listener.test.js,4d770113c4ccda75a9df4a5f03caaaa257ee122f5f1a80695105d65b9cf657ee,5664,file,file,javascript,implementation,authoritative,,BASE06;L7MP001,recomposed,Health/capacity/stickiness semantics strengthen target selection when bounded by existing quality ordering.,Focused semantic link(s) plus base accountability.
l7mp-master,test/12-websocket-listener.test.js,379657dfab5bb37ea99f2d91a24d7f94ef0f1ab28ee58ca916131ee0e9a17bb3,5830,file,file,javascript,implementation,authoritative,,BASE06;L7MP001,recomposed,Health/capacity/stickiness semantics strengthen target selection when bounded by existing quality ordering.,Focused semantic link(s) plus base accountability.
l7mp-master,test/13-route.test.js,a27494c9c2da491569662918fd1c78c8a8a35b178a7a1ea54991b8359f903592,2565,file,file,javascript,implementation,authoritative,,BASE06;L7MP001,recomposed,Health/capacity/stickiness semantics strengthen target selection when bounded by existing quality ordering.,Focused semantic link(s) plus base accountability.
l7mp-master,test/13-rule-list.test.js,c6cd24097cbe1b9d2d796115e349c1d6234adceffd0d517321131b8426e30921,5001,file,file,javascript,implementation,authoritative,,BASE06;L7MP001,recomposed,Health/capacity/stickiness semantics strengthen target selection when bounded by existing quality ordering.,Focused semantic link(s) plus base accountability.
l7mp-master,test/13-rule.test.js,ecfba7d327f2778770feec16666d5e46756c2dfb063aa425fe2bbc66f1d655e8,28814,file,file,javascript,implementation,authoritative,,BASE06;L7MP001,recomposed,Health/capacity/stickiness semantics strengthen target selection when bounded by existing quality ordering.,Focused semantic link(s) plus base accountability.
l7mp-master,test/14-loadbalancer.test.js,39920e0f6277aff479774970256bd1f3ca40f96660c6ac3f707310656d951033,5733,file,file,javascript,implementation,authoritative,,BASE06;L7MP001,recomposed,Health/capacity/stickiness semantics strengthen target selection when bounded by existing quality ordering.,Focused semantic link(s) plus base accountability.
l7mp-master,test/14-session-retry.test.js,587f1e7329e5e8d0f2926ad1b705ce86bb9e62aedfacebab4bfdfac75406308f,34549,file,file,javascript,implementation,authoritative,,BASE06;L7MP001,recomposed,Health/capacity/stickiness semantics strengthen target selection when bounded by existing quality ordering.,Focused semantic link(s) plus base accountability.
l7mp-master,test/14-session.test.js,eaf8c1b1872e387b8fbb301bd82c281636f08dc146c98241e1972c72db9d356e,45461,file,file,javascript,implementation,authoritative,,BASE06;L7MP001,recomposed,Health/capacity/stickiness semantics strengthen target selection when bounded by existing quality ordering.,Focused semantic link(s) plus base accountability.
l7mp-master,test/20-api-cluster.test.js,70dcb9ca5dec3e370e4eea4656760f29ffa925dba256be0764c8785e63080cbd,38259,file,file,javascript,implementation,authoritative,,BASE06;L7MP001,recomposed,Health/capacity/stickiness semantics strengthen target selection when bounded by existing quality ordering.,Focused semantic link(s) plus base accountability.
l7mp-master,test/20-api-endpoint.test.js,7126c335973c918a1f611cb7d5bcf678ca94e42547f4a8830722169f679f5644,21368,file,file,javascript,implementation,authoritative,,BASE06;L7MP001,recomposed,Health/capacity/stickiness semantics strengthen target selection when bounded by existing quality ordering.,Focused semantic link(s) plus base accountability.
l7mp-master,test/21-listeners-api.test.js,72e69327308f7696e5342afd933df6c06c2ede5b211efcf62038b5c94814f8c8,31626,file,file,javascript,implementation,authoritative,,BASE06;L7MP001,recomposed,Health/capacity/stickiness semantics strengthen target selection when bounded by existing quality ordering.,Focused semantic link(s) plus base accountability.
l7mp-master,test/22-routes-api.test.js,3b79e93ddb3b1a6719c17493a6882953f4ef1cf69b50e10b38f924c0a71c5225,53464,file,file,javascript,implementation,authoritative,,BASE06;L7MP001,recomposed,Health/capacity/stickiness semantics strengthen target selection when bounded by existing quality ordering.,Focused semantic link(s) plus base accountability.
l7mp-master,test/22-rule-api.test.js,e573dcecfe8447239c4fec9ce422a48ffa19c05a127b6caf09260700ab63c752,20288,file,file,javascript,implementation,authoritative,,BASE06;L7MP001,recomposed,Health/capacity/stickiness semantics strengthen target selection when bounded by existing quality ordering.,Focused semantic link(s) plus base accountability.
l7mp-master,test/22-rule-list-api.test.js,a1b1430b520bf351c2ff03bd5482758666874bdbf34e7499c909dd8a82b2c201,27268,file,file,javascript,implementation,authoritative,,BASE06;L7MP001,recomposed,Health/capacity/stickiness semantics strengthen target selection when bounded by existing quality ordering.,Focused semantic link(s) plus base accountability.
l7mp-master,test/23-api-session.test.js,a9b7b2ae7b721a9ac00b7d508c1e3bb9cdb5fdc9a2e57bd6ff6e4412e8a3304b,13099,file,file,javascript,implementation,authoritative,,BASE06;L7MP001,recomposed,Health/capacity/stickiness semantics strengthen target selection when bounded by existing quality ordering.,Focused semantic link(s) plus base accountability.
l7mp-master,test/24-api-config.test.js,f005b8dcf7fff0f1b50ae7b58b336025b46e2dbc8a45277f386d05ae8866aec8,4603,file,file,javascript,implementation,authoritative,,BASE06;L7MP001,recomposed,Health/capacity/stickiness semantics strengthen target selection when bounded by existing quality ordering.,Focused semantic link(s) plus base accountability.
l7mp-master,test/30-udp-offload-test.js,d35e7b7d56b30fdec12ac6f451a1a3d3ba0f7ad4623c3f4b73e1a8223f57ce4f,4502,file,file,javascript,implementation,authoritative,,BASE06;L7MP001;L7MP003,recomposed,Health/capacity/stickiness semantics strengthen target selection when bounded by existing quality ordering.,Focused semantic link(s) plus base accountability.
l7mp-master,test/TODO,51b38474e8a6a8e1b90c0b975209257e2244d9eec73d3e30673db0d04cf6c416,1814,file,file,other,fixture,derived,,BASE06;L7MP001,recomposed,Health/capacity/stickiness semantics strengthen target selection when bounded by existing quality ordering.,Focused semantic link(s) plus base accountability.
l7mp-master,udp-offload.js,a3f2891c81b1583674106347086bf64b60bcd50d4a2c0e9130a45c88d8cd5d91,11648,file,file,javascript,implementation,authoritative,,BASE06;L7MP003,rejected-with-reason,Privileged kernel fast path would expand deployment authority and is not required for target correctness.,Focused semantic link(s) plus base accountability.
l7-protocols-master,CHANGELOG,d5655128c499424ab2fb9819f392ccbcb47a5336c4a3e58f28a8c32fa8621158,15371,file,file,other,fixture,derived,,BASE07,reference-only,Supporting/package/admin/media/fixture leaf is explicitly retained in donor accountability; no independent target mechanism is justified beyond its donor/context record.,Explicit supporting leaf; base donor evidence only.
l7-protocols-master,HOWTO,060a2b207341dfb4716c245552bb35d12464fc2957abdccdfbba31f4aeba46de,126,file,file,other,fixture,derived,,BASE07,reference-only,Supporting/package/admin/media/fixture leaf is explicitly retained in donor accountability; no independent target mechanism is justified beyond its donor/context record.,Explicit supporting leaf; base donor evidence only.
l7-protocols-master,LICENSE,d74bfaa175693a28db276450d9ffe95bde016c03febaa359e056c477cde4e19b,34568,file,file,other,governance,descriptive,,BASE07,reference-only,Supporting/package/admin/media/fixture leaf is explicitly retained in donor accountability; no independent target mechanism is justified beyond its donor/context record.,Explicit supporting leaf; base donor evidence only.
l7-protocols-master,Makefile,6dfde2da751045eb105fa9385038a36a717354d04ba50c8aac942fe936234caf,219,file,file,other,configuration,authoritative,,BASE07;L7PROTO004,reference-only,Grouping/build scripts are useful corpus-management evidence but do not belong in runtime admission.,Focused semantic link(s) plus base accountability.
l7-protocols-master,README,5367e779b1c253f1db87cd339c78e23c8b419caf7eae3c6a49f1d3dc49a49430,1489,file,file,other,fixture,derived,,BASE07,reference-only,Supporting/package/admin/media/fixture leaf is explicitly retained in donor accountability; no independent target mechanism is justified beyond its donor/context record.,Explicit supporting leaf; base donor evidence only.
l7-protocols-master,WANTED,c009dcb672ae977498fe58ac5f1ff52aef9f966dfbab8ee4f067e46aad622f39,1329,file,file,other,fixture,derived,,BASE07,reference-only,Supporting/package/admin/media/fixture leaf is explicitly retained in donor accountability; no independent target mechanism is justified beyond its donor/context record.,Explicit supporting leaf; base donor evidence only.
l7-protocols-master,example_traffic/msn_chat_and_file_transfer.txt,57438a3abd82c27ed47d8d2b9330ab38fc40a214a698423373036384b0650c26,5256,file,file,other,documentation,descriptive,,BASE07,reference-only,Supporting/package/admin/media/fixture leaf is explicitly retained in donor accountability; no independent target mechanism is justified beyond its donor/context record.,Explicit supporting leaf; base donor evidence only.
l7-protocols-master,extra/README,0a85907f4042d7ed7de584156dbe907ec5623e24805a2a82efc1750b280413f0,327,file,file,other,fixture,derived,,BASE07;L7PROTO001,adapted,"Protocol signatures are valuable as bounded offline evidence, not as packet-inspection authority.",Focused semantic link(s) plus base accountability.
l7-protocols-master,extra/audiogalaxy.pat,4e9e34f2d6e17e9f6861295ba038ddd9d61eb5c3247d4d8ebd4f9e0c2fcba226,731,file,file,other,fixture,derived,,BASE07;L7PROTO001,adapted,"Protocol signatures are valuable as bounded offline evidence, not as packet-inspection authority.",Focused semantic link(s) plus base accountability.
l7-protocols-master,extra/gtalk.pat,be406bde96672878b9f23b3d6e2ea4469a7f98369a4bec2503fd027c55dd1d0e,315,file,file,other,fixture,derived,,BASE07;L7PROTO001,adapted,"Protocol signatures are valuable as bounded offline evidence, not as packet-inspection authority.",Focused semantic link(s) plus base accountability.
l7-protocols-master,extra/http-dap.pat,3b28a168b968d44ca4f39d5fa3dabe522bdbc6e3d46b1c6def5e7fd4fe1dda9d,625,file,file,other,fixture,derived,,BASE07;L7PROTO001,adapted,"Protocol signatures are valuable as bounded offline evidence, not as packet-inspection authority.",Focused semantic link(s) plus base accountability.
l7-protocols-master,extra/http-freshdownload.pat,6d2173a9b72337d91bcbe0a8daf3cb1f33c539e48a5db4f59843e157037c137a,597,file,file,other,fixture,derived,,BASE07;L7PROTO001,adapted,"Protocol signatures are valuable as bounded offline evidence, not as packet-inspection authority.",Focused semantic link(s) plus base accountability.
l7-protocols-master,extra/http-itunes.pat,81b495ead774a261018db2cf5f24bf119e567b5417df7c21e604fad6b1889aaa,488,file,file,other,fixture,derived,,BASE07;L7PROTO001,adapted,"Protocol signatures are valuable as bounded offline evidence, not as packet-inspection authority.",Focused semantic link(s) plus base accountability.
l7-protocols-master,extra/httpaudio.pat,1c6d64037accaf068c3b2b4287509f413b51380b262535661ab99ae7518ebbcc,1286,file,file,other,fixture,derived,,BASE07;L7PROTO001,adapted,"Protocol signatures are valuable as bounded offline evidence, not as packet-inspection authority.",Focused semantic link(s) plus base accountability.
l7-protocols-master,extra/httpcachehit.pat,ef03989c27cb0a3a61ee2b01eacfd4a28c77c8f1ac816dbd511b39e5303ef9a4,718,file,file,other,fixture,derived,,BASE07;L7PROTO001,adapted,"Protocol signatures are valuable as bounded offline evidence, not as packet-inspection authority.",Focused semantic link(s) plus base accountability.
l7-protocols-master,extra/httpcachemiss.pat,9ad2781843e4e1afd5fe8ca87dbea68b8672e8b19f34c253590d58da3574c8b2,657,file,file,other,fixture,derived,,BASE07;L7PROTO001,adapted,"Protocol signatures are valuable as bounded offline evidence, not as packet-inspection authority.",Focused semantic link(s) plus base accountability.
l7-protocols-master,extra/httpvideo.pat,70866c8cb6a7d1bb4359d8e4276c487065e64b3f49443e0f43416d7317811a9c,1286,file,file,other,fixture,derived,,BASE07;L7PROTO001,adapted,"Protocol signatures are valuable as bounded offline evidence, not as packet-inspection authority.",Focused semantic link(s) plus base accountability.
l7-protocols-master,extra/pressplay.pat,f8d36fb4199107b091c77dbeb805a84719a57ae74139c399f55e545f6adca2d5,515,file,file,other,fixture,derived,,BASE07;L7PROTO001,adapted,"Protocol signatures are valuable as bounded offline evidence, not as packet-inspection authority.",Focused semantic link(s) plus base accountability.
l7-protocols-master,extra/quicktime.pat,8d5540ae28bca9399d877fa6a183262e152aa98830c15aa608e90089cce641af,899,file,file,other,fixture,derived,,BASE07;L7PROTO001,adapted,"Protocol signatures are valuable as bounded offline evidence, not as packet-inspection authority.",Focused semantic link(s) plus base accountability.
l7-protocols-master,extra/snmp-mon.pat,552e7c26c4dd434ee34903b3519e9b73c70605554de0a7a64ebdcb90a6a5873e,1300,file,file,other,fixture,derived,,BASE07;L7PROTO001,adapted,"Protocol signatures are valuable as bounded offline evidence, not as packet-inspection authority.",Focused semantic link(s) plus base accountability.
l7-protocols-master,extra/snmp-trap.pat,454fd69d95181250ac1173a57ffec79ab53f4002d8617e47a6064400654490fc,1270,file,file,other,fixture,derived,,BASE07;L7PROTO001,adapted,"Protocol signatures are valuable as bounded offline evidence, not as packet-inspection authority.",Focused semantic link(s) plus base accountability.
l7-protocols-master,file_types/README,9b29cd525595b4ea6ade25c3ae7a66528bfbe25da17655bffcfb07df4a52f361,2690,file,file,other,fixture,derived,,BASE07,reference-only,Supporting/package/admin/media/fixture leaf is explicitly retained in donor accountability; no independent target mechanism is justified beyond its donor/context record.,Explicit supporting leaf; base donor evidence only.
l7-protocols-master,file_types/exe.pat,f95e77ebd42739a0d24f615ad2e9f20fd529638abd2daea37913aaafc6ea86d4,728,file,file,other,fixture,derived,,BASE07,reference-only,Supporting/package/admin/media/fixture leaf is explicitly retained in donor accountability; no independent target mechanism is justified beyond its donor/context record.,Explicit supporting leaf; base donor evidence only.
l7-protocols-master,file_types/flash.pat,778156d9c36623a812bd843a557fdf1e5a79e861d1b37dd0fcf366399cee105a,581,file,file,other,fixture,derived,,BASE07,reference-only,Supporting/package/admin/media/fixture leaf is explicitly retained in donor accountability; no independent target mechanism is justified beyond its donor/context record.,Explicit supporting leaf; base donor evidence only.
l7-protocols-master,file_types/gif.pat,5b6f809c783069dd7916fd457690e2d77fbf58de34f15b1dfa871ec2c04c9daf,222,file,file,other,fixture,derived,,BASE07,reference-only,Supporting/package/admin/media/fixture leaf is explicitly retained in donor accountability; no independent target mechanism is justified beyond its donor/context record.,Explicit supporting leaf; base donor evidence only.
l7-protocols-master,file_types/html.pat,9226eca459d1c1d94563645c0543e5065b1830f4be99b0091422c76d2a42e620,394,file,file,other,fixture,derived,,BASE07,reference-only,Supporting/package/admin/media/fixture leaf is explicitly retained in donor accountability; no independent target mechanism is justified beyond its donor/context record.,Explicit supporting leaf; base donor evidence only.
l7-protocols-master,file_types/jpeg.pat,50058e3ed15a8251cdee910a9e8b5f19d165081b262205cb110ab805d5fe2464,234,file,file,other,fixture,derived,,BASE07,reference-only,Supporting/package/admin/media/fixture leaf is explicitly retained in donor accountability; no independent target mechanism is justified beyond its donor/context record.,Explicit supporting leaf; base donor evidence only.
l7-protocols-master,file_types/mp3.pat,2b35a309fceaab40548c614f7ea7ff94985949f3de346297dab03454365b3eaa,343,file,file,other,fixture,derived,,BASE07,reference-only,Supporting/package/admin/media/fixture leaf is explicitly retained in donor accountability; no independent target mechanism is justified beyond its donor/context record.,Explicit supporting leaf; base donor evidence only.
l7-protocols-master,file_types/ogg.pat,975de6300a4e490a46df021be3c2e6acfb1ce6a7de77e0057549fef84f50ead0,274,file,file,other,fixture,derived,,BASE07,reference-only,Supporting/package/admin/media/fixture leaf is explicitly retained in donor accountability; no independent target mechanism is justified beyond its donor/context record.,Explicit supporting leaf; base donor evidence only.
l7-protocols-master,file_types/pdf.pat,cbc5798085f64c9729a88c863c4ed088d5095b916811230d18a2dc108dca638a,379,file,file,other,fixture,derived,,BASE07,reference-only,Supporting/package/admin/media/fixture leaf is explicitly retained in donor accountability; no independent target mechanism is justified beyond its donor/context record.,Explicit supporting leaf; base donor evidence only.
l7-protocols-master,file_types/perl.pat,09d963288c25b6738f1014697de6f0ebbf9e1b1c2f07ebec46c0fd1d26011da7,221,file,file,other,fixture,derived,,BASE07,reference-only,Supporting/package/admin/media/fixture leaf is explicitly retained in donor accountability; no independent target mechanism is justified beyond its donor/context record.,Explicit supporting leaf; base donor evidence only.
l7-protocols-master,file_types/png.pat,64013cbf3b60818617e1fbe47b466d9d79a4ab3b7590c0a1977547d50e61623c,399,file,file,other,fixture,derived,,BASE07,reference-only,Supporting/package/admin/media/fixture leaf is explicitly retained in donor accountability; no independent target mechanism is justified beyond its donor/context record.,Explicit supporting leaf; base donor evidence only.
l7-protocols-master,file_types/postscript.pat,4c8e6ac51c7c81668bc671b6240ab5d09cb75c3df2abf39d3dc513075cf9ede5,189,file,file,other,fixture,derived,,BASE07,reference-only,Supporting/package/admin/media/fixture leaf is explicitly retained in donor accountability; no independent target mechanism is justified beyond its donor/context record.,Explicit supporting leaf; base donor evidence only.
l7-protocols-master,file_types/rar.pat,f63494f9e86b463410d8ca7f25654f9a892cf6eeb25c02b0a47ee605f48f0a42,201,file,file,other,fixture,derived,,BASE07,reference-only,Supporting/package/admin/media/fixture leaf is explicitly retained in donor accountability; no independent target mechanism is justified beyond its donor/context record.,Explicit supporting leaf; base donor evidence only.
l7-protocols-master,file_types/rpm.pat,d5259d2adcf96bcce1cbf524d8dd56c24dc79e91e49111ca204c737e000be8a0,217,file,file,other,fixture,derived,,BASE07,reference-only,Supporting/package/admin/media/fixture leaf is explicitly retained in donor accountability; no independent target mechanism is justified beyond its donor/context record.,Explicit supporting leaf; base donor evidence only.
l7-protocols-master,file_types/rtf.pat,a0a3dc9f2ec1be83d0bb5979684e4f2e50b69f83c6d23a1991a0a8b73346fc65,208,file,file,other,fixture,derived,,BASE07,reference-only,Supporting/package/admin/media/fixture leaf is explicitly retained in donor accountability; no independent target mechanism is justified beyond its donor/context record.,Explicit supporting leaf; base donor evidence only.
l7-protocols-master,file_types/tar.pat,c098ca65574c2cb5a292a03cb1fa1a7feaf2dfb6437586a3099d38856ee65bc2,452,file,file,other,fixture,derived,,BASE07,reference-only,Supporting/package/admin/media/fixture leaf is explicitly retained in donor accountability; no independent target mechanism is justified beyond its donor/context record.,Explicit supporting leaf; base donor evidence only.
l7-protocols-master,file_types/zip.pat,a43f1c719ee501b9999dc7f980b2746001ede9b055dde8eac3838bd4de36f086,201,file,file,other,fixture,derived,,BASE07,reference-only,Supporting/package/admin/media/fixture leaf is explicitly retained in donor accountability; no independent target mechanism is justified beyond its donor/context record.,Explicit supporting leaf; base donor evidence only.
l7-protocols-master,groups.sh,43cea311135c3f0a748b130bab8076a9a6ffe4a00ece15a8e9be8eaf83160be0,110,file,file,shell,script,authoritative,,BASE07;L7PROTO004,reference-only,Grouping/build scripts are useful corpus-management evidence but do not belong in runtime admission.,Focused semantic link(s) plus base accountability.
l7-protocols-master,l7-protocols.spec,1bf64722127b3493de9560e3e1feeb22b7ef6ce0d78839d79761189d19a5edee,889,file,file,other,fixture,derived,,BASE07,reference-only,Supporting/package/admin/media/fixture leaf is explicitly retained in donor accountability; no independent target mechanism is justified beyond its donor/context record.,Explicit supporting leaf; base donor evidence only.
l7-protocols-master,malware/README,e83b0bea4311ae0c981ba27fccb14f64d0a00929aaabe1833a5d319c436f88c6,580,file,file,other,fixture,derived,,BASE07;L7PROTO002,reference-only,Malware corpus is useful only as classification/test evidence; live DPI would enlarge authority materially.,Focused semantic link(s) plus base accountability.
l7-protocols-master,malware/code_red.pat,a546f2ebfd7e421d3b7a882903a1bf83756cd9bb64be89e6ce7b886912d67008,633,file,file,other,fixture,derived,,BASE07;L7PROTO002,reference-only,Malware corpus is useful only as classification/test evidence; live DPI would enlarge authority materially.,Focused semantic link(s) plus base accountability.
l7-protocols-master,malware/nimda.pat,4f08a0a47b57fd8b36d3a3715922b0810e4f94399d59a4573456601d87daee86,1181,file,file,other,fixture,derived,,BASE07;L7PROTO002,reference-only,Malware corpus is useful only as classification/test evidence; live DPI would enlarge authority materially.,Focused semantic link(s) plus base accountability.
l7-protocols-master,protocols/100bao.pat,6905f07a0608a9d166f13499ec54a03cafc3737e2bfa7c498c13e2603a0c1f77,393,file,file,other,fixture,derived,,BASE07;L7PROTO001,adapted,"Protocol signatures are valuable as bounded offline evidence, not as packet-inspection authority.",Focused semantic link(s) plus base accountability.
l7-protocols-master,protocols/aim.pat,328f630d92c21ce5f1fc0130f2cce1184a4c2c537df8ae0835548a648871475b,1170,file,file,other,fixture,derived,,BASE07;L7PROTO001,adapted,"Protocol signatures are valuable as bounded offline evidence, not as packet-inspection authority.",Focused semantic link(s) plus base accountability.
l7-protocols-master,protocols/aimwebcontent.pat,731be9f9f802a9a303820b503eb81e480d67cefe970acaf39d1a1406b64b8405,380,file,file,other,fixture,derived,,BASE07;L7PROTO001,adapted,"Protocol signatures are valuable as bounded offline evidence, not as packet-inspection authority.",Focused semantic link(s) plus base accountability.
l7-protocols-master,protocols/applejuice.pat,4906d554569cf6c1cc8b74367b484d64df9695acffa3ff33ec87ad7ca4bf9459,459,file,file,other,fixture,derived,,BASE07;L7PROTO001,adapted,"Protocol signatures are valuable as bounded offline evidence, not as packet-inspection authority.",Focused semantic link(s) plus base accountability.
l7-protocols-master,protocols/ares.pat,defef4768d5ba0a2feafc38ea3b156f72f0e4f2065baf1e893bfd21a30c853bb,2600,file,file,other,fixture,derived,,BASE07;L7PROTO001,adapted,"Protocol signatures are valuable as bounded offline evidence, not as packet-inspection authority.",Focused semantic link(s) plus base accountability.
l7-protocols-master,protocols/armagetron.pat,813a17c874a6ca48f5a52ae46b537b9b06f1fdaa6a433da1d49a1d114492c8b4,501,file,file,other,fixture,derived,,BASE07;L7PROTO001,adapted,"Protocol signatures are valuable as bounded offline evidence, not as packet-inspection authority.",Focused semantic link(s) plus base accountability.
l7-protocols-master,protocols/battlefield1942.pat,4a206bb3aa50379df3af08a37d813dbf49e94b8258f18616449af421174713aa,499,file,file,other,fixture,derived,,BASE07;L7PROTO001,adapted,"Protocol signatures are valuable as bounded offline evidence, not as packet-inspection authority.",Focused semantic link(s) plus base accountability.
l7-protocols-master,protocols/battlefield2.pat,f0a4387e8a4a60019a64369d10b70ced9207dcf3613de30bcd41f7017a1cb297,1118,file,file,other,fixture,derived,,BASE07;L7PROTO001,adapted,"Protocol signatures are valuable as bounded offline evidence, not as packet-inspection authority.",Focused semantic link(s) plus base accountability.
l7-protocols-master,protocols/battlefield2142.pat,6ea513f3cdb017f799f0bd2a963155ff4cca5759850a53d13b951c4ccb5454e3,524,file,file,other,fixture,derived,,BASE07;L7PROTO001,adapted,"Protocol signatures are valuable as bounded offline evidence, not as packet-inspection authority.",Focused semantic link(s) plus base accountability.
l7-protocols-master,protocols/bgp.pat,86bb9358dd2a808ae428a0ceab17794436e57ad44945752ba1afca3234ec7d45,826,file,file,other,fixture,derived,,BASE07;L7PROTO001,adapted,"Protocol signatures are valuable as bounded offline evidence, not as packet-inspection authority.",Focused semantic link(s) plus base accountability.
l7-protocols-master,protocols/biff.pat,d0df8b6ee82c396f2c05554a717f0f0606fd0f90f67e19b63199658c9de9cd4a,563,file,file,other,fixture,derived,,BASE07;L7PROTO001,adapted,"Protocol signatures are valuable as bounded offline evidence, not as packet-inspection authority.",Focused semantic link(s) plus base accountability.
l7-protocols-master,protocols/bittorrent.pat,594c4d769a03a13ffad051c0792cd87a47bdd1d24057ead9dbdfd2ee60d3d7c5,1209,file,file,other,fixture,derived,,BASE07;L7PROTO001,adapted,"Protocol signatures are valuable as bounded offline evidence, not as packet-inspection authority.",Focused semantic link(s) plus base accountability.
l7-protocols-master,protocols/chikka.pat,b890f30e1c9a41b3e973cd97a7f1e947ec447d04603e88c4cc9c9458464535f6,649,file,file,other,fixture,derived,,BASE07;L7PROTO001,adapted,"Protocol signatures are valuable as bounded offline evidence, not as packet-inspection authority.",Focused semantic link(s) plus base accountability.
l7-protocols-master,protocols/cimd.pat,10c76b586846d7b787cb8a0370eb99c3938f297cd7971c3a99db493447d9c1b9,777,file,file,other,fixture,derived,,BASE07;L7PROTO001,adapted,"Protocol signatures are valuable as bounded offline evidence, not as packet-inspection authority.",Focused semantic link(s) plus base accountability.
l7-protocols-master,protocols/ciscovpn.pat,8e7d37fb87df4a645da041f05a917ed101e1e17badc182cc2ab93622fee4ca6e,352,file,file,other,fixture,derived,,BASE07;L7PROTO001,adapted,"Protocol signatures are valuable as bounded offline evidence, not as packet-inspection authority.",Focused semantic link(s) plus base accountability.
l7-protocols-master,protocols/citrix.pat,1946eb8ec851e033858997ba38ae8a597c00470b576ce10e1661aea9f9f2e154,393,file,file,other,fixture,derived,,BASE07;L7PROTO001,adapted,"Protocol signatures are valuable as bounded offline evidence, not as packet-inspection authority.",Focused semantic link(s) plus base accountability.
l7-protocols-master,protocols/counterstrike-source.pat,71add5eff5451b415c6a7d4485661cee451433adfd826f16f297204e1e1916f0,2087,file,file,other,fixture,derived,,BASE07;L7PROTO001,adapted,"Protocol signatures are valuable as bounded offline evidence, not as packet-inspection authority.",Focused semantic link(s) plus base accountability.
l7-protocols-master,protocols/cvs.pat,ec404a757fc234d113829231e2333777c95ddcc790dec021e28709b1edbb78d3,540,file,file,other,fixture,derived,,BASE07;L7PROTO001,adapted,"Protocol signatures are valuable as bounded offline evidence, not as packet-inspection authority.",Focused semantic link(s) plus base accountability.
l7-protocols-master,protocols/dayofdefeat-source.pat,770a55687c77121f6fbfddb180c21e3137dd52b0d2bd51f8c8efe85e0f2657f5,397,file,file,other,fixture,derived,,BASE07;L7PROTO001,adapted,"Protocol signatures are valuable as bounded offline evidence, not as packet-inspection authority.",Focused semantic link(s) plus base accountability.
l7-protocols-master,protocols/dazhihui.pat,849fd83e55788f17da1a38ff115a2a40e46894705cb095e56e6e943544398e99,339,file,file,other,fixture,derived,,BASE07;L7PROTO001,adapted,"Protocol signatures are valuable as bounded offline evidence, not as packet-inspection authority.",Focused semantic link(s) plus base accountability.
l7-protocols-master,protocols/dhcp.pat,76165d1092b7322da182f63ecafc1eb96c90d2050e106315920e15632d69f1fd,1420,file,file,other,fixture,derived,,BASE07;L7PROTO001,adapted,"Protocol signatures are valuable as bounded offline evidence, not as packet-inspection authority.",Focused semantic link(s) plus base accountability.
l7-protocols-master,protocols/directconnect.pat,3481dfdf370a6660cc664fcaea293695426cee3110d32d03265d9af121d66f66,569,file,file,other,fixture,derived,,BASE07;L7PROTO001,adapted,"Protocol signatures are valuable as bounded offline evidence, not as packet-inspection authority.",Focused semantic link(s) plus base accountability.
l7-protocols-master,protocols/dns.pat,4abc38ccd53aaf7b5a81926a4b8d8035ab105a710eeb4d84d965003d233ae31d,3925,file,file,other,fixture,derived,,BASE07;L7PROTO001,adapted,"Protocol signatures are valuable as bounded offline evidence, not as packet-inspection authority.",Focused semantic link(s) plus base accountability.
l7-protocols-master,protocols/doom3.pat,ec70a0b530776191715bd113e71f086aa7019735c1d043d8b413b5dc1a7cd30e,298,file,file,other,fixture,derived,,BASE07;L7PROTO001,adapted,"Protocol signatures are valuable as bounded offline evidence, not as packet-inspection authority.",Focused semantic link(s) plus base accountability.
l7-protocols-master,protocols/edonkey.pat,d6ab258c6cb61eed7c43768565ca41ab90530e735b6bb668130ec34372577f88,1652,file,file,other,fixture,derived,,BASE07;L7PROTO001,adapted,"Protocol signatures are valuable as bounded offline evidence, not as packet-inspection authority.",Focused semantic link(s) plus base accountability.
l7-protocols-master,protocols/fasttrack.pat,c65fb5dbc18274dd5b708afb593384d0d56edbbc74115883cc8a5c7b84c34925,1336,file,file,other,fixture,derived,,BASE07;L7PROTO001,adapted,"Protocol signatures are valuable as bounded offline evidence, not as packet-inspection authority.",Focused semantic link(s) plus base accountability.
l7-protocols-master,protocols/finger.pat,8c6b7b09cefe19495be5fb2d6dc4dd38ac0b0377f2aa528944ab855f02b5cda7,595,file,file,other,fixture,derived,,BASE07;L7PROTO001,adapted,"Protocol signatures are valuable as bounded offline evidence, not as packet-inspection authority.",Focused semantic link(s) plus base accountability.
l7-protocols-master,protocols/freenet.pat,e6f29b83c9d1d8c03e9718f60701d7b0fc210da7b0844fbd52ecc17c4edeb174,444,file,file,other,fixture,derived,,BASE07;L7PROTO001,adapted,"Protocol signatures are valuable as bounded offline evidence, not as packet-inspection authority.",Focused semantic link(s) plus base accountability.
l7-protocols-master,protocols/ftp.pat,f636e3083c36bd8fce9232cf63f2efaa733bebca75e705260412647d64ad387c,1851,file,file,other,fixture,derived,,BASE07;L7PROTO001,adapted,"Protocol signatures are valuable as bounded offline evidence, not as packet-inspection authority.",Focused semantic link(s) plus base accountability.
l7-protocols-master,protocols/gkrellm.pat,08d666abe51860413b680de04cd5d3bf2ba6d3983cddcb66117065dbc628476c,503,file,file,other,fixture,derived,,BASE07;L7PROTO001,adapted,"Protocol signatures are valuable as bounded offline evidence, not as packet-inspection authority.",Focused semantic link(s) plus base accountability.
l7-protocols-master,protocols/gnucleuslan.pat,dd6fb28670062f4b3ccb08357f32a50447b092131669d8d80574ce8674857444,391,file,file,other,fixture,derived,,BASE07;L7PROTO001,adapted,"Protocol signatures are valuable as bounded offline evidence, not as packet-inspection authority.",Focused semantic link(s) plus base accountability.
l7-protocols-master,protocols/gnutella.pat,0455c3ce0903a3955c19f0f3f3877f82e75f6952738a247de1287be5e3a20096,2237,file,file,other,fixture,derived,,BASE07;L7PROTO001,adapted,"Protocol signatures are valuable as bounded offline evidence, not as packet-inspection authority.",Focused semantic link(s) plus base accountability.
l7-protocols-master,protocols/goboogy.pat,820c42a09e3982c547ebfe53ea9cb25ea73a81b412a0c28f8fdad98915d2a77d,490,file,file,other,fixture,derived,,BASE07;L7PROTO001,adapted,"Protocol signatures are valuable as bounded offline evidence, not as packet-inspection authority.",Focused semantic link(s) plus base accountability.
l7-protocols-master,protocols/gopher.pat,5c016838208e1f340307e9c13fecb9916951804ef86fe4103eb29e3761e43613,1135,file,file,other,fixture,derived,,BASE07;L7PROTO001,adapted,"Protocol signatures are valuable as bounded offline evidence, not as packet-inspection authority.",Focused semantic link(s) plus base accountability.
l7-protocols-master,protocols/guildwars.pat,84a33805368f39b3dc38f84be67828c2507b223e2e62f84606c0df8a099029a1,578,file,file,other,fixture,derived,,BASE07;L7PROTO001,adapted,"Protocol signatures are valuable as bounded offline evidence, not as packet-inspection authority.",Focused semantic link(s) plus base accountability.
l7-protocols-master,protocols/h323.pat,0e4b03a57dba003b105495188b6590918274f8007f27db49a1d61a86c5dd43df,1502,file,file,other,fixture,derived,,BASE07;L7PROTO001,adapted,"Protocol signatures are valuable as bounded offline evidence, not as packet-inspection authority.",Focused semantic link(s) plus base accountability.
l7-protocols-master,protocols/halflife2-deathmatch.pat,0de0be95ab8f15868898285bb5e3cb6e5ecae53235d8c3658375f9b7ba1bd7bf,351,file,file,other,fixture,derived,,BASE07;L7PROTO001,adapted,"Protocol signatures are valuable as bounded offline evidence, not as packet-inspection authority.",Focused semantic link(s) plus base accountability.
l7-protocols-master,protocols/hddtemp.pat,e4e6ee5131935f58a33a2005b22226067b8e76ae1d9693af8992cf0694f193f2,454,file,file,other,fixture,derived,,BASE07;L7PROTO001,adapted,"Protocol signatures are valuable as bounded offline evidence, not as packet-inspection authority.",Focused semantic link(s) plus base accountability.
l7-protocols-master,protocols/hotline.pat,eafd2627808dadf452478001c52cfe497cc5fc469cf3fc5bac290e8ac8eda9f5,370,file,file,other,fixture,derived,,BASE07;L7PROTO001,adapted,"Protocol signatures are valuable as bounded offline evidence, not as packet-inspection authority.",Focused semantic link(s) plus base accountability.
l7-protocols-master,protocols/http-rtsp.pat,b84b6ad32b6526b224b80f9b95d1b7abaa6afd7181f527ce966bf84674f8b98d,771,file,file,other,fixture,derived,,BASE07;L7PROTO001,adapted,"Protocol signatures are valuable as bounded offline evidence, not as packet-inspection authority.",Focused semantic link(s) plus base accountability.
l7-protocols-master,protocols/http.pat,6030889e7b1d47eedf4057835a457d31ce0a0da34c353543415a2081abb452a8,1386,file,file,other,fixture,derived,,BASE07;L7PROTO001,adapted,"Protocol signatures are valuable as bounded offline evidence, not as packet-inspection authority.",Focused semantic link(s) plus base accountability.
l7-protocols-master,protocols/ident.pat,45ab3e2cdc82c913f1edd0bb2dbdf0902b8be359e00f805f275f354802099f1e,575,file,file,other,fixture,derived,,BASE07;L7PROTO001,adapted,"Protocol signatures are valuable as bounded offline evidence, not as packet-inspection authority.",Focused semantic link(s) plus base accountability.
l7-protocols-master,protocols/imap.pat,62e8dff36cc7e36cbd552c580dd1f000ce7bfa17fb6caa0bb0e2afe96366a705,559,file,file,other,fixture,derived,,BASE07;L7PROTO001,adapted,"Protocol signatures are valuable as bounded offline evidence, not as packet-inspection authority.",Focused semantic link(s) plus base accountability.
l7-protocols-master,protocols/imesh.pat,425b883349761782d645390c9aa5c3f67772670bac92133bb325ee837b8b91aa,834,file,file,other,fixture,derived,,BASE07;L7PROTO001,adapted,"Protocol signatures are valuable as bounded offline evidence, not as packet-inspection authority.",Focused semantic link(s) plus base accountability.
l7-protocols-master,protocols/ipp.pat,96ea0c8a4eb38006ff36f1c0790e96879d2f2fa6b4ef941cb2c1aa17b67b03bd,437,file,file,other,fixture,derived,,BASE07;L7PROTO001,adapted,"Protocol signatures are valuable as bounded offline evidence, not as packet-inspection authority.",Focused semantic link(s) plus base accountability.
l7-protocols-master,protocols/irc.pat,84ae15cfb9a2e28fb1593a71a9d7ae207afe4d63bdbd09215ba068d59df9eae9,829,file,file,other,fixture,derived,,BASE07;L7PROTO001,adapted,"Protocol signatures are valuable as bounded offline evidence, not as packet-inspection authority.",Focused semantic link(s) plus base accountability.
l7-protocols-master,protocols/jabber.pat,50852022cf36d8a9338a1bda0345a0e57b447ba3e88c7ff79191b285a78f2227,984,file,file,other,fixture,derived,,BASE07;L7PROTO001,adapted,"Protocol signatures are valuable as bounded offline evidence, not as packet-inspection authority.",Focused semantic link(s) plus base accountability.
l7-protocols-master,protocols/kugoo.pat,5e81ac6a61608a3e9a55715765000c643a40b573070346ab1fb438a5ebd8925e,810,file,file,other,fixture,derived,,BASE07;L7PROTO001,adapted,"Protocol signatures are valuable as bounded offline evidence, not as packet-inspection authority.",Focused semantic link(s) plus base accountability.
l7-protocols-master,protocols/live365.pat,6e48b7f5883032a6371e1dda625884addb2542907cb95487774ae2b3b1d58ab6,488,file,file,other,fixture,derived,,BASE07;L7PROTO001,adapted,"Protocol signatures are valuable as bounded offline evidence, not as packet-inspection authority.",Focused semantic link(s) plus base accountability.
l7-protocols-master,protocols/liveforspeed.pat,323c157f6994d2d06c204570b583a14ac00204286df3e8856a31f85ff2a49269,487,file,file,other,fixture,derived,,BASE07;L7PROTO001,adapted,"Protocol signatures are valuable as bounded offline evidence, not as packet-inspection authority.",Focused semantic link(s) plus base accountability.
l7-protocols-master,protocols/lpd.pat,f1a2612d1529e8522a3fe8d2bc5790f393afbe088c4d2ef89bbfe7dad1c5a592,936,file,file,other,fixture,derived,,BASE07;L7PROTO001,adapted,"Protocol signatures are valuable as bounded offline evidence, not as packet-inspection authority.",Focused semantic link(s) plus base accountability.
l7-protocols-master,protocols/mohaa.pat,42ba4affec157f51c7cb1736c7b9c5f93c93567dc0ca620e0dc0d4ee9af8b3e3,376,file,file,other,fixture,derived,,BASE07;L7PROTO001,adapted,"Protocol signatures are valuable as bounded offline evidence, not as packet-inspection authority.",Focused semantic link(s) plus base accountability.
l7-protocols-master,protocols/msn-filetransfer.pat,a8e38bf189d5582f15e320cc9dc213be00971ac1ba190cadfe76ec15ca36caa9,1318,file,file,other,fixture,derived,,BASE07;L7PROTO001,adapted,"Protocol signatures are valuable as bounded offline evidence, not as packet-inspection authority.",Focused semantic link(s) plus base accountability.
l7-protocols-master,protocols/msnmessenger.pat,57eea96d185d937a50503d75ef7ba11f9f00c4a4f955bcc19e5b52c5ec44933f,1180,file,file,other,fixture,derived,,BASE07;L7PROTO001,adapted,"Protocol signatures are valuable as bounded offline evidence, not as packet-inspection authority.",Focused semantic link(s) plus base accountability.
l7-protocols-master,protocols/mute.pat,858aca956ac0662583b0e1ac50b801b958df7ce01f5e7e24882081be0e57a94b,416,file,file,other,fixture,derived,,BASE07;L7PROTO001,adapted,"Protocol signatures are valuable as bounded offline evidence, not as packet-inspection authority.",Focused semantic link(s) plus base accountability.
l7-protocols-master,protocols/napster.pat,9b6e5109cf40afda5997ce7b767613872dc9883252d36e357abeab30371d4846,1021,file,file,other,fixture,derived,,BASE07;L7PROTO001,adapted,"Protocol signatures are valuable as bounded offline evidence, not as packet-inspection authority.",Focused semantic link(s) plus base accountability.
l7-protocols-master,protocols/nbns.pat,4807ad1488cdd1224953d98438554df0cfb84f7adf6850294f3e1dc1285b0d36,548,file,file,other,fixture,derived,,BASE07;L7PROTO001,adapted,"Protocol signatures are valuable as bounded offline evidence, not as packet-inspection authority.",Focused semantic link(s) plus base accountability.
l7-protocols-master,protocols/ncp.pat,fcbe06eaac54ab85bb4c4d1c269835ed1997362af2b2b6fdb64dce73c0396e50,580,file,file,other,fixture,derived,,BASE07;L7PROTO001,adapted,"Protocol signatures are valuable as bounded offline evidence, not as packet-inspection authority.",Focused semantic link(s) plus base accountability.
l7-protocols-master,protocols/netbios.pat,53ec090fc9c1ebc246ea6182e012a5934a794a1de4b472ef92a2b87fe9f6cd10,1397,file,file,other,fixture,derived,,BASE07;L7PROTO001,adapted,"Protocol signatures are valuable as bounded offline evidence, not as packet-inspection authority.",Focused semantic link(s) plus base accountability.
l7-protocols-master,protocols/nntp.pat,acca1687815317056cfa96a2406a62b1533816a93229d95d310a3205a2207537,839,file,file,other,fixture,derived,,BASE07;L7PROTO001,adapted,"Protocol signatures are valuable as bounded offline evidence, not as packet-inspection authority.",Focused semantic link(s) plus base accountability.
l7-protocols-master,protocols/ntp.pat,aea26dc379d800d90a6684fb52e8d4efff57c048df3277a240ce29f10956d49f,649,file,file,other,fixture,derived,,BASE07;L7PROTO001,adapted,"Protocol signatures are valuable as bounded offline evidence, not as packet-inspection authority.",Focused semantic link(s) plus base accountability.
l7-protocols-master,protocols/openft.pat,153b6055fcd44b11d2e45cbee456985b18eeb255fa0095bda85c7cfcc2992467,547,file,file,other,fixture,derived,,BASE07;L7PROTO001,adapted,"Protocol signatures are valuable as bounded offline evidence, not as packet-inspection authority.",Focused semantic link(s) plus base accountability.
l7-protocols-master,protocols/pcanywhere.pat,440fc56501f4144b5cee68b8ae9f8631aef778f49026f64d22abb010141fde8e,424,file,file,other,fixture,derived,,BASE07;L7PROTO001,adapted,"Protocol signatures are valuable as bounded offline evidence, not as packet-inspection authority.",Focused semantic link(s) plus base accountability.
l7-protocols-master,protocols/poco.pat,93c8752e0c8f192d50006c0e16feb7d103bbd87500f4b1798a70cbe1789d2602,401,file,file,other,fixture,derived,,BASE07;L7PROTO001,adapted,"Protocol signatures are valuable as bounded offline evidence, not as packet-inspection authority.",Focused semantic link(s) plus base accountability.
l7-protocols-master,protocols/pop3.pat,cf1f5ba133863a70c9195ba80e28247ae884c502418e747099933b7c3a6294ef,2240,file,file,other,fixture,derived,,BASE07;L7PROTO001,adapted,"Protocol signatures are valuable as bounded offline evidence, not as packet-inspection authority.",Focused semantic link(s) plus base accountability.
l7-protocols-master,protocols/pplive.pat,5054a138854ec50be0535a41c94e4c10131468cc99c87c909aa8b60367f3c744,380,file,file,other,fixture,derived,,BASE07;L7PROTO001,adapted,"Protocol signatures are valuable as bounded offline evidence, not as packet-inspection authority.",Focused semantic link(s) plus base accountability.
l7-protocols-master,protocols/qq.pat,85196ab96ee8666877d939eac79e81c2efc74467661046f595bdb8b1353492ab,1095,file,file,other,fixture,derived,,BASE07;L7PROTO001,adapted,"Protocol signatures are valuable as bounded offline evidence, not as packet-inspection authority.",Focused semantic link(s) plus base accountability.
l7-protocols-master,protocols/quake-halflife.pat,cfd1799dcd6f01168490c57ca1926b782f0cd766a6ae36924217fd972cf7f9c5,1467,file,file,other,fixture,derived,,BASE07;L7PROTO001,adapted,"Protocol signatures are valuable as bounded offline evidence, not as packet-inspection authority.",Focused semantic link(s) plus base accountability.
l7-protocols-master,protocols/quake1.pat,842e04cf8b04cb98a53d2f9d64a361c84a0c30c55062b7c6048b725f9837d551,677,file,file,other,fixture,derived,,BASE07;L7PROTO001,adapted,"Protocol signatures are valuable as bounded offline evidence, not as packet-inspection authority.",Focused semantic link(s) plus base accountability.
l7-protocols-master,protocols/radmin.pat,4d2c3831f3b011fe118bc2ef2ebe9abed07d347e756b33aa9e4e1e6d3da6079c,581,file,file,other,fixture,derived,,BASE07;L7PROTO001,adapted,"Protocol signatures are valuable as bounded offline evidence, not as packet-inspection authority.",Focused semantic link(s) plus base accountability.
l7-protocols-master,protocols/rdp.pat,15a905df1eac66a75207e160f761a6ee0bf348868977d209264d9900d61046d9,710,file,file,other,fixture,derived,,BASE07;L7PROTO001,adapted,"Protocol signatures are valuable as bounded offline evidence, not as packet-inspection authority.",Focused semantic link(s) plus base accountability.
l7-protocols-master,protocols/replaytv-ivs.pat,c14afe1d6d8e80c457cf110ba0b85be9e17c9a07824b30eb057af2569fe9c853,489,file,file,other,fixture,derived,,BASE07;L7PROTO001,adapted,"Protocol signatures are valuable as bounded offline evidence, not as packet-inspection authority.",Focused semantic link(s) plus base accountability.
l7-protocols-master,protocols/rlogin.pat,a0c83baea670017175d4d47ad223018b49dde1d7dd0a51cac0a4f89b52d6982b,802,file,file,other,fixture,derived,,BASE07;L7PROTO001,adapted,"Protocol signatures are valuable as bounded offline evidence, not as packet-inspection authority.",Focused semantic link(s) plus base accountability.
l7-protocols-master,protocols/rtmp.pat,efd6e77b6b586a7cf02ef5852d75dac8aaded5f54179e84f42eab60d978b2d77,632,file,file,other,fixture,derived,,BASE07;L7PROTO001,adapted,"Protocol signatures are valuable as bounded offline evidence, not as packet-inspection authority.",Focused semantic link(s) plus base accountability.
l7-protocols-master,protocols/rtp.pat,2cd85541f8ee229bc9d0565ae77c354dcfa4ce44ec33b6fbe004c898071e42af,1741,file,file,other,fixture,derived,,BASE07;L7PROTO001,adapted,"Protocol signatures are valuable as bounded offline evidence, not as packet-inspection authority.",Focused semantic link(s) plus base accountability.
l7-protocols-master,protocols/rtsp.pat,1fba412d0afb06f783d002663f94e363349da9ac43c206706da8aa7bf85f381b,545,file,file,other,fixture,derived,,BASE07;L7PROTO001,adapted,"Protocol signatures are valuable as bounded offline evidence, not as packet-inspection authority.",Focused semantic link(s) plus base accountability.
l7-protocols-master,protocols/runesofmagic.pat,07668abe9b8757dc7ff4184c64876cea28cc6bdcb945d2cb112968c9a276cad8,2276,file,file,other,fixture,derived,,BASE07;L7PROTO001,adapted,"Protocol signatures are valuable as bounded offline evidence, not as packet-inspection authority.",Focused semantic link(s) plus base accountability.
l7-protocols-master,protocols/shoutcast.pat,a15aa07014bd0e0e829cb5ec4e7698def04170e3be2a9fc00870ce666f5b1721,1201,file,file,other,fixture,derived,,BASE07;L7PROTO001,adapted,"Protocol signatures are valuable as bounded offline evidence, not as packet-inspection authority.",Focused semantic link(s) plus base accountability.
l7-protocols-master,protocols/sip.pat,0c41c2466112547a1374f6db757abc49e2e37379a97a64c14a4ccc6b9b2f6a0e,847,file,file,other,fixture,derived,,BASE07;L7PROTO001,adapted,"Protocol signatures are valuable as bounded offline evidence, not as packet-inspection authority.",Focused semantic link(s) plus base accountability.
l7-protocols-master,protocols/skypeout.pat,2db967be5a767b0fd10cc87bc82e8a822be2a1514e26a55c476b4511191996ae,7966,file,file,other,fixture,derived,,BASE07;L7PROTO001,adapted,"Protocol signatures are valuable as bounded offline evidence, not as packet-inspection authority.",Focused semantic link(s) plus base accountability.
l7-protocols-master,protocols/skypetoskype.pat,33bf566368ca7376c78991b6a4b33f975285d9db1f468240a82734fbc477b86d,558,file,file,other,fixture,derived,,BASE07;L7PROTO001,adapted,"Protocol signatures are valuable as bounded offline evidence, not as packet-inspection authority.",Focused semantic link(s) plus base accountability.
l7-protocols-master,protocols/smb.pat,cf51ba7c6d9ae153be35eb973dec85d6c25d5eaa322ef548e7c4ed6954dbbb28,714,file,file,other,fixture,derived,,BASE07;L7PROTO001,adapted,"Protocol signatures are valuable as bounded offline evidence, not as packet-inspection authority.",Focused semantic link(s) plus base accountability.
l7-protocols-master,protocols/smtp.pat,c9620d7ffa8cf9c6991d1083174d8d682d1ad812b6d335f7707b6811bff099eb,1783,file,file,other,fixture,derived,,BASE07;L7PROTO001,adapted,"Protocol signatures are valuable as bounded offline evidence, not as packet-inspection authority.",Focused semantic link(s) plus base accountability.
l7-protocols-master,protocols/snmp.pat,7745e1bb51c515811ab3d903194feb4de46f8914e823fd9ef7935f8e65c2fb53,873,file,file,other,fixture,derived,,BASE07;L7PROTO001,adapted,"Protocol signatures are valuable as bounded offline evidence, not as packet-inspection authority.",Focused semantic link(s) plus base accountability.
l7-protocols-master,protocols/socks.pat,16f2931eca5311ba945dd54e978d6a8bb8ade529a4c641721871371f987c780d,1111,file,file,other,fixture,derived,,BASE07;L7PROTO001,adapted,"Protocol signatures are valuable as bounded offline evidence, not as packet-inspection authority.",Focused semantic link(s) plus base accountability.
l7-protocols-master,protocols/soribada.pat,0569bf69c81ee6909e0b1e4db9e6e8ec34ebea9facda7da48ed04bd3de9766e3,2070,file,file,other,fixture,derived,,BASE07;L7PROTO001,adapted,"Protocol signatures are valuable as bounded offline evidence, not as packet-inspection authority.",Focused semantic link(s) plus base accountability.
l7-protocols-master,protocols/soulseek.pat,6501833186d992a21dca453836669c416e7ce3fd31baf741b5596c313b79a4a8,714,file,file,other,fixture,derived,,BASE07;L7PROTO001,adapted,"Protocol signatures are valuable as bounded offline evidence, not as packet-inspection authority.",Focused semantic link(s) plus base accountability.
l7-protocols-master,protocols/ssdp.pat,246945af83214aa09d6a779ba5afcf788c38cf2fdcfa26dd14f2fd6da38c7ef2,1054,file,file,other,fixture,derived,,BASE07;L7PROTO001,adapted,"Protocol signatures are valuable as bounded offline evidence, not as packet-inspection authority.",Focused semantic link(s) plus base accountability.
l7-protocols-master,protocols/ssh.pat,0feb46afa05688fc2de34726448dfaaac35ce14355536f9f7785ad64e255b094,760,file,file,other,fixture,derived,,BASE07;L7PROTO001,adapted,"Protocol signatures are valuable as bounded offline evidence, not as packet-inspection authority.",Focused semantic link(s) plus base accountability.
l7-protocols-master,protocols/ssl.pat,262169709bc385c3bf6fdcbc47d4fa3e58cb580cead9c859a4ad1804800c900a,631,file,file,other,fixture,derived,,BASE07;L7PROTO001,adapted,"Protocol signatures are valuable as bounded offline evidence, not as packet-inspection authority.",Focused semantic link(s) plus base accountability.
l7-protocols-master,protocols/stun.pat,1d0550e9c990dd8d02b298d3c61cc39483c95e0d38f9a7e6303946f6c66ee555,2053,file,file,other,fixture,derived,,BASE07;L7PROTO001,adapted,"Protocol signatures are valuable as bounded offline evidence, not as packet-inspection authority.",Focused semantic link(s) plus base accountability.
l7-protocols-master,protocols/subspace.pat,aacbeccfb7542c9d0c38705d4bd631f9bd430527eecb56e80ebc3491a10c27c4,729,file,file,other,fixture,derived,,BASE07;L7PROTO001,adapted,"Protocol signatures are valuable as bounded offline evidence, not as packet-inspection authority.",Focused semantic link(s) plus base accountability.
l7-protocols-master,protocols/subversion.pat,9c1aa739124c4f3a7f241269daf6c2509ae1775e7f983fbb9519bb979fa66f50,448,file,file,other,fixture,derived,,BASE07;L7PROTO001,adapted,"Protocol signatures are valuable as bounded offline evidence, not as packet-inspection authority.",Focused semantic link(s) plus base accountability.
l7-protocols-master,protocols/teamfortress2.pat,7c6072fda19394abe039120d1e1b9832c3c1945595f68883c0765b344e95e48b,436,file,file,other,fixture,derived,,BASE07;L7PROTO001,adapted,"Protocol signatures are valuable as bounded offline evidence, not as packet-inspection authority.",Focused semantic link(s) plus base accountability.
l7-protocols-master,protocols/teamspeak.pat,9873a8b696f8ed0afbf32b74aa9b2d1334f01ac871268562d8a4fc291a99f54c,593,file,file,other,fixture,derived,,BASE07;L7PROTO001,adapted,"Protocol signatures are valuable as bounded offline evidence, not as packet-inspection authority.",Focused semantic link(s) plus base accountability.
l7-protocols-master,protocols/telnet.pat,7a386848f00f6f9c3dedc803818671ea4f33e691b6b023f5455bcae9de76a1be,667,file,file,other,fixture,derived,,BASE07;L7PROTO001,adapted,"Protocol signatures are valuable as bounded offline evidence, not as packet-inspection authority.",Focused semantic link(s) plus base accountability.
l7-protocols-master,protocols/tesla.pat,910530d3e454746b299d0d349de85f82341a2db4fa2fd6f61d38209fbf2d8384,584,file,file,other,fixture,derived,,BASE07;L7PROTO001,adapted,"Protocol signatures are valuable as bounded offline evidence, not as packet-inspection authority.",Focused semantic link(s) plus base accountability.
l7-protocols-master,protocols/tftp.pat,2ba9b6fe42a2d9dc5e3cb6c65cc2cd59824640c584e45bba111ce0caa06d22c9,931,file,file,other,fixture,derived,,BASE07;L7PROTO001,adapted,"Protocol signatures are valuable as bounded offline evidence, not as packet-inspection authority.",Focused semantic link(s) plus base accountability.
l7-protocols-master,protocols/thecircle.pat,9f562389ce578d59ec2441e632fe7f3836e2363d962b4d9ae271ab9e76426504,515,file,file,other,fixture,derived,,BASE07;L7PROTO001,adapted,"Protocol signatures are valuable as bounded offline evidence, not as packet-inspection authority.",Focused semantic link(s) plus base accountability.
l7-protocols-master,protocols/tonghuashun.pat,c6108be1185a117b3140230b05736bfd3fbb3a7997802aaf0cd318282f024152,372,file,file,other,fixture,derived,,BASE07;L7PROTO001,adapted,"Protocol signatures are valuable as bounded offline evidence, not as packet-inspection authority.",Focused semantic link(s) plus base accountability.
l7-protocols-master,protocols/tor.pat,e97685bf78e3fbeaa0247115ee1f38e283056c241b53fc18b682352261e01472,594,file,file,other,fixture,derived,,BASE07;L7PROTO001,adapted,"Protocol signatures are valuable as bounded offline evidence, not as packet-inspection authority.",Focused semantic link(s) plus base accountability.
l7-protocols-master,protocols/tsp.pat,013fbcff25c40218829675b91d6cdd2e5b5098516d9841d9b9c2138e6a26a968,546,file,file,other,fixture,derived,,BASE07;L7PROTO001,adapted,"Protocol signatures are valuable as bounded offline evidence, not as packet-inspection authority.",Focused semantic link(s) plus base accountability.
l7-protocols-master,protocols/unknown.pat,f4a870269c7cc9041672486e050b722db26c0f0bbc1572867bf77e36972688e2,295,file,file,other,fixture,derived,,BASE07;L7PROTO001,adapted,"Protocol signatures are valuable as bounded offline evidence, not as packet-inspection authority.",Focused semantic link(s) plus base accountability.
l7-protocols-master,protocols/unset.pat,dcd1c324dce10ef2068c98cc68bd343f3f1df48f010daa9e6c12126bc6add16d,312,file,file,other,fixture,derived,,BASE07;L7PROTO001,adapted,"Protocol signatures are valuable as bounded offline evidence, not as packet-inspection authority.",Focused semantic link(s) plus base accountability.
l7-protocols-master,protocols/uucp.pat,d992532cb647056927e2f335ebe0baa06f4661276926b5ff6855a26465f27199,387,file,file,other,fixture,derived,,BASE07;L7PROTO001,adapted,"Protocol signatures are valuable as bounded offline evidence, not as packet-inspection authority.",Focused semantic link(s) plus base accountability.
l7-protocols-master,protocols/validcertssl.pat,eaec3c85d0f9e3780c97a0384d67451f49691e42f32c5644f85e7b925c34e68f,1105,file,file,other,fixture,derived,,BASE07;L7PROTO001,adapted,"Protocol signatures are valuable as bounded offline evidence, not as packet-inspection authority.",Focused semantic link(s) plus base accountability.
l7-protocols-master,protocols/ventrilo.pat,b7f384dddc9e5e38ca235309b40d0e67236799e97d24216c17e5dab7684dc7ce,704,file,file,other,fixture,derived,,BASE07;L7PROTO001,adapted,"Protocol signatures are valuable as bounded offline evidence, not as packet-inspection authority.",Focused semantic link(s) plus base accountability.
l7-protocols-master,protocols/vnc.pat,cdb5bab48eecf7b476a992c74829cf63c08d1c273bf9bd881dfa1876fd286006,927,file,file,other,fixture,derived,,BASE07;L7PROTO001,adapted,"Protocol signatures are valuable as bounded offline evidence, not as packet-inspection authority.",Focused semantic link(s) plus base accountability.
l7-protocols-master,protocols/whois.pat,972e2395308cb479dede5f1713f55d45104539624c2e87358fb074036e0d57d3,509,file,file,other,fixture,derived,,BASE07;L7PROTO001,adapted,"Protocol signatures are valuable as bounded offline evidence, not as packet-inspection authority.",Focused semantic link(s) plus base accountability.
l7-protocols-master,protocols/worldofwarcraft.pat,c348276a455e2724e7c869a624f8338262ae294ad0f9d2df0af2ae7b011efc4c,3026,file,file,other,fixture,derived,,BASE07;L7PROTO001,adapted,"Protocol signatures are valuable as bounded offline evidence, not as packet-inspection authority.",Focused semantic link(s) plus base accountability.
l7-protocols-master,protocols/x11.pat,e60e3600277c475186e2fc867b374a999fd7595caa3975fc24dd9eedc9797b8e,899,file,file,other,fixture,derived,,BASE07;L7PROTO001,adapted,"Protocol signatures are valuable as bounded offline evidence, not as packet-inspection authority.",Focused semantic link(s) plus base accountability.
l7-protocols-master,protocols/xboxlive.pat,64175b398864d1820aec57ba7ff7615eef614e600301a1fd04ec2be3bb30e2cf,2259,file,file,other,fixture,derived,,BASE07;L7PROTO001,adapted,"Protocol signatures are valuable as bounded offline evidence, not as packet-inspection authority.",Focused semantic link(s) plus base accountability.
l7-protocols-master,protocols/xunlei.pat,c4ac4405f10671265c3bec3391e6e5d833b1a161a9f871fe3e583319e110d0ad,3514,file,file,other,fixture,derived,,BASE07;L7PROTO001,adapted,"Protocol signatures are valuable as bounded offline evidence, not as packet-inspection authority.",Focused semantic link(s) plus base accountability.
l7-protocols-master,protocols/yahoo.pat,0ffe32d79789d33a1dd1c8b668003df6f3fd21f321366be39f7ecdbec0bfac92,1202,file,file,other,fixture,derived,,BASE07;L7PROTO001,adapted,"Protocol signatures are valuable as bounded offline evidence, not as packet-inspection authority.",Focused semantic link(s) plus base accountability.
l7-protocols-master,protocols/zmaap.pat,cd8bf66c527f47356c118da21c1d907a141cb4169103c935aaab727cae65d7a2,724,file,file,other,fixture,derived,,BASE07;L7PROTO001,adapted,"Protocol signatures are valuable as bounded offline evidence, not as packet-inspection authority.",Focused semantic link(s) plus base accountability.
l7-protocols-master,testing/Makefile,e475b3f719023f7bee635cdee1cd2d1f4cd57e35fd5fe957c8fe6f0dab6c0d12,632,file,file,other,test,derived,,BASE07;L7PROTO003,reference-only,Test corpus/benchmark methodology informs regression thinking but is not production behavior.,Focused semantic link(s) plus base accountability.
l7-protocols-master,testing/README,fbc62343e21639d31c33e07ea4eec2795a7b70ab0c848c70feb86efa3a9242d7,2290,file,file,other,test,derived,,BASE07;L7PROTO003,reference-only,Test corpus/benchmark methodology informs regression thinking but is not production behavior.,Focused semantic link(s) plus base accountability.
l7-protocols-master,testing/data/aim-1,8f0cf8a3815d294166eb3bd306f683b19ef0440006490bf6d35135926952c35c,11,file,file,other,test,derived,,BASE07;L7PROTO003,reference-only,Test corpus/benchmark methodology informs regression thinking but is not production behavior.,Focused semantic link(s) plus base accountability.
l7-protocols-master,testing/data/aim-2,f149525a03d5e95c658a72ec8c51b9776a817df6d28c8004e270b32e787caabc,21,file,file,other,test,derived,,BASE07;L7PROTO003,reference-only,Test corpus/benchmark methodology informs regression thinking but is not production behavior.,Focused semantic link(s) plus base accountability.
l7-protocols-master,testing/data/aim-3,f549a1f2c939d77e88c693df1deb91893d51cd270fdde0929bc04b8e6d15ec1f,59,file,file,other,test,derived,,BASE07;L7PROTO003,reference-only,Test corpus/benchmark methodology informs regression thinking but is not production behavior.,Focused semantic link(s) plus base accountability.
l7-protocols-master,testing/data/aim-4,5bdb3380c54526818b89a2fe10d88c9a6364c39bb436a7e056323584181e8733,86,file,file,other,test,derived,,BASE07;L7PROTO003,reference-only,Test corpus/benchmark methodology informs regression thinking but is not production behavior.,Focused semantic link(s) plus base accountability.
l7-protocols-master,testing/data/aim-5,120f4b9ad7a1b86eb3f5f92c0773638ebaa88b68028a881710d8571f57d79489,244,file,file,other,test,derived,,BASE07;L7PROTO003,reference-only,Test corpus/benchmark methodology informs regression thinking but is not production behavior.,Focused semantic link(s) plus base accountability.
l7-protocols-master,testing/data/aim-6,7a67a0cad16df8861b1689c0b99dfae38c3ba45d4a5f91309732ecdeb8657892,1004,file,file,other,test,derived,,BASE07;L7PROTO003,reference-only,Test corpus/benchmark methodology informs regression thinking but is not production behavior.,Focused semantic link(s) plus base accountability.
l7-protocols-master,testing/data/aresdownload-a,dd8a93cdf1e989378befbebc1122d9fc5cb3fc1d4562f3ed04d9391ffffa4b86,15431,file,file,other,test,derived,,BASE07;L7PROTO003,reference-only,Test corpus/benchmark methodology informs regression thinking but is not production behavior.,Focused semantic link(s) plus base accountability.
l7-protocols-master,testing/data/aresdownload-b,43def64ba14d0ac91526be0a338326c8f13d0f7b455efc5c4f91633401b307ba,3928,file,file,other,test,derived,,BASE07;L7PROTO003,reference-only,Test corpus/benchmark methodology informs regression thinking but is not production behavior.,Focused semantic link(s) plus base accountability.
l7-protocols-master,testing/data/aresdownload-c,21e90f2ecd08af4b239bd646d1023715079f7c56e26b3108f235e5624b358ebb,595,file,file,other,test,derived,,BASE07;L7PROTO003,reference-only,Test corpus/benchmark methodology informs regression thinking but is not production behavior.,Focused semantic link(s) plus base accountability.
l7-protocols-master,testing/data/bittorrent-a-1,e7146a307b430d2de9354d524164a0fd492a831298a887378f7855baccf481fd,49,file,file,other,test,derived,,BASE07;L7PROTO003,reference-only,Test corpus/benchmark methodology informs regression thinking but is not production behavior.,Focused semantic link(s) plus base accountability.
l7-protocols-master,testing/data/bittorrent-a-2,90e7e0d64e8ec06b1d2dac1207f4d7ba3bb82098a536db360438f97e0409aaed,134,file,file,other,test,derived,,BASE07;L7PROTO003,reference-only,Test corpus/benchmark methodology informs regression thinking but is not production behavior.,Focused semantic link(s) plus base accountability.
l7-protocols-master,testing/data/bittorrent-a-3,440945d8672db8f1cc707be816aaaaae52d93a946aa1d800f2f406edd52318fb,160,file,file,other,test,derived,,BASE07;L7PROTO003,reference-only,Test corpus/benchmark methodology informs regression thinking but is not production behavior.,Focused semantic link(s) plus base accountability.
l7-protocols-master,testing/data/bittorrent-a-4,e1ea5dfa22f864f97df0aa8eac7bf38ef024a09aa8cce7791fea54dcf7464f0d,164,file,file,other,test,derived,,BASE07;L7PROTO003,reference-only,Test corpus/benchmark methodology informs regression thinking but is not production behavior.,Focused semantic link(s) plus base accountability.
l7-protocols-master,testing/data/bittorrent-b-1,e7146a307b430d2de9354d524164a0fd492a831298a887378f7855baccf481fd,49,file,file,other,test,derived,,BASE07;L7PROTO003,reference-only,Test corpus/benchmark methodology informs regression thinking but is not production behavior.,Focused semantic link(s) plus base accountability.
l7-protocols-master,testing/data/bittorrent-b-2,9ee8d448d98ee46f49cb617ae3e3dd59a7c1e8b31d48774c571673d803153a2d,175,file,file,other,test,derived,,BASE07;L7PROTO003,reference-only,Test corpus/benchmark methodology informs regression thinking but is not production behavior.,Focused semantic link(s) plus base accountability.
l7-protocols-master,testing/data/bittorrent-b-3,48d849d4d38b915f408438ca5a0d81f26d782689835ab1cb1878359b233e2c2f,190,file,file,other,test,derived,,BASE07;L7PROTO003,reference-only,Test corpus/benchmark methodology informs regression thinking but is not production behavior.,Focused semantic link(s) plus base accountability.
l7-protocols-master,testing/data/bittorrent-b-4,d4cd1bfa7f1f9bdda6de087d5316beb65fd206fa9062fc86ff2fbc3a67e81310,2048,file,file,other,test,derived,,BASE07;L7PROTO003,reference-only,Test corpus/benchmark methodology informs regression thinking but is not production behavior.,Focused semantic link(s) plus base accountability.
l7-protocols-master,testing/data/chikka-a-1,cb6050cd83dad33e8d91e39b8c0400902fcf0d413f416c1d6777ec9d6475ba8c,69,file,file,other,test,derived,,BASE07;L7PROTO003,reference-only,Test corpus/benchmark methodology informs regression thinking but is not production behavior.,Focused semantic link(s) plus base accountability.
l7-protocols-master,testing/data/chikka-a-2,5f3a212023b0c4fb4052a2ca9eeb1f82601d0aa13f677e597a404212cf57d579,123,file,file,other,test,derived,,BASE07;L7PROTO003,reference-only,Test corpus/benchmark methodology informs regression thinking but is not production behavior.,Focused semantic link(s) plus base accountability.
l7-protocols-master,testing/data/chikka-a-3,4aa612db7b9c862bb90e05af4463fca918e76723e98f7fbd25714651fc507af9,269,file,file,other,test,derived,,BASE07;L7PROTO003,reference-only,Test corpus/benchmark methodology informs regression thinking but is not production behavior.,Focused semantic link(s) plus base accountability.
l7-protocols-master,testing/data/chikka-b-1,c14ab4a3cf647c0f174b52a248e6db38757dc4c32b79c502abb13cb1155ee7ca,69,file,file,other,test,derived,,BASE07;L7PROTO003,reference-only,Test corpus/benchmark methodology informs regression thinking but is not production behavior.,Focused semantic link(s) plus base accountability.
l7-protocols-master,testing/data/chikka-b-2,ad6b0deb73d6a543582526cb5b567de98b78cf988f4de46026f5bffcbcb2c322,123,file,file,other,test,derived,,BASE07;L7PROTO003,reference-only,Test corpus/benchmark methodology informs regression thinking but is not production behavior.,Focused semantic link(s) plus base accountability.
l7-protocols-master,testing/data/chikka-b-3,048913f5d344e95cc73b2bfe3586ec540eaee96267f5ddec3026e7b977920a61,140,file,file,other,test,derived,,BASE07;L7PROTO003,reference-only,Test corpus/benchmark methodology informs regression thinking but is not production behavior.,Focused semantic link(s) plus base accountability.
l7-protocols-master,testing/data/chikka-b-4,ea96d01b2e5618a93eed5d77216439ffb6d12524da07bbaa2edb72518032f453,307,file,file,other,test,derived,,BASE07;L7PROTO003,reference-only,Test corpus/benchmark methodology informs regression thinking but is not production behavior.,Focused semantic link(s) plus base accountability.
l7-protocols-master,testing/data/chikka-b-5,58ad7b86804134cfec22eb9c40a22a5216fcf27c86647cbc0abc5468910e1824,318,file,file,other,test,derived,,BASE07;L7PROTO003,reference-only,Test corpus/benchmark methodology informs regression thinking but is not production behavior.,Focused semantic link(s) plus base accountability.
l7-protocols-master,testing/data/chikka-b-6,8de803d14de32557d5f535bd870ac6c2ecc58d32216c7f097336dbd8feb41bf8,341,file,file,other,test,derived,,BASE07;L7PROTO003,reference-only,Test corpus/benchmark methodology informs regression thinking but is not production behavior.,Focused semantic link(s) plus base accountability.
l7-protocols-master,testing/data/chikka-b-7,0e36054df94c7d3dc7f7af6c81a03e0e84f76fd826248d100f9bff46eef3ad48,529,file,file,other,test,derived,,BASE07;L7PROTO003,reference-only,Test corpus/benchmark methodology informs regression thinking but is not production behavior.,Focused semantic link(s) plus base accountability.
l7-protocols-master,testing/data/dce-rpc-spam-a-1,473b9cf8eba8abd1f826fa6229264b1a40239e8324f81004c21c1ec0190f6659,711,file,file,other,test,derived,,BASE07;L7PROTO003,reference-only,Test corpus/benchmark methodology informs regression thinking but is not production behavior.,Focused semantic link(s) plus base accountability.
l7-protocols-master,testing/data/dce-rpc-spam-b-1,931f85cbc80f94e712fb84a1992a0c265fb8bc12712492ca546acad6f7609c05,957,file,file,other,test,derived,,BASE07;L7PROTO003,reference-only,Test corpus/benchmark methodology informs regression thinking but is not production behavior.,Focused semantic link(s) plus base accountability.
l7-protocols-master,testing/data/dns-1,b51553ec9cf42d808e1dacf82201a044f67228f8a05ab8ad9df826c68b925cf0,30,file,file,other,test,derived,,BASE07;L7PROTO003,reference-only,Test corpus/benchmark methodology informs regression thinking but is not production behavior.,Focused semantic link(s) plus base accountability.
l7-protocols-master,testing/data/dns-2,3ec849aa7c4d4e810e35b6463576aa245ba1218ebb0c37a8c007f19b823811d8,76,file,file,other,test,derived,,BASE07;L7PROTO003,reference-only,Test corpus/benchmark methodology informs regression thinking but is not production behavior.,Focused semantic link(s) plus base accountability.
l7-protocols-master,testing/data/edonkey-tcp-a-1,d64565b17c45e20ae75e297cd21bf7bfe98d4e8f7caef6d068c869f8cf259cd6,76,file,file,other,test,derived,,BASE07;L7PROTO003,reference-only,Test corpus/benchmark methodology informs regression thinking but is not production behavior.,Focused semantic link(s) plus base accountability.
l7-protocols-master,testing/data/edonkey-tcp-a-2,c42543d118b23d5565fd5938d79bfa1e7fc2a8a309a96ca52795b7333833fe02,118,file,file,other,test,derived,,BASE07;L7PROTO003,reference-only,Test corpus/benchmark methodology informs regression thinking but is not production behavior.,Focused semantic link(s) plus base accountability.
l7-protocols-master,testing/data/edonkey-tcp-b-1,d64565b17c45e20ae75e297cd21bf7bfe98d4e8f7caef6d068c869f8cf259cd6,76,file,file,other,test,derived,,BASE07;L7PROTO003,reference-only,Test corpus/benchmark methodology informs regression thinking but is not production behavior.,Focused semantic link(s) plus base accountability.
l7-protocols-master,testing/data/edonkey-tcp-b-2,a8561532f555c21850b1f49da29390d000b85c2caf185576e2909cc5354a03b5,372,file,file,other,test,derived,,BASE07;L7PROTO003,reference-only,Test corpus/benchmark methodology informs regression thinking but is not production behavior.,Focused semantic link(s) plus base accountability.
l7-protocols-master,testing/data/edonkey-tcp-b-3,13ae3c8be14e11f3def76d951a86a62636bf58df323d7b7dec8ac536090e680a,378,file,file,other,test,derived,,BASE07;L7PROTO003,reference-only,Test corpus/benchmark methodology informs regression thinking but is not production behavior.,Focused semantic link(s) plus base accountability.
l7-protocols-master,testing/data/edonkey-tcp-b-4,7c62d61efe2c574bb5362e7f3955481bad153f73c66f0ee2c897544f26ceee61,951,file,file,other,test,derived,,BASE07;L7PROTO003,reference-only,Test corpus/benchmark methodology informs regression thinking but is not production behavior.,Focused semantic link(s) plus base accountability.
l7-protocols-master,testing/data/edonkey-tcp-b-5,08bbb7bcdfa554de084bf2a38c894725d729e329b224515e10b99495df4add61,963,file,file,other,test,derived,,BASE07;L7PROTO003,reference-only,Test corpus/benchmark methodology informs regression thinking but is not production behavior.,Focused semantic link(s) plus base accountability.
l7-protocols-master,testing/data/edonkey-tcp-b-6,807a30b5be8b19fad5b448cda689b497f98d63e440638bbfca5be6968a297bfb,2048,file,file,other,test,derived,,BASE07;L7PROTO003,reference-only,Test corpus/benchmark methodology informs regression thinking but is not production behavior.,Focused semantic link(s) plus base accountability.
l7-protocols-master,testing/data/edonkey-udp-a-1,8a995cc3e42de5b1b044be869bb5b59a0163680ed5ced3a6c72fca2c9cee0c13,111,file,file,other,test,derived,,BASE07;L7PROTO003,reference-only,Test corpus/benchmark methodology informs regression thinking but is not production behavior.,Focused semantic link(s) plus base accountability.
l7-protocols-master,testing/data/edonkey-udp-b-1,f10e6e87e3aac2deb8222c4b4117a8a8781d41b8781c18eab79f0f32e1a4f2c9,65,file,file,other,test,derived,,BASE07;L7PROTO003,reference-only,Test corpus/benchmark methodology informs regression thinking but is not production behavior.,Focused semantic link(s) plus base accountability.
l7-protocols-master,testing/data/ftp-1,cf7c8e0bb08e76fdc71830705211ff12d57d52b4e7f075f18990f821ed01670c,32,file,file,other,test,derived,,BASE07;L7PROTO003,reference-only,Test corpus/benchmark methodology informs regression thinking but is not production behavior.,Focused semantic link(s) plus base accountability.
l7-protocols-master,testing/data/ftp-2,71bd7bcaf5700be601c59cc3feede783a90cf649d6caef9cec7b23e697d32ce1,48,file,file,other,test,derived,,BASE07;L7PROTO003,reference-only,Test corpus/benchmark methodology informs regression thinking but is not production behavior.,Focused semantic link(s) plus base accountability.
l7-protocols-master,testing/data/ftp-3,0ba9c2634743374eab900009fef17ab0a30187f7213ef2cd1d8d2bc2ef125c52,82,file,file,other,test,derived,,BASE07;L7PROTO003,reference-only,Test corpus/benchmark methodology informs regression thinking but is not production behavior.,Focused semantic link(s) plus base accountability.
l7-protocols-master,testing/data/ftp-4,a06ca89d450ea851c87b7e49561d9b1131d87e329b940c3428552ce20a97fdb2,95,file,file,other,test,derived,,BASE07;L7PROTO003,reference-only,Test corpus/benchmark methodology informs regression thinking but is not production behavior.,Focused semantic link(s) plus base accountability.
l7-protocols-master,testing/data/ftp-5,cef088da32497f23f03edd7a4e2718a6c26e1fa0ac55a4931a2a1826ec4cccd1,2048,file,file,other,test,derived,,BASE07;L7PROTO003,reference-only,Test corpus/benchmark methodology informs regression thinking but is not production behavior.,Focused semantic link(s) plus base accountability.
l7-protocols-master,testing/data/gnutella-1,c68912c4178f4c175473c85ea5dc1faa7db9b56891349096e22b0b7280081a71,189,file,file,other,test,derived,,BASE07;L7PROTO003,reference-only,Test corpus/benchmark methodology informs regression thinking but is not production behavior.,Focused semantic link(s) plus base accountability.
l7-protocols-master,testing/data/gnutella-2,27c9edc8da7a39dc2fd5ee9ce8389f88c58a7fa6b34c5c9a47f2d26daf720c7b,865,file,file,other,test,derived,,BASE07;L7PROTO003,reference-only,Test corpus/benchmark methodology informs regression thinking but is not production behavior.,Focused semantic link(s) plus base accountability.
l7-protocols-master,testing/data/gnutella-3,e591595f142920701fbdebb69febbb236c421f2a2712eabf3272810dc7fa5ee3,1043,file,file,other,test,derived,,BASE07;L7PROTO003,reference-only,Test corpus/benchmark methodology informs regression thinking but is not production behavior.,Focused semantic link(s) plus base accountability.
l7-protocols-master,testing/data/gnutella-connect-1,e8f1393f559948f30b78812c748233f3b9cf3091b3db27897be3e6375b04951f,342,file,file,other,test,derived,,BASE07;L7PROTO003,reference-only,Test corpus/benchmark methodology informs regression thinking but is not production behavior.,Focused semantic link(s) plus base accountability.
l7-protocols-master,testing/data/gnutella-connect-2,af286d9a592a1a70508086325bf4e6b86b0aa67cc826796052345c3a8193a3fc,407,file,file,other,test,derived,,BASE07;L7PROTO003,reference-only,Test corpus/benchmark methodology informs regression thinking but is not production behavior.,Focused semantic link(s) plus base accountability.
l7-protocols-master,testing/data/gnutella-udp-a-1,65a99c33910c31720b2a17d13905b3bc8698f8fa4dcc2d8ea222fdd1f802b47b,12,file,file,other,test,derived,,BASE07;L7PROTO003,reference-only,Test corpus/benchmark methodology informs regression thinking but is not production behavior.,Focused semantic link(s) plus base accountability.
l7-protocols-master,testing/data/gnutella-udp-b-1,07ab6042e0ae054698e75748d6a036f2dff8510099a40a258c98586d8995f6cc,19,file,file,other,test,derived,,BASE07;L7PROTO003,reference-only,Test corpus/benchmark methodology informs regression thinking but is not production behavior.,Focused semantic link(s) plus base accountability.
l7-protocols-master,testing/data/gnutella-udp-c-1,bf1d5a5bf4e1c8aeb3440e669530ad7ae73295fb6f9776a6d85b5e6045d93970,15,file,file,other,test,derived,,BASE07;L7PROTO003,reference-only,Test corpus/benchmark methodology informs regression thinking but is not production behavior.,Focused semantic link(s) plus base accountability.
l7-protocols-master,testing/data/http-digg-304-1,902e28aa2146437d6de9b4fc4d0e5059ffcbc03a57ed38cda8c91ddea6644d8b,492,file,file,other,test,derived,,BASE07;L7PROTO003,reference-only,Test corpus/benchmark methodology informs regression thinking but is not production behavior.,Focused semantic link(s) plus base accountability.
l7-protocols-master,testing/data/http-digg-304-2,80a44156d3a6a5e3014b782110fa1c6b47d258e5d5126d6b242381b1c3c2b4b1,682,file,file,other,test,derived,,BASE07;L7PROTO003,reference-only,Test corpus/benchmark methodology informs regression thinking but is not production behavior.,Focused semantic link(s) plus base accountability.
l7-protocols-master,testing/data/http-wunderground-1,fa9fe717e09a53c9321af68b55364d15a1ab8a5683e1244f54945ac5e53b43f4,714,file,file,other,test,derived,,BASE07;L7PROTO003,reference-only,Test corpus/benchmark methodology informs regression thinking but is not production behavior.,Focused semantic link(s) plus base accountability.
l7-protocols-master,testing/data/http-wunderground-2,2b6b21f0e84445ab2bc8500589925ef8d102927fb859fc1bcf572c8e16467a29,2048,file,file,other,test,derived,,BASE07;L7PROTO003,reference-only,Test corpus/benchmark methodology informs regression thinking but is not production behavior.,Focused semantic link(s) plus base accountability.
l7-protocols-master,testing/data/imap-1,82ea5e9c9f39f2891662c1e6216e312091e694e10be2e74d80763bb27ab01fcd,46,file,file,other,test,derived,,BASE07;L7PROTO003,reference-only,Test corpus/benchmark methodology informs regression thinking but is not production behavior.,Focused semantic link(s) plus base accountability.
l7-protocols-master,testing/data/imap-2,5627dc700ab41477b5b1a1749e613138221a4082e0a246e93621fcccae89dd2a,60,file,file,other,test,derived,,BASE07;L7PROTO003,reference-only,Test corpus/benchmark methodology informs regression thinking but is not production behavior.,Focused semantic link(s) plus base accountability.
l7-protocols-master,testing/data/imap-3,ecaba1ae250c089a38b4790c8d2287450e7e05aaf0efd815fb92995ead2cbfbf,81,file,file,other,test,derived,,BASE07;L7PROTO003,reference-only,Test corpus/benchmark methodology informs regression thinking but is not production behavior.,Focused semantic link(s) plus base accountability.
l7-protocols-master,testing/data/imap-4,10283ba52d82b47ec6458d4b21c2a16f91e756cd5122088fa43dad7c663fe621,332,file,file,other,test,derived,,BASE07;L7PROTO003,reference-only,Test corpus/benchmark methodology informs regression thinking but is not production behavior.,Focused semantic link(s) plus base accountability.
l7-protocols-master,testing/data/imap-5,0f4fdb35330fd9eb9fc21b6cf0cc1d275d38274509217885c1cbfdd8056bf8a7,351,file,file,other,test,derived,,BASE07;L7PROTO003,reference-only,Test corpus/benchmark methodology informs regression thinking but is not production behavior.,Focused semantic link(s) plus base accountability.
l7-protocols-master,testing/data/imap-6,39022dfdb301317e5bc6250f4385fe09e360c6460174fd1067ad1bb5a15e8e21,390,file,file,other,test,derived,,BASE07;L7PROTO003,reference-only,Test corpus/benchmark methodology informs regression thinking but is not production behavior.,Focused semantic link(s) plus base accountability.
l7-protocols-master,testing/data/ipp-1,64a3bd1bc424d00af0ed2c45cebb7b7ed52ec952c0019494a57251d5152ff2dc,182,file,file,other,test,derived,,BASE07;L7PROTO003,reference-only,Test corpus/benchmark methodology informs regression thinking but is not production behavior.,Focused semantic link(s) plus base accountability.
l7-protocols-master,testing/data/jabber-1,ef5b717af276e9ef55f51a74dc309c4147b731bd766e65006105f3e56cb5ed7d,138,file,file,other,test,derived,,BASE07;L7PROTO003,reference-only,Test corpus/benchmark methodology informs regression thinking but is not production behavior.,Focused semantic link(s) plus base accountability.
l7-protocols-master,testing/data/jabber-2,a87f2ba3706970e9e65d217735d2f941d8cca36d6cd30bec5806f6f94256a514,376,file,file,other,test,derived,,BASE07;L7PROTO003,reference-only,Test corpus/benchmark methodology informs regression thinking but is not production behavior.,Focused semantic link(s) plus base accountability.
l7-protocols-master,testing/data/jabber-3,0fa16350e569e04633f1bea9d9fb789aba06880be6c8fa2cd9215b3903ea3450,427,file,file,other,test,derived,,BASE07;L7PROTO003,reference-only,Test corpus/benchmark methodology informs regression thinking but is not production behavior.,Focused semantic link(s) plus base accountability.
l7-protocols-master,testing/data/jabber-4,cb2b018281ea760dc9467614609d02be82724867d80b0ea12f024c6d81c5ea99,477,file,file,other,test,derived,,BASE07;L7PROTO003,reference-only,Test corpus/benchmark methodology informs regression thinking but is not production behavior.,Focused semantic link(s) plus base accountability.
l7-protocols-master,testing/data/jabber-5,49feb6707d65b8806bc148acdbdcd902b8ea37f5e6d730df80556640860c2db5,567,file,file,other,test,derived,,BASE07;L7PROTO003,reference-only,Test corpus/benchmark methodology informs regression thinking but is not production behavior.,Focused semantic link(s) plus base accountability.
l7-protocols-master,testing/data/jabber-6,1364ba11dcf7c759d1174e4f95625d717da78fe2788d9afe8bf6a226b8b8d3cd,2048,file,file,other,test,derived,,BASE07;L7PROTO003,reference-only,Test corpus/benchmark methodology informs regression thinking but is not production behavior.,Focused semantic link(s) plus base accountability.
l7-protocols-master,testing/data/skypeout-a-1,ab045cfaeaef4698583eb3f98a9e497e54d05fe048d436fd1453d60e90599935,6,file,file,other,test,derived,,BASE07;L7PROTO003,reference-only,Test corpus/benchmark methodology informs regression thinking but is not production behavior.,Focused semantic link(s) plus base accountability.
l7-protocols-master,testing/data/skypeout-a-2,41577600b2a1861aeb57fd48073dba168ac2573d648843b2881f9d11eb8f5d47,12,file,file,other,test,derived,,BASE07;L7PROTO003,reference-only,Test corpus/benchmark methodology informs regression thinking but is not production behavior.,Focused semantic link(s) plus base accountability.
l7-protocols-master,testing/data/skypeout-a-3,60990de3580725e646bf77ef7f67c58cb615b616350283be00d3241ed980981c,20,file,file,other,test,derived,,BASE07;L7PROTO003,reference-only,Test corpus/benchmark methodology informs regression thinking but is not production behavior.,Focused semantic link(s) plus base accountability.
l7-protocols-master,testing/data/skypeout-a-4,c3b491f0078df37667e6350e18e33c223ce50f07b26663ce8e50c7e78635a9f5,28,file,file,other,test,derived,,BASE07;L7PROTO003,reference-only,Test corpus/benchmark methodology informs regression thinking but is not production behavior.,Focused semantic link(s) plus base accountability.
l7-protocols-master,testing/data/skypeout-a-5,448c14a843f70e19bfd3a7ded77725228618642d266005caf35c20c93fc98fd7,36,file,file,other,test,derived,,BASE07;L7PROTO003,reference-only,Test corpus/benchmark methodology informs regression thinking but is not production behavior.,Focused semantic link(s) plus base accountability.
l7-protocols-master,testing/data/skypeout-a-6,192580f209fff3827e41821db8198314c52b9054b87ba20e90828d09236a2fc4,44,file,file,other,test,derived,,BASE07;L7PROTO003,reference-only,Test corpus/benchmark methodology informs regression thinking but is not production behavior.,Focused semantic link(s) plus base accountability.
l7-protocols-master,testing/data/skypeout-b-1,2d711642b726b04401627ca9fbac32f5c8530fb1903cc4db02258717921a4881,1,file,file,other,test,derived,,BASE07;L7PROTO003,reference-only,Test corpus/benchmark methodology informs regression thinking but is not production behavior.,Focused semantic link(s) plus base accountability.
l7-protocols-master,testing/data/skypeout-b-2,5dde896887f6754c9b15bfe3a441ae4806df2fde94001311e08bf110622e0bbe,2,file,file,other,test,derived,,BASE07;L7PROTO003,reference-only,Test corpus/benchmark methodology informs regression thinking but is not production behavior.,Focused semantic link(s) plus base accountability.
l7-protocols-master,testing/data/skypeout-b-3,74ceb498090ca6df1a0d8a4e6575dc353a134988019d8b3b42227f51d7793331,10,file,file,other,test,derived,,BASE07;L7PROTO003,reference-only,Test corpus/benchmark methodology informs regression thinking but is not production behavior.,Focused semantic link(s) plus base accountability.
l7-protocols-master,testing/data/skypeout-b-4,616c480559997c6fa086a16bbf52cdf8982726e6349fb448dcd01bc00b0f7284,18,file,file,other,test,derived,,BASE07;L7PROTO003,reference-only,Test corpus/benchmark methodology informs regression thinking but is not production behavior.,Focused semantic link(s) plus base accountability.
l7-protocols-master,testing/data/skypeout-b-5,6ba1e68c8eb8bf44bc4cf1e95f7de311ced40d1e045af7eaadba64d0a766aecc,47,file,file,other,test,derived,,BASE07;L7PROTO003,reference-only,Test corpus/benchmark methodology informs regression thinking but is not production behavior.,Focused semantic link(s) plus base accountability.
l7-protocols-master,testing/data/skypeout-b-6,62170d95607286add981f820f4d2cb2f73b63b04d7a4fdda65f454ddc745c382,76,file,file,other,test,derived,,BASE07;L7PROTO003,reference-only,Test corpus/benchmark methodology informs regression thinking but is not production behavior.,Focused semantic link(s) plus base accountability.
l7-protocols-master,testing/data/skypeout-b-7,bdded6564f0df52dcd40232bb4cd62e4aa03f4e41b8a2ee9c33a775c35d1cfb5,105,file,file,other,test,derived,,BASE07;L7PROTO003,reference-only,Test corpus/benchmark methodology informs regression thinking but is not production behavior.,Focused semantic link(s) plus base accountability.
l7-protocols-master,testing/data/skypeout-b-8,7b7c392706b8ed47de5cbe8d488cc4b49da59945a74ee2d2c7af2d394c4f5a03,134,file,file,other,test,derived,,BASE07;L7PROTO003,reference-only,Test corpus/benchmark methodology informs regression thinking but is not production behavior.,Focused semantic link(s) plus base accountability.
l7-protocols-master,testing/data/skypeout-b-9,e2302fda871301c817e643a9c82859be1b8abe94d9e9de31c345a36374624036,190,file,file,other,test,derived,,BASE07;L7PROTO003,reference-only,Test corpus/benchmark methodology informs regression thinking but is not production behavior.,Focused semantic link(s) plus base accountability.
l7-protocols-master,testing/data/skypeout-c-1,41dd628ada3b8d42500d0aaa910ff07e90c91640d476423e32e9e3673259c561,9,file,file,other,test,derived,,BASE07;L7PROTO003,reference-only,Test corpus/benchmark methodology informs regression thinking but is not production behavior.,Focused semantic link(s) plus base accountability.
l7-protocols-master,testing/data/skypeout-c-2,5ca5d24bf91b2481c00075b56438a5ac18875abf7eca17c5aed37651b8e58ee3,18,file,file,other,test,derived,,BASE07;L7PROTO003,reference-only,Test corpus/benchmark methodology informs regression thinking but is not production behavior.,Focused semantic link(s) plus base accountability.
l7-protocols-master,testing/data/skypeout-c-3,098431afc0f30a313ea2daf2be408e6469e0136e25f06116d8a2b2620254b471,26,file,file,other,test,derived,,BASE07;L7PROTO003,reference-only,Test corpus/benchmark methodology informs regression thinking but is not production behavior.,Focused semantic link(s) plus base accountability.
l7-protocols-master,testing/data/skypeout-c-4,aca928e3d0cefad5cc944cbfefd07484c4328d054823bb2bac650ae73b893ed6,34,file,file,other,test,derived,,BASE07;L7PROTO003,reference-only,Test corpus/benchmark methodology informs regression thinking but is not production behavior.,Focused semantic link(s) plus base accountability.
l7-protocols-master,testing/data/skypeout-c-5,22c189b6e6c6b50d5b6a0be45b6397a1c3828246018d4f5b6d8ff699897ad45a,63,file,file,other,test,derived,,BASE07;L7PROTO003,reference-only,Test corpus/benchmark methodology informs regression thinking but is not production behavior.,Focused semantic link(s) plus base accountability.
l7-protocols-master,testing/data/skypeout-c-6,bd629103139be08cf4434963e7d3f6a35e2371a66c5a4b52b2f28663a61163a9,92,file,file,other,test,derived,,BASE07;L7PROTO003,reference-only,Test corpus/benchmark methodology informs regression thinking but is not production behavior.,Focused semantic link(s) plus base accountability.
l7-protocols-master,testing/data/skypeout-c-7,310ae471f38d22d7db7cbca89b851da0d34d1a13988269eb34ccddf4d089dfdc,121,file,file,other,test,derived,,BASE07;L7PROTO003,reference-only,Test corpus/benchmark methodology informs regression thinking but is not production behavior.,Focused semantic link(s) plus base accountability.
l7-protocols-master,testing/data/skypeout-c-8,7e3e15cdeca5ce4d768e50af51fe095efb596e8ef02204bb0daf16a5fcb7135f,150,file,file,other,test,derived,,BASE07;L7PROTO003,reference-only,Test corpus/benchmark methodology informs regression thinking but is not production behavior.,Focused semantic link(s) plus base accountability.
l7-protocols-master,testing/data/skypeout-c-9,57718453510eb2af464c0e24619ae3988182b9c9ea82d95eed1bc70eb5fb9e20,206,file,file,other,test,derived,,BASE07;L7PROTO003,reference-only,Test corpus/benchmark methodology informs regression thinking but is not production behavior.,Focused semantic link(s) plus base accountability.
l7-protocols-master,testing/data/ssdp-1,efddb85db4679e9c3a4029e13a8d2d2f99dc03c9d75c44ce23f98fe511e51f91,302,file,file,other,test,derived,,BASE07;L7PROTO003,reference-only,Test corpus/benchmark methodology informs regression thinking but is not production behavior.,Focused semantic link(s) plus base accountability.
l7-protocols-master,testing/data/ssh-1,8a0a5e3301dc5939efc060887b3071db3d1446087da8d718dd0bb091aec64686,25,file,file,other,test,derived,,BASE07;L7PROTO003,reference-only,Test corpus/benchmark methodology informs regression thinking but is not production behavior.,Focused semantic link(s) plus base accountability.
l7-protocols-master,testing/data/ssh-2,e238f0ec64e7f9d880ec08f5f5adc440c42eff0c27f58aca9f27d9d49b9d1c51,687,file,file,other,test,derived,,BASE07;L7PROTO003,reference-only,Test corpus/benchmark methodology informs regression thinking but is not production behavior.,Focused semantic link(s) plus base accountability.
l7-protocols-master,testing/data/ssh-3,0c0c65c596cdcc3c809d1b6f3f14f42b2bc5b5d1f112c59636995a569a02137d,1222,file,file,other,test,derived,,BASE07;L7PROTO003,reference-only,Test corpus/benchmark methodology informs regression thinking but is not production behavior.,Focused semantic link(s) plus base accountability.
l7-protocols-master,testing/data/ssh-4,8713bebb29369c05c31529b4492d66b30426dcc30fc45e27835ae16f1344a424,1250,file,file,other,test,derived,,BASE07;L7PROTO003,reference-only,Test corpus/benchmark methodology informs regression thinking but is not production behavior.,Focused semantic link(s) plus base accountability.
l7-protocols-master,testing/data/ssh-5,b13d0e0f61ed201e999ecb32d84cc23c9e4b59bde73181386ec281f69a203401,1400,file,file,other,test,derived,,BASE07;L7PROTO003,reference-only,Test corpus/benchmark methodology informs regression thinking but is not production behavior.,Focused semantic link(s) plus base accountability.
l7-protocols-master,testing/data/ssh-6,a564dd1fb0b9e095cdd996b8d7ce4fed7cc2c498cd274d5d3d65ccde466ca881,1538,file,file,other,test,derived,,BASE07;L7PROTO003,reference-only,Test corpus/benchmark methodology informs regression thinking but is not production behavior.,Focused semantic link(s) plus base accountability.
l7-protocols-master,testing/data/stun-1,ec8c8b3f05e9e982756c518ab20208d17e222315a9105d36562d4e48379f29be,16,file,file,other,test,derived,,BASE07;L7PROTO003,reference-only,Test corpus/benchmark methodology informs regression thinking but is not production behavior.,Focused semantic link(s) plus base accountability.
l7-protocols-master,testing/data/stun-2,ed4d678c7e3f64b26abcf7df12db3d2e0dface9113e99a3531b396fc5e44c9f5,72,file,file,other,test,derived,,BASE07;L7PROTO003,reference-only,Test corpus/benchmark methodology informs regression thinking but is not production behavior.,Focused semantic link(s) plus base accountability.
l7-protocols-master,testing/data/validcertssl-1,4ad07d49753ec88596c5b28c8631bd44e3a75bac1e8372401ae8720a4ef8c33c,105,file,file,other,test,derived,,BASE07;L7PROTO003,reference-only,Test corpus/benchmark methodology informs regression thinking but is not production behavior.,Focused semantic link(s) plus base accountability.
l7-protocols-master,testing/data/validcertssl-2,cc438ac4117ed42eb12447f8b7a6f0324deb492040cc1ac24f41ac0c4575e0e0,1385,file,file,other,test,derived,,BASE07;L7PROTO003,reference-only,Test corpus/benchmark methodology informs regression thinking but is not production behavior.,Focused semantic link(s) plus base accountability.
l7-protocols-master,testing/data/validcertssl-3,22c296069b5aaa363af3af090207f3d1cead2b5a34dd6831586fae723ed5f300,1489,file,file,other,test,derived,,BASE07;L7PROTO003,reference-only,Test corpus/benchmark methodology informs regression thinking but is not production behavior.,Focused semantic link(s) plus base accountability.
l7-protocols-master,testing/data/validcertssl-4,df051fccb6eb9fd4049dcceaeb95900ad39d27cadd0052c2ec6a6ab31078b109,1687,file,file,other,test,derived,,BASE07;L7PROTO003,reference-only,Test corpus/benchmark methodology informs regression thinking but is not production behavior.,Focused semantic link(s) plus base accountability.
l7-protocols-master,testing/data/validcertssl-5,fc6a48bf1c2e5d21c51d33fbde3c683d772286b60ffb826a740ff843fae5d8c1,1746,file,file,other,test,derived,,BASE07;L7PROTO003,reference-only,Test corpus/benchmark methodology informs regression thinking but is not production behavior.,Focused semantic link(s) plus base accountability.
l7-protocols-master,testing/data/validcertssl-6,84d1e640ca0f8b44c8374ea4005b40031eb0532730b66a37edd40e142224023d,2048,file,file,other,test,derived,,BASE07;L7PROTO003,reference-only,Test corpus/benchmark methodology informs regression thinking but is not production behavior.,Focused semantic link(s) plus base accountability.
l7-protocols-master,testing/data/winmx-1,6b86b273ff34fce19d6b804eff5a3f5747ada4eaa22f1d49c01e52ddb7875b4b,1,file,file,other,test,derived,,BASE07;L7PROTO003,reference-only,Test corpus/benchmark methodology informs regression thinking but is not production behavior.,Focused semantic link(s) plus base accountability.
l7-protocols-master,testing/data/winmx-2,1d95722a36d8f7248958ee2e11ba67e49be7e77177607694d9129903d5b24459,17,file,file,other,test,derived,,BASE07;L7PROTO003,reference-only,Test corpus/benchmark methodology informs regression thinking but is not production behavior.,Focused semantic link(s) plus base accountability.
l7-protocols-master,testing/data/winmx-3,bf39b62a6787bc80df1645aca3972dcae97289b9f8c42642c9f056e9886b3a14,285,file,file,other,test,derived,,BASE07;L7PROTO003,reference-only,Test corpus/benchmark methodology informs regression thinking but is not production behavior.,Focused semantic link(s) plus base accountability.
l7-protocols-master,testing/data/x11-1,ad33d13d6bc3bd05c9957f130811a989dc0b75035ec695d3cb29ec3dfc081602,12,file,file,other,test,derived,,BASE07;L7PROTO003,reference-only,Test corpus/benchmark methodology informs regression thinking but is not production behavior.,Focused semantic link(s) plus base accountability.
l7-protocols-master,testing/data/x11-2,c420a9545b06b14f77aa0715cfe58f922e21d3910b41ce0380205e3b8598d5d5,416,file,file,other,test,derived,,BASE07;L7PROTO003,reference-only,Test corpus/benchmark methodology informs regression thinking but is not production behavior.,Focused semantic link(s) plus base accountability.
l7-protocols-master,testing/data/x11-3,28326417463889ac5e242b360e47f548ca07989bd68f0a89f4169cbb35767985,480,file,file,other,test,derived,,BASE07;L7PROTO003,reference-only,Test corpus/benchmark methodology informs regression thinking but is not production behavior.,Focused semantic link(s) plus base accountability.
l7-protocols-master,testing/data/x11-4,b91583cd916d29888ba43cc17cd02f7e1687778e844102a803bd1248fc487015,1928,file,file,other,test,derived,,BASE07;L7PROTO003,reference-only,Test corpus/benchmark methodology informs regression thinking but is not production behavior.,Focused semantic link(s) plus base accountability.
l7-protocols-master,testing/data/x11-5,c4502b07de3b49a5daae8026ad0b2f42ebed462bc2c7f6aa2caefa7791165cc0,2048,file,file,other,test,derived,,BASE07;L7PROTO003,reference-only,Test corpus/benchmark methodology informs regression thinking but is not production behavior.,Focused semantic link(s) plus base accountability.
l7-protocols-master,testing/data/yahoo-1,52fe0132057455027478c704202a4f53a704c0504a4feebed48b42eabeca5d69,33,file,file,other,test,derived,,BASE07;L7PROTO003,reference-only,Test corpus/benchmark methodology informs regression thinking but is not production behavior.,Focused semantic link(s) plus base accountability.
l7-protocols-master,testing/data/yahoo-2,15bb86c476108d3c0b78fb1fd56d8ad47a64cbe39ee52115012a0de2c4395b46,149,file,file,other,test,derived,,BASE07;L7PROTO003,reference-only,Test corpus/benchmark methodology informs regression thinking but is not production behavior.,Focused semantic link(s) plus base accountability.
l7-protocols-master,testing/data/yahoo-3,681d7ce7b321cfcb091dec89d8bb40b2b94e5c67b4400008ab9d07649e947428,321,file,file,other,test,derived,,BASE07;L7PROTO003,reference-only,Test corpus/benchmark methodology informs regression thinking but is not production behavior.,Focused semantic link(s) plus base accountability.
l7-protocols-master,testing/data/yahoo-4,6a2ad8f15f785c63b21be8fc6257315c08872d4701bd51b67c32cf41bbf0611a,1050,file,file,other,test,derived,,BASE07;L7PROTO003,reference-only,Test corpus/benchmark methodology informs regression thinking but is not production behavior.,Focused semantic link(s) plus base accountability.
l7-protocols-master,testing/doallspeeds.sh,5fceb59703ed318926d55c14d6483d60725170202fede516c4c2152e544ee2b6,728,file,file,shell,test,derived,,BASE07;L7PROTO003,reference-only,Test corpus/benchmark methodology informs regression thinking but is not production behavior.,Focused semantic link(s) plus base accountability.
l7-protocols-master,testing/l7-parse-patterns.cpp,d19151d9fdebf747e86c11bbfc4f7c59a354abb2a8e9f2d8827f7e1cc78e6b6e,4866,file,file,cpp,test,derived,,BASE07;L7PROTO003,reference-only,Test corpus/benchmark methodology informs regression thinking but is not production behavior.,Focused semantic link(s) plus base accountability.
l7-protocols-master,testing/l7-parse-patterns.h,5728029cc86001f6256df1ede103ada3314314e3bf573ba0dc1f4492f1e6b32e,829,file,file,c,test,derived,,BASE07;L7PROTO003,reference-only,Test corpus/benchmark methodology informs regression thinking but is not production behavior.,Focused semantic link(s) plus base accountability.
l7-protocols-master,testing/match-kernel.c,9386c8e4591fc2c73db56a47d390ec30e982b647f0f5a98c99b62a7fb8c3d462,3016,file,file,c,test,derived,,BASE07;L7PROTO003,reference-only,Test corpus/benchmark methodology informs regression thinking but is not production behavior.,Focused semantic link(s) plus base accountability.
l7-protocols-master,testing/randchars.c,301cd46b17330d5ba2066f3fa36ea2232fa32160dbee49170fbebafb39e8e6a3,209,file,file,c,test,derived,,BASE07;L7PROTO003,reference-only,Test corpus/benchmark methodology informs regression thinking but is not production behavior.,Focused semantic link(s) plus base accountability.
l7-protocols-master,testing/randprintable.c,3c3bde14c7fe50812ae7521d9ec1bc5c3c186f16d502d6c9fc79e298e077ab9c,263,file,file,c,test,derived,,BASE07;L7PROTO003,reference-only,Test corpus/benchmark methodology informs regression thinking but is not production behavior.,Focused semantic link(s) plus base accountability.
l7-protocols-master,testing/regexp/regerror.c,90699113569117dc4ad6bdeeff2c429d06f616adb6dca457b8cef8900f218e44,88,file,file,c,test,derived,,BASE07;L7PROTO003,reference-only,Test corpus/benchmark methodology informs regression thinking but is not production behavior.,Focused semantic link(s) plus base accountability.
l7-protocols-master,testing/regexp/regexp.c,be5b9006df4851eed729ecec15e83289866c372e6848d58d651e7bdcae577a89,29153,file,file,c,test,derived,,BASE07;L7PROTO003,reference-only,Test corpus/benchmark methodology informs regression thinking but is not production behavior.,Focused semantic link(s) plus base accountability.
l7-protocols-master,testing/regexp/regexp.h,8c06368c91d286958a8505ded64bbb6ec611e9d293057bb476abda844b522596,689,file,file,c,test,derived,,BASE07;L7PROTO003,reference-only,Test corpus/benchmark methodology informs regression thinking but is not production behavior.,Focused semantic link(s) plus base accountability.
l7-protocols-master,testing/regexp/regmagic.h,02feed0473cc459aeef7ec04e0cf023ce88781d699942f5d4da320270cbdbd60,153,file,file,c,test,derived,,BASE07;L7PROTO003,reference-only,Test corpus/benchmark methodology informs regression thinking but is not production behavior.,Focused semantic link(s) plus base accountability.
l7-protocols-master,testing/regexp/regsub.c,ce85378aff0896c5d4a3a267693c752fcd3e95db36ad93231be2047bd975298d,2260,file,file,c,test,derived,,BASE07;L7PROTO003,reference-only,Test corpus/benchmark methodology informs regression thinking but is not production behavior.,Focused semantic link(s) plus base accountability.
l7-protocols-master,testing/test_match.sh,d035ecefad634d8f2ea52e20e1821352e990efbedc8b296262017c9c07a59780,1960,file,file,shell,test,derived,,BASE07;L7PROTO003,reference-only,Test corpus/benchmark methodology informs regression thinking but is not production behavior.,Focused semantic link(s) plus base accountability.
l7-protocols-master,testing/test_speed-kernel.c,2d7596905db60df568b5ccadef91916f34c03028b1809ad2323b815904f5211f,3098,file,file,c,test,derived,,BASE07;L7PROTO003,reference-only,Test corpus/benchmark methodology informs regression thinking but is not production behavior.,Focused semantic link(s) plus base accountability.
l7-protocols-master,testing/test_speed-userspace.cpp,50f7791b178cb947c7e5498886c7764cd15c1fefa48379236f2d624d3a8aed61,3842,file,file,cpp,test,derived,,BASE07;L7PROTO003,reference-only,Test corpus/benchmark methodology informs regression thinking but is not production behavior.,Focused semantic link(s) plus base accountability.
l7-protocols-master,testing/timeit.sh,8a211785525513f519f833084a68ed0a33e6db54e640bab869d196ac0d65d1bb,3519,file,file,shell,test,derived,,BASE07;L7PROTO003,reference-only,Test corpus/benchmark methodology informs regression thinking but is not production behavior.,Focused semantic link(s) plus base accountability.
l7-snake-main,.gitignore,0d517fc0a3559729684350392771cc27f5ee70a7793e57878690ddf8cf3b13cc,56,file,file,other,repository-administration,derived,,BASE08,reference-only,Supporting/package/admin/media/fixture leaf is explicitly retained in donor accountability; no independent target mechanism is justified beyond its donor/context record.,Explicit supporting leaf; base donor evidence only.
l7-snake-main,Docker/Dockerfile,920728868d591d67fc69c3e03b8f4325b7eae4a66cbf7677d1c171504f21c860,47,file,file,other,deployment,authoritative,,BASE08;L7SNAKE002,reference-only,Deployment examples are accounted as operational evidence but mismatch LumiNet product/runtime ownership.,Focused semantic link(s) plus base accountability.
l7-snake-main,README.md,4cf075c68c480b0331dd83ca19b73a0191ff0e254e164591a0669e931321f37f,2804,file,file,markdown,documentation,descriptive,,BASE08,reference-only,Supporting/package/admin/media/fixture leaf is explicitly retained in donor accountability; no independent target mechanism is justified beyond its donor/context record.,Explicit supporting leaf; base donor evidence only.
l7-snake-main,banner/banner.go,183b725a9dc327b3ceea6f76acef58bec6e6460f91011e7e24cc8d1e6b1d4b5e,1267,file,file,go,implementation,authoritative,,BASE08;L7SNAKE003,superseded,Bootstrap/config/status transport code is donor-specific control-plane glue; target preserves only typed health/freshness evidence in its existing planner.,Focused semantic link(s) plus base accountability.
l7-snake-main,centraldata/centraldata.go,e2c30fdb95406d16016e82e5559536731fdaa2187b50331596d38d3e5848d8ea,1024,file,file,go,implementation,authoritative,,BASE08;L7SNAKE001;L7SNAKE003,recomposed,Health/status concepts reinforce explicit target mesh evidence; donor server/client topology is unnecessary.,Focused semantic link(s) plus base accountability.
l7-snake-main,checkconfig/checkconfig.go,f3fcf39caeac617681db79c46aa823bc45b28111f1961fd0e5c42ab03e48d989,3336,file,file,go,implementation,authoritative,,BASE08;L7SNAKE001;L7SNAKE003,recomposed,Health/status concepts reinforce explicit target mesh evidence; donor server/client topology is unnecessary.,Focused semantic link(s) plus base accountability.
l7-snake-main,client/client.go,811a9ca5ab4070deb0768ee44625c5595e9b065c69eb63747f92ab1a8792955e,3278,file,file,go,implementation,authoritative,,BASE08;L7SNAKE001;L7SNAKE003,recomposed,Health/status concepts reinforce explicit target mesh evidence; donor server/client topology is unnecessary.,Focused semantic link(s) plus base accountability.
l7-snake-main,configchanger/configchanger.go,6d2c7a1833fe22426b8fe11dd7a2ef3b2534e5dc293b2da5f5553fe745a749d8,657,file,file,go,implementation,authoritative,,BASE08;L7SNAKE001;L7SNAKE003,recomposed,Health/status concepts reinforce explicit target mesh evidence; donor server/client topology is unnecessary.,Focused semantic link(s) plus base accountability.
l7-snake-main,configstruct/configstruct.go,a65ff38ce9ccbc9ea2746dbe0fce68f57459e3b6762a7bd2c10381911efd6d0d,2249,file,file,go,implementation,authoritative,,BASE08;L7SNAKE003,superseded,Bootstrap/config/status transport code is donor-specific control-plane glue; target preserves only typed health/freshness evidence in its existing planner.,Focused semantic link(s) plus base accountability.
l7-snake-main,kubernetes/create-deployment.sh,19bf3f89cc981d23d19f321253679b25d982550bec2754fde6bd7b26c3755e83,425,file,file,shell,deployment,authoritative,,BASE08;L7SNAKE002,reference-only,Deployment examples are accounted as operational evidence but mismatch LumiNet product/runtime ownership.,Focused semantic link(s) plus base accountability.
l7-snake-main,kubernetes/snake-chain-dpl.yml,2cd20e88c8484150e610fe96db9d082c6be0becb588437c3c1eb241a29ca2be9,1262,file,file,yaml,deployment,authoritative,,BASE08;L7SNAKE002,reference-only,Deployment examples are accounted as operational evidence but mismatch LumiNet product/runtime ownership.,Focused semantic link(s) plus base accountability.
l7-snake-main,kubernetes/snake-endpoint-dpl.yml,2f6e7ba55f0ce94afae4b034f9aeffbed674d0191524cf961862be6c64539c91,1255,file,file,yaml,deployment,authoritative,,BASE08;L7SNAKE002,reference-only,Deployment examples are accounted as operational evidence but mismatch LumiNet product/runtime ownership.,Focused semantic link(s) plus base accountability.
l7-snake-main,kubernetes/tmpl_deployment.yml,d7a5978f69da43a1424f5fe159156fd00477a3e7208b40f776f8ee424e05ae18,1263,file,file,yaml,deployment,authoritative,,BASE08;L7SNAKE002,reference-only,Deployment examples are accounted as operational evidence but mismatch LumiNet product/runtime ownership.,Focused semantic link(s) plus base accountability.
l7-snake-main,main.go,40dff7a40fc6054b70b2806bb02e934b1fbb0d8d3b669a2cf04d6e79c8f2de87,1108,file,file,go,implementation,authoritative,,BASE08;L7SNAKE003,superseded,Bootstrap/config/status transport code is donor-specific control-plane glue; target preserves only typed health/freshness evidence in its existing planner.,Focused semantic link(s) plus base accountability.
l7-snake-main,pictures/example2.png,83cf86048410f28620dc0f9714e5a727724ee2dadee1727f5c156e7ad23952a6,49296,file,file,other,media,derived,,BASE08,reference-only,Supporting/package/admin/media/fixture leaf is explicitly retained in donor accountability; no independent target mechanism is justified beyond its donor/context record.,Explicit supporting leaf; base donor evidence only.
l7-snake-main,protoraw/status.proto,2f7b33783ab760042a8978a60b3a3ede4baaee8566880aa391e4cc0b839e7895,422,file,file,protobuf,implementation,authoritative,,BASE08;L7SNAKE003,superseded,Bootstrap/config/status transport code is donor-specific control-plane glue; target preserves only typed health/freshness evidence in its existing planner.,Focused semantic link(s) plus base accountability.
l7-snake-main,pt3status/status.pb.go,12111043e0a4fc3911ed0c3428067fd542ce39099769a841cc545ed8f7b0232c,10031,file,file,go,implementation,authoritative,,BASE08;L7SNAKE001;L7SNAKE003,recomposed,Health/status concepts reinforce explicit target mesh evidence; donor server/client topology is unnecessary.,Focused semantic link(s) plus base accountability.
l7-snake-main,pt3status/status_grpc.pb.go,4ee9c437707d873a9636b3cdbf1454ebb29b97315eaea51303f2bb0dc360ad96,3407,file,file,go,implementation,authoritative,,BASE08;L7SNAKE001;L7SNAKE003,recomposed,Health/status concepts reinforce explicit target mesh evidence; donor server/client topology is unnecessary.,Focused semantic link(s) plus base accountability.
l7-snake-main,server/server.go,953b33aa2a474e96e473f18f9089bda9b3df1212aa350a9b73dc16b4af887ccf,1849,file,file,go,implementation,authoritative,,BASE08;L7SNAKE001;L7SNAKE003,recomposed,Health/status concepts reinforce explicit target mesh evidence; donor server/client topology is unnecessary.,Focused semantic link(s) plus base accountability.
l7-snake-main,slurper/slurper.go,e4072d1d4c93f57c72a436af8e9b056bb6d7bc2f7ff21a097eacfab876a4bdea,789,file,file,go,implementation,authoritative,,BASE08;L7SNAKE003,superseded,Bootstrap/config/status transport code is donor-specific control-plane glue; target preserves only typed health/freshness evidence in its existing planner.,Focused semantic link(s) plus base accountability.
LACUNA-Chain-main,README.md,0f358abe0fc6d05d7b5bfb097e7b98e7a2edd399a46109c2a691d5fe4ee585f3,4335,file,file,markdown,documentation,descriptive,,BASE09,reference-only,Supporting/package/admin/media/fixture leaf is explicitly retained in donor accountability; no independent target mechanism is justified beyond its donor/context record.,Explicit supporting leaf; base donor evidence only.
LACUNA-Chain-main,build.sh,c2ebb5e9efd82ee96435d59b27ca587fc4b140ee22a1efa9205f523f6051e34b,1231,file,file,shell,script,authoritative,,BASE09;LACUNA002,rejected-with-reason,Shellcode payload/build mechanics provide no acceptable target product value.,Focused semantic link(s) plus base accountability.
LACUNA-Chain-main,lacuna_chain.c,3fa503bdc511ebe8214d5869b6a7c3d86dc7967a3693efbb8bc90d80d2b195ea,44525,file,file,c,implementation,authoritative,,BASE09;LACUNA001,guardrail-derived,EDR-evasion/call-stack spoofing is outside legitimate LumiNet runtime authority; review also exposed a stale target StackSpoofing export.,Focused semantic link(s) plus base accountability.
LACUNA-Chain-main,lacuna_sleep.c,bb5a9fb05fb5e3aac18f011ce92b8354ba393655a34ace3c97f4b8d73c269fb3,24304,file,file,c,implementation,authoritative,,BASE09;LACUNA001,guardrail-derived,EDR-evasion/call-stack spoofing is outside legitimate LumiNet runtime authority; review also exposed a stale target StackSpoofing export.,Focused semantic link(s) plus base accountability.
LACUNA-Chain-main,shellcode/.placeholder,01ba4719c80b6fe911b091a7c05124b64eeece964e09c058ef8f9805daca546b,1,file,file,other,fixture,derived,,BASE09;LACUNA002,rejected-with-reason,Shellcode payload/build mechanics provide no acceptable target product value.,Focused semantic link(s) plus base accountability.
LACUNA-Chain-main,shellcode/msgbox.asm,1b088fbe735ff6859e0863a4c6e83571fdd18278fe92f19799838de9e23c4d14,3430,file,file,other,fixture,derived,,BASE09;LACUNA002,rejected-with-reason,Shellcode payload/build mechanics provide no acceptable target product value.,Focused semantic link(s) plus base accountability.
LACUNA-Chain-main,shellcode/msgbox.bin,b25b3c088edf6313cd6d9932789b268bd500410c8cc0b1d3fd0cb90a4ad8e947,324,file,file,other,media,derived,,BASE09;LACUNA002,rejected-with-reason,Shellcode payload/build mechanics provide no acceptable target product value.,Focused semantic link(s) plus base accountability.
libkcp-master,.drone.yml,ced53adbf3d0c95ff3e47a1ec39dbe0742ce1a67d1ea6dc89d3ebe5ef340823e,88,file,file,yaml,repository-administration,derived,,BASE10,reference-only,Supporting/package/admin/media/fixture leaf is explicitly retained in donor accountability; no independent target mechanism is justified beyond its donor/context record.,Explicit supporting leaf; base donor evidence only.
libkcp-master,.gitignore,0a44bd2b8e7c35cfad385b8f440c3ec6ebcf8bd10248cf5925d2ceacc92f8078,7,file,file,other,repository-administration,derived,,BASE10,reference-only,Supporting/package/admin/media/fixture leaf is explicitly retained in donor accountability; no independent target mechanism is justified beyond its donor/context record.,Explicit supporting leaf; base donor evidence only.
libkcp-master,.travis.yml,668025179686c226db0aa48ab94a5596f1a0a83bb7f0994383eff476582646df,79,file,file,yaml,repository-administration,derived,,BASE10,reference-only,Supporting/package/admin/media/fixture leaf is explicitly retained in donor accountability; no independent target mechanism is justified beyond its donor/context record.,Explicit supporting leaf; base donor evidence only.
libkcp-master,CMakeLists.txt,137b083208b3507fdce05eb023551e2db4e30125a2084f39218a09f92a971924,493,file,file,other,configuration,authoritative,,BASE10;LIBKCP003,reference-only,Server/build/test harnesses corroborate KCP behavior but are implementation-specific and unnecessary beside target Go KCP runtime.,Focused semantic link(s) plus base accountability.
libkcp-master,LICENSE.md,f615ced88b51f7419f62a271f0b4a31c6f08c7949f4fdce098e94a2bbc44ce20,1076,file,file,markdown,governance,descriptive,,BASE10,reference-only,Supporting/package/admin/media/fixture leaf is explicitly retained in donor accountability; no independent target mechanism is justified beyond its donor/context record.,Explicit supporting leaf; base donor evidence only.
libkcp-master,README.md,1be8fc023f05d220cad10ffd1773755396f8eeeceaab4ddf0c8d05104934cfad,1720,file,file,markdown,documentation,descriptive,,BASE10,reference-only,Supporting/package/admin/media/fixture leaf is explicitly retained in donor accountability; no independent target mechanism is justified beyond its donor/context record.,Explicit supporting leaf; base donor evidence only.
libkcp-master,encoding.h,5ca7ff5cfd13351d76d6fe960ed4cacccbf522df7f374677119852a49ebaa8dd,2247,file,file,c,implementation,authoritative,,BASE10;LIBKCP003,reference-only,Server/build/test harnesses corroborate KCP behavior but are implementation-specific and unnecessary beside target Go KCP runtime.,Focused semantic link(s) plus base accountability.
libkcp-master,fec.cpp,9dd59838658d74d4ebd1883c2e7b42e7180aedd99c44cd3ae0efe07ff4dea1e2,5136,file,file,cpp,implementation,authoritative,,BASE10;LIBKCP002;LIBKCP003,inspired-native,FEC tests motivate explicit bounded shard planning independent of donor implementation.,Focused semantic link(s) plus base accountability.
libkcp-master,fec.h,4f41e2d1d6e45eb1064a836d2de02a49e0a9f6634734e68736882a411047e38a,1448,file,file,c,implementation,authoritative,,BASE10;LIBKCP002;LIBKCP003,inspired-native,FEC tests motivate explicit bounded shard planning independent of donor implementation.,Focused semantic link(s) plus base accountability.
libkcp-master,fec_test.cpp,3f00dd8a54a875f936dd30f77ec7c63a0565eb27565d6418fb0ea98d2aa18763,3562,file,file,cpp,implementation,authoritative,,BASE10;LIBKCP002;LIBKCP003,inspired-native,FEC tests motivate explicit bounded shard planning independent of donor implementation.,Focused semantic link(s) plus base accountability.
libkcp-master,galois.cpp,5735ac3153c8d136f2c6ac5ea84537b5325679a704d4ef8b15b710320b8249cd,983,file,file,cpp,implementation,authoritative,,BASE10;LIBKCP002;LIBKCP003,inspired-native,FEC tests motivate explicit bounded shard planning independent of donor implementation.,Focused semantic link(s) plus base accountability.
libkcp-master,galois.h,0f22b13d565872457b167a044437bdeccc557fd63a8e65ef2dee686996ccc2a5,512,file,file,c,implementation,authoritative,,BASE10;LIBKCP002;LIBKCP003,inspired-native,FEC tests motivate explicit bounded shard planning independent of donor implementation.,Focused semantic link(s) plus base accountability.
libkcp-master,galois_noasm.cpp,60b328d7cd543491166a27813f9d7a9ea5af7b9b13e9d73c1aebf9b6d85afa8d,419,file,file,cpp,implementation,authoritative,,BASE10;LIBKCP002;LIBKCP003,inspired-native,FEC tests motivate explicit bounded shard planning independent of donor implementation.,Focused semantic link(s) plus base accountability.
libkcp-master,galois_noasm.h,936c663d9abc67cc1a2f34570ba42cb333fe1c44229622f49c61c08c904f73cc,347,file,file,c,implementation,authoritative,,BASE10;LIBKCP002;LIBKCP003,inspired-native,FEC tests motivate explicit bounded shard planning independent of donor implementation.,Focused semantic link(s) plus base accountability.
libkcp-master,galois_table.c,163ce65ca11eeda8688f6d556d0423703f6443cde9090894c688042d7eca3c18,419265,file,file,c,implementation,authoritative,,BASE10;LIBKCP002;LIBKCP003,inspired-native,FEC tests motivate explicit bounded shard planning independent of donor implementation.,Focused semantic link(s) plus base accountability.
libkcp-master,ikcp.c,4432280e851b8ef27678401a091850cf279b2ef0a21c627bf4f5e34f8c9e4e9a,32024,file,file,c,implementation,authoritative,,BASE10;LIBKCP001;LIBKCP003,reference-only,C/C++ implementation corroborates KCP/FEC semantics but target runtime already depends on Go kcp-go.,Focused semantic link(s) plus base accountability.
libkcp-master,ikcp.h,1c45a2c3ed9ba71c835b0a17d6ec8dd9d16e35c402b572cd92d669bb034472a2,12288,file,file,c,implementation,authoritative,,BASE10;LIBKCP001;LIBKCP003,reference-only,C/C++ implementation corroborates KCP/FEC semantics but target runtime already depends on Go kcp-go.,Focused semantic link(s) plus base accountability.
libkcp-master,inversion_tree.cpp,af324d42c8e823be94ee87b160119d8e2a8a1fef62e04e320d3fef4b2b4f61ef,4831,file,file,cpp,implementation,authoritative,,BASE10;LIBKCP003,reference-only,Server/build/test harnesses corroborate KCP behavior but are implementation-specific and unnecessary beside target Go KCP runtime.,Focused semantic link(s) plus base accountability.
libkcp-master,inversion_tree.h,9d6d4bdba486f59498faf83355ff6bf523903fb3b270ce2fb39a1aa62d604f6a,1375,file,file,c,implementation,authoritative,,BASE10;LIBKCP003,reference-only,Server/build/test harnesses corroborate KCP behavior but are implementation-specific and unnecessary beside target Go KCP runtime.,Focused semantic link(s) plus base accountability.
libkcp-master,kcp_test.cpp,38446273b482d9ed01169920440eb6cb20b69f0b658ef5da53d99e3105a73a94,1413,file,file,cpp,implementation,authoritative,,BASE10;LIBKCP003,reference-only,Server/build/test harnesses corroborate KCP behavior but are implementation-specific and unnecessary beside target Go KCP runtime.,Focused semantic link(s) plus base accountability.
libkcp-master,kcpserver.go,a6b995db635be1077df7cdbacbf78b03a98c5ccb6ccde89c4dad3ef50b903058,757,file,file,go,implementation,authoritative,,BASE10;LIBKCP003,reference-only,Server/build/test harnesses corroborate KCP behavior but are implementation-specific and unnecessary beside target Go KCP runtime.,Focused semantic link(s) plus base accountability.
libkcp-master,logo.png,e88ac4ff2b7c75d594cdbd61a23c6730fdd860e6f796389f1fe03d57a7b78eeb,29084,file,file,other,media,derived,,BASE10,reference-only,Supporting/package/admin/media/fixture leaf is explicitly retained in donor accountability; no independent target mechanism is justified beyond its donor/context record.,Explicit supporting leaf; base donor evidence only.
libkcp-master,matrix.cpp,061a2736f7221c8c5e6bf8c1a69c041a17edee56b497feb3f4ce05ae3ab0523c,4588,file,file,cpp,implementation,authoritative,,BASE10;LIBKCP002;LIBKCP003,inspired-native,FEC tests motivate explicit bounded shard planning independent of donor implementation.,Focused semantic link(s) plus base accountability.
libkcp-master,matrix.h,bfa8ffa6ca33e5681d817477d1ef61801afe760519ea13671182a4c44f19ae04,1756,file,file,c,implementation,authoritative,,BASE10;LIBKCP002;LIBKCP003,inspired-native,FEC tests motivate explicit bounded shard planning independent of donor implementation.,Focused semantic link(s) plus base accountability.
libkcp-master,reedsolomon.cpp,a940f8c4799d8ad8975b42404208f0706707f181624206bf5b61913add2a4ed1,7975,file,file,cpp,implementation,authoritative,,BASE10;LIBKCP002;LIBKCP003,inspired-native,FEC tests motivate explicit bounded shard planning independent of donor implementation.,Focused semantic link(s) plus base accountability.
libkcp-master,reedsolomon.h,a141cd418d9530435e60033794da69cbcb0f538f50c62fdc187701fc1ca37918,2968,file,file,c,implementation,authoritative,,BASE10;LIBKCP002;LIBKCP003,inspired-native,FEC tests motivate explicit bounded shard planning independent of donor implementation.,Focused semantic link(s) plus base accountability.
libkcp-master,reedsolomon_test.cpp,202a1a8cba430457c9b8bc8aee0d9f68d5280139aaedcdd3b0061ef764b9777f,2861,file,file,cpp,implementation,authoritative,,BASE10;LIBKCP002;LIBKCP003,inspired-native,FEC tests motivate explicit bounded shard planning independent of donor implementation.,Focused semantic link(s) plus base accountability.
libkcp-master,sess.cpp,381de56a511b30497ae89c97dcd130531cbbfe35c5ef1fd890a3dc54f342f785,7647,file,file,cpp,implementation,authoritative,,BASE10;LIBKCP001;LIBKCP003,reference-only,C/C++ implementation corroborates KCP/FEC semantics but target runtime already depends on Go kcp-go.,Focused semantic link(s) plus base accountability.
libkcp-master,sess.h,f78f55e58b9b4b65e6e5f28dc071a7bf91e7f69000a1060a8cb31e7e87caa876,2382,file,file,c,implementation,authoritative,,BASE10;LIBKCP001;LIBKCP003,reference-only,C/C++ implementation corroborates KCP/FEC semantics but target runtime already depends on Go kcp-go.,Focused semantic link(s) plus base accountability.
libXray-main,.github/workflows/libxray-test.yml,9ec291ebefc7b154d92b4b94588cd0c38d7ae227eac28633739b7d59554bd75e,416,file,file,yaml,repository-administration,derived,,BASE11,reference-only,Supporting/package/admin/media/fixture leaf is explicitly retained in donor accountability; no independent target mechanism is justified beyond its donor/context record.,Explicit supporting leaf; base donor evidence only.
libXray-main,.github/workflows/release-go-mirror.yml,4964b63b08551f272504c23fd7c9172ab401d7fad3466aad39f10754c70e2dc0,2591,file,file,yaml,repository-administration,derived,,BASE11,reference-only,Supporting/package/admin/media/fixture leaf is explicitly retained in donor accountability; no independent target mechanism is justified beyond its donor/context record.,Explicit supporting leaf; base donor evidence only.
libXray-main,.gitignore,56e7261e27d80c1aeef5731b227a8f5b5ea1ccde8e075e80e8111405ff971d66,408,file,file,other,repository-administration,derived,,BASE11,reference-only,Supporting/package/admin/media/fixture leaf is explicitly retained in donor accountability; no independent target mechanism is justified beyond its donor/context record.,Explicit supporting leaf; base donor evidence only.
libXray-main,LICENSE,992cf88a505936a11bd0fff17b7842abd9411e8da41fd69f22f47ae915e9d198,1066,file,file,other,governance,descriptive,,BASE11,reference-only,Supporting/package/admin/media/fixture leaf is explicitly retained in donor accountability; no independent target mechanism is justified beyond its donor/context record.,Explicit supporting leaf; base donor evidence only.
libXray-main,README.md,d0aa7650300c7024cfcf78f8f6112f9724ff414973a8ad76bcb5d8652663cecc,5415,file,file,markdown,documentation,descriptive,,BASE11,reference-only,Supporting/package/admin/media/fixture leaf is explicitly retained in donor accountability; no independent target mechanism is justified beyond its donor/context record.,Explicit supporting leaf; base donor evidence only.
libXray-main,android_wrapper.go,14b8eb7a6abcf89b81271f0705ff803c13ecb5752c7d09d36a1650331e4b63d1,650,file,file,go,implementation,authoritative,,BASE11;LIBXRAY005,superseded,"Platform wrappers were reviewed but duplicate LumiNet host-network, runtime supervision and update ownership.",Focused semantic link(s) plus base accountability.
libXray-main,build/app/__init__.py,e3b0c44298fc1c149afbf4c8996fb92427ae41e4649b934ca495991b7852b855,0,file,file,python,implementation,authoritative,,BASE11;LIBXRAY003,reference-only,Build wrappers are operational reference only; LumiNet has distinct Go/Rust/Wails/Android release ownership.,Focused semantic link(s) plus base accountability.
libXray-main,build/app/android.py,11826261caf2f45e748605e5b6b462ac923231fa9840d38d8cfd5555bbb6b227,864,file,file,python,implementation,authoritative,,BASE11;LIBXRAY003,reference-only,Build wrappers are operational reference only; LumiNet has distinct Go/Rust/Wails/Android release ownership.,Focused semantic link(s) plus base accountability.
libXray-main,build/app/apple_go.py,5f55d6d588d7cae9a241f1fc36aa9b7a764cbc1ab358469d5cf212bae4796f20,10613,file,file,python,implementation,authoritative,,BASE11;LIBXRAY003,reference-only,Build wrappers are operational reference only; LumiNet has distinct Go/Rust/Wails/Android release ownership.,Focused semantic link(s) plus base accountability.
libXray-main,build/app/apple_gomobile.py,cf9de641a39706b626fdfbb63abc2b599140192f33fb4b5174e1e64edda7e722,714,file,file,python,implementation,authoritative,,BASE11;LIBXRAY003,reference-only,Build wrappers are operational reference only; LumiNet has distinct Go/Rust/Wails/Android release ownership.,Focused semantic link(s) plus base accountability.
libXray-main,build/app/build.py,ae5ad18474844c90099bc1c28f9776877de21aaed63596c3552f448ca65b48b9,7117,file,file,python,implementation,authoritative,,BASE11;LIBXRAY003,reference-only,Build wrappers are operational reference only; LumiNet has distinct Go/Rust/Wails/Android release ownership.,Focused semantic link(s) plus base accountability.
libXray-main,build/app/cmd.py,0f66d33106ca27260267b193699d57ba8f4b6f83a1f3920a287c1892d9d7b2dc,354,file,file,python,implementation,authoritative,,BASE11;LIBXRAY003,reference-only,Build wrappers are operational reference only; LumiNet has distinct Go/Rust/Wails/Android release ownership.,Focused semantic link(s) plus base accountability.
libXray-main,build/app/linux.py,8cce0f61b0bca48ba615ce171607124ead20138567e35652512f801551ab0ea8,1583,file,file,python,implementation,authoritative,,BASE11;LIBXRAY003,reference-only,Build wrappers are operational reference only; LumiNet has distinct Go/Rust/Wails/Android release ownership.,Focused semantic link(s) plus base accountability.
libXray-main,build/app/windows.py,1ba183d271ad30e2b7e884e4084dedc6240ffe286d7e63956d1281445e1ed05b,1639,file,file,python,implementation,authoritative,,BASE11;LIBXRAY003,reference-only,Build wrappers are operational reference only; LumiNet has distinct Go/Rust/Wails/Android release ownership.,Focused semantic link(s) plus base accountability.
libXray-main,build/main.py,f3b9dc6754c01ac1c9235366112bf708dea67a6b62b31b9a7cdde7201283b58f,1759,file,file,python,implementation,authoritative,,BASE11;LIBXRAY003,reference-only,Build wrappers are operational reference only; LumiNet has distinct Go/Rust/Wails/Android release ownership.,Focused semantic link(s) plus base accountability.
libXray-main,build/pyproject.toml,a3dc2792c014381b7d10124d5e00e5de3bd8c482855e2d8370ee21b19ed360a0,256,file,file,toml,configuration,authoritative,,BASE11;LIBXRAY003,reference-only,Build wrappers are operational reference only; LumiNet has distinct Go/Rust/Wails/Android release ownership.,Focused semantic link(s) plus base accountability.
libXray-main,build/template/main.gotemplate,a5d2ff4ed63c5d424066f3af78ab33ff64b0a7a0f2ce117ea8edbbf21a7de606,1999,file,file,other,fixture,derived,,BASE11;LIBXRAY003,reference-only,Build wrappers are operational reference only; LumiNet has distinct Go/Rust/Wails/Android release ownership.,Focused semantic link(s) plus base accountability.
libXray-main,controller/controller.go,be91017ee95b3b5ed6c34c504eb01b0164c26c9286218703a23a3c50a91286f3,19,file,file,go,implementation,authoritative,,BASE11;LIBXRAY005,superseded,"Platform wrappers were reviewed but duplicate LumiNet host-network, runtime supervision and update ownership.",Focused semantic link(s) plus base accountability.
libXray-main,controller/controller_android.go,439621c44a2aedcf27cb0dcf19a0b60b0c75841dca6be4c80c415a87a32fdbc1,741,file,file,go,implementation,authoritative,,BASE11;LIBXRAY005,superseded,"Platform wrappers were reviewed but duplicate LumiNet host-network, runtime supervision and update ownership.",Focused semantic link(s) plus base accountability.
libXray-main,desktop_bin/main.go,fb33023271bdc4bf2a46ac4d4d4c750973c8626501d5f02f646f1ddf7b0b68d6,503,file,file,go,implementation,authoritative,,BASE11;LIBXRAY005,superseded,"Platform wrappers were reviewed but duplicate LumiNet host-network, runtime supervision and update ownership.",Focused semantic link(s) plus base accountability.
libXray-main,desktop_bin/route.go,011c9b9374a9a0a208d7414157cc97e0ecf90ea79232e1dcac6f4baa8359ed0d,693,file,file,go,implementation,authoritative,,BASE11;LIBXRAY005,superseded,"Platform wrappers were reviewed but duplicate LumiNet host-network, runtime supervision and update ownership.",Focused semantic link(s) plus base accountability.
libXray-main,desktop_bin/route_linux.go,4ef670239f112cbf70dcf0fce0d0b4289cc4f5ab094e95dcd16ba30ce5acfe06,1895,file,file,go,implementation,authoritative,,BASE11;LIBXRAY005,superseded,"Platform wrappers were reviewed but duplicate LumiNet host-network, runtime supervision and update ownership.",Focused semantic link(s) plus base accountability.
libXray-main,desktop_bin/route_other.go,0af6b8465a5bf5831738d00bb436cb521d3687802b14e01a4320eef1f12ceffe,101,file,file,go,implementation,authoritative,,BASE11;LIBXRAY005,superseded,"Platform wrappers were reviewed but duplicate LumiNet host-network, runtime supervision and update ownership.",Focused semantic link(s) plus base accountability.
libXray-main,desktop_bin/route_windows.go,52a4fe9d4dda71c72ba9aee1a9dfbf91032aa4c5f718bf2e0fc7451225d10340,3402,file,file,go,implementation,authoritative,,BASE11;LIBXRAY005,superseded,"Platform wrappers were reviewed but duplicate LumiNet host-network, runtime supervision and update ownership.",Focused semantic link(s) plus base accountability.
libXray-main,desktop_bin/run.go,001b66439bd689dea0ac7a707e7a1c4165293a32ecfa2230a4458ec77105db70,957,file,file,go,implementation,authoritative,,BASE11;LIBXRAY005,superseded,"Platform wrappers were reviewed but duplicate LumiNet host-network, runtime supervision and update ownership.",Focused semantic link(s) plus base accountability.
libXray-main,dns/dns.go,404fd696ee0c963c289b789ac17dceaeffedbadb01535d27c17252a502e77923,86,file,file,go,implementation,authoritative,,BASE11;LIBXRAY005,superseded,"Platform wrappers were reviewed but duplicate LumiNet host-network, runtime supervision and update ownership.",Focused semantic link(s) plus base accountability.
libXray-main,dns/dns_android.go,91c9d5707bc7186d5d3b191856c02844bd77ad703d60389ee7263d917aa2653b,811,file,file,go,implementation,authoritative,,BASE11;LIBXRAY005,superseded,"Platform wrappers were reviewed but duplicate LumiNet host-network, runtime supervision and update ownership.",Focused semantic link(s) plus base accountability.
libXray-main,dns/dns_linux.go,464059ed2afc81e09016de2df196174a701d3763b45e87791c48c94d5362a4cf,760,file,file,go,implementation,authoritative,,BASE11;LIBXRAY005,superseded,"Platform wrappers were reviewed but duplicate LumiNet host-network, runtime supervision and update ownership.",Focused semantic link(s) plus base accountability.
libXray-main,dns/dns_other.go,1614c6f0b3c889651dd1c5b77e56b77472b37b72e7a722f24db2fd3c1b93651a,92,file,file,go,implementation,authoritative,,BASE11;LIBXRAY005,superseded,"Platform wrappers were reviewed but duplicate LumiNet host-network, runtime supervision and update ownership.",Focused semantic link(s) plus base accountability.
libXray-main,dns/dns_windows.go,813950cab5dbadd5bbf326e78d48e062f64a58bb912b10179f8b27db12f442bc,1226,file,file,go,implementation,authoritative,,BASE11;LIBXRAY005,superseded,"Platform wrappers were reviewed but duplicate LumiNet host-network, runtime supervision and update ownership.",Focused semantic link(s) plus base accountability.
libXray-main,dns_wrapper.go,a722e7b77ba590d27ab93d7c29125c43acd19789df4a1a8692208d41ebdb6fd2,1183,file,file,go,implementation,authoritative,,BASE11;LIBXRAY005,superseded,"Platform wrappers were reviewed but duplicate LumiNet host-network, runtime supervision and update ownership.",Focused semantic link(s) plus base accountability.
libXray-main,download_geo/main.go,17f7206d8c920b64493abf69961697f48554662f276a4276ae47cb1d5cc6080d,2884,file,file,go,implementation,authoritative,,BASE11;LIBXRAY005,superseded,"Platform wrappers were reviewed but duplicate LumiNet host-network, runtime supervision and update ownership.",Focused semantic link(s) plus base accountability.
libXray-main,geo/count.go,1b954dd7c2971700761d8b69cff03608a5475ad57dae209bb044abb535a548e0,3594,file,file,go,implementation,authoritative,,BASE11;LIBXRAY005,superseded,"Platform wrappers were reviewed but duplicate LumiNet host-network, runtime supervision and update ownership.",Focused semantic link(s) plus base accountability.
libXray-main,geo/read.go,185d1c77a9fdca1b238ab90a83ad1fe63004a467c4ee33c30abe8a5b6253872d,2874,file,file,go,implementation,authoritative,,BASE11;LIBXRAY005,superseded,"Platform wrappers were reviewed but duplicate LumiNet host-network, runtime supervision and update ownership.",Focused semantic link(s) plus base accountability.
libXray-main,go.mod,f31fb2d71c846cfe09d5b2f3fd53a9c33f284ad016b25cb18cb2a95612eb1c22,2553,file,file,other,configuration,authoritative,,BASE11,reference-only,Supporting/package/admin/media/fixture leaf is explicitly retained in donor accountability; no independent target mechanism is justified beyond its donor/context record.,Explicit supporting leaf; base donor evidence only.
libXray-main,go.sum,a3f6909fbb964e63099ad640abd3a9a211a5a64d2491ed05602d0ec81021cbfa,12478,file,file,other,configuration,authoritative,,BASE11,reference-only,Supporting/package/admin/media/fixture leaf is explicitly retained in donor accountability; no independent target mechanism is justified beyond its donor/context record.,Explicit supporting leaf; base donor evidence only.
libXray-main,memory/memory_ios.go,b5fb3c779d66148bd6848070aa9ef92c7648456b9a0ebaacf6fd005a6c622bdd,409,file,file,go,implementation,authoritative,,BASE11;LIBXRAY005,superseded,"Platform wrappers were reviewed but duplicate LumiNet host-network, runtime supervision and update ownership.",Focused semantic link(s) plus base accountability.
libXray-main,memory/memory_other.go,e4b44e18ae106727b2e5a85260248a841243d795fd6f2f6c1c681322eeafeeba,57,file,file,go,implementation,authoritative,,BASE11;LIBXRAY005,superseded,"Platform wrappers were reviewed but duplicate LumiNet host-network, runtime supervision and update ownership.",Focused semantic link(s) plus base accountability.
libXray-main,nodep/file.go,f334a9816778be5b0f8b67c5f2f4968dbaa08c058229871e0b6561e6b0f4e08f,533,file,file,go,implementation,authoritative,,BASE11;LIBXRAY002,superseded,"Target already owns port allocation, lifecycle, filesystem and core supervision; importing helpers would duplicate policy.",Focused semantic link(s) plus base accountability.
libXray-main,nodep/measure.go,7ca7eb5f0c2a8cfcb4053fa5dc6e0c784563987ae752ea8c1bfdd6d507500f98,1561,file,file,go,implementation,authoritative,,BASE11;LIBXRAY002,superseded,"Target already owns port allocation, lifecycle, filesystem and core supervision; importing helpers would duplicate policy.",Focused semantic link(s) plus base accountability.
libXray-main,nodep/model.go,1be7ad623e87463fa17e94aad2fef5a52c4a6ab5c978d6e975c99cbc7afd6526,552,file,file,go,implementation,authoritative,,BASE11;LIBXRAY001,extracted,Protocol diversity is useful as synthetic parser regression evidence; wrapper runtime is not needed.,Focused semantic link(s) plus base accountability.
libXray-main,nodep/port.go,4bdbce7430462dcfc5096299dfce391b3489cbc3f85283afc56107d500bc7ed2,525,file,file,go,implementation,authoritative,,BASE11;LIBXRAY002,superseded,"Target already owns port allocation, lifecycle, filesystem and core supervision; importing helpers would duplicate policy.",Focused semantic link(s) plus base accountability.
libXray-main,nodep_wrapper.go,950ca87db679344fb23901930b12b8f0edf35e5009b09b1cc34620bd775f5849,1452,file,file,go,implementation,authoritative,,BASE11;LIBXRAY002,superseded,"Target already owns port allocation, lifecycle, filesystem and core supervision; importing helpers would duplicate policy.",Focused semantic link(s) plus base accountability.
libXray-main,readme/README.zh_CN.md,cfad084501f9f2cf73030b2e5aa1c83279540d6f6fc35f87fb867e0e102c463d,4334,file,file,markdown,documentation,descriptive,,BASE11,reference-only,Supporting/package/admin/media/fixture leaf is explicitly retained in donor accountability; no independent target mechanism is justified beyond its donor/context record.,Explicit supporting leaf; base donor evidence only.
libXray-main,scripts/backfill-semver-tags.sh,b9343c41fd8c348c6ce551b7579413d847de8e85a1b4116dc31839b6fbe82a6b,1580,file,file,shell,script,authoritative,,BASE11;LIBXRAY003,reference-only,Build wrappers are operational reference only; LumiNet has distinct Go/Rust/Wails/Android release ownership.,Focused semantic link(s) plus base accountability.
libXray-main,share/clash_meta.go,74618171a2422150fdb5737da376ca55d885c7a5053635f05c61f38d917af9d4,20924,file,file,go,implementation,authoritative,,BASE11;LIBXRAY004,extracted,Share parsing/serialization examples are valuable compatibility evidence and are represented by credential-free native parser tests.,Focused semantic link(s) plus base accountability.
libXray-main,share/clash_meta_test.go,c0604552e6fe324466e58a7348f456e8102ef972941c5959fcf2cd4c4a48ccef,10221,file,file,go,test,derived,,BASE11;LIBXRAY004,extracted,Share parsing/serialization examples are valuable compatibility evidence and are represented by credential-free native parser tests.,Focused semantic link(s) plus base accountability.
libXray-main,share/generate_share.go,a21d74d4c794b0e0223dd88a18bcac20232c31abe4d25912905e80c6ad7cb837,12295,file,file,go,implementation,authoritative,,BASE11;LIBXRAY004,extracted,Share parsing/serialization examples are valuable compatibility evidence and are represented by credential-free native parser tests.,Focused semantic link(s) plus base accountability.
libXray-main,share/generate_share_test.go,de1420bd0beacca447626e3f0a6d52555cebd82cb5e8f22e0d70b6e81dc7ffa5,6340,file,file,go,test,derived,,BASE11;LIBXRAY004,extracted,Share parsing/serialization examples are valuable compatibility evidence and are represented by credential-free native parser tests.,Focused semantic link(s) plus base accountability.
libXray-main,share/hysteria_mask.go,3b96c7db03465be73988b6a143253945f2e3918992c7912d142bd3556f04b45c,1588,file,file,go,implementation,authoritative,,BASE11;LIBXRAY004,extracted,Share parsing/serialization examples are valuable compatibility evidence and are represented by credential-free native parser tests.,Focused semantic link(s) plus base accountability.
libXray-main,share/parse_share.go,a70de02d7adde9b8af7f03a11d427427754b3ea746425a1cab8047408eac7d0b,10514,file,file,go,implementation,authoritative,,BASE11;LIBXRAY004,extracted,Share parsing/serialization examples are valuable compatibility evidence and are represented by credential-free native parser tests.,Focused semantic link(s) plus base accountability.
libXray-main,share/parse_share_test.go,489d76d8daa546662dd6c6573f4b9d70763961a7b3fbbb9b6801040a734663e5,16028,file,file,go,test,derived,,BASE11;LIBXRAY004,extracted,Share parsing/serialization examples are valuable compatibility evidence and are represented by credential-free native parser tests.,Focused semantic link(s) plus base accountability.
libXray-main,share/stream.go,ca0fa2dc1dc607480972f8b3120a2beab27db38b4bb4a7f426d5d8c6c8cc2664,2222,file,file,go,implementation,authoritative,,BASE11;LIBXRAY004,extracted,Share parsing/serialization examples are valuable compatibility evidence and are represented by credential-free native parser tests.,Focused semantic link(s) plus base accountability.
libXray-main,share/transport_build.go,159b35892a7db76a552fa7cdd69ccff6b3120ddf52cd83348e9f8909453c99b5,4100,file,file,go,implementation,authoritative,,BASE11;LIBXRAY004,extracted,Share parsing/serialization examples are valuable compatibility evidence and are represented by credential-free native parser tests.,Focused semantic link(s) plus base accountability.
libXray-main,share/vmess.go,aa5b9f2e315988d6c49d2fc6b7267cc4a78cb206170d673b745d84bfbede1d41,2739,file,file,go,implementation,authoritative,,BASE11;LIBXRAY004,extracted,Share parsing/serialization examples are valuable compatibility evidence and are represented by credential-free native parser tests.,Focused semantic link(s) plus base accountability.
libXray-main,share/xray_json.go,539798d9fe733d54a324cd2bccfc3a2c97457b48c620a89b60dbadae97fd2794,1364,file,file,go,implementation,authoritative,,BASE11;LIBXRAY004,extracted,Share parsing/serialization examples are valuable compatibility evidence and are represented by credential-free native parser tests.,Focused semantic link(s) plus base accountability.
libXray-main,xray/ping.go,fe8e2e814d1fc51c872ba426c7dcd52eabd4e3ef1be1c5f5b7ddfa9256aa6813,947,file,file,go,implementation,authoritative,,BASE11;LIBXRAY001,extracted,Protocol diversity is useful as synthetic parser regression evidence; wrapper runtime is not needed.,Focused semantic link(s) plus base accountability.
libXray-main,xray/stats.go,6801a5fd84b622830a637c6dd51e253d6172f703d62bf827fd6f2b6bdf51392c,406,file,file,go,implementation,authoritative,,BASE11;LIBXRAY001,extracted,Protocol diversity is useful as synthetic parser regression evidence; wrapper runtime is not needed.,Focused semantic link(s) plus base accountability.
libXray-main,xray/validation.go,2078a68fb89d9393e838041b0fde3b20921a182e5e17cda578e74fd612df07b4,359,file,file,go,implementation,authoritative,,BASE11;LIBXRAY001,extracted,Protocol diversity is useful as synthetic parser regression evidence; wrapper runtime is not needed.,Focused semantic link(s) plus base accountability.
libXray-main,xray/xray.go,0a4de5e0928337cc7b5d77d964e195c0a8c1ea3ee9c673863c98932f3729d95d,2312,file,file,go,implementation,authoritative,,BASE11;LIBXRAY001,extracted,Protocol diversity is useful as synthetic parser regression evidence; wrapper runtime is not needed.,Focused semantic link(s) plus base accountability.
libXray-main,xray_wrapper.go,0aa0a71c8e8e6fcfe887bcce3999fcbe6e4fefea7aab445aeef4978aa6e714a0,5592,file,file,go,implementation,authoritative,,BASE11;LIBXRAY001,extracted,Protocol diversity is useful as synthetic parser regression evidence; wrapper runtime is not needed.,Focused semantic link(s) plus base accountability.
libXray-main,xray_wrapper_test.go,2aa62b9eb068bc5f11ceef5c562b75069cf8c1e09a375b4796acc77d951582bb,6712,file,file,go,test,derived,,BASE11;LIBXRAY001,extracted,Protocol diversity is useful as synthetic parser regression evidence; wrapper runtime is not needed.,Focused semantic link(s) plus base accountability.
load-balancer-master,.github/workflows/go-ci.yml,42acbd26b30e8a7b9664b4340e2494b4b47f629d372a2aa0c128ce1c64dfd9a5,502,file,file,yaml,repository-administration,derived,,BASE12,reference-only,Supporting/package/admin/media/fixture leaf is explicitly retained in donor accountability; no independent target mechanism is justified beyond its donor/context record.,Explicit supporting leaf; base donor evidence only.
load-balancer-master,.gitignore,85bccd1b755fd15e464d7261d46f23d2afae2d5d3d53c55a41d35e653fb35496,28,file,file,other,repository-administration,derived,,BASE12,reference-only,Supporting/package/admin/media/fixture leaf is explicitly retained in donor accountability; no independent target mechanism is justified beyond its donor/context record.,Explicit supporting leaf; base donor evidence only.
load-balancer-master,.idea/.gitignore,0a5548b173aac0ef943bbb3af850d676f7b651ddedb9f8d7f06735bc2809b3db,176,file,file,other,repository-administration,derived,,BASE12,reference-only,Supporting/package/admin/media/fixture leaf is explicitly retained in donor accountability; no independent target mechanism is justified beyond its donor/context record.,Explicit supporting leaf; base donor evidence only.
load-balancer-master,.idea/load-balancer.iml,7720901ffdcc47edc6577e79d4b99f3b59dbc559b8e0715a6cf3ae0534f97875,322,file,file,other,fixture,derived,,BASE12,reference-only,Supporting/package/admin/media/fixture leaf is explicitly retained in donor accountability; no independent target mechanism is justified beyond its donor/context record.,Explicit supporting leaf; base donor evidence only.
load-balancer-master,.idea/modules.xml,6df2628939fe8427567bfc930891319034c81b34e592937358098113b5edd022,278,file,file,other,fixture,derived,,BASE12,reference-only,Supporting/package/admin/media/fixture leaf is explicitly retained in donor accountability; no independent target mechanism is justified beyond its donor/context record.,Explicit supporting leaf; base donor evidence only.
load-balancer-master,.idea/vcs.xml,6323e12648862a0a96fc0d7877672817d6cd91e2c2a3c3d78f1090db23c6e88e,167,file,file,other,fixture,derived,,BASE12,reference-only,Supporting/package/admin/media/fixture leaf is explicitly retained in donor accountability; no independent target mechanism is justified beyond its donor/context record.,Explicit supporting leaf; base donor evidence only.
load-balancer-master,README.md,807d4d0b4ae12e9bbe59cffba307b4a5b2716bb0d18ba660d75ff2bef7fbb24a,280,file,file,markdown,documentation,descriptive,,BASE12,reference-only,Supporting/package/admin/media/fixture leaf is explicitly retained in donor accountability; no independent target mechanism is justified beyond its donor/context record.,Explicit supporting leaf; base donor evidence only.
load-balancer-master,algs/alg.go,aebab2e8b6448b024645aba17f711fa849e068c351ee1188b74f19121f05bc44,3349,file,file,go,implementation,authoritative,,BASE12;LB001,recomposed,"Weight/load concepts are useful, but must remain subordinate to LumiNet quality evidence.",Focused semantic link(s) plus base accountability.
load-balancer-master,algs/rand.go,96aeab402fc0fd06f1614819325eba6d9be4a6c9ce76482649a9feb32435d011,1991,file,file,go,implementation,authoritative,,BASE12;LB001,recomposed,"Weight/load concepts are useful, but must remain subordinate to LumiNet quality evidence.",Focused semantic link(s) plus base accountability.
load-balancer-master,algs/rand_test.go,d63f2a532276c362302c2443fee6febe6212bce3ba87be851b78c9776f1c568f,1016,file,file,go,test,derived,,BASE12;LB001,recomposed,"Weight/load concepts are useful, but must remain subordinate to LumiNet quality evidence.",Focused semantic link(s) plus base accountability.
load-balancer-master,algs/rr.go,f7870a1ece62b82481948a3d00eba653af749d88fad9ac5fdbb1041711850710,2431,file,file,go,implementation,authoritative,,BASE12;LB001,recomposed,"Weight/load concepts are useful, but must remain subordinate to LumiNet quality evidence.",Focused semantic link(s) plus base accountability.
load-balancer-master,algs/rr_test.go,3f0ac7a52bd777561276c2bb8099b1dc6c1dd15257012f327d99e174316b3599,1496,file,file,go,test,derived,,BASE12;LB001,recomposed,"Weight/load concepts are useful, but must remain subordinate to LumiNet quality evidence.",Focused semantic link(s) plus base accountability.
load-balancer-master,algs/wrr.go,cfb3a8985d28e4e331bfe4a64f6302dbd602729389cfdaf3d558ea33ee32c7a6,2384,file,file,go,implementation,authoritative,,BASE12;LB001,recomposed,"Weight/load concepts are useful, but must remain subordinate to LumiNet quality evidence.",Focused semantic link(s) plus base accountability.
load-balancer-master,algs/wrr_test.go,50931a11a8409169749de0247d9da3e0e0f6e889fee0262d343f1bccf50c417d,1377,file,file,go,test,derived,,BASE12;LB001,recomposed,"Weight/load concepts are useful, but must remain subordinate to LumiNet quality evidence.",Focused semantic link(s) plus base accountability.
load-balancer-master,balancer/balancer.go,35309c0036458edfe1bad017ad842872d2faec7f0610e560578602c3821f3b65,4893,file,file,go,implementation,authoritative,,BASE12;LB003,reference-only,Facade/config/tests provide comparison cases for scheduling but the standalone service architecture is superseded.,Focused semantic link(s) plus base accountability.
load-balancer-master,balancer/balancer_test.go,65a853bcfcc9c7afcce491ec30089a97523fdd68247c48e10e3cdbdb35baf77e,2537,file,file,go,test,derived,,BASE12;LB003,reference-only,Facade/config/tests provide comparison cases for scheduling but the standalone service architecture is superseded.,Focused semantic link(s) plus base accountability.
load-balancer-master,conf/conf.go,7c31d3ec9b3aee801ec0907bd2eb9578b2c4bcad7da5fcba35b8f8ab2890bd01,1678,file,file,go,implementation,authoritative,,BASE12;LB003,reference-only,Facade/config/tests provide comparison cases for scheduling but the standalone service architecture is superseded.,Focused semantic link(s) plus base accountability.
load-balancer-master,config.yaml,9f4503d0c0d519dd2b48bfcbfab0fee73dc0ea8ce85cd829fc33e1f9fae9dd80,957,file,file,yaml,configuration,authoritative,,BASE12;LB003,reference-only,Facade/config/tests provide comparison cases for scheduling but the standalone service architecture is superseded.,Focused semantic link(s) plus base accountability.
load-balancer-master,docker-compose.yml,51728bbc99af60fc8f5330828544dc72f47dba2155cc3a6f8b695dad214fe3fb,1949,file,file,yaml,deployment,authoritative,,BASE12;LB002,superseded,A second balancing daemon/Kafka logging stack would duplicate target authority and operations.,Focused semantic link(s) plus base accountability.
load-balancer-master,go.mod,f843820caa7481e23b62892ba8be8c6556be7f61421350a43d6086b26a3e9d55,2361,file,file,other,configuration,authoritative,,BASE12,reference-only,Supporting/package/admin/media/fixture leaf is explicitly retained in donor accountability; no independent target mechanism is justified beyond its donor/context record.,Explicit supporting leaf; base donor evidence only.
load-balancer-master,go.sum,4d4b736df6996b70289f9d15e7046591d2ecdf5fca87573c5aa8d7998221f2ea,32140,file,file,other,configuration,authoritative,,BASE12,reference-only,Supporting/package/admin/media/fixture leaf is explicitly retained in donor accountability; no independent target mechanism is justified beyond its donor/context record.,Explicit supporting leaf; base donor evidence only.
load-balancer-master,log/json.go,eb002c1d31b7750ddb8f177293bafe4ae8bb0fb08be987cf37b507ff79bd312f,1737,file,file,go,implementation,authoritative,,BASE12;LB002,superseded,A second balancing daemon/Kafka logging stack would duplicate target authority and operations.,Focused semantic link(s) plus base accountability.
load-balancer-master,log/json_test.go,767bb9451ae98b6e44590700018f59bdee8b44972943d307c88aa24efd145cc4,2004,file,file,go,test,derived,,BASE12;LB002,superseded,A second balancing daemon/Kafka logging stack would duplicate target authority and operations.,Focused semantic link(s) plus base accountability.
load-balancer-master,log/kafka.go,459a329897df450dcc32b22128bc9217a5818f15475f9157926696b9992c0897,1803,file,file,go,implementation,authoritative,,BASE12;LB002,superseded,A second balancing daemon/Kafka logging stack would duplicate target authority and operations.,Focused semantic link(s) plus base accountability.
load-balancer-master,log/kafka_test.go,4bd4ff97f947e94494f9202c602f2a92b93f6fd237d96aa84efb40c470b7137a,4020,file,file,go,test,derived,,BASE12;LB002,superseded,A second balancing daemon/Kafka logging stack would duplicate target authority and operations.,Focused semantic link(s) plus base accountability.
load-balancer-master,log/log.go,55db965c8b19ae226541e63b38da22d3325652c8fbcf86ce43c88b2131d8112c,683,file,file,go,implementation,authoritative,,BASE12;LB002,superseded,A second balancing daemon/Kafka logging stack would duplicate target authority and operations.,Focused semantic link(s) plus base accountability.
load-balancer-master,logstash.conf,fcb90c369db301138cb432e1d5caaa071ad4cc85fcaf52972b537eb5b37efecd,467,file,file,other,fixture,derived,,BASE12;LB002,superseded,A second balancing daemon/Kafka logging stack would duplicate target authority and operations.,Focused semantic link(s) plus base accountability.
load-balancer-master,main.go,4b86d7cea6927e469e05d8419835818e27d7356014724f77cf70e12441cfd533,519,file,file,go,implementation,authoritative,,BASE12;LB002,superseded,A second balancing daemon/Kafka logging stack would duplicate target authority and operations.,Focused semantic link(s) plus base accountability.
log-demultiplexer-master,.github/workflows/ci.yml,3bd19557f872f137fe5b3b01f30f470f6785af188d8da206c87962d40a0bd8e8,355,file,file,yaml,repository-administration,derived,,BASE13,reference-only,Supporting/package/admin/media/fixture leaf is explicitly retained in donor accountability; no independent target mechanism is justified beyond its donor/context record.,Explicit supporting leaf; base donor evidence only.
log-demultiplexer-master,.gitignore,64dfead3cb2697aee3a04b42b7881b16a82c5aa75623bc8641221205783dee20,17,file,file,other,repository-administration,derived,,BASE13,reference-only,Supporting/package/admin/media/fixture leaf is explicitly retained in donor accountability; no independent target mechanism is justified beyond its donor/context record.,Explicit supporting leaf; base donor evidence only.
log-demultiplexer-master,Cargo.lock,6ca56046ef37abafe6fa5c072edb9a5b33ece8e6dc65d4e93614ae4680182708,77324,file,file,other,configuration,authoritative,,BASE13;LOGDEMUX004,superseded,Daemon/config glue is donor-specific; only bounded fanout/backpressure insight is adapted into the existing WebSocket owner.,Focused semantic link(s) plus base accountability.
log-demultiplexer-master,Cargo.toml,11d618e668047fd4090cb0cc2a4ae3758ed55a74cbc1b8fceee86f7306b90208,1068,file,file,toml,configuration,authoritative,,BASE13;LOGDEMUX004,superseded,Daemon/config glue is donor-specific; only bounded fanout/backpressure insight is adapted into the existing WebSocket owner.,Focused semantic link(s) plus base accountability.
log-demultiplexer-master,Makefile,b8e775c0ff4896bcafd7623e550b85b5c38c0ed67b50876c0356074a4abd4c0d,279,file,file,other,configuration,authoritative,,BASE13;LOGDEMUX004,superseded,Daemon/config glue is donor-specific; only bounded fanout/backpressure insight is adapted into the existing WebSocket owner.,Focused semantic link(s) plus base accountability.
log-demultiplexer-master,README.md,fbf573cbb361bc23422fdd87624663cda12a2bd9b77fe0206b007d4b44fb1dfd,2933,file,file,markdown,documentation,descriptive,,BASE13,reference-only,Supporting/package/admin/media/fixture leaf is explicitly retained in donor accountability; no independent target mechanism is justified beyond its donor/context record.,Explicit supporting leaf; base donor evidence only.
log-demultiplexer-master,benches/demultiplexer_bench.rs,8b09514552bceef1ca7ff3b6833e64f2e197226baf70241d69f43a52d497fe88,4562,file,file,rust,test,derived,,BASE13;LOGDEMUX003,reference-only,Benchmark organization is useful operational evidence but cannot establish target performance equivalence.,Focused semantic link(s) plus base accountability.
log-demultiplexer-master,benches/parser_bench.rs,d27f3fcd8c39d3f0a947754447935e6b980959f624f508418e4aff0a00f463ed,6401,file,file,rust,test,derived,,BASE13;LOGDEMUX003,reference-only,Benchmark organization is useful operational evidence but cannot establish target performance equivalence.,Focused semantic link(s) plus base accountability.
log-demultiplexer-master,benches/udp_bench.rs,8667e01fcaeed356ec8ec30b57ebdf5df32705b35ce386c106b68c42c057755a,4001,file,file,rust,test,derived,,BASE13;LOGDEMUX003,reference-only,Benchmark organization is useful operational evidence but cannot establish target performance equivalence.,Focused semantic link(s) plus base accountability.
log-demultiplexer-master,src/conf.rs,9c2e678c8e69143a5769f87effa82bdbf8098a64d516b7056a7fd6dca24cc0bd,2727,file,file,rust,implementation,authoritative,,BASE13;LOGDEMUX004,superseded,Daemon/config glue is donor-specific; only bounded fanout/backpressure insight is adapted into the existing WebSocket owner.,Focused semantic link(s) plus base accountability.
log-demultiplexer-master,src/consumers.rs,b553afa5938351a7687f8f3516e8f872f1b5da865a2084fd1c0d1ed67db9aee5,3209,file,file,rust,implementation,authoritative,,BASE13;LOGDEMUX001;LOGDEMUX004,adapted,LumiNet already uses bounded transient WebSocket channels; donor insight is retained as explicit loss observability.,Focused semantic link(s) plus base accountability.
log-demultiplexer-master,src/demultiplexer.rs,95c6bf0d05c05bbaff212c8dcc6c46a580bcf5bbb28fe49e3617b90f43cf22b6,27511,file,file,rust,implementation,authoritative,,BASE13;LOGDEMUX001;LOGDEMUX004,adapted,LumiNet already uses bounded transient WebSocket channels; donor insight is retained as explicit loss observability.,Focused semantic link(s) plus base accountability.
log-demultiplexer-master,src/lib.rs,2e0794e587cdeb49846996a3498f64adab9cef3b96b9a5e862cc5296de876227,2248,file,file,rust,implementation,authoritative,,BASE13;LOGDEMUX004,superseded,Daemon/config glue is donor-specific; only bounded fanout/backpressure insight is adapted into the existing WebSocket owner.,Focused semantic link(s) plus base accountability.
log-demultiplexer-master,src/main.rs,01afb4efa7ca9622312bac37aca0cc7c3f0fbb9c59b862ea346c3d35bdc87daf,2058,file,file,rust,implementation,authoritative,,BASE13;LOGDEMUX004,superseded,Daemon/config glue is donor-specific; only bounded fanout/backpressure insight is adapted into the existing WebSocket owner.,Focused semantic link(s) plus base accountability.
log-demultiplexer-master,src/parser.rs,8ded03b99216d7dbba75879ada8811aaa7da3df83d5b0345f967187dd1f4bb62,10101,file,file,rust,implementation,authoritative,,BASE13;LOGDEMUX001;LOGDEMUX004,adapted,LumiNet already uses bounded transient WebSocket channels; donor insight is retained as explicit loss observability.,Focused semantic link(s) plus base accountability.
log-demultiplexer-master,src/persist.rs,5ae256d51bced588a384eb32ab3503fa4af2cca380cfa2c795b4db159181e350,24572,file,file,rust,implementation,authoritative,,BASE13;LOGDEMUX002;LOGDEMUX004,superseded,LumiNet already persists authoritative jobs separately; another event spool would create competing truth.,Focused semantic link(s) plus base accountability.
log-demultiplexer-master,src/udp_listener.rs,67673e28eff1f39fec33f61f743775c6146b4f3785f90bdc5960b38ef5f2b8d0,4482,file,file,rust,implementation,authoritative,,BASE13;LOGDEMUX001;LOGDEMUX004,adapted,LumiNet already uses bounded transient WebSocket channels; donor insight is retained as explicit loss observability.,Focused semantic link(s) plus base accountability.
luci-app-https-dns-proxy-main,.github/ISSUE_TEMPLATE/bug_report.md,2134878d750f2cadcf28183c4e780615c4125ecfb8de672f50feea68356ebdb5,1334,file,file,markdown,repository-administration,derived,,BASE14,reference-only,Supporting/package/admin/media/fixture leaf is explicitly retained in donor accountability; no independent target mechanism is justified beyond its donor/context record.,Explicit supporting leaf; base donor evidence only.
luci-app-https-dns-proxy-main,.github/ISSUE_TEMPLATE/config.yml,88b4662fc1a764a60ee74568ed426096b29a572d22d857b487ee0105f7e85ea9,302,file,file,yaml,repository-administration,derived,,BASE14,reference-only,Supporting/package/admin/media/fixture leaf is explicitly retained in donor accountability; no independent target mechanism is justified beyond its donor/context record.,Explicit supporting leaf; base donor evidence only.
luci-app-https-dns-proxy-main,.github/ISSUE_TEMPLATE/feature_request.md,3031c3f7828dd5177aec97249bfd0bc2335cd73a4d53fac21ae95f46e995bb7b,499,file,file,markdown,repository-administration,derived,,BASE14,reference-only,Supporting/package/admin/media/fixture leaf is explicitly retained in donor accountability; no independent target mechanism is justified beyond its donor/context record.,Explicit supporting leaf; base donor evidence only.
luci-app-https-dns-proxy-main,.github/eslint.config.mjs,880004429261b3161ec7be1835773d514711af3472a24c28418800b9d1ff2784,2640,file,file,other,repository-administration,derived,,BASE14,reference-only,Supporting/package/admin/media/fixture leaf is explicitly retained in donor accountability; no independent target mechanism is justified beyond its donor/context record.,Explicit supporting leaf; base donor evidence only.
luci-app-https-dns-proxy-main,.github/workflows/eslint.yml,59c9cc534165497a11b0a8b69966564be8adc34e9422bc3d05a8640791b4cfaf,945,file,file,yaml,repository-administration,derived,,BASE14,reference-only,Supporting/package/admin/media/fixture leaf is explicitly retained in donor accountability; no independent target mechanism is justified beyond its donor/context record.,Explicit supporting leaf; base donor evidence only.
luci-app-https-dns-proxy-main,.github/workflows/openwrt-release.yml,9a21d3c8cd4c38c0a883f2a28b24e694dd29ce026b09129684f13d0cd26066d4,6807,file,file,yaml,repository-administration,derived,,BASE14,reference-only,Supporting/package/admin/media/fixture leaf is explicitly retained in donor accountability; no independent target mechanism is justified beyond its donor/context record.,Explicit supporting leaf; base donor evidence only.
luci-app-https-dns-proxy-main,LICENSE,8486a10c4393cee1c25392769ddd3b2d6c242d6ec7928e1414efff7dfb2f07ef,34523,file,file,other,governance,descriptive,,BASE14,reference-only,Supporting/package/admin/media/fixture leaf is explicitly retained in donor accountability; no independent target mechanism is justified beyond its donor/context record.,Explicit supporting leaf; base donor evidence only.
luci-app-https-dns-proxy-main,Makefile,bbe6496219966eea4950236228072f489d555d32c74c5f1957eca453965e8920,1966,file,file,other,configuration,authoritative,,BASE14;LUCI003,rejected-with-reason,OpenWrt-specific installer/mutation authority conflicts with LumiNet host-network ownership.,Focused semantic link(s) plus base accountability.
luci-app-https-dns-proxy-main,README.md,7450951b335edda4cbe616b5d4266a6acb6d8d0a165e08107a267d553cd10a60,1162,file,file,markdown,documentation,descriptive,,BASE14,reference-only,Supporting/package/admin/media/fixture leaf is explicitly retained in donor accountability; no independent target mechanism is justified beyond its donor/context record.,Explicit supporting leaf; base donor evidence only.
luci-app-https-dns-proxy-main,htdocs/luci-static/resources/https-dns-proxy/status.js,5ccf1f0b3f5ba1d3ee57617bf5caa45997fd633530e44b0b66241f559fb1b78b,11058,file,file,javascript,ui-or-product,authoritative,,BASE14;LUCI002;LUCI003;LUCI004,inspired-native,Operational health/fallback concept is valuable but target planner must be read-only and fail closed on unsafe URLs.,Focused semantic link(s) plus base accountability.
luci-app-https-dns-proxy-main,htdocs/luci-static/resources/view/https-dns-proxy/overview.js,119a13057f5d2e00647e7b0f458e4d0852a5b9f1a6647caa939608fcd91b466e,19608,file,file,javascript,ui-or-product,authoritative,,BASE14;LUCI002;LUCI003;LUCI004,inspired-native,Operational health/fallback concept is valuable but target planner must be read-only and fail closed on unsafe URLs.,Focused semantic link(s) plus base accountability.
luci-app-https-dns-proxy-main,htdocs/luci-static/resources/view/status/include/71_https-dns-proxy.js,0fc5a8b0da906b91e5dc0a4b49486f987373f1b93a651b62e167f38cf2141af5,3091,file,file,javascript,ui-or-product,authoritative,,BASE14;LUCI003;LUCI004,rejected-with-reason,OpenWrt-specific installer/mutation authority conflicts with LumiNet host-network ownership.,Focused semantic link(s) plus base accountability.
luci-app-https-dns-proxy-main,po/templates/https-dns-proxy.pot,9d12a3cfb9172e222d45c5f55aa50eacb6e3f68f1b7fe78830c171e5377287a5,34993,file,file,other,fixture,derived,,BASE14,reference-only,Supporting/package/admin/media/fixture leaf is explicitly retained in donor accountability; no independent target mechanism is justified beyond its donor/context record.,Explicit supporting leaf; base donor evidence only.
luci-app-https-dns-proxy-main,root/etc/uci-defaults/40_luci-https-dns-proxy,7a99ff784bf442d5abc8880f5500e4200fb1f2afd6440ee5ddafc74bb87d0c5d,127,file,file,other,fixture,derived,,BASE14;LUCI003,rejected-with-reason,OpenWrt-specific installer/mutation authority conflicts with LumiNet host-network ownership.,Focused semantic link(s) plus base accountability.
luci-app-https-dns-proxy-main,root/usr/libexec/rpcd/luci.https-dns-proxy,40115a5485a39d2e8e949b733fb054fa329163fb1ff73134ec2e18082d3cb07c,4839,file,file,other,fixture,derived,,BASE14;LUCI002,inspired-native,Operational health/fallback concept is valuable but target planner must be read-only and fail closed on unsafe URLs.,Focused semantic link(s) plus base accountability.
luci-app-https-dns-proxy-main,root/usr/share/https-dns-proxy/providers/app.tiarap.doh.json,d4f8f602e2ff04192a00e75622271f38927e8f783a0785a7b5571f331d171160,506,file,file,json,configuration,authoritative,,BASE14;LUCI001,synthesized,Provider metadata is useful as explicit target presets; target keeps URLs credential-free and operator-visible.,Focused semantic link(s) plus base accountability.
luci-app-https-dns-proxy-main,root/usr/share/https-dns-proxy/providers/ca.cira.canadianshield.json,9cdc56d1af1c7fb082d78582ee7271d5d30f894aa95372af6f9e31aa11f3dc32,666,file,file,json,configuration,authoritative,,BASE14;LUCI001,synthesized,Provider metadata is useful as explicit target presets; target keeps URLs credential-free and operator-visible.,Focused semantic link(s) plus base accountability.
luci-app-https-dns-proxy-main,root/usr/share/https-dns-proxy/providers/ch.digitale-gesellschaft.dns.json,3aa1e451b87c2a8a004b4d984b95ec888c455cde8103fbcd49f614ce060eb4c1,323,file,file,json,configuration,authoritative,,BASE14;LUCI001,synthesized,Provider metadata is useful as explicit target presets; target keeps URLs credential-free and operator-visible.,Focused semantic link(s) plus base accountability.
luci-app-https-dns-proxy-main,root/usr/share/https-dns-proxy/providers/ch.switch.dns.json,127fa325ca0a90a6632cc882040186335d02d1cbb29724b177567ad079b7da5c,197,file,file,json,configuration,authoritative,,BASE14;LUCI001,synthesized,Provider metadata is useful as explicit target presets; target keeps URLs credential-free and operator-visible.,Focused semantic link(s) plus base accountability.
luci-app-https-dns-proxy-main,root/usr/share/https-dns-proxy/providers/cn.360.doh.json,2dc1add98b30537d02ff95b7b97878dfca9556e65cb8b7465e88c1980e9d3131,151,file,file,json,configuration,authoritative,,BASE14;LUCI001,synthesized,Provider metadata is useful as explicit target presets; target keeps URLs credential-free and operator-visible.,Focused semantic link(s) plus base accountability.
luci-app-https-dns-proxy-main,root/usr/share/https-dns-proxy/providers/cn.rubyfish.dns.json,d24158ccf071f4ac597898825dcbc561381d92019ed6d6f847c7325aea51c164,238,file,file,json,configuration,authoritative,,BASE14;LUCI001,synthesized,Provider metadata is useful as explicit target presets; target keeps URLs credential-free and operator-visible.,Focused semantic link(s) plus base accountability.
luci-app-https-dns-proxy-main,root/usr/share/https-dns-proxy/providers/co.oszx.dns.json,047e1d1cc3ee35e6b836d45496f556896cf2799d3543a75a0fe03c4c65024ff5,497,file,file,json,configuration,authoritative,,BASE14;LUCI001,synthesized,Provider metadata is useful as explicit target presets; target keeps URLs credential-free and operator-visible.,Focused semantic link(s) plus base accountability.
luci-app-https-dns-proxy-main,root/usr/share/https-dns-proxy/providers/com.adguard.dns.json,e5dc4c711381d9b38adc8b8c92b8581e57b953d1211186eb7f390b51f804cb6a,593,file,file,json,configuration,authoritative,,BASE14;LUCI001,synthesized,Provider metadata is useful as explicit target presets; target keeps URLs credential-free and operator-visible.,Focused semantic link(s) plus base accountability.
luci-app-https-dns-proxy-main,root/usr/share/https-dns-proxy/providers/com.ahadns.blitz.json,dd7a3d9d77ef1114228cc55bd48619dc3697dc263795f6b465b43cc30554c436,365,file,file,json,configuration,authoritative,,BASE14;LUCI001,synthesized,Provider metadata is useful as explicit target presets; target keeps URLs credential-free and operator-visible.,Focused semantic link(s) plus base accountability.
luci-app-https-dns-proxy-main,root/usr/share/https-dns-proxy/providers/com.alidns.dns.json,dabeb3b47af03376d5871ef40a9a2ace05bd49a9ffeb23e2f08915dc171b41cc,144,file,file,json,configuration,authoritative,,BASE14;LUCI001,synthesized,Provider metadata is useful as explicit target presets; target keeps URLs credential-free and operator-visible.,Focused semantic link(s) plus base accountability.
luci-app-https-dns-proxy-main,root/usr/share/https-dns-proxy/providers/com.blahdns.doh.json,a18e08f47c94606bd49a87f604c41e7891fa972750a944321b5ccdcaa2b8760c,735,file,file,json,configuration,authoritative,,BASE14;LUCI001,synthesized,Provider metadata is useful as explicit target presets; target keeps URLs credential-free and operator-visible.,Focused semantic link(s) plus base accountability.
luci-app-https-dns-proxy-main,root/usr/share/https-dns-proxy/providers/com.cloudflare-dns.json,8c57077d9fff70ec4f2056d8c4d5fffad32271e0a9815717f6b94333c0574f42,582,file,file,json,configuration,authoritative,,BASE14;LUCI001,synthesized,Provider metadata is useful as explicit target presets; target keeps URLs credential-free and operator-visible.,Focused semantic link(s) plus base accountability.
luci-app-https-dns-proxy-main,root/usr/share/https-dns-proxy/providers/com.controld.freedns.json,cda7cee1c772b1e1f7ae3bcc2ab1a79c94834d7496bede30102e376a8e5439a5,703,file,file,json,configuration,authoritative,,BASE14;LUCI001,synthesized,Provider metadata is useful as explicit target presets; target keeps URLs credential-free and operator-visible.,Focused semantic link(s) plus base accountability.
luci-app-https-dns-proxy-main,root/usr/share/https-dns-proxy/providers/com.decloudus.dns.json,b2fb499b51eeb14ac67f246a7cd2290218a4981968fb4540d765136f9ea6b66a,259,file,file,json,configuration,authoritative,,BASE14;LUCI001,synthesized,Provider metadata is useful as explicit target presets; target keeps URLs credential-free and operator-visible.,Focused semantic link(s) plus base accountability.
luci-app-https-dns-proxy-main,root/usr/share/https-dns-proxy/providers/com.dnsforfamily.dns-doh.json,b52cabca04636eb11c738029c07f9f8a88320ec1f7bf2bac7b3bc8d80a29976b,209,file,file,json,configuration,authoritative,,BASE14;LUCI001,synthesized,Provider metadata is useful as explicit target presets; target keeps URLs credential-free and operator-visible.,Focused semantic link(s) plus base accountability.
luci-app-https-dns-proxy-main,root/usr/share/https-dns-proxy/providers/com.dnslify.doh.json,175af7ce49403924f24c0cf5d6b37034275d3d963885c41ccaf99bee97bbe2b2,212,file,file,json,configuration,authoritative,,BASE14;LUCI001,synthesized,Provider metadata is useful as explicit target presets; target keeps URLs credential-free and operator-visible.,Focused semantic link(s) plus base accountability.
luci-app-https-dns-proxy-main,root/usr/share/https-dns-proxy/providers/com.opendns.doh.json,12d501961abbe93be5c24b151f0ef20f05f9060a433492e473d5f9cb6af3d46a,544,file,file,json,configuration,authoritative,,BASE14;LUCI001,synthesized,Provider metadata is useful as explicit target presets; target keeps URLs credential-free and operator-visible.,Focused semantic link(s) plus base accountability.
luci-app-https-dns-proxy-main,root/usr/share/https-dns-proxy/providers/com.rethinkdns.sky.json,bb84eb135d08dc6ad2eb568f608992bca78e8be793da002ef0272425e70cda3d,371,file,file,json,configuration,authoritative,,BASE14;LUCI001,synthesized,Provider metadata is useful as explicit target presets; target keeps URLs credential-free and operator-visible.,Focused semantic link(s) plus base accountability.
luci-app-https-dns-proxy-main,root/usr/share/https-dns-proxy/providers/cz.nic.odvr.json,2a8dca7ec12be9e579467abc1660564304e01acbdd0bbbd296968ee54a45abae,112,file,file,json,configuration,authoritative,,BASE14;LUCI001,synthesized,Provider metadata is useful as explicit target presets; target keeps URLs credential-free and operator-visible.,Focused semantic link(s) plus base accountability.
luci-app-https-dns-proxy-main,root/usr/share/https-dns-proxy/providers/de.dnsforge.json,a8d0d49d3785c39f4b4baaeb472b2c17019f4b2f78d401e0646f6adbffde9d36,207,file,file,json,configuration,authoritative,,BASE14;LUCI001,synthesized,Provider metadata is useful as explicit target presets; target keeps URLs credential-free and operator-visible.,Focused semantic link(s) plus base accountability.
luci-app-https-dns-proxy-main,root/usr/share/https-dns-proxy/providers/eu.joindns4.json,09b0d1618d48364a01ba7d2ecff996a137bfc1c1e8535d3e800d7bacf7d279cd,900,file,file,json,configuration,authoritative,,BASE14;LUCI001,synthesized,Provider metadata is useful as explicit target presets; target keeps URLs credential-free and operator-visible.,Focused semantic link(s) plus base accountability.
luci-app-https-dns-proxy-main,root/usr/share/https-dns-proxy/providers/fi.lelux.resolver-eu.json,45ac6e3d0c5a535bea49a562f6d61bb1ecd8d63d1421ffe134a8fbe0756909c7,267,file,file,json,configuration,authoritative,,BASE14;LUCI001,synthesized,Provider metadata is useful as explicit target presets; target keeps URLs credential-free and operator-visible.,Focused semantic link(s) plus base accountability.
luci-app-https-dns-proxy-main,root/usr/share/https-dns-proxy/providers/google.dns.json,e343c1b2830b84b15ddbea393af937b8b954b58b0f94cc5776e2c783b615ae17,123,file,file,json,configuration,authoritative,,BASE14;LUCI001,synthesized,Provider metadata is useful as explicit target presets; target keeps URLs credential-free and operator-visible.,Focused semantic link(s) plus base accountability.
luci-app-https-dns-proxy-main,root/usr/share/https-dns-proxy/providers/gr.libredns.doh.json,f6a92ca51c84157f7a4f44821a499ad707903f609a52f61983c443e2bb1df3c6,461,file,file,json,configuration,authoritative,,BASE14;LUCI001,synthesized,Provider metadata is useful as explicit target presets; target keeps URLs credential-free and operator-visible.,Focused semantic link(s) plus base accountability.
luci-app-https-dns-proxy-main,root/usr/share/https-dns-proxy/providers/io.nextdns.dns.json,8952acc4c505c21b57ef13670ce253fdd92ca11616fefff944361c53765aaf02,260,file,file,json,configuration,authoritative,,BASE14;LUCI001,synthesized,Provider metadata is useful as explicit target presets; target keeps URLs credential-free and operator-visible.,Focused semantic link(s) plus base accountability.
luci-app-https-dns-proxy-main,root/usr/share/https-dns-proxy/providers/io.seby.doh-2.json,6d6c84eca25dfe7b727e402bb3a99bd346d699e70a49e171ba3bca3cccbb186e,164,file,file,json,configuration,authoritative,,BASE14;LUCI001,synthesized,Provider metadata is useful as explicit target presets; target keeps URLs credential-free and operator-visible.,Focused semantic link(s) plus base accountability.
luci-app-https-dns-proxy-main,root/usr/share/https-dns-proxy/providers/jp.iij.dns.public.json,66cbaeb70149044d647cfc111bedb926cf53006be336e8463845eda75e108639,265,file,file,json,configuration,authoritative,,BASE14;LUCI001,synthesized,Provider metadata is useful as explicit target presets; target keeps URLs credential-free and operator-visible.,Focused semantic link(s) plus base accountability.
luci-app-https-dns-proxy-main,root/usr/share/https-dns-proxy/providers/lu.restena.dnspub.json,c0fa3d10dd13befe847e459c8634d5db9e3653272945fd60d36125faa7acd562,343,file,file,json,configuration,authoritative,,BASE14;LUCI001,synthesized,Provider metadata is useful as explicit target presets; target keeps URLs credential-free and operator-visible.,Focused semantic link(s) plus base accountability.
luci-app-https-dns-proxy-main,root/usr/share/https-dns-proxy/providers/net.ahadns.doh.json,e3740a9ed9190059835eea77bf26a61d57916eeca599680c2dcb3164f7885b02,1116,file,file,json,configuration,authoritative,,BASE14;LUCI001,synthesized,Provider metadata is useful as explicit target presets; target keeps URLs credential-free and operator-visible.,Focused semantic link(s) plus base accountability.
luci-app-https-dns-proxy-main,root/usr/share/https-dns-proxy/providers/net.applied-privacy.doh.json,1ca3e3423af51a3605d5fe5d1930b1a3e532f1da059bd5c68b75ef1f42aed62c,291,file,file,json,configuration,authoritative,,BASE14;LUCI001,synthesized,Provider metadata is useful as explicit target presets; target keeps URLs credential-free and operator-visible.,Focused semantic link(s) plus base accountability.
luci-app-https-dns-proxy-main,root/usr/share/https-dns-proxy/providers/net.cfiec.dns.json,9b04bad2fa10f7d222160674cb7e34a3a183017a6d773e4fda57f178949a6938,139,file,file,json,configuration,authoritative,,BASE14;LUCI001,synthesized,Provider metadata is useful as explicit target presets; target keeps URLs credential-free and operator-visible.,Focused semantic link(s) plus base accountability.
luci-app-https-dns-proxy-main,root/usr/share/https-dns-proxy/providers/net.ffmuc.doh.json,5b508ac56832cd00c21ea97c7c914e0292f8d790cfc665a3d2976885bcd26dbd,229,file,file,json,configuration,authoritative,,BASE14;LUCI001,synthesized,Provider metadata is useful as explicit target presets; target keeps URLs credential-free and operator-visible.,Focused semantic link(s) plus base accountability.
luci-app-https-dns-proxy-main,root/usr/share/https-dns-proxy/providers/net.he.ordns.json,3472e04c21783a4f17cb77092dd25c346e7e2fafbac6d195849ac15ea32de37f,192,file,file,json,configuration,authoritative,,BASE14;LUCI001,synthesized,Provider metadata is useful as explicit target presets; target keeps URLs credential-free and operator-visible.,Focused semantic link(s) plus base accountability.
luci-app-https-dns-proxy-main,root/usr/share/https-dns-proxy/providers/net.idnet.doh.json,0515932ec3e17de991e95db131f265ccd625a6a1808dc889162e4696fcdbaa50,122,file,file,json,configuration,authoritative,,BASE14;LUCI001,synthesized,Provider metadata is useful as explicit target presets; target keeps URLs credential-free and operator-visible.,Focused semantic link(s) plus base accountability.
luci-app-https-dns-proxy-main,root/usr/share/https-dns-proxy/providers/net.mullvad.dns.json,cb9558a898f2da34ec168f2071c6e87732a607a0abebc04d4314154b66577b2e,1072,file,file,json,configuration,authoritative,,BASE14;LUCI001,synthesized,Provider metadata is useful as explicit target presets; target keeps URLs credential-free and operator-visible.,Focused semantic link(s) plus base accountability.
luci-app-https-dns-proxy-main,root/usr/share/https-dns-proxy/providers/net.quad9.json,2bfc6a5ded2d4f7cf72b419f2af0d0d442e8c47fce78334a1ccd9ef467da5dcc,651,file,file,json,configuration,authoritative,,BASE14;LUCI001,synthesized,Provider metadata is useful as explicit target presets; target keeps URLs credential-free and operator-visible.,Focused semantic link(s) plus base accountability.
luci-app-https-dns-proxy-main,root/usr/share/https-dns-proxy/providers/one.comss.dns.json,ec8fb4d1088005e917850aab758cc8b35242356595ae9ded03f07146733831b1,169,file,file,json,configuration,authoritative,,BASE14;LUCI001,synthesized,Provider metadata is useful as explicit target presets; target keeps URLs credential-free and operator-visible.,Focused semantic link(s) plus base accountability.
luci-app-https-dns-proxy-main,root/usr/share/https-dns-proxy/providers/org.cleanbrowsing.doh.json,62210c1399d477471e7af58c275da7a43649aee10199f1ac2dfcc0cf65aa7725,595,file,file,json,configuration,authoritative,,BASE14;LUCI001,synthesized,Provider metadata is useful as explicit target presets; target keeps URLs credential-free and operator-visible.,Focused semantic link(s) plus base accountability.
luci-app-https-dns-proxy-main,root/usr/share/https-dns-proxy/providers/org.opennameserver.json,dc4829d9fce903dba866b211e6b33e2cd5bcf58f32440c5d78c4b908cd675c66,789,file,file,json,configuration,authoritative,,BASE14;LUCI001,synthesized,Provider metadata is useful as explicit target presets; target keeps URLs credential-free and operator-visible.,Focused semantic link(s) plus base accountability.
luci-app-https-dns-proxy-main,root/usr/share/https-dns-proxy/providers/org.snopyta.dns.doh.fi.json,9c93efa12a893ec25834c4f981315970bad4cae865dab4dda36cc5699bcebbd2,277,file,file,json,configuration,authoritative,,BASE14;LUCI001,synthesized,Provider metadata is useful as explicit target presets; target keeps URLs credential-free and operator-visible.,Focused semantic link(s) plus base accountability.
luci-app-https-dns-proxy-main,root/usr/share/https-dns-proxy/providers/org.wikimedia-dns.json,d0e601dca27b2bb6699d9f1f8130b427928c7e0a5c8596604610fe18982b66b9,193,file,file,json,configuration,authoritative,,BASE14;LUCI001,synthesized,Provider metadata is useful as explicit target presets; target keeps URLs credential-free and operator-visible.,Focused semantic link(s) plus base accountability.
luci-app-https-dns-proxy-main,root/usr/share/https-dns-proxy/providers/pub.doh.json,fde6c2c78cb095d4da7b33f0c12f00b34aad96e5fa440c06b37814061b3569b6,128,file,file,json,configuration,authoritative,,BASE14;LUCI001,synthesized,Provider metadata is useful as explicit target presets; target keeps URLs credential-free and operator-visible.,Focused semantic link(s) plus base accountability.
luci-app-https-dns-proxy-main,root/usr/share/https-dns-proxy/providers/recipes.v.json,b3cf74ac7e7274c60719f1ba150f2d7245e5c85fb52d896a49cf04db6aa2d4e0,686,file,file,json,configuration,authoritative,,BASE14;LUCI001,synthesized,Provider metadata is useful as explicit target presets; target keeps URLs credential-free and operator-visible.,Focused semantic link(s) plus base accountability.
luci-app-https-dns-proxy-main,root/usr/share/https-dns-proxy/providers/sb.dns.json,c21c76391b01c6565bb7709ddebf7b178a46323e622eb77d3b59d50d264226c4,181,file,file,json,configuration,authoritative,,BASE14;LUCI001,synthesized,Provider metadata is useful as explicit target presets; target keeps URLs credential-free and operator-visible.,Focused semantic link(s) plus base accountability.
luci-app-https-dns-proxy-main,root/usr/share/https-dns-proxy/providers/tw.twnic.dns.json,b222283f53120f5a91557a274f926ebcd6c0bf6d8d153f11c5bda803ce7d8834,214,file,file,json,configuration,authoritative,,BASE14;LUCI001,synthesized,Provider metadata is useful as explicit target presets; target keeps URLs credential-free and operator-visible.,Focused semantic link(s) plus base accountability.
luci-app-https-dns-proxy-main,root/usr/share/luci/menu.d/luci-app-https-dns-proxy.json,03bcaae9f893d154e06e0e903999279b0dff2aec9500dbbdc9be3a93444b5c3b,232,file,file,json,configuration,authoritative,,BASE14;LUCI004,reference-only,Status/UI/tests demonstrate operator concerns but OpenWrt UI/ACL ownership does not fit LumiNet; operator value is recomposed into the authenticated Operations planning lab.,Focused semantic link(s) plus base accountability.
luci-app-https-dns-proxy-main,root/usr/share/rpcd/acl.d/luci-app-https-dns-proxy.json,789faeceb981d3b794fa80a27007c9684697ff5dbbb5c9edcb5443f601c1fcfe,449,file,file,json,configuration,authoritative,,BASE14;LUCI004,reference-only,Status/UI/tests demonstrate operator concerns but OpenWrt UI/ACL ownership does not fit LumiNet; operator value is recomposed into the authenticated Operations planning lab.,Focused semantic link(s) plus base accountability.
luci-app-https-dns-proxy-main,tests/run_tests.sh,94654f8300cf82cf344ffe313a0f2aaca197fe4ca7280f3380557081372176fd,15089,file,file,shell,script,authoritative,,BASE14;LUCI004,reference-only,Status/UI/tests demonstrate operator concerns but OpenWrt UI/ACL ownership does not fit LumiNet; operator value is recomposed into the authenticated Operations planning lab.,Focused semantic link(s) plus base accountability.
luci-app-https-dns-proxy-main,tests/stubs/lib/functions.sh,a8076d3d28d21e02012b20eaf7dbf75409a6277134439025f282e368e3305abf,10,file,file,shell,script,authoritative,,BASE14;LUCI004,reference-only,Status/UI/tests demonstrate operator concerns but OpenWrt UI/ACL ownership does not fit LumiNet; operator value is recomposed into the authenticated Operations planning lab.,Focused semantic link(s) plus base accountability.
luci-app-https-dns-proxy-main,tests/stubs/usr/share/libubox/jshn.sh,94c12034339586aa495703810c4840086ad84744f86bb90fbcaffe03c1e4345a,717,file,file,shell,script,authoritative,,BASE14;LUCI004,reference-only,Status/UI/tests demonstrate operator concerns but OpenWrt UI/ACL ownership does not fit LumiNet; operator value is recomposed into the authenticated Operations planning lab.,Focused semantic link(s) plus base accountability.
marionette-master,.github/workflows/ci.yml,0ad0bfb19b2f8f57ff022d02fa7290f7c32b60b2afd66c2223d6fa8a9ac8cec1,2021,file,file,yaml,repository-administration,derived,,BASE15,reference-only,Supporting/package/admin/media/fixture leaf is explicitly retained in donor accountability; no independent target mechanism is justified beyond its donor/context record.,Explicit supporting leaf; base donor evidence only.
marionette-master,.github/workflows/publish.yml,b8f1e43bbc2a1da3e06f7f287421a033c3782746d06efc4fb801b820fd064b7f,1018,file,file,yaml,repository-administration,derived,,BASE15,reference-only,Supporting/package/admin/media/fixture leaf is explicitly retained in donor accountability; no independent target mechanism is justified beyond its donor/context record.,Explicit supporting leaf; base donor evidence only.
marionette-master,.gitignore,fb6ff7ad524d271b23045b95bd0e7c092610f3bf9b6e30623d78deea30eee1ad,772,file,file,other,repository-administration,derived,,BASE15,reference-only,Supporting/package/admin/media/fixture leaf is explicitly retained in donor accountability; no independent target mechanism is justified beyond its donor/context record.,Explicit supporting leaf; base donor evidence only.
marionette-master,LICENSE,b51416633aa606f255973e21530e74bc51396faf0fcdcb6becf83b4c33f0cac4,1075,file,file,other,governance,descriptive,,BASE15,reference-only,Supporting/package/admin/media/fixture leaf is explicitly retained in donor accountability; no independent target mechanism is justified beyond its donor/context record.,Explicit supporting leaf; base donor evidence only.
marionette-master,MANIFEST.in,7656c53b8db96082299a1f26ff897b929b8402eea912b10f8ddfb6ae6c0066d6,109,file,file,other,configuration,authoritative,,BASE15;MAR006,reference-only,"Unit tests and model-swap examples provide lifecycle/error counterexamples for the native analyzer, without implying protocol equivalence.",Focused semantic link(s) plus base accountability.
marionette-master,PYPI_README.md,747e74c913719a322ff330c1c46062c9b092f274a8a789ded3e794a7a81197f1,1872,file,file,markdown,documentation,descriptive,,BASE15,reference-only,Supporting/package/admin/media/fixture leaf is explicitly retained in donor accountability; no independent target mechanism is justified beyond its donor/context record.,Explicit supporting leaf; base donor evidence only.
marionette-master,README.md,d24ac962112c2a58c71c4789a35901f195f1753adb300a3875be07358a301fa3,5044,file,file,markdown,documentation,descriptive,,BASE15,reference-only,Supporting/package/admin/media/fixture leaf is explicitly retained in donor accountability; no independent target mechanism is justified beyond its donor/context record.,Explicit supporting leaf; base donor evidence only.
marionette-master,bin/marionette_client,356ef3febe4a2df303c21ba780dc7e28da018e1f3d5f95a941f6edc9f8702519,3361,file,file,other,fixture,derived,,BASE15,reference-only,Supporting/package/admin/media/fixture leaf is explicitly retained in donor accountability; no independent target mechanism is justified beyond its donor/context record.,Explicit supporting leaf; base donor evidence only.
marionette-master,bin/marionette_server,36021fd6dacc04ed656c03a5c676ff348fcb1abe2a54e47db49ca8d808967657,5312,file,file,other,fixture,derived,,BASE15,reference-only,Supporting/package/admin/media/fixture leaf is explicitly retained in donor accountability; no independent target mechanism is justified beyond its donor/context record.,Explicit supporting leaf; base donor evidence only.
marionette-master,examples/01_http_tunnel.py,22b7fc332ab3a5f28b82fe9f2b5adf6b5421dafde6e914c33733d1956d7f2cfb,6702,file,file,python,fixture,derived,,BASE15;MAR004,reference-only,"Examples/tests are evidence for state/profile edge cases, not proof of target behavioral equivalence.",Focused semantic link(s) plus base accountability.
marionette-master,examples/02_format_validator.py,cc78dd1eeebe0d0a0f1458b4c78f88c0a31afd55dec5106ffafb1195e0eb64ed,4974,file,file,python,fixture,derived,,BASE15;MAR004,reference-only,"Examples/tests are evidence for state/profile edge cases, not proof of target behavioral equivalence.",Focused semantic link(s) plus base accountability.
marionette-master,examples/03_custom_format.py,6b6196f814106fe2a8578e9234631c54533c31eb2aa3820fe46e7f052175ac75,5590,file,file,python,fixture,derived,,BASE15;MAR004,reference-only,"Examples/tests are evidence for state/profile edge cases, not proof of target behavioral equivalence.",Focused semantic link(s) plus base accountability.
marionette-master,examples/04_dns_tunnel.py,f172fdf6056d79e106afb5ce337c35eb0c6b6ee083c93d2fc8da8a5498a0b271,5313,file,file,python,fixture,derived,,BASE15;MAR004,reference-only,"Examples/tests are evidence for state/profile edge cases, not proof of target behavioral equivalence.",Focused semantic link(s) plus base accountability.
marionette-master,examples/05_load_testing.py,bf96dac759707f0fc77a178c793963ceb963d8f76de65c8f51276793a6ae623b,6419,file,file,python,fixture,derived,,BASE15;MAR004,reference-only,"Examples/tests are evidence for state/profile edge cases, not proof of target behavioral equivalence.",Focused semantic link(s) plus base accountability.
marionette-master,examples/06_active_probing_resistance.py,e3dbff9957a447f05823d09e5a1cfe4fa79dba4ce52ad91b373a41e5b0a6f944,6162,file,file,python,fixture,derived,,BASE15;MAR004,reference-only,"Examples/tests are evidence for state/profile edge cases, not proof of target behavioral equivalence.",Focused semantic link(s) plus base accountability.
marionette-master,examples/07_multi_format_switching.py,01037511dee3aa56a1c588dd3440d4d8fa62162257bcf081149f226a3c36b8ef,4713,file,file,python,fixture,derived,,BASE15;MAR004,reference-only,"Examples/tests are evidence for state/profile edge cases, not proof of target behavioral equivalence.",Focused semantic link(s) plus base accountability.
marionette-master,examples/08_traffic_shaping.py,af85a26fb76f0250ab6e5ea0c32faa9a0e32e039da414402cdc40e8c7a2df32d,5478,file,file,python,fixture,derived,,BASE15;MAR002;MAR004,synthesized,Examples motivate target-native interactive/balanced/bulk/bursty presets without executable DSL.,Focused semantic link(s) plus base accountability.
marionette-master,examples/09_format_comparison.py,2359da91b0d282b9437e407aa3350637b0e763544b4be1eba846777b6e19eed9,4300,file,file,python,fixture,derived,,BASE15;MAR004,reference-only,"Examples/tests are evidence for state/profile edge cases, not proof of target behavioral equivalence.",Focused semantic link(s) plus base accountability.
marionette-master,examples/10_custom_protocol.py,d0d22ef66863d1801bfd678d7cf4672c28479ba738441721f877042bef860199,4998,file,file,python,fixture,derived,,BASE15;MAR004,reference-only,"Examples/tests are evidence for state/profile edge cases, not proof of target behavioral equivalence.",Focused semantic link(s) plus base accountability.
marionette-master,examples/README.md,93077353f95645fc23518d33532b57cb694aa1dfc70da98a47907bea8c0de4fb,1493,file,file,markdown,fixture,derived,,BASE15;MAR004,reference-only,"Examples/tests are evidence for state/profile edge cases, not proof of target behavioral equivalence.",Focused semantic link(s) plus base accountability.
marionette-master,examples/benchmark,e5f008306b3fa6d70c2fd1ebe3bb58ad13ad073b50e2f3e9e0ae4cf70297bf2b,2123,file,file,other,fixture,derived,,BASE15;MAR004,reference-only,"Examples/tests are evidence for state/profile edge cases, not proof of target behavioral equivalence.",Focused semantic link(s) plus base accountability.
marionette-master,examples/httpserver,7c4722383133936279a48be8caa76044d4f61dfa80e61cc5c7748c21525f0ffc,914,file,file,other,fixture,derived,,BASE15;MAR004,reference-only,"Examples/tests are evidence for state/profile edge cases, not proof of target behavioral equivalence.",Focused semantic link(s) plus base accountability.
marionette-master,examples/simulate,6d5a161df2c774ef6fc915c60f06d39da3f289386e332e08f1a71a1fe828ab73,4467,file,file,other,fixture,derived,,BASE15;MAR004,reference-only,"Examples/tests are evidence for state/profile edge cases, not proof of target behavioral equivalence.",Focused semantic link(s) plus base accountability.
marionette-master,examples/socksserver,3860e21677c51940e5847d0de926659f080ad25094b202529f6b37e3498ec364,679,file,file,other,fixture,derived,,BASE15;MAR004,reference-only,"Examples/tests are evidence for state/profile edge cases, not proof of target behavioral equivalence.",Focused semantic link(s) plus base accountability.
marionette-master,examples/tests/__init__.py,e3b0c44298fc1c149afbf4c8996fb92427ae41e4649b934ca495991b7852b855,0,file,file,python,test,derived,,BASE15;MAR004,reference-only,"Examples/tests are evidence for state/profile edge cases, not proof of target behavioral equivalence.",Focused semantic link(s) plus base accountability.
marionette-master,examples/tests/test_01_http_tunnel.py,e740ed87668aa1cab09c0e7d0c6f06845313c45689b4b182f9d34de21dcf945f,1934,file,file,python,test,derived,,BASE15;MAR004,reference-only,"Examples/tests are evidence for state/profile edge cases, not proof of target behavioral equivalence.",Focused semantic link(s) plus base accountability.
marionette-master,examples/tests/test_02_format_validator.py,cbf2de0778aa1ae367c266a4cac925d415b499a73e4b66ade75bfd3b98e31653,1459,file,file,python,test,derived,,BASE15;MAR004,reference-only,"Examples/tests are evidence for state/profile edge cases, not proof of target behavioral equivalence.",Focused semantic link(s) plus base accountability.
marionette-master,examples/tests/test_03_custom_format.py,ed90ddb000c638f339b168114f12072c115b66b9633d3881e90ac8fb0ff8aaa0,1316,file,file,python,test,derived,,BASE15;MAR004,reference-only,"Examples/tests are evidence for state/profile edge cases, not proof of target behavioral equivalence.",Focused semantic link(s) plus base accountability.
marionette-master,examples/tests/test_04_dns_tunnel.py,75168b87df2964c39e9419bbd55586251bcb9cadd860565b2b5802e806182980,1292,file,file,python,test,derived,,BASE15;MAR004,reference-only,"Examples/tests are evidence for state/profile edge cases, not proof of target behavioral equivalence.",Focused semantic link(s) plus base accountability.
marionette-master,examples/tests/test_05_load_testing.py,14c921a1e62f156254169b430cdffdeab86ec5906f2e550455e1942ae84eafa0,1205,file,file,python,test,derived,,BASE15;MAR004,reference-only,"Examples/tests are evidence for state/profile edge cases, not proof of target behavioral equivalence.",Focused semantic link(s) plus base accountability.
marionette-master,examples/tests/test_06_active_probing.py,d4ad19f430bad1d6845d84425dee585d826c4a8eb519de8ab1c076644b9db0f3,988,file,file,python,test,derived,,BASE15;MAR004,reference-only,"Examples/tests are evidence for state/profile edge cases, not proof of target behavioral equivalence.",Focused semantic link(s) plus base accountability.
marionette-master,examples/tests/test_07_multi_format.py,3e754277e5752aa13cec1af8f3facc65bf35d388cd4f5dfae3034bd48688713a,1206,file,file,python,test,derived,,BASE15;MAR004,reference-only,"Examples/tests are evidence for state/profile edge cases, not proof of target behavioral equivalence.",Focused semantic link(s) plus base accountability.
marionette-master,examples/tests/test_08_traffic_shaping.py,415c7e11715020dca53a603b84ae64fcad8b3c44c55a801082e1a31d65fbeb2e,604,file,file,python,test,derived,,BASE15;MAR002;MAR004,synthesized,Examples motivate target-native interactive/balanced/bulk/bursty presets without executable DSL.,Focused semantic link(s) plus base accountability.
marionette-master,examples/tests/test_09_format_comparison.py,fdaa1d307a393575124b0f7c9ae9f9db1e606743a57c558fb13947fbcef9bf44,1126,file,file,python,test,derived,,BASE15;MAR004,reference-only,"Examples/tests are evidence for state/profile edge cases, not proof of target behavioral equivalence.",Focused semantic link(s) plus base accountability.
marionette-master,examples/tests/test_10_custom_protocol.py,81f49467333af51928b83ac1a49ab4a23f437bf0d533b2c0e959051984732da8,1270,file,file,python,test,derived,,BASE15;MAR004,reference-only,"Examples/tests are evidence for state/profile edge cases, not proof of target behavioral equivalence.",Focused semantic link(s) plus base accountability.
marionette-master,marionette/README.md,2cddf8aa46c2c7e57e5a8943b38fda579ff041b174bf379c563ec974087aedd3,2769,file,file,markdown,documentation,descriptive,,BASE15,reference-only,Supporting/package/admin/media/fixture leaf is explicitly retained in donor accountability; no independent target mechanism is justified beyond its donor/context record.,Explicit supporting leaf; base donor evidence only.
marionette-master,marionette/__init__.py,f6796fc40211eb3e0c744732e08a55b39905098f093e5b91e05fd805d9529153,145,file,file,python,implementation,authoritative,,BASE15;MAR001;MAR006,inspired-native,State-machine/profile concept is useful if execution authority is removed and resources are bounded.,Focused semantic link(s) plus base accountability.
marionette-master,marionette/action.py,e3a11368573bfe2d9f5dd9a5121836341db926482590391f63485ad307af5b65,1264,file,file,python,implementation,authoritative,,BASE15;MAR001,inspired-native,State-machine/profile concept is useful if execution authority is removed and resources are bounded.,Focused semantic link(s) plus base accountability.
marionette-master,marionette/channel.py,83bdc3d95fdcbacb2ed7a0baf17c925aaf4711cd55e518e44df5bc77ff49619d,7867,file,file,python,implementation,authoritative,,BASE15;MAR005,superseded,Record/channel/multiplexer code is tightly coupled to Marionette execution and is superseded by LumiNet transport owners; only declarative profile semantics are retained.,Focused semantic link(s) plus base accountability.
marionette-master,marionette/channel_manual.py,4355dbb3496d96207cb75d2168560361d0cb5dd4f80bec52372af7fad803e605,2290,file,file,python,implementation,authoritative,,BASE15;MAR005,superseded,Record/channel/multiplexer code is tightly coupled to Marionette execution and is superseded by LumiNet transport owners; only declarative profile semantics are retained.,Focused semantic link(s) plus base accountability.
marionette-master,marionette/client.py,da7059729e14854539d51390f31a2070166a9da1e5511a201a73e6218a0ab3fe,5659,file,file,python,implementation,authoritative,,BASE15;MAR005,superseded,Record/channel/multiplexer code is tightly coupled to Marionette execution and is superseded by LumiNet transport owners; only declarative profile semantics are retained.,Focused semantic link(s) plus base accountability.
marionette-master,marionette/conf.py,3586a72092a9274cab837fbdbc2dd5d16c483b5b05b802400272c936df39d316,1899,file,file,python,implementation,authoritative,,BASE15;MAR005,superseded,Record/channel/multiplexer code is tightly coupled to Marionette execution and is superseded by LumiNet transport owners; only declarative profile semantics are retained.,Focused semantic link(s) plus base accountability.
marionette-master,marionette/driver.py,8d9500003b08f170174ea26307995e2edfc21059db77d6206a49d4d4b22a0bfc,4050,file,file,python,implementation,authoritative,,BASE15;MAR001,inspired-native,State-machine/profile concept is useful if execution authority is removed and resources are bounded.,Focused semantic link(s) plus base accountability.
marionette-master,marionette/dsl.py,04c491a1799dd4767b5557cf1cea92f6aa5b2413b48ec66d3ea4a64e040fb775,14698,file,file,python,implementation,authoritative,,BASE15;MAR001,inspired-native,State-machine/profile concept is useful if execution authority is removed and resources are bounded.,Focused semantic link(s) plus base accountability.
marionette-master,marionette/exceptions.py,4eb8c969f33f49ec14386aea04a2f20286c522686bd010b7af4df7f3e8c08cc6,95,file,file,python,implementation,authoritative,,BASE15;MAR005,superseded,Record/channel/multiplexer code is tightly coupled to Marionette execution and is superseded by LumiNet transport owners; only declarative profile semantics are retained.,Focused semantic link(s) plus base accountability.
marionette-master,marionette/executable.py,0dbf928d58a2444c05e3b780333b47a03b3129b253c19811a6719f912eca9349,3869,file,file,python,implementation,authoritative,,BASE15;MAR003,rejected-with-reason,Arbitrary executable extension/update authority is incompatible with LumiNet signed/hash-bound admission and single runtime ownership.,Focused semantic link(s) plus base accountability.
marionette-master,marionette/executables/__init__.py,e3b0c44298fc1c149afbf4c8996fb92427ae41e4649b934ca495991b7852b855,0,file,file,python,implementation,authoritative,,BASE15;MAR005,superseded,Record/channel/multiplexer code is tightly coupled to Marionette execution and is superseded by LumiNet transport owners; only declarative profile semantics are retained.,Focused semantic link(s) plus base accountability.
marionette-master,marionette/executables/pioa.py,6496c2ab427a8e7235472e2c8320267f1bf9d7301ad14f67a306158808a0ae6f,10195,file,file,python,implementation,authoritative,,BASE15;MAR005,superseded,Record/channel/multiplexer code is tightly coupled to Marionette execution and is superseded by LumiNet transport owners; only declarative profile semantics are retained.,Focused semantic link(s) plus base accountability.
marionette-master,marionette/format_validator.py,a732d63c483558a4dcc828177994ecba5fee8c8e45da37e224d05c35e172e75f,4207,file,file,python,implementation,authoritative,,BASE15;MAR001,inspired-native,State-machine/profile concept is useful if execution authority is removed and resources are bounded.,Focused semantic link(s) plus base accountability.
marionette-master,marionette/formats/20150701/__init__.py,e3b0c44298fc1c149afbf4c8996fb92427ae41e4649b934ca495991b7852b855,0,file,file,python,implementation,authoritative,,BASE15;MAR001;MAR006,inspired-native,State-machine/profile concept is useful if execution authority is removed and resources are bounded.,Focused semantic link(s) plus base accountability.
marionette-master,marionette/formats/20150701/active_probing/__init__.py,e3b0c44298fc1c149afbf4c8996fb92427ae41e4649b934ca495991b7852b855,0,file,file,python,implementation,authoritative,,BASE15;MAR001;MAR006,inspired-native,State-machine/profile concept is useful if execution authority is removed and resources are bounded.,Focused semantic link(s) plus base accountability.
marionette-master,marionette/formats/20150701/active_probing/ftp_pureftpd_10.mar,575dbf02057d9adb7063783d37d11261d0e63be64cac2504ce4828c84ebf398d,648,file,file,other,fixture,derived,,BASE15;MAR001;MAR006,inspired-native,State-machine/profile concept is useful if execution authority is removed and resources are bounded.,Focused semantic link(s) plus base accountability.
marionette-master,marionette/formats/20150701/active_probing/http_apache_247.mar,607e1b18062baa4496a4adc8607e6bb8e19568ca77d2eb1db8aaad5c6b9274d5,573,file,file,other,fixture,derived,,BASE15;MAR001;MAR006,inspired-native,State-machine/profile concept is useful if execution authority is removed and resources are bounded.,Focused semantic link(s) plus base accountability.
marionette-master,marionette/formats/20150701/active_probing/ssh_openssh_661.mar,2049ea88b34c959a7b6f604f26e197a1e5ef833e4774f2aed5f465c0a39e2edf,397,file,file,other,fixture,derived,,BASE15;MAR001;MAR006,inspired-native,State-machine/profile concept is useful if execution authority is removed and resources are bounded.,Focused semantic link(s) plus base accountability.
marionette-master,marionette/formats/20150701/dns_request.mar,87f0e31ba7c3b6002e1e2c7ba88745b78c52d5cdd691c7987c6d08d2b184d88a,255,file,file,other,fixture,derived,,BASE15;MAR001;MAR006,inspired-native,State-machine/profile concept is useful if execution authority is removed and resources are bounded.,Focused semantic link(s) plus base accountability.
marionette-master,marionette/formats/20150701/dummy.mar,d502f70b21dbad0f54d4f8d49c711641e41ff27f3e91401a3b82c069712bdff3,394,file,file,other,fixture,derived,,BASE15;MAR001;MAR006,inspired-native,State-machine/profile concept is useful if execution authority is removed and resources are bounded.,Focused semantic link(s) plus base accountability.
marionette-master,marionette/formats/20150701/ftp_pasv_transfer.mar,705ed277b5477717c9fc002c02d42a3c630139230bc9227d7578f7ab16664bee,180,file,file,other,fixture,derived,,BASE15;MAR001;MAR006,inspired-native,State-machine/profile concept is useful if execution authority is removed and resources are bounded.,Focused semantic link(s) plus base accountability.
marionette-master,marionette/formats/20150701/ftp_simple_blocking.mar,6e8442a8026d0dd66c6b6e3aab52e3dcddace7ad07d832da15cceac7ebee7916,1805,file,file,other,fixture,derived,,BASE15;MAR001;MAR006,inspired-native,State-machine/profile concept is useful if execution authority is removed and resources are bounded.,Focused semantic link(s) plus base accountability.
marionette-master,marionette/formats/20150701/http_active_probing.mar,339e13236ceb866f646a12edae9b84f6bcb9405c8366ac7ef1dff920eb0fa4e4,540,file,file,other,fixture,derived,,BASE15;MAR001;MAR006,inspired-native,State-machine/profile concept is useful if execution authority is removed and resources are bounded.,Focused semantic link(s) plus base accountability.
marionette-master,marionette/formats/20150701/http_active_probing2.mar,c8ddef2500f7864c7738a8d11c39aab1dd068b9105ed77d6a5e917777e028c9c,823,file,file,other,fixture,derived,,BASE15;MAR001;MAR006,inspired-native,State-machine/profile concept is useful if execution authority is removed and resources are bounded.,Focused semantic link(s) plus base accountability.
marionette-master,marionette/formats/20150701/http_probabilistic_blocking.mar,f5c3ec0d8ce2f4decb0e1a89616e40154849bd795fcd5420f6d9bfe9c78e3ec5,627,file,file,other,fixture,derived,,BASE15;MAR001;MAR006,inspired-native,State-machine/profile concept is useful if execution authority is removed and resources are bounded.,Focused semantic link(s) plus base accountability.
marionette-master,marionette/formats/20150701/http_simple_blocking.mar,d0d5ed31991014dfd3c8f9a696ce4c6c22e6dbf633bbfacc181c2da309a8c09a,331,file,file,other,fixture,derived,,BASE15;MAR001;MAR006,inspired-native,State-machine/profile concept is useful if execution authority is removed and resources are bounded.,Focused semantic link(s) plus base accountability.
marionette-master,marionette/formats/20150701/http_simple_blocking_with_msg_lens.mar,e3620cf566aaaabfe29229561defda3361c959218fd9286676d6f0f04e527837,286,file,file,other,fixture,derived,,BASE15;MAR001;MAR006,inspired-native,State-machine/profile concept is useful if execution authority is removed and resources are bounded.,Focused semantic link(s) plus base accountability.
marionette-master,marionette/formats/20150701/http_simple_nonblocking.mar,012d11890d823ceb348918e006b4a050625d28c4da93599c114bd979e45041da,518,file,file,other,fixture,derived,,BASE15;MAR001;MAR006,inspired-native,State-machine/profile concept is useful if execution authority is removed and resources are bounded.,Focused semantic link(s) plus base accountability.
marionette-master,marionette/formats/20150701/http_squid_blocking.mar,1542ade33ebd0a489e5c186e11d1278ef13900bba4ad6658e516fab12f1fbdad,590,file,file,other,fixture,derived,,BASE15;MAR001;MAR006,inspired-native,State-machine/profile concept is useful if execution authority is removed and resources are bounded.,Focused semantic link(s) plus base accountability.
marionette-master,marionette/formats/20150701/http_timings.mar,84d2a1e6ccbb36c5e1c3edc2842bec04af6ed9ddfaac74e55ca337e2ca78ddf9,585,file,file,other,fixture,derived,,BASE15;MAR001;MAR006,inspired-native,State-machine/profile concept is useful if execution authority is removed and resources are bounded.,Focused semantic link(s) plus base accountability.
marionette-master,marionette/formats/20150701/https_simple_blocking.mar,b3cdefe46c5ebda3b025d7790f147f46796bbcbba6ebc7602ca8fc343a3601f3,17009,file,file,other,fixture,derived,,BASE15;MAR001;MAR006,inspired-native,State-machine/profile concept is useful if execution authority is removed and resources are bounded.,Focused semantic link(s) plus base accountability.
marionette-master,marionette/formats/20150701/nmap/__init__.py,e3b0c44298fc1c149afbf4c8996fb92427ae41e4649b934ca495991b7852b855,0,file,file,python,implementation,authoritative,,BASE15;MAR001;MAR006,inspired-native,State-machine/profile concept is useful if execution authority is removed and resources are bounded.,Focused semantic link(s) plus base accountability.
marionette-master,marionette/formats/20150701/nmap/kpdyer.com.mar,607e1b18062baa4496a4adc8607e6bb8e19568ca77d2eb1db8aaad5c6b9274d5,573,file,file,other,fixture,derived,,BASE15;MAR001;MAR006,inspired-native,State-machine/profile concept is useful if execution authority is removed and resources are bounded.,Focused semantic link(s) plus base accountability.
marionette-master,marionette/formats/20150701/smb_simple_nonblocking.mar,10d41593fd1c8a3908c2ba5f048bef9e4e62efa0e494681b2e53b30f36a93a71,545,file,file,other,fixture,derived,,BASE15;MAR001;MAR006,inspired-native,State-machine/profile concept is useful if execution authority is removed and resources are bounded.,Focused semantic link(s) plus base accountability.
marionette-master,marionette/formats/20150701/ssh_simple_nonblocking.mar,3145bf2e7b4bbe2a206c3187a21f938568ec9203487b9997b39a0afdec76ba6c,383,file,file,other,fixture,derived,,BASE15;MAR001;MAR006,inspired-native,State-machine/profile concept is useful if execution authority is removed and resources are bounded.,Focused semantic link(s) plus base accountability.
marionette-master,marionette/formats/20150701/ta/amzn_conn.mar,33bb1366e50772d15b495e32caf0a34ff2ae4aac9d5a27ce00013401354650c5,7755,file,file,other,fixture,derived,,BASE15;MAR001;MAR006,inspired-native,State-machine/profile concept is useful if execution authority is removed and resources are bounded.,Focused semantic link(s) plus base accountability.
marionette-master,marionette/formats/20150701/ta/amzn_sess.mar,a3f53d675381a29bfd498e549d4623df24b0d4d66f86c33ec8dc86b25e391847,739,file,file,other,fixture,derived,,BASE15;MAR001;MAR006,inspired-native,State-machine/profile concept is useful if execution authority is removed and resources are bounded.,Focused semantic link(s) plus base accountability.
marionette-master,marionette/formats/20150701/test_hex_input_strings.mar,171ceb3d62a60995f882b48044ebfa6030a22187bccc2f7c8502bf32a6541d72,159,file,file,other,test,derived,,BASE15;MAR001;MAR006,inspired-native,State-machine/profile concept is useful if execution authority is removed and resources are bounded.,Focused semantic link(s) plus base accountability.
marionette-master,marionette/formats/20150701/udp_test_format.mar,e262e8deccbc88729fd5aca340203f74af77eacaa9610c8d0ec488bdc8ac7db7,343,file,file,other,fixture,derived,,BASE15;MAR001;MAR006,inspired-native,State-machine/profile concept is useful if execution authority is removed and resources are bounded.,Focused semantic link(s) plus base accountability.
marionette-master,marionette/formats/20150702/http_simple_blocking.mar,76ca6144e25fe378c1eae583b208f4cd643f8b1fc47a9233a74917288f721b8a,331,file,file,other,fixture,derived,,BASE15;MAR001;MAR006,inspired-native,State-machine/profile concept is useful if execution authority is removed and resources are bounded.,Focused semantic link(s) plus base accountability.
marionette-master,marionette/formats/README.md,11c27c33f45d0e0eab289844e3f937fec07f29d79868679aae37b3fbbe37e30a,875,file,file,markdown,documentation,descriptive,,BASE15;MAR001;MAR006,inspired-native,State-machine/profile concept is useful if execution authority is removed and resources are bounded.,Focused semantic link(s) plus base accountability.
marionette-master,marionette/formats/__init__.py,668c16d67da3b9e16ae4d185c00f90481bd06f91845306ee7f6f4014cdf9f5ce,31,file,file,python,implementation,authoritative,,BASE15;MAR001;MAR006,inspired-native,State-machine/profile concept is useful if execution authority is removed and resources are bounded.,Focused semantic link(s) plus base accountability.
marionette-master,marionette/marionette.conf,133c9cc39d2fff8e0094263140cf70c6bff03c4da62b534545131bef8d7fc50b,213,file,file,other,fixture,derived,,BASE15,reference-only,Supporting/package/admin/media/fixture leaf is explicitly retained in donor accountability; no independent target mechanism is justified beyond its donor/context record.,Explicit supporting leaf; base donor evidence only.
marionette-master,marionette/multiplexer.py,bb7e24cb860c1985eb9117e8bc67d8a904fee92d4ba33d069161dccdb9c627bc,10156,file,file,python,implementation,authoritative,,BASE15;MAR005,superseded,Record/channel/multiplexer code is tightly coupled to Marionette execution and is superseded by LumiNet transport owners; only declarative profile semantics are retained.,Focused semantic link(s) plus base accountability.
marionette-master,marionette/plugins/README.md,71d2eecc121fa7b8ad50b3dd41ae7ef60a7ffae1b67766f2d1c387e201e6e61c,1162,file,file,markdown,documentation,descriptive,,BASE15;MAR003,rejected-with-reason,Arbitrary executable extension/update authority is incompatible with LumiNet signed/hash-bound admission and single runtime ownership.,Focused semantic link(s) plus base accountability.
marionette-master,marionette/plugins/__init__.py,e3b0c44298fc1c149afbf4c8996fb92427ae41e4649b934ca495991b7852b855,0,file,file,python,implementation,authoritative,,BASE15;MAR003,rejected-with-reason,Arbitrary executable extension/update authority is incompatible with LumiNet signed/hash-bound admission and single runtime ownership.,Focused semantic link(s) plus base accountability.
marionette-master,marionette/plugins/_channel.py,d80bd65c3bf1adcc2ef00dabaa0797a53c866f5ac997c0e9a8e018ef4f353411,452,file,file,python,implementation,authoritative,,BASE15;MAR003,rejected-with-reason,Arbitrary executable extension/update authority is incompatible with LumiNet signed/hash-bound admission and single runtime ownership.,Focused semantic link(s) plus base accountability.
marionette-master,marionette/plugins/_fte.py,12b0ffa8e6c0bc92afec6e9a844e99efb8c111a0e5d1b26308f20bc456cdacff,3849,file,file,python,implementation,authoritative,,BASE15;MAR003,rejected-with-reason,Arbitrary executable extension/update authority is incompatible with LumiNet signed/hash-bound admission and single runtime ownership.,Focused semantic link(s) plus base accountability.
marionette-master,marionette/plugins/_io.py,55a7a28b61e6340cb5d7815913fda6f810c9afbf3adee41e55975ac634f482f4,994,file,file,python,implementation,authoritative,,BASE15;MAR003,rejected-with-reason,Arbitrary executable extension/update authority is incompatible with LumiNet signed/hash-bound admission and single runtime ownership.,Focused semantic link(s) plus base accountability.
marionette-master,marionette/plugins/_model.py,383cdd58677278673b9699c3e412e5accaffe8b7d1f89b2033eacabcf1b4682d,2865,file,file,python,implementation,authoritative,,BASE15;MAR003,rejected-with-reason,Arbitrary executable extension/update authority is incompatible with LumiNet signed/hash-bound admission and single runtime ownership.,Focused semantic link(s) plus base accountability.
marionette-master,marionette/plugins/_tg.py,6554549997d71f27718d75feb5d9693104b8e26abe572f1e8464cb2340fd665b,26058,file,file,python,implementation,authoritative,,BASE15;MAR003,rejected-with-reason,Arbitrary executable extension/update authority is incompatible with LumiNet signed/hash-bound admission and single runtime ownership.,Focused semantic link(s) plus base accountability.
marionette-master,marionette/record_layer.py,b8f3cfb98ff8dca857c3764089710eb844f6622217763dbafb70a58d24cdb7c2,5565,file,file,python,implementation,authoritative,,BASE15;MAR005,superseded,Record/channel/multiplexer code is tightly coupled to Marionette execution and is superseded by LumiNet transport owners; only declarative profile semantics are retained.,Focused semantic link(s) plus base accountability.
marionette-master,marionette/server.py,62039ba7504f9f789b899579f5cb69cef0443774ba7fc6afeb9319d424b7fb72,5263,file,file,python,implementation,authoritative,,BASE15;MAR005,superseded,Record/channel/multiplexer code is tightly coupled to Marionette execution and is superseded by LumiNet transport owners; only declarative profile semantics are retained.,Focused semantic link(s) plus base accountability.
marionette-master,marionette/tests/__init__.py,5a4ef7228eb6275e41b652d5233c660120d669a26440b7af4b804b2b92c30108,16,file,file,python,test,derived,,BASE15;MAR006,reference-only,"Unit tests and model-swap examples provide lifecycle/error counterexamples for the native analyzer, without implying protocol equivalence.",Focused semantic link(s) plus base accountability.
marionette-master,marionette/tests/test_cli.py,6bfc97b869e1197c085130291d5f1906b08f76dc41e10e5747eec9dbef4cb5e6,3907,file,file,python,test,derived,,BASE15;MAR006,reference-only,"Unit tests and model-swap examples provide lifecycle/error counterexamples for the native analyzer, without implying protocol equivalence.",Focused semantic link(s) plus base accountability.
marionette-master,marionette/tests/test_conf.py,4795317a32089bc8e1731c37e347da3da2cd590d68ce6536aba51fabf500e44a,3046,file,file,python,test,derived,,BASE15;MAR006,reference-only,"Unit tests and model-swap examples provide lifecycle/error counterexamples for the native analyzer, without implying protocol equivalence.",Focused semantic link(s) plus base accountability.
marionette-master,marionette/tests/test_dsl.py,5054f1a3ef34669c482e7beac4b64b569fd665dc563a87cd4861bea4635860a8,23144,file,file,python,test,derived,,BASE15;MAR006,reference-only,"Unit tests and model-swap examples provide lifecycle/error counterexamples for the native analyzer, without implying protocol equivalence.",Focused semantic link(s) plus base accountability.
marionette-master,marionette/tests/test_exceptions.py,70607b4e3973fc40d42ce95a72a53433e53167379c3872b2e9b30f4bc96ae2db,1086,file,file,python,test,derived,,BASE15;MAR006,reference-only,"Unit tests and model-swap examples provide lifecycle/error counterexamples for the native analyzer, without implying protocol equivalence.",Focused semantic link(s) plus base accountability.
marionette-master,marionette/tests/test_format_validator.py,ca6f6b543ec762740141fcb04d276644f9e6c62df4542f32afa3a52efb64dd67,2519,file,file,python,test,derived,,BASE15;MAR006,reference-only,"Unit tests and model-swap examples provide lifecycle/error counterexamples for the native analyzer, without implying protocol equivalence.",Focused semantic link(s) plus base accountability.
marionette-master,marionette/tests/test_model_swapping.py,e22a68d48c462e52171e7639dab1a2630701e98a357dcd5dfb9e407bdb035f27,1214,file,file,python,test,derived,,BASE15;MAR006,reference-only,"Unit tests and model-swap examples provide lifecycle/error counterexamples for the native analyzer, without implying protocol equivalence.",Focused semantic link(s) plus base accountability.
marionette-master,marionette/tests/test_multiplexer.py,8ed6ff55f589be8f7680221546eb9940e68b86034e66302d4b5e8d89cb59a20b,2635,file,file,python,test,derived,,BASE15;MAR006,reference-only,"Unit tests and model-swap examples provide lifecycle/error counterexamples for the native analyzer, without implying protocol equivalence.",Focused semantic link(s) plus base accountability.
marionette-master,marionette/tests/test_probe.py,4fcff466640a8aae0849fa9b414d84a9b80b86f9f47fbfc9183b47098f3764a7,1873,file,file,python,test,derived,,BASE15;MAR006,reference-only,"Unit tests and model-swap examples provide lifecycle/error counterexamples for the native analyzer, without implying protocol equivalence.",Focused semantic link(s) plus base accountability.
marionette-master,marionette/tests/test_record_layer.py,b1d4e782f50a3af3ed0597497c76475fab0b070fc316a8c9299a8df73ddde355,3063,file,file,python,test,derived,,BASE15;MAR006,reference-only,"Unit tests and model-swap examples provide lifecycle/error counterexamples for the native analyzer, without implying protocol equivalence.",Focused semantic link(s) plus base accountability.
marionette-master,marionette/updater.py,3948eb04c895b868d7bebc372177f8ae440824898abbf9ac4a1d1ab1763987dc,3368,file,file,python,implementation,authoritative,,BASE15;MAR003,rejected-with-reason,Arbitrary executable extension/update authority is incompatible with LumiNet signed/hash-bound admission and single runtime ownership.,Focused semantic link(s) plus base accountability.
marionette-master,requirements.txt,808e23d2f873f1210147cb417328e666713e0e5a8b4574fb84c1ce80e5180959,89,file,file,other,documentation,descriptive,,BASE15;MAR006,reference-only,"Unit tests and model-swap examples provide lifecycle/error counterexamples for the native analyzer, without implying protocol equivalence.",Focused semantic link(s) plus base accountability.
marionette-master,setup.py,06462876092deaecc141148ed367abdb0c6e084695248119a97618c51bf95c94,1530,file,file,python,implementation,authoritative,,BASE15;MAR006,reference-only,"Unit tests and model-swap examples provide lifecycle/error counterexamples for the native analyzer, without implying protocol equivalence.",Focused semantic link(s) plus base accountability.
