wave,donor,directory,direct_files,direct_dirs
ultimate-63,3xui-telegram-bot-main,.,8,6
ultimate-63,3xui-telegram-bot-main,utils,7,0
ultimate-63,3xui-telegram-bot-main,keyboards,1,0
ultimate-63,3xui-telegram-bot-main,handlers,8,0
ultimate-63,3xui-telegram-bot-main,scripts,4,0
ultimate-63,3xui-telegram-bot-main,services,2,0
ultimate-63,3xui-telegram-bot-main,middlewares,2,0
ultimate-63,AgentDNS-main,.,10,2
ultimate-63,AgentDNS-main,resources,1,0
ultimate-63,AgentDNS-main,deployment,2,0
ultimate-63,Auto_Tor_IP_changer-master(2),.,3,0
ultimate-63,BPB-Warp-Scanner-main,.,13,1
ultimate-63,BPB-Warp-Scanner-main,.github,0,1
ultimate-63,BPB-Warp-Scanner-main,.github/workflows,1,0
ultimate-63,BWLimiter-main,.,6,1
ultimate-63,BWLimiter-main,systemd,1,0
ultimate-63,DNS-Persist-master,.,4,3
ultimate-63,DNS-Persist-master,images,5,0
ultimate-63,DNS-Persist-master,modules,3,0
ultimate-63,DNS-Persist-master,Agent,1,1
ultimate-63,DNS-Persist-master,Agent/Agent,17,0
ultimate-63,Go-netowrking-tools-main,.,1,2
ultimate-63,Go-netowrking-tools-main,tcp-scanners-proxies,1,1
ultimate-63,Go-netowrking-tools-main,tcp-scanners-proxies/cmd,0,2
ultimate-63,Go-netowrking-tools-main,tcp-scanners-proxies/cmd/portScanner,1,0
ultimate-63,Go-netowrking-tools-main,tcp-scanners-proxies/cmd/tcpProxy,1,0
ultimate-63,Go-netowrking-tools-main,HTTP-CLIENTS-REMOTE-INTERACTIONS,0,1
ultimate-63,Go-netowrking-tools-main,HTTP-CLIENTS-REMOTE-INTERACTIONS/cmd,0,1
ultimate-63,Go-netowrking-tools-main,HTTP-CLIENTS-REMOTE-INTERACTIONS/cmd/httpApiCall,1,0
ultimate-63,GodMode-main,.,12,7
ultimate-63,GodMode-main,src,0,8
ultimate-63,GodMode-main,src/settings,3,1
ultimate-63,GodMode-main,src/settings/archive,1,0
ultimate-63,GodMode-main,src/images,14,0
ultimate-63,GodMode-main,src/providers,21,0
ultimate-63,GodMode-main,src/components,2,0
ultimate-63,GodMode-main,src/main,5,0
ultimate-63,GodMode-main,src/renderer,9,1
ultimate-63,GodMode-main,src/renderer/components,1,1
ultimate-63,GodMode-main,src/renderer/components/ui,4,0
ultimate-63,GodMode-main,src/lib,3,0
ultimate-63,GodMode-main,src/__tests__,1,0
ultimate-63,GodMode-main,images,5,0
ultimate-63,GodMode-main,.github,0,2
ultimate-63,GodMode-main,.github/workflows,1,0
ultimate-63,GodMode-main,.github/ISSUE_TEMPLATE,2,0
ultimate-63,GodMode-main,assets,8,1
ultimate-63,GodMode-main,assets/icons,10,0
ultimate-63,GodMode-main,scripts,0,4
ultimate-63,GodMode-main,scripts/configs,10,0
ultimate-63,GodMode-main,scripts/scripts,11,0
ultimate-63,GodMode-main,scripts/mocks,1,0
ultimate-63,GodMode-main,scripts/img,3,0
ultimate-63,GodMode-main,release,0,1
ultimate-63,GodMode-main,release/app,2,0
ultimate-63,GodMode-main,build,1,0
ultimate-63,GoodbyeDPI-master,.,4,2
ultimate-63,GoodbyeDPI-master,src,16,1
ultimate-63,GoodbyeDPI-master,src/utils,5,0
ultimate-63,GoodbyeDPI-master,.github,0,2
ultimate-63,GoodbyeDPI-master,.github/workflows,1,0
ultimate-63,GoodbyeDPI-master,.github/ISSUE_TEMPLATE,3,0
ultimate-63,InterceptSuite-main,.,2,0
ultimate-63,InviZible-master,.,9,10
ultimate-63,InviZible-master,fastlane,0,1
ultimate-63,InviZible-master,fastlane/metadata,0,1
ultimate-63,InviZible-master,fastlane/metadata/android,0,4
ultimate-63,InviZible-master,fastlane/metadata/android/ru,2,0
ultimate-63,InviZible-master,fastlane/metadata/android/zh-CN,3,0
ultimate-63,InviZible-master,fastlane/metadata/android/en-US,3,2
ultimate-63,InviZible-master,fastlane/metadata/android/en-US/images,3,2
ultimate-63,InviZible-master,fastlane/metadata/android/en-US/images/phoneScreenshots,4,0
ultimate-63,InviZible-master,fastlane/metadata/android/en-US/images/tvScreenshots,4,0
ultimate-63,InviZible-master,fastlane/metadata/android/en-US/changelogs,210,0
ultimate-63,InviZible-master,fastlane/metadata/android/de,1,0
ultimate-63,InviZible-master,tordnscrypt,4,2
ultimate-63,InviZible-master,tordnscrypt/src,0,10
ultimate-63,InviZible-master,tordnscrypt/src/google_play,2,2
ultimate-63,InviZible-master,tordnscrypt/src/google_play/res,0,8
ultimate-63,InviZible-master,tordnscrypt/src/google_play/res/mipmap-xxhdpi,3,0
ultimate-63,InviZible-master,tordnscrypt/src/google_play/res/mipmap-anydpi-v26,2,0
ultimate-63,InviZible-master,tordnscrypt/src/google_play/res/drawable,1,0
ultimate-63,InviZible-master,tordnscrypt/src/google_play/res/mipmap-xhdpi,3,0
ultimate-63,InviZible-master,tordnscrypt/src/google_play/res/mipmap-xxxhdpi,3,0
ultimate-63,InviZible-master,tordnscrypt/src/google_play/res/mipmap-mdpi,3,0
ultimate-63,InviZible-master,tordnscrypt/src/google_play/res/mipmap-hdpi,3,0
ultimate-63,InviZible-master,tordnscrypt/src/google_play/res/values,2,0
ultimate-63,InviZible-master,tordnscrypt/src/google_play/java,0,1
ultimate-63,InviZible-master,tordnscrypt/src/google_play/java/pan,0,1
ultimate-63,InviZible-master,tordnscrypt/src/google_play/java/pan/alexander,0,1
ultimate-63,InviZible-master,tordnscrypt/src/google_play/java/pan/alexander/tordnscrypt,0,1
ultimate-63,InviZible-master,tordnscrypt/src/google_play/java/pan/alexander/tordnscrypt/assistance,1,0
ultimate-63,InviZible-master,tordnscrypt/src/pro,0,2
ultimate-63,InviZible-master,tordnscrypt/src/pro/res,0,8
ultimate-63,InviZible-master,tordnscrypt/src/pro/res/mipmap-xxhdpi,3,0
ultimate-63,InviZible-master,tordnscrypt/src/pro/res/mipmap-anydpi-v26,2,0
ultimate-63,InviZible-master,tordnscrypt/src/pro/res/drawable,1,0
ultimate-63,InviZible-master,tordnscrypt/src/pro/res/mipmap-xhdpi,3,0
ultimate-63,InviZible-master,tordnscrypt/src/pro/res/mipmap-xxxhdpi,3,0
ultimate-63,InviZible-master,tordnscrypt/src/pro/res/mipmap-mdpi,3,0
ultimate-63,InviZible-master,tordnscrypt/src/pro/res/mipmap-hdpi,3,0
ultimate-63,InviZible-master,tordnscrypt/src/pro/res/values,2,0
ultimate-63,InviZible-master,tordnscrypt/src/pro/java,0,1
ultimate-63,InviZible-master,tordnscrypt/src/pro/java/pan,0,1
ultimate-63,InviZible-master,tordnscrypt/src/pro/java/pan/alexander,0,1
ultimate-63,InviZible-master,tordnscrypt/src/pro/java/pan/alexander/tordnscrypt,0,1
ultimate-63,InviZible-master,tordnscrypt/src/pro/java/pan/alexander/tordnscrypt/assistance,1,0
ultimate-63,InviZible-master,tordnscrypt/src/armv7a,0,1
ultimate-63,InviZible-master,tordnscrypt/src/armv7a/assets,1,0
ultimate-63,InviZible-master,tordnscrypt/src/lite,0,2
ultimate-63,InviZible-master,tordnscrypt/src/lite/res,0,8
ultimate-63,InviZible-master,tordnscrypt/src/lite/res/mipmap-xxhdpi,3,0
ultimate-63,InviZible-master,tordnscrypt/src/lite/res/mipmap-anydpi-v26,2,0
ultimate-63,InviZible-master,tordnscrypt/src/lite/res/drawable,1,0
ultimate-63,InviZible-master,tordnscrypt/src/lite/res/mipmap-xhdpi,3,0
ultimate-63,InviZible-master,tordnscrypt/src/lite/res/mipmap-xxxhdpi,3,0
ultimate-63,InviZible-master,tordnscrypt/src/lite/res/mipmap-mdpi,3,0
ultimate-63,InviZible-master,tordnscrypt/src/lite/res/mipmap-hdpi,3,0
ultimate-63,InviZible-master,tordnscrypt/src/lite/res/values,2,0
ultimate-63,InviZible-master,tordnscrypt/src/lite/java,0,1
ultimate-63,InviZible-master,tordnscrypt/src/lite/java/pan,0,1
ultimate-63,InviZible-master,tordnscrypt/src/lite/java/pan/alexander,0,1
ultimate-63,InviZible-master,tordnscrypt/src/lite/java/pan/alexander/tordnscrypt,0,1
ultimate-63,InviZible-master,tordnscrypt/src/lite/java/pan/alexander/tordnscrypt/assistance,1,0
ultimate-63,InviZible-master,tordnscrypt/src/arm64,0,1
ultimate-63,InviZible-master,tordnscrypt/src/arm64/assets,1,0
ultimate-63,InviZible-master,tordnscrypt/src/main,2,4
ultimate-63,InviZible-master,tordnscrypt/src/main/jni,0,1
ultimate-63,InviZible-master,tordnscrypt/src/main/jni/invizible,11,0
ultimate-63,InviZible-master,tordnscrypt/src/main/assets,4,0
ultimate-63,InviZible-master,tordnscrypt/src/main/res,0,52
ultimate-63,InviZible-master,tordnscrypt/src/main/res/values-uk,1,0
ultimate-63,InviZible-master,tordnscrypt/src/main/res/values-fi,1,0
ultimate-63,InviZible-master,tordnscrypt/src/main/res/values-fr,1,0
ultimate-63,InviZible-master,tordnscrypt/src/main/res/values-fa,1,0
ultimate-63,InviZible-master,tordnscrypt/src/main/res/values-ja,1,0
ultimate-63,InviZible-master,tordnscrypt/src/main/res/drawable-hdpi,11,0
ultimate-63,InviZible-master,tordnscrypt/src/main/res/values-or,1,0
ultimate-63,InviZible-master,tordnscrypt/src/main/res/values-cs,1,0
ultimate-63,InviZible-master,tordnscrypt/src/main/res/values-ckb,1,0
ultimate-63,InviZible-master,tordnscrypt/src/main/res/values-ro,1,0
ultimate-63,InviZible-master,tordnscrypt/src/main/res/xml,8,0
ultimate-63,InviZible-master,tordnscrypt/src/main/res/values-night,1,0
ultimate-63,InviZible-master,tordnscrypt/src/main/res/values-ta,1,0
ultimate-63,InviZible-master,tordnscrypt/src/main/res/values-v21,1,0
ultimate-63,InviZible-master,tordnscrypt/src/main/res/values-sw360dp-v13,1,0
ultimate-63,InviZible-master,tordnscrypt/src/main/res/values-land,1,0
ultimate-63,InviZible-master,tordnscrypt/src/main/res/values-zh,1,0
ultimate-63,InviZible-master,tordnscrypt/src/main/res/mipmap-xxhdpi,3,0
ultimate-63,InviZible-master,tordnscrypt/src/main/res/values-ar,1,0
ultimate-63,InviZible-master,tordnscrypt/src/main/res/values-de,1,0
ultimate-63,InviZible-master,tordnscrypt/src/main/res/layout-land,5,0
ultimate-63,InviZible-master,tordnscrypt/src/main/res/values-ru,1,0
ultimate-63,InviZible-master,tordnscrypt/src/main/res/values-nb-rNO,1,0
ultimate-63,InviZible-master,tordnscrypt/src/main/res/values-nl,1,0
ultimate-63,InviZible-master,tordnscrypt/src/main/res/mipmap-anydpi-v26,2,0
ultimate-63,InviZible-master,tordnscrypt/src/main/res/drawable,61,0
ultimate-63,InviZible-master,tordnscrypt/src/main/res/mipmap-xhdpi,3,0
ultimate-63,InviZible-master,tordnscrypt/src/main/res/mipmap-xxxhdpi,3,0
ultimate-63,InviZible-master,tordnscrypt/src/main/res/menu,4,0
ultimate-63,InviZible-master,tordnscrypt/src/main/res/values-in,1,0
ultimate-63,InviZible-master,tordnscrypt/src/main/res/drawable-xhdpi,11,0
ultimate-63,InviZible-master,tordnscrypt/src/main/res/raw,12,0
ultimate-63,InviZible-master,tordnscrypt/src/main/res/drawable-xxhdpi,11,0
ultimate-63,InviZible-master,tordnscrypt/src/main/res/drawable-anydpi-v23,2,0
ultimate-63,InviZible-master,tordnscrypt/src/main/res/values-pt,1,0
ultimate-63,InviZible-master,tordnscrypt/src/main/res/values-ml,1,0
ultimate-63,InviZible-master,tordnscrypt/src/main/res/values-el,1,0
ultimate-63,InviZible-master,tordnscrypt/src/main/res/values-sr,1,0
ultimate-63,InviZible-master,tordnscrypt/src/main/res/mipmap-mdpi,3,0
ultimate-63,InviZible-master,tordnscrypt/src/main/res/mipmap-hdpi,3,0
ultimate-63,InviZible-master,tordnscrypt/src/main/res/values-pt-rBR,1,0
ultimate-63,InviZible-master,tordnscrypt/src/main/res/values-pl,1,0
ultimate-63,InviZible-master,tordnscrypt/src/main/res/values-bg,1,0
ultimate-63,InviZible-master,tordnscrypt/src/main/res/layout,47,0
ultimate-63,InviZible-master,tordnscrypt/src/main/res/values,6,0
ultimate-63,InviZible-master,tordnscrypt/src/main/res/values-vi,1,0
ultimate-63,InviZible-master,tordnscrypt/src/main/res/values-da,1,0
ultimate-63,InviZible-master,tordnscrypt/src/main/res/drawable-xxxhdpi,7,0
ultimate-63,InviZible-master,tordnscrypt/src/main/res/values-it,1,0
ultimate-63,InviZible-master,tordnscrypt/src/main/res/values-es,1,0
ultimate-63,InviZible-master,tordnscrypt/src/main/res/drawable-mdpi,11,0
ultimate-63,InviZible-master,tordnscrypt/src/main/res/values-tr,1,0
ultimate-63,InviZible-master,tordnscrypt/src/main/java,0,1
ultimate-63,InviZible-master,tordnscrypt/src/main/java/pan,0,1
ultimate-63,InviZible-master,tordnscrypt/src/main/java/pan/alexander,0,1
ultimate-63,InviZible-master,tordnscrypt/src/main/java/pan/alexander/tordnscrypt,9,26
ultimate-63,InviZible-master,tordnscrypt/src/main/java/pan/alexander/tordnscrypt/di,13,4
ultimate-63,InviZible-master,tordnscrypt/src/main/java/pan/alexander/tordnscrypt/di/arp,2,0
ultimate-63,InviZible-master,tordnscrypt/src/main/java/pan/alexander/tordnscrypt/di/tiles,2,0
ultimate-63,InviZible-master,tordnscrypt/src/main/java/pan/alexander/tordnscrypt/di/logreader,4,0
ultimate-63,InviZible-master,tordnscrypt/src/main/java/pan/alexander/tordnscrypt/di/modulesservice,3,0
ultimate-63,InviZible-master,tordnscrypt/src/main/java/pan/alexander/tordnscrypt/main_fragment,2,0
ultimate-63,InviZible-master,tordnscrypt/src/main/java/pan/alexander/tordnscrypt/arp,10,0
ultimate-63,InviZible-master,tordnscrypt/src/main/java/pan/alexander/tordnscrypt/settings,8,11
ultimate-63,InviZible-master,tordnscrypt/src/main/java/pan/alexander/tordnscrypt/settings/itpd_settings,4,0
ultimate-63,InviZible-master,tordnscrypt/src/main/java/pan/alexander/tordnscrypt/settings/dnscrypt_relays,8,0
ultimate-63,InviZible-master,tordnscrypt/src/main/java/pan/alexander/tordnscrypt/settings/dnscrypt_rules,3,5
ultimate-63,InviZible-master,tordnscrypt/src/main/java/pan/alexander/tordnscrypt/settings/dnscrypt_rules/recycler,2,0
ultimate-63,InviZible-master,tordnscrypt/src/main/java/pan/alexander/tordnscrypt/settings/dnscrypt_rules/receiver,1,0
ultimate-63,InviZible-master,tordnscrypt/src/main/java/pan/alexander/tordnscrypt/settings/dnscrypt_rules/local,4,0
ultimate-63,InviZible-master,tordnscrypt/src/main/java/pan/alexander/tordnscrypt/settings/dnscrypt_rules/existing,2,0
ultimate-63,InviZible-master,tordnscrypt/src/main/java/pan/alexander/tordnscrypt/settings/dnscrypt_rules/remote,4,0
ultimate-63,InviZible-master,tordnscrypt/src/main/java/pan/alexander/tordnscrypt/settings/tor_ips,8,0
ultimate-63,InviZible-master,tordnscrypt/src/main/java/pan/alexander/tordnscrypt/settings/dnscrypt_settings,2,0
ultimate-63,InviZible-master,tordnscrypt/src/main/java/pan/alexander/tordnscrypt/settings/tor_countries,3,0
ultimate-63,InviZible-master,tordnscrypt/src/main/java/pan/alexander/tordnscrypt/settings/dnscrypt_servers,8,0
ultimate-63,InviZible-master,tordnscrypt/src/main/java/pan/alexander/tordnscrypt/settings/tor_preferences,2,0
ultimate-63,InviZible-master,tordnscrypt/src/main/java/pan/alexander/tordnscrypt/settings/tor_bridges,11,0
ultimate-63,InviZible-master,tordnscrypt/src/main/java/pan/alexander/tordnscrypt/settings/firewall,8,1
ultimate-63,InviZible-master,tordnscrypt/src/main/java/pan/alexander/tordnscrypt/settings/firewall/adapter,2,0
ultimate-63,InviZible-master,tordnscrypt/src/main/java/pan/alexander/tordnscrypt/settings/tor_apps,4,0
ultimate-63,InviZible-master,tordnscrypt/src/main/java/pan/alexander/tordnscrypt/vpn,8,1
ultimate-63,InviZible-master,tordnscrypt/src/main/java/pan/alexander/tordnscrypt/vpn/service,7,0
ultimate-63,InviZible-master,tordnscrypt/src/main/java/pan/alexander/tordnscrypt/itpd_fragment,5,0
ultimate-63,InviZible-master,tordnscrypt/src/main/java/pan/alexander/tordnscrypt/utils,5,26
ultimate-63,InviZible-master,tordnscrypt/src/main/java/pan/alexander/tordnscrypt/utils/resources,2,0
ultimate-63,InviZible-master,tordnscrypt/src/main/java/pan/alexander/tordnscrypt/utils/integrity,1,0
ultimate-63,InviZible-master,tordnscrypt/src/main/java/pan/alexander/tordnscrypt/utils/appexit,1,0
ultimate-63,InviZible-master,tordnscrypt/src/main/java/pan/alexander/tordnscrypt/utils/enums,8,0
ultimate-63,InviZible-master,tordnscrypt/src/main/java/pan/alexander/tordnscrypt/utils/root,5,0
ultimate-63,InviZible-master,tordnscrypt/src/main/java/pan/alexander/tordnscrypt/utils/logger,1,0
ultimate-63,InviZible-master,tordnscrypt/src/main/java/pan/alexander/tordnscrypt/utils/filemanager,6,0
ultimate-63,InviZible-master,tordnscrypt/src/main/java/pan/alexander/tordnscrypt/utils/apps,2,0
ultimate-63,InviZible-master,tordnscrypt/src/main/java/pan/alexander/tordnscrypt/utils/delegates,1,0
ultimate-63,InviZible-master,tordnscrypt/src/main/java/pan/alexander/tordnscrypt/utils/workers,2,0
ultimate-63,InviZible-master,tordnscrypt/src/main/java/pan/alexander/tordnscrypt/utils/dns,9,0
ultimate-63,InviZible-master,tordnscrypt/src/main/java/pan/alexander/tordnscrypt/utils/bootcomplete,1,0
ultimate-63,InviZible-master,tordnscrypt/src/main/java/pan/alexander/tordnscrypt/utils/parsers,3,0
ultimate-63,InviZible-master,tordnscrypt/src/main/java/pan/alexander/tordnscrypt/utils/mode,2,0
ultimate-63,InviZible-master,tordnscrypt/src/main/java/pan/alexander/tordnscrypt/utils/web,3,0
ultimate-63,InviZible-master,tordnscrypt/src/main/java/pan/alexander/tordnscrypt/utils/session,2,0
ultimate-63,InviZible-master,tordnscrypt/src/main/java/pan/alexander/tordnscrypt/utils/portchecker,1,0
ultimate-63,InviZible-master,tordnscrypt/src/main/java/pan/alexander/tordnscrypt/utils/connectivitycheck,1,0
ultimate-63,InviZible-master,tordnscrypt/src/main/java/pan/alexander/tordnscrypt/utils/ap,2,0
ultimate-63,InviZible-master,tordnscrypt/src/main/java/pan/alexander/tordnscrypt/utils/notification,2,0
ultimate-63,InviZible-master,tordnscrypt/src/main/java/pan/alexander/tordnscrypt/utils/privatedns,1,0
ultimate-63,InviZible-master,tordnscrypt/src/main/java/pan/alexander/tordnscrypt/utils/zipUtil,1,0
ultimate-63,InviZible-master,tordnscrypt/src/main/java/pan/alexander/tordnscrypt/utils/wakelock,1,0
ultimate-63,InviZible-master,tordnscrypt/src/main/java/pan/alexander/tordnscrypt/utils/preferences,3,0
ultimate-63,InviZible-master,tordnscrypt/src/main/java/pan/alexander/tordnscrypt/utils/executors,2,0
ultimate-63,InviZible-master,tordnscrypt/src/main/java/pan/alexander/tordnscrypt/utils/connectionchecker,4,0
ultimate-63,InviZible-master,tordnscrypt/src/main/java/pan/alexander/tordnscrypt/modules,18,0
ultimate-63,InviZible-master,tordnscrypt/src/main/java/pan/alexander/tordnscrypt/help,3,0
ultimate-63,InviZible-master,tordnscrypt/src/main/java/pan/alexander/tordnscrypt/proxy,2,0
ultimate-63,InviZible-master,tordnscrypt/src/main/java/pan/alexander/tordnscrypt/patches,3,0
ultimate-63,InviZible-master,tordnscrypt/src/main/java/pan/alexander/tordnscrypt/installer,11,0
ultimate-63,InviZible-master,tordnscrypt/src/main/java/pan/alexander/tordnscrypt/tiles,8,0
ultimate-63,InviZible-master,tordnscrypt/src/main/java/pan/alexander/tordnscrypt/views,2,0
ultimate-63,InviZible-master,tordnscrypt/src/main/java/pan/alexander/tordnscrypt/dnscrypt_fragment,5,0
ultimate-63,InviZible-master,tordnscrypt/src/main/java/pan/alexander/tordnscrypt/crash_handling,1,0
ultimate-63,InviZible-master,tordnscrypt/src/main/java/pan/alexander/tordnscrypt/about,1,0
ultimate-63,InviZible-master,tordnscrypt/src/main/java/pan/alexander/tordnscrypt/nflog,3,0
ultimate-63,InviZible-master,tordnscrypt/src/main/java/pan/alexander/tordnscrypt/backup,6,0
ultimate-63,InviZible-master,tordnscrypt/src/main/java/pan/alexander/tordnscrypt/iptables,9,0
ultimate-63,InviZible-master,tordnscrypt/src/main/java/pan/alexander/tordnscrypt/dialogs,20,1
ultimate-63,InviZible-master,tordnscrypt/src/main/java/pan/alexander/tordnscrypt/dialogs/progressDialogs,4,0
ultimate-63,InviZible-master,tordnscrypt/src/main/java/pan/alexander/tordnscrypt/update,3,0
ultimate-63,InviZible-master,tordnscrypt/src/main/java/pan/alexander/tordnscrypt/data,0,11
ultimate-63,InviZible-master,tordnscrypt/src/main/java/pan/alexander/tordnscrypt/data/resources,1,0
ultimate-63,InviZible-master,tordnscrypt/src/main/java/pan/alexander/tordnscrypt/data/bridges,10,0
ultimate-63,InviZible-master,tordnscrypt/src/main/java/pan/alexander/tordnscrypt/data/dns_rules,3,0
ultimate-63,InviZible-master,tordnscrypt/src/main/java/pan/alexander/tordnscrypt/data/dnscrypt_relays,3,0
ultimate-63,InviZible-master,tordnscrypt/src/main/java/pan/alexander/tordnscrypt/data/connection_checker,3,0
ultimate-63,InviZible-master,tordnscrypt/src/main/java/pan/alexander/tordnscrypt/data/dns_resolver,3,0
ultimate-63,InviZible-master,tordnscrypt/src/main/java/pan/alexander/tordnscrypt/data/log_reader,3,0
ultimate-63,InviZible-master,tordnscrypt/src/main/java/pan/alexander/tordnscrypt/data/dnscrypt_servers,3,0
ultimate-63,InviZible-master,tordnscrypt/src/main/java/pan/alexander/tordnscrypt/data/preferences,3,0
ultimate-63,InviZible-master,tordnscrypt/src/main/java/pan/alexander/tordnscrypt/data/modules_configuration,1,0
ultimate-63,InviZible-master,tordnscrypt/src/main/java/pan/alexander/tordnscrypt/data/connection_records,3,0
ultimate-63,InviZible-master,tordnscrypt/src/main/java/pan/alexander/tordnscrypt/language,3,0
ultimate-63,InviZible-master,tordnscrypt/src/main/java/pan/alexander/tordnscrypt/domain,0,11
ultimate-63,InviZible-master,tordnscrypt/src/main/java/pan/alexander/tordnscrypt/domain/resources,1,0
ultimate-63,InviZible-master,tordnscrypt/src/main/java/pan/alexander/tordnscrypt/domain/bridges,11,0
ultimate-63,InviZible-master,tordnscrypt/src/main/java/pan/alexander/tordnscrypt/domain/dns_rules,5,0
ultimate-63,InviZible-master,tordnscrypt/src/main/java/pan/alexander/tordnscrypt/domain/dnscrypt_relays,2,0
ultimate-63,InviZible-master,tordnscrypt/src/main/java/pan/alexander/tordnscrypt/domain/tor_ips,2,0
ultimate-63,InviZible-master,tordnscrypt/src/main/java/pan/alexander/tordnscrypt/domain/connection_checker,4,0
ultimate-63,InviZible-master,tordnscrypt/src/main/java/pan/alexander/tordnscrypt/domain/dns_resolver,3,0
ultimate-63,InviZible-master,tordnscrypt/src/main/java/pan/alexander/tordnscrypt/domain/log_reader,10,3
ultimate-63,InviZible-master,tordnscrypt/src/main/java/pan/alexander/tordnscrypt/domain/log_reader/dnscrypt,3,0
ultimate-63,InviZible-master,tordnscrypt/src/main/java/pan/alexander/tordnscrypt/domain/log_reader/tor,3,0
ultimate-63,InviZible-master,tordnscrypt/src/main/java/pan/alexander/tordnscrypt/domain/log_reader/itpd,6,0
ultimate-63,InviZible-master,tordnscrypt/src/main/java/pan/alexander/tordnscrypt/domain/dnscrypt_servers,2,0
ultimate-63,InviZible-master,tordnscrypt/src/main/java/pan/alexander/tordnscrypt/domain/preferences,2,0
ultimate-63,InviZible-master,tordnscrypt/src/main/java/pan/alexander/tordnscrypt/domain/connection_records,6,1
ultimate-63,InviZible-master,tordnscrypt/src/main/java/pan/alexander/tordnscrypt/domain/connection_records/entities,3,0
ultimate-63,InviZible-master,tordnscrypt/src/main/java/pan/alexander/tordnscrypt/tor_fragment,5,0
ultimate-63,InviZible-master,tordnscrypt/src/debug,1,1
ultimate-63,InviZible-master,tordnscrypt/src/debug/java,0,1
ultimate-63,InviZible-master,tordnscrypt/src/debug/java/pan,0,1
ultimate-63,InviZible-master,tordnscrypt/src/debug/java/pan/alexander,0,1
ultimate-63,InviZible-master,tordnscrypt/src/debug/java/pan/alexander/tordnscrypt,0,1
ultimate-63,InviZible-master,tordnscrypt/src/debug/java/pan/alexander/tordnscrypt/utils,0,1
ultimate-63,InviZible-master,tordnscrypt/src/debug/java/pan/alexander/tordnscrypt/utils/multidex,1,0
ultimate-63,InviZible-master,tordnscrypt/src/fdroid,1,2
ultimate-63,InviZible-master,tordnscrypt/src/fdroid/res,0,8
ultimate-63,InviZible-master,tordnscrypt/src/fdroid/res/mipmap-xxhdpi,3,0
ultimate-63,InviZible-master,tordnscrypt/src/fdroid/res/mipmap-anydpi-v26,2,0
ultimate-63,InviZible-master,tordnscrypt/src/fdroid/res/drawable,1,0
ultimate-63,InviZible-master,tordnscrypt/src/fdroid/res/mipmap-xhdpi,3,0
ultimate-63,InviZible-master,tordnscrypt/src/fdroid/res/mipmap-xxxhdpi,3,0
ultimate-63,InviZible-master,tordnscrypt/src/fdroid/res/mipmap-mdpi,3,0
ultimate-63,InviZible-master,tordnscrypt/src/fdroid/res/mipmap-hdpi,3,0
ultimate-63,InviZible-master,tordnscrypt/src/fdroid/res/values,2,0
ultimate-63,InviZible-master,tordnscrypt/src/fdroid/java,0,1
ultimate-63,InviZible-master,tordnscrypt/src/fdroid/java/pan,0,1
ultimate-63,InviZible-master,tordnscrypt/src/fdroid/java/pan/alexander,0,1
ultimate-63,InviZible-master,tordnscrypt/src/fdroid/java/pan/alexander/tordnscrypt,0,1
ultimate-63,InviZible-master,tordnscrypt/src/fdroid/java/pan/alexander/tordnscrypt/assistance,1,0
ultimate-63,InviZible-master,tordnscrypt/src/beta,1,2
ultimate-63,InviZible-master,tordnscrypt/src/beta/res,0,8
ultimate-63,InviZible-master,tordnscrypt/src/beta/res/mipmap-xxhdpi,3,0
ultimate-63,InviZible-master,tordnscrypt/src/beta/res/mipmap-anydpi-v26,2,0
ultimate-63,InviZible-master,tordnscrypt/src/beta/res/drawable,1,0
ultimate-63,InviZible-master,tordnscrypt/src/beta/res/mipmap-xhdpi,3,0
ultimate-63,InviZible-master,tordnscrypt/src/beta/res/mipmap-xxxhdpi,3,0
ultimate-63,InviZible-master,tordnscrypt/src/beta/res/mipmap-mdpi,3,0
ultimate-63,InviZible-master,tordnscrypt/src/beta/res/mipmap-hdpi,3,0
ultimate-63,InviZible-master,tordnscrypt/src/beta/res/values,2,0
ultimate-63,InviZible-master,tordnscrypt/src/beta/java,0,1
ultimate-63,InviZible-master,tordnscrypt/src/beta/java/pan,0,1
ultimate-63,InviZible-master,tordnscrypt/src/beta/java/pan/alexander,0,1
ultimate-63,InviZible-master,tordnscrypt/src/beta/java/pan/alexander/tordnscrypt,0,1
ultimate-63,InviZible-master,tordnscrypt/src/beta/java/pan/alexander/tordnscrypt/assistance,1,0
ultimate-63,InviZible-master,tordnscrypt/src/release,0,1
ultimate-63,InviZible-master,tordnscrypt/src/release/java,0,1
ultimate-63,InviZible-master,tordnscrypt/src/release/java/pan,0,1
ultimate-63,InviZible-master,tordnscrypt/src/release/java/pan/alexander,0,1
ultimate-63,InviZible-master,tordnscrypt/src/release/java/pan/alexander/tordnscrypt,0,1
ultimate-63,InviZible-master,tordnscrypt/src/release/java/pan/alexander/tordnscrypt/utils,0,1
ultimate-63,InviZible-master,tordnscrypt/src/release/java/pan/alexander/tordnscrypt/utils/multidex,1,0
ultimate-63,InviZible-master,tordnscrypt/libs,3,3
ultimate-63,InviZible-master,tordnscrypt/libs/x86_64,8,0
ultimate-63,InviZible-master,tordnscrypt/libs/armeabi-v7a,8,0
ultimate-63,InviZible-master,tordnscrypt/libs/arm64-v8a,8,0
ultimate-63,InviZible-master,gradle,0,1
ultimate-63,InviZible-master,gradle/wrapper,2,0
ultimate-63,InviZible-master,Wiki,0,1
ultimate-63,InviZible-master,Wiki/Screenshots,0,15
ultimate-63,InviZible-master,Wiki/Screenshots/Real time connections Log,1,0
ultimate-63,InviZible-master,Wiki/Screenshots/InviZible-Telegram,2,0
ultimate-63,InviZible-master,Wiki/Screenshots/Operation modes,2,0
ultimate-63,InviZible-master,Wiki/Screenshots/VPN over Tor,1,2
ultimate-63,InviZible-master,Wiki/Screenshots/VPN over Tor/Root mode,9,0
ultimate-63,InviZible-master,Wiki/Screenshots/VPN over Tor/Proxy mode,6,0
ultimate-63,InviZible-master,Wiki/Screenshots/Options,0,12
ultimate-63,InviZible-master,Wiki/Screenshots/Options/Tor circuits isolation,1,0
ultimate-63,InviZible-master,Wiki/Screenshots/Options/Fix TTL,5,0
ultimate-63,InviZible-master,Wiki/Screenshots/Options/Using I2P outproxy,4,0
ultimate-63,InviZible-master,Wiki/Screenshots/Options/Spoof SNI,2,0
ultimate-63,InviZible-master,Wiki/Screenshots/Options/Hotspot,7,0
ultimate-63,InviZible-master,Wiki/Screenshots/Options/Bootstrap resolvers,1,0
ultimate-63,InviZible-master,Wiki/Screenshots/Options/Ignore system DNS,1,0
ultimate-63,InviZible-master,Wiki/Screenshots/Options/Multi user,1,0
ultimate-63,InviZible-master,Wiki/Screenshots/Options/VPN Hotspot,4,0
ultimate-63,InviZible-master,Wiki/Screenshots/Options/Add DNSCrypt server,12,0
ultimate-63,InviZible-master,Wiki/Screenshots/Options/Run Modules With Root,2,0
ultimate-63,InviZible-master,Wiki/Screenshots/Options/Tor bridges,2,3
ultimate-63,InviZible-master,Wiki/Screenshots/Options/Tor bridges/Requesting new bridges,10,0
ultimate-63,InviZible-master,Wiki/Screenshots/Options/Tor bridges/Using default bridges,8,0
ultimate-63,InviZible-master,Wiki/Screenshots/Options/Tor bridges/Adding new bridges,6,0
ultimate-63,InviZible-master,Wiki/Screenshots/InviZible-NetGuard,14,0
ultimate-63,InviZible-master,Wiki/Screenshots/Tor over VPN,7,0
ultimate-63,InviZible-master,Wiki/Screenshots/InviZible-pDNSf,3,0
ultimate-63,InviZible-master,Wiki/Screenshots/InviZible with VPN,7,0
ultimate-63,InviZible-master,Wiki/Screenshots/Quick guide,13,0
ultimate-63,InviZible-master,Wiki/Screenshots/InviZible-Rethink,9,0
ultimate-63,InviZible-master,Wiki/Screenshots/How to check,9,0
ultimate-63,InviZible-master,Wiki/Screenshots/InviZible-Tor-Firefox,4,0
ultimate-63,InviZible-master,Wiki/Screenshots/Firewall,8,0
ultimate-63,InviZible-master,Wiki/Screenshots/InviZible-I2P-Firefox,3,0
ultimate-63,InviZible-master,TorBuildScript,0,0
ultimate-63,InviZible-master,.github,1,0
ultimate-63,InviZible-master,android-filepicker,0,0
ultimate-63,InviZible-master,Nflog-android,0,0
ultimate-63,InviZible-master,PurpleI2PBuildScript,0,0
ultimate-63,InviZible-master,included_licenses,7,0
ultimate-63,Marzban-master,.,20,4
ultimate-63,Marzban-master,app,2,11
ultimate-63,Marzban-master,app/xray,5,0
ultimate-63,Marzban-master,app/subscription,7,0
ultimate-63,Marzban-master,app/utils,9,0
ultimate-63,Marzban-master,app/templates,2,7
ultimate-63,Marzban-master,app/templates/subscription,1,0
ultimate-63,Marzban-master,app/templates/mux,1,0
ultimate-63,Marzban-master,app/templates/user_agent,2,0
ultimate-63,Marzban-master,app/templates/v2ray,3,0
ultimate-63,Marzban-master,app/templates/singbox,3,0
ultimate-63,Marzban-master,app/templates/home,1,0
ultimate-63,Marzban-master,app/templates/clash,3,0
ultimate-63,Marzban-master,app/discord,1,1
ultimate-63,Marzban-master,app/discord/handlers,1,0
ultimate-63,Marzban-master,app/models,7,0
ultimate-63,Marzban-master,app/dashboard,13,3
ultimate-63,Marzban-master,app/dashboard/src,4,10
ultimate-63,Marzban-master,app/dashboard/src/utils,8,0
ultimate-63,Marzban-master,app/dashboard/src/components,27,1
ultimate-63,Marzban-master,app/dashboard/src/components/JsonEditor,3,0
ultimate-63,Marzban-master,app/dashboard/src/assets,2,0
ultimate-63,Marzban-master,app/dashboard/src/locales,1,0
ultimate-63,Marzban-master,app/dashboard/src/pages,3,0
ultimate-63,Marzban-master,app/dashboard/src/service,1,0
ultimate-63,Marzban-master,app/dashboard/src/constants,4,0
ultimate-63,Marzban-master,app/dashboard/src/contexts,4,0
ultimate-63,Marzban-master,app/dashboard/src/types,2,0
ultimate-63,Marzban-master,app/dashboard/src/hooks,1,0
ultimate-63,Marzban-master,app/dashboard/public,0,1
ultimate-63,Marzban-master,app/dashboard/public/statics,0,2
ultimate-63,Marzban-master,app/dashboard/public/statics/locales,4,0
ultimate-63,Marzban-master,app/dashboard/public/statics/favicon,10,0
ultimate-63,Marzban-master,app/dashboard/build,2,1
ultimate-63,Marzban-master,app/dashboard/build/statics,9,2
ultimate-63,Marzban-master,app/dashboard/build/statics/locales,4,0
ultimate-63,Marzban-master,app/dashboard/build/statics/favicon,10,0
ultimate-63,Marzban-master,app/db,4,1
ultimate-63,Marzban-master,app/db/migrations,3,1
ultimate-63,Marzban-master,app/db/migrations/versions,62,0
ultimate-63,Marzban-master,app/jobs,7,0
ultimate-63,Marzban-master,app/routers,9,0
ultimate-63,Marzban-master,app/telegram,1,2
ultimate-63,Marzban-master,app/telegram/utils,4,0
ultimate-63,Marzban-master,app/telegram/handlers,3,0
ultimate-63,Marzban-master,xray_api,5,2
ultimate-63,Marzban-master,xray_api/proto,1,5
ultimate-63,Marzban-master,xray_api/proto/app,0,11
ultimate-63,Marzban-master,xray_api/proto/app/router,2,1
ultimate-63,Marzban-master,xray_api/proto/app/router/command,2,0
ultimate-63,Marzban-master,xray_api/proto/app/stats,2,1
ultimate-63,Marzban-master,xray_api/proto/app/stats/command,2,0
ultimate-63,Marzban-master,xray_api/proto/app/dns,2,1
ultimate-63,Marzban-master,xray_api/proto/app/dns/fakedns,2,0
ultimate-63,Marzban-master,xray_api/proto/app/proxyman,2,1
ultimate-63,Marzban-master,xray_api/proto/app/proxyman/command,2,0
ultimate-63,Marzban-master,xray_api/proto/app/observatory,2,2
ultimate-63,Marzban-master,xray_api/proto/app/observatory/burst,2,0
ultimate-63,Marzban-master,xray_api/proto/app/observatory/command,2,0
ultimate-63,Marzban-master,xray_api/proto/app/metrics,2,0
ultimate-63,Marzban-master,xray_api/proto/app/reverse,2,0
ultimate-63,Marzban-master,xray_api/proto/app/log,2,1
ultimate-63,Marzban-master,xray_api/proto/app/log/command,2,0
ultimate-63,Marzban-master,xray_api/proto/app/dispatcher,2,0
ultimate-63,Marzban-master,xray_api/proto/app/policy,2,0
ultimate-63,Marzban-master,xray_api/proto/app/commander,2,0
ultimate-63,Marzban-master,xray_api/proto/common,0,4
ultimate-63,Marzban-master,xray_api/proto/common/net,8,0
ultimate-63,Marzban-master,xray_api/proto/common/protocol,6,0
ultimate-63,Marzban-master,xray_api/proto/common/serial,2,0
ultimate-63,Marzban-master,xray_api/proto/common/log,2,0
ultimate-63,Marzban-master,xray_api/proto/proxy,0,14
ultimate-63,Marzban-master,xray_api/proto/proxy/mtproto,2,0
ultimate-63,Marzban-master,xray_api/proto/proxy/http,2,0
ultimate-63,Marzban-master,xray_api/proto/proxy/dokodemo,2,0
ultimate-63,Marzban-master,xray_api/proto/proxy/loopback,2,0
ultimate-63,Marzban-master,xray_api/proto/proxy/vless,2,3
ultimate-63,Marzban-master,xray_api/proto/proxy/vless/outbound,2,0
ultimate-63,Marzban-master,xray_api/proto/proxy/vless/encoding,2,0
ultimate-63,Marzban-master,xray_api/proto/proxy/vless/inbound,2,0
ultimate-63,Marzban-master,xray_api/proto/proxy/dns,2,0
ultimate-63,Marzban-master,xray_api/proto/proxy/socks,2,0
ultimate-63,Marzban-master,xray_api/proto/proxy/shadowsocks,2,0
ultimate-63,Marzban-master,xray_api/proto/proxy/trojan,2,0
ultimate-63,Marzban-master,xray_api/proto/proxy/shadowsocks_2022,2,0
ultimate-63,Marzban-master,xray_api/proto/proxy/wireguard,2,0
ultimate-63,Marzban-master,xray_api/proto/proxy/blackhole,2,0
ultimate-63,Marzban-master,xray_api/proto/proxy/freedom,2,0
ultimate-63,Marzban-master,xray_api/proto/proxy/vmess,2,2
ultimate-63,Marzban-master,xray_api/proto/proxy/vmess/outbound,2,0
ultimate-63,Marzban-master,xray_api/proto/proxy/vmess/inbound,2,0
ultimate-63,Marzban-master,xray_api/proto/core,2,0
ultimate-63,Marzban-master,xray_api/proto/transport,0,2
ultimate-63,Marzban-master,xray_api/proto/transport/internet,2,14
ultimate-63,Marzban-master,xray_api/proto/transport/internet/http,2,0
ultimate-63,Marzban-master,xray_api/proto/transport/internet/domainsocket,2,0
ultimate-63,Marzban-master,xray_api/proto/transport/internet/httpupgrade,2,0
ultimate-63,Marzban-master,xray_api/proto/transport/internet/xtls,2,0
ultimate-63,Marzban-master,xray_api/proto/transport/internet/websocket,2,0
ultimate-63,Marzban-master,xray_api/proto/transport/internet/tcp,2,0
ultimate-63,Marzban-master,xray_api/proto/transport/internet/kcp,2,0
ultimate-63,Marzban-master,xray_api/proto/transport/internet/quic,2,0
ultimate-63,Marzban-master,xray_api/proto/transport/internet/udp,2,0
ultimate-63,Marzban-master,xray_api/proto/transport/internet/reality,2,0
ultimate-63,Marzban-master,xray_api/proto/transport/internet/grpc,2,1
ultimate-63,Marzban-master,xray_api/proto/transport/internet/grpc/encoding,2,0
ultimate-63,Marzban-master,xray_api/proto/transport/internet/splithttp,2,0
ultimate-63,Marzban-master,xray_api/proto/transport/internet/headers,0,8
ultimate-63,Marzban-master,xray_api/proto/transport/internet/headers/srtp,2,0
ultimate-63,Marzban-master,xray_api/proto/transport/internet/headers/http,2,0
ultimate-63,Marzban-master,xray_api/proto/transport/internet/headers/noop,2,0
ultimate-63,Marzban-master,xray_api/proto/transport/internet/headers/dns,2,0
ultimate-63,Marzban-master,xray_api/proto/transport/internet/headers/wechat,2,0
ultimate-63,Marzban-master,xray_api/proto/transport/internet/headers/utp,2,0
ultimate-63,Marzban-master,xray_api/proto/transport/internet/headers/wireguard,2,0
ultimate-63,Marzban-master,xray_api/proto/transport/internet/headers/tls,2,0
ultimate-63,Marzban-master,xray_api/proto/transport/internet/tls,2,0
ultimate-63,Marzban-master,xray_api/proto/transport/global,2,0
ultimate-63,Marzban-master,xray_api/types,3,0
ultimate-63,Marzban-master,.github,0,2
ultimate-63,Marzban-master,.github/workflows,2,0
ultimate-63,Marzban-master,.github/ISSUE_TEMPLATE,2,0
ultimate-63,Marzban-master,cli,6,0
ultimate-63,Proxy-client-collection-main,.,2,0
ultimate-63,Se7en-Pro-1.0.0,.,5,2
ultimate-63,Se7en-Pro-1.0.0,PsiphonUI,5,9
ultimate-63,Se7en-Pro-1.0.0,PsiphonUI/Views,14,0
ultimate-63,Se7en-Pro-1.0.0,PsiphonUI/Themes,2,0
ultimate-63,Se7en-Pro-1.0.0,PsiphonUI/Assets,5,0
ultimate-63,Se7en-Pro-1.0.0,PsiphonUI/Services,30,0
ultimate-63,Se7en-Pro-1.0.0,PsiphonUI/Resources,5,2
ultimate-63,Se7en-Pro-1.0.0,PsiphonUI/Resources/Flags,60,0
ultimate-63,Se7en-Pro-1.0.0,PsiphonUI/Resources/sing-box,2,0
ultimate-63,Se7en-Pro-1.0.0,PsiphonUI/tools,2,0
ultimate-63,Se7en-Pro-1.0.0,PsiphonUI/ViewModels,8,0
ultimate-63,Se7en-Pro-1.0.0,PsiphonUI/Converters,3,0
ultimate-63,Se7en-Pro-1.0.0,PsiphonUI/Models,2,0
ultimate-63,Se7en-Pro-1.0.0,.git,6,5
ultimate-63,Se7en-Pro-1.0.0,.git/refs,0,2
ultimate-63,Se7en-Pro-1.0.0,.git/refs/remotes,0,1
ultimate-63,Se7en-Pro-1.0.0,.git/refs/remotes/origin,1,0
ultimate-63,Se7en-Pro-1.0.0,.git/refs/heads,1,0
ultimate-63,Se7en-Pro-1.0.0,.git/objects,0,1
ultimate-63,Se7en-Pro-1.0.0,.git/objects/pack,3,0
ultimate-63,Se7en-Pro-1.0.0,.git/info,1,0
ultimate-63,Se7en-Pro-1.0.0,.git/logs,1,1
ultimate-63,Se7en-Pro-1.0.0,.git/logs/refs,0,2
ultimate-63,Se7en-Pro-1.0.0,.git/logs/refs/remotes,0,1
ultimate-63,Se7en-Pro-1.0.0,.git/logs/refs/remotes/origin,1,0
ultimate-63,Se7en-Pro-1.0.0,.git/logs/refs/heads,1,0
ultimate-63,Se7en-Pro-1.0.0,.git/hooks,14,0
ultimate-63,Serverless-for-Iran-main,.,6,1
ultimate-63,Serverless-for-Iran-main,Subscription,1,0
ultimate-63,Subnet-Divider-main,.,2,0
ultimate-63,V2RayN-PRO-main(1),.,12,3
ultimate-63,V2RayN-PRO-main(1),images,1,0
ultimate-63,V2RayN-PRO-main(1),guiConfigs,6,0
ultimate-63,V2RayN-PRO-main(1),example,0,1
ultimate-63,V2RayN-PRO-main(1),example/v2rayN-Pro,8,2
ultimate-63,V2RayN-PRO-main(1),example/v2rayN-Pro/bin,5,4
ultimate-63,V2RayN-PRO-main(1),example/v2rayN-Pro/bin/Xray,4,0
ultimate-63,V2RayN-PRO-main(1),example/v2rayN-Pro/bin/srss,17,0
ultimate-63,V2RayN-PRO-main(1),example/v2rayN-Pro/bin/mihomo,1,0
ultimate-63,V2RayN-PRO-main(1),example/v2rayN-Pro/bin/sing_box,1,0
ultimate-63,V2RayN-PRO-main(1),example/v2rayN-Pro/guiConfigs,6,0
ultimate-63,V2ray-for-Doprax-main(1),.,8,1
ultimate-63,V2ray-for-Doprax-main(1),.github,1,0
ultimate-63,bia-pain-bache-main,.,5,2
ultimate-63,bia-pain-bache-main,src,1,0
ultimate-63,bia-pain-bache-main,docs,5,1
ultimate-63,bia-pain-bache-main,docs/assets,0,1
ultimate-63,bia-pain-bache-main,docs/assets/images,39,0
ultimate-63,caddy-master,.,45,7
ultimate-63,caddy-master,modules,0,10
ultimate-63,caddy-master,modules/caddypki,9,1
ultimate-63,caddy-master,modules/caddypki/acmeserver,6,0
ultimate-63,caddy-master,modules/caddyfs,1,0
ultimate-63,caddy-master,modules/logging,13,0
ultimate-63,caddy-master,modules/caddytls,34,2
ultimate-63,caddy-master,modules/caddytls/distributedstek,1,0
ultimate-63,caddy-master,modules/caddytls/standardstek,1,0
ultimate-63,caddy-master,modules/caddyhttp,34,15
ultimate-63,caddy-master,modules/caddyhttp/fileserver,10,1
ultimate-63,caddy-master,modules/caddyhttp/fileserver/testdata,8,2
ultimate-63,caddy-master,modules/caddyhttp/fileserver/testdata/foo.php.php,1,0
ultimate-63,caddy-master,modules/caddyhttp/fileserver/testdata/foodir,2,0
ultimate-63,caddy-master,modules/caddyhttp/reverseproxy,27,2
ultimate-63,caddy-master,modules/caddyhttp/reverseproxy/fastcgi,10,0
ultimate-63,caddy-master,modules/caddyhttp/reverseproxy/forwardauth,1,0
ultimate-63,caddy-master,modules/caddyhttp/proxyprotocol,3,0
ultimate-63,caddy-master,modules/caddyhttp/encode,7,4
ultimate-63,caddy-master,modules/caddyhttp/encode/brotli,1,0
ultimate-63,caddy-master,modules/caddyhttp/encode/gzip,2,0
ultimate-63,caddy-master,modules/caddyhttp/encode/testdata,5,0
ultimate-63,caddy-master,modules/caddyhttp/encode/zstd,2,0
ultimate-63,caddy-master,modules/caddyhttp/push,4,0
ultimate-63,caddy-master,modules/caddyhttp/templates,6,0
ultimate-63,caddy-master,modules/caddyhttp/logging,2,0
ultimate-63,caddy-master,modules/caddyhttp/tracing,6,0
ultimate-63,caddy-master,modules/caddyhttp/requestbody,2,0
ultimate-63,caddy-master,modules/caddyhttp/caddyauth,7,0
ultimate-63,caddy-master,modules/caddyhttp/rewrite,3,0
ultimate-63,caddy-master,modules/caddyhttp/map,3,0
ultimate-63,caddy-master,modules/caddyhttp/intercept,1,0
ultimate-63,caddy-master,modules/caddyhttp/headers,3,0
ultimate-63,caddy-master,modules/caddyhttp/standard,1,0
ultimate-63,caddy-master,modules/filestorage,1,0
ultimate-63,caddy-master,modules/metrics,3,0
ultimate-63,caddy-master,modules/caddyevents,1,1
ultimate-63,caddy-master,modules/caddyevents/eventsconfig,1,0
ultimate-63,caddy-master,modules/internal,0,1
ultimate-63,caddy-master,modules/internal/network,1,0
ultimate-63,caddy-master,modules/standard,1,0
ultimate-63,caddy-master,caddytest,8,1
ultimate-63,caddy-master,caddytest/integration,18,2
ultimate-63,caddy-master,caddytest/integration/caddyfile_adapt,230,0
ultimate-63,caddy-master,caddytest/integration/testdata,8,0
ultimate-63,caddy-master,caddyconfig,3,2
ultimate-63,caddy-master,caddyconfig/caddyfile,13,1
ultimate-63,caddy-master,caddyconfig/caddyfile/testdata,13,1
ultimate-63,caddy-master,caddyconfig/caddyfile/testdata/glob,2,0
ultimate-63,caddy-master,caddyconfig/httpcaddyfile,17,1
ultimate-63,caddy-master,caddyconfig/httpcaddyfile/testdata,3,0
ultimate-63,caddy-master,notify,3,0
ultimate-63,caddy-master,.github,5,2
ultimate-63,caddy-master,.github/workflows,9,0
ultimate-63,caddy-master,.github/ISSUE_TEMPLATE,2,0
ultimate-63,caddy-master,cmd,12,1
ultimate-63,caddy-master,cmd/caddy,2,0
ultimate-63,caddy-master,internal,5,3
ultimate-63,caddy-master,internal/filesystems,2,0
ultimate-63,caddy-master,internal/testmocks,1,0
ultimate-63,caddy-master,internal/metrics,2,0
ultimate-63,coredns-master,.,30,10
ultimate-63,coredns-master,coremain,5,0
ultimate-63,coredns-master,test,56,0
ultimate-63,coredns-master,plugin,10,63
ultimate-63,coredns-master,plugin/autopath,7,0
ultimate-63,coredns-master,plugin/bind,5,0
ultimate-63,coredns-master,plugin/cache,18,1
ultimate-63,coredns-master,plugin/cache/freq,2,0
ultimate-63,coredns-master,plugin/etcd,13,1
ultimate-63,coredns-master,plugin/etcd/msg,6,0
ultimate-63,coredns-master,plugin/dnstap,12,1
ultimate-63,coredns-master,plugin/dnstap/msg,2,0
ultimate-63,coredns-master,plugin/k8s_external,10,0
ultimate-63,coredns-master,plugin/https3,3,0
ultimate-63,coredns-master,plugin/ready,7,0
ultimate-63,coredns-master,plugin/root,4,0
ultimate-63,coredns-master,plugin/test,6,1
ultimate-63,coredns-master,plugin/test/testdata,1,0
ultimate-63,coredns-master,plugin/template,8,0
ultimate-63,coredns-master,plugin/shed,9,0
ultimate-63,coredns-master,plugin/import,1,0
ultimate-63,coredns-master,plugin/local,6,0
ultimate-63,coredns-master,plugin/header,6,0
ultimate-63,coredns-master,plugin/nomad,8,0
ultimate-63,coredns-master,plugin/secondary,8,0
ultimate-63,coredns-master,plugin/reload,7,0
ultimate-63,coredns-master,plugin/metadata,7,0
ultimate-63,coredns-master,plugin/loop,6,0
ultimate-63,coredns-master,plugin/bufsize,5,0
ultimate-63,coredns-master,plugin/route53,6,0
ultimate-63,coredns-master,plugin/geoip,7,1
ultimate-63,coredns-master,plugin/geoip/testdata,4,0
ultimate-63,coredns-master,plugin/nsid,6,0
ultimate-63,coredns-master,plugin/view,7,0
ultimate-63,coredns-master,plugin/cancel,4,0
ultimate-63,coredns-master,plugin/kubernetes,42,1
ultimate-63,coredns-master,plugin/kubernetes/object,10,0
ultimate-63,coredns-master,plugin/health,8,0
ultimate-63,coredns-master,plugin/chaos,8,0
ultimate-63,coredns-master,plugin/deprecated,1,0
ultimate-63,coredns-master,plugin/timeouts,3,0
ultimate-63,coredns-master,plugin/dns64,6,0
ultimate-63,coredns-master,plugin/clouddns,7,0
ultimate-63,coredns-master,plugin/hosts,11,0
ultimate-63,coredns-master,plugin/forward,15,0
ultimate-63,coredns-master,plugin/pkg,0,28
ultimate-63,coredns-master,plugin/pkg/cache,3,0
ultimate-63,coredns-master,plugin/pkg/expression,2,0
ultimate-63,coredns-master,plugin/pkg/durations,2,0
ultimate-63,coredns-master,plugin/pkg/parse,6,0
ultimate-63,coredns-master,plugin/pkg/edns,2,0
ultimate-63,coredns-master,plugin/pkg/rand,2,0
ultimate-63,coredns-master,plugin/pkg/proxy,11,0
ultimate-63,coredns-master,plugin/pkg/fuzz,1,0
ultimate-63,coredns-master,plugin/pkg/rcode,2,0
ultimate-63,coredns-master,plugin/pkg/uniq,2,0
ultimate-63,coredns-master,plugin/pkg/nonwriter,2,0
ultimate-63,coredns-master,plugin/pkg/dnstest,6,0
ultimate-63,coredns-master,plugin/pkg/proxyproto,3,0
ultimate-63,coredns-master,plugin/pkg/upstream,1,0
ultimate-63,coredns-master,plugin/pkg/catalog,2,0
ultimate-63,coredns-master,plugin/pkg/doh,2,0
ultimate-63,coredns-master,plugin/pkg/cidr,2,0
ultimate-63,coredns-master,plugin/pkg/trace,1,0
ultimate-63,coredns-master,plugin/pkg/transport,1,0
ultimate-63,coredns-master,plugin/pkg/replacer,2,0
ultimate-63,coredns-master,plugin/pkg/log,6,0
ultimate-63,coredns-master,plugin/pkg/up,2,0
ultimate-63,coredns-master,plugin/pkg/dnsutil,13,0
ultimate-63,coredns-master,plugin/pkg/response,3,0
ultimate-63,coredns-master,plugin/pkg/fall,2,0
ultimate-63,coredns-master,plugin/pkg/tls,2,0
ultimate-63,coredns-master,plugin/pkg/reuseport,2,0
ultimate-63,coredns-master,plugin/pkg/singleflight,2,0
ultimate-63,coredns-master,plugin/whoami,7,0
ultimate-63,coredns-master,plugin/multisocket,3,0
ultimate-63,coredns-master,plugin/proxyproto,3,0
ultimate-63,coredns-master,plugin/quic,3,0
ultimate-63,coredns-master,plugin/auto,15,0
ultimate-63,coredns-master,plugin/loadbalance,11,0
ultimate-63,coredns-master,plugin/pprof,6,0
ultimate-63,coredns-master,plugin/debug,6,0
ultimate-63,coredns-master,plugin/rewrite,22,0
ultimate-63,coredns-master,plugin/errors,7,0
ultimate-63,coredns-master,plugin/tsig,5,0
ultimate-63,coredns-master,plugin/trace,7,0
ultimate-63,coredns-master,plugin/minimal,5,0
ultimate-63,coredns-master,plugin/sign,14,1
ultimate-63,coredns-master,plugin/sign/testdata,4,0
ultimate-63,coredns-master,plugin/metrics,11,2
ultimate-63,coredns-master,plugin/metrics/test_data,0,1
ultimate-63,coredns-master,plugin/metrics/test_data/configs,8,0
ultimate-63,coredns-master,plugin/metrics/vars,4,0
ultimate-63,coredns-master,plugin/acl,6,0
ultimate-63,coredns-master,plugin/azure,5,0
ultimate-63,coredns-master,plugin/file,39,2
ultimate-63,coredns-master,plugin/file/tree,11,0
ultimate-63,coredns-master,plugin/file/rrutil,1,0
ultimate-63,coredns-master,plugin/https,3,0
ultimate-63,coredns-master,plugin/grpc,12,0
ultimate-63,coredns-master,plugin/log,5,0
ultimate-63,coredns-master,plugin/any,5,0
ultimate-63,coredns-master,plugin/erratic,9,0
ultimate-63,coredns-master,plugin/dnssec,18,0
ultimate-63,coredns-master,plugin/transfer,9,0
ultimate-63,coredns-master,plugin/tls,9,0
ultimate-63,coredns-master,plugin/grpc_server,3,0
ultimate-63,coredns-master,core,1,2
ultimate-63,coredns-master,core/plugin,1,0
ultimate-63,coredns-master,core/dnsserver,28,0
ultimate-63,coredns-master,pb,4,0
ultimate-63,coredns-master,.github,6,2
ultimate-63,coredns-master,.github/workflows,12,0
ultimate-63,coredns-master,.github/ISSUE_TEMPLATE,3,0
ultimate-63,coredns-master,.circleci,1,0
ultimate-63,coredns-master,man,62,0
ultimate-63,coredns-master,request,6,0
ultimate-63,coredns-master,notes,85,0
ultimate-63,defyxVPN-main(1),.,12,13
ultimate-63,defyxVPN-main(1),test,1,0
ultimate-63,defyxVPN-main(1),docs,1,0
ultimate-63,defyxVPN-main(1),android,4,2
ultimate-63,defyxVPN-main(1),android/app,2,2
ultimate-63,defyxVPN-main(1),android/app/src,0,3
ultimate-63,defyxVPN-main(1),android/app/src/profile,1,0
ultimate-63,defyxVPN-main(1),android/app/src/main,1,2
ultimate-63,defyxVPN-main(1),android/app/src/main/kotlin,0,1
ultimate-63,defyxVPN-main(1),android/app/src/main/kotlin/com,0,1
ultimate-63,defyxVPN-main(1),android/app/src/main/kotlin/com/defyx,0,1
ultimate-63,defyxVPN-main(1),android/app/src/main/kotlin/com/defyx/defyx,2,0
ultimate-63,defyxVPN-main(1),android/app/src/main/res,0,24
ultimate-63,defyxVPN-main(1),android/app/src/main/res/drawable-hdpi,1,0
ultimate-63,defyxVPN-main(1),android/app/src/main/res/drawable-night-xxhdpi,1,0
ultimate-63,defyxVPN-main(1),android/app/src/main/res/values-night,1,0
ultimate-63,defyxVPN-main(1),android/app/src/main/res/drawable-night-mdpi,1,0
ultimate-63,defyxVPN-main(1),android/app/src/main/res/mipmap-xxhdpi,4,0
ultimate-63,defyxVPN-main(1),android/app/src/main/res/drawable-night-xxxhdpi,1,0
ultimate-63,defyxVPN-main(1),android/app/src/main/res/values-v31,1,0
ultimate-63,defyxVPN-main(1),android/app/src/main/res/drawable-night-hdpi,1,0
ultimate-63,defyxVPN-main(1),android/app/src/main/res/mipmap-anydpi-v26,1,0
ultimate-63,defyxVPN-main(1),android/app/src/main/res/drawable,4,0
ultimate-63,defyxVPN-main(1),android/app/src/main/res/mipmap-xhdpi,4,0
ultimate-63,defyxVPN-main(1),android/app/src/main/res/mipmap-xxxhdpi,4,0
ultimate-63,defyxVPN-main(1),android/app/src/main/res/drawable-xhdpi,1,0
ultimate-63,defyxVPN-main(1),android/app/src/main/res/values-night-v31,1,0
ultimate-63,defyxVPN-main(1),android/app/src/main/res/drawable-xxhdpi,1,0
ultimate-63,defyxVPN-main(1),android/app/src/main/res/drawable-v21,2,0
ultimate-63,defyxVPN-main(1),android/app/src/main/res/drawable-night,2,0
ultimate-63,defyxVPN-main(1),android/app/src/main/res/mipmap-mdpi,4,0
ultimate-63,defyxVPN-main(1),android/app/src/main/res/mipmap-hdpi,4,0
ultimate-63,defyxVPN-main(1),android/app/src/main/res/drawable-night-xhdpi,1,0
ultimate-63,defyxVPN-main(1),android/app/src/main/res/values,2,0
ultimate-63,defyxVPN-main(1),android/app/src/main/res/drawable-night-v21,2,0
ultimate-63,defyxVPN-main(1),android/app/src/main/res/drawable-xxxhdpi,1,0
ultimate-63,defyxVPN-main(1),android/app/src/main/res/drawable-mdpi,1,0
ultimate-63,defyxVPN-main(1),android/app/src/debug,1,0
ultimate-63,defyxVPN-main(1),android/app/libs,1,0
ultimate-63,defyxVPN-main(1),android/gradle,0,1
ultimate-63,defyxVPN-main(1),android/gradle/wrapper,1,0
ultimate-63,defyxVPN-main(1),linux,3,2
ultimate-63,defyxVPN-main(1),linux/runner,15,0
ultimate-63,defyxVPN-main(1),linux/flutter,4,0
ultimate-63,defyxVPN-main(1),windows,2,2
ultimate-63,defyxVPN-main(1),windows/runner,19,1
ultimate-63,defyxVPN-main(1),windows/runner/resources,1,0
ultimate-63,defyxVPN-main(1),windows/flutter,4,0
ultimate-63,defyxVPN-main(1),.vscode,1,0
ultimate-63,defyxVPN-main(1),.github,5,4
ultimate-63,defyxVPN-main(1),.github/images,1,1
ultimate-63,defyxVPN-main(1),.github/images/download,4,0
ultimate-63,defyxVPN-main(1),.github/workflows,7,0
ultimate-63,defyxVPN-main(1),.github/actions,0,2
ultimate-63,defyxVPN-main(1),.github/actions/get-version,2,0
ultimate-63,defyxVPN-main(1),.github/actions/create-env,2,0
ultimate-63,defyxVPN-main(1),.github/ISSUE_TEMPLATE,3,0
ultimate-63,defyxVPN-main(1),assets,0,6
ultimate-63,defyxVPN-main(1),assets/fonts,5,0
ultimate-63,defyxVPN-main(1),assets/lottie,1,0
ultimate-63,defyxVPN-main(1),assets/images,4,0
ultimate-63,defyxVPN-main(1),assets/icons,34,0
ultimate-63,defyxVPN-main(1),assets/flags,33,0
ultimate-63,defyxVPN-main(1),assets/sounds,1,0
ultimate-63,defyxVPN-main(1),web,3,1
ultimate-63,defyxVPN-main(1),web/icons,4,0
ultimate-63,defyxVPN-main(1),scripts,4,2
ultimate-63,defyxVPN-main(1),scripts/platform,3,1
ultimate-63,defyxVPN-main(1),scripts/platform/firebase,2,0
ultimate-63,defyxVPN-main(1),scripts/setup,6,0
ultimate-63,defyxVPN-main(1),ios,3,7
ultimate-63,defyxVPN-main(1),ios/Flutter,3,0
ultimate-63,defyxVPN-main(1),ios/RunnerTests,1,0
ultimate-63,defyxVPN-main(1),ios/Runner.xcworkspace,1,1
ultimate-63,defyxVPN-main(1),ios/Runner.xcworkspace/xcshareddata,2,1
ultimate-63,defyxVPN-main(1),ios/Runner.xcworkspace/xcshareddata/swiftpm,1,0
ultimate-63,defyxVPN-main(1),ios/Runner.xcodeproj,1,2
ultimate-63,defyxVPN-main(1),ios/Runner.xcodeproj/project.xcworkspace,1,1
ultimate-63,defyxVPN-main(1),ios/Runner.xcodeproj/project.xcworkspace/xcshareddata,2,1
ultimate-63,defyxVPN-main(1),ios/Runner.xcodeproj/project.xcworkspace/xcshareddata/swiftpm,1,0
ultimate-63,defyxVPN-main(1),ios/Runner.xcodeproj/xcshareddata,0,1
ultimate-63,defyxVPN-main(1),ios/Runner.xcodeproj/xcshareddata/xcschemes,1,0
ultimate-63,defyxVPN-main(1),ios/Runner,7,2
ultimate-63,defyxVPN-main(1),ios/Runner/Base.lproj,2,0
ultimate-63,defyxVPN-main(1),ios/Runner/Assets.xcassets,0,3
ultimate-63,defyxVPN-main(1),ios/Runner/Assets.xcassets/LaunchBackground.imageset,3,0
ultimate-63,defyxVPN-main(1),ios/Runner/Assets.xcassets/AppIcon.appiconset,37,0
ultimate-63,defyxVPN-main(1),ios/Runner/Assets.xcassets/LaunchImage.imageset,8,0
ultimate-63,defyxVPN-main(1),ios/build,0,1
ultimate-63,defyxVPN-main(1),ios/build/XCBuildData,0,1
ultimate-63,defyxVPN-main(1),ios/build/XCBuildData/b422a1299732bb95a65b8b1eac6e7e86.xcbuilddata,5,0
ultimate-63,defyxVPN-main(1),ios/PacketTunnel,3,0
ultimate-63,defyxVPN-main(1),macos,3,6
ultimate-63,defyxVPN-main(1),macos/Flutter,3,0
ultimate-63,defyxVPN-main(1),macos/RunnerTests,1,0
ultimate-63,defyxVPN-main(1),macos/Runner.xcworkspace,1,1
ultimate-63,defyxVPN-main(1),macos/Runner.xcworkspace/xcshareddata,1,1
ultimate-63,defyxVPN-main(1),macos/Runner.xcworkspace/xcshareddata/swiftpm,1,0
ultimate-63,defyxVPN-main(1),macos/Runner.xcodeproj,1,2
ultimate-63,defyxVPN-main(1),macos/Runner.xcodeproj/project.xcworkspace,0,1
ultimate-63,defyxVPN-main(1),macos/Runner.xcodeproj/project.xcworkspace/xcshareddata,1,1
ultimate-63,defyxVPN-main(1),macos/Runner.xcodeproj/project.xcworkspace/xcshareddata/swiftpm,1,0
ultimate-63,defyxVPN-main(1),macos/Runner.xcodeproj/xcshareddata,0,1
ultimate-63,defyxVPN-main(1),macos/Runner.xcodeproj/xcshareddata/xcschemes,1,0
ultimate-63,defyxVPN-main(1),macos/Runner,8,3
ultimate-63,defyxVPN-main(1),macos/Runner/Base.lproj,1,0
ultimate-63,defyxVPN-main(1),macos/Runner/Assets.xcassets,0,1
ultimate-63,defyxVPN-main(1),macos/Runner/Assets.xcassets/AppIcon.appiconset,8,0
ultimate-63,defyxVPN-main(1),macos/Runner/Configs,4,0
ultimate-63,defyxVPN-main(1),macos/PacketTunnel,4,0
ultimate-63,defyxVPN-main(1),lib,2,6
ultimate-63,defyxVPN-main(1),lib/app,3,1
ultimate-63,defyxVPN-main(1),lib/app/router,1,0
ultimate-63,defyxVPN-main(1),lib/modules,0,5
ultimate-63,defyxVPN-main(1),lib/modules/settings,0,5
ultimate-63,defyxVPN-main(1),lib/modules/settings/providers,1,0
ultimate-63,defyxVPN-main(1),lib/modules/settings/presentation,0,2
ultimate-63,defyxVPN-main(1),lib/modules/settings/presentation/widgets,3,0
ultimate-63,defyxVPN-main(1),lib/modules/settings/presentation/screens,1,0
ultimate-63,defyxVPN-main(1),lib/modules/settings/factories,1,0
ultimate-63,defyxVPN-main(1),lib/modules/settings/models,2,0
ultimate-63,defyxVPN-main(1),lib/modules/settings/constants,1,0
ultimate-63,defyxVPN-main(1),lib/modules/speed_test,0,4
ultimate-63,defyxVPN-main(1),lib/modules/speed_test/presentation,0,2
ultimate-63,defyxVPN-main(1),lib/modules/speed_test/presentation/widgets,4,3
ultimate-63,defyxVPN-main(1),lib/modules/speed_test/presentation/widgets/speed_test_progress,2,2
ultimate-63,defyxVPN-main(1),lib/modules/speed_test/presentation/widgets/speed_test_progress/painters,3,0
ultimate-63,defyxVPN-main(1),lib/modules/speed_test/presentation/widgets/speed_test_progress/components,2,0
ultimate-63,defyxVPN-main(1),lib/modules/speed_test/presentation/widgets/speed_test_state,0,4
ultimate-63,defyxVPN-main(1),lib/modules/speed_test/presentation/widgets/speed_test_state/speed_test_download,1,0
ultimate-63,defyxVPN-main(1),lib/modules/speed_test/presentation/widgets/speed_test_state/speed_test_upload,1,0
ultimate-63,defyxVPN-main(1),lib/modules/speed_test/presentation/widgets/speed_test_state/speed_test_ready,1,0
ultimate-63,defyxVPN-main(1),lib/modules/speed_test/presentation/widgets/speed_test_state/speed_test_loading,1,0
ultimate-63,defyxVPN-main(1),lib/modules/speed_test/presentation/widgets/speed_test_metrics,2,0
ultimate-63,defyxVPN-main(1),lib/modules/speed_test/presentation/screens,1,0
ultimate-63,defyxVPN-main(1),lib/modules/speed_test/application,1,1
ultimate-63,defyxVPN-main(1),lib/modules/speed_test/application/services,6,0
ultimate-63,defyxVPN-main(1),lib/modules/speed_test/models,1,0
ultimate-63,defyxVPN-main(1),lib/modules/speed_test/data,0,1
ultimate-63,defyxVPN-main(1),lib/modules/speed_test/data/api,2,0
ultimate-63,defyxVPN-main(1),lib/modules/splash,0,1
ultimate-63,defyxVPN-main(1),lib/modules/splash/presentation,1,0
ultimate-63,defyxVPN-main(1),lib/modules/core,5,0
ultimate-63,defyxVPN-main(1),lib/modules/main,0,2
ultimate-63,defyxVPN-main(1),lib/modules/main/presentation,0,2
ultimate-63,defyxVPN-main(1),lib/modules/main/presentation/widgets,16,1
ultimate-63,defyxVPN-main(1),lib/modules/main/presentation/widgets/ads,1,2
ultimate-63,defyxVPN-main(1),lib/modules/main/presentation/widgets/ads/strategy,3,0
ultimate-63,defyxVPN-main(1),lib/modules/main/presentation/widgets/ads/models,1,0
ultimate-63,defyxVPN-main(1),lib/modules/main/presentation/screens,1,0
ultimate-63,defyxVPN-main(1),lib/modules/main/application,1,0
ultimate-63,defyxVPN-main(1),lib/shared,1,6
ultimate-63,defyxVPN-main(1),lib/shared/widgets,3,0
ultimate-63,defyxVPN-main(1),lib/shared/utils,1,0
ultimate-63,defyxVPN-main(1),lib/shared/providers,9,0
ultimate-63,defyxVPN-main(1),lib/shared/services,5,0
ultimate-63,defyxVPN-main(1),lib/shared/models,1,0
ultimate-63,defyxVPN-main(1),lib/shared/layout,1,1
ultimate-63,defyxVPN-main(1),lib/shared/layout/navbar,1,1
ultimate-63,defyxVPN-main(1),lib/shared/layout/navbar/widgets,10,0
ultimate-63,defyxVPN-main(1),lib/common,0,1
ultimate-63,defyxVPN-main(1),lib/common/dtos,6,0
ultimate-63,defyxVPN-main(1),lib/core,0,4
ultimate-63,defyxVPN-main(1),lib/core/theme,4,0
ultimate-63,defyxVPN-main(1),lib/core/utils,3,0
ultimate-63,defyxVPN-main(1),lib/core/data,0,1
ultimate-63,defyxVPN-main(1),lib/core/data/local,0,3
ultimate-63,defyxVPN-main(1),lib/core/data/local/secure_storage,4,0
ultimate-63,defyxVPN-main(1),lib/core/data/local/remote,0,1
ultimate-63,defyxVPN-main(1),lib/core/data/local/remote/api,2,0
ultimate-63,defyxVPN-main(1),lib/core/data/local/vpn_data,2,0
ultimate-63,defyxVPN-main(1),lib/core/network,2,0
ultimate-63,defyxVPN-main(1),lib/l10n,9,0
ultimate-63,dns-over-https-proxy-master,.,5,3
ultimate-63,dns-over-https-proxy-master,tools,4,2
ultimate-63,dns-over-https-proxy-master,tools/vendor,1,5
ultimate-63,dns-over-https-proxy-master,tools/vendor/mvdan.cc,0,3
ultimate-63,dns-over-https-proxy-master,tools/vendor/mvdan.cc/interfacer,3,1
ultimate-63,dns-over-https-proxy-master,tools/vendor/mvdan.cc/interfacer/check,3,0
ultimate-63,dns-over-https-proxy-master,tools/vendor/mvdan.cc/lint,3,0
ultimate-63,dns-over-https-proxy-master,tools/vendor/mvdan.cc/unparam,3,1
ultimate-63,dns-over-https-proxy-master,tools/vendor/mvdan.cc/unparam/check,1,0
ultimate-63,dns-over-https-proxy-master,tools/vendor/gopkg.in,0,2
ultimate-63,dns-over-https-proxy-master,tools/vendor/gopkg.in/alecthomas,0,1
ultimate-63,dns-over-https-proxy-master,tools/vendor/gopkg.in/alecthomas/kingpin.v3-unstable,25,0
ultimate-63,dns-over-https-proxy-master,tools/vendor/gopkg.in/yaml.v2,16,0
ultimate-63,dns-over-https-proxy-master,tools/vendor/honnef.co,0,1
ultimate-63,dns-over-https-proxy-master,tools/vendor/honnef.co/go,0,1
ultimate-63,dns-over-https-proxy-master,tools/vendor/honnef.co/go/tools,1,11
ultimate-63,dns-over-https-proxy-master,tools/vendor/honnef.co/go/tools/staticcheck,4,1
ultimate-63,dns-over-https-proxy-master,tools/vendor/honnef.co/go/tools/staticcheck/vrp,5,0
ultimate-63,dns-over-https-proxy-master,tools/vendor/honnef.co/go/tools/simple,4,0
ultimate-63,dns-over-https-proxy-master,tools/vendor/honnef.co/go/tools/callgraph,2,1
ultimate-63,dns-over-https-proxy-master,tools/vendor/honnef.co/go/tools/callgraph/static,1,0
ultimate-63,dns-over-https-proxy-master,tools/vendor/honnef.co/go/tools/version,1,0
ultimate-63,dns-over-https-proxy-master,tools/vendor/honnef.co/go/tools/lint,2,1
ultimate-63,dns-over-https-proxy-master,tools/vendor/honnef.co/go/tools/lint/lintutil,1,0
ultimate-63,dns-over-https-proxy-master,tools/vendor/honnef.co/go/tools/ssa,24,1
ultimate-63,dns-over-https-proxy-master,tools/vendor/honnef.co/go/tools/ssa/ssautil,3,0
ultimate-63,dns-over-https-proxy-master,tools/vendor/honnef.co/go/tools/unused,1,0
ultimate-63,dns-over-https-proxy-master,tools/vendor/honnef.co/go/tools/deprecated,1,0
ultimate-63,dns-over-https-proxy-master,tools/vendor/honnef.co/go/tools/functions,5,0
ultimate-63,dns-over-https-proxy-master,tools/vendor/honnef.co/go/tools/cmd,0,4
ultimate-63,dns-over-https-proxy-master,tools/vendor/honnef.co/go/tools/cmd/staticcheck,2,0
ultimate-63,dns-over-https-proxy-master,tools/vendor/honnef.co/go/tools/cmd/megacheck,2,0
ultimate-63,dns-over-https-proxy-master,tools/vendor/honnef.co/go/tools/cmd/unused,2,0
ultimate-63,dns-over-https-proxy-master,tools/vendor/honnef.co/go/tools/cmd/gosimple,2,0
ultimate-63,dns-over-https-proxy-master,tools/vendor/honnef.co/go/tools/internal,0,1
ultimate-63,dns-over-https-proxy-master,tools/vendor/honnef.co/go/tools/internal/sharedcheck,1,0
ultimate-63,dns-over-https-proxy-master,tools/vendor/github.com,0,28
ultimate-63,dns-over-https-proxy-master,tools/vendor/github.com/pelletier,0,2
ultimate-63,dns-over-https-proxy-master,tools/vendor/github.com/pelletier/go-toml,17,0
ultimate-63,dns-over-https-proxy-master,tools/vendor/github.com/pelletier/go-buffruneio,2,0
ultimate-63,dns-over-https-proxy-master,tools/vendor/github.com/opennota,0,1
ultimate-63,dns-over-https-proxy-master,tools/vendor/github.com/opennota/check,1,1
ultimate-63,dns-over-https-proxy-master,tools/vendor/github.com/opennota/check/cmd,0,3
ultimate-63,dns-over-https-proxy-master,tools/vendor/github.com/opennota/check/cmd/structcheck,1,0
ultimate-63,dns-over-https-proxy-master,tools/vendor/github.com/opennota/check/cmd/aligncheck,1,0
ultimate-63,dns-over-https-proxy-master,tools/vendor/github.com/opennota/check/cmd/varcheck,1,0
ultimate-63,dns-over-https-proxy-master,tools/vendor/github.com/jgautheron,0,1
ultimate-63,dns-over-https-proxy-master,tools/vendor/github.com/jgautheron/goconst,4,1
ultimate-63,dns-over-https-proxy-master,tools/vendor/github.com/jgautheron/goconst/cmd,0,1
ultimate-63,dns-over-https-proxy-master,tools/vendor/github.com/jgautheron/goconst/cmd/goconst,1,0
ultimate-63,dns-over-https-proxy-master,tools/vendor/github.com/mvdan,0,3
ultimate-63,dns-over-https-proxy-master,tools/vendor/github.com/mvdan/interfacer,5,1
ultimate-63,dns-over-https-proxy-master,tools/vendor/github.com/mvdan/interfacer/cmd,0,1
ultimate-63,dns-over-https-proxy-master,tools/vendor/github.com/mvdan/interfacer/cmd/interfacer,1,0
ultimate-63,dns-over-https-proxy-master,tools/vendor/github.com/mvdan/lint,3,0
ultimate-63,dns-over-https-proxy-master,tools/vendor/github.com/mvdan/unparam,3,1
ultimate-63,dns-over-https-proxy-master,tools/vendor/github.com/mvdan/unparam/check,1,0
ultimate-63,dns-over-https-proxy-master,tools/vendor/github.com/google,0,1
ultimate-63,dns-over-https-proxy-master,tools/vendor/github.com/google/shlex,3,0
ultimate-63,dns-over-https-proxy-master,tools/vendor/github.com/stripe,0,1
ultimate-63,dns-over-https-proxy-master,tools/vendor/github.com/stripe/safesql,5,0
ultimate-63,dns-over-https-proxy-master,tools/vendor/github.com/mibk,0,1
ultimate-63,dns-over-https-proxy-master,tools/vendor/github.com/mibk/dupl,3,5
ultimate-63,dns-over-https-proxy-master,tools/vendor/github.com/mibk/dupl/suffixtree,2,0
ultimate-63,dns-over-https-proxy-master,tools/vendor/github.com/mibk/dupl/job,2,0
ultimate-63,dns-over-https-proxy-master,tools/vendor/github.com/mibk/dupl/printer,4,0
ultimate-63,dns-over-https-proxy-master,tools/vendor/github.com/mibk/dupl/syntax,1,1
ultimate-63,dns-over-https-proxy-master,tools/vendor/github.com/mibk/dupl/syntax/golang,1,0
ultimate-63,dns-over-https-proxy-master,tools/vendor/github.com/mibk/dupl/output,3,0
ultimate-63,dns-over-https-proxy-master,tools/vendor/github.com/alexkohler,0,1
ultimate-63,dns-over-https-proxy-master,tools/vendor/github.com/alexkohler/nakedret,4,0
ultimate-63,dns-over-https-proxy-master,tools/vendor/github.com/GoASTScanner,0,1
ultimate-63,dns-over-https-proxy-master,tools/vendor/github.com/GoASTScanner/gas,8,3
ultimate-63,dns-over-https-proxy-master,tools/vendor/github.com/GoASTScanner/gas/core,6,0
ultimate-63,dns-over-https-proxy-master,tools/vendor/github.com/GoASTScanner/gas/rules,15,0
ultimate-63,dns-over-https-proxy-master,tools/vendor/github.com/GoASTScanner/gas/output,2,0
ultimate-63,dns-over-https-proxy-master,tools/vendor/github.com/dnephin,0,1
ultimate-63,dns-over-https-proxy-master,tools/vendor/github.com/dnephin/govet,25,1
ultimate-63,dns-over-https-proxy-master,tools/vendor/github.com/dnephin/govet/internal,0,2
ultimate-63,dns-over-https-proxy-master,tools/vendor/github.com/dnephin/govet/internal/whitelist,1,0
ultimate-63,dns-over-https-proxy-master,tools/vendor/github.com/dnephin/govet/internal/cfg,2,0
ultimate-63,dns-over-https-proxy-master,tools/vendor/github.com/mattn,0,1
ultimate-63,dns-over-https-proxy-master,tools/vendor/github.com/mattn/goveralls,4,0
ultimate-63,dns-over-https-proxy-master,tools/vendor/github.com/kardianos,0,1
ultimate-63,dns-over-https-proxy-master,tools/vendor/github.com/kardianos/govendor,4,10
ultimate-63,dns-over-https-proxy-master,tools/vendor/github.com/kardianos/govendor/vendorfile,1,0
ultimate-63,dns-over-https-proxy-master,tools/vendor/github.com/kardianos/govendor/context,17,0
ultimate-63,dns-over-https-proxy-master,tools/vendor/github.com/kardianos/govendor/vcs,5,0
ultimate-63,dns-over-https-proxy-master,tools/vendor/github.com/kardianos/govendor/help,5,0
ultimate-63,dns-over-https-proxy-master,tools/vendor/github.com/kardianos/govendor/pkgspec,2,0
ultimate-63,dns-over-https-proxy-master,tools/vendor/github.com/kardianos/govendor/prompt,1,0
ultimate-63,dns-over-https-proxy-master,tools/vendor/github.com/kardianos/govendor/migrate,6,0
ultimate-63,dns-over-https-proxy-master,tools/vendor/github.com/kardianos/govendor/cliprompt,1,0
ultimate-63,dns-over-https-proxy-master,tools/vendor/github.com/kardianos/govendor/run,8,0
ultimate-63,dns-over-https-proxy-master,tools/vendor/github.com/kardianos/govendor/internal,0,3
ultimate-63,dns-over-https-proxy-master,tools/vendor/github.com/kardianos/govendor/internal/pathos,1,0
ultimate-63,dns-over-https-proxy-master,tools/vendor/github.com/kardianos/govendor/internal/vfilepath,4,0
ultimate-63,dns-over-https-proxy-master,tools/vendor/github.com/kardianos/govendor/internal/vos,2,0
ultimate-63,dns-over-https-proxy-master,tools/vendor/github.com/pkg,0,1
ultimate-63,dns-over-https-proxy-master,tools/vendor/github.com/pkg/errors,5,0
ultimate-63,dns-over-https-proxy-master,tools/vendor/github.com/ryanuber,0,1
ultimate-63,dns-over-https-proxy-master,tools/vendor/github.com/ryanuber/go-glob,3,0
ultimate-63,dns-over-https-proxy-master,tools/vendor/github.com/mdempsky,0,2
ultimate-63,dns-over-https-proxy-master,tools/vendor/github.com/mdempsky/maligned,3,0
ultimate-63,dns-over-https-proxy-master,tools/vendor/github.com/mdempsky/unconvert,3,0
ultimate-63,dns-over-https-proxy-master,tools/vendor/github.com/nicksnyder,0,1
ultimate-63,dns-over-https-proxy-master,tools/vendor/github.com/nicksnyder/go-i18n,1,1
ultimate-63,dns-over-https-proxy-master,tools/vendor/github.com/nicksnyder/go-i18n/i18n,1,3
ultimate-63,dns-over-https-proxy-master,tools/vendor/github.com/nicksnyder/go-i18n/i18n/translation,4,0
ultimate-63,dns-over-https-proxy-master,tools/vendor/github.com/nicksnyder/go-i18n/i18n/bundle,1,0
ultimate-63,dns-over-https-proxy-master,tools/vendor/github.com/nicksnyder/go-i18n/i18n/language,5,0
ultimate-63,dns-over-https-proxy-master,tools/vendor/github.com/walle,0,1
ultimate-63,dns-over-https-proxy-master,tools/vendor/github.com/walle/lll,4,1
ultimate-63,dns-over-https-proxy-master,tools/vendor/github.com/walle/lll/cmd,0,1
ultimate-63,dns-over-https-proxy-master,tools/vendor/github.com/walle/lll/cmd/lll,1,0
ultimate-63,dns-over-https-proxy-master,tools/vendor/github.com/alecthomas,0,3
ultimate-63,dns-over-https-proxy-master,tools/vendor/github.com/alecthomas/gometalinter,13,0
ultimate-63,dns-over-https-proxy-master,tools/vendor/github.com/alecthomas/units,6,0
ultimate-63,dns-over-https-proxy-master,tools/vendor/github.com/alecthomas/gocyclo,3,0
ultimate-63,dns-over-https-proxy-master,tools/vendor/github.com/tsenart,0,1
ultimate-63,dns-over-https-proxy-master,tools/vendor/github.com/tsenart/deadcode,2,0
ultimate-63,dns-over-https-proxy-master,tools/vendor/github.com/nbutton23,0,1
ultimate-63,dns-over-https-proxy-master,tools/vendor/github.com/nbutton23/zxcvbn-go,3,8
ultimate-63,dns-over-https-proxy-master,tools/vendor/github.com/nbutton23/zxcvbn-go/frequency,1,0
ultimate-63,dns-over-https-proxy-master,tools/vendor/github.com/nbutton23/zxcvbn-go/utils,0,1
ultimate-63,dns-over-https-proxy-master,tools/vendor/github.com/nbutton23/zxcvbn-go/utils/math,1,0
ultimate-63,dns-over-https-proxy-master,tools/vendor/github.com/nbutton23/zxcvbn-go/adjacency,1,0
ultimate-63,dns-over-https-proxy-master,tools/vendor/github.com/nbutton23/zxcvbn-go/matching,7,0
ultimate-63,dns-over-https-proxy-master,tools/vendor/github.com/nbutton23/zxcvbn-go/scoring,1,0
ultimate-63,dns-over-https-proxy-master,tools/vendor/github.com/nbutton23/zxcvbn-go/match,1,0
ultimate-63,dns-over-https-proxy-master,tools/vendor/github.com/nbutton23/zxcvbn-go/data,1,0
ultimate-63,dns-over-https-proxy-master,tools/vendor/github.com/nbutton23/zxcvbn-go/entropy,1,0
ultimate-63,dns-over-https-proxy-master,tools/vendor/github.com/wadey,0,1
ultimate-63,dns-over-https-proxy-master,tools/vendor/github.com/wadey/gocovmerge,3,0
ultimate-63,dns-over-https-proxy-master,tools/vendor/github.com/kisielk,0,2
ultimate-63,dns-over-https-proxy-master,tools/vendor/github.com/kisielk/errcheck,3,1
ultimate-63,dns-over-https-proxy-master,tools/vendor/github.com/kisielk/errcheck/internal,0,1
ultimate-63,dns-over-https-proxy-master,tools/vendor/github.com/kisielk/errcheck/internal/errcheck,1,0
ultimate-63,dns-over-https-proxy-master,tools/vendor/github.com/kisielk/gotool,8,0
ultimate-63,dns-over-https-proxy-master,tools/vendor/github.com/gordonklaus,0,1
ultimate-63,dns-over-https-proxy-master,tools/vendor/github.com/gordonklaus/ineffassign,6,0
ultimate-63,dns-over-https-proxy-master,tools/vendor/github.com/alexflint,0,2
ultimate-63,dns-over-https-proxy-master,tools/vendor/github.com/alexflint/go-scalar,3,0
ultimate-63,dns-over-https-proxy-master,tools/vendor/github.com/alexflint/go-arg,5,0
ultimate-63,dns-over-https-proxy-master,tools/vendor/github.com/golang,0,1
ultimate-63,dns-over-https-proxy-master,tools/vendor/github.com/golang/lint,4,1
ultimate-63,dns-over-https-proxy-master,tools/vendor/github.com/golang/lint/golint,2,0
ultimate-63,dns-over-https-proxy-master,tools/vendor/github.com/dchest,0,1
ultimate-63,dns-over-https-proxy-master,tools/vendor/github.com/dchest/safefile,6,0
ultimate-63,dns-over-https-proxy-master,tools/vendor/github.com/Bowery,0,1
ultimate-63,dns-over-https-proxy-master,tools/vendor/github.com/Bowery/prompt,19,0
ultimate-63,dns-over-https-proxy-master,tools/vendor/github.com/client9,0,1
ultimate-63,dns-over-https-proxy-master,tools/vendor/github.com/client9/misspell,16,1
ultimate-63,dns-over-https-proxy-master,tools/vendor/github.com/client9/misspell/cmd,0,1
ultimate-63,dns-over-https-proxy-master,tools/vendor/github.com/client9/misspell/cmd/misspell,1,0
ultimate-63,dns-over-https-proxy-master,tools/vendor/golang.org,0,1
ultimate-63,dns-over-https-proxy-master,tools/vendor/golang.org/x,0,3
ultimate-63,dns-over-https-proxy-master,tools/vendor/golang.org/x/text,2,2
ultimate-63,dns-over-https-proxy-master,tools/vendor/golang.org/x/text/transform,1,0
ultimate-63,dns-over-https-proxy-master,tools/vendor/golang.org/x/text/width,5,0
ultimate-63,dns-over-https-proxy-master,tools/vendor/golang.org/x/tools,2,5
ultimate-63,dns-over-https-proxy-master,tools/vendor/golang.org/x/tools/container,0,1
ultimate-63,dns-over-https-proxy-master,tools/vendor/golang.org/x/tools/container/intsets,7,0
ultimate-63,dns-over-https-proxy-master,tools/vendor/golang.org/x/tools/go,0,10
ultimate-63,dns-over-https-proxy-master,tools/vendor/golang.org/x/tools/go/callgraph,2,1
ultimate-63,dns-over-https-proxy-master,tools/vendor/golang.org/x/tools/go/callgraph/cha,1,0
ultimate-63,dns-over-https-proxy-master,tools/vendor/golang.org/x/tools/go/vcs,4,0
ultimate-63,dns-over-https-proxy-master,tools/vendor/golang.org/x/tools/go/ssa,21,1
ultimate-63,dns-over-https-proxy-master,tools/vendor/golang.org/x/tools/go/ssa/ssautil,3,0
ultimate-63,dns-over-https-proxy-master,tools/vendor/golang.org/x/tools/go/gcimporter15,6,0
ultimate-63,dns-over-https-proxy-master,tools/vendor/golang.org/x/tools/go/ast,0,1
ultimate-63,dns-over-https-proxy-master,tools/vendor/golang.org/x/tools/go/ast/astutil,3,0
ultimate-63,dns-over-https-proxy-master,tools/vendor/golang.org/x/tools/go/buildutil,5,0
ultimate-63,dns-over-https-proxy-master,tools/vendor/golang.org/x/tools/go/gcexportdata,2,0
ultimate-63,dns-over-https-proxy-master,tools/vendor/golang.org/x/tools/go/pointer,16,0
ultimate-63,dns-over-https-proxy-master,tools/vendor/golang.org/x/tools/go/types,0,1
ultimate-63,dns-over-https-proxy-master,tools/vendor/golang.org/x/tools/go/types/typeutil,4,0
ultimate-63,dns-over-https-proxy-master,tools/vendor/golang.org/x/tools/go/loader,5,0
ultimate-63,dns-over-https-proxy-master,tools/vendor/golang.org/x/tools/cmd,0,2
ultimate-63,dns-over-https-proxy-master,tools/vendor/golang.org/x/tools/cmd/gotype,3,0
ultimate-63,dns-over-https-proxy-master,tools/vendor/golang.org/x/tools/cmd/goimports,4,0
ultimate-63,dns-over-https-proxy-master,tools/vendor/golang.org/x/tools/imports,9,0
ultimate-63,dns-over-https-proxy-master,tools/vendor/golang.org/x/tools/cover,1,0
ultimate-63,dns-over-https-proxy-master,tools/vendor/golang.org/x/sys,2,1
ultimate-63,dns-over-https-proxy-master,tools/vendor/golang.org/x/sys/unix,200,0
ultimate-63,dns-over-https-proxy-master,cmd,0,1
ultimate-63,dns-over-https-proxy-master,cmd/dns-over-https-proxy,1,0
ultimate-63,dns-over-https-proxy-master,vendor,1,2
ultimate-63,dns-over-https-proxy-master,vendor/github.com,0,3
ultimate-63,dns-over-https-proxy-master,vendor/github.com/wrouesnel,0,1
ultimate-63,dns-over-https-proxy-master,vendor/github.com/wrouesnel/go.log,3,0
ultimate-63,dns-over-https-proxy-master,vendor/github.com/sirupsen,0,1
ultimate-63,dns-over-https-proxy-master,vendor/github.com/sirupsen/logrus,19,0
ultimate-63,dns-over-https-proxy-master,vendor/github.com/miekg,0,1
ultimate-63,dns-over-https-proxy-master,vendor/github.com/miekg/dns,40,0
ultimate-63,dns-over-https-proxy-master,vendor/golang.org,0,1
ultimate-63,dns-over-https-proxy-master,vendor/golang.org/x,0,2
ultimate-63,dns-over-https-proxy-master,vendor/golang.org/x/crypto,2,1
ultimate-63,dns-over-https-proxy-master,vendor/golang.org/x/crypto/ssh,0,1
ultimate-63,dns-over-https-proxy-master,vendor/golang.org/x/crypto/ssh/terminal,7,0
ultimate-63,dns-over-https-proxy-master,vendor/golang.org/x/sys,2,2
ultimate-63,dns-over-https-proxy-master,vendor/golang.org/x/sys/windows,20,0
ultimate-63,dns-over-https-proxy-master,vendor/golang.org/x/sys/unix,221,0
ultimate-63,ev-master_(1),.,13,1
ultimate-63,ev-master_(1),_assets,1,0
ultimate-63,eve-xui-manager-main,.,38,8
ultimate-63,eve-xui-manager-main,docs,1,0
ultimate-63,eve-xui-manager-main,docker,2,0
ultimate-63,eve-xui-manager-main,templates,21,0
ultimate-63,eve-xui-manager-main,offline,1,0
ultimate-63,eve-xui-manager-main,.claude,1,0
ultimate-63,eve-xui-manager-main,.github,0,1
ultimate-63,eve-xui-manager-main,.github/workflows,2,0
ultimate-63,eve-xui-manager-main,scripts,0,1
ultimate-63,eve-xui-manager-main,scripts/docker,5,0
ultimate-63,eve-xui-manager-main,static,9,1
ultimate-63,eve-xui-manager-main,static/fonts,11,0
ultimate-63,firewalla-master,.,13,41
ultimate-63,firewalla-master,migration,3,0
ultimate-63,firewalla-master,ui,3,0
ultimate-63,firewalla-master,bin,3,9
ultimate-63,firewalla-master,bin/real.armv7l,6,0
ultimate-63,firewalla-master,bin/real.navy,2,0
ultimate-63,firewalla-master,bin/mock,5,0
ultimate-63,firewalla-master,bin/real.purple,2,0
ultimate-63,firewalla-master,bin/real.pse,2,0
ultimate-63,firewalla-master,bin/real.x86_64,2,0
ultimate-63,firewalla-master,bin/real.aarch64,2,0
ultimate-63,firewalla-master,vpn,18,0
ultimate-63,firewalla-master,platform,3,12
ultimate-63,firewalla-master,platform/docker,2,1
ultimate-63,firewalla-master,platform/docker/hooks,0,2
ultimate-63,firewalla-master,platform/docker/hooks/before_bro,1,0
ultimate-63,firewalla-master,platform/docker/hooks/before_main_run,1,0
ultimate-63,firewalla-master,platform/blue,2,2
ultimate-63,firewalla-master,platform/blue/files,11,0
ultimate-63,firewalla-master,platform/blue/hooks,0,2
ultimate-63,firewalla-master,platform/blue/hooks/before_bro,3,0
ultimate-63,firewalla-master,platform/blue/hooks/before_main_run,3,0
ultimate-63,firewalla-master,platform/navy,2,3
ultimate-63,firewalla-master,platform/navy/profile,3,0
ultimate-63,firewalla-master,platform/navy/files,15,3
ultimate-63,firewalla-master,platform/navy/files/f210285d3809f94d9631a29977662566,1,0
ultimate-63,firewalla-master,platform/navy/files/kernel_modules,0,1
ultimate-63,firewalla-master,platform/navy/files/kernel_modules/5.4.50,2,0
ultimate-63,firewalla-master,platform/navy/files/shared_objects,0,1
ultimate-63,firewalla-master,platform/navy/files/shared_objects/focal,2,0
ultimate-63,firewalla-master,platform/navy/hooks,0,3
ultimate-63,firewalla-master,platform/navy/hooks/after_bro,1,0
ultimate-63,firewalla-master,platform/navy/hooks/before_bro,3,0
ultimate-63,firewalla-master,platform/navy/hooks/before_main_run,8,0
ultimate-63,firewalla-master,platform/goldpro,2,3
ultimate-63,firewalla-master,platform/goldpro/profile,1,0
ultimate-63,firewalla-master,platform/goldpro/files,21,5
ultimate-63,firewalla-master,platform/goldpro/files/u22,1,0
ultimate-63,firewalla-master,platform/goldpro/files/motd,1,0
ultimate-63,firewalla-master,platform/goldpro/files/udev,2,0
ultimate-63,firewalla-master,platform/goldpro/files/kernel_modules,0,1
ultimate-63,firewalla-master,platform/goldpro/files/kernel_modules/6.5.0-25-generic,2,0
ultimate-63,firewalla-master,platform/goldpro/files/shared_objects,0,1
ultimate-63,firewalla-master,platform/goldpro/files/shared_objects/jammy,2,0
ultimate-63,firewalla-master,platform/goldpro/hooks,0,2
ultimate-63,firewalla-master,platform/goldpro/hooks/before_bro,3,0
ultimate-63,firewalla-master,platform/goldpro/hooks/before_main_run,10,0
ultimate-63,firewalla-master,platform/pse,2,3
ultimate-63,firewalla-master,platform/pse/profile,3,0
ultimate-63,firewalla-master,platform/pse/files,20,2
ultimate-63,firewalla-master,platform/pse/files/kernel_modules,0,1
ultimate-63,firewalla-master,platform/pse/files/kernel_modules/5.15.78,2,0
ultimate-63,firewalla-master,platform/pse/files/shared_objects,0,1
ultimate-63,firewalla-master,platform/pse/files/shared_objects/jammy,2,0
ultimate-63,firewalla-master,platform/pse/hooks,0,2
ultimate-63,firewalla-master,platform/pse/hooks/before_bro,3,0
ultimate-63,firewalla-master,platform/pse/hooks/before_main_run,1,0
ultimate-63,firewalla-master,platform/purple,2,3
ultimate-63,firewalla-master,platform/purple/profile,3,0
ultimate-63,firewalla-master,platform/purple/files,28,3
ultimate-63,firewalla-master,platform/purple/files/kernel_modules,0,1
ultimate-63,firewalla-master,platform/purple/files/kernel_modules/4.9.241-firewalla,3,0
ultimate-63,firewalla-master,platform/purple/files/shared_objects,0,1
ultimate-63,firewalla-master,platform/purple/files/shared_objects/focal,2,0
ultimate-63,firewalla-master,platform/purple/files/2ad81cc717292072ed1a651d455d24a9,1,0
ultimate-63,firewalla-master,platform/purple/hooks,0,3
ultimate-63,firewalla-master,platform/purple/hooks/after_bro,1,0
ultimate-63,firewalla-master,platform/purple/hooks/before_bro,3,0
ultimate-63,firewalla-master,platform/purple/hooks/before_main_run,11,0
ultimate-63,firewalla-master,platform/red,2,2
ultimate-63,firewalla-master,platform/red/files,8,0
ultimate-63,firewalla-master,platform/red/hooks,0,2
ultimate-63,firewalla-master,platform/red/hooks/before_bro,3,0
ultimate-63,firewalla-master,platform/red/hooks/before_main_run,4,0
ultimate-63,firewalla-master,platform/ubt,2,3
ultimate-63,firewalla-master,platform/ubt/profile,3,0
ultimate-63,firewalla-master,platform/ubt/files,9,0
ultimate-63,firewalla-master,platform/ubt/hooks,0,3
ultimate-63,firewalla-master,platform/ubt/hooks/after_bro,1,0
ultimate-63,firewalla-master,platform/ubt/hooks/before_bro,3,0
ultimate-63,firewalla-master,platform/ubt/hooks/before_main_run,4,0
ultimate-63,firewalla-master,platform/gse,2,3
ultimate-63,firewalla-master,platform/gse/profile,9,0
ultimate-63,firewalla-master,platform/gse/files,18,3
ultimate-63,firewalla-master,platform/gse/files/udev,1,0
ultimate-63,firewalla-master,platform/gse/files/kernel_modules,0,2
ultimate-63,firewalla-master,platform/gse/files/kernel_modules/5.10.110,6,0
ultimate-63,firewalla-master,platform/gse/files/kernel_modules/5.10.160,2,0
ultimate-63,firewalla-master,platform/gse/files/shared_objects,0,1
ultimate-63,firewalla-master,platform/gse/files/shared_objects/jammy,2,0
ultimate-63,firewalla-master,platform/gse/hooks,0,2
ultimate-63,firewalla-master,platform/gse/hooks/before_bro,3,0
ultimate-63,firewalla-master,platform/gse/hooks/before_main_run,1,0
ultimate-63,firewalla-master,platform/all,0,2
ultimate-63,firewalla-master,platform/all/files,2,1
ultimate-63,firewalla-master,platform/all/files/cacert,3,0
ultimate-63,firewalla-master,platform/all/hooks,0,2
ultimate-63,firewalla-master,platform/all/hooks/after_bro,1,0
ultimate-63,firewalla-master,platform/all/hooks/before_bro,4,6
ultimate-63,firewalla-master,platform/all/hooks/before_bro/bro-heartbeat,4,0
ultimate-63,firewalla-master,platform/all/hooks/before_bro/zeek-ssl-clear-state,3,0
ultimate-63,firewalla-master,platform/all/hooks/before_bro/well-known-server-ports,3,0
ultimate-63,firewalla-master,platform/all/hooks/before_bro/zeek-conn-log-filter,3,0
ultimate-63,firewalla-master,platform/all/hooks/before_bro/bro-long-connection,5,0
ultimate-63,firewalla-master,platform/all/hooks/before_bro/heartbeat-flow,2,0
ultimate-63,firewalla-master,platform/orange,2,3
ultimate-63,firewalla-master,platform/orange/profile,3,0
ultimate-63,firewalla-master,platform/orange/files,25,2
ultimate-63,firewalla-master,platform/orange/files/kernel_modules,0,1
ultimate-63,firewalla-master,platform/orange/files/kernel_modules/6.6.104,2,0
ultimate-63,firewalla-master,platform/orange/files/shared_objects,0,2
ultimate-63,firewalla-master,platform/orange/files/shared_objects/jammy,2,0
ultimate-63,firewalla-master,platform/orange/files/shared_objects/focal,2,0
ultimate-63,firewalla-master,platform/orange/hooks,0,3
ultimate-63,firewalla-master,platform/orange/hooks/after_bro,1,0
ultimate-63,firewalla-master,platform/orange/hooks/before_bro,3,0
ultimate-63,firewalla-master,platform/orange/hooks/before_main_run,8,0
ultimate-63,firewalla-master,platform/gold,2,3
ultimate-63,firewalla-master,platform/gold/profile,2,0
ultimate-63,firewalla-master,platform/gold/files,21,11
ultimate-63,firewalla-master,platform/gold/files/executables,0,1
ultimate-63,firewalla-master,platform/gold/files/executables/bionic,1,0
ultimate-63,firewalla-master,platform/gold/files/957c2aabd77bb55028b4763f471ce9f9,1,0
ultimate-63,firewalla-master,platform/gold/files/u22,1,0
ultimate-63,firewalla-master,platform/gold/files/0aac4c4e7be1029495fb65c1cd1a1c58,1,0
ultimate-63,firewalla-master,platform/gold/files/u18,1,0
ultimate-63,firewalla-master,platform/gold/files/u20,2,0
ultimate-63,firewalla-master,platform/gold/files/motd,1,0
ultimate-63,firewalla-master,platform/gold/files/udev,2,0
ultimate-63,firewalla-master,platform/gold/files/kernel_modules,0,4
ultimate-63,firewalla-master,platform/gold/files/kernel_modules/5.15.0-27-generic,3,0
ultimate-63,firewalla-master,platform/gold/files/kernel_modules/4.15.0-70-generic,3,0
ultimate-63,firewalla-master,platform/gold/files/kernel_modules/6.5.0-25-generic,2,0
ultimate-63,firewalla-master,platform/gold/files/kernel_modules/5.4.0-88-generic,2,0
ultimate-63,firewalla-master,platform/gold/files/shared_objects,0,3
ultimate-63,firewalla-master,platform/gold/files/shared_objects/jammy,2,0
ultimate-63,firewalla-master,platform/gold/files/shared_objects/bionic,2,0
ultimate-63,firewalla-master,platform/gold/files/shared_objects/focal,2,0
ultimate-63,firewalla-master,platform/gold/files/da3c9a45687d8cdf75afcb5f58e27dcf,1,0
ultimate-63,firewalla-master,platform/gold/hooks,0,2
ultimate-63,firewalla-master,platform/gold/hooks/before_bro,4,0
ultimate-63,firewalla-master,platform/gold/hooks/before_main_run,10,0
ultimate-63,firewalla-master,alarm,11,0
ultimate-63,firewalla-master,etc,42,4
ultimate-63,firewalla-master,etc/suricata,4,1
ultimate-63,firewalla-master,etc/suricata/rules,18,0
ultimate-63,firewalla-master,etc/logrotate.d,11,0
ultimate-63,firewalla-master,etc/rsyslog.d,9,0
ultimate-63,firewalla-master,etc/keys,3,0
ultimate-63,firewalla-master,test,89,2
ultimate-63,firewalla-master,test/test_data,1,0
ultimate-63,firewalla-master,test/sample_keys,3,0
ultimate-63,firewalla-master,docker,3,0
ultimate-63,firewalla-master,flow,4,0
ultimate-63,firewalla-master,config,2,0
ultimate-63,firewalla-master,sensor,135,1
ultimate-63,firewalla-master,sensor/base,2,0
ultimate-63,firewalla-master,monitor,2,0
ultimate-63,firewalla-master,controllers,4,0
ultimate-63,firewalla-master,net2,66,1
ultimate-63,firewalla-master,net2/identity,4,0
ultimate-63,firewalla-master,tools,4,1
ultimate-63,firewalla-master,tools/cgroup_sock_mark,3,0
ultimate-63,firewalla-master,.github,0,1
ultimate-63,firewalla-master,.github/workflows,1,0
ultimate-63,firewalla-master,.githooks,11,0
ultimate-63,firewalla-master,locales,3,0
ultimate-63,firewalla-master,extension,0,47
ultimate-63,firewalla-master,extension/dnscrypt,9,0
ultimate-63,firewalla-master,extension/vpnclient,13,1
ultimate-63,firewalla-master,extension/vpnclient/docker,11,7
ultimate-63,firewalla-master,extension/vpnclient/docker/hysteria,2,0
ultimate-63,firewalla-master,extension/vpnclient/docker/nebula,1,0
ultimate-63,firewalla-master,extension/vpnclient/docker/ssl,1,0
ultimate-63,firewalla-master,extension/vpnclient/docker/trojan,2,0
ultimate-63,firewalla-master,extension/vpnclient/docker/gost,2,0
ultimate-63,firewalla-master,extension/vpnclient/docker/ipsec,1,0
ultimate-63,firewalla-master,extension/vpnclient/docker/clash,2,0
ultimate-63,firewalla-master,extension/detect,3,0
ultimate-63,firewalla-master,extension/countryCodes,2,0
ultimate-63,firewalla-master,extension/ssh,1,0
ultimate-63,firewalla-master,extension/dockerdns,1,0
ultimate-63,firewalla-master,extension/monkey,2,0
ultimate-63,firewalla-master,extension/common,1,0
ultimate-63,firewalla-master,extension/docker,1,0
ultimate-63,firewalla-master,extension/dhcp,1,0
ultimate-63,firewalla-master,extension/accounting,3,0
ultimate-63,firewalla-master,extension/flow,2,0
ultimate-63,firewalla-master,extension/routing,1,0
ultimate-63,firewalla-master,extension/diag,1,2
ultimate-63,firewalla-master,extension/diag/view,3,0
ultimate-63,firewalla-master,extension/diag/static,8,0
ultimate-63,firewalla-master,extension/dhcpdump,2,0
ultimate-63,firewalla-master,extension/frp,9,0
ultimate-63,firewalla-master,extension/alexarank,1,0
ultimate-63,firewalla-master,extension/speedtest,2,0
ultimate-63,firewalla-master,extension/cloudcache,1,0
ultimate-63,firewalla-master,extension/cloud,11,0
ultimate-63,firewalla-master,extension/dnsmasq,5,0
ultimate-63,firewalla-master,extension/slack,1,0
ultimate-63,firewalla-master,extension/portforward,1,0
ultimate-63,firewalla-master,extension/sysinfo,1,0
ultimate-63,firewalla-master,extension/xml2json,6,0
ultimate-63,firewalla-master,extension/bitbridge,1,0
ultimate-63,firewalla-master,extension/shadowsocks,3,3
ultimate-63,firewalla-master,extension/shadowsocks/bin.armv7l,1,0
ultimate-63,firewalla-master,extension/shadowsocks/bin.aarch64,1,0
ultimate-63,firewalla-master,extension/shadowsocks/bin.x86_64,1,0
ultimate-63,firewalla-master,extension/scheduler,1,0
ultimate-63,firewalla-master,extension/upnp,5,1
ultimate-63,firewalla-master,extension/upnp/nat-upnp,4,0
ultimate-63,firewalla-master,extension/clash_tun,4,0
ultimate-63,firewalla-master,extension/ratelimit,1,0
ultimate-63,firewalla-master,extension/netconsole,1,0
ultimate-63,firewalla-master,extension/country,1,1
ultimate-63,firewalla-master,extension/country/data,2,0
ultimate-63,firewalla-master,extension/ping,2,0
ultimate-63,firewalla-master,extension/wireguard,1,0
ultimate-63,firewalla-master,extension/metrics,2,0
ultimate-63,firewalla-master,extension/nmap,3,1
ultimate-63,firewalla-master,extension/nmap/scripts,3,0
ultimate-63,firewalla-master,extension/bro,1,0
ultimate-63,firewalla-master,extension/freeradius,2,0
ultimate-63,firewalla-master,extension/clash,4,0
ultimate-63,firewalla-master,extension/ipv6in4,3,0
ultimate-63,firewalla-master,extension/install,1,0
ultimate-63,firewalla-master,extension/unbound,3,0
ultimate-63,firewalla-master,extension/ept,1,0
ultimate-63,firewalla-master,extension/bf,1,0
ultimate-63,firewalla-master,extension/samba,1,0
ultimate-63,firewalla-master,extension/wifi,3,0
ultimate-63,firewalla-master,cli,3,0
ultimate-63,firewalla-master,scripts,188,8
ultimate-63,firewalla-master,scripts/event_collectors,5,0
ultimate-63,firewalla-master,scripts/post_upgrade.d,1,0
ultimate-63,firewalla-master,scripts/cron,2,0
ultimate-63,firewalla-master,scripts/firereset,4,0
ultimate-63,firewalla-master,scripts/prep,28,0
ultimate-63,firewalla-master,scripts/sbin,1,0
ultimate-63,firewalla-master,scripts/ops,1,0
ultimate-63,firewalla-master,scripts/misc,2,0
ultimate-63,firewalla-master,control,23,0
ultimate-63,firewalla-master,.webpack,6,0
ultimate-63,firewalla-master,run,1,0
ultimate-63,firewalla-master,hook,8,0
ultimate-63,firewalla-master,event,4,0
ultimate-63,firewalla-master,sample,6,0
ultimate-63,firewalla-master,diagnostic,3,0
ultimate-63,firewalla-master,mgmt,2,0
ultimate-63,firewalla-master,lib,7,1
ultimate-63,firewalla-master,lib/whois,3,1
ultimate-63,firewalla-master,lib/whois/parser,5,0
ultimate-63,firewalla-master,testLegacy,45,0
ultimate-63,firewalla-master,api,3,8
ultimate-63,firewalla-master,api/public,0,5
ultimate-63,firewalla-master,api/public/ss,3,0
ultimate-63,firewalla-master,api/public/dashboard,1,4
ultimate-63,firewalla-master,api/public/dashboard/css,4,0
ultimate-63,firewalla-master,api/public/dashboard/js,4,0
ultimate-63,firewalla-master,api/public/dashboard/json,1,0
ultimate-63,firewalla-master,api/public/dashboard/img,2,0
ultimate-63,firewalla-master,api/public/time_limits,4,2
ultimate-63,firewalla-master,api/public/time_limits/assets,2,0
ultimate-63,firewalla-master,api/public/time_limits/img,3,0
ultimate-63,firewalla-master,api/public/network,3,3
ultimate-63,firewalla-master,api/public/network/css,3,0
ultimate-63,firewalla-master,api/public/network/js,4,0
ultimate-63,firewalla-master,api/public/network/img,257,0
ultimate-63,firewalla-master,api/public/stylesheets,1,0
ultimate-63,firewalla-master,api/bin,2,0
ultimate-63,firewalla-master,api/views,2,0
ultimate-63,firewalla-master,api/db,2,0
ultimate-63,firewalla-master,api/routes,22,1
ultimate-63,firewalla-master,api/routes/pro,5,0
ultimate-63,firewalla-master,api/dist,6,5
ultimate-63,firewalla-master,api/dist/fonts,2,0
ultimate-63,firewalla-master,api/dist/images,10,0
ultimate-63,firewalla-master,api/dist/css,5,0
ultimate-63,firewalla-master,api/dist/lib,16,0
ultimate-63,firewalla-master,api/dist/lang,14,0
ultimate-63,firewalla-master,api/middlewares,2,0
ultimate-63,firewalla-master,api/lib,4,0
ultimate-63,firewalla-master,imports,1,0
ultimate-63,firewalla-master,util,35,0
ultimate-63,firewalla-master,log,1,0
ultimate-63,firewalla-master,vendor,3,2
ultimate-63,firewalla-master,vendor/traceroute,3,0
ultimate-63,firewalla-master,vendor/uboot,2,0
ultimate-63,firewalla-master,encipher,2,2
ultimate-63,firewalla-master,encipher/lib,4,0
ultimate-63,firewalla-master,encipher/util,1,0
ultimate-63,firewalla-master,vendor_lib,5,8
ultimate-63,firewalla-master,vendor_lib/publicsuffixlist,3,0
ultimate-63,firewalla-master,vendor_lib/geoip-lite,3,0
ultimate-63,firewalla-master,vendor_lib/node-device-detector,8,3
ultimate-63,firewalla-master,vendor_lib/node-device-detector/lib,2,0
ultimate-63,firewalla-master,vendor_lib/node-device-detector/parser,7,4
ultimate-63,firewalla-master,vendor_lib/node-device-detector/parser/device,12,0
ultimate-63,firewalla-master,vendor_lib/node-device-detector/parser/client,10,1
ultimate-63,firewalla-master,vendor_lib/node-device-detector/parser/client/hints,2,0
ultimate-63,firewalla-master,vendor_lib/node-device-detector/parser/const,8,0
ultimate-63,firewalla-master,vendor_lib/node-device-detector/parser/os,2,0
ultimate-63,firewalla-master,vendor_lib/node-device-detector/misc,3,0
ultimate-63,firewalla-master,vendor_lib/bonjour,3,2
ultimate-63,firewalla-master,vendor_lib/bonjour/node_modules,0,7
ultimate-63,firewalla-master,vendor_lib/bonjour/node_modules/ip,1,1
ultimate-63,firewalla-master,vendor_lib/bonjour/node_modules/ip/lib,1,0
ultimate-63,firewalla-master,vendor_lib/bonjour/node_modules/multicast-dns,4,1
ultimate-63,firewalla-master,vendor_lib/bonjour/node_modules/multicast-dns/node_modules,0,2
ultimate-63,firewalla-master,vendor_lib/bonjour/node_modules/multicast-dns/node_modules/thunky,2,0
ultimate-63,firewalla-master,vendor_lib/bonjour/node_modules/multicast-dns/node_modules/dns-packet,9,0
ultimate-63,firewalla-master,vendor_lib/bonjour/node_modules/array-flatten,5,0
ultimate-63,firewalla-master,vendor_lib/bonjour/node_modules/deep-equal,3,1
ultimate-63,firewalla-master,vendor_lib/bonjour/node_modules/deep-equal/lib,2,0
ultimate-63,firewalla-master,vendor_lib/bonjour/node_modules/dns-txt,3,1
ultimate-63,firewalla-master,vendor_lib/bonjour/node_modules/dns-txt/node_modules,0,1
ultimate-63,firewalla-master,vendor_lib/bonjour/node_modules/dns-txt/node_modules/buffer-indexof,4,0
ultimate-63,firewalla-master,vendor_lib/bonjour/node_modules/dns-equal,7,0
ultimate-63,firewalla-master,vendor_lib/bonjour/node_modules/multicast-dns-service-types,7,0
ultimate-63,firewalla-master,vendor_lib/bonjour/lib,4,0
ultimate-63,firewalla-master,vendor_lib/async-lock,3,1
ultimate-63,firewalla-master,vendor_lib/async-lock/lib,1,0
ultimate-63,firewalla-master,vendor_lib/dnscache,2,0
ultimate-63,firewalla-master,vendor_lib/rate-limiter-flexible,6,0
ultimate-63,firewalla-master,vendor_lib/yaml,5,2
ultimate-63,firewalla-master,vendor_lib/yaml/browser,2,1
ultimate-63,firewalla-master,vendor_lib/yaml/browser/dist,7,6
ultimate-63,firewalla-master,vendor_lib/yaml/browser/dist/parse,7,0
ultimate-63,firewalla-master,vendor_lib/yaml/browser/dist/nodes,9,0
ultimate-63,firewalla-master,vendor_lib/yaml/browser/dist/stringify,8,0
ultimate-63,firewalla-master,vendor_lib/yaml/browser/dist/compose,15,0
ultimate-63,firewalla-master,vendor_lib/yaml/browser/dist/doc,5,0
ultimate-63,firewalla-master,vendor_lib/yaml/browser/dist/schema,2,4
ultimate-63,firewalla-master,vendor_lib/yaml/browser/dist/schema/common,4,0
ultimate-63,firewalla-master,vendor_lib/yaml/browser/dist/schema/core,4,0
ultimate-63,firewalla-master,vendor_lib/yaml/browser/dist/schema/json,1,0
ultimate-63,firewalla-master,vendor_lib/yaml/browser/dist/schema/yaml-1.1,9,0
ultimate-63,firewalla-master,vendor_lib/yaml/dist,16,6
ultimate-63,firewalla-master,vendor_lib/yaml/dist/parse,14,0
ultimate-63,firewalla-master,vendor_lib/yaml/dist/nodes,18,0
ultimate-63,firewalla-master,vendor_lib/yaml/dist/stringify,16,0
ultimate-63,firewalla-master,vendor_lib/yaml/dist/compose,30,0
ultimate-63,firewalla-master,vendor_lib/yaml/dist/doc,10,0
ultimate-63,firewalla-master,vendor_lib/yaml/dist/schema,5,4
ultimate-63,firewalla-master,vendor_lib/yaml/dist/schema/common,8,0
ultimate-63,firewalla-master,vendor_lib/yaml/dist/schema/core,8,0
ultimate-63,firewalla-master,vendor_lib/yaml/dist/schema/json,2,0
ultimate-63,firewalla-master,vendor_lib/yaml/dist/schema/yaml-1.1,18,0
ultimate-63,firewalla-master,intel,14,0
ultimate-63,firewalla-master,sys,2,0
ultimate-63,ftpscan-master,.,10,0
ultimate-63,godnsagent-master(1),.,16,2
ultimate-63,godnsagent-master(1),.github,0,1
ultimate-63,godnsagent-master(1),.github/workflows,2,0
ultimate-63,godnsagent-master(1),autocomplete,3,0
ultimate-63,gologin-main,.,11,12
ultimate-63,gologin-main,oauth2,6,0
ultimate-63,gologin-main,facebook,7,0
ultimate-63,gologin-main,google,6,0
ultimate-63,gologin-main,tumblr,4,0
ultimate-63,gologin-main,twitter,6,0
ultimate-63,gologin-main,github,6,0
ultimate-63,gologin-main,bitbucket,7,0
ultimate-63,gologin-main,.github,1,1
ultimate-63,gologin-main,.github/workflows,1,0
ultimate-63,gologin-main,examples,2,3
ultimate-63,gologin-main,examples/google,3,0
ultimate-63,gologin-main,examples/twitter,3,0
ultimate-63,gologin-main,examples/github,3,0
ultimate-63,gologin-main,oauth1,6,0
ultimate-63,gologin-main,internal,1,0
ultimate-63,gologin-main,testutils,2,0
ultimate-63,incy-platforms-main,.,2,0
ultimate-63,lossyconn-master,.,9,0
ultimate-63,nahan-main(1),.,12,1
ultimate-63,nahan-main(1),.github,0,1
ultimate-63,nahan-main(1),.github/ISSUE_TEMPLATE,2,0
ultimate-63,openssl-cffi-master,.,4,0
ultimate-63,sing-geoip-main,.,7,1
ultimate-63,sing-geoip-main,.github,4,1
ultimate-63,sing-geoip-main,.github/workflows,2,0
ultimate-63,sing-geosite-main,.,7,1
ultimate-63,sing-geosite-main,.github,4,1
ultimate-63,sing-geosite-main,.github/workflows,2,0
ultimate-63,snowbox-master,.,11,0
ultimate-63,sysproxy-main,.,5,2
ultimate-63,sysproxy-main,.github,0,1
ultimate-63,sysproxy-main,.github/workflows,1,0
ultimate-63,sysproxy-main,sample,1,0
ultimate-63,torrequest-master,.,5,0
ultimate-63,unique-queue-master,.,8,0
ultimate-63,v2rayng-panel-main(1),.,1,0
ultimate-63,vps-warp-main(1),.,3,0
ultimate-63,x-ui-pro-master,.,2,1
ultimate-63,x-ui-pro-master,media,23,0
ultimate-63,zeus-main(1),.,4,1
ultimate-63,zeus-main(1),photos,5,0
ultimate-63,MullvadVPN-Tricks-main,.,0,1
ultimate-63,MullvadVPN-Tricks-main,MullvadVPN-Tricks-main,9,0
ultimate-63,RealiTLScanner-main,.,0,1
ultimate-63,RealiTLScanner-main,RealiTLScanner-main,10,0
ultimate-63,aces-main,.,0,1
ultimate-63,aces-main,aces-main,5,2
ultimate-63,aces-main,aces-main/.github,0,1
ultimate-63,aces-main,aces-main/.github/workflows,1,0
ultimate-63,aces-main,aces-main/src,5,0
ultimate-63,bldfrm-vpn-main,.,0,1
ultimate-63,bldfrm-vpn-main,bldfrm-vpn-main,1,0
ultimate-63,dns_over_tls_over_tor-master,.,0,1
ultimate-63,dns_over_tls_over_tor-master,dns_over_tls_over_tor-master,7,0
ultimate-63,fptn-manager-master,.,0,1
ultimate-63,fptn-manager-master,fptn-manager-master,4,0
ultimate-63,fswatch-main,.,0,1
ultimate-63,fswatch-main,fswatch-main,9,1
ultimate-63,fswatch-main,fswatch-main/.github,1,1
ultimate-63,fswatch-main,fswatch-main/.github/workflows,2,0
ultimate-63,iptables-mod-randmap-master,.,0,1
ultimate-63,iptables-mod-randmap-master,iptables-mod-randmap-master,7,2
ultimate-63,iptables-mod-randmap-master,iptables-mod-randmap-master/include,0,1
ultimate-63,iptables-mod-randmap-master,iptables-mod-randmap-master/include/randmap,1,0
ultimate-63,iptables-mod-randmap-master,iptables-mod-randmap-master/usrmod,2,0
ultimate-63,mullvad-browser-main,.,0,1
ultimate-63,mullvad-browser-main,mullvad-browser-main,1,2
ultimate-63,mullvad-browser-main,mullvad-browser-main/.github,0,2
ultimate-63,mullvad-browser-main,mullvad-browser-main/.github/ISSUE_TEMPLATE,5,0
ultimate-63,mullvad-browser-main,mullvad-browser-main/.github/workflows,1,0
ultimate-63,mullvad-browser-main,mullvad-browser-main/scripts,2,0
ultimate-63,mullvad-closest-main,.,0,1
ultimate-63,mullvad-closest-main,mullvad-closest-main,7,1
ultimate-63,mullvad-closest-main,mullvad-closest-main/mullvad_closest,3,0
ultimate-63,mullvad-proxy-main,.,0,1
ultimate-63,mullvad-proxy-main,mullvad-proxy-main,7,3
ultimate-63,mullvad-proxy-main,mullvad-proxy-main/mullvad,1,0
ultimate-63,mullvad-proxy-main,mullvad-proxy-main/proxy,2,0
ultimate-63,mullvad-proxy-main,mullvad-proxy-main/socks5,2,0
ultimate-63,onionsphinkter-production,.,0,1
ultimate-63,onionsphinkter-production,onionsphinkter-production,6,2
ultimate-63,onionsphinkter-production,onionsphinkter-production/dist,0,1
ultimate-63,onionsphinkter-production,onionsphinkter-production/dist/lib,0,1
ultimate-63,onionsphinkter-production,onionsphinkter-production/dist/lib/systemd,0,1
ultimate-63,onionsphinkter-production,onionsphinkter-production/dist/lib/systemd/system,1,0
ultimate-63,onionsphinkter-production,onionsphinkter-production/sphincter,6,0
ultimate-63,php-proxy-app-master,.,0,1
ultimate-63,php-proxy-app-master,php-proxy-app-master,8,3
ultimate-63,php-proxy-app-master,php-proxy-app-master/.github,0,1
ultimate-63,php-proxy-app-master,php-proxy-app-master/.github/workflows,1,0
ultimate-63,php-proxy-app-master,php-proxy-app-master/plugins,2,0
ultimate-63,php-proxy-app-master,php-proxy-app-master/templates,2,0
ultimate-63,ptnettools-main,.,0,1
ultimate-63,ptnettools-main,ptnettools-main,9,0
ultimate-63,smart-vpn-ec2-manager-main,.,0,2
ultimate-63,smart-vpn-ec2-manager-main,__nested_lambda,1,0
ultimate-63,smart-vpn-ec2-manager-main,smart-vpn-ec2-manager-main,7,0
ultimate-63,the-onion-diaries-master,.,0,1
ultimate-63,the-onion-diaries-master,the-onion-diaries-master,3,0
ultimate-63,tor-relay-bootstrap-master,.,0,1
ultimate-63,tor-relay-bootstrap-master,tor-relay-bootstrap-master,4,1
ultimate-63,tor-relay-bootstrap-master,tor-relay-bootstrap-master/etc,0,4
ultimate-63,tor-relay-bootstrap-master,tor-relay-bootstrap-master/etc/apt,0,1
ultimate-63,tor-relay-bootstrap-master,tor-relay-bootstrap-master/etc/apt/apt.conf.d,1,0
ultimate-63,tor-relay-bootstrap-master,tor-relay-bootstrap-master/etc/iptables,2,0
ultimate-63,tor-relay-bootstrap-master,tor-relay-bootstrap-master/etc/monit,0,1
ultimate-63,tor-relay-bootstrap-master,tor-relay-bootstrap-master/etc/monit/conf.d,1,0
ultimate-63,tor-relay-bootstrap-master,tor-relay-bootstrap-master/etc/tor,1,0
ultimate-63,tor.rb-master,.,0,1
ultimate-63,tor.rb-master,tor.rb-master,11,4
ultimate-63,tor.rb-master,tor.rb-master/bin,3,0
ultimate-63,tor.rb-master,tor.rb-master/doc,1,0
ultimate-63,tor.rb-master,tor.rb-master/lib,1,1
ultimate-63,tor.rb-master,tor.rb-master/lib/tor,4,0
ultimate-63,tor.rb-master,tor.rb-master/spec,5,0
ultimate-63,tor_box-master,.,0,1
ultimate-63,tor_box-master,tor_box-master,3,0
ultimate-63,torget-main,.,0,1
ultimate-63,torget-main,torget-main,5,0
post-refactor-20,MITM-DomainFronting-main,.,3,1
post-refactor-20,MITM-DomainFronting-main,Xray-config,2,0
post-refactor-20,MITM-cheatsheet-master,.,3,0
post-refactor-20,Marzban-scripts-master,.,4,0
post-refactor-20,NginxReverseProxy-main,.,7,0
post-refactor-20,Nova-Proxy-App-main,.,15,6
post-refactor-20,Nova-Proxy-App-main,.git,6,5
post-refactor-20,Nova-Proxy-App-main,.git/hooks,14,0
post-refactor-20,Nova-Proxy-App-main,.git/info,1,0
post-refactor-20,Nova-Proxy-App-main,.git/logs,1,1
post-refactor-20,Nova-Proxy-App-main,.git/logs/refs,0,2
post-refactor-20,Nova-Proxy-App-main,.git/logs/refs/heads,1,0
post-refactor-20,Nova-Proxy-App-main,.git/logs/refs/remotes,0,1
post-refactor-20,Nova-Proxy-App-main,.git/logs/refs/remotes/origin,1,0
post-refactor-20,Nova-Proxy-App-main,.git/objects,0,1
post-refactor-20,Nova-Proxy-App-main,.git/objects/pack,3,0
post-refactor-20,Nova-Proxy-App-main,.git/refs,0,2
post-refactor-20,Nova-Proxy-App-main,.git/refs/heads,1,0
post-refactor-20,Nova-Proxy-App-main,.git/refs/remotes,0,1
post-refactor-20,Nova-Proxy-App-main,.git/refs/remotes/origin,1,0
post-refactor-20,Nova-Proxy-App-main,cert,3,0
post-refactor-20,Nova-Proxy-App-main,proxy,22,0
post-refactor-20,Nova-Proxy-App-main,scr,8,0
post-refactor-20,Nova-Proxy-App-main,server,2,0
post-refactor-20,Nova-Proxy-App-main,sysproxy,2,0
post-refactor-20,Nova-Proxy-main,.,10,1
post-refactor-20,Nova-Proxy-main,Htmel,1,1
post-refactor-20,Nova-Proxy-main,Htmel/img,2,0
post-refactor-20,NovaRadar-main,.,16,0
post-refactor-20,Pitraix-main,.,9,0
post-refactor-20,QS-Tunnel-main,.,12,2
post-refactor-20,QS-Tunnel-main,examples,0,2
post-refactor-20,QS-Tunnel-main,examples/xray_core_hysteria,2,0
post-refactor-20,QS-Tunnel-main,examples/xray_core_xhttp_h3,2,0
post-refactor-20,QS-Tunnel-main,utility,4,0
post-refactor-20,cellshift-main,.,7,2
post-refactor-20,cellshift-main,.github,0,1
post-refactor-20,cellshift-main,.github/workflows,1,0
post-refactor-20,cellshift-main,src,6,1
post-refactor-20,cellshift-main,src/lib,4,0
post-refactor-20,mihomo-main,.,4,3
post-refactor-20,mihomo-main,.github,0,2
post-refactor-20,mihomo-main,.github/ISSUE_TEMPLATE,5,0
post-refactor-20,mihomo-main,.github/workflows,2,0
post-refactor-20,mihomo-main,examples,3,0
post-refactor-20,mihomo-main,mihomo,4,1
post-refactor-20,mihomo-main,mihomo/models,7,1
post-refactor-20,mihomo-main,mihomo/models/v1,5,0
post-refactor-20,mullvad-best-server-main,.,10,2
post-refactor-20,mullvad-best-server-main,.github,0,1
post-refactor-20,mullvad-best-server-main,.github/workflows,1,0
post-refactor-20,mullvad-best-server-main,licenses,0,2
post-refactor-20,mullvad-best-server-main,licenses/github.com,0,4
post-refactor-20,mullvad-best-server-main,licenses/github.com/go-ping,0,1
post-refactor-20,mullvad-best-server-main,licenses/github.com/go-ping/ping,1,0
post-refactor-20,mullvad-best-server-main,licenses/github.com/google,0,1
post-refactor-20,mullvad-best-server-main,licenses/github.com/google/uuid,1,0
post-refactor-20,mullvad-best-server-main,licenses/github.com/mattn,0,2
post-refactor-20,mullvad-best-server-main,licenses/github.com/mattn/go-colorable,1,0
post-refactor-20,mullvad-best-server-main,licenses/github.com/mattn/go-isatty,1,0
post-refactor-20,mullvad-best-server-main,licenses/github.com/rs,0,1
post-refactor-20,mullvad-best-server-main,licenses/github.com/rs/zerolog,1,0
post-refactor-20,mullvad-best-server-main,licenses/golang.org,0,1
post-refactor-20,mullvad-best-server-main,licenses/golang.org/x,0,3
post-refactor-20,mullvad-best-server-main,licenses/golang.org/x/net,1,0
post-refactor-20,mullvad-best-server-main,licenses/golang.org/x/sync,0,1
post-refactor-20,mullvad-best-server-main,licenses/golang.org/x/sync/errgroup,1,0
post-refactor-20,mullvad-best-server-main,licenses/golang.org/x/sys,0,1
post-refactor-20,mullvad-best-server-main,licenses/golang.org/x/sys/unix,1,0
post-refactor-20,mullvad-tailscale-main,.,4,0
post-refactor-20,multitor-master,.,5,8
post-refactor-20,multitor-master,.github,2,0
post-refactor-20,multitor-master,bin,1,0
post-refactor-20,multitor-master,etc,1,0
post-refactor-20,multitor-master,lib,9,0
post-refactor-20,multitor-master,log,1,0
post-refactor-20,multitor-master,src,4,0
post-refactor-20,multitor-master,static,0,2
post-refactor-20,multitor-master,static/img,1,0
post-refactor-20,multitor-master,static/man8,1,0
post-refactor-20,multitor-master,templates,3,0
post-refactor-20,nahan-main(2),.,12,1
post-refactor-20,nahan-main(2),.github,0,1
post-refactor-20,nahan-main(2),.github/ISSUE_TEMPLATE,2,0
post-refactor-20,onionperf-master,.,6,1
post-refactor-20,onionperf-master,onionperf,8,0
post-refactor-20,proxy-yoinker-main,.,4,1
post-refactor-20,proxy-yoinker-main,src,5,4
post-refactor-20,proxy-yoinker-main,src/discovery,3,0
post-refactor-20,proxy-yoinker-main,src/io,3,0
post-refactor-20,proxy-yoinker-main,src/network,3,0
post-refactor-20,proxy-yoinker-main,src/parsers,4,0
post-refactor-20,qpp-main,.,11,2
post-refactor-20,qpp-main,.github,0,1
post-refactor-20,qpp-main,.github/workflows,1,0
post-refactor-20,qpp-main,misc,1,0
post-refactor-20,qtun-master,.,5,3
post-refactor-20,qtun-master,.github,0,1
post-refactor-20,qtun-master,.github/workflows,3,0
post-refactor-20,qtun-master,build,4,0
post-refactor-20,qtun-master,src,4,2
post-refactor-20,qtun-master,src/args,1,0
post-refactor-20,qtun-master,src/common,1,0
post-refactor-20,smux-dev,.,14,0
tor-wave-14,Tor-IP-Changer-main,.,7,1
tor-wave-14,Tor-IP-Changer-main,.github,0,1
tor-wave-14,Tor-IP-Changer-main,.github/workflows,1,0
tor-wave-14,TorOverVPN-main,.,3,1
tor-wave-14,TorOverVPN-main,static,1,0
tor-wave-14,Tor_Onion_Proxy_Library-master,.,9,6
tor-wave-14,Tor_Onion_Proxy_Library-master,android,4,1
tor-wave-14,Tor_Onion_Proxy_Library-master,android/src,0,2
tor-wave-14,Tor_Onion_Proxy_Library-master,android/src/androidTest,0,1
tor-wave-14,Tor_Onion_Proxy_Library-master,android/src/androidTest/java,0,1
tor-wave-14,Tor_Onion_Proxy_Library-master,android/src/androidTest/java/com,0,1
tor-wave-14,Tor_Onion_Proxy_Library-master,android/src/androidTest/java/com/msopentech,0,1
tor-wave-14,Tor_Onion_Proxy_Library-master,android/src/androidTest/java/com/msopentech/thali,0,1
tor-wave-14,Tor_Onion_Proxy_Library-master,android/src/androidTest/java/com/msopentech/thali/toronionproxy,2,0
tor-wave-14,Tor_Onion_Proxy_Library-master,android/src/main,1,2
tor-wave-14,Tor_Onion_Proxy_Library-master,android/src/main/java,0,1
tor-wave-14,Tor_Onion_Proxy_Library-master,android/src/main/java/com,0,1
tor-wave-14,Tor_Onion_Proxy_Library-master,android/src/main/java/com/msopentech,0,1
tor-wave-14,Tor_Onion_Proxy_Library-master,android/src/main/java/com/msopentech/thali,0,1
tor-wave-14,Tor_Onion_Proxy_Library-master,android/src/main/java/com/msopentech/thali/android,0,1
tor-wave-14,Tor_Onion_Proxy_Library-master,android/src/main/java/com/msopentech/thali/android/toronionproxy,5,0
tor-wave-14,Tor_Onion_Proxy_Library-master,android/src/main/res,0,4
tor-wave-14,Tor_Onion_Proxy_Library-master,android/src/main/res/raw,1,0
tor-wave-14,Tor_Onion_Proxy_Library-master,android/src/main/res/values,2,0
tor-wave-14,Tor_Onion_Proxy_Library-master,android/src/main/res/values-v11,1,0
tor-wave-14,Tor_Onion_Proxy_Library-master,android/src/main/res/values-v14,1,0
tor-wave-14,Tor_Onion_Proxy_Library-master,android_tor_installer,3,1
tor-wave-14,Tor_Onion_Proxy_Library-master,android_tor_installer/src,0,1
tor-wave-14,Tor_Onion_Proxy_Library-master,android_tor_installer/src/main,1,2
tor-wave-14,Tor_Onion_Proxy_Library-master,android_tor_installer/src/main/java,0,1
tor-wave-14,Tor_Onion_Proxy_Library-master,android_tor_installer/src/main/java/com,0,1
tor-wave-14,Tor_Onion_Proxy_Library-master,android_tor_installer/src/main/java/com/msopentech,0,1
tor-wave-14,Tor_Onion_Proxy_Library-master,android_tor_installer/src/main/java/com/msopentech/thali,0,1
tor-wave-14,Tor_Onion_Proxy_Library-master,android_tor_installer/src/main/java/com/msopentech/thali/android,0,1
tor-wave-14,Tor_Onion_Proxy_Library-master,android_tor_installer/src/main/java/com/msopentech/thali/android/installer,1,0
tor-wave-14,Tor_Onion_Proxy_Library-master,android_tor_installer/src/main/res,0,1
tor-wave-14,Tor_Onion_Proxy_Library-master,android_tor_installer/src/main/res/values,1,0
tor-wave-14,Tor_Onion_Proxy_Library-master,external,0,1
tor-wave-14,Tor_Onion_Proxy_Library-master,external/pluto,0,0
tor-wave-14,Tor_Onion_Proxy_Library-master,gradle,0,1
tor-wave-14,Tor_Onion_Proxy_Library-master,gradle/wrapper,2,0
tor-wave-14,Tor_Onion_Proxy_Library-master,java,3,1
tor-wave-14,Tor_Onion_Proxy_Library-master,java/src,0,2
tor-wave-14,Tor_Onion_Proxy_Library-master,java/src/main,0,2
tor-wave-14,Tor_Onion_Proxy_Library-master,java/src/main/java,0,1
tor-wave-14,Tor_Onion_Proxy_Library-master,java/src/main/java/com,0,1
tor-wave-14,Tor_Onion_Proxy_Library-master,java/src/main/java/com/msopentech,0,1
tor-wave-14,Tor_Onion_Proxy_Library-master,java/src/main/java/com/msopentech/thali,0,1
tor-wave-14,Tor_Onion_Proxy_Library-master,java/src/main/java/com/msopentech/thali/java,0,1
tor-wave-14,Tor_Onion_Proxy_Library-master,java/src/main/java/com/msopentech/thali/java/toronionproxy,3,0
tor-wave-14,Tor_Onion_Proxy_Library-master,java/src/main/resources,2,1
tor-wave-14,Tor_Onion_Proxy_Library-master,java/src/main/resources/native,0,3
tor-wave-14,Tor_Onion_Proxy_Library-master,java/src/main/resources/native/linux,0,2
tor-wave-14,Tor_Onion_Proxy_Library-master,java/src/main/resources/native/linux/x64,1,0
tor-wave-14,Tor_Onion_Proxy_Library-master,java/src/main/resources/native/linux/x86,1,0
tor-wave-14,Tor_Onion_Proxy_Library-master,java/src/main/resources/native/osx,0,1
tor-wave-14,Tor_Onion_Proxy_Library-master,java/src/main/resources/native/osx/x64,1,0
tor-wave-14,Tor_Onion_Proxy_Library-master,java/src/main/resources/native/windows,0,1
tor-wave-14,Tor_Onion_Proxy_Library-master,java/src/main/resources/native/windows/x86,1,0
tor-wave-14,Tor_Onion_Proxy_Library-master,java/src/test,0,1
tor-wave-14,Tor_Onion_Proxy_Library-master,java/src/test/java,1,0
tor-wave-14,Tor_Onion_Proxy_Library-master,universal,5,2
tor-wave-14,Tor_Onion_Proxy_Library-master,universal/gradle,0,1
tor-wave-14,Tor_Onion_Proxy_Library-master,universal/gradle/wrapper,2,0
tor-wave-14,Tor_Onion_Proxy_Library-master,universal/src,0,2
tor-wave-14,Tor_Onion_Proxy_Library-master,universal/src/main,0,1
tor-wave-14,Tor_Onion_Proxy_Library-master,universal/src/main/java,0,1
tor-wave-14,Tor_Onion_Proxy_Library-master,universal/src/main/java/com,0,1
tor-wave-14,Tor_Onion_Proxy_Library-master,universal/src/main/java/com/msopentech,0,1
tor-wave-14,Tor_Onion_Proxy_Library-master,universal/src/main/java/com/msopentech/thali,0,1
tor-wave-14,Tor_Onion_Proxy_Library-master,universal/src/main/java/com/msopentech/thali/toronionproxy,18,0
tor-wave-14,Tor_Onion_Proxy_Library-master,universal/src/test,0,1
tor-wave-14,Tor_Onion_Proxy_Library-master,universal/src/test/java,0,1
tor-wave-14,Tor_Onion_Proxy_Library-master,universal/src/test/java/com,0,1
tor-wave-14,Tor_Onion_Proxy_Library-master,universal/src/test/java/com/msopentech,0,1
tor-wave-14,Tor_Onion_Proxy_Library-master,universal/src/test/java/com/msopentech/thali,0,1
tor-wave-14,Tor_Onion_Proxy_Library-master,universal/src/test/java/com/msopentech/thali/toronionproxy,1,0
tor-wave-14,onion-grater-master,.,7,3
tor-wave-14,onion-grater-master,.github,1,1
tor-wave-14,onion-grater-master,.github/workflows,1,0
tor-wave-14,onion-grater-master,etc,0,1
tor-wave-14,onion-grater-master,etc/apparmor.d,1,0
tor-wave-14,onion-grater-master,usr,0,2
tor-wave-14,onion-grater-master,usr/lib,2,1
tor-wave-14,onion-grater-master,usr/lib/systemd,0,1
tor-wave-14,onion-grater-master,usr/lib/systemd/system,1,0
tor-wave-14,onion-grater-master,usr/share,0,1
tor-wave-14,onion-grater-master,usr/share/doc,0,1
tor-wave-14,onion-grater-master,usr/share/doc/onion-grater-merger,0,1
tor-wave-14,onion-grater-master,usr/share/doc/onion-grater-merger/examples,10,0
tor-wave-14,onionbalance-develop,.,13,4
tor-wave-14,onionbalance-develop,docs,13,0
tor-wave-14,onionbalance-develop,onionbalance,14,1
tor-wave-14,onionbalance-develop,onionbalance/data,3,0
tor-wave-14,onionbalance-develop,scripts,1,0
tor-wave-14,onionbalance-develop,test,6,2
tor-wave-14,onionbalance-develop,test/functional,2,0
tor-wave-14,onionbalance-develop,test/scripts,2,0
tor-wave-14,onionoo-master,.,9,2
tor-wave-14,onionoo-master,lib,1,0
tor-wave-14,onionoo-master,src,0,3
tor-wave-14,onionoo-master,src/build,0,0
tor-wave-14,onionoo-master,src/main,0,2
tor-wave-14,onionoo-master,src/main/java,0,1
tor-wave-14,onionoo-master,src/main/java/org,0,1
tor-wave-14,onionoo-master,src/main/java/org/torproject,0,1
tor-wave-14,onionoo-master,src/main/java/org/torproject/metrics,0,1
tor-wave-14,onionoo-master,src/main/java/org/torproject/metrics/onionoo,1,6
tor-wave-14,onionoo-master,src/main/java/org/torproject/metrics/onionoo/cron,2,0
tor-wave-14,onionoo-master,src/main/java/org/torproject/metrics/onionoo/docs,21,0
tor-wave-14,onionoo-master,src/main/java/org/torproject/metrics/onionoo/server,16,0
tor-wave-14,onionoo-master,src/main/java/org/torproject/metrics/onionoo/updater,21,0
tor-wave-14,onionoo-master,src/main/java/org/torproject/metrics/onionoo/util,2,0
tor-wave-14,onionoo-master,src/main/java/org/torproject/metrics/onionoo/writer,10,0
tor-wave-14,onionoo-master,src/main/resources,5,1
tor-wave-14,onionoo-master,src/main/resources/web,2,0
tor-wave-14,onionoo-master,src/test,0,2
tor-wave-14,onionoo-master,src/test/java,0,1
tor-wave-14,onionoo-master,src/test/java/org,0,1
tor-wave-14,onionoo-master,src/test/java/org/torproject,0,1
tor-wave-14,onionoo-master,src/test/java/org/torproject/metrics,0,1
tor-wave-14,onionoo-master,src/test/java/org/torproject/metrics/onionoo,0,5
tor-wave-14,onionoo-master,src/test/java/org/torproject/metrics/onionoo/docs,9,0
tor-wave-14,onionoo-master,src/test/java/org/torproject/metrics/onionoo/server,3,0
tor-wave-14,onionoo-master,src/test/java/org/torproject/metrics/onionoo/updater,8,0
tor-wave-14,onionoo-master,src/test/java/org/torproject/metrics/onionoo/util,1,0
tor-wave-14,onionoo-master,src/test/java/org/torproject/metrics/onionoo/writer,4,0
tor-wave-14,onionoo-master,src/test/resources,1,0
tor-wave-14,tor-android-master,.,13,4
tor-wave-14,tor-android-master,external,3,6
tor-wave-14,tor-android-master,external/elf-cleaner,0,0
tor-wave-14,tor-android-master,external/libevent,0,0
tor-wave-14,tor-android-master,external/openssl,0,0
tor-wave-14,tor-android-master,external/tor,0,0
tor-wave-14,tor-android-master,external/zlib,0,0
tor-wave-14,tor-android-master,external/zstd,0,0
tor-wave-14,tor-android-master,gradle,2,1
tor-wave-14,tor-android-master,gradle/wrapper,2,0
tor-wave-14,tor-android-master,sampletorapp,2,1
tor-wave-14,tor-android-master,sampletorapp/src,0,1
tor-wave-14,tor-android-master,sampletorapp/src/main,1,2
tor-wave-14,tor-android-master,sampletorapp/src/main/kotlin,0,1
tor-wave-14,tor-android-master,sampletorapp/src/main/kotlin/org,0,1
tor-wave-14,tor-android-master,sampletorapp/src/main/kotlin/org/torproject,0,1
tor-wave-14,tor-android-master,sampletorapp/src/main/kotlin/org/torproject/android,0,1
tor-wave-14,tor-android-master,sampletorapp/src/main/kotlin/org/torproject/android/sample,2,0
tor-wave-14,tor-android-master,sampletorapp/src/main/res,0,4
tor-wave-14,tor-android-master,sampletorapp/src/main/res/drawable,2,0
tor-wave-14,tor-android-master,sampletorapp/src/main/res/layout,1,0
tor-wave-14,tor-android-master,sampletorapp/src/main/res/mipmap-anydpi-v26,2,0
tor-wave-14,tor-android-master,sampletorapp/src/main/res/values,1,0
tor-wave-14,tor-android-master,tor-android-binary,4,1
tor-wave-14,tor-android-master,tor-android-binary/src,0,2
tor-wave-14,tor-android-master,tor-android-binary/src/androidTest,0,1
tor-wave-14,tor-android-master,tor-android-binary/src/androidTest/java,0,1
tor-wave-14,tor-android-master,tor-android-binary/src/androidTest/java/org,0,1
tor-wave-14,tor-android-master,tor-android-binary/src/androidTest/java/org/torproject,0,1
tor-wave-14,tor-android-master,tor-android-binary/src/androidTest/java/org/torproject/jni,2,0
tor-wave-14,tor-android-master,tor-android-binary/src/main,2,2
tor-wave-14,tor-android-master,tor-android-binary/src/main/java,0,1
tor-wave-14,tor-android-master,tor-android-binary/src/main/java/org,0,1
tor-wave-14,tor-android-master,tor-android-binary/src/main/java/org/torproject,0,1
tor-wave-14,tor-android-master,tor-android-binary/src/main/java/org/torproject/jni,1,0
tor-wave-14,tor-android-master,tor-android-binary/src/main/libs,4,0
tor-wave-14,tor-controller-master,.,8,5
tor-wave-14,tor-controller-master,cmd,0,2
tor-wave-14,tor-controller-master,cmd/controller-manager,1,0
tor-wave-14,tor-controller-master,cmd/tor-local-manager,1,0
tor-wave-14,tor-controller-master,hack,3,1
tor-wave-14,tor-controller-master,hack/sample,1,0
tor-wave-14,tor-controller-master,pkg,1,7
tor-wave-14,tor-controller-master,pkg/apis,1,1
tor-wave-14,tor-controller-master,pkg/apis/tor,1,1
tor-wave-14,tor-controller-master,pkg/apis/tor/v1alpha1,7,0
tor-wave-14,tor-controller-master,pkg/client,0,3
tor-wave-14,tor-controller-master,pkg/client/clientset,0,1
tor-wave-14,tor-controller-master,pkg/client/clientset/versioned,2,3
tor-wave-14,tor-controller-master,pkg/client/clientset/versioned/fake,3,0
tor-wave-14,tor-controller-master,pkg/client/clientset/versioned/scheme,2,0
tor-wave-14,tor-controller-master,pkg/client/clientset/versioned/typed,0,1
tor-wave-14,tor-controller-master,pkg/client/clientset/versioned/typed/tor,0,1
tor-wave-14,tor-controller-master,pkg/client/clientset/versioned/typed/tor/v1alpha1,4,1
tor-wave-14,tor-controller-master,pkg/client/clientset/versioned/typed/tor/v1alpha1/fake,3,0
tor-wave-14,tor-controller-master,pkg/client/informers,0,1
tor-wave-14,tor-controller-master,pkg/client/informers/externalversions,2,2
tor-wave-14,tor-controller-master,pkg/client/informers/externalversions/internalinterfaces,1,0
tor-wave-14,tor-controller-master,pkg/client/informers/externalversions/tor,1,1
tor-wave-14,tor-controller-master,pkg/client/informers/externalversions/tor/v1alpha1,2,0
tor-wave-14,tor-controller-master,pkg/client/listers,0,1
tor-wave-14,tor-controller-master,pkg/client/listers/tor,0,1
tor-wave-14,tor-controller-master,pkg/client/listers/tor/v1alpha1,2,0
tor-wave-14,tor-controller-master,pkg/config,1,0
tor-wave-14,tor-controller-master,pkg/controller,1,1
tor-wave-14,tor-controller-master,pkg/controller/onionservice,8,0
tor-wave-14,tor-controller-master,pkg/inject,3,1
tor-wave-14,tor-controller-master,pkg/inject/args,1,0
tor-wave-14,tor-controller-master,pkg/local,2,0
tor-wave-14,tor-controller-master,pkg/tordaemon,1,0
tor-wave-14,tor-controller-master,tor-daemon,2,0
tor-wave-14,tor-controller-master,vendor,0,7
tor-wave-14,tor-controller-master,vendor/cloud.google.com,0,1
tor-wave-14,tor-controller-master,vendor/cloud.google.com/go,14,30
tor-wave-14,tor-controller-master,vendor/cloud.google.com/go/bigquery,19,2
tor-wave-14,tor-controller-master,vendor/cloud.google.com/go/bigquery/benchmarks,3,0
tor-wave-14,tor-controller-master,vendor/cloud.google.com/go/bigquery/datatransfer,0,1
tor-wave-14,tor-controller-master,vendor/cloud.google.com/go/bigquery/datatransfer/apiv1,3,0
tor-wave-14,tor-controller-master,vendor/cloud.google.com/go/bigtable,8,4
tor-wave-14,tor-controller-master,vendor/cloud.google.com/go/bigtable/bttest,1,0
tor-wave-14,tor-controller-master,vendor/cloud.google.com/go/bigtable/cmd,0,4
tor-wave-14,tor-controller-master,vendor/cloud.google.com/go/bigtable/cmd/cbt,2,0
tor-wave-14,tor-controller-master,vendor/cloud.google.com/go/bigtable/cmd/emulator,1,0
tor-wave-14,tor-controller-master,vendor/cloud.google.com/go/bigtable/cmd/loadtest,1,0
tor-wave-14,tor-controller-master,vendor/cloud.google.com/go/bigtable/cmd/scantest,1,0
tor-wave-14,tor-controller-master,vendor/cloud.google.com/go/bigtable/internal,0,4
tor-wave-14,tor-controller-master,vendor/cloud.google.com/go/bigtable/internal/cbtconfig,1,0
tor-wave-14,tor-controller-master,vendor/cloud.google.com/go/bigtable/internal/gax,2,0
tor-wave-14,tor-controller-master,vendor/cloud.google.com/go/bigtable/internal/option,1,0
tor-wave-14,tor-controller-master,vendor/cloud.google.com/go/bigtable/internal/stat,1,0
tor-wave-14,tor-controller-master,vendor/cloud.google.com/go/bigtable/testdata,1,0
tor-wave-14,tor-controller-master,vendor/cloud.google.com/go/civil,1,0
tor-wave-14,tor-controller-master,vendor/cloud.google.com/go/cmd,0,1
tor-wave-14,tor-controller-master,vendor/cloud.google.com/go/cmd/go-cloud-debug-agent,1,1
tor-wave-14,tor-controller-master,vendor/cloud.google.com/go/cmd/go-cloud-debug-agent/internal,0,3
tor-wave-14,tor-controller-master,vendor/cloud.google.com/go/cmd/go-cloud-debug-agent/internal/breakpoints,1,0
tor-wave-14,tor-controller-master,vendor/cloud.google.com/go/cmd/go-cloud-debug-agent/internal/controller,1,0
tor-wave-14,tor-controller-master,vendor/cloud.google.com/go/cmd/go-cloud-debug-agent/internal/valuecollector,1,0
tor-wave-14,tor-controller-master,vendor/cloud.google.com/go/compute,0,1
tor-wave-14,tor-controller-master,vendor/cloud.google.com/go/compute/metadata,1,0
tor-wave-14,tor-controller-master,vendor/cloud.google.com/go/container,1,1
tor-wave-14,tor-controller-master,vendor/cloud.google.com/go/container/apiv1,2,0
tor-wave-14,tor-controller-master,vendor/cloud.google.com/go/dataproc,0,1
tor-wave-14,tor-controller-master,vendor/cloud.google.com/go/dataproc/apiv1,3,0
tor-wave-14,tor-controller-master,vendor/cloud.google.com/go/datastore,12,1
tor-wave-14,tor-controller-master,vendor/cloud.google.com/go/datastore/testdata,1,0
tor-wave-14,tor-controller-master,vendor/cloud.google.com/go/debugger,0,1
tor-wave-14,tor-controller-master,vendor/cloud.google.com/go/debugger/apiv2,3,0
tor-wave-14,tor-controller-master,vendor/cloud.google.com/go/dlp,0,2
tor-wave-14,tor-controller-master,vendor/cloud.google.com/go/dlp/apiv2,2,0
tor-wave-14,tor-controller-master,vendor/cloud.google.com/go/dlp/apiv2beta1,3,0
tor-wave-14,tor-controller-master,vendor/cloud.google.com/go/errorreporting,1,1
tor-wave-14,tor-controller-master,vendor/cloud.google.com/go/errorreporting/apiv1beta1,5,0
tor-wave-14,tor-controller-master,vendor/cloud.google.com/go/firestore,15,4
tor-wave-14,tor-controller-master,vendor/cloud.google.com/go/firestore/apiv1beta1,3,0
tor-wave-14,tor-controller-master,vendor/cloud.google.com/go/firestore/genproto,1,0
tor-wave-14,tor-controller-master,vendor/cloud.google.com/go/firestore/internal,4,0
tor-wave-14,tor-controller-master,vendor/cloud.google.com/go/firestore/testdata,140,0
tor-wave-14,tor-controller-master,vendor/cloud.google.com/go/iam,1,1
tor-wave-14,tor-controller-master,vendor/cloud.google.com/go/iam/admin,0,1
tor-wave-14,tor-controller-master,vendor/cloud.google.com/go/iam/admin/apiv1,3,0
tor-wave-14,tor-controller-master,vendor/cloud.google.com/go/internal,2,13
tor-wave-14,tor-controller-master,vendor/cloud.google.com/go/internal/atomiccache,1,0
tor-wave-14,tor-controller-master,vendor/cloud.google.com/go/internal/btree,3,0
tor-wave-14,tor-controller-master,vendor/cloud.google.com/go/internal/fields,2,0
tor-wave-14,tor-controller-master,vendor/cloud.google.com/go/internal/kokoro,2,0
tor-wave-14,tor-controller-master,vendor/cloud.google.com/go/internal/optional,1,0
tor-wave-14,tor-controller-master,vendor/cloud.google.com/go/internal/pretty,2,0
tor-wave-14,tor-controller-master,vendor/cloud.google.com/go/internal/protostruct,1,0
tor-wave-14,tor-controller-master,vendor/cloud.google.com/go/internal/readme,3,1
tor-wave-14,tor-controller-master,vendor/cloud.google.com/go/internal/readme/testdata,8,0
tor-wave-14,tor-controller-master,vendor/cloud.google.com/go/internal/snipdoc,3,0
tor-wave-14,tor-controller-master,vendor/cloud.google.com/go/internal/testutil,5,0
tor-wave-14,tor-controller-master,vendor/cloud.google.com/go/internal/trace,2,0
tor-wave-14,tor-controller-master,vendor/cloud.google.com/go/internal/tracecontext,1,0
tor-wave-14,tor-controller-master,vendor/cloud.google.com/go/internal/version,2,0
tor-wave-14,tor-controller-master,vendor/cloud.google.com/go/language,0,2
tor-wave-14,tor-controller-master,vendor/cloud.google.com/go/language/apiv1,2,0
tor-wave-14,tor-controller-master,vendor/cloud.google.com/go/language/apiv1beta2,2,0
tor-wave-14,tor-controller-master,vendor/cloud.google.com/go/logging,2,3
tor-wave-14,tor-controller-master,vendor/cloud.google.com/go/logging/apiv2,6,0
tor-wave-14,tor-controller-master,vendor/cloud.google.com/go/logging/internal,1,1
tor-wave-14,tor-controller-master,vendor/cloud.google.com/go/logging/internal/testing,2,0
tor-wave-14,tor-controller-master,vendor/cloud.google.com/go/logging/logadmin,4,0
tor-wave-14,tor-controller-master,vendor/cloud.google.com/go/longrunning,1,1
tor-wave-14,tor-controller-master,vendor/cloud.google.com/go/longrunning/autogen,3,0
tor-wave-14,tor-controller-master,vendor/cloud.google.com/go/monitoring,0,1
tor-wave-14,tor-controller-master,vendor/cloud.google.com/go/monitoring/apiv3,7,0
tor-wave-14,tor-controller-master,vendor/cloud.google.com/go/oslogin,0,1
tor-wave-14,tor-controller-master,vendor/cloud.google.com/go/oslogin/apiv1beta,2,0
tor-wave-14,tor-controller-master,vendor/cloud.google.com/go/privacy,0,1
tor-wave-14,tor-controller-master,vendor/cloud.google.com/go/privacy/dlp,0,1
tor-wave-14,tor-controller-master,vendor/cloud.google.com/go/privacy/dlp/apiv2beta2,2,0
tor-wave-14,tor-controller-master,vendor/cloud.google.com/go/profiler,5,3
tor-wave-14,tor-controller-master,vendor/cloud.google.com/go/profiler/busybench,1,0
tor-wave-14,tor-controller-master,vendor/cloud.google.com/go/profiler/mocks,1,0
tor-wave-14,tor-controller-master,vendor/cloud.google.com/go/profiler/proftest,1,0
tor-wave-14,tor-controller-master,vendor/cloud.google.com/go/pubsub,12,4
tor-wave-14,tor-controller-master,vendor/cloud.google.com/go/pubsub/apiv1,5,0
tor-wave-14,tor-controller-master,vendor/cloud.google.com/go/pubsub/internal,0,1
tor-wave-14,tor-controller-master,vendor/cloud.google.com/go/pubsub/internal/distribution,1,0
tor-wave-14,tor-controller-master,vendor/cloud.google.com/go/pubsub/loadtest,1,2
tor-wave-14,tor-controller-master,vendor/cloud.google.com/go/pubsub/loadtest/cmd,1,0
tor-wave-14,tor-controller-master,vendor/cloud.google.com/go/pubsub/loadtest/pb,1,0
tor-wave-14,tor-controller-master,vendor/cloud.google.com/go/pubsub/pstest,1,0
tor-wave-14,tor-controller-master,vendor/cloud.google.com/go/rpcreplay,3,1
tor-wave-14,tor-controller-master,vendor/cloud.google.com/go/rpcreplay/proto,0,2
tor-wave-14,tor-controller-master,vendor/cloud.google.com/go/rpcreplay/proto/intstore,2,0
tor-wave-14,tor-controller-master,vendor/cloud.google.com/go/rpcreplay/proto/rpcreplay,2,0
tor-wave-14,tor-controller-master,vendor/cloud.google.com/go/spanner,21,3
tor-wave-14,tor-controller-master,vendor/cloud.google.com/go/spanner/admin,0,2
tor-wave-14,tor-controller-master,vendor/cloud.google.com/go/spanner/admin/database,0,1
tor-wave-14,tor-controller-master,vendor/cloud.google.com/go/spanner/admin/database/apiv1,3,0
tor-wave-14,tor-controller-master,vendor/cloud.google.com/go/spanner/admin/instance,0,1
tor-wave-14,tor-controller-master,vendor/cloud.google.com/go/spanner/admin/instance/apiv1,3,0
tor-wave-14,tor-controller-master,vendor/cloud.google.com/go/spanner/apiv1,3,0
tor-wave-14,tor-controller-master,vendor/cloud.google.com/go/spanner/internal,0,1
tor-wave-14,tor-controller-master,vendor/cloud.google.com/go/spanner/internal/testutil,2,0
tor-wave-14,tor-controller-master,vendor/cloud.google.com/go/speech,0,2
tor-wave-14,tor-controller-master,vendor/cloud.google.com/go/speech/apiv1,2,0
tor-wave-14,tor-controller-master,vendor/cloud.google.com/go/speech/apiv1beta1,2,0
tor-wave-14,tor-controller-master,vendor/cloud.google.com/go/storage,14,1
tor-wave-14,tor-controller-master,vendor/cloud.google.com/go/storage/testdata,2,0
tor-wave-14,tor-controller-master,vendor/cloud.google.com/go/trace,4,3
tor-wave-14,tor-controller-master,vendor/cloud.google.com/go/trace/apiv1,2,0
tor-wave-14,tor-controller-master,vendor/cloud.google.com/go/trace/apiv2,3,0
tor-wave-14,tor-controller-master,vendor/cloud.google.com/go/trace/testdata,0,1
tor-wave-14,tor-controller-master,vendor/cloud.google.com/go/trace/testdata/helloworld,2,0
tor-wave-14,tor-controller-master,vendor/cloud.google.com/go/translate,1,1
tor-wave-14,tor-controller-master,vendor/cloud.google.com/go/translate/internal,0,1
tor-wave-14,tor-controller-master,vendor/cloud.google.com/go/translate/internal/translate,0,1
tor-wave-14,tor-controller-master,vendor/cloud.google.com/go/translate/internal/translate/v2,4,0
tor-wave-14,tor-controller-master,vendor/cloud.google.com/go/videointelligence,0,3
tor-wave-14,tor-controller-master,vendor/cloud.google.com/go/videointelligence/apiv1,2,0
tor-wave-14,tor-controller-master,vendor/cloud.google.com/go/videointelligence/apiv1beta1,2,0
tor-wave-14,tor-controller-master,vendor/cloud.google.com/go/videointelligence/apiv1beta2,3,0
tor-wave-14,tor-controller-master,vendor/cloud.google.com/go/vision,0,2
tor-wave-14,tor-controller-master,vendor/cloud.google.com/go/vision/apiv1,6,0
tor-wave-14,tor-controller-master,vendor/cloud.google.com/go/vision/apiv1p1beta1,2,0
tor-wave-14,tor-controller-master,vendor/github.com,0,18
tor-wave-14,tor-controller-master,vendor/github.com/PuerkitoBio,0,2
tor-wave-14,tor-controller-master,vendor/github.com/PuerkitoBio/purell,5,1
tor-wave-14,tor-controller-master,vendor/github.com/PuerkitoBio/purell/benchmarks,1,0
tor-wave-14,tor-controller-master,vendor/github.com/PuerkitoBio/urlesc,4,0
tor-wave-14,tor-controller-master,vendor/github.com/davecgh,0,1
tor-wave-14,tor-controller-master,vendor/github.com/davecgh/go-spew,6,1
tor-wave-14,tor-controller-master,vendor/github.com/davecgh/go-spew/spew,8,1
tor-wave-14,tor-controller-master,vendor/github.com/davecgh/go-spew/spew/testdata,1,0
tor-wave-14,tor-controller-master,vendor/github.com/emicklei,0,1
tor-wave-14,tor-controller-master,vendor/github.com/emicklei/go-restful,36,2
tor-wave-14,tor-controller-master,vendor/github.com/emicklei/go-restful/examples,22,2
tor-wave-14,tor-controller-master,vendor/github.com/emicklei/go-restful/examples/google_app_engine,4,1
tor-wave-14,tor-controller-master,vendor/github.com/emicklei/go-restful/examples/google_app_engine/datastore,3,0
tor-wave-14,tor-controller-master,vendor/github.com/emicklei/go-restful/examples/msgpack,1,0
tor-wave-14,tor-controller-master,vendor/github.com/emicklei/go-restful/log,1,0
tor-wave-14,tor-controller-master,vendor/github.com/ghodss,0,1
tor-wave-14,tor-controller-master,vendor/github.com/ghodss/yaml,6,0
tor-wave-14,tor-controller-master,vendor/github.com/go-openapi,0,4
tor-wave-14,tor-controller-master,vendor/github.com/go-openapi/jsonpointer,7,1
tor-wave-14,tor-controller-master,vendor/github.com/go-openapi/jsonpointer/.github,1,0
tor-wave-14,tor-controller-master,vendor/github.com/go-openapi/jsonreference,6,1
tor-wave-14,tor-controller-master,vendor/github.com/go-openapi/jsonreference/.github,1,0
tor-wave-14,tor-controller-master,vendor/github.com/go-openapi/spec,27,3
tor-wave-14,tor-controller-master,vendor/github.com/go-openapi/spec/.github,1,0
tor-wave-14,tor-controller-master,vendor/github.com/go-openapi/spec/fixtures,0,4
tor-wave-14,tor-controller-master,vendor/github.com/go-openapi/spec/fixtures/expansion,13,0
tor-wave-14,tor-controller-master,vendor/github.com/go-openapi/spec/fixtures/local_expansion,2,0
tor-wave-14,tor-controller-master,vendor/github.com/go-openapi/spec/fixtures/remote,1,1
tor-wave-14,tor-controller-master,vendor/github.com/go-openapi/spec/fixtures/remote/pet,1,0
tor-wave-14,tor-controller-master,vendor/github.com/go-openapi/spec/fixtures/specs,5,1
tor-wave-14,tor-controller-master,vendor/github.com/go-openapi/spec/fixtures/specs/deeper,2,0
tor-wave-14,tor-controller-master,vendor/github.com/go-openapi/spec/schemas,1,1
tor-wave-14,tor-controller-master,vendor/github.com/go-openapi/spec/schemas/v2,2,0
tor-wave-14,tor-controller-master,vendor/github.com/go-openapi/swag,16,1
tor-wave-14,tor-controller-master,vendor/github.com/go-openapi/swag/.github,1,0
tor-wave-14,tor-controller-master,vendor/github.com/gogo,0,1
tor-wave-14,tor-controller-master,vendor/github.com/gogo/protobuf,14,23
tor-wave-14,tor-controller-master,vendor/github.com/gogo/protobuf/_conformance,2,1
tor-wave-14,tor-controller-master,vendor/github.com/gogo/protobuf/_conformance/conformance_proto,2,0
tor-wave-14,tor-controller-master,vendor/github.com/gogo/protobuf/codec,1,0
tor-wave-14,tor-controller-master,vendor/github.com/gogo/protobuf/gogoproto,6,0
tor-wave-14,tor-controller-master,vendor/github.com/gogo/protobuf/gogoreplace,1,0
tor-wave-14,tor-controller-master,vendor/github.com/gogo/protobuf/io,4,0
tor-wave-14,tor-controller-master,vendor/github.com/gogo/protobuf/jsonpb,1,1
tor-wave-14,tor-controller-master,vendor/github.com/gogo/protobuf/jsonpb/jsonpb_test_proto,6,0
tor-wave-14,tor-controller-master,vendor/github.com/gogo/protobuf/plugin,0,16
tor-wave-14,tor-controller-master,vendor/github.com/gogo/protobuf/plugin/compare,2,0
tor-wave-14,tor-controller-master,vendor/github.com/gogo/protobuf/plugin/defaultcheck,1,0
tor-wave-14,tor-controller-master,vendor/github.com/gogo/protobuf/plugin/description,2,0
tor-wave-14,tor-controller-master,vendor/github.com/gogo/protobuf/plugin/embedcheck,1,0
tor-wave-14,tor-controller-master,vendor/github.com/gogo/protobuf/plugin/enumstringer,1,0
tor-wave-14,tor-controller-master,vendor/github.com/gogo/protobuf/plugin/equal,2,0
tor-wave-14,tor-controller-master,vendor/github.com/gogo/protobuf/plugin/face,2,0
tor-wave-14,tor-controller-master,vendor/github.com/gogo/protobuf/plugin/gostring,2,0
tor-wave-14,tor-controller-master,vendor/github.com/gogo/protobuf/plugin/marshalto,1,0
tor-wave-14,tor-controller-master,vendor/github.com/gogo/protobuf/plugin/oneofcheck,1,0
tor-wave-14,tor-controller-master,vendor/github.com/gogo/protobuf/plugin/populate,1,0
tor-wave-14,tor-controller-master,vendor/github.com/gogo/protobuf/plugin/size,2,0
tor-wave-14,tor-controller-master,vendor/github.com/gogo/protobuf/plugin/stringer,2,0
tor-wave-14,tor-controller-master,vendor/github.com/gogo/protobuf/plugin/testgen,1,0
tor-wave-14,tor-controller-master,vendor/github.com/gogo/protobuf/plugin/union,2,0
tor-wave-14,tor-controller-master,vendor/github.com/gogo/protobuf/plugin/unmarshal,1,0
tor-wave-14,tor-controller-master,vendor/github.com/gogo/protobuf/proto,27,2
tor-wave-14,tor-controller-master,vendor/github.com/gogo/protobuf/proto/proto3_proto,2,0
tor-wave-14,tor-controller-master,vendor/github.com/gogo/protobuf/proto/testdata,4,0
tor-wave-14,tor-controller-master,vendor/github.com/gogo/protobuf/protobuf,1,1
tor-wave-14,tor-controller-master,vendor/github.com/gogo/protobuf/protobuf/google,0,1
tor-wave-14,tor-controller-master,vendor/github.com/gogo/protobuf/protobuf/google/protobuf,8,1
tor-wave-14,tor-controller-master,vendor/github.com/gogo/protobuf/protobuf/google/protobuf/compiler,1,0
tor-wave-14,tor-controller-master,vendor/github.com/gogo/protobuf/protoc-gen-combo,1,0
tor-wave-14,tor-controller-master,vendor/github.com/gogo/protobuf/protoc-gen-gofast,1,0
tor-wave-14,tor-controller-master,vendor/github.com/gogo/protobuf/protoc-gen-gogo,3,5
tor-wave-14,tor-controller-master,vendor/github.com/gogo/protobuf/protoc-gen-gogo/descriptor,5,0
tor-wave-14,tor-controller-master,vendor/github.com/gogo/protobuf/protoc-gen-gogo/generator,2,0
tor-wave-14,tor-controller-master,vendor/github.com/gogo/protobuf/protoc-gen-gogo/grpc,1,0
tor-wave-14,tor-controller-master,vendor/github.com/gogo/protobuf/protoc-gen-gogo/plugin,2,0
tor-wave-14,tor-controller-master,vendor/github.com/gogo/protobuf/protoc-gen-gogo/testdata,10,2
tor-wave-14,tor-controller-master,vendor/github.com/gogo/protobuf/protoc-gen-gogo/testdata/multi,4,0
tor-wave-14,tor-controller-master,vendor/github.com/gogo/protobuf/protoc-gen-gogo/testdata/my_test,2,0
tor-wave-14,tor-controller-master,vendor/github.com/gogo/protobuf/protoc-gen-gogofast,1,0
tor-wave-14,tor-controller-master,vendor/github.com/gogo/protobuf/protoc-gen-gogofaster,1,0
tor-wave-14,tor-controller-master,vendor/github.com/gogo/protobuf/protoc-gen-gogoslick,1,0
tor-wave-14,tor-controller-master,vendor/github.com/gogo/protobuf/protoc-gen-gogotypes,1,0
tor-wave-14,tor-controller-master,vendor/github.com/gogo/protobuf/protoc-gen-gostring,1,0
tor-wave-14,tor-controller-master,vendor/github.com/gogo/protobuf/protoc-min-version,1,0
tor-wave-14,tor-controller-master,vendor/github.com/gogo/protobuf/sortkeys,1,0
tor-wave-14,tor-controller-master,vendor/github.com/gogo/protobuf/test,6,61
tor-wave-14,tor-controller-master,vendor/github.com/gogo/protobuf/test/asymetric-issue125,4,0
tor-wave-14,tor-controller-master,vendor/github.com/gogo/protobuf/test/casttype,3,1
tor-wave-14,tor-controller-master,vendor/github.com/gogo/protobuf/test/casttype/combos,0,4
tor-wave-14,tor-controller-master,vendor/github.com/gogo/protobuf/test/casttype/combos/both,2,0
tor-wave-14,tor-controller-master,vendor/github.com/gogo/protobuf/test/casttype/combos/marshaler,2,0
tor-wave-14,tor-controller-master,vendor/github.com/gogo/protobuf/test/casttype/combos/neither,2,0
tor-wave-14,tor-controller-master,vendor/github.com/gogo/protobuf/test/casttype/combos/unmarshaler,2,0
tor-wave-14,tor-controller-master,vendor/github.com/gogo/protobuf/test/castvalue,4,1
tor-wave-14,tor-controller-master,vendor/github.com/gogo/protobuf/test/castvalue/combos,0,3
tor-wave-14,tor-controller-master,vendor/github.com/gogo/protobuf/test/castvalue/combos/both,3,0
tor-wave-14,tor-controller-master,vendor/github.com/gogo/protobuf/test/castvalue/combos/marshaler,3,0
tor-wave-14,tor-controller-master,vendor/github.com/gogo/protobuf/test/castvalue/combos/unmarshaler,3,0
tor-wave-14,tor-controller-master,vendor/github.com/gogo/protobuf/test/combos,0,3
tor-wave-14,tor-controller-master,vendor/github.com/gogo/protobuf/test/combos/both,4,0
tor-wave-14,tor-controller-master,vendor/github.com/gogo/protobuf/test/combos/marshaler,4,0
tor-wave-14,tor-controller-master,vendor/github.com/gogo/protobuf/test/combos/unmarshaler,4,0
tor-wave-14,tor-controller-master,vendor/github.com/gogo/protobuf/test/custom,1,0
tor-wave-14,tor-controller-master,vendor/github.com/gogo/protobuf/test/custom-dash-type,1,0
tor-wave-14,tor-controller-master,vendor/github.com/gogo/protobuf/test/custombytesnonstruct,4,0
tor-wave-14,tor-controller-master,vendor/github.com/gogo/protobuf/test/dashfilename,2,0
tor-wave-14,tor-controller-master,vendor/github.com/gogo/protobuf/test/data,3,0
tor-wave-14,tor-controller-master,vendor/github.com/gogo/protobuf/test/defaultconflict,6,0
tor-wave-14,tor-controller-master,vendor/github.com/gogo/protobuf/test/embedconflict,8,0
tor-wave-14,tor-controller-master,vendor/github.com/gogo/protobuf/test/empty-issue70,3,0
tor-wave-14,tor-controller-master,vendor/github.com/gogo/protobuf/test/enumcustomname,3,0
tor-wave-14,tor-controller-master,vendor/github.com/gogo/protobuf/test/enumdecl,4,0
tor-wave-14,tor-controller-master,vendor/github.com/gogo/protobuf/test/enumdecl_all,4,0
tor-wave-14,tor-controller-master,vendor/github.com/gogo/protobuf/test/enumprefix,3,0
tor-wave-14,tor-controller-master,vendor/github.com/gogo/protobuf/test/enumstringer,4,0
tor-wave-14,tor-controller-master,vendor/github.com/gogo/protobuf/test/example,3,0
tor-wave-14,tor-controller-master,vendor/github.com/gogo/protobuf/test/filedotname,3,0
tor-wave-14,tor-controller-master,vendor/github.com/gogo/protobuf/test/fuzztests,3,0
tor-wave-14,tor-controller-master,vendor/github.com/gogo/protobuf/test/group,3,0
tor-wave-14,tor-controller-master,vendor/github.com/gogo/protobuf/test/importdedup,3,1
tor-wave-14,tor-controller-master,vendor/github.com/gogo/protobuf/test/importdedup/subpkg,3,0
tor-wave-14,tor-controller-master,vendor/github.com/gogo/protobuf/test/importduplicate,3,2
tor-wave-14,tor-controller-master,vendor/github.com/gogo/protobuf/test/importduplicate/proto,2,0
tor-wave-14,tor-controller-master,vendor/github.com/gogo/protobuf/test/importduplicate/sortkeys,2,0
tor-wave-14,tor-controller-master,vendor/github.com/gogo/protobuf/test/indeximport-issue72,3,1
tor-wave-14,tor-controller-master,vendor/github.com/gogo/protobuf/test/indeximport-issue72/index,2,0
tor-wave-14,tor-controller-master,vendor/github.com/gogo/protobuf/test/int64support,4,0
tor-wave-14,tor-controller-master,vendor/github.com/gogo/protobuf/test/issue260,5,0
tor-wave-14,tor-controller-master,vendor/github.com/gogo/protobuf/test/issue261,3,0
tor-wave-14,tor-controller-master,vendor/github.com/gogo/protobuf/test/issue262,3,0
tor-wave-14,tor-controller-master,vendor/github.com/gogo/protobuf/test/issue270,1,2
tor-wave-14,tor-controller-master,vendor/github.com/gogo/protobuf/test/issue270/a,2,0
tor-wave-14,tor-controller-master,vendor/github.com/gogo/protobuf/test/issue270/b,1,0
tor-wave-14,tor-controller-master,vendor/github.com/gogo/protobuf/test/issue312,3,1
tor-wave-14,tor-controller-master,vendor/github.com/gogo/protobuf/test/issue312/events,3,0
tor-wave-14,tor-controller-master,vendor/github.com/gogo/protobuf/test/issue322,3,0
tor-wave-14,tor-controller-master,vendor/github.com/gogo/protobuf/test/issue330,4,0
tor-wave-14,tor-controller-master,vendor/github.com/gogo/protobuf/test/issue34,3,0
tor-wave-14,tor-controller-master,vendor/github.com/gogo/protobuf/test/issue42order,3,0
tor-wave-14,tor-controller-master,vendor/github.com/gogo/protobuf/test/issue8,3,0
tor-wave-14,tor-controller-master,vendor/github.com/gogo/protobuf/test/jsonpb-gogo,1,0
tor-wave-14,tor-controller-master,vendor/github.com/gogo/protobuf/test/mapdefaults,4,1
tor-wave-14,tor-controller-master,vendor/github.com/gogo/protobuf/test/mapdefaults/combos,0,4
tor-wave-14,tor-controller-master,vendor/github.com/gogo/protobuf/test/mapdefaults/combos/both,2,0
tor-wave-14,tor-controller-master,vendor/github.com/gogo/protobuf/test/mapdefaults/combos/marshaler,2,0
tor-wave-14,tor-controller-master,vendor/github.com/gogo/protobuf/test/mapdefaults/combos/neither,2,0
tor-wave-14,tor-controller-master,vendor/github.com/gogo/protobuf/test/mapdefaults/combos/unmarshaler,2,0
tor-wave-14,tor-controller-master,vendor/github.com/gogo/protobuf/test/mapsproto2,5,1
tor-wave-14,tor-controller-master,vendor/github.com/gogo/protobuf/test/mapsproto2/combos,0,4
tor-wave-14,tor-controller-master,vendor/github.com/gogo/protobuf/test/mapsproto2/combos/both,2,0
tor-wave-14,tor-controller-master,vendor/github.com/gogo/protobuf/test/mapsproto2/combos/marshaler,2,0
tor-wave-14,tor-controller-master,vendor/github.com/gogo/protobuf/test/mapsproto2/combos/neither,2,0
tor-wave-14,tor-controller-master,vendor/github.com/gogo/protobuf/test/mapsproto2/combos/unmarshaler,2,0
tor-wave-14,tor-controller-master,vendor/github.com/gogo/protobuf/test/mixbench,10,0
tor-wave-14,tor-controller-master,vendor/github.com/gogo/protobuf/test/moredefaults,3,0
tor-wave-14,tor-controller-master,vendor/github.com/gogo/protobuf/test/nopackage,3,0
tor-wave-14,tor-controller-master,vendor/github.com/gogo/protobuf/test/oneof,3,1
tor-wave-14,tor-controller-master,vendor/github.com/gogo/protobuf/test/oneof/combos,0,4
tor-wave-14,tor-controller-master,vendor/github.com/gogo/protobuf/test/oneof/combos/both,2,0
tor-wave-14,tor-controller-master,vendor/github.com/gogo/protobuf/test/oneof/combos/marshaler,2,0
tor-wave-14,tor-controller-master,vendor/github.com/gogo/protobuf/test/oneof/combos/neither,2,0
tor-wave-14,tor-controller-master,vendor/github.com/gogo/protobuf/test/oneof/combos/unmarshaler,2,0
tor-wave-14,tor-controller-master,vendor/github.com/gogo/protobuf/test/oneof3,3,1
tor-wave-14,tor-controller-master,vendor/github.com/gogo/protobuf/test/oneof3/combos,0,4
tor-wave-14,tor-controller-master,vendor/github.com/gogo/protobuf/test/oneof3/combos/both,2,0
tor-wave-14,tor-controller-master,vendor/github.com/gogo/protobuf/test/oneof3/combos/marshaler,2,0
tor-wave-14,tor-controller-master,vendor/github.com/gogo/protobuf/test/oneof3/combos/neither,2,0
tor-wave-14,tor-controller-master,vendor/github.com/gogo/protobuf/test/oneof3/combos/unmarshaler,2,0
tor-wave-14,tor-controller-master,vendor/github.com/gogo/protobuf/test/oneofembed,3,0
tor-wave-14,tor-controller-master,vendor/github.com/gogo/protobuf/test/packed,4,0
tor-wave-14,tor-controller-master,vendor/github.com/gogo/protobuf/test/proto3extension,3,0
tor-wave-14,tor-controller-master,vendor/github.com/gogo/protobuf/test/protosize,3,0
tor-wave-14,tor-controller-master,vendor/github.com/gogo/protobuf/test/registration,4,0
tor-wave-14,tor-controller-master,vendor/github.com/gogo/protobuf/test/required,3,0
tor-wave-14,tor-controller-master,vendor/github.com/gogo/protobuf/test/sizerconflict,2,0
tor-wave-14,tor-controller-master,vendor/github.com/gogo/protobuf/test/sizeunderscore,3,0
tor-wave-14,tor-controller-master,vendor/github.com/gogo/protobuf/test/stdtypes,3,0
tor-wave-14,tor-controller-master,vendor/github.com/gogo/protobuf/test/tags,4,0
tor-wave-14,tor-controller-master,vendor/github.com/gogo/protobuf/test/theproto3,7,1
tor-wave-14,tor-controller-master,vendor/github.com/gogo/protobuf/test/theproto3/combos,0,4
tor-wave-14,tor-controller-master,vendor/github.com/gogo/protobuf/test/theproto3/combos/both,2,0
tor-wave-14,tor-controller-master,vendor/github.com/gogo/protobuf/test/theproto3/combos/marshaler,2,0
tor-wave-14,tor-controller-master,vendor/github.com/gogo/protobuf/test/theproto3/combos/neither,2,0
tor-wave-14,tor-controller-master,vendor/github.com/gogo/protobuf/test/theproto3/combos/unmarshaler,2,0
tor-wave-14,tor-controller-master,vendor/github.com/gogo/protobuf/test/typedecl,4,0
tor-wave-14,tor-controller-master,vendor/github.com/gogo/protobuf/test/typedecl_all,4,0
tor-wave-14,tor-controller-master,vendor/github.com/gogo/protobuf/test/typedeclimport,4,1
tor-wave-14,tor-controller-master,vendor/github.com/gogo/protobuf/test/typedeclimport/subpkg,2,0
tor-wave-14,tor-controller-master,vendor/github.com/gogo/protobuf/test/types,3,1
tor-wave-14,tor-controller-master,vendor/github.com/gogo/protobuf/test/types/combos,0,4
tor-wave-14,tor-controller-master,vendor/github.com/gogo/protobuf/test/types/combos/both,2,0
tor-wave-14,tor-controller-master,vendor/github.com/gogo/protobuf/test/types/combos/marshaler,2,0
tor-wave-14,tor-controller-master,vendor/github.com/gogo/protobuf/test/types/combos/neither,2,0
tor-wave-14,tor-controller-master,vendor/github.com/gogo/protobuf/test/types/combos/unmarshaler,2,0
tor-wave-14,tor-controller-master,vendor/github.com/gogo/protobuf/test/unmarshalmerge,3,0
tor-wave-14,tor-controller-master,vendor/github.com/gogo/protobuf/test/unrecognized,3,0
tor-wave-14,tor-controller-master,vendor/github.com/gogo/protobuf/test/unrecognizedgroup,3,0
tor-wave-14,tor-controller-master,vendor/github.com/gogo/protobuf/types,14,0
tor-wave-14,tor-controller-master,vendor/github.com/gogo/protobuf/vanity,5,2
tor-wave-14,tor-controller-master,vendor/github.com/gogo/protobuf/vanity/command,1,0
tor-wave-14,tor-controller-master,vendor/github.com/gogo/protobuf/vanity/test,5,4
tor-wave-14,tor-controller-master,vendor/github.com/gogo/protobuf/vanity/test/fast,3,0
tor-wave-14,tor-controller-master,vendor/github.com/gogo/protobuf/vanity/test/faster,3,0
tor-wave-14,tor-controller-master,vendor/github.com/gogo/protobuf/vanity/test/gofast,1,0
tor-wave-14,tor-controller-master,vendor/github.com/gogo/protobuf/vanity/test/slick,3,0
tor-wave-14,tor-controller-master,vendor/github.com/gogo/protobuf/version,1,0
tor-wave-14,tor-controller-master,vendor/github.com/golang,0,3
tor-wave-14,tor-controller-master,vendor/github.com/golang/glog,4,0
tor-wave-14,tor-controller-master,vendor/github.com/golang/groupcache,8,5
tor-wave-14,tor-controller-master,vendor/github.com/golang/groupcache/consistenthash,1,0
tor-wave-14,tor-controller-master,vendor/github.com/golang/groupcache/groupcachepb,2,0
tor-wave-14,tor-controller-master,vendor/github.com/golang/groupcache/lru,1,0
tor-wave-14,tor-controller-master,vendor/github.com/golang/groupcache/singleflight,1,0
tor-wave-14,tor-controller-master,vendor/github.com/golang/groupcache/testpb,2,0
tor-wave-14,tor-controller-master,vendor/github.com/golang/protobuf,8,6
tor-wave-14,tor-controller-master,vendor/github.com/golang/protobuf/conformance,5,1
tor-wave-14,tor-controller-master,vendor/github.com/golang/protobuf/conformance/internal,0,1
tor-wave-14,tor-controller-master,vendor/github.com/golang/protobuf/conformance/internal/conformance_proto,2,0
tor-wave-14,tor-controller-master,vendor/github.com/golang/protobuf/descriptor,1,0
tor-wave-14,tor-controller-master,vendor/github.com/golang/protobuf/jsonpb,1,1
tor-wave-14,tor-controller-master,vendor/github.com/golang/protobuf/jsonpb/jsonpb_test_proto,4,0
tor-wave-14,tor-controller-master,vendor/github.com/golang/protobuf/proto,16,2
tor-wave-14,tor-controller-master,vendor/github.com/golang/protobuf/proto/proto3_proto,2,0
tor-wave-14,tor-controller-master,vendor/github.com/golang/protobuf/proto/test_proto,2,0
tor-wave-14,tor-controller-master,vendor/github.com/golang/protobuf/protoc-gen-go,3,5
tor-wave-14,tor-controller-master,vendor/github.com/golang/protobuf/protoc-gen-go/descriptor,2,0
tor-wave-14,tor-controller-master,vendor/github.com/golang/protobuf/protoc-gen-go/generator,1,1
tor-wave-14,tor-controller-master,vendor/github.com/golang/protobuf/protoc-gen-go/generator/internal,0,1
tor-wave-14,tor-controller-master,vendor/github.com/golang/protobuf/protoc-gen-go/generator/internal/remap,1,0
tor-wave-14,tor-controller-master,vendor/github.com/golang/protobuf/protoc-gen-go/grpc,1,0
tor-wave-14,tor-controller-master,vendor/github.com/golang/protobuf/protoc-gen-go/plugin,3,0
tor-wave-14,tor-controller-master,vendor/github.com/golang/protobuf/protoc-gen-go/testdata,0,10
tor-wave-14,tor-controller-master,vendor/github.com/golang/protobuf/protoc-gen-go/testdata/deprecated,2,0
tor-wave-14,tor-controller-master,vendor/github.com/golang/protobuf/protoc-gen-go/testdata/extension_base,2,0
tor-wave-14,tor-controller-master,vendor/github.com/golang/protobuf/protoc-gen-go/testdata/extension_extra,2,0
tor-wave-14,tor-controller-master,vendor/github.com/golang/protobuf/protoc-gen-go/testdata/extension_user,2,0
tor-wave-14,tor-controller-master,vendor/github.com/golang/protobuf/protoc-gen-go/testdata/grpc,2,0
tor-wave-14,tor-controller-master,vendor/github.com/golang/protobuf/protoc-gen-go/testdata/import_public,4,1
tor-wave-14,tor-controller-master,vendor/github.com/golang/protobuf/protoc-gen-go/testdata/import_public/sub,4,0
tor-wave-14,tor-controller-master,vendor/github.com/golang/protobuf/protoc-gen-go/testdata/imports,6,4
tor-wave-14,tor-controller-master,vendor/github.com/golang/protobuf/protoc-gen-go/testdata/imports/fmt,2,0
tor-wave-14,tor-controller-master,vendor/github.com/golang/protobuf/protoc-gen-go/testdata/imports/test_a_1,4,0
tor-wave-14,tor-controller-master,vendor/github.com/golang/protobuf/protoc-gen-go/testdata/imports/test_a_2,4,0
tor-wave-14,tor-controller-master,vendor/github.com/golang/protobuf/protoc-gen-go/testdata/imports/test_b_1,4,0
tor-wave-14,tor-controller-master,vendor/github.com/golang/protobuf/protoc-gen-go/testdata/multi,6,0
tor-wave-14,tor-controller-master,vendor/github.com/golang/protobuf/protoc-gen-go/testdata/my_test,2,0
tor-wave-14,tor-controller-master,vendor/github.com/golang/protobuf/protoc-gen-go/testdata/proto3,2,0
tor-wave-14,tor-controller-master,vendor/github.com/golang/protobuf/ptypes,4,6
tor-wave-14,tor-controller-master,vendor/github.com/golang/protobuf/ptypes/any,2,0
tor-wave-14,tor-controller-master,vendor/github.com/golang/protobuf/ptypes/duration,2,0
tor-wave-14,tor-controller-master,vendor/github.com/golang/protobuf/ptypes/empty,2,0
tor-wave-14,tor-controller-master,vendor/github.com/golang/protobuf/ptypes/struct,2,0
tor-wave-14,tor-controller-master,vendor/github.com/golang/protobuf/ptypes/timestamp,2,0
tor-wave-14,tor-controller-master,vendor/github.com/golang/protobuf/ptypes/wrappers,2,0
tor-wave-14,tor-controller-master,vendor/github.com/google,0,1
tor-wave-14,tor-controller-master,vendor/github.com/google/gofuzz,6,0
tor-wave-14,tor-controller-master,vendor/github.com/googleapis,0,1
tor-wave-14,tor-controller-master,vendor/github.com/googleapis/gnostic,9,15
tor-wave-14,tor-controller-master,vendor/github.com/googleapis/gnostic/OpenAPIv2,5,0
tor-wave-14,tor-controller-master,vendor/github.com/googleapis/gnostic/OpenAPIv3,5,1
tor-wave-14,tor-controller-master,vendor/github.com/googleapis/gnostic/OpenAPIv3/schema-generator,3,0
tor-wave-14,tor-controller-master,vendor/github.com/googleapis/gnostic/apps,0,3
tor-wave-14,tor-controller-master,vendor/github.com/googleapis/gnostic/apps/disco,5,0
tor-wave-14,tor-controller-master,vendor/github.com/googleapis/gnostic/apps/petstore-builder,4,0
tor-wave-14,tor-controller-master,vendor/github.com/googleapis/gnostic/apps/report,2,0
tor-wave-14,tor-controller-master,vendor/github.com/googleapis/gnostic/compiler,7,0
tor-wave-14,tor-controller-master,vendor/github.com/googleapis/gnostic/discovery,6,0
tor-wave-14,tor-controller-master,vendor/github.com/googleapis/gnostic/examples,1,3
tor-wave-14,tor-controller-master,vendor/github.com/googleapis/gnostic/examples/errors,3,0
tor-wave-14,tor-controller-master,vendor/github.com/googleapis/gnostic/examples/v2.0,0,2
tor-wave-14,tor-controller-master,vendor/github.com/googleapis/gnostic/examples/v2.0/json,7,1
tor-wave-14,tor-controller-master,vendor/github.com/googleapis/gnostic/examples/v2.0/json/petstore-separate,0,2
tor-wave-14,tor-controller-master,vendor/github.com/googleapis/gnostic/examples/v2.0/json/petstore-separate/common,1,0
tor-wave-14,tor-controller-master,vendor/github.com/googleapis/gnostic/examples/v2.0/json/petstore-separate/spec,4,0
tor-wave-14,tor-controller-master,vendor/github.com/googleapis/gnostic/examples/v2.0/yaml,7,1
tor-wave-14,tor-controller-master,vendor/github.com/googleapis/gnostic/examples/v2.0/yaml/petstore-separate,0,2
tor-wave-14,tor-controller-master,vendor/github.com/googleapis/gnostic/examples/v2.0/yaml/petstore-separate/common,1,0
tor-wave-14,tor-controller-master,vendor/github.com/googleapis/gnostic/examples/v2.0/yaml/petstore-separate/spec,5,0
tor-wave-14,tor-controller-master,vendor/github.com/googleapis/gnostic/examples/v3.0,0,2
tor-wave-14,tor-controller-master,vendor/github.com/googleapis/gnostic/examples/v3.0/json,1,0
tor-wave-14,tor-controller-master,vendor/github.com/googleapis/gnostic/examples/v3.0/yaml,1,0
tor-wave-14,tor-controller-master,vendor/github.com/googleapis/gnostic/extensions,5,1
tor-wave-14,tor-controller-master,vendor/github.com/googleapis/gnostic/extensions/sample,3,0
tor-wave-14,tor-controller-master,vendor/github.com/googleapis/gnostic/generate-gnostic,8,1
tor-wave-14,tor-controller-master,vendor/github.com/googleapis/gnostic/generate-gnostic/test,2,1
tor-wave-14,tor-controller-master,vendor/github.com/googleapis/gnostic/generate-gnostic/test/errors,2,0
tor-wave-14,tor-controller-master,vendor/github.com/googleapis/gnostic/jsonschema,7,0
tor-wave-14,tor-controller-master,vendor/github.com/googleapis/gnostic/jsonwriter,2,0
tor-wave-14,tor-controller-master,vendor/github.com/googleapis/gnostic/plugins,4,5
tor-wave-14,tor-controller-master,vendor/github.com/googleapis/gnostic/plugins/gnostic-analyze,2,2
tor-wave-14,tor-controller-master,vendor/github.com/googleapis/gnostic/plugins/gnostic-analyze/statistics,2,0
tor-wave-14,tor-controller-master,vendor/github.com/googleapis/gnostic/plugins/gnostic-analyze/summarize,1,0
tor-wave-14,tor-controller-master,vendor/github.com/googleapis/gnostic/plugins/gnostic-go-generator,12,1
tor-wave-14,tor-controller-master,vendor/github.com/googleapis/gnostic/plugins/gnostic-go-generator/examples,0,3
tor-wave-14,tor-controller-master,vendor/github.com/googleapis/gnostic/plugins/gnostic-go-generator/examples/googleauth,2,0
tor-wave-14,tor-controller-master,vendor/github.com/googleapis/gnostic/plugins/gnostic-go-generator/examples/v2.0,0,3
tor-wave-14,tor-controller-master,vendor/github.com/googleapis/gnostic/plugins/gnostic-go-generator/examples/v2.0/apis_guru,3,0
tor-wave-14,tor-controller-master,vendor/github.com/googleapis/gnostic/plugins/gnostic-go-generator/examples/v2.0/bookstore,3,1
tor-wave-14,tor-controller-master,vendor/github.com/googleapis/gnostic/plugins/gnostic-go-generator/examples/v2.0/bookstore/service,4,0
tor-wave-14,tor-controller-master,vendor/github.com/googleapis/gnostic/plugins/gnostic-go-generator/examples/v2.0/xkcd,3,0
tor-wave-14,tor-controller-master,vendor/github.com/googleapis/gnostic/plugins/gnostic-go-generator/examples/v3.0,0,2
tor-wave-14,tor-controller-master,vendor/github.com/googleapis/gnostic/plugins/gnostic-go-generator/examples/v3.0/bookstore,3,1
tor-wave-14,tor-controller-master,vendor/github.com/googleapis/gnostic/plugins/gnostic-go-generator/examples/v3.0/bookstore/service,4,0
tor-wave-14,tor-controller-master,vendor/github.com/googleapis/gnostic/plugins/gnostic-go-generator/examples/v3.0/urlshortener,2,0
tor-wave-14,tor-controller-master,vendor/github.com/googleapis/gnostic/plugins/gnostic-summary,2,0
tor-wave-14,tor-controller-master,vendor/github.com/googleapis/gnostic/plugins/gnostic-swift-generator,4,2
tor-wave-14,tor-controller-master,vendor/github.com/googleapis/gnostic/plugins/gnostic-swift-generator/Sources,0,2
tor-wave-14,tor-controller-master,vendor/github.com/googleapis/gnostic/plugins/gnostic-swift-generator/Sources/Gnostic,5,0
tor-wave-14,tor-controller-master,vendor/github.com/googleapis/gnostic/plugins/gnostic-swift-generator/Sources/gnostic-swift-generator,8,0
tor-wave-14,tor-controller-master,vendor/github.com/googleapis/gnostic/plugins/gnostic-swift-generator/examples,0,1
tor-wave-14,tor-controller-master,vendor/github.com/googleapis/gnostic/plugins/gnostic-swift-generator/examples/bookstore,4,2
tor-wave-14,tor-controller-master,vendor/github.com/googleapis/gnostic/plugins/gnostic-swift-generator/examples/bookstore/Sources,0,1
tor-wave-14,tor-controller-master,vendor/github.com/googleapis/gnostic/plugins/gnostic-swift-generator/examples/bookstore/Sources/Server,1,0
tor-wave-14,tor-controller-master,vendor/github.com/googleapis/gnostic/plugins/gnostic-swift-generator/examples/bookstore/Tests,1,1
tor-wave-14,tor-controller-master,vendor/github.com/googleapis/gnostic/plugins/gnostic-swift-generator/examples/bookstore/Tests/BookstoreTests,1,0
tor-wave-14,tor-controller-master,vendor/github.com/googleapis/gnostic/plugins/gnostic-swift-sample,3,1
tor-wave-14,tor-controller-master,vendor/github.com/googleapis/gnostic/plugins/gnostic-swift-sample/Sources,0,2
tor-wave-14,tor-controller-master,vendor/github.com/googleapis/gnostic/plugins/gnostic-swift-sample/Sources/Gnostic,5,0
tor-wave-14,tor-controller-master,vendor/github.com/googleapis/gnostic/plugins/gnostic-swift-sample/Sources/gnostic-swift-sample,2,0
tor-wave-14,tor-controller-master,vendor/github.com/googleapis/gnostic/printer,2,0
tor-wave-14,tor-controller-master,vendor/github.com/googleapis/gnostic/surface,8,0
tor-wave-14,tor-controller-master,vendor/github.com/googleapis/gnostic/test,3,3
tor-wave-14,tor-controller-master,vendor/github.com/googleapis/gnostic/test/errors,4,0
tor-wave-14,tor-controller-master,vendor/github.com/googleapis/gnostic/test/v2.0,1,1
tor-wave-14,tor-controller-master,vendor/github.com/googleapis/gnostic/test/v2.0/yaml,1,1
tor-wave-14,tor-controller-master,vendor/github.com/googleapis/gnostic/test/v2.0/yaml/petstore-separate,0,1
tor-wave-14,tor-controller-master,vendor/github.com/googleapis/gnostic/test/v2.0/yaml/petstore-separate/spec,1,0
tor-wave-14,tor-controller-master,vendor/github.com/googleapis/gnostic/test/v3.0,1,0
tor-wave-14,tor-controller-master,vendor/github.com/googleapis/gnostic/tools,1,2
tor-wave-14,tor-controller-master,vendor/github.com/googleapis/gnostic/tools/format-schema,1,0
tor-wave-14,tor-controller-master,vendor/github.com/googleapis/gnostic/tools/j2y2j,1,0
tor-wave-14,tor-controller-master,vendor/github.com/hashicorp,0,1
tor-wave-14,tor-controller-master,vendor/github.com/hashicorp/golang-lru,7,1
tor-wave-14,tor-controller-master,vendor/github.com/hashicorp/golang-lru/simplelru,2,0
tor-wave-14,tor-controller-master,vendor/github.com/howeyc,0,1
tor-wave-14,tor-controller-master,vendor/github.com/howeyc/gopass,7,0
tor-wave-14,tor-controller-master,vendor/github.com/imdario,0,1
tor-wave-14,tor-controller-master,vendor/github.com/imdario/mergo,9,1
tor-wave-14,tor-controller-master,vendor/github.com/imdario/mergo/testdata,2,0
tor-wave-14,tor-controller-master,vendor/github.com/json-iterator,0,1
tor-wave-14,tor-controller-master,vendor/github.com/json-iterator/go,53,1
tor-wave-14,tor-controller-master,vendor/github.com/json-iterator/go/extra,5,0
tor-wave-14,tor-controller-master,vendor/github.com/kubernetes-sigs,0,1
tor-wave-14,tor-controller-master,vendor/github.com/kubernetes-sigs/kubebuilder,14,7
tor-wave-14,tor-controller-master,vendor/github.com/kubernetes-sigs/kubebuilder/build,9,2
tor-wave-14,tor-controller-master,vendor/github.com/kubernetes-sigs/kubebuilder/build/gitbook,2,1
tor-wave-14,tor-controller-master,vendor/github.com/kubernetes-sigs/kubebuilder/build/gitbook/config,2,0
tor-wave-14,tor-controller-master,vendor/github.com/kubernetes-sigs/kubebuilder/build/thirdparty,0,2
tor-wave-14,tor-controller-master,vendor/github.com/kubernetes-sigs/kubebuilder/build/thirdparty/darwin,1,0
tor-wave-14,tor-controller-master,vendor/github.com/kubernetes-sigs/kubebuilder/build/thirdparty/linux,1,0
tor-wave-14,tor-controller-master,vendor/github.com/kubernetes-sigs/kubebuilder/cmd,2,3
tor-wave-14,tor-controller-master,vendor/github.com/kubernetes-sigs/kubebuilder/cmd/internal,0,1
tor-wave-14,tor-controller-master,vendor/github.com/kubernetes-sigs/kubebuilder/cmd/internal/codegen,1,1
tor-wave-14,tor-controller-master,vendor/github.com/kubernetes-sigs/kubebuilder/cmd/internal/codegen/parse,8,0
tor-wave-14,tor-controller-master,vendor/github.com/kubernetes-sigs/kubebuilder/cmd/kubebuilder,1,9
tor-wave-14,tor-controller-master,vendor/github.com/kubernetes-sigs/kubebuilder/cmd/kubebuilder-gen,1,2
tor-wave-14,tor-controller-master,vendor/github.com/kubernetes-sigs/kubebuilder/cmd/kubebuilder-gen/codegen,1,1
tor-wave-14,tor-controller-master,vendor/github.com/kubernetes-sigs/kubebuilder/cmd/kubebuilder-gen/codegen/run,2,0
tor-wave-14,tor-controller-master,vendor/github.com/kubernetes-sigs/kubebuilder/cmd/kubebuilder-gen/internal,0,2
tor-wave-14,tor-controller-master,vendor/github.com/kubernetes-sigs/kubebuilder/cmd/kubebuilder-gen/internal/controllergen,2,0
tor-wave-14,tor-controller-master,vendor/github.com/kubernetes-sigs/kubebuilder/cmd/kubebuilder-gen/internal/resourcegen,5,0
tor-wave-14,tor-controller-master,vendor/github.com/kubernetes-sigs/kubebuilder/cmd/kubebuilder/build,1,0
tor-wave-14,tor-controller-master,vendor/github.com/kubernetes-sigs/kubebuilder/cmd/kubebuilder/create,1,5
tor-wave-14,tor-controller-master,vendor/github.com/kubernetes-sigs/kubebuilder/cmd/kubebuilder/create/config,2,0
tor-wave-14,tor-controller-master,vendor/github.com/kubernetes-sigs/kubebuilder/cmd/kubebuilder/create/controller,3,0
tor-wave-14,tor-controller-master,vendor/github.com/kubernetes-sigs/kubebuilder/cmd/kubebuilder/create/example,1,0
tor-wave-14,tor-controller-master,vendor/github.com/kubernetes-sigs/kubebuilder/cmd/kubebuilder/create/resource,8,0
tor-wave-14,tor-controller-master,vendor/github.com/kubernetes-sigs/kubebuilder/cmd/kubebuilder/create/util,1,0
tor-wave-14,tor-controller-master,vendor/github.com/kubernetes-sigs/kubebuilder/cmd/kubebuilder/docs,2,0
tor-wave-14,tor-controller-master,vendor/github.com/kubernetes-sigs/kubebuilder/cmd/kubebuilder/generate,1,0
tor-wave-14,tor-controller-master,vendor/github.com/kubernetes-sigs/kubebuilder/cmd/kubebuilder/initproject,11,0
tor-wave-14,tor-controller-master,vendor/github.com/kubernetes-sigs/kubebuilder/cmd/kubebuilder/run,1,0
tor-wave-14,tor-controller-master,vendor/github.com/kubernetes-sigs/kubebuilder/cmd/kubebuilder/update,2,0
tor-wave-14,tor-controller-master,vendor/github.com/kubernetes-sigs/kubebuilder/cmd/kubebuilder/util,1,0
tor-wave-14,tor-controller-master,vendor/github.com/kubernetes-sigs/kubebuilder/cmd/kubebuilder/version,1,0
tor-wave-14,tor-controller-master,vendor/github.com/kubernetes-sigs/kubebuilder/docs,6,2
tor-wave-14,tor-controller-master,vendor/github.com/kubernetes-sigs/kubebuilder/docs/book,9,4
tor-wave-14,tor-controller-master,vendor/github.com/kubernetes-sigs/kubebuilder/docs/book/basics,9,0
tor-wave-14,tor-controller-master,vendor/github.com/kubernetes-sigs/kubebuilder/docs/book/beyond_basics,5,0
tor-wave-14,tor-controller-master,vendor/github.com/kubernetes-sigs/kubebuilder/docs/book/getting_started,4,0
tor-wave-14,tor-controller-master,vendor/github.com/kubernetes-sigs/kubebuilder/docs/book/node_modules,0,164
tor-wave-14,tor-controller-master,vendor/github.com/kubernetes-sigs/kubebuilder/docs/book/node_modules/.bin,14,0
tor-wave-14,tor-controller-master,vendor/github.com/kubernetes-sigs/kubebuilder/docs/book/node_modules/abab,5,1
tor-wave-14,tor-controller-master,vendor/github.com/kubernetes-sigs/kubebuilder/docs/book/node_modules/abab/lib,2,0
tor-wave-14,tor-controller-master,vendor/github.com/kubernetes-sigs/kubebuilder/docs/book/node_modules/acorn,9,3
tor-wave-14,tor-controller-master,vendor/github.com/kubernetes-sigs/kubebuilder/docs/book/node_modules/acorn-globals,4,0
tor-wave-14,tor-controller-master,vendor/github.com/kubernetes-sigs/kubebuilder/docs/book/node_modules/acorn/bin,4,0
tor-wave-14,tor-controller-master,vendor/github.com/kubernetes-sigs/kubebuilder/docs/book/node_modules/acorn/dist,4,0
tor-wave-14,tor-controller-master,vendor/github.com/kubernetes-sigs/kubebuilder/docs/book/node_modules/acorn/src,16,3
tor-wave-14,tor-controller-master,vendor/github.com/kubernetes-sigs/kubebuilder/docs/book/node_modules/acorn/src/bin,1,0
tor-wave-14,tor-controller-master,vendor/github.com/kubernetes-sigs/kubebuilder/docs/book/node_modules/acorn/src/loose,7,0
tor-wave-14,tor-controller-master,vendor/github.com/kubernetes-sigs/kubebuilder/docs/book/node_modules/acorn/src/walk,1,0
tor-wave-14,tor-controller-master,vendor/github.com/kubernetes-sigs/kubebuilder/docs/book/node_modules/ajv,4,3
tor-wave-14,tor-controller-master,vendor/github.com/kubernetes-sigs/kubebuilder/docs/book/node_modules/ajv/dist,5,0
tor-wave-14,tor-controller-master,vendor/github.com/kubernetes-sigs/kubebuilder/docs/book/node_modules/ajv/lib,6,4
tor-wave-14,tor-controller-master,vendor/github.com/kubernetes-sigs/kubebuilder/docs/book/node_modules/ajv/lib/compile,11,0
tor-wave-14,tor-controller-master,vendor/github.com/kubernetes-sigs/kubebuilder/docs/book/node_modules/ajv/lib/dot,28,0
tor-wave-14,tor-controller-master,vendor/github.com/kubernetes-sigs/kubebuilder/docs/book/node_modules/ajv/lib/dotjs,24,0
tor-wave-14,tor-controller-master,vendor/github.com/kubernetes-sigs/kubebuilder/docs/book/node_modules/ajv/lib/refs,4,0
tor-wave-14,tor-controller-master,vendor/github.com/kubernetes-sigs/kubebuilder/docs/book/node_modules/ajv/scripts,6,0
tor-wave-14,tor-controller-master,vendor/github.com/kubernetes-sigs/kubebuilder/docs/book/node_modules/ansi-regex,4,0
tor-wave-14,tor-controller-master,vendor/github.com/kubernetes-sigs/kubebuilder/docs/book/node_modules/ansi-styles,4,0
tor-wave-14,tor-controller-master,vendor/github.com/kubernetes-sigs/kubebuilder/docs/book/node_modules/asn1,5,2
tor-wave-14,tor-controller-master,vendor/github.com/kubernetes-sigs/kubebuilder/docs/book/node_modules/asn1/lib,1,1
tor-wave-14,tor-controller-master,vendor/github.com/kubernetes-sigs/kubebuilder/docs/book/node_modules/asn1/lib/ber,5,0
tor-wave-14,tor-controller-master,vendor/github.com/kubernetes-sigs/kubebuilder/docs/book/node_modules/asn1/tst,0,1
tor-wave-14,tor-controller-master,vendor/github.com/kubernetes-sigs/kubebuilder/docs/book/node_modules/asn1/tst/ber,2,0
tor-wave-14,tor-controller-master,vendor/github.com/kubernetes-sigs/kubebuilder/docs/book/node_modules/assert-plus,5,0
tor-wave-14,tor-controller-master,vendor/github.com/kubernetes-sigs/kubebuilder/docs/book/node_modules/async,8,2
tor-wave-14,tor-controller-master,vendor/github.com/kubernetes-sigs/kubebuilder/docs/book/node_modules/async/lib,1,0
tor-wave-14,tor-controller-master,vendor/github.com/kubernetes-sigs/kubebuilder/docs/book/node_modules/async/support,1,0
tor-wave-14,tor-controller-master,vendor/github.com/kubernetes-sigs/kubebuilder/docs/book/node_modules/asynckit,9,1
tor-wave-14,tor-controller-master,vendor/github.com/kubernetes-sigs/kubebuilder/docs/book/node_modules/asynckit/lib,11,0
tor-wave-14,tor-controller-master,vendor/github.com/kubernetes-sigs/kubebuilder/docs/book/node_modules/aws-sign2,4,0
tor-wave-14,tor-controller-master,vendor/github.com/kubernetes-sigs/kubebuilder/docs/book/node_modules/aws4,6,0
tor-wave-14,tor-controller-master,vendor/github.com/kubernetes-sigs/kubebuilder/docs/book/node_modules/balanced-match,5,0
tor-wave-14,tor-controller-master,vendor/github.com/kubernetes-sigs/kubebuilder/docs/book/node_modules/bcrypt-pbkdf,3,0
tor-wave-14,tor-controller-master,vendor/github.com/kubernetes-sigs/kubebuilder/docs/book/node_modules/bl,7,2
tor-wave-14,tor-controller-master,vendor/github.com/kubernetes-sigs/kubebuilder/docs/book/node_modules/bl/node_modules,0,3
tor-wave-14,tor-controller-master,vendor/github.com/kubernetes-sigs/kubebuilder/docs/book/node_modules/bl/node_modules/isarray,8,0
tor-wave-14,tor-controller-master,vendor/github.com/kubernetes-sigs/kubebuilder/docs/book/node_modules/bl/node_modules/process-nextick-args,6,0
tor-wave-14,tor-controller-master,vendor/github.com/kubernetes-sigs/kubebuilder/docs/book/node_modules/bl/node_modules/readable-stream,11,2
tor-wave-14,tor-controller-master,vendor/github.com/kubernetes-sigs/kubebuilder/docs/book/node_modules/bl/node_modules/readable-stream/doc,1,1
tor-wave-14,tor-controller-master,vendor/github.com/kubernetes-sigs/kubebuilder/docs/book/node_modules/bl/node_modules/readable-stream/doc/wg-meetings,1,0
tor-wave-14,tor-controller-master,vendor/github.com/kubernetes-sigs/kubebuilder/docs/book/node_modules/bl/node_modules/readable-stream/lib,5,0
tor-wave-14,tor-controller-master,vendor/github.com/kubernetes-sigs/kubebuilder/docs/book/node_modules/bl/test,1,0
tor-wave-14,tor-controller-master,vendor/github.com/kubernetes-sigs/kubebuilder/docs/book/node_modules/boolbase,3,0
tor-wave-14,tor-controller-master,vendor/github.com/kubernetes-sigs/kubebuilder/docs/book/node_modules/boom,3,1
tor-wave-14,tor-controller-master,vendor/github.com/kubernetes-sigs/kubebuilder/docs/book/node_modules/boom/lib,1,0
tor-wave-14,tor-controller-master,vendor/github.com/kubernetes-sigs/kubebuilder/docs/book/node_modules/brace-expansion,4,0
tor-wave-14,tor-controller-master,vendor/github.com/kubernetes-sigs/kubebuilder/docs/book/node_modules/caseless,5,0
tor-wave-14,tor-controller-master,vendor/github.com/kubernetes-sigs/kubebuilder/docs/book/node_modules/chalk,4,0
tor-wave-14,tor-controller-master,vendor/github.com/kubernetes-sigs/kubebuilder/docs/book/node_modules/cheerio,4,1
tor-wave-14,tor-controller-master,vendor/github.com/kubernetes-sigs/kubebuilder/docs/book/node_modules/cheerio/lib,4,1
tor-wave-14,tor-controller-master,vendor/github.com/kubernetes-sigs/kubebuilder/docs/book/node_modules/cheerio/lib/api,5,0
tor-wave-14,tor-controller-master,vendor/github.com/kubernetes-sigs/kubebuilder/docs/book/node_modules/co,5,0
tor-wave-14,tor-controller-master,vendor/github.com/kubernetes-sigs/kubebuilder/docs/book/node_modules/colors,5,5
tor-wave-14,tor-controller-master,vendor/github.com/kubernetes-sigs/kubebuilder/docs/book/node_modules/colors/examples,2,0
tor-wave-14,tor-controller-master,vendor/github.com/kubernetes-sigs/kubebuilder/docs/book/node_modules/colors/lib,4,3
tor-wave-14,tor-controller-master,vendor/github.com/kubernetes-sigs/kubebuilder/docs/book/node_modules/colors/lib/custom,2,0
tor-wave-14,tor-controller-master,vendor/github.com/kubernetes-sigs/kubebuilder/docs/book/node_modules/colors/lib/maps,4,0
tor-wave-14,tor-controller-master,vendor/github.com/kubernetes-sigs/kubebuilder/docs/book/node_modules/colors/lib/system,1,0
tor-wave-14,tor-controller-master,vendor/github.com/kubernetes-sigs/kubebuilder/docs/book/node_modules/colors/screenshots,1,0
tor-wave-14,tor-controller-master,vendor/github.com/kubernetes-sigs/kubebuilder/docs/book/node_modules/colors/tests,2,0
tor-wave-14,tor-controller-master,vendor/github.com/kubernetes-sigs/kubebuilder/docs/book/node_modules/colors/themes,1,0
tor-wave-14,tor-controller-master,vendor/github.com/kubernetes-sigs/kubebuilder/docs/book/node_modules/combined-stream,3,1
tor-wave-14,tor-controller-master,vendor/github.com/kubernetes-sigs/kubebuilder/docs/book/node_modules/combined-stream/lib,2,0
tor-wave-14,tor-controller-master,vendor/github.com/kubernetes-sigs/kubebuilder/docs/book/node_modules/commander,5,1
tor-wave-14,tor-controller-master,vendor/github.com/kubernetes-sigs/kubebuilder/docs/book/node_modules/commander/typings,1,0
tor-wave-14,tor-controller-master,vendor/github.com/kubernetes-sigs/kubebuilder/docs/book/node_modules/concat-map,5,2
tor-wave-14,tor-controller-master,vendor/github.com/kubernetes-sigs/kubebuilder/docs/book/node_modules/concat-map/example,1,0
tor-wave-14,tor-controller-master,vendor/github.com/kubernetes-sigs/kubebuilder/docs/book/node_modules/concat-map/test,1,0
tor-wave-14,tor-controller-master,vendor/github.com/kubernetes-sigs/kubebuilder/docs/book/node_modules/concat-stream,4,1
tor-wave-14,tor-controller-master,vendor/github.com/kubernetes-sigs/kubebuilder/docs/book/node_modules/concat-stream/node_modules,0,3
tor-wave-14,tor-controller-master,vendor/github.com/kubernetes-sigs/kubebuilder/docs/book/node_modules/concat-stream/node_modules/isarray,8,0
tor-wave-14,tor-controller-master,vendor/github.com/kubernetes-sigs/kubebuilder/docs/book/node_modules/concat-stream/node_modules/readable-stream,14,2
tor-wave-14,tor-controller-master,vendor/github.com/kubernetes-sigs/kubebuilder/docs/book/node_modules/concat-stream/node_modules/readable-stream/doc,0,1
tor-wave-14,tor-controller-master,vendor/github.com/kubernetes-sigs/kubebuilder/docs/book/node_modules/concat-stream/node_modules/readable-stream/doc/wg-meetings,1,0
tor-wave-14,tor-controller-master,vendor/github.com/kubernetes-sigs/kubebuilder/docs/book/node_modules/concat-stream/node_modules/readable-stream/lib,5,1
tor-wave-14,tor-controller-master,vendor/github.com/kubernetes-sigs/kubebuilder/docs/book/node_modules/concat-stream/node_modules/readable-stream/lib/internal,0,1
tor-wave-14,tor-controller-master,vendor/github.com/kubernetes-sigs/kubebuilder/docs/book/node_modules/concat-stream/node_modules/readable-stream/lib/internal/streams,4,0
tor-wave-14,tor-controller-master,vendor/github.com/kubernetes-sigs/kubebuilder/docs/book/node_modules/concat-stream/node_modules/string_decoder,4,1
tor-wave-14,tor-controller-master,vendor/github.com/kubernetes-sigs/kubebuilder/docs/book/node_modules/concat-stream/node_modules/string_decoder/lib,1,0
tor-wave-14,tor-controller-master,vendor/github.com/kubernetes-sigs/kubebuilder/docs/book/node_modules/core-util-is,5,1
tor-wave-14,tor-controller-master,vendor/github.com/kubernetes-sigs/kubebuilder/docs/book/node_modules/core-util-is/lib,1,0
tor-wave-14,tor-controller-master,vendor/github.com/kubernetes-sigs/kubebuilder/docs/book/node_modules/cryptiles,4,2
tor-wave-14,tor-controller-master,vendor/github.com/kubernetes-sigs/kubebuilder/docs/book/node_modules/cryptiles/lib,1,0
tor-wave-14,tor-controller-master,vendor/github.com/kubernetes-sigs/kubebuilder/docs/book/node_modules/cryptiles/node_modules,0,1
tor-wave-14,tor-controller-master,vendor/github.com/kubernetes-sigs/kubebuilder/docs/book/node_modules/cryptiles/node_modules/boom,3,1
tor-wave-14,tor-controller-master,vendor/github.com/kubernetes-sigs/kubebuilder/docs/book/node_modules/cryptiles/node_modules/boom/lib,1,0
tor-wave-14,tor-controller-master,vendor/github.com/kubernetes-sigs/kubebuilder/docs/book/node_modules/css-select,4,1
tor-wave-14,tor-controller-master,vendor/github.com/kubernetes-sigs/kubebuilder/docs/book/node_modules/css-select/lib,6,0
tor-wave-14,tor-controller-master,vendor/github.com/kubernetes-sigs/kubebuilder/docs/book/node_modules/css-what,4,0
tor-wave-14,tor-controller-master,vendor/github.com/kubernetes-sigs/kubebuilder/docs/book/node_modules/cssom,3,1
tor-wave-14,tor-controller-master,vendor/github.com/kubernetes-sigs/kubebuilder/docs/book/node_modules/cssom/lib,22,0
tor-wave-14,tor-controller-master,vendor/github.com/kubernetes-sigs/kubebuilder/docs/book/node_modules/cssstyle,4,3
tor-wave-14,tor-controller-master,vendor/github.com/kubernetes-sigs/kubebuilder/docs/book/node_modules/cssstyle/lib,3,1
tor-wave-14,tor-controller-master,vendor/github.com/kubernetes-sigs/kubebuilder/docs/book/node_modules/cssstyle/lib/properties,392,0
tor-wave-14,tor-controller-master,vendor/github.com/kubernetes-sigs/kubebuilder/docs/book/node_modules/cssstyle/scripts,2,0
tor-wave-14,tor-controller-master,vendor/github.com/kubernetes-sigs/kubebuilder/docs/book/node_modules/cssstyle/tests,1,0
tor-wave-14,tor-controller-master,vendor/github.com/kubernetes-sigs/kubebuilder/docs/book/node_modules/cycle,3,0
tor-wave-14,tor-controller-master,vendor/github.com/kubernetes-sigs/kubebuilder/docs/book/node_modules/dashdash,4,2
tor-wave-14,tor-controller-master,vendor/github.com/kubernetes-sigs/kubebuilder/docs/book/node_modules/dashdash/etc,1,0
tor-wave-14,tor-controller-master,vendor/github.com/kubernetes-sigs/kubebuilder/docs/book/node_modules/dashdash/lib,1,0
tor-wave-14,tor-controller-master,vendor/github.com/kubernetes-sigs/kubebuilder/docs/book/node_modules/debug,12,1
tor-wave-14,tor-controller-master,vendor/github.com/kubernetes-sigs/kubebuilder/docs/book/node_modules/debug/src,5,0
tor-wave-14,tor-controller-master,vendor/github.com/kubernetes-sigs/kubebuilder/docs/book/node_modules/deep-is,6,2
tor-wave-14,tor-controller-master,vendor/github.com/kubernetes-sigs/kubebuilder/docs/book/node_modules/deep-is/example,1,0
tor-wave-14,tor-controller-master,vendor/github.com/kubernetes-sigs/kubebuilder/docs/book/node_modules/deep-is/test,3,0
tor-wave-14,tor-controller-master,vendor/github.com/kubernetes-sigs/kubebuilder/docs/book/node_modules/delayed-stream,5,1
tor-wave-14,tor-controller-master,vendor/github.com/kubernetes-sigs/kubebuilder/docs/book/node_modules/delayed-stream/lib,1,0
tor-wave-14,tor-controller-master,vendor/github.com/kubernetes-sigs/kubebuilder/docs/book/node_modules/dom-serializer,3,1
tor-wave-14,tor-controller-master,vendor/github.com/kubernetes-sigs/kubebuilder/docs/book/node_modules/dom-serializer/node_modules,0,1
tor-wave-14,tor-controller-master,vendor/github.com/kubernetes-sigs/kubebuilder/docs/book/node_modules/dom-serializer/node_modules/domelementtype,4,0
tor-wave-14,tor-controller-master,vendor/github.com/kubernetes-sigs/kubebuilder/docs/book/node_modules/domelementtype,4,0
tor-wave-14,tor-controller-master,vendor/github.com/kubernetes-sigs/kubebuilder/docs/book/node_modules/domhandler,5,2
tor-wave-14,tor-controller-master,vendor/github.com/kubernetes-sigs/kubebuilder/docs/book/node_modules/domhandler/lib,2,0
tor-wave-14,tor-controller-master,vendor/github.com/kubernetes-sigs/kubebuilder/docs/book/node_modules/domhandler/test,1,1
tor-wave-14,tor-controller-master,vendor/github.com/kubernetes-sigs/kubebuilder/docs/book/node_modules/domhandler/test/cases,24,0
tor-wave-14,tor-controller-master,vendor/github.com/kubernetes-sigs/kubebuilder/docs/book/node_modules/domutils,5,2
tor-wave-14,tor-controller-master,vendor/github.com/kubernetes-sigs/kubebuilder/docs/book/node_modules/domutils/lib,6,0
tor-wave-14,tor-controller-master,vendor/github.com/kubernetes-sigs/kubebuilder/docs/book/node_modules/domutils/test,2,1
tor-wave-14,tor-controller-master,vendor/github.com/kubernetes-sigs/kubebuilder/docs/book/node_modules/domutils/test/tests,3,0
tor-wave-14,tor-controller-master,vendor/github.com/kubernetes-sigs/kubebuilder/docs/book/node_modules/ecc-jsbn,6,1
tor-wave-14,tor-controller-master,vendor/github.com/kubernetes-sigs/kubebuilder/docs/book/node_modules/ecc-jsbn/lib,3,0
tor-wave-14,tor-controller-master,vendor/github.com/kubernetes-sigs/kubebuilder/docs/book/node_modules/entities,5,3
tor-wave-14,tor-controller-master,vendor/github.com/kubernetes-sigs/kubebuilder/docs/book/node_modules/entities/lib,3,0
tor-wave-14,tor-controller-master,vendor/github.com/kubernetes-sigs/kubebuilder/docs/book/node_modules/entities/maps,4,0
tor-wave-14,tor-controller-master,vendor/github.com/kubernetes-sigs/kubebuilder/docs/book/node_modules/entities/test,2,0
tor-wave-14,tor-controller-master,vendor/github.com/kubernetes-sigs/kubebuilder/docs/book/node_modules/es6-promise,6,2
tor-wave-14,tor-controller-master,vendor/github.com/kubernetes-sigs/kubebuilder/docs/book/node_modules/es6-promise/dist,8,0
tor-wave-14,tor-controller-master,vendor/github.com/kubernetes-sigs/kubebuilder/docs/book/node_modules/es6-promise/lib,2,1
tor-wave-14,tor-controller-master,vendor/github.com/kubernetes-sigs/kubebuilder/docs/book/node_modules/es6-promise/lib/es6-promise,7,1
tor-wave-14,tor-controller-master,vendor/github.com/kubernetes-sigs/kubebuilder/docs/book/node_modules/es6-promise/lib/es6-promise/promise,4,0
tor-wave-14,tor-controller-master,vendor/github.com/kubernetes-sigs/kubebuilder/docs/book/node_modules/escape-string-regexp,4,0
tor-wave-14,tor-controller-master,vendor/github.com/kubernetes-sigs/kubebuilder/docs/book/node_modules/escodegen,4,1
tor-wave-14,tor-controller-master,vendor/github.com/kubernetes-sigs/kubebuilder/docs/book/node_modules/escodegen/bin,2,0
tor-wave-14,tor-controller-master,vendor/github.com/kubernetes-sigs/kubebuilder/docs/book/node_modules/esprima,4,2
tor-wave-14,tor-controller-master,vendor/github.com/kubernetes-sigs/kubebuilder/docs/book/node_modules/esprima/bin,2,0
tor-wave-14,tor-controller-master,vendor/github.com/kubernetes-sigs/kubebuilder/docs/book/node_modules/esprima/dist,1,0
tor-wave-14,tor-controller-master,vendor/github.com/kubernetes-sigs/kubebuilder/docs/book/node_modules/estraverse,6,0
tor-wave-14,tor-controller-master,vendor/github.com/kubernetes-sigs/kubebuilder/docs/book/node_modules/esutils,3,1
tor-wave-14,tor-controller-master,vendor/github.com/kubernetes-sigs/kubebuilder/docs/book/node_modules/esutils/lib,4,0
tor-wave-14,tor-controller-master,vendor/github.com/kubernetes-sigs/kubebuilder/docs/book/node_modules/extend,10,0
tor-wave-14,tor-controller-master,vendor/github.com/kubernetes-sigs/kubebuilder/docs/book/node_modules/extract-zip,8,0
tor-wave-14,tor-controller-master,vendor/github.com/kubernetes-sigs/kubebuilder/docs/book/node_modules/extsprintf,8,1
tor-wave-14,tor-controller-master,vendor/github.com/kubernetes-sigs/kubebuilder/docs/book/node_modules/extsprintf/lib,1,0
tor-wave-14,tor-controller-master,vendor/github.com/kubernetes-sigs/kubebuilder/docs/book/node_modules/eyes,4,2
tor-wave-14,tor-controller-master,vendor/github.com/kubernetes-sigs/kubebuilder/docs/book/node_modules/eyes/lib,1,0
tor-wave-14,tor-controller-master,vendor/github.com/kubernetes-sigs/kubebuilder/docs/book/node_modules/eyes/test,1,0
tor-wave-14,tor-controller-master,vendor/github.com/kubernetes-sigs/kubebuilder/docs/book/node_modules/fast-deep-equal,5,0
tor-wave-14,tor-controller-master,vendor/github.com/kubernetes-sigs/kubebuilder/docs/book/node_modules/fast-json-stable-stringify,7,3
tor-wave-14,tor-controller-master,vendor/github.com/kubernetes-sigs/kubebuilder/docs/book/node_modules/fast-json-stable-stringify/benchmark,2,0
tor-wave-14,tor-controller-master,vendor/github.com/kubernetes-sigs/kubebuilder/docs/book/node_modules/fast-json-stable-stringify/example,4,0
tor-wave-14,tor-controller-master,vendor/github.com/kubernetes-sigs/kubebuilder/docs/book/node_modules/fast-json-stable-stringify/test,4,0
tor-wave-14,tor-controller-master,vendor/github.com/kubernetes-sigs/kubebuilder/docs/book/node_modules/fast-levenshtein,4,0
tor-wave-14,tor-controller-master,vendor/github.com/kubernetes-sigs/kubebuilder/docs/book/node_modules/fd-slicer,7,1
tor-wave-14,tor-controller-master,vendor/github.com/kubernetes-sigs/kubebuilder/docs/book/node_modules/fd-slicer/test,1,0
tor-wave-14,tor-controller-master,vendor/github.com/kubernetes-sigs/kubebuilder/docs/book/node_modules/forever-agent,4,0
tor-wave-14,tor-controller-master,vendor/github.com/kubernetes-sigs/kubebuilder/docs/book/node_modules/form-data,4,1
tor-wave-14,tor-controller-master,vendor/github.com/kubernetes-sigs/kubebuilder/docs/book/node_modules/form-data/lib,3,0
tor-wave-14,tor-controller-master,vendor/github.com/kubernetes-sigs/kubebuilder/docs/book/node_modules/fs-extra,5,1
tor-wave-14,tor-controller-master,vendor/github.com/kubernetes-sigs/kubebuilder/docs/book/node_modules/fs-extra/lib,1,12
tor-wave-14,tor-controller-master,vendor/github.com/kubernetes-sigs/kubebuilder/docs/book/node_modules/fs-extra/lib/copy,3,0
tor-wave-14,tor-controller-master,vendor/github.com/kubernetes-sigs/kubebuilder/docs/book/node_modules/fs-extra/lib/copy-sync,3,0
tor-wave-14,tor-controller-master,vendor/github.com/kubernetes-sigs/kubebuilder/docs/book/node_modules/fs-extra/lib/empty,1,0
tor-wave-14,tor-controller-master,vendor/github.com/kubernetes-sigs/kubebuilder/docs/book/node_modules/fs-extra/lib/ensure,6,0
tor-wave-14,tor-controller-master,vendor/github.com/kubernetes-sigs/kubebuilder/docs/book/node_modules/fs-extra/lib/json,4,0
tor-wave-14,tor-controller-master,vendor/github.com/kubernetes-sigs/kubebuilder/docs/book/node_modules/fs-extra/lib/mkdirs,4,0
tor-wave-14,tor-controller-master,vendor/github.com/kubernetes-sigs/kubebuilder/docs/book/node_modules/fs-extra/lib/move,1,0
tor-wave-14,tor-controller-master,vendor/github.com/kubernetes-sigs/kubebuilder/docs/book/node_modules/fs-extra/lib/output,1,0
tor-wave-14,tor-controller-master,vendor/github.com/kubernetes-sigs/kubebuilder/docs/book/node_modules/fs-extra/lib/remove,2,0
tor-wave-14,tor-controller-master,vendor/github.com/kubernetes-sigs/kubebuilder/docs/book/node_modules/fs-extra/lib/util,2,0
tor-wave-14,tor-controller-master,vendor/github.com/kubernetes-sigs/kubebuilder/docs/book/node_modules/fs-extra/lib/walk,1,0
tor-wave-14,tor-controller-master,vendor/github.com/kubernetes-sigs/kubebuilder/docs/book/node_modules/fs-extra/lib/walk-sync,1,0
tor-wave-14,tor-controller-master,vendor/github.com/kubernetes-sigs/kubebuilder/docs/book/node_modules/fs.realpath,5,0
tor-wave-14,tor-controller-master,vendor/github.com/kubernetes-sigs/kubebuilder/docs/book/node_modules/generate-function,7,0
tor-wave-14,tor-controller-master,vendor/github.com/kubernetes-sigs/kubebuilder/docs/book/node_modules/generate-object-property,7,0
tor-wave-14,tor-controller-master,vendor/github.com/kubernetes-sigs/kubebuilder/docs/book/node_modules/getpass,5,1
tor-wave-14,tor-controller-master,vendor/github.com/kubernetes-sigs/kubebuilder/docs/book/node_modules/getpass/lib,1,0
tor-wave-14,tor-controller-master,vendor/github.com/kubernetes-sigs/kubebuilder/docs/book/node_modules/gitbook-plugin-panel,4,1
tor-wave-14,tor-controller-master,vendor/github.com/kubernetes-sigs/kubebuilder/docs/book/node_modules/gitbook-plugin-panel/assets,2,1
tor-wave-14,tor-controller-master,vendor/github.com/kubernetes-sigs/kubebuilder/docs/book/node_modules/gitbook-plugin-panel/assets/fonts,4,0
tor-wave-14,tor-controller-master,vendor/github.com/kubernetes-sigs/kubebuilder/docs/book/node_modules/gitbook-plugin-search,6,2
tor-wave-14,tor-controller-master,vendor/github.com/kubernetes-sigs/kubebuilder/docs/book/node_modules/gitbook-plugin-search/_layouts,0,1
tor-wave-14,tor-controller-master,vendor/github.com/kubernetes-sigs/kubebuilder/docs/book/node_modules/gitbook-plugin-search/_layouts/website,1,0
tor-wave-14,tor-controller-master,vendor/github.com/kubernetes-sigs/kubebuilder/docs/book/node_modules/gitbook-plugin-search/assets,4,0
tor-wave-14,tor-controller-master,vendor/github.com/kubernetes-sigs/kubebuilder/docs/book/node_modules/gitbook-plugin-sequence-diagrams,5,1
tor-wave-14,tor-controller-master,vendor/github.com/kubernetes-sigs/kubebuilder/docs/book/node_modules/gitbook-plugin-sequence-diagrams/assets,3,0
tor-wave-14,tor-controller-master,vendor/github.com/kubernetes-sigs/kubebuilder/docs/book/node_modules/gitbook-plugin-theme-api,6,4
tor-wave-14,tor-controller-master,vendor/github.com/kubernetes-sigs/kubebuilder/docs/book/node_modules/gitbook-plugin-theme-api/_layouts,0,1
tor-wave-14,tor-controller-master,vendor/github.com/kubernetes-sigs/kubebuilder/docs/book/node_modules/gitbook-plugin-theme-api/_layouts/website,1,0
tor-wave-14,tor-controller-master,vendor/github.com/kubernetes-sigs/kubebuilder/docs/book/node_modules/gitbook-plugin-theme-api/assets,2,0
tor-wave-14,tor-controller-master,vendor/github.com/kubernetes-sigs/kubebuilder/docs/book/node_modules/gitbook-plugin-theme-api/img,8,0
tor-wave-14,tor-controller-master,vendor/github.com/kubernetes-sigs/kubebuilder/docs/book/node_modules/gitbook-plugin-theme-api/src,1,2
tor-wave-14,tor-controller-master,vendor/github.com/kubernetes-sigs/kubebuilder/docs/book/node_modules/gitbook-plugin-theme-api/src/js,1,0
tor-wave-14,tor-controller-master,vendor/github.com/kubernetes-sigs/kubebuilder/docs/book/node_modules/gitbook-plugin-theme-api/src/less,1,2
tor-wave-14,tor-controller-master,vendor/github.com/kubernetes-sigs/kubebuilder/docs/book/node_modules/gitbook-plugin-theme-api/src/less/themes,7,0
tor-wave-14,tor-controller-master,vendor/github.com/kubernetes-sigs/kubebuilder/docs/book/node_modules/gitbook-plugin-theme-api/src/less/website,7,0
tor-wave-14,tor-controller-master,vendor/github.com/kubernetes-sigs/kubebuilder/docs/book/node_modules/glob,7,0
tor-wave-14,tor-controller-master,vendor/github.com/kubernetes-sigs/kubebuilder/docs/book/node_modules/graceful-fs,7,0
tor-wave-14,tor-controller-master,vendor/github.com/kubernetes-sigs/kubebuilder/docs/book/node_modules/har-schema,3,1
tor-wave-14,tor-controller-master,vendor/github.com/kubernetes-sigs/kubebuilder/docs/book/node_modules/har-schema/lib,19,0
tor-wave-14,tor-controller-master,vendor/github.com/kubernetes-sigs/kubebuilder/docs/book/node_modules/har-validator,3,1
tor-wave-14,tor-controller-master,vendor/github.com/kubernetes-sigs/kubebuilder/docs/book/node_modules/har-validator/lib,3,0
tor-wave-14,tor-controller-master,vendor/github.com/kubernetes-sigs/kubebuilder/docs/book/node_modules/has-ansi,4,0
tor-wave-14,tor-controller-master,vendor/github.com/kubernetes-sigs/kubebuilder/docs/book/node_modules/hasha,4,0
tor-wave-14,tor-controller-master,vendor/github.com/kubernetes-sigs/kubebuilder/docs/book/node_modules/hawk,5,2
tor-wave-14,tor-controller-master,vendor/github.com/kubernetes-sigs/kubebuilder/docs/book/node_modules/hawk/dist,1,0
tor-wave-14,tor-controller-master,vendor/github.com/kubernetes-sigs/kubebuilder/docs/book/node_modules/hawk/lib,6,0
tor-wave-14,tor-controller-master,vendor/github.com/kubernetes-sigs/kubebuilder/docs/book/node_modules/hoek,4,1
tor-wave-14,tor-controller-master,vendor/github.com/kubernetes-sigs/kubebuilder/docs/book/node_modules/hoek/lib,2,0
tor-wave-14,tor-controller-master,vendor/github.com/kubernetes-sigs/kubebuilder/docs/book/node_modules/htmlparser2,6,3
tor-wave-14,tor-controller-master,vendor/github.com/kubernetes-sigs/kubebuilder/docs/book/node_modules/htmlparser2/lib,8,0
tor-wave-14,tor-controller-master,vendor/github.com/kubernetes-sigs/kubebuilder/docs/book/node_modules/htmlparser2/node_modules,0,1
tor-wave-14,tor-controller-master,vendor/github.com/kubernetes-sigs/kubebuilder/docs/book/node_modules/htmlparser2/node_modules/entities,5,3
tor-wave-14,tor-controller-master,vendor/github.com/kubernetes-sigs/kubebuilder/docs/book/node_modules/htmlparser2/node_modules/entities/lib,3,0
tor-wave-14,tor-controller-master,vendor/github.com/kubernetes-sigs/kubebuilder/docs/book/node_modules/htmlparser2/node_modules/entities/maps,4,0
tor-wave-14,tor-controller-master,vendor/github.com/kubernetes-sigs/kubebuilder/docs/book/node_modules/htmlparser2/node_modules/entities/test,2,0
tor-wave-14,tor-controller-master,vendor/github.com/kubernetes-sigs/kubebuilder/docs/book/node_modules/htmlparser2/test,5,4
tor-wave-14,tor-controller-master,vendor/github.com/kubernetes-sigs/kubebuilder/docs/book/node_modules/htmlparser2/test/Documents,5,0
tor-wave-14,tor-controller-master,vendor/github.com/kubernetes-sigs/kubebuilder/docs/book/node_modules/htmlparser2/test/Events,31,0
tor-wave-14,tor-controller-master,vendor/github.com/kubernetes-sigs/kubebuilder/docs/book/node_modules/htmlparser2/test/Feeds,3,0
tor-wave-14,tor-controller-master,vendor/github.com/kubernetes-sigs/kubebuilder/docs/book/node_modules/htmlparser2/test/Stream,5,0
tor-wave-14,tor-controller-master,vendor/github.com/kubernetes-sigs/kubebuilder/docs/book/node_modules/http-signature,7,1
tor-wave-14,tor-controller-master,vendor/github.com/kubernetes-sigs/kubebuilder/docs/book/node_modules/http-signature/lib,5,0
tor-wave-14,tor-controller-master,vendor/github.com/kubernetes-sigs/kubebuilder/docs/book/node_modules/inflight,4,0
tor-wave-14,tor-controller-master,vendor/github.com/kubernetes-sigs/kubebuilder/docs/book/node_modules/inherits,5,0
tor-wave-14,tor-controller-master,vendor/github.com/kubernetes-sigs/kubebuilder/docs/book/node_modules/is-my-ip-valid,4,1
tor-wave-14,tor-controller-master,vendor/github.com/kubernetes-sigs/kubebuilder/docs/book/node_modules/is-my-ip-valid/fixtures,4,0
tor-wave-14,tor-controller-master,vendor/github.com/kubernetes-sigs/kubebuilder/docs/book/node_modules/is-my-json-valid,8,1
tor-wave-14,tor-controller-master,vendor/github.com/kubernetes-sigs/kubebuilder/docs/book/node_modules/is-my-json-valid/test,4,2
tor-wave-14,tor-controller-master,vendor/github.com/kubernetes-sigs/kubebuilder/docs/book/node_modules/is-my-json-valid/test/fixtures,1,0
tor-wave-14,tor-controller-master,vendor/github.com/kubernetes-sigs/kubebuilder/docs/book/node_modules/is-my-json-valid/test/json-schema-draft4,32,0
tor-wave-14,tor-controller-master,vendor/github.com/kubernetes-sigs/kubebuilder/docs/book/node_modules/is-property,5,0
tor-wave-14,tor-controller-master,vendor/github.com/kubernetes-sigs/kubebuilder/docs/book/node_modules/is-stream,4,0
tor-wave-14,tor-controller-master,vendor/github.com/kubernetes-sigs/kubebuilder/docs/book/node_modules/is-typedarray,5,0
tor-wave-14,tor-controller-master,vendor/github.com/kubernetes-sigs/kubebuilder/docs/book/node_modules/isarray,4,1
tor-wave-14,tor-controller-master,vendor/github.com/kubernetes-sigs/kubebuilder/docs/book/node_modules/isarray/build,1,0
tor-wave-14,tor-controller-master,vendor/github.com/kubernetes-sigs/kubebuilder/docs/book/node_modules/isexe,7,1
tor-wave-14,tor-controller-master,vendor/github.com/kubernetes-sigs/kubebuilder/docs/book/node_modules/isexe/test,1,0
tor-wave-14,tor-controller-master,vendor/github.com/kubernetes-sigs/kubebuilder/docs/book/node_modules/isstream,8,0
tor-wave-14,tor-controller-master,vendor/github.com/kubernetes-sigs/kubebuilder/docs/book/node_modules/jsbn,7,0
tor-wave-14,tor-controller-master,vendor/github.com/kubernetes-sigs/kubebuilder/docs/book/node_modules/jsdom,4,1
tor-wave-14,tor-controller-master,vendor/github.com/kubernetes-sigs/kubebuilder/docs/book/node_modules/jsdom/lib,2,1
tor-wave-14,tor-controller-master,vendor/github.com/kubernetes-sigs/kubebuilder/docs/book/node_modules/jsdom/lib/jsdom,4,6
tor-wave-14,tor-controller-master,vendor/github.com/kubernetes-sigs/kubebuilder/docs/book/node_modules/jsdom/lib/jsdom/browser,10,0
tor-wave-14,tor-controller-master,vendor/github.com/kubernetes-sigs/kubebuilder/docs/book/node_modules/jsdom/lib/jsdom/level1,1,0
tor-wave-14,tor-controller-master,vendor/github.com/kubernetes-sigs/kubebuilder/docs/book/node_modules/jsdom/lib/jsdom/level2,4,1
tor-wave-14,tor-controller-master,vendor/github.com/kubernetes-sigs/kubebuilder/docs/book/node_modules/jsdom/lib/jsdom/level2/languages,1,0
tor-wave-14,tor-controller-master,vendor/github.com/kubernetes-sigs/kubebuilder/docs/book/node_modules/jsdom/lib/jsdom/level3,3,0
tor-wave-14,tor-controller-master,vendor/github.com/kubernetes-sigs/kubebuilder/docs/book/node_modules/jsdom/lib/jsdom/living,38,4
tor-wave-14,tor-controller-master,vendor/github.com/kubernetes-sigs/kubebuilder/docs/book/node_modules/jsdom/lib/jsdom/living/attributes,1,0
tor-wave-14,tor-controller-master,vendor/github.com/kubernetes-sigs/kubebuilder/docs/book/node_modules/jsdom/lib/jsdom/living/events,12,0
tor-wave-14,tor-controller-master,vendor/github.com/kubernetes-sigs/kubebuilder/docs/book/node_modules/jsdom/lib/jsdom/living/generated,27,0
tor-wave-14,tor-controller-master,vendor/github.com/kubernetes-sigs/kubebuilder/docs/book/node_modules/jsdom/lib/jsdom/living/helpers,6,0
tor-wave-14,tor-controller-master,vendor/github.com/kubernetes-sigs/kubebuilder/docs/book/node_modules/jsdom/lib/jsdom/web-idl,2,0
tor-wave-14,tor-controller-master,vendor/github.com/kubernetes-sigs/kubebuilder/docs/book/node_modules/json-schema,4,7
tor-wave-14,tor-controller-master,vendor/github.com/kubernetes-sigs/kubebuilder/docs/book/node_modules/json-schema-traverse,7,1
tor-wave-14,tor-controller-master,vendor/github.com/kubernetes-sigs/kubebuilder/docs/book/node_modules/json-schema-traverse/spec,2,1
tor-wave-14,tor-controller-master,vendor/github.com/kubernetes-sigs/kubebuilder/docs/book/node_modules/json-schema-traverse/spec/fixtures,1,0
tor-wave-14,tor-controller-master,vendor/github.com/kubernetes-sigs/kubebuilder/docs/book/node_modules/json-schema/draft-00,4,0
tor-wave-14,tor-controller-master,vendor/github.com/kubernetes-sigs/kubebuilder/docs/book/node_modules/json-schema/draft-01,4,0
tor-wave-14,tor-controller-master,vendor/github.com/kubernetes-sigs/kubebuilder/docs/book/node_modules/json-schema/draft-02,4,0
tor-wave-14,tor-controller-master,vendor/github.com/kubernetes-sigs/kubebuilder/docs/book/node_modules/json-schema/draft-03,4,1
tor-wave-14,tor-controller-master,vendor/github.com/kubernetes-sigs/kubebuilder/docs/book/node_modules/json-schema/draft-03/examples,5,0
tor-wave-14,tor-controller-master,vendor/github.com/kubernetes-sigs/kubebuilder/docs/book/node_modules/json-schema/draft-04,3,0
tor-wave-14,tor-controller-master,vendor/github.com/kubernetes-sigs/kubebuilder/docs/book/node_modules/json-schema/lib,2,0
tor-wave-14,tor-controller-master,vendor/github.com/kubernetes-sigs/kubebuilder/docs/book/node_modules/json-schema/test,1,0
tor-wave-14,tor-controller-master,vendor/github.com/kubernetes-sigs/kubebuilder/docs/book/node_modules/json-stringify-safe,7,1
tor-wave-14,tor-controller-master,vendor/github.com/kubernetes-sigs/kubebuilder/docs/book/node_modules/json-stringify-safe/test,2,0
tor-wave-14,tor-controller-master,vendor/github.com/kubernetes-sigs/kubebuilder/docs/book/node_modules/jsonfile,7,0
tor-wave-14,tor-controller-master,vendor/github.com/kubernetes-sigs/kubebuilder/docs/book/node_modules/jsonpointer,4,0
tor-wave-14,tor-controller-master,vendor/github.com/kubernetes-sigs/kubebuilder/docs/book/node_modules/jsprim,5,1
tor-wave-14,tor-controller-master,vendor/github.com/kubernetes-sigs/kubebuilder/docs/book/node_modules/jsprim/lib,1,0
tor-wave-14,tor-controller-master,vendor/github.com/kubernetes-sigs/kubebuilder/docs/book/node_modules/kew,6,1
tor-wave-14,tor-controller-master,vendor/github.com/kubernetes-sigs/kubebuilder/docs/book/node_modules/kew/test,9,0
tor-wave-14,tor-controller-master,vendor/github.com/kubernetes-sigs/kubebuilder/docs/book/node_modules/klaw,5,1
tor-wave-14,tor-controller-master,vendor/github.com/kubernetes-sigs/kubebuilder/docs/book/node_modules/klaw/src,2,0
tor-wave-14,tor-controller-master,vendor/github.com/kubernetes-sigs/kubebuilder/docs/book/node_modules/levn,3,1
tor-wave-14,tor-controller-master,vendor/github.com/kubernetes-sigs/kubebuilder/docs/book/node_modules/levn/lib,5,0
tor-wave-14,tor-controller-master,vendor/github.com/kubernetes-sigs/kubebuilder/docs/book/node_modules/linerstream,7,1
tor-wave-14,tor-controller-master,vendor/github.com/kubernetes-sigs/kubebuilder/docs/book/node_modules/linerstream/test,1,1
tor-wave-14,tor-controller-master,vendor/github.com/kubernetes-sigs/kubebuilder/docs/book/node_modules/linerstream/test/data,1,0
tor-wave-14,tor-controller-master,vendor/github.com/kubernetes-sigs/kubebuilder/docs/book/node_modules/lodash,579,1
tor-wave-14,tor-controller-master,vendor/github.com/kubernetes-sigs/kubebuilder/docs/book/node_modules/lodash/fp,377,0
tor-wave-14,tor-controller-master,vendor/github.com/kubernetes-sigs/kubebuilder/docs/book/node_modules/mime-db,6,0
tor-wave-14,tor-controller-master,vendor/github.com/kubernetes-sigs/kubebuilder/docs/book/node_modules/mime-types,5,0
tor-wave-14,tor-controller-master,vendor/github.com/kubernetes-sigs/kubebuilder/docs/book/node_modules/minimatch,4,0
tor-wave-14,tor-controller-master,vendor/github.com/kubernetes-sigs/kubebuilder/docs/book/node_modules/minimist,5,2
tor-wave-14,tor-controller-master,vendor/github.com/kubernetes-sigs/kubebuilder/docs/book/node_modules/minimist/example,1,0
tor-wave-14,tor-controller-master,vendor/github.com/kubernetes-sigs/kubebuilder/docs/book/node_modules/minimist/test,8,0
tor-wave-14,tor-controller-master,vendor/github.com/kubernetes-sigs/kubebuilder/docs/book/node_modules/mkdirp,6,3
tor-wave-14,tor-controller-master,vendor/github.com/kubernetes-sigs/kubebuilder/docs/book/node_modules/mkdirp/bin,2,0
tor-wave-14,tor-controller-master,vendor/github.com/kubernetes-sigs/kubebuilder/docs/book/node_modules/mkdirp/examples,1,0
tor-wave-14,tor-controller-master,vendor/github.com/kubernetes-sigs/kubebuilder/docs/book/node_modules/mkdirp/test,15,0
tor-wave-14,tor-controller-master,vendor/github.com/kubernetes-sigs/kubebuilder/docs/book/node_modules/ms,4,0
tor-wave-14,tor-controller-master,vendor/github.com/kubernetes-sigs/kubebuilder/docs/book/node_modules/nth-check,7,0
tor-wave-14,tor-controller-master,vendor/github.com/kubernetes-sigs/kubebuilder/docs/book/node_modules/nwmatcher,3,1
tor-wave-14,tor-controller-master,vendor/github.com/kubernetes-sigs/kubebuilder/docs/book/node_modules/nwmatcher/src,3,1
tor-wave-14,tor-controller-master,vendor/github.com/kubernetes-sigs/kubebuilder/docs/book/node_modules/nwmatcher/src/modules,6,0
tor-wave-14,tor-controller-master,vendor/github.com/kubernetes-sigs/kubebuilder/docs/book/node_modules/oauth-sign,4,0
tor-wave-14,tor-controller-master,vendor/github.com/kubernetes-sigs/kubebuilder/docs/book/node_modules/once,4,0
tor-wave-14,tor-controller-master,vendor/github.com/kubernetes-sigs/kubebuilder/docs/book/node_modules/optionator,4,1
tor-wave-14,tor-controller-master,vendor/github.com/kubernetes-sigs/kubebuilder/docs/book/node_modules/optionator/lib,3,0
tor-wave-14,tor-controller-master,vendor/github.com/kubernetes-sigs/kubebuilder/docs/book/node_modules/parse5,5,2
tor-wave-14,tor-controller-master,vendor/github.com/kubernetes-sigs/kubebuilder/docs/book/node_modules/parse5/docs,0,1
tor-wave-14,tor-controller-master,vendor/github.com/kubernetes-sigs/kubebuilder/docs/book/node_modules/parse5/docs/build,1,0
tor-wave-14,tor-controller-master,vendor/github.com/kubernetes-sigs/kubebuilder/docs/book/node_modules/parse5/lib,0,7
tor-wave-14,tor-controller-master,vendor/github.com/kubernetes-sigs/kubebuilder/docs/book/node_modules/parse5/lib/common,5,0
tor-wave-14,tor-controller-master,vendor/github.com/kubernetes-sigs/kubebuilder/docs/book/node_modules/parse5/lib/jsdom,2,0
tor-wave-14,tor-controller-master,vendor/github.com/kubernetes-sigs/kubebuilder/docs/book/node_modules/parse5/lib/serialization,1,0
tor-wave-14,tor-controller-master,vendor/github.com/kubernetes-sigs/kubebuilder/docs/book/node_modules/parse5/lib/simple_api,2,0
tor-wave-14,tor-controller-master,vendor/github.com/kubernetes-sigs/kubebuilder/docs/book/node_modules/parse5/lib/tokenization,4,0
tor-wave-14,tor-controller-master,vendor/github.com/kubernetes-sigs/kubebuilder/docs/book/node_modules/parse5/lib/tree_adapters,2,0
tor-wave-14,tor-controller-master,vendor/github.com/kubernetes-sigs/kubebuilder/docs/book/node_modules/parse5/lib/tree_construction,4,0
tor-wave-14,tor-controller-master,vendor/github.com/kubernetes-sigs/kubebuilder/docs/book/node_modules/path-is-absolute,4,0
tor-wave-14,tor-controller-master,vendor/github.com/kubernetes-sigs/kubebuilder/docs/book/node_modules/pend,5,0
tor-wave-14,tor-controller-master,vendor/github.com/kubernetes-sigs/kubebuilder/docs/book/node_modules/performance-now,6,3
tor-wave-14,tor-controller-master,vendor/github.com/kubernetes-sigs/kubebuilder/docs/book/node_modules/performance-now/lib,2,0
tor-wave-14,tor-controller-master,vendor/github.com/kubernetes-sigs/kubebuilder/docs/book/node_modules/performance-now/src,2,0
tor-wave-14,tor-controller-master,vendor/github.com/kubernetes-sigs/kubebuilder/docs/book/node_modules/performance-now/test,3,1
tor-wave-14,tor-controller-master,vendor/github.com/kubernetes-sigs/kubebuilder/docs/book/node_modules/performance-now/test/scripts,4,0
tor-wave-14,tor-controller-master,vendor/github.com/kubernetes-sigs/kubebuilder/docs/book/node_modules/phantom,3,1
tor-wave-14,tor-controller-master,vendor/github.com/kubernetes-sigs/kubebuilder/docs/book/node_modules/phantom/lib,7,0
tor-wave-14,tor-controller-master,vendor/github.com/kubernetes-sigs/kubebuilder/docs/book/node_modules/phantomjs,8,4
tor-wave-14,tor-controller-master,vendor/github.com/kubernetes-sigs/kubebuilder/docs/book/node_modules/phantomjs-prebuilt,9,3
tor-wave-14,tor-controller-master,vendor/github.com/kubernetes-sigs/kubebuilder/docs/book/node_modules/phantomjs-prebuilt/bin,1,0
tor-wave-14,tor-controller-master,vendor/github.com/kubernetes-sigs/kubebuilder/docs/book/node_modules/phantomjs-prebuilt/lib,3,1
tor-wave-14,tor-controller-master,vendor/github.com/kubernetes-sigs/kubebuilder/docs/book/node_modules/phantomjs-prebuilt/lib/phantom,4,2
tor-wave-14,tor-controller-master,vendor/github.com/kubernetes-sigs/kubebuilder/docs/book/node_modules/phantomjs-prebuilt/lib/phantom/bin,1,0
tor-wave-14,tor-controller-master,vendor/github.com/kubernetes-sigs/kubebuilder/docs/book/node_modules/phantomjs-prebuilt/lib/phantom/examples,45,0
tor-wave-14,tor-controller-master,vendor/github.com/kubernetes-sigs/kubebuilder/docs/book/node_modules/phantomjs-prebuilt/test,3,0
tor-wave-14,tor-controller-master,vendor/github.com/kubernetes-sigs/kubebuilder/docs/book/node_modules/phantomjs/bin,1,0
tor-wave-14,tor-controller-master,vendor/github.com/kubernetes-sigs/kubebuilder/docs/book/node_modules/phantomjs/lib,2,1
tor-wave-14,tor-controller-master,vendor/github.com/kubernetes-sigs/kubebuilder/docs/book/node_modules/phantomjs/lib/phantom,4,2
tor-wave-14,tor-controller-master,vendor/github.com/kubernetes-sigs/kubebuilder/docs/book/node_modules/phantomjs/lib/phantom/bin,1,0
tor-wave-14,tor-controller-master,vendor/github.com/kubernetes-sigs/kubebuilder/docs/book/node_modules/phantomjs/lib/phantom/examples,45,0
tor-wave-14,tor-controller-master,vendor/github.com/kubernetes-sigs/kubebuilder/docs/book/node_modules/phantomjs/node_modules,0,27
tor-wave-14,tor-controller-master,vendor/github.com/kubernetes-sigs/kubebuilder/docs/book/node_modules/phantomjs/node_modules/.bin,4,0
tor-wave-14,tor-controller-master,vendor/github.com/kubernetes-sigs/kubebuilder/docs/book/node_modules/phantomjs/node_modules/assert-plus,5,0
tor-wave-14,tor-controller-master,vendor/github.com/kubernetes-sigs/kubebuilder/docs/book/node_modules/phantomjs/node_modules/async,105,2
tor-wave-14,tor-controller-master,vendor/github.com/kubernetes-sigs/kubebuilder/docs/book/node_modules/phantomjs/node_modules/async/dist,3,0
tor-wave-14,tor-controller-master,vendor/github.com/kubernetes-sigs/kubebuilder/docs/book/node_modules/phantomjs/node_modules/async/internal,25,0
tor-wave-14,tor-controller-master,vendor/github.com/kubernetes-sigs/kubebuilder/docs/book/node_modules/phantomjs/node_modules/aws-sign2,4,0
tor-wave-14,tor-controller-master,vendor/github.com/kubernetes-sigs/kubebuilder/docs/book/node_modules/phantomjs/node_modules/boom,6,3
tor-wave-14,tor-controller-master,vendor/github.com/kubernetes-sigs/kubebuilder/docs/book/node_modules/phantomjs/node_modules/boom/images,1,0
tor-wave-14,tor-controller-master,vendor/github.com/kubernetes-sigs/kubebuilder/docs/book/node_modules/phantomjs/node_modules/boom/lib,1,0
tor-wave-14,tor-controller-master,vendor/github.com/kubernetes-sigs/kubebuilder/docs/book/node_modules/phantomjs/node_modules/boom/test,1,0
tor-wave-14,tor-controller-master,vendor/github.com/kubernetes-sigs/kubebuilder/docs/book/node_modules/phantomjs/node_modules/caseless,5,0
tor-wave-14,tor-controller-master,vendor/github.com/kubernetes-sigs/kubebuilder/docs/book/node_modules/phantomjs/node_modules/concat-stream,4,0
tor-wave-14,tor-controller-master,vendor/github.com/kubernetes-sigs/kubebuilder/docs/book/node_modules/phantomjs/node_modules/cryptiles,5,2
tor-wave-14,tor-controller-master,vendor/github.com/kubernetes-sigs/kubebuilder/docs/book/node_modules/phantomjs/node_modules/cryptiles/lib,1,0
tor-wave-14,tor-controller-master,vendor/github.com/kubernetes-sigs/kubebuilder/docs/book/node_modules/phantomjs/node_modules/cryptiles/test,1,0
tor-wave-14,tor-controller-master,vendor/github.com/kubernetes-sigs/kubebuilder/docs/book/node_modules/phantomjs/node_modules/debug,4,1
tor-wave-14,tor-controller-master,vendor/github.com/kubernetes-sigs/kubebuilder/docs/book/node_modules/phantomjs/node_modules/debug/lib,1,0
tor-wave-14,tor-controller-master,vendor/github.com/kubernetes-sigs/kubebuilder/docs/book/node_modules/phantomjs/node_modules/extract-zip,7,0
tor-wave-14,tor-controller-master,vendor/github.com/kubernetes-sigs/kubebuilder/docs/book/node_modules/phantomjs/node_modules/form-data,3,1
tor-wave-14,tor-controller-master,vendor/github.com/kubernetes-sigs/kubebuilder/docs/book/node_modules/phantomjs/node_modules/form-data/lib,3,0
tor-wave-14,tor-controller-master,vendor/github.com/kubernetes-sigs/kubebuilder/docs/book/node_modules/phantomjs/node_modules/fs-extra,5,1
tor-wave-14,tor-controller-master,vendor/github.com/kubernetes-sigs/kubebuilder/docs/book/node_modules/phantomjs/node_modules/fs-extra/lib,1,12
tor-wave-14,tor-controller-master,vendor/github.com/kubernetes-sigs/kubebuilder/docs/book/node_modules/phantomjs/node_modules/fs-extra/lib/copy,3,0
tor-wave-14,tor-controller-master,vendor/github.com/kubernetes-sigs/kubebuilder/docs/book/node_modules/phantomjs/node_modules/fs-extra/lib/copy-sync,3,0
tor-wave-14,tor-controller-master,vendor/github.com/kubernetes-sigs/kubebuilder/docs/book/node_modules/phantomjs/node_modules/fs-extra/lib/empty,1,0
tor-wave-14,tor-controller-master,vendor/github.com/kubernetes-sigs/kubebuilder/docs/book/node_modules/phantomjs/node_modules/fs-extra/lib/ensure,6,0
tor-wave-14,tor-controller-master,vendor/github.com/kubernetes-sigs/kubebuilder/docs/book/node_modules/phantomjs/node_modules/fs-extra/lib/json,4,0
tor-wave-14,tor-controller-master,vendor/github.com/kubernetes-sigs/kubebuilder/docs/book/node_modules/phantomjs/node_modules/fs-extra/lib/mkdirs,3,0
tor-wave-14,tor-controller-master,vendor/github.com/kubernetes-sigs/kubebuilder/docs/book/node_modules/phantomjs/node_modules/fs-extra/lib/move,1,0
tor-wave-14,tor-controller-master,vendor/github.com/kubernetes-sigs/kubebuilder/docs/book/node_modules/phantomjs/node_modules/fs-extra/lib/output,1,0
tor-wave-14,tor-controller-master,vendor/github.com/kubernetes-sigs/kubebuilder/docs/book/node_modules/phantomjs/node_modules/fs-extra/lib/remove,1,0
tor-wave-14,tor-controller-master,vendor/github.com/kubernetes-sigs/kubebuilder/docs/book/node_modules/phantomjs/node_modules/fs-extra/lib/streams,2,0
tor-wave-14,tor-controller-master,vendor/github.com/kubernetes-sigs/kubebuilder/docs/book/node_modules/phantomjs/node_modules/fs-extra/lib/util,2,0
tor-wave-14,tor-controller-master,vendor/github.com/kubernetes-sigs/kubebuilder/docs/book/node_modules/phantomjs/node_modules/fs-extra/lib/walk,1,0
tor-wave-14,tor-controller-master,vendor/github.com/kubernetes-sigs/kubebuilder/docs/book/node_modules/phantomjs/node_modules/har-validator,3,2
tor-wave-14,tor-controller-master,vendor/github.com/kubernetes-sigs/kubebuilder/docs/book/node_modules/phantomjs/node_modules/har-validator/bin,1,0
tor-wave-14,tor-controller-master,vendor/github.com/kubernetes-sigs/kubebuilder/docs/book/node_modules/phantomjs/node_modules/har-validator/lib,4,1
tor-wave-14,tor-controller-master,vendor/github.com/kubernetes-sigs/kubebuilder/docs/book/node_modules/phantomjs/node_modules/har-validator/lib/schemas,16,0
tor-wave-14,tor-controller-master,vendor/github.com/kubernetes-sigs/kubebuilder/docs/book/node_modules/phantomjs/node_modules/hawk,7,5
tor-wave-14,tor-controller-master,vendor/github.com/kubernetes-sigs/kubebuilder/docs/book/node_modules/phantomjs/node_modules/hawk/dist,1,0
tor-wave-14,tor-controller-master,vendor/github.com/kubernetes-sigs/kubebuilder/docs/book/node_modules/phantomjs/node_modules/hawk/example,1,0
tor-wave-14,tor-controller-master,vendor/github.com/kubernetes-sigs/kubebuilder/docs/book/node_modules/phantomjs/node_modules/hawk/images,2,0
tor-wave-14,tor-controller-master,vendor/github.com/kubernetes-sigs/kubebuilder/docs/book/node_modules/phantomjs/node_modules/hawk/lib,6,0
tor-wave-14,tor-controller-master,vendor/github.com/kubernetes-sigs/kubebuilder/docs/book/node_modules/phantomjs/node_modules/hawk/test,8,0
tor-wave-14,tor-controller-master,vendor/github.com/kubernetes-sigs/kubebuilder/docs/book/node_modules/phantomjs/node_modules/hoek,6,3
tor-wave-14,tor-controller-master,vendor/github.com/kubernetes-sigs/kubebuilder/docs/book/node_modules/phantomjs/node_modules/hoek/images,1,0
tor-wave-14,tor-controller-master,vendor/github.com/kubernetes-sigs/kubebuilder/docs/book/node_modules/phantomjs/node_modules/hoek/lib,2,0
tor-wave-14,tor-controller-master,vendor/github.com/kubernetes-sigs/kubebuilder/docs/book/node_modules/phantomjs/node_modules/hoek/test,2,1
tor-wave-14,tor-controller-master,vendor/github.com/kubernetes-sigs/kubebuilder/docs/book/node_modules/phantomjs/node_modules/hoek/test/modules,4,0
tor-wave-14,tor-controller-master,vendor/github.com/kubernetes-sigs/kubebuilder/docs/book/node_modules/phantomjs/node_modules/http-signature,7,1
tor-wave-14,tor-controller-master,vendor/github.com/kubernetes-sigs/kubebuilder/docs/book/node_modules/phantomjs/node_modules/http-signature/lib,5,0
tor-wave-14,tor-controller-master,vendor/github.com/kubernetes-sigs/kubebuilder/docs/book/node_modules/phantomjs/node_modules/isarray,8,0
tor-wave-14,tor-controller-master,vendor/github.com/kubernetes-sigs/kubebuilder/docs/book/node_modules/phantomjs/node_modules/lodash,634,1
tor-wave-14,tor-controller-master,vendor/github.com/kubernetes-sigs/kubebuilder/docs/book/node_modules/phantomjs/node_modules/lodash/fp,415,0
tor-wave-14,tor-controller-master,vendor/github.com/kubernetes-sigs/kubebuilder/docs/book/node_modules/phantomjs/node_modules/node-uuid,8,4
tor-wave-14,tor-controller-master,vendor/github.com/kubernetes-sigs/kubebuilder/docs/book/node_modules/phantomjs/node_modules/node-uuid/benchmark,5,0
tor-wave-14,tor-controller-master,vendor/github.com/kubernetes-sigs/kubebuilder/docs/book/node_modules/phantomjs/node_modules/node-uuid/bin,1,0
tor-wave-14,tor-controller-master,vendor/github.com/kubernetes-sigs/kubebuilder/docs/book/node_modules/phantomjs/node_modules/node-uuid/lib,1,0
tor-wave-14,tor-controller-master,vendor/github.com/kubernetes-sigs/kubebuilder/docs/book/node_modules/phantomjs/node_modules/node-uuid/test,3,0
tor-wave-14,tor-controller-master,vendor/github.com/kubernetes-sigs/kubebuilder/docs/book/node_modules/phantomjs/node_modules/process-nextick-args,6,0
tor-wave-14,tor-controller-master,vendor/github.com/kubernetes-sigs/kubebuilder/docs/book/node_modules/phantomjs/node_modules/qs,10,3
tor-wave-14,tor-controller-master,vendor/github.com/kubernetes-sigs/kubebuilder/docs/book/node_modules/phantomjs/node_modules/qs/dist,1,0
tor-wave-14,tor-controller-master,vendor/github.com/kubernetes-sigs/kubebuilder/docs/book/node_modules/phantomjs/node_modules/qs/lib,4,0
tor-wave-14,tor-controller-master,vendor/github.com/kubernetes-sigs/kubebuilder/docs/book/node_modules/phantomjs/node_modules/qs/test,3,0
tor-wave-14,tor-controller-master,vendor/github.com/kubernetes-sigs/kubebuilder/docs/book/node_modules/phantomjs/node_modules/readable-stream,11,2
tor-wave-14,tor-controller-master,vendor/github.com/kubernetes-sigs/kubebuilder/docs/book/node_modules/phantomjs/node_modules/readable-stream/doc,1,1
tor-wave-14,tor-controller-master,vendor/github.com/kubernetes-sigs/kubebuilder/docs/book/node_modules/phantomjs/node_modules/readable-stream/doc/wg-meetings,1,0
tor-wave-14,tor-controller-master,vendor/github.com/kubernetes-sigs/kubebuilder/docs/book/node_modules/phantomjs/node_modules/readable-stream/lib,5,0
tor-wave-14,tor-controller-master,vendor/github.com/kubernetes-sigs/kubebuilder/docs/book/node_modules/phantomjs/node_modules/request,10,1
tor-wave-14,tor-controller-master,vendor/github.com/kubernetes-sigs/kubebuilder/docs/book/node_modules/phantomjs/node_modules/request/lib,10,0
tor-wave-14,tor-controller-master,vendor/github.com/kubernetes-sigs/kubebuilder/docs/book/node_modules/phantomjs/node_modules/sntp,7,3
tor-wave-14,tor-controller-master,vendor/github.com/kubernetes-sigs/kubebuilder/docs/book/node_modules/phantomjs/node_modules/sntp/examples,2,0
tor-wave-14,tor-controller-master,vendor/github.com/kubernetes-sigs/kubebuilder/docs/book/node_modules/phantomjs/node_modules/sntp/lib,1,0
tor-wave-14,tor-controller-master,vendor/github.com/kubernetes-sigs/kubebuilder/docs/book/node_modules/phantomjs/node_modules/sntp/test,1,0
tor-wave-14,tor-controller-master,vendor/github.com/kubernetes-sigs/kubebuilder/docs/book/node_modules/phantomjs/node_modules/tough-cookie,3,1
tor-wave-14,tor-controller-master,vendor/github.com/kubernetes-sigs/kubebuilder/docs/book/node_modules/phantomjs/node_modules/tough-cookie/lib,6,0
tor-wave-14,tor-controller-master,vendor/github.com/kubernetes-sigs/kubebuilder/docs/book/node_modules/phantomjs/node_modules/tunnel-agent,4,0
tor-wave-14,tor-controller-master,vendor/github.com/kubernetes-sigs/kubebuilder/docs/book/node_modules/phantomjs/node_modules/which,5,1
tor-wave-14,tor-controller-master,vendor/github.com/kubernetes-sigs/kubebuilder/docs/book/node_modules/phantomjs/node_modules/which/bin,1,0
tor-wave-14,tor-controller-master,vendor/github.com/kubernetes-sigs/kubebuilder/docs/book/node_modules/phantomjs/test,3,0
tor-wave-14,tor-controller-master,vendor/github.com/kubernetes-sigs/kubebuilder/docs/book/node_modules/pinkie,4,0
tor-wave-14,tor-controller-master,vendor/github.com/kubernetes-sigs/kubebuilder/docs/book/node_modules/pinkie-promise,4,0
tor-wave-14,tor-controller-master,vendor/github.com/kubernetes-sigs/kubebuilder/docs/book/node_modules/prelude-ls,4,1
tor-wave-14,tor-controller-master,vendor/github.com/kubernetes-sigs/kubebuilder/docs/book/node_modules/prelude-ls/lib,6,0
tor-wave-14,tor-controller-master,vendor/github.com/kubernetes-sigs/kubebuilder/docs/book/node_modules/process-nextick-args,4,0
tor-wave-14,tor-controller-master,vendor/github.com/kubernetes-sigs/kubebuilder/docs/book/node_modules/progress,7,1
tor-wave-14,tor-controller-master,vendor/github.com/kubernetes-sigs/kubebuilder/docs/book/node_modules/progress/lib,1,0
tor-wave-14,tor-controller-master,vendor/github.com/kubernetes-sigs/kubebuilder/docs/book/node_modules/punycode,4,0
tor-wave-14,tor-controller-master,vendor/github.com/kubernetes-sigs/kubebuilder/docs/book/node_modules/q,6,0
tor-wave-14,tor-controller-master,vendor/github.com/kubernetes-sigs/kubebuilder/docs/book/node_modules/q-plus,5,1
tor-wave-14,tor-controller-master,vendor/github.com/kubernetes-sigs/kubebuilder/docs/book/node_modules/q-plus/test,7,0
tor-wave-14,tor-controller-master,vendor/github.com/kubernetes-sigs/kubebuilder/docs/book/node_modules/qs,7,3
tor-wave-14,tor-controller-master,vendor/github.com/kubernetes-sigs/kubebuilder/docs/book/node_modules/qs/dist,1,0
tor-wave-14,tor-controller-master,vendor/github.com/kubernetes-sigs/kubebuilder/docs/book/node_modules/qs/lib,5,0
tor-wave-14,tor-controller-master,vendor/github.com/kubernetes-sigs/kubebuilder/docs/book/node_modules/qs/test,5,0
tor-wave-14,tor-controller-master,vendor/github.com/kubernetes-sigs/kubebuilder/docs/book/node_modules/readable-stream,10,1
tor-wave-14,tor-controller-master,vendor/github.com/kubernetes-sigs/kubebuilder/docs/book/node_modules/readable-stream/lib,5,0
tor-wave-14,tor-controller-master,vendor/github.com/kubernetes-sigs/kubebuilder/docs/book/node_modules/request,6,1
tor-wave-14,tor-controller-master,vendor/github.com/kubernetes-sigs/kubebuilder/docs/book/node_modules/request-progress,9,1
tor-wave-14,tor-controller-master,vendor/github.com/kubernetes-sigs/kubebuilder/docs/book/node_modules/request-progress/test,1,0
tor-wave-14,tor-controller-master,vendor/github.com/kubernetes-sigs/kubebuilder/docs/book/node_modules/request/lib,10,0
tor-wave-14,tor-controller-master,vendor/github.com/kubernetes-sigs/kubebuilder/docs/book/node_modules/rimraf,5,0
tor-wave-14,tor-controller-master,vendor/github.com/kubernetes-sigs/kubebuilder/docs/book/node_modules/safe-buffer,6,0
tor-wave-14,tor-controller-master,vendor/github.com/kubernetes-sigs/kubebuilder/docs/book/node_modules/sax,3,1
tor-wave-14,tor-controller-master,vendor/github.com/kubernetes-sigs/kubebuilder/docs/book/node_modules/sax/lib,1,0
tor-wave-14,tor-controller-master,vendor/github.com/kubernetes-sigs/kubebuilder/docs/book/node_modules/sntp,4,1
tor-wave-14,tor-controller-master,vendor/github.com/kubernetes-sigs/kubebuilder/docs/book/node_modules/sntp/lib,1,0
tor-wave-14,tor-controller-master,vendor/github.com/kubernetes-sigs/kubebuilder/docs/book/node_modules/source-map,6,2
tor-wave-14,tor-controller-master,vendor/github.com/kubernetes-sigs/kubebuilder/docs/book/node_modules/source-map/dist,4,0
tor-wave-14,tor-controller-master,vendor/github.com/kubernetes-sigs/kubebuilder/docs/book/node_modules/source-map/lib,10,0
tor-wave-14,tor-controller-master,vendor/github.com/kubernetes-sigs/kubebuilder/docs/book/node_modules/sshpk,5,3
tor-wave-14,tor-controller-master,vendor/github.com/kubernetes-sigs/kubebuilder/docs/book/node_modules/sshpk/bin,3,0
tor-wave-14,tor-controller-master,vendor/github.com/kubernetes-sigs/kubebuilder/docs/book/node_modules/sshpk/lib,13,1
tor-wave-14,tor-controller-master,vendor/github.com/kubernetes-sigs/kubebuilder/docs/book/node_modules/sshpk/lib/formats,11,0
tor-wave-14,tor-controller-master,vendor/github.com/kubernetes-sigs/kubebuilder/docs/book/node_modules/sshpk/man,0,1
tor-wave-14,tor-controller-master,vendor/github.com/kubernetes-sigs/kubebuilder/docs/book/node_modules/sshpk/man/man1,3,0
tor-wave-14,tor-controller-master,vendor/github.com/kubernetes-sigs/kubebuilder/docs/book/node_modules/stack-trace,5,1
tor-wave-14,tor-controller-master,vendor/github.com/kubernetes-sigs/kubebuilder/docs/book/node_modules/stack-trace/lib,1,0
tor-wave-14,tor-controller-master,vendor/github.com/kubernetes-sigs/kubebuilder/docs/book/node_modules/string_decoder,5,0
tor-wave-14,tor-controller-master,vendor/github.com/kubernetes-sigs/kubebuilder/docs/book/node_modules/stringstream,7,0
tor-wave-14,tor-controller-master,vendor/github.com/kubernetes-sigs/kubebuilder/docs/book/node_modules/strip-ansi,4,0
tor-wave-14,tor-controller-master,vendor/github.com/kubernetes-sigs/kubebuilder/docs/book/node_modules/supports-color,4,0
tor-wave-14,tor-controller-master,vendor/github.com/kubernetes-sigs/kubebuilder/docs/book/node_modules/symbol-tree,3,1
tor-wave-14,tor-controller-master,vendor/github.com/kubernetes-sigs/kubebuilder/docs/book/node_modules/symbol-tree/lib,4,0
tor-wave-14,tor-controller-master,vendor/github.com/kubernetes-sigs/kubebuilder/docs/book/node_modules/throttleit,9,0
tor-wave-14,tor-controller-master,vendor/github.com/kubernetes-sigs/kubebuilder/docs/book/node_modules/tough-cookie,3,1
tor-wave-14,tor-controller-master,vendor/github.com/kubernetes-sigs/kubebuilder/docs/book/node_modules/tough-cookie/lib,6,0
tor-wave-14,tor-controller-master,vendor/github.com/kubernetes-sigs/kubebuilder/docs/book/node_modules/tr46,3,1
tor-wave-14,tor-controller-master,vendor/github.com/kubernetes-sigs/kubebuilder/docs/book/node_modules/tr46/lib,2,0
tor-wave-14,tor-controller-master,vendor/github.com/kubernetes-sigs/kubebuilder/docs/book/node_modules/tunnel-agent,4,0
tor-wave-14,tor-controller-master,vendor/github.com/kubernetes-sigs/kubebuilder/docs/book/node_modules/tweetnacl,12,0
tor-wave-14,tor-controller-master,vendor/github.com/kubernetes-sigs/kubebuilder/docs/book/node_modules/type-check,3,1
tor-wave-14,tor-controller-master,vendor/github.com/kubernetes-sigs/kubebuilder/docs/book/node_modules/type-check/lib,3,0
tor-wave-14,tor-controller-master,vendor/github.com/kubernetes-sigs/kubebuilder/docs/book/node_modules/typedarray,5,2
tor-wave-14,tor-controller-master,vendor/github.com/kubernetes-sigs/kubebuilder/docs/book/node_modules/typedarray/example,1,0
tor-wave-14,tor-controller-master,vendor/github.com/kubernetes-sigs/kubebuilder/docs/book/node_modules/typedarray/test,1,1
tor-wave-14,tor-controller-master,vendor/github.com/kubernetes-sigs/kubebuilder/docs/book/node_modules/typedarray/test/server,1,0
tor-wave-14,tor-controller-master,vendor/github.com/kubernetes-sigs/kubebuilder/docs/book/node_modules/util-deprecate,6,0
tor-wave-14,tor-controller-master,vendor/github.com/kubernetes-sigs/kubebuilder/docs/book/node_modules/uuid,12,2
tor-wave-14,tor-controller-master,vendor/github.com/kubernetes-sigs/kubebuilder/docs/book/node_modules/uuid/bin,1,0
tor-wave-14,tor-controller-master,vendor/github.com/kubernetes-sigs/kubebuilder/docs/book/node_modules/uuid/lib,8,0
tor-wave-14,tor-controller-master,vendor/github.com/kubernetes-sigs/kubebuilder/docs/book/node_modules/verror,6,1
tor-wave-14,tor-controller-master,vendor/github.com/kubernetes-sigs/kubebuilder/docs/book/node_modules/verror/lib,1,0
tor-wave-14,tor-controller-master,vendor/github.com/kubernetes-sigs/kubebuilder/docs/book/node_modules/webidl-conversions,3,1
tor-wave-14,tor-controller-master,vendor/github.com/kubernetes-sigs/kubebuilder/docs/book/node_modules/webidl-conversions/lib,1,0
tor-wave-14,tor-controller-master,vendor/github.com/kubernetes-sigs/kubebuilder/docs/book/node_modules/whatwg-url-compat,5,1
tor-wave-14,tor-controller-master,vendor/github.com/kubernetes-sigs/kubebuilder/docs/book/node_modules/whatwg-url-compat/lib,1,0
tor-wave-14,tor-controller-master,vendor/github.com/kubernetes-sigs/kubebuilder/docs/book/node_modules/which,5,1
tor-wave-14,tor-controller-master,vendor/github.com/kubernetes-sigs/kubebuilder/docs/book/node_modules/which/bin,1,0
tor-wave-14,tor-controller-master,vendor/github.com/kubernetes-sigs/kubebuilder/docs/book/node_modules/winston,4,3
tor-wave-14,tor-controller-master,vendor/github.com/kubernetes-sigs/kubebuilder/docs/book/node_modules/winston/lib,1,1
tor-wave-14,tor-controller-master,vendor/github.com/kubernetes-sigs/kubebuilder/docs/book/node_modules/winston/lib/winston,6,2
tor-wave-14,tor-controller-master,vendor/github.com/kubernetes-sigs/kubebuilder/docs/book/node_modules/winston/lib/winston/config,3,0
tor-wave-14,tor-controller-master,vendor/github.com/kubernetes-sigs/kubebuilder/docs/book/node_modules/winston/lib/winston/transports,5,0
tor-wave-14,tor-controller-master,vendor/github.com/kubernetes-sigs/kubebuilder/docs/book/node_modules/winston/scratch,5,0
tor-wave-14,tor-controller-master,vendor/github.com/kubernetes-sigs/kubebuilder/docs/book/node_modules/winston/test,1,1
tor-wave-14,tor-controller-master,vendor/github.com/kubernetes-sigs/kubebuilder/docs/book/node_modules/winston/test/transports,11,0
tor-wave-14,tor-controller-master,vendor/github.com/kubernetes-sigs/kubebuilder/docs/book/node_modules/wordwrap,4,2
tor-wave-14,tor-controller-master,vendor/github.com/kubernetes-sigs/kubebuilder/docs/book/node_modules/wordwrap/example,2,0
tor-wave-14,tor-controller-master,vendor/github.com/kubernetes-sigs/kubebuilder/docs/book/node_modules/wordwrap/test,3,0
tor-wave-14,tor-controller-master,vendor/github.com/kubernetes-sigs/kubebuilder/docs/book/node_modules/wrappy,4,0
tor-wave-14,tor-controller-master,vendor/github.com/kubernetes-sigs/kubebuilder/docs/book/node_modules/xml-name-validator,3,1
tor-wave-14,tor-controller-master,vendor/github.com/kubernetes-sigs/kubebuilder/docs/book/node_modules/xml-name-validator/lib,3,0
tor-wave-14,tor-controller-master,vendor/github.com/kubernetes-sigs/kubebuilder/docs/book/node_modules/xtend,9,0
tor-wave-14,tor-controller-master,vendor/github.com/kubernetes-sigs/kubebuilder/docs/book/node_modules/yauzl,6,0
tor-wave-14,tor-controller-master,vendor/github.com/kubernetes-sigs/kubebuilder/docs/gif,2,0
tor-wave-14,tor-controller-master,vendor/github.com/kubernetes-sigs/kubebuilder/pkg,0,9
tor-wave-14,tor-controller-master,vendor/github.com/kubernetes-sigs/kubebuilder/pkg/config,2,0
tor-wave-14,tor-controller-master,vendor/github.com/kubernetes-sigs/kubebuilder/pkg/controller,5,6
tor-wave-14,tor-controller-master,vendor/github.com/kubernetes-sigs/kubebuilder/pkg/controller/eventhandlers,2,0
tor-wave-14,tor-controller-master,vendor/github.com/kubernetes-sigs/kubebuilder/pkg/controller/informers,2,0
tor-wave-14,tor-controller-master,vendor/github.com/kubernetes-sigs/kubebuilder/pkg/controller/metrics,2,0
tor-wave-14,tor-controller-master,vendor/github.com/kubernetes-sigs/kubebuilder/pkg/controller/predicates,1,0
tor-wave-14,tor-controller-master,vendor/github.com/kubernetes-sigs/kubebuilder/pkg/controller/test,2,0
tor-wave-14,tor-controller-master,vendor/github.com/kubernetes-sigs/kubebuilder/pkg/controller/types,2,0
tor-wave-14,tor-controller-master,vendor/github.com/kubernetes-sigs/kubebuilder/pkg/docs,1,0
tor-wave-14,tor-controller-master,vendor/github.com/kubernetes-sigs/kubebuilder/pkg/gen,0,2
tor-wave-14,tor-controller-master,vendor/github.com/kubernetes-sigs/kubebuilder/pkg/gen/apis,1,0
tor-wave-14,tor-controller-master,vendor/github.com/kubernetes-sigs/kubebuilder/pkg/gen/controller,1,0
tor-wave-14,tor-controller-master,vendor/github.com/kubernetes-sigs/kubebuilder/pkg/inject,0,2
tor-wave-14,tor-controller-master,vendor/github.com/kubernetes-sigs/kubebuilder/pkg/inject/args,2,0
tor-wave-14,tor-controller-master,vendor/github.com/kubernetes-sigs/kubebuilder/pkg/inject/run,2,0
tor-wave-14,tor-controller-master,vendor/github.com/kubernetes-sigs/kubebuilder/pkg/install,7,0
tor-wave-14,tor-controller-master,vendor/github.com/kubernetes-sigs/kubebuilder/pkg/internal,0,1
tor-wave-14,tor-controller-master,vendor/github.com/kubernetes-sigs/kubebuilder/pkg/internal/admission,6,0
tor-wave-14,tor-controller-master,vendor/github.com/kubernetes-sigs/kubebuilder/pkg/signals,5,0
tor-wave-14,tor-controller-master,vendor/github.com/kubernetes-sigs/kubebuilder/pkg/test,3,0
tor-wave-14,tor-controller-master,vendor/github.com/kubernetes-sigs/kubebuilder/samples,0,4
tor-wave-14,tor-controller-master,vendor/github.com/kubernetes-sigs/kubebuilder/samples/controller,2,2
tor-wave-14,tor-controller-master,vendor/github.com/kubernetes-sigs/kubebuilder/samples/controller/artifacts,0,1
tor-wave-14,tor-controller-master,vendor/github.com/kubernetes-sigs/kubebuilder/samples/controller/artifacts/examples,2,0
tor-wave-14,tor-controller-master,vendor/github.com/kubernetes-sigs/kubebuilder/samples/controller/pkg,0,3
tor-wave-14,tor-controller-master,vendor/github.com/kubernetes-sigs/kubebuilder/samples/controller/pkg/apis,0,1
tor-wave-14,tor-controller-master,vendor/github.com/kubernetes-sigs/kubebuilder/samples/controller/pkg/apis/samplecontroller,1,1
tor-wave-14,tor-controller-master,vendor/github.com/kubernetes-sigs/kubebuilder/samples/controller/pkg/apis/samplecontroller/v1alpha1,4,0
tor-wave-14,tor-controller-master,vendor/github.com/kubernetes-sigs/kubebuilder/samples/controller/pkg/client,0,3
tor-wave-14,tor-controller-master,vendor/github.com/kubernetes-sigs/kubebuilder/samples/controller/pkg/client/clientset,0,1
tor-wave-14,tor-controller-master,vendor/github.com/kubernetes-sigs/kubebuilder/samples/controller/pkg/client/clientset/versioned,2,3
tor-wave-14,tor-controller-master,vendor/github.com/kubernetes-sigs/kubebuilder/samples/controller/pkg/client/clientset/versioned/fake,3,0
tor-wave-14,tor-controller-master,vendor/github.com/kubernetes-sigs/kubebuilder/samples/controller/pkg/client/clientset/versioned/scheme,2,0
tor-wave-14,tor-controller-master,vendor/github.com/kubernetes-sigs/kubebuilder/samples/controller/pkg/client/clientset/versioned/typed,0,1
tor-wave-14,tor-controller-master,vendor/github.com/kubernetes-sigs/kubebuilder/samples/controller/pkg/client/clientset/versioned/typed/samplecontroller,0,1
tor-wave-14,tor-controller-master,vendor/github.com/kubernetes-sigs/kubebuilder/samples/controller/pkg/client/clientset/versioned/typed/samplecontroller/v1alpha1,4,1
tor-wave-14,tor-controller-master,vendor/github.com/kubernetes-sigs/kubebuilder/samples/controller/pkg/client/clientset/versioned/typed/samplecontroller/v1alpha1/fake,3,0
tor-wave-14,tor-controller-master,vendor/github.com/kubernetes-sigs/kubebuilder/samples/controller/pkg/client/informers,0,1
tor-wave-14,tor-controller-master,vendor/github.com/kubernetes-sigs/kubebuilder/samples/controller/pkg/client/informers/externalversions,2,2
tor-wave-14,tor-controller-master,vendor/github.com/kubernetes-sigs/kubebuilder/samples/controller/pkg/client/informers/externalversions/internalinterfaces,1,0
tor-wave-14,tor-controller-master,vendor/github.com/kubernetes-sigs/kubebuilder/samples/controller/pkg/client/informers/externalversions/samplecontroller,1,1
tor-wave-14,tor-controller-master,vendor/github.com/kubernetes-sigs/kubebuilder/samples/controller/pkg/client/informers/externalversions/samplecontroller/v1alpha1,2,0
tor-wave-14,tor-controller-master,vendor/github.com/kubernetes-sigs/kubebuilder/samples/controller/pkg/client/listers,0,1
tor-wave-14,tor-controller-master,vendor/github.com/kubernetes-sigs/kubebuilder/samples/controller/pkg/client/listers/samplecontroller,0,1
tor-wave-14,tor-controller-master,vendor/github.com/kubernetes-sigs/kubebuilder/samples/controller/pkg/client/listers/samplecontroller/v1alpha1,2,0
tor-wave-14,tor-controller-master,vendor/github.com/kubernetes-sigs/kubebuilder/samples/controller/pkg/inject,0,1
tor-wave-14,tor-controller-master,vendor/github.com/kubernetes-sigs/kubebuilder/samples/controller/pkg/inject/args,1,0
tor-wave-14,tor-controller-master,vendor/github.com/kubernetes-sigs/kubebuilder/samples/full,0,1
tor-wave-14,tor-controller-master,vendor/github.com/kubernetes-sigs/kubebuilder/samples/full/controller,0,1
tor-wave-14,tor-controller-master,vendor/github.com/kubernetes-sigs/kubebuilder/samples/full/controller/src,0,1
tor-wave-14,tor-controller-master,vendor/github.com/kubernetes-sigs/kubebuilder/samples/full/controller/src/samplecontroller,3,3
tor-wave-14,tor-controller-master,vendor/github.com/kubernetes-sigs/kubebuilder/samples/full/controller/src/samplecontroller/cmd,0,1
tor-wave-14,tor-controller-master,vendor/github.com/kubernetes-sigs/kubebuilder/samples/full/controller/src/samplecontroller/cmd/controller-manager,1,0
tor-wave-14,tor-controller-master,vendor/github.com/kubernetes-sigs/kubebuilder/samples/full/controller/src/samplecontroller/hack,2,1
tor-wave-14,tor-controller-master,vendor/github.com/kubernetes-sigs/kubebuilder/samples/full/controller/src/samplecontroller/hack/sample,1,0
tor-wave-14,tor-controller-master,vendor/github.com/kubernetes-sigs/kubebuilder/samples/full/controller/src/samplecontroller/pkg,1,4
tor-wave-14,tor-controller-master,vendor/github.com/kubernetes-sigs/kubebuilder/samples/full/controller/src/samplecontroller/pkg/apis,1,1
tor-wave-14,tor-controller-master,vendor/github.com/kubernetes-sigs/kubebuilder/samples/full/controller/src/samplecontroller/pkg/apis/samplecontroller,1,1
tor-wave-14,tor-controller-master,vendor/github.com/kubernetes-sigs/kubebuilder/samples/full/controller/src/samplecontroller/pkg/apis/samplecontroller/v1alpha1,4,0
tor-wave-14,tor-controller-master,vendor/github.com/kubernetes-sigs/kubebuilder/samples/full/controller/src/samplecontroller/pkg/client,0,3
tor-wave-14,tor-controller-master,vendor/github.com/kubernetes-sigs/kubebuilder/samples/full/controller/src/samplecontroller/pkg/client/clientset,0,1
tor-wave-14,tor-controller-master,vendor/github.com/kubernetes-sigs/kubebuilder/samples/full/controller/src/samplecontroller/pkg/client/clientset/versioned,2,3
tor-wave-14,tor-controller-master,vendor/github.com/kubernetes-sigs/kubebuilder/samples/full/controller/src/samplecontroller/pkg/client/clientset/versioned/fake,3,0
tor-wave-14,tor-controller-master,vendor/github.com/kubernetes-sigs/kubebuilder/samples/full/controller/src/samplecontroller/pkg/client/clientset/versioned/scheme,2,0
tor-wave-14,tor-controller-master,vendor/github.com/kubernetes-sigs/kubebuilder/samples/full/controller/src/samplecontroller/pkg/client/clientset/versioned/typed,0,1
tor-wave-14,tor-controller-master,vendor/github.com/kubernetes-sigs/kubebuilder/samples/full/controller/src/samplecontroller/pkg/client/clientset/versioned/typed/samplecontroller,0,1
tor-wave-14,tor-controller-master,vendor/github.com/kubernetes-sigs/kubebuilder/samples/full/controller/src/samplecontroller/pkg/client/clientset/versioned/typed/samplecontroller/v1alpha1,4,1
tor-wave-14,tor-controller-master,vendor/github.com/kubernetes-sigs/kubebuilder/samples/full/controller/src/samplecontroller/pkg/client/clientset/versioned/typed/samplecontroller/v1alpha1/fake,3,0
tor-wave-14,tor-controller-master,vendor/github.com/kubernetes-sigs/kubebuilder/samples/full/controller/src/samplecontroller/pkg/client/informers,0,1
tor-wave-14,tor-controller-master,vendor/github.com/kubernetes-sigs/kubebuilder/samples/full/controller/src/samplecontroller/pkg/client/informers/externalversions,2,2
tor-wave-14,tor-controller-master,vendor/github.com/kubernetes-sigs/kubebuilder/samples/full/controller/src/samplecontroller/pkg/client/informers/externalversions/internalinterfaces,1,0
tor-wave-14,tor-controller-master,vendor/github.com/kubernetes-sigs/kubebuilder/samples/full/controller/src/samplecontroller/pkg/client/informers/externalversions/samplecontroller,1,1
tor-wave-14,tor-controller-master,vendor/github.com/kubernetes-sigs/kubebuilder/samples/full/controller/src/samplecontroller/pkg/client/informers/externalversions/samplecontroller/v1alpha1,2,0
tor-wave-14,tor-controller-master,vendor/github.com/kubernetes-sigs/kubebuilder/samples/full/controller/src/samplecontroller/pkg/client/listers,0,1
tor-wave-14,tor-controller-master,vendor/github.com/kubernetes-sigs/kubebuilder/samples/full/controller/src/samplecontroller/pkg/client/listers/samplecontroller,0,1
tor-wave-14,tor-controller-master,vendor/github.com/kubernetes-sigs/kubebuilder/samples/full/controller/src/samplecontroller/pkg/client/listers/samplecontroller/v1alpha1,2,0
tor-wave-14,tor-controller-master,vendor/github.com/kubernetes-sigs/kubebuilder/samples/full/controller/src/samplecontroller/pkg/controller,1,1
tor-wave-14,tor-controller-master,vendor/github.com/kubernetes-sigs/kubebuilder/samples/full/controller/src/samplecontroller/pkg/controller/foo,1,0
tor-wave-14,tor-controller-master,vendor/github.com/kubernetes-sigs/kubebuilder/samples/full/controller/src/samplecontroller/pkg/inject,3,1
tor-wave-14,tor-controller-master,vendor/github.com/kubernetes-sigs/kubebuilder/samples/full/controller/src/samplecontroller/pkg/inject/args,1,0
tor-wave-14,tor-controller-master,vendor/github.com/kubernetes-sigs/kubebuilder/samples/internal,0,1
tor-wave-14,tor-controller-master,vendor/github.com/kubernetes-sigs/kubebuilder/samples/internal/test,0,1
tor-wave-14,tor-controller-master,vendor/github.com/kubernetes-sigs/kubebuilder/samples/internal/test/e2e,1,0
tor-wave-14,tor-controller-master,vendor/github.com/kubernetes-sigs/kubebuilder/samples/memcached-api-server,4,4
tor-wave-14,tor-controller-master,vendor/github.com/kubernetes-sigs/kubebuilder/samples/memcached-api-server/cmd,0,1
tor-wave-14,tor-controller-master,vendor/github.com/kubernetes-sigs/kubebuilder/samples/memcached-api-server/cmd/controller-manager,1,0
tor-wave-14,tor-controller-master,vendor/github.com/kubernetes-sigs/kubebuilder/samples/memcached-api-server/hack,2,1
tor-wave-14,tor-controller-master,vendor/github.com/kubernetes-sigs/kubebuilder/samples/memcached-api-server/hack/sample,1,0
tor-wave-14,tor-controller-master,vendor/github.com/kubernetes-sigs/kubebuilder/samples/memcached-api-server/pkg,1,3
tor-wave-14,tor-controller-master,vendor/github.com/kubernetes-sigs/kubebuilder/samples/memcached-api-server/pkg/apis,1,1
tor-wave-14,tor-controller-master,vendor/github.com/kubernetes-sigs/kubebuilder/samples/memcached-api-server/pkg/apis/myapps,1,1
tor-wave-14,tor-controller-master,vendor/github.com/kubernetes-sigs/kubebuilder/samples/memcached-api-server/pkg/apis/myapps/v1alpha1,2,0
tor-wave-14,tor-controller-master,vendor/github.com/kubernetes-sigs/kubebuilder/samples/memcached-api-server/pkg/controller,1,1
tor-wave-14,tor-controller-master,vendor/github.com/kubernetes-sigs/kubebuilder/samples/memcached-api-server/pkg/controller/memcached,1,0
tor-wave-14,tor-controller-master,vendor/github.com/kubernetes-sigs/kubebuilder/samples/memcached-api-server/pkg/inject,2,1
tor-wave-14,tor-controller-master,vendor/github.com/kubernetes-sigs/kubebuilder/samples/memcached-api-server/pkg/inject/args,1,0
tor-wave-14,tor-controller-master,vendor/github.com/kubernetes-sigs/kubebuilder/samples/memcached-api-server/test,0,2
tor-wave-14,tor-controller-master,vendor/github.com/kubernetes-sigs/kubebuilder/samples/memcached-api-server/test/docs,0,1
tor-wave-14,tor-controller-master,vendor/github.com/kubernetes-sigs/kubebuilder/samples/memcached-api-server/test/docs/reference,2,1
tor-wave-14,tor-controller-master,vendor/github.com/kubernetes-sigs/kubebuilder/samples/memcached-api-server/test/docs/reference/includes,14,0
tor-wave-14,tor-controller-master,vendor/github.com/kubernetes-sigs/kubebuilder/samples/memcached-api-server/test/hack,1,0
tor-wave-14,tor-controller-master,vendor/github.com/kubernetes-sigs/kubebuilder/scripts,1,0
tor-wave-14,tor-controller-master,vendor/github.com/kubernetes-sigs/kubebuilder/test,0,1
tor-wave-14,tor-controller-master,vendor/github.com/kubernetes-sigs/kubebuilder/test/docs,0,1
tor-wave-14,tor-controller-master,vendor/github.com/kubernetes-sigs/kubebuilder/test/docs/expected,3,1
tor-wave-14,tor-controller-master,vendor/github.com/kubernetes-sigs/kubebuilder/test/docs/expected/includes,17,0
tor-wave-14,tor-controller-master,vendor/github.com/mailru,0,1
tor-wave-14,tor-controller-master,vendor/github.com/mailru/easyjson,7,10
tor-wave-14,tor-controller-master,vendor/github.com/mailru/easyjson/benchmark,6,0
tor-wave-14,tor-controller-master,vendor/github.com/mailru/easyjson/bootstrap,1,0
tor-wave-14,tor-controller-master,vendor/github.com/mailru/easyjson/buffer,1,0
tor-wave-14,tor-controller-master,vendor/github.com/mailru/easyjson/easyjson,1,0
tor-wave-14,tor-controller-master,vendor/github.com/mailru/easyjson/gen,3,0
tor-wave-14,tor-controller-master,vendor/github.com/mailru/easyjson/jlexer,4,0
tor-wave-14,tor-controller-master,vendor/github.com/mailru/easyjson/jwriter,1,0
tor-wave-14,tor-controller-master,vendor/github.com/mailru/easyjson/opt,15,1
tor-wave-14,tor-controller-master,vendor/github.com/mailru/easyjson/opt/optional,1,0
tor-wave-14,tor-controller-master,vendor/github.com/mailru/easyjson/parser,3,0
tor-wave-14,tor-controller-master,vendor/github.com/mailru/easyjson/tests,9,0
tor-wave-14,tor-controller-master,vendor/github.com/modern-go,0,2
tor-wave-14,tor-controller-master,vendor/github.com/modern-go/concurrent,10,0
tor-wave-14,tor-controller-master,vendor/github.com/modern-go/reflect2,36,0
tor-wave-14,tor-controller-master,vendor/github.com/onsi,0,2
tor-wave-14,tor-controller-master,vendor/github.com/onsi/ginkgo,9,7
tor-wave-14,tor-controller-master,vendor/github.com/onsi/ginkgo/config,1,0
tor-wave-14,tor-controller-master,vendor/github.com/onsi/ginkgo/extensions,0,1
tor-wave-14,tor-controller-master,vendor/github.com/onsi/ginkgo/extensions/table,2,0
tor-wave-14,tor-controller-master,vendor/github.com/onsi/ginkgo/ginkgo,14,6
tor-wave-14,tor-controller-master,vendor/github.com/onsi/ginkgo/ginkgo/convert,6,0
tor-wave-14,tor-controller-master,vendor/github.com/onsi/ginkgo/ginkgo/interrupthandler,3,0
tor-wave-14,tor-controller-master,vendor/github.com/onsi/ginkgo/ginkgo/nodot,1,0
tor-wave-14,tor-controller-master,vendor/github.com/onsi/ginkgo/ginkgo/testrunner,3,0
tor-wave-14,tor-controller-master,vendor/github.com/onsi/ginkgo/ginkgo/testsuite,3,0
tor-wave-14,tor-controller-master,vendor/github.com/onsi/ginkgo/ginkgo/watch,6,0
tor-wave-14,tor-controller-master,vendor/github.com/onsi/ginkgo/integration,1,1
tor-wave-14,tor-controller-master,vendor/github.com/onsi/ginkgo/integration/_fixtures,0,12
tor-wave-14,tor-controller-master,vendor/github.com/onsi/ginkgo/integration/_fixtures/combined_coverage_fixture,0,2
tor-wave-14,tor-controller-master,vendor/github.com/onsi/ginkgo/integration/_fixtures/combined_coverage_fixture/first_package,1,1
tor-wave-14,tor-controller-master,vendor/github.com/onsi/ginkgo/integration/_fixtures/combined_coverage_fixture/first_package/external_coverage_fixture,1,0
tor-wave-14,tor-controller-master,vendor/github.com/onsi/ginkgo/integration/_fixtures/combined_coverage_fixture/second_package,1,0
tor-wave-14,tor-controller-master,vendor/github.com/onsi/ginkgo/integration/_fixtures/coverage_fixture,1,1
tor-wave-14,tor-controller-master,vendor/github.com/onsi/ginkgo/integration/_fixtures/coverage_fixture/external_coverage_fixture,1,0
tor-wave-14,tor-controller-master,vendor/github.com/onsi/ginkgo/integration/_fixtures/failing_ginkgo_tests,1,0
tor-wave-14,tor-controller-master,vendor/github.com/onsi/ginkgo/integration/_fixtures/flags_tests,1,0
tor-wave-14,tor-controller-master,vendor/github.com/onsi/ginkgo/integration/_fixtures/focused_fixture,1,0
tor-wave-14,tor-controller-master,vendor/github.com/onsi/ginkgo/integration/_fixtures/more_ginkgo_tests,1,0
tor-wave-14,tor-controller-master,vendor/github.com/onsi/ginkgo/integration/_fixtures/no_test_fn,1,0
tor-wave-14,tor-controller-master,vendor/github.com/onsi/ginkgo/integration/_fixtures/no_tests,1,0
tor-wave-14,tor-controller-master,vendor/github.com/onsi/ginkgo/integration/_fixtures/passing_ginkgo_tests,1,0
tor-wave-14,tor-controller-master,vendor/github.com/onsi/ginkgo/integration/_fixtures/suite_command_tests,1,0
tor-wave-14,tor-controller-master,vendor/github.com/onsi/ginkgo/integration/_fixtures/watch_fixtures,0,4
tor-wave-14,tor-controller-master,vendor/github.com/onsi/ginkgo/integration/_fixtures/watch_fixtures/A,1,0
tor-wave-14,tor-controller-master,vendor/github.com/onsi/ginkgo/integration/_fixtures/watch_fixtures/B,1,0
tor-wave-14,tor-controller-master,vendor/github.com/onsi/ginkgo/integration/_fixtures/watch_fixtures/C,2,0
tor-wave-14,tor-controller-master,vendor/github.com/onsi/ginkgo/integration/_fixtures/watch_fixtures/D,1,0
tor-wave-14,tor-controller-master,vendor/github.com/onsi/ginkgo/integration/_fixtures/xunit_tests,1,0
tor-wave-14,tor-controller-master,vendor/github.com/onsi/ginkgo/internal,0,11
tor-wave-14,tor-controller-master,vendor/github.com/onsi/ginkgo/internal/codelocation,1,0
tor-wave-14,tor-controller-master,vendor/github.com/onsi/ginkgo/internal/containernode,1,0
tor-wave-14,tor-controller-master,vendor/github.com/onsi/ginkgo/internal/failer,1,0
tor-wave-14,tor-controller-master,vendor/github.com/onsi/ginkgo/internal/leafnodes,9,0
tor-wave-14,tor-controller-master,vendor/github.com/onsi/ginkgo/internal/remote,9,0
tor-wave-14,tor-controller-master,vendor/github.com/onsi/ginkgo/internal/spec,2,0
tor-wave-14,tor-controller-master,vendor/github.com/onsi/ginkgo/internal/spec_iterator,5,0
tor-wave-14,tor-controller-master,vendor/github.com/onsi/ginkgo/internal/specrunner,2,0
tor-wave-14,tor-controller-master,vendor/github.com/onsi/ginkgo/internal/suite,1,0
tor-wave-14,tor-controller-master,vendor/github.com/onsi/ginkgo/internal/testingtproxy,1,0
tor-wave-14,tor-controller-master,vendor/github.com/onsi/ginkgo/internal/writer,2,0
tor-wave-14,tor-controller-master,vendor/github.com/onsi/ginkgo/reporters,5,1
tor-wave-14,tor-controller-master,vendor/github.com/onsi/ginkgo/reporters/stenographer,3,1
tor-wave-14,tor-controller-master,vendor/github.com/onsi/ginkgo/reporters/stenographer/support,1,2
tor-wave-14,tor-controller-master,vendor/github.com/onsi/ginkgo/reporters/stenographer/support/go-colorable,5,0
tor-wave-14,tor-controller-master,vendor/github.com/onsi/ginkgo/reporters/stenographer/support/go-isatty,8,0
tor-wave-14,tor-controller-master,vendor/github.com/onsi/ginkgo/types,3,0
tor-wave-14,tor-controller-master,vendor/github.com/onsi/gomega,9,8
tor-wave-14,tor-controller-master,vendor/github.com/onsi/gomega/format,1,0
tor-wave-14,tor-controller-master,vendor/github.com/onsi/gomega/gbytes,3,0
tor-wave-14,tor-controller-master,vendor/github.com/onsi/gomega/gexec,4,1
tor-wave-14,tor-controller-master,vendor/github.com/onsi/gomega/gexec/_fixture,0,1
tor-wave-14,tor-controller-master,vendor/github.com/onsi/gomega/gexec/_fixture/firefly,1,0
tor-wave-14,tor-controller-master,vendor/github.com/onsi/gomega/ghttp,2,1
tor-wave-14,tor-controller-master,vendor/github.com/onsi/gomega/ghttp/protobuf,3,0
tor-wave-14,tor-controller-master,vendor/github.com/onsi/gomega/gstruct,5,1
tor-wave-14,tor-controller-master,vendor/github.com/onsi/gomega/gstruct/errors,1,0
tor-wave-14,tor-controller-master,vendor/github.com/onsi/gomega/internal,0,5
tor-wave-14,tor-controller-master,vendor/github.com/onsi/gomega/internal/assertion,1,0
tor-wave-14,tor-controller-master,vendor/github.com/onsi/gomega/internal/asyncassertion,1,0
tor-wave-14,tor-controller-master,vendor/github.com/onsi/gomega/internal/fakematcher,1,0
tor-wave-14,tor-controller-master,vendor/github.com/onsi/gomega/internal/oraclematcher,1,0
tor-wave-14,tor-controller-master,vendor/github.com/onsi/gomega/internal/testingtsupport,1,0
tor-wave-14,tor-controller-master,vendor/github.com/onsi/gomega/matchers,40,2
tor-wave-14,tor-controller-master,vendor/github.com/onsi/gomega/matchers/support,0,1
tor-wave-14,tor-controller-master,vendor/github.com/onsi/gomega/matchers/support/goraph,1,4
tor-wave-14,tor-controller-master,vendor/github.com/onsi/gomega/matchers/support/goraph/bipartitegraph,2,0
tor-wave-14,tor-controller-master,vendor/github.com/onsi/gomega/matchers/support/goraph/edge,1,0
tor-wave-14,tor-controller-master,vendor/github.com/onsi/gomega/matchers/support/goraph/node,1,0
tor-wave-14,tor-controller-master,vendor/github.com/onsi/gomega/matchers/support/goraph/util,1,0
tor-wave-14,tor-controller-master,vendor/github.com/onsi/gomega/matchers/test_data,0,1
tor-wave-14,tor-controller-master,vendor/github.com/onsi/gomega/matchers/test_data/xml,11,0
tor-wave-14,tor-controller-master,vendor/github.com/onsi/gomega/types,1,0
tor-wave-14,tor-controller-master,vendor/github.com/spf13,0,1
tor-wave-14,tor-controller-master,vendor/github.com/spf13/pflag,33,1
tor-wave-14,tor-controller-master,vendor/github.com/spf13/pflag/verify,3,0
tor-wave-14,tor-controller-master,vendor/golang.org,0,1
tor-wave-14,tor-controller-master,vendor/golang.org/x,0,6
tor-wave-14,tor-controller-master,vendor/golang.org/x/crypto,9,31
tor-wave-14,tor-controller-master,vendor/golang.org/x/crypto/acme,3,1
tor-wave-14,tor-controller-master,vendor/golang.org/x/crypto/acme/autocert,4,0
tor-wave-14,tor-controller-master,vendor/golang.org/x/crypto/argon2,6,0
tor-wave-14,tor-controller-master,vendor/golang.org/x/crypto/bcrypt,2,0
tor-wave-14,tor-controller-master,vendor/golang.org/x/crypto/blake2b,9,0
tor-wave-14,tor-controller-master,vendor/golang.org/x/crypto/blake2s,9,0
tor-wave-14,tor-controller-master,vendor/golang.org/x/crypto/blowfish,3,0
tor-wave-14,tor-controller-master,vendor/golang.org/x/crypto/bn256,8,0
tor-wave-14,tor-controller-master,vendor/golang.org/x/crypto/cast5,1,0
tor-wave-14,tor-controller-master,vendor/golang.org/x/crypto/chacha20poly1305,5,0
tor-wave-14,tor-controller-master,vendor/golang.org/x/crypto/cryptobyte,3,1
tor-wave-14,tor-controller-master,vendor/golang.org/x/crypto/cryptobyte/asn1,1,0
tor-wave-14,tor-controller-master,vendor/golang.org/x/crypto/curve25519,10,0
tor-wave-14,tor-controller-master,vendor/golang.org/x/crypto/ed25519,1,2
tor-wave-14,tor-controller-master,vendor/golang.org/x/crypto/ed25519/internal,0,1
tor-wave-14,tor-controller-master,vendor/golang.org/x/crypto/ed25519/internal/edwards25519,2,0
tor-wave-14,tor-controller-master,vendor/golang.org/x/crypto/ed25519/testdata,1,0
tor-wave-14,tor-controller-master,vendor/golang.org/x/crypto/hkdf,1,0
tor-wave-14,tor-controller-master,vendor/golang.org/x/crypto/internal,0,1
tor-wave-14,tor-controller-master,vendor/golang.org/x/crypto/internal/chacha20,5,0
tor-wave-14,tor-controller-master,vendor/golang.org/x/crypto/md4,2,0
tor-wave-14,tor-controller-master,vendor/golang.org/x/crypto/nacl,0,4
tor-wave-14,tor-controller-master,vendor/golang.org/x/crypto/nacl/auth,1,0
tor-wave-14,tor-controller-master,vendor/golang.org/x/crypto/nacl/box,1,0
tor-wave-14,tor-controller-master,vendor/golang.org/x/crypto/nacl/secretbox,1,0
tor-wave-14,tor-controller-master,vendor/golang.org/x/crypto/nacl/sign,1,0
tor-wave-14,tor-controller-master,vendor/golang.org/x/crypto/ocsp,1,0
tor-wave-14,tor-controller-master,vendor/golang.org/x/crypto/openpgp,4,6
tor-wave-14,tor-controller-master,vendor/golang.org/x/crypto/openpgp/armor,2,0
tor-wave-14,tor-controller-master,vendor/golang.org/x/crypto/openpgp/clearsign,1,0
tor-wave-14,tor-controller-master,vendor/golang.org/x/crypto/openpgp/elgamal,1,0
tor-wave-14,tor-controller-master,vendor/golang.org/x/crypto/openpgp/errors,1,0
tor-wave-14,tor-controller-master,vendor/golang.org/x/crypto/openpgp/packet,18,0
tor-wave-14,tor-controller-master,vendor/golang.org/x/crypto/openpgp/s2k,1,0
tor-wave-14,tor-controller-master,vendor/golang.org/x/crypto/otr,3,0
tor-wave-14,tor-controller-master,vendor/golang.org/x/crypto/pbkdf2,1,0
tor-wave-14,tor-controller-master,vendor/golang.org/x/crypto/pkcs12,7,1
tor-wave-14,tor-controller-master,vendor/golang.org/x/crypto/pkcs12/internal,0,1
tor-wave-14,tor-controller-master,vendor/golang.org/x/crypto/pkcs12/internal/rc2,1,0
tor-wave-14,tor-controller-master,vendor/golang.org/x/crypto/poly1305,6,0
tor-wave-14,tor-controller-master,vendor/golang.org/x/crypto/ripemd160,2,0
tor-wave-14,tor-controller-master,vendor/golang.org/x/crypto/salsa20,1,1
tor-wave-14,tor-controller-master,vendor/golang.org/x/crypto/salsa20/salsa,5,0
tor-wave-14,tor-controller-master,vendor/golang.org/x/crypto/scrypt,1,0
tor-wave-14,tor-controller-master,vendor/golang.org/x/crypto/sha3,15,1
tor-wave-14,tor-controller-master,vendor/golang.org/x/crypto/sha3/testdata,1,0
tor-wave-14,tor-controller-master,vendor/golang.org/x/crypto/ssh,20,5
tor-wave-14,tor-controller-master,vendor/golang.org/x/crypto/ssh/agent,4,0
tor-wave-14,tor-controller-master,vendor/golang.org/x/crypto/ssh/knownhosts,1,0
tor-wave-14,tor-controller-master,vendor/golang.org/x/crypto/ssh/terminal,7,0
tor-wave-14,tor-controller-master,vendor/golang.org/x/crypto/ssh/test,2,0
tor-wave-14,tor-controller-master,vendor/golang.org/x/crypto/ssh/testdata,2,0
tor-wave-14,tor-controller-master,vendor/golang.org/x/crypto/tea,1,0
tor-wave-14,tor-controller-master,vendor/golang.org/x/crypto/twofish,1,0
tor-wave-14,tor-controller-master,vendor/golang.org/x/crypto/xtea,2,0
tor-wave-14,tor-controller-master,vendor/golang.org/x/crypto/xts,1,0
tor-wave-14,tor-controller-master,vendor/golang.org/x/net,9,23
tor-wave-14,tor-controller-master,vendor/golang.org/x/net/bpf,7,1
tor-wave-14,tor-controller-master,vendor/golang.org/x/net/bpf/testdata,2,0
tor-wave-14,tor-controller-master,vendor/golang.org/x/net/context,5,1
tor-wave-14,tor-controller-master,vendor/golang.org/x/net/context/ctxhttp,2,0
tor-wave-14,tor-controller-master,vendor/golang.org/x/net/dict,1,0
tor-wave-14,tor-controller-master,vendor/golang.org/x/net/dns,0,1
tor-wave-14,tor-controller-master,vendor/golang.org/x/net/dns/dnsmessage,1,0
tor-wave-14,tor-controller-master,vendor/golang.org/x/net/html,10,3
tor-wave-14,tor-controller-master,vendor/golang.org/x/net/html/atom,3,0
tor-wave-14,tor-controller-master,vendor/golang.org/x/net/html/charset,1,1
tor-wave-14,tor-controller-master,vendor/golang.org/x/net/html/charset/testdata,12,0
tor-wave-14,tor-controller-master,vendor/golang.org/x/net/html/testdata,1,1
tor-wave-14,tor-controller-master,vendor/golang.org/x/net/html/testdata/webkit,46,1
tor-wave-14,tor-controller-master,vendor/golang.org/x/net/html/testdata/webkit/scripted,2,0
tor-wave-14,tor-controller-master,vendor/golang.org/x/net/http,0,2
tor-wave-14,tor-controller-master,vendor/golang.org/x/net/http/httpguts,1,0
tor-wave-14,tor-controller-master,vendor/golang.org/x/net/http/httpproxy,1,0
tor-wave-14,tor-controller-master,vendor/golang.org/x/net/http2,30,4
tor-wave-14,tor-controller-master,vendor/golang.org/x/net/http2/h2demo,15,0
tor-wave-14,tor-controller-master,vendor/golang.org/x/net/http2/h2i,2,0
tor-wave-14,tor-controller-master,vendor/golang.org/x/net/http2/hpack,4,0
tor-wave-14,tor-controller-master,vendor/golang.org/x/net/http2/testdata,1,0
tor-wave-14,tor-controller-master,vendor/golang.org/x/net/icmp,18,0
tor-wave-14,tor-controller-master,vendor/golang.org/x/net/idna,5,0
tor-wave-14,tor-controller-master,vendor/golang.org/x/net/internal,0,6
tor-wave-14,tor-controller-master,vendor/golang.org/x/net/internal/iana,2,0
tor-wave-14,tor-controller-master,vendor/golang.org/x/net/internal/nettest,9,0
tor-wave-14,tor-controller-master,vendor/golang.org/x/net/internal/socket,89,0
tor-wave-14,tor-controller-master,vendor/golang.org/x/net/internal/socks,2,0
tor-wave-14,tor-controller-master,vendor/golang.org/x/net/internal/sockstest,1,0
tor-wave-14,tor-controller-master,vendor/golang.org/x/net/internal/timeseries,1,0
tor-wave-14,tor-controller-master,vendor/golang.org/x/net/ipv4,72,0
tor-wave-14,tor-controller-master,vendor/golang.org/x/net/ipv6,69,0
tor-wave-14,tor-controller-master,vendor/golang.org/x/net/lex,0,1
tor-wave-14,tor-controller-master,vendor/golang.org/x/net/lex/httplex,1,0
tor-wave-14,tor-controller-master,vendor/golang.org/x/net/lif,9,0
tor-wave-14,tor-controller-master,vendor/golang.org/x/net/nettest,3,0
tor-wave-14,tor-controller-master,vendor/golang.org/x/net/netutil,1,0
tor-wave-14,tor-controller-master,vendor/golang.org/x/net/proxy,4,0
tor-wave-14,tor-controller-master,vendor/golang.org/x/net/publicsuffix,3,0
tor-wave-14,tor-controller-master,vendor/golang.org/x/net/route,31,0
tor-wave-14,tor-controller-master,vendor/golang.org/x/net/trace,5,0
tor-wave-14,tor-controller-master,vendor/golang.org/x/net/webdav,9,1
tor-wave-14,tor-controller-master,vendor/golang.org/x/net/webdav/internal,0,1
tor-wave-14,tor-controller-master,vendor/golang.org/x/net/webdav/internal/xml,5,0
tor-wave-14,tor-controller-master,vendor/golang.org/x/net/websocket,5,0
tor-wave-14,tor-controller-master,vendor/golang.org/x/net/xsrftoken,1,0
tor-wave-14,tor-controller-master,vendor/golang.org/x/oauth2,9,28
tor-wave-14,tor-controller-master,vendor/golang.org/x/oauth2/amazon,1,0
tor-wave-14,tor-controller-master,vendor/golang.org/x/oauth2/bitbucket,1,0
tor-wave-14,tor-controller-master,vendor/golang.org/x/oauth2/clientcredentials,1,0
tor-wave-14,tor-controller-master,vendor/golang.org/x/oauth2/facebook,1,0
tor-wave-14,tor-controller-master,vendor/golang.org/x/oauth2/fitbit,1,0
tor-wave-14,tor-controller-master,vendor/golang.org/x/oauth2/foursquare,1,0
tor-wave-14,tor-controller-master,vendor/golang.org/x/oauth2/github,1,0
tor-wave-14,tor-controller-master,vendor/golang.org/x/oauth2/google,11,1
tor-wave-14,tor-controller-master,vendor/golang.org/x/oauth2/google/testdata,0,1
tor-wave-14,tor-controller-master,vendor/golang.org/x/oauth2/google/testdata/gcloud,2,0
tor-wave-14,tor-controller-master,vendor/golang.org/x/oauth2/heroku,1,0
tor-wave-14,tor-controller-master,vendor/golang.org/x/oauth2/hipchat,1,0
tor-wave-14,tor-controller-master,vendor/golang.org/x/oauth2/internal,5,0
tor-wave-14,tor-controller-master,vendor/golang.org/x/oauth2/jira,1,0
tor-wave-14,tor-controller-master,vendor/golang.org/x/oauth2/jws,1,0
tor-wave-14,tor-controller-master,vendor/golang.org/x/oauth2/jwt,1,0
tor-wave-14,tor-controller-master,vendor/golang.org/x/oauth2/linkedin,1,0
tor-wave-14,tor-controller-master,vendor/golang.org/x/oauth2/mailchimp,1,0
tor-wave-14,tor-controller-master,vendor/golang.org/x/oauth2/mailru,1,0
tor-wave-14,tor-controller-master,vendor/golang.org/x/oauth2/mediamath,1,0
tor-wave-14,tor-controller-master,vendor/golang.org/x/oauth2/microsoft,1,0
tor-wave-14,tor-controller-master,vendor/golang.org/x/oauth2/odnoklassniki,1,0
tor-wave-14,tor-controller-master,vendor/golang.org/x/oauth2/paypal,1,0
tor-wave-14,tor-controller-master,vendor/golang.org/x/oauth2/slack,1,0
tor-wave-14,tor-controller-master,vendor/golang.org/x/oauth2/spotify,1,0
tor-wave-14,tor-controller-master,vendor/golang.org/x/oauth2/twitch,1,0
tor-wave-14,tor-controller-master,vendor/golang.org/x/oauth2/uber,1,0
tor-wave-14,tor-controller-master,vendor/golang.org/x/oauth2/vk,1,0
tor-wave-14,tor-controller-master,vendor/golang.org/x/oauth2/yahoo,1,0
tor-wave-14,tor-controller-master,vendor/golang.org/x/oauth2/yandex,1,0
tor-wave-14,tor-controller-master,vendor/golang.org/x/sys,9,4
tor-wave-14,tor-controller-master,vendor/golang.org/x/sys/cpu,9,0
tor-wave-14,tor-controller-master,vendor/golang.org/x/sys/plan9,23,0
tor-wave-14,tor-controller-master,vendor/golang.org/x/sys/unix,224,1
tor-wave-14,tor-controller-master,vendor/golang.org/x/sys/unix/linux,4,0
tor-wave-14,tor-controller-master,vendor/golang.org/x/sys/windows,19,2
tor-wave-14,tor-controller-master,vendor/golang.org/x/sys/windows/registry,5,0
tor-wave-14,tor-controller-master,vendor/golang.org/x/sys/windows/svc,8,4
tor-wave-14,tor-controller-master,vendor/golang.org/x/sys/windows/svc/debug,2,0
tor-wave-14,tor-controller-master,vendor/golang.org/x/sys/windows/svc/eventlog,2,0
tor-wave-14,tor-controller-master,vendor/golang.org/x/sys/windows/svc/example,5,0
tor-wave-14,tor-controller-master,vendor/golang.org/x/sys/windows/svc/mgr,3,0
tor-wave-14,tor-controller-master,vendor/golang.org/x/text,11,17
tor-wave-14,tor-controller-master,vendor/golang.org/x/text/cases,11,0
tor-wave-14,tor-controller-master,vendor/golang.org/x/text/cmd,0,1
tor-wave-14,tor-controller-master,vendor/golang.org/x/text/cmd/gotext,6,1
tor-wave-14,tor-controller-master,vendor/golang.org/x/text/cmd/gotext/examples,0,3
tor-wave-14,tor-controller-master,vendor/golang.org/x/text/cmd/gotext/examples/extract,2,1
tor-wave-14,tor-controller-master,vendor/golang.org/x/text/cmd/gotext/examples/extract/locales,1,3
tor-wave-14,tor-controller-master,vendor/golang.org/x/text/cmd/gotext/examples/extract/locales/de,2,0
tor-wave-14,tor-controller-master,vendor/golang.org/x/text/cmd/gotext/examples/extract/locales/en-US,2,0
tor-wave-14,tor-controller-master,vendor/golang.org/x/text/cmd/gotext/examples/extract/locales/zh,2,0
tor-wave-14,tor-controller-master,vendor/golang.org/x/text/cmd/gotext/examples/extract_http,1,2
tor-wave-14,tor-controller-master,vendor/golang.org/x/text/cmd/gotext/examples/extract_http/locales,1,3
tor-wave-14,tor-controller-master,vendor/golang.org/x/text/cmd/gotext/examples/extract_http/locales/de,1,0
tor-wave-14,tor-controller-master,vendor/golang.org/x/text/cmd/gotext/examples/extract_http/locales/en-US,1,0
tor-wave-14,tor-controller-master,vendor/golang.org/x/text/cmd/gotext/examples/extract_http/locales/zh,1,0
tor-wave-14,tor-controller-master,vendor/golang.org/x/text/cmd/gotext/examples/extract_http/pkg,1,0
tor-wave-14,tor-controller-master,vendor/golang.org/x/text/cmd/gotext/examples/rewrite,2,0
tor-wave-14,tor-controller-master,vendor/golang.org/x/text/collate,6,2
tor-wave-14,tor-controller-master,vendor/golang.org/x/text/collate/build,6,0
tor-wave-14,tor-controller-master,vendor/golang.org/x/text/collate/tools,0,1
tor-wave-14,tor-controller-master,vendor/golang.org/x/text/collate/tools/colcmp,7,0
tor-wave-14,tor-controller-master,vendor/golang.org/x/text/currency,7,0
tor-wave-14,tor-controller-master,vendor/golang.org/x/text/date,2,0
tor-wave-14,tor-controller-master,vendor/golang.org/x/text/encoding,1,10
tor-wave-14,tor-controller-master,vendor/golang.org/x/text/encoding/charmap,3,0
tor-wave-14,tor-controller-master,vendor/golang.org/x/text/encoding/htmlindex,4,0
tor-wave-14,tor-controller-master,vendor/golang.org/x/text/encoding/ianaindex,3,0
tor-wave-14,tor-controller-master,vendor/golang.org/x/text/encoding/internal,1,2
tor-wave-14,tor-controller-master,vendor/golang.org/x/text/encoding/internal/enctest,1,0
tor-wave-14,tor-controller-master,vendor/golang.org/x/text/encoding/internal/identifier,3,0
tor-wave-14,tor-controller-master,vendor/golang.org/x/text/encoding/japanese,6,0
tor-wave-14,tor-controller-master,vendor/golang.org/x/text/encoding/korean,3,0
tor-wave-14,tor-controller-master,vendor/golang.org/x/text/encoding/simplifiedchinese,5,0
tor-wave-14,tor-controller-master,vendor/golang.org/x/text/encoding/testdata,17,0
tor-wave-14,tor-controller-master,vendor/golang.org/x/text/encoding/traditionalchinese,3,0
tor-wave-14,tor-controller-master,vendor/golang.org/x/text/encoding/unicode,2,1
tor-wave-14,tor-controller-master,vendor/golang.org/x/text/encoding/unicode/utf32,1,0
tor-wave-14,tor-controller-master,vendor/golang.org/x/text/feature,0,1
tor-wave-14,tor-controller-master,vendor/golang.org/x/text/feature/plural,6,0
tor-wave-14,tor-controller-master,vendor/golang.org/x/text/internal,4,13
tor-wave-14,tor-controller-master,vendor/golang.org/x/text/internal/catmsg,3,0
tor-wave-14,tor-controller-master,vendor/golang.org/x/text/internal/cldrtree,5,1
tor-wave-14,tor-controller-master,vendor/golang.org/x/text/internal/cldrtree/testdata,0,2
tor-wave-14,tor-controller-master,vendor/golang.org/x/text/internal/cldrtree/testdata/test1,1,1
tor-wave-14,tor-controller-master,vendor/golang.org/x/text/internal/cldrtree/testdata/test1/common,0,1
tor-wave-14,tor-controller-master,vendor/golang.org/x/text/internal/cldrtree/testdata/test1/common/main,1,0
tor-wave-14,tor-controller-master,vendor/golang.org/x/text/internal/cldrtree/testdata/test2,1,1
tor-wave-14,tor-controller-master,vendor/golang.org/x/text/internal/cldrtree/testdata/test2/common,0,1
tor-wave-14,tor-controller-master,vendor/golang.org/x/text/internal/cldrtree/testdata/test2/common/main,4,0
tor-wave-14,tor-controller-master,vendor/golang.org/x/text/internal/colltab,8,0
tor-wave-14,tor-controller-master,vendor/golang.org/x/text/internal/export,1,1
tor-wave-14,tor-controller-master,vendor/golang.org/x/text/internal/export/idna,10,0
tor-wave-14,tor-controller-master,vendor/golang.org/x/text/internal/format,2,0
tor-wave-14,tor-controller-master,vendor/golang.org/x/text/internal/gen,2,0
tor-wave-14,tor-controller-master,vendor/golang.org/x/text/internal/number,9,0
tor-wave-14,tor-controller-master,vendor/golang.org/x/text/internal/stringset,1,0
tor-wave-14,tor-controller-master,vendor/golang.org/x/text/internal/tag,1,0
tor-wave-14,tor-controller-master,vendor/golang.org/x/text/internal/testtext,7,0
tor-wave-14,tor-controller-master,vendor/golang.org/x/text/internal/triegen,3,0
tor-wave-14,tor-controller-master,vendor/golang.org/x/text/internal/ucd,1,0
tor-wave-14,tor-controller-master,vendor/golang.org/x/text/internal/utf8internal,1,0
tor-wave-14,tor-controller-master,vendor/golang.org/x/text/language,16,2
tor-wave-14,tor-controller-master,vendor/golang.org/x/text/language/display,5,0
tor-wave-14,tor-controller-master,vendor/golang.org/x/text/language/testdata,2,0
tor-wave-14,tor-controller-master,vendor/golang.org/x/text/message,5,2
tor-wave-14,tor-controller-master,vendor/golang.org/x/text/message/catalog,4,0
tor-wave-14,tor-controller-master,vendor/golang.org/x/text/message/pipeline,5,0
tor-wave-14,tor-controller-master,vendor/golang.org/x/text/number,4,0
tor-wave-14,tor-controller-master,vendor/golang.org/x/text/runes,2,0
tor-wave-14,tor-controller-master,vendor/golang.org/x/text/search,4,0
tor-wave-14,tor-controller-master,vendor/golang.org/x/text/secure,1,2
tor-wave-14,tor-controller-master,vendor/golang.org/x/text/secure/bidirule,3,0
tor-wave-14,tor-controller-master,vendor/golang.org/x/text/secure/precis,13,0
tor-wave-14,tor-controller-master,vendor/golang.org/x/text/transform,1,0
tor-wave-14,tor-controller-master,vendor/golang.org/x/text/unicode,1,5
tor-wave-14,tor-controller-master,vendor/golang.org/x/text/unicode/bidi,10,0
tor-wave-14,tor-controller-master,vendor/golang.org/x/text/unicode/cldr,8,0
tor-wave-14,tor-controller-master,vendor/golang.org/x/text/unicode/norm,12,0
tor-wave-14,tor-controller-master,vendor/golang.org/x/text/unicode/rangetable,5,0
tor-wave-14,tor-controller-master,vendor/golang.org/x/text/unicode/runenames,5,0
tor-wave-14,tor-controller-master,vendor/golang.org/x/text/width,9,0
tor-wave-14,tor-controller-master,vendor/golang.org/x/time,6,1
tor-wave-14,tor-controller-master,vendor/golang.org/x/time/rate,3,0
tor-wave-14,tor-controller-master,vendor/google.golang.org,0,1
tor-wave-14,tor-controller-master,vendor/google.golang.org/appengine,9,24
tor-wave-14,tor-controller-master,vendor/google.golang.org/appengine/aetest,5,0
tor-wave-14,tor-controller-master,vendor/google.golang.org/appengine/blobstore,2,0
tor-wave-14,tor-controller-master,vendor/google.golang.org/appengine/capability,1,0
tor-wave-14,tor-controller-master,vendor/google.golang.org/appengine/channel,1,0
tor-wave-14,tor-controller-master,vendor/google.golang.org/appengine/cloudsql,3,0
tor-wave-14,tor-controller-master,vendor/google.golang.org/appengine/cmd,0,3
tor-wave-14,tor-controller-master,vendor/google.golang.org/appengine/cmd/aebundler,1,0
tor-wave-14,tor-controller-master,vendor/google.golang.org/appengine/cmd/aedeploy,1,0
tor-wave-14,tor-controller-master,vendor/google.golang.org/appengine/cmd/aefix,4,0
tor-wave-14,tor-controller-master,vendor/google.golang.org/appengine/datastore,9,0
tor-wave-14,tor-controller-master,vendor/google.golang.org/appengine/delay,1,0
tor-wave-14,tor-controller-master,vendor/google.golang.org/appengine/demos,0,2
tor-wave-14,tor-controller-master,vendor/google.golang.org/appengine/demos/guestbook,4,1
tor-wave-14,tor-controller-master,vendor/google.golang.org/appengine/demos/guestbook/templates,1,0
tor-wave-14,tor-controller-master,vendor/google.golang.org/appengine/demos/helloworld,3,0
tor-wave-14,tor-controller-master,vendor/google.golang.org/appengine/file,1,0
tor-wave-14,tor-controller-master,vendor/google.golang.org/appengine/image,1,0
tor-wave-14,tor-controller-master,vendor/google.golang.org/appengine/internal,14,20
tor-wave-14,tor-controller-master,vendor/google.golang.org/appengine/internal/aetesting,1,0
tor-wave-14,tor-controller-master,vendor/google.golang.org/appengine/internal/app_identity,2,0
tor-wave-14,tor-controller-master,vendor/google.golang.org/appengine/internal/base,2,0
tor-wave-14,tor-controller-master,vendor/google.golang.org/appengine/internal/blobstore,2,0
tor-wave-14,tor-controller-master,vendor/google.golang.org/appengine/internal/capability,2,0
tor-wave-14,tor-controller-master,vendor/google.golang.org/appengine/internal/channel,2,0
tor-wave-14,tor-controller-master,vendor/google.golang.org/appengine/internal/datastore,2,0
tor-wave-14,tor-controller-master,vendor/google.golang.org/appengine/internal/image,2,0
tor-wave-14,tor-controller-master,vendor/google.golang.org/appengine/internal/log,2,0
tor-wave-14,tor-controller-master,vendor/google.golang.org/appengine/internal/mail,2,0
tor-wave-14,tor-controller-master,vendor/google.golang.org/appengine/internal/memcache,2,0
tor-wave-14,tor-controller-master,vendor/google.golang.org/appengine/internal/modules,2,0
tor-wave-14,tor-controller-master,vendor/google.golang.org/appengine/internal/remote_api,2,0
tor-wave-14,tor-controller-master,vendor/google.golang.org/appengine/internal/search,2,0
tor-wave-14,tor-controller-master,vendor/google.golang.org/appengine/internal/socket,2,0
tor-wave-14,tor-controller-master,vendor/google.golang.org/appengine/internal/system,2,0
tor-wave-14,tor-controller-master,vendor/google.golang.org/appengine/internal/taskqueue,2,0
tor-wave-14,tor-controller-master,vendor/google.golang.org/appengine/internal/urlfetch,2,0
tor-wave-14,tor-controller-master,vendor/google.golang.org/appengine/internal/user,2,0
tor-wave-14,tor-controller-master,vendor/google.golang.org/appengine/internal/xmpp,2,0
tor-wave-14,tor-controller-master,vendor/google.golang.org/appengine/log,2,0
tor-wave-14,tor-controller-master,vendor/google.golang.org/appengine/mail,1,0
tor-wave-14,tor-controller-master,vendor/google.golang.org/appengine/memcache,1,0
tor-wave-14,tor-controller-master,vendor/google.golang.org/appengine/module,1,0
tor-wave-14,tor-controller-master,vendor/google.golang.org/appengine/remote_api,2,0
tor-wave-14,tor-controller-master,vendor/google.golang.org/appengine/runtime,1,0
tor-wave-14,tor-controller-master,vendor/google.golang.org/appengine/search,4,0
tor-wave-14,tor-controller-master,vendor/google.golang.org/appengine/socket,3,0
tor-wave-14,tor-controller-master,vendor/google.golang.org/appengine/taskqueue,1,0
tor-wave-14,tor-controller-master,vendor/google.golang.org/appengine/urlfetch,1,0
tor-wave-14,tor-controller-master,vendor/google.golang.org/appengine/user,4,0
tor-wave-14,tor-controller-master,vendor/google.golang.org/appengine/xmpp,1,0
tor-wave-14,tor-controller-master,vendor/gopkg.in,0,2
tor-wave-14,tor-controller-master,vendor/gopkg.in/inf.v0,3,0
tor-wave-14,tor-controller-master,vendor/gopkg.in/yaml.v2,19,0
tor-wave-14,tor-controller-master,vendor/k8s.io,0,6
tor-wave-14,tor-controller-master,vendor/k8s.io/api,5,20
tor-wave-14,tor-controller-master,vendor/k8s.io/api/.github,1,0
tor-wave-14,tor-controller-master,vendor/k8s.io/api/Godeps,3,0
tor-wave-14,tor-controller-master,vendor/k8s.io/api/admission,0,1
tor-wave-14,tor-controller-master,vendor/k8s.io/api/admission/v1beta1,8,0
tor-wave-14,tor-controller-master,vendor/k8s.io/api/admissionregistration,0,2
tor-wave-14,tor-controller-master,vendor/k8s.io/api/admissionregistration/v1alpha1,8,0
tor-wave-14,tor-controller-master,vendor/k8s.io/api/admissionregistration/v1beta1,8,0
tor-wave-14,tor-controller-master,vendor/k8s.io/api/apps,1,3
tor-wave-14,tor-controller-master,vendor/k8s.io/api/apps/v1,8,0
tor-wave-14,tor-controller-master,vendor/k8s.io/api/apps/v1beta1,8,0
tor-wave-14,tor-controller-master,vendor/k8s.io/api/apps/v1beta2,8,0
tor-wave-14,tor-controller-master,vendor/k8s.io/api/authentication,1,2
tor-wave-14,tor-controller-master,vendor/k8s.io/api/authentication/v1,8,0
tor-wave-14,tor-controller-master,vendor/k8s.io/api/authentication/v1beta1,8,0
tor-wave-14,tor-controller-master,vendor/k8s.io/api/authorization,1,2
tor-wave-14,tor-controller-master,vendor/k8s.io/api/authorization/v1,8,0
tor-wave-14,tor-controller-master,vendor/k8s.io/api/authorization/v1beta1,8,0
tor-wave-14,tor-controller-master,vendor/k8s.io/api/autoscaling,1,2
tor-wave-14,tor-controller-master,vendor/k8s.io/api/autoscaling/v1,8,0
tor-wave-14,tor-controller-master,vendor/k8s.io/api/autoscaling/v2beta1,8,0
tor-wave-14,tor-controller-master,vendor/k8s.io/api/batch,1,3
tor-wave-14,tor-controller-master,vendor/k8s.io/api/batch/v1,8,0
tor-wave-14,tor-controller-master,vendor/k8s.io/api/batch/v1beta1,8,0
tor-wave-14,tor-controller-master,vendor/k8s.io/api/batch/v2alpha1,8,0
tor-wave-14,tor-controller-master,vendor/k8s.io/api/certificates,1,1
tor-wave-14,tor-controller-master,vendor/k8s.io/api/certificates/v1beta1,8,0
tor-wave-14,tor-controller-master,vendor/k8s.io/api/core,0,1
tor-wave-14,tor-controller-master,vendor/k8s.io/api/core/v1,14,0
tor-wave-14,tor-controller-master,vendor/k8s.io/api/events,1,1
tor-wave-14,tor-controller-master,vendor/k8s.io/api/events/v1beta1,8,0
tor-wave-14,tor-controller-master,vendor/k8s.io/api/extensions,1,1
tor-wave-14,tor-controller-master,vendor/k8s.io/api/extensions/v1beta1,8,0
tor-wave-14,tor-controller-master,vendor/k8s.io/api/imagepolicy,1,1
tor-wave-14,tor-controller-master,vendor/k8s.io/api/imagepolicy/v1alpha1,8,0
tor-wave-14,tor-controller-master,vendor/k8s.io/api/networking,1,1
tor-wave-14,tor-controller-master,vendor/k8s.io/api/networking/v1,8,0
tor-wave-14,tor-controller-master,vendor/k8s.io/api/policy,1,1
tor-wave-14,tor-controller-master,vendor/k8s.io/api/policy/v1beta1,8,0
tor-wave-14,tor-controller-master,vendor/k8s.io/api/rbac,1,3
tor-wave-14,tor-controller-master,vendor/k8s.io/api/rbac/v1,8,0
tor-wave-14,tor-controller-master,vendor/k8s.io/api/rbac/v1alpha1,8,0
tor-wave-14,tor-controller-master,vendor/k8s.io/api/rbac/v1beta1,8,0
tor-wave-14,tor-controller-master,vendor/k8s.io/api/scheduling,0,1
tor-wave-14,tor-controller-master,vendor/k8s.io/api/scheduling/v1alpha1,8,0
tor-wave-14,tor-controller-master,vendor/k8s.io/api/settings,0,1
tor-wave-14,tor-controller-master,vendor/k8s.io/api/settings/v1alpha1,8,0
tor-wave-14,tor-controller-master,vendor/k8s.io/api/storage,1,3
tor-wave-14,tor-controller-master,vendor/k8s.io/api/storage/v1,8,0
tor-wave-14,tor-controller-master,vendor/k8s.io/api/storage/v1alpha1,8,0
tor-wave-14,tor-controller-master,vendor/k8s.io/api/storage/v1beta1,8,0
tor-wave-14,tor-controller-master,vendor/k8s.io/apiextensions-apiserver,7,7
tor-wave-14,tor-controller-master,vendor/k8s.io/apiextensions-apiserver/.github,1,0
tor-wave-14,tor-controller-master,vendor/k8s.io/apiextensions-apiserver/Godeps,3,0
tor-wave-14,tor-controller-master,vendor/k8s.io/apiextensions-apiserver/artifacts,0,3
tor-wave-14,tor-controller-master,vendor/k8s.io/apiextensions-apiserver/artifacts/customresource-01,3,0
tor-wave-14,tor-controller-master,vendor/k8s.io/apiextensions-apiserver/artifacts/example,6,0
tor-wave-14,tor-controller-master,vendor/k8s.io/apiextensions-apiserver/artifacts/simple-image,1,0
tor-wave-14,tor-controller-master,vendor/k8s.io/apiextensions-apiserver/examples,0,1
tor-wave-14,tor-controller-master,vendor/k8s.io/apiextensions-apiserver/examples/client-go,2,2
tor-wave-14,tor-controller-master,vendor/k8s.io/apiextensions-apiserver/examples/client-go/hack,2,0
tor-wave-14,tor-controller-master,vendor/k8s.io/apiextensions-apiserver/examples/client-go/pkg,0,2
tor-wave-14,tor-controller-master,vendor/k8s.io/apiextensions-apiserver/examples/client-go/pkg/apis,0,1
tor-wave-14,tor-controller-master,vendor/k8s.io/apiextensions-apiserver/examples/client-go/pkg/apis/cr,2,1
tor-wave-14,tor-controller-master,vendor/k8s.io/apiextensions-apiserver/examples/client-go/pkg/apis/cr/v1,5,0
tor-wave-14,tor-controller-master,vendor/k8s.io/apiextensions-apiserver/examples/client-go/pkg/client,0,3
tor-wave-14,tor-controller-master,vendor/k8s.io/apiextensions-apiserver/examples/client-go/pkg/client/clientset,0,1
tor-wave-14,tor-controller-master,vendor/k8s.io/apiextensions-apiserver/examples/client-go/pkg/client/clientset/versioned,3,3
tor-wave-14,tor-controller-master,vendor/k8s.io/apiextensions-apiserver/examples/client-go/pkg/client/clientset/versioned/fake,4,0
tor-wave-14,tor-controller-master,vendor/k8s.io/apiextensions-apiserver/examples/client-go/pkg/client/clientset/versioned/scheme,3,0
tor-wave-14,tor-controller-master,vendor/k8s.io/apiextensions-apiserver/examples/client-go/pkg/client/clientset/versioned/typed,0,1
tor-wave-14,tor-controller-master,vendor/k8s.io/apiextensions-apiserver/examples/client-go/pkg/client/clientset/versioned/typed/cr,0,1
tor-wave-14,tor-controller-master,vendor/k8s.io/apiextensions-apiserver/examples/client-go/pkg/client/clientset/versioned/typed/cr/v1,5,1
tor-wave-14,tor-controller-master,vendor/k8s.io/apiextensions-apiserver/examples/client-go/pkg/client/clientset/versioned/typed/cr/v1/fake,4,0
tor-wave-14,tor-controller-master,vendor/k8s.io/apiextensions-apiserver/examples/client-go/pkg/client/informers,0,1
tor-wave-14,tor-controller-master,vendor/k8s.io/apiextensions-apiserver/examples/client-go/pkg/client/informers/externalversions,3,2
tor-wave-14,tor-controller-master,vendor/k8s.io/apiextensions-apiserver/examples/client-go/pkg/client/informers/externalversions/cr,2,1
tor-wave-14,tor-controller-master,vendor/k8s.io/apiextensions-apiserver/examples/client-go/pkg/client/informers/externalversions/cr/v1,3,0
tor-wave-14,tor-controller-master,vendor/k8s.io/apiextensions-apiserver/examples/client-go/pkg/client/informers/externalversions/internalinterfaces,2,0
tor-wave-14,tor-controller-master,vendor/k8s.io/apiextensions-apiserver/examples/client-go/pkg/client/listers,0,1
tor-wave-14,tor-controller-master,vendor/k8s.io/apiextensions-apiserver/examples/client-go/pkg/client/listers/cr,0,1
tor-wave-14,tor-controller-master,vendor/k8s.io/apiextensions-apiserver/examples/client-go/pkg/client/listers/cr/v1,3,0
tor-wave-14,tor-controller-master,vendor/k8s.io/apiextensions-apiserver/hack,4,0
tor-wave-14,tor-controller-master,vendor/k8s.io/apiextensions-apiserver/pkg,0,7
tor-wave-14,tor-controller-master,vendor/k8s.io/apiextensions-apiserver/pkg/apis,0,1
tor-wave-14,tor-controller-master,vendor/k8s.io/apiextensions-apiserver/pkg/apis/apiextensions,8,4
tor-wave-14,tor-controller-master,vendor/k8s.io/apiextensions-apiserver/pkg/apis/apiextensions/fuzzer,2,0
tor-wave-14,tor-controller-master,vendor/k8s.io/apiextensions-apiserver/pkg/apis/apiextensions/install,2,0
tor-wave-14,tor-controller-master,vendor/k8s.io/apiextensions-apiserver/pkg/apis/apiextensions/v1beta1,14,0
tor-wave-14,tor-controller-master,vendor/k8s.io/apiextensions-apiserver/pkg/apis/apiextensions/validation,2,0
tor-wave-14,tor-controller-master,vendor/k8s.io/apiextensions-apiserver/pkg/apiserver,5,1
tor-wave-14,tor-controller-master,vendor/k8s.io/apiextensions-apiserver/pkg/apiserver/validation,2,0
tor-wave-14,tor-controller-master,vendor/k8s.io/apiextensions-apiserver/pkg/client,0,3
tor-wave-14,tor-controller-master,vendor/k8s.io/apiextensions-apiserver/pkg/client/clientset,0,2
tor-wave-14,tor-controller-master,vendor/k8s.io/apiextensions-apiserver/pkg/client/clientset/clientset,3,3
tor-wave-14,tor-controller-master,vendor/k8s.io/apiextensions-apiserver/pkg/client/clientset/clientset/fake,4,0
tor-wave-14,tor-controller-master,vendor/k8s.io/apiextensions-apiserver/pkg/client/clientset/clientset/scheme,3,0
tor-wave-14,tor-controller-master,vendor/k8s.io/apiextensions-apiserver/pkg/client/clientset/clientset/typed,0,1
tor-wave-14,tor-controller-master,vendor/k8s.io/apiextensions-apiserver/pkg/client/clientset/clientset/typed/apiextensions,0,1
tor-wave-14,tor-controller-master,vendor/k8s.io/apiextensions-apiserver/pkg/client/clientset/clientset/typed/apiextensions/v1beta1,5,1
tor-wave-14,tor-controller-master,vendor/k8s.io/apiextensions-apiserver/pkg/client/clientset/clientset/typed/apiextensions/v1beta1/fake,4,0
tor-wave-14,tor-controller-master,vendor/k8s.io/apiextensions-apiserver/pkg/client/clientset/internalclientset,3,3
tor-wave-14,tor-controller-master,vendor/k8s.io/apiextensions-apiserver/pkg/client/clientset/internalclientset/fake,4,0
tor-wave-14,tor-controller-master,vendor/k8s.io/apiextensions-apiserver/pkg/client/clientset/internalclientset/scheme,3,0
tor-wave-14,tor-controller-master,vendor/k8s.io/apiextensions-apiserver/pkg/client/clientset/internalclientset/typed,0,1
tor-wave-14,tor-controller-master,vendor/k8s.io/apiextensions-apiserver/pkg/client/clientset/internalclientset/typed/apiextensions,0,1
tor-wave-14,tor-controller-master,vendor/k8s.io/apiextensions-apiserver/pkg/client/clientset/internalclientset/typed/apiextensions/internalversion,5,1
tor-wave-14,tor-controller-master,vendor/k8s.io/apiextensions-apiserver/pkg/client/clientset/internalclientset/typed/apiextensions/internalversion/fake,4,0
tor-wave-14,tor-controller-master,vendor/k8s.io/apiextensions-apiserver/pkg/client/informers,0,2
tor-wave-14,tor-controller-master,vendor/k8s.io/apiextensions-apiserver/pkg/client/informers/externalversions,3,2
tor-wave-14,tor-controller-master,vendor/k8s.io/apiextensions-apiserver/pkg/client/informers/externalversions/apiextensions,2,1
tor-wave-14,tor-controller-master,vendor/k8s.io/apiextensions-apiserver/pkg/client/informers/externalversions/apiextensions/v1beta1,3,0
tor-wave-14,tor-controller-master,vendor/k8s.io/apiextensions-apiserver/pkg/client/informers/externalversions/internalinterfaces,2,0
tor-wave-14,tor-controller-master,vendor/k8s.io/apiextensions-apiserver/pkg/client/informers/internalversion,3,2
tor-wave-14,tor-controller-master,vendor/k8s.io/apiextensions-apiserver/pkg/client/informers/internalversion/apiextensions,2,1
tor-wave-14,tor-controller-master,vendor/k8s.io/apiextensions-apiserver/pkg/client/informers/internalversion/apiextensions/internalversion,3,0
tor-wave-14,tor-controller-master,vendor/k8s.io/apiextensions-apiserver/pkg/client/informers/internalversion/internalinterfaces,2,0
tor-wave-14,tor-controller-master,vendor/k8s.io/apiextensions-apiserver/pkg/client/listers,0,1
tor-wave-14,tor-controller-master,vendor/k8s.io/apiextensions-apiserver/pkg/client/listers/apiextensions,0,2
tor-wave-14,tor-controller-master,vendor/k8s.io/apiextensions-apiserver/pkg/client/listers/apiextensions/internalversion,3,0
tor-wave-14,tor-controller-master,vendor/k8s.io/apiextensions-apiserver/pkg/client/listers/apiextensions/v1beta1,3,0
tor-wave-14,tor-controller-master,vendor/k8s.io/apiextensions-apiserver/pkg/cmd,0,1
tor-wave-14,tor-controller-master,vendor/k8s.io/apiextensions-apiserver/pkg/cmd/server,2,0
tor-wave-14,tor-controller-master,vendor/k8s.io/apiextensions-apiserver/pkg/controller,0,2
tor-wave-14,tor-controller-master,vendor/k8s.io/apiextensions-apiserver/pkg/controller/finalizer,2,0
tor-wave-14,tor-controller-master,vendor/k8s.io/apiextensions-apiserver/pkg/controller/status,2,0
tor-wave-14,tor-controller-master,vendor/k8s.io/apiextensions-apiserver/pkg/features,2,0
tor-wave-14,tor-controller-master,vendor/k8s.io/apiextensions-apiserver/pkg/registry,0,2
tor-wave-14,tor-controller-master,vendor/k8s.io/apiextensions-apiserver/pkg/registry/customresource,6,1
tor-wave-14,tor-controller-master,vendor/k8s.io/apiextensions-apiserver/pkg/registry/customresource/tableconvertor,2,0
tor-wave-14,tor-controller-master,vendor/k8s.io/apiextensions-apiserver/pkg/registry/customresourcedefinition,3,0
tor-wave-14,tor-controller-master,vendor/k8s.io/apiextensions-apiserver/test,0,1
tor-wave-14,tor-controller-master,vendor/k8s.io/apiextensions-apiserver/test/integration,1,2
tor-wave-14,tor-controller-master,vendor/k8s.io/apiextensions-apiserver/test/integration/apiserver.local.config,0,1
tor-wave-14,tor-controller-master,vendor/k8s.io/apiextensions-apiserver/test/integration/apiserver.local.config/certificates,2,0
tor-wave-14,tor-controller-master,vendor/k8s.io/apiextensions-apiserver/test/integration/testserver,3,0
tor-wave-14,tor-controller-master,vendor/k8s.io/apimachinery,5,4
tor-wave-14,tor-controller-master,vendor/k8s.io/apimachinery/.github,1,0
tor-wave-14,tor-controller-master,vendor/k8s.io/apimachinery/Godeps,3,0
tor-wave-14,tor-controller-master,vendor/k8s.io/apimachinery/pkg,1,13
tor-wave-14,tor-controller-master,vendor/k8s.io/apimachinery/pkg/api,0,6
tor-wave-14,tor-controller-master,vendor/k8s.io/apimachinery/pkg/api/equality,2,0
tor-wave-14,tor-controller-master,vendor/k8s.io/apimachinery/pkg/api/errors,4,0
tor-wave-14,tor-controller-master,vendor/k8s.io/apimachinery/pkg/api/meta,13,1
tor-wave-14,tor-controller-master,vendor/k8s.io/apimachinery/pkg/api/meta/table,2,0
tor-wave-14,tor-controller-master,vendor/k8s.io/apimachinery/pkg/api/resource,11,0
tor-wave-14,tor-controller-master,vendor/k8s.io/apimachinery/pkg/api/testing,2,2
tor-wave-14,tor-controller-master,vendor/k8s.io/apimachinery/pkg/api/testing/fuzzer,3,0
tor-wave-14,tor-controller-master,vendor/k8s.io/apimachinery/pkg/api/testing/roundtrip,2,0
tor-wave-14,tor-controller-master,vendor/k8s.io/apimachinery/pkg/api/validation,4,1
tor-wave-14,tor-controller-master,vendor/k8s.io/apimachinery/pkg/api/validation/path,2,0
tor-wave-14,tor-controller-master,vendor/k8s.io/apimachinery/pkg/apimachinery,3,2
tor-wave-14,tor-controller-master,vendor/k8s.io/apimachinery/pkg/apimachinery/announced,3,0
tor-wave-14,tor-controller-master,vendor/k8s.io/apimachinery/pkg/apimachinery/registered,2,0
tor-wave-14,tor-controller-master,vendor/k8s.io/apimachinery/pkg/apis,0,2
tor-wave-14,tor-controller-master,vendor/k8s.io/apimachinery/pkg/apis/meta,0,4
tor-wave-14,tor-controller-master,vendor/k8s.io/apimachinery/pkg/apis/meta/fuzzer,2,0
tor-wave-14,tor-controller-master,vendor/k8s.io/apimachinery/pkg/apis/meta/internalversion,7,0
tor-wave-14,tor-controller-master,vendor/k8s.io/apimachinery/pkg/apis/meta/v1,22,2
tor-wave-14,tor-controller-master,vendor/k8s.io/apimachinery/pkg/apis/meta/v1/unstructured,5,0
tor-wave-14,tor-controller-master,vendor/k8s.io/apimachinery/pkg/apis/meta/v1/validation,2,0
tor-wave-14,tor-controller-master,vendor/k8s.io/apimachinery/pkg/apis/meta/v1beta1,11,0
tor-wave-14,tor-controller-master,vendor/k8s.io/apimachinery/pkg/apis/testapigroup,5,3
tor-wave-14,tor-controller-master,vendor/k8s.io/apimachinery/pkg/apis/testapigroup/fuzzer,2,0
tor-wave-14,tor-controller-master,vendor/k8s.io/apimachinery/pkg/apis/testapigroup/install,2,0
tor-wave-14,tor-controller-master,vendor/k8s.io/apimachinery/pkg/apis/testapigroup/v1,11,0
tor-wave-14,tor-controller-master,vendor/k8s.io/apimachinery/pkg/conversion,5,1
tor-wave-14,tor-controller-master,vendor/k8s.io/apimachinery/pkg/conversion/queryparams,3,0
tor-wave-14,tor-controller-master,vendor/k8s.io/apimachinery/pkg/fields,5,0
tor-wave-14,tor-controller-master,vendor/k8s.io/apimachinery/pkg/labels,5,0
tor-wave-14,tor-controller-master,vendor/k8s.io/apimachinery/pkg/runtime,20,3
tor-wave-14,tor-controller-master,vendor/k8s.io/apimachinery/pkg/runtime/schema,5,0
tor-wave-14,tor-controller-master,vendor/k8s.io/apimachinery/pkg/runtime/serializer,4,7
tor-wave-14,tor-controller-master,vendor/k8s.io/apimachinery/pkg/runtime/serializer/json,3,0
tor-wave-14,tor-controller-master,vendor/k8s.io/apimachinery/pkg/runtime/serializer/protobuf,3,0
tor-wave-14,tor-controller-master,vendor/k8s.io/apimachinery/pkg/runtime/serializer/recognizer,2,1
tor-wave-14,tor-controller-master,vendor/k8s.io/apimachinery/pkg/runtime/serializer/recognizer/testing,1,0
tor-wave-14,tor-controller-master,vendor/k8s.io/apimachinery/pkg/runtime/serializer/streaming,2,0
tor-wave-14,tor-controller-master,vendor/k8s.io/apimachinery/pkg/runtime/serializer/testing,4,0
tor-wave-14,tor-controller-master,vendor/k8s.io/apimachinery/pkg/runtime/serializer/versioning,2,0
tor-wave-14,tor-controller-master,vendor/k8s.io/apimachinery/pkg/runtime/serializer/yaml,2,0
tor-wave-14,tor-controller-master,vendor/k8s.io/apimachinery/pkg/runtime/testing,4,0
tor-wave-14,tor-controller-master,vendor/k8s.io/apimachinery/pkg/selection,2,0
tor-wave-14,tor-controller-master,vendor/k8s.io/apimachinery/pkg/test,3,0
tor-wave-14,tor-controller-master,vendor/k8s.io/apimachinery/pkg/types,6,0
tor-wave-14,tor-controller-master,vendor/k8s.io/apimachinery/pkg/util,0,24
tor-wave-14,tor-controller-master,vendor/k8s.io/apimachinery/pkg/util/cache,3,0
tor-wave-14,tor-controller-master,vendor/k8s.io/apimachinery/pkg/util/clock,2,0
tor-wave-14,tor-controller-master,vendor/k8s.io/apimachinery/pkg/util/diff,2,0
tor-wave-14,tor-controller-master,vendor/k8s.io/apimachinery/pkg/util/duration,2,0
tor-wave-14,tor-controller-master,vendor/k8s.io/apimachinery/pkg/util/errors,3,0
tor-wave-14,tor-controller-master,vendor/k8s.io/apimachinery/pkg/util/framer,2,0
tor-wave-14,tor-controller-master,vendor/k8s.io/apimachinery/pkg/util/httpstream,3,1
tor-wave-14,tor-controller-master,vendor/k8s.io/apimachinery/pkg/util/httpstream/spdy,4,0
tor-wave-14,tor-controller-master,vendor/k8s.io/apimachinery/pkg/util/initialization,2,0
tor-wave-14,tor-controller-master,vendor/k8s.io/apimachinery/pkg/util/intstr,4,0
tor-wave-14,tor-controller-master,vendor/k8s.io/apimachinery/pkg/util/json,2,0
tor-wave-14,tor-controller-master,vendor/k8s.io/apimachinery/pkg/util/jsonmergepatch,2,0
tor-wave-14,tor-controller-master,vendor/k8s.io/apimachinery/pkg/util/mergepatch,4,0
tor-wave-14,tor-controller-master,vendor/k8s.io/apimachinery/pkg/util/net,6,0
tor-wave-14,tor-controller-master,vendor/k8s.io/apimachinery/pkg/util/proxy,5,0
tor-wave-14,tor-controller-master,vendor/k8s.io/apimachinery/pkg/util/rand,2,0
tor-wave-14,tor-controller-master,vendor/k8s.io/apimachinery/pkg/util/remotecommand,2,0
tor-wave-14,tor-controller-master,vendor/k8s.io/apimachinery/pkg/util/runtime,2,0
tor-wave-14,tor-controller-master,vendor/k8s.io/apimachinery/pkg/util/sets,7,1
tor-wave-14,tor-controller-master,vendor/k8s.io/apimachinery/pkg/util/sets/types,2,0
tor-wave-14,tor-controller-master,vendor/k8s.io/apimachinery/pkg/util/strategicpatch,6,2
tor-wave-14,tor-controller-master,vendor/k8s.io/apimachinery/pkg/util/strategicpatch/testdata,2,0
tor-wave-14,tor-controller-master,vendor/k8s.io/apimachinery/pkg/util/strategicpatch/testing,2,0
tor-wave-14,tor-controller-master,vendor/k8s.io/apimachinery/pkg/util/uuid,2,0
tor-wave-14,tor-controller-master,vendor/k8s.io/apimachinery/pkg/util/validation,2,1
tor-wave-14,tor-controller-master,vendor/k8s.io/apimachinery/pkg/util/validation/field,3,0
tor-wave-14,tor-controller-master,vendor/k8s.io/apimachinery/pkg/util/wait,3,0
tor-wave-14,tor-controller-master,vendor/k8s.io/apimachinery/pkg/util/waitgroup,3,0
tor-wave-14,tor-controller-master,vendor/k8s.io/apimachinery/pkg/util/yaml,2,0
tor-wave-14,tor-controller-master,vendor/k8s.io/apimachinery/pkg/version,3,0
tor-wave-14,tor-controller-master,vendor/k8s.io/apimachinery/pkg/watch,8,0
tor-wave-14,tor-controller-master,vendor/k8s.io/apimachinery/third_party,0,1
tor-wave-14,tor-controller-master,vendor/k8s.io/apimachinery/third_party/forked,0,1
tor-wave-14,tor-controller-master,vendor/k8s.io/apimachinery/third_party/forked/golang,0,3
tor-wave-14,tor-controller-master,vendor/k8s.io/apimachinery/third_party/forked/golang/json,3,0
tor-wave-14,tor-controller-master,vendor/k8s.io/apimachinery/third_party/forked/golang/netutil,2,0
tor-wave-14,tor-controller-master,vendor/k8s.io/apimachinery/third_party/forked/golang/reflect,2,0
tor-wave-14,tor-controller-master,vendor/k8s.io/client-go,8,17
tor-wave-14,tor-controller-master,vendor/k8s.io/client-go/.github,1,0
tor-wave-14,tor-controller-master,vendor/k8s.io/client-go/Godeps,3,0
tor-wave-14,tor-controller-master,vendor/k8s.io/client-go/discovery,4,2
tor-wave-14,tor-controller-master,vendor/k8s.io/client-go/discovery/cached,1,0
tor-wave-14,tor-controller-master,vendor/k8s.io/client-go/discovery/fake,1,0
tor-wave-14,tor-controller-master,vendor/k8s.io/client-go/dynamic,3,1
tor-wave-14,tor-controller-master,vendor/k8s.io/client-go/dynamic/fake,2,0
tor-wave-14,tor-controller-master,vendor/k8s.io/client-go/examples,1,4
tor-wave-14,tor-controller-master,vendor/k8s.io/client-go/examples/create-update-delete-deployment,2,0
tor-wave-14,tor-controller-master,vendor/k8s.io/client-go/examples/in-cluster-client-configuration,3,0
tor-wave-14,tor-controller-master,vendor/k8s.io/client-go/examples/out-of-cluster-client-configuration,2,0
tor-wave-14,tor-controller-master,vendor/k8s.io/client-go/examples/workqueue,2,0
tor-wave-14,tor-controller-master,vendor/k8s.io/client-go/informers,2,15
tor-wave-14,tor-controller-master,vendor/k8s.io/client-go/informers/admissionregistration,1,2
tor-wave-14,tor-controller-master,vendor/k8s.io/client-go/informers/admissionregistration/v1alpha1,2,0
tor-wave-14,tor-controller-master,vendor/k8s.io/client-go/informers/admissionregistration/v1beta1,3,0
tor-wave-14,tor-controller-master,vendor/k8s.io/client-go/informers/apps,1,3
tor-wave-14,tor-controller-master,vendor/k8s.io/client-go/informers/apps/v1,6,0
tor-wave-14,tor-controller-master,vendor/k8s.io/client-go/informers/apps/v1beta1,4,0
tor-wave-14,tor-controller-master,vendor/k8s.io/client-go/informers/apps/v1beta2,6,0
tor-wave-14,tor-controller-master,vendor/k8s.io/client-go/informers/autoscaling,1,2
tor-wave-14,tor-controller-master,vendor/k8s.io/client-go/informers/autoscaling/v1,2,0
tor-wave-14,tor-controller-master,vendor/k8s.io/client-go/informers/autoscaling/v2beta1,2,0
tor-wave-14,tor-controller-master,vendor/k8s.io/client-go/informers/batch,1,3
tor-wave-14,tor-controller-master,vendor/k8s.io/client-go/informers/batch/v1,2,0
tor-wave-14,tor-controller-master,vendor/k8s.io/client-go/informers/batch/v1beta1,2,0
tor-wave-14,tor-controller-master,vendor/k8s.io/client-go/informers/batch/v2alpha1,2,0
tor-wave-14,tor-controller-master,vendor/k8s.io/client-go/informers/certificates,1,1
tor-wave-14,tor-controller-master,vendor/k8s.io/client-go/informers/certificates/v1beta1,2,0
tor-wave-14,tor-controller-master,vendor/k8s.io/client-go/informers/core,1,1
tor-wave-14,tor-controller-master,vendor/k8s.io/client-go/informers/core/v1,17,0
tor-wave-14,tor-controller-master,vendor/k8s.io/client-go/informers/events,1,1
tor-wave-14,tor-controller-master,vendor/k8s.io/client-go/informers/events/v1beta1,2,0
tor-wave-14,tor-controller-master,vendor/k8s.io/client-go/informers/extensions,1,1
tor-wave-14,tor-controller-master,vendor/k8s.io/client-go/informers/extensions/v1beta1,6,0
tor-wave-14,tor-controller-master,vendor/k8s.io/client-go/informers/internalinterfaces,1,0
tor-wave-14,tor-controller-master,vendor/k8s.io/client-go/informers/networking,1,1
tor-wave-14,tor-controller-master,vendor/k8s.io/client-go/informers/networking/v1,2,0
tor-wave-14,tor-controller-master,vendor/k8s.io/client-go/informers/policy,1,1
tor-wave-14,tor-controller-master,vendor/k8s.io/client-go/informers/policy/v1beta1,3,0
tor-wave-14,tor-controller-master,vendor/k8s.io/client-go/informers/rbac,1,3
tor-wave-14,tor-controller-master,vendor/k8s.io/client-go/informers/rbac/v1,5,0
tor-wave-14,tor-controller-master,vendor/k8s.io/client-go/informers/rbac/v1alpha1,5,0
tor-wave-14,tor-controller-master,vendor/k8s.io/client-go/informers/rbac/v1beta1,5,0
tor-wave-14,tor-controller-master,vendor/k8s.io/client-go/informers/scheduling,1,1
tor-wave-14,tor-controller-master,vendor/k8s.io/client-go/informers/scheduling/v1alpha1,2,0
tor-wave-14,tor-controller-master,vendor/k8s.io/client-go/informers/settings,1,1
tor-wave-14,tor-controller-master,vendor/k8s.io/client-go/informers/settings/v1alpha1,2,0
tor-wave-14,tor-controller-master,vendor/k8s.io/client-go/informers/storage,1,3
tor-wave-14,tor-controller-master,vendor/k8s.io/client-go/informers/storage/v1,2,0
tor-wave-14,tor-controller-master,vendor/k8s.io/client-go/informers/storage/v1alpha1,2,0
tor-wave-14,tor-controller-master,vendor/k8s.io/client-go/informers/storage/v1beta1,3,0
tor-wave-14,tor-controller-master,vendor/k8s.io/client-go/kubernetes,3,3
tor-wave-14,tor-controller-master,vendor/k8s.io/client-go/kubernetes/fake,3,0
tor-wave-14,tor-controller-master,vendor/k8s.io/client-go/kubernetes/scheme,2,0
tor-wave-14,tor-controller-master,vendor/k8s.io/client-go/kubernetes/typed,0,16
tor-wave-14,tor-controller-master,vendor/k8s.io/client-go/kubernetes/typed/admissionregistration,0,2
tor-wave-14,tor-controller-master,vendor/k8s.io/client-go/kubernetes/typed/admissionregistration/v1alpha1,4,1
tor-wave-14,tor-controller-master,vendor/k8s.io/client-go/kubernetes/typed/admissionregistration/v1alpha1/fake,3,0
tor-wave-14,tor-controller-master,vendor/k8s.io/client-go/kubernetes/typed/admissionregistration/v1beta1,5,1
tor-wave-14,tor-controller-master,vendor/k8s.io/client-go/kubernetes/typed/admissionregistration/v1beta1/fake,4,0
tor-wave-14,tor-controller-master,vendor/k8s.io/client-go/kubernetes/typed/apps,0,3
tor-wave-14,tor-controller-master,vendor/k8s.io/client-go/kubernetes/typed/apps/v1,8,1
tor-wave-14,tor-controller-master,vendor/k8s.io/client-go/kubernetes/typed/apps/v1/fake,7,0
tor-wave-14,tor-controller-master,vendor/k8s.io/client-go/kubernetes/typed/apps/v1beta1,7,1
tor-wave-14,tor-controller-master,vendor/k8s.io/client-go/kubernetes/typed/apps/v1beta1/fake,6,0
tor-wave-14,tor-controller-master,vendor/k8s.io/client-go/kubernetes/typed/apps/v1beta2,9,1
tor-wave-14,tor-controller-master,vendor/k8s.io/client-go/kubernetes/typed/apps/v1beta2/fake,8,0
tor-wave-14,tor-controller-master,vendor/k8s.io/client-go/kubernetes/typed/authentication,0,2
tor-wave-14,tor-controller-master,vendor/k8s.io/client-go/kubernetes/typed/authentication/v1,5,1
tor-wave-14,tor-controller-master,vendor/k8s.io/client-go/kubernetes/typed/authentication/v1/fake,4,0
tor-wave-14,tor-controller-master,vendor/k8s.io/client-go/kubernetes/typed/authentication/v1beta1,5,1
tor-wave-14,tor-controller-master,vendor/k8s.io/client-go/kubernetes/typed/authentication/v1beta1/fake,4,0
tor-wave-14,tor-controller-master,vendor/k8s.io/client-go/kubernetes/typed/authorization,0,2
tor-wave-14,tor-controller-master,vendor/k8s.io/client-go/kubernetes/typed/authorization/v1,11,1
tor-wave-14,tor-controller-master,vendor/k8s.io/client-go/kubernetes/typed/authorization/v1/fake,10,0
tor-wave-14,tor-controller-master,vendor/k8s.io/client-go/kubernetes/typed/authorization/v1beta1,11,1
tor-wave-14,tor-controller-master,vendor/k8s.io/client-go/kubernetes/typed/authorization/v1beta1/fake,11,0
tor-wave-14,tor-controller-master,vendor/k8s.io/client-go/kubernetes/typed/autoscaling,0,2
tor-wave-14,tor-controller-master,vendor/k8s.io/client-go/kubernetes/typed/autoscaling/v1,4,1
tor-wave-14,tor-controller-master,vendor/k8s.io/client-go/kubernetes/typed/autoscaling/v1/fake,3,0
tor-wave-14,tor-controller-master,vendor/k8s.io/client-go/kubernetes/typed/autoscaling/v2beta1,4,1
tor-wave-14,tor-controller-master,vendor/k8s.io/client-go/kubernetes/typed/autoscaling/v2beta1/fake,3,0
tor-wave-14,tor-controller-master,vendor/k8s.io/client-go/kubernetes/typed/batch,0,3
tor-wave-14,tor-controller-master,vendor/k8s.io/client-go/kubernetes/typed/batch/v1,4,1
tor-wave-14,tor-controller-master,vendor/k8s.io/client-go/kubernetes/typed/batch/v1/fake,3,0
tor-wave-14,tor-controller-master,vendor/k8s.io/client-go/kubernetes/typed/batch/v1beta1,4,1
tor-wave-14,tor-controller-master,vendor/k8s.io/client-go/kubernetes/typed/batch/v1beta1/fake,3,0
tor-wave-14,tor-controller-master,vendor/k8s.io/client-go/kubernetes/typed/batch/v2alpha1,4,1
tor-wave-14,tor-controller-master,vendor/k8s.io/client-go/kubernetes/typed/batch/v2alpha1/fake,3,0
tor-wave-14,tor-controller-master,vendor/k8s.io/client-go/kubernetes/typed/certificates,0,1
tor-wave-14,tor-controller-master,vendor/k8s.io/client-go/kubernetes/typed/certificates/v1beta1,5,1
tor-wave-14,tor-controller-master,vendor/k8s.io/client-go/kubernetes/typed/certificates/v1beta1/fake,4,0
tor-wave-14,tor-controller-master,vendor/k8s.io/client-go/kubernetes/typed/core,0,1
tor-wave-14,tor-controller-master,vendor/k8s.io/client-go/kubernetes/typed/core/v1,25,1
tor-wave-14,tor-controller-master,vendor/k8s.io/client-go/kubernetes/typed/core/v1/fake,24,0
tor-wave-14,tor-controller-master,vendor/k8s.io/client-go/kubernetes/typed/events,0,1
tor-wave-14,tor-controller-master,vendor/k8s.io/client-go/kubernetes/typed/events/v1beta1,4,1
tor-wave-14,tor-controller-master,vendor/k8s.io/client-go/kubernetes/typed/events/v1beta1/fake,3,0
tor-wave-14,tor-controller-master,vendor/k8s.io/client-go/kubernetes/typed/extensions,0,1
tor-wave-14,tor-controller-master,vendor/k8s.io/client-go/kubernetes/typed/extensions/v1beta1,11,1
tor-wave-14,tor-controller-master,vendor/k8s.io/client-go/kubernetes/typed/extensions/v1beta1/fake,10,0
tor-wave-14,tor-controller-master,vendor/k8s.io/client-go/kubernetes/typed/networking,0,1
tor-wave-14,tor-controller-master,vendor/k8s.io/client-go/kubernetes/typed/networking/v1,4,1
tor-wave-14,tor-controller-master,vendor/k8s.io/client-go/kubernetes/typed/networking/v1/fake,3,0
tor-wave-14,tor-controller-master,vendor/k8s.io/client-go/kubernetes/typed/policy,0,1
tor-wave-14,tor-controller-master,vendor/k8s.io/client-go/kubernetes/typed/policy/v1beta1,7,1
tor-wave-14,tor-controller-master,vendor/k8s.io/client-go/kubernetes/typed/policy/v1beta1/fake,6,0
tor-wave-14,tor-controller-master,vendor/k8s.io/client-go/kubernetes/typed/rbac,0,3
tor-wave-14,tor-controller-master,vendor/k8s.io/client-go/kubernetes/typed/rbac/v1,7,1
tor-wave-14,tor-controller-master,vendor/k8s.io/client-go/kubernetes/typed/rbac/v1/fake,6,0
tor-wave-14,tor-controller-master,vendor/k8s.io/client-go/kubernetes/typed/rbac/v1alpha1,7,1
tor-wave-14,tor-controller-master,vendor/k8s.io/client-go/kubernetes/typed/rbac/v1alpha1/fake,6,0
tor-wave-14,tor-controller-master,vendor/k8s.io/client-go/kubernetes/typed/rbac/v1beta1,7,1
tor-wave-14,tor-controller-master,vendor/k8s.io/client-go/kubernetes/typed/rbac/v1beta1/fake,6,0
tor-wave-14,tor-controller-master,vendor/k8s.io/client-go/kubernetes/typed/scheduling,0,1
tor-wave-14,tor-controller-master,vendor/k8s.io/client-go/kubernetes/typed/scheduling/v1alpha1,4,1
tor-wave-14,tor-controller-master,vendor/k8s.io/client-go/kubernetes/typed/scheduling/v1alpha1/fake,3,0
tor-wave-14,tor-controller-master,vendor/k8s.io/client-go/kubernetes/typed/settings,0,1
tor-wave-14,tor-controller-master,vendor/k8s.io/client-go/kubernetes/typed/settings/v1alpha1,4,1
tor-wave-14,tor-controller-master,vendor/k8s.io/client-go/kubernetes/typed/settings/v1alpha1/fake,3,0
tor-wave-14,tor-controller-master,vendor/k8s.io/client-go/kubernetes/typed/storage,0,3
tor-wave-14,tor-controller-master,vendor/k8s.io/client-go/kubernetes/typed/storage/v1,4,1
tor-wave-14,tor-controller-master,vendor/k8s.io/client-go/kubernetes/typed/storage/v1/fake,3,0
tor-wave-14,tor-controller-master,vendor/k8s.io/client-go/kubernetes/typed/storage/v1alpha1,4,1
tor-wave-14,tor-controller-master,vendor/k8s.io/client-go/kubernetes/typed/storage/v1alpha1/fake,3,0
tor-wave-14,tor-controller-master,vendor/k8s.io/client-go/kubernetes/typed/storage/v1beta1,5,1
tor-wave-14,tor-controller-master,vendor/k8s.io/client-go/kubernetes/typed/storage/v1beta1/fake,4,0
tor-wave-14,tor-controller-master,vendor/k8s.io/client-go/listers,0,17
tor-wave-14,tor-controller-master,vendor/k8s.io/client-go/listers/admissionregistration,0,2
tor-wave-14,tor-controller-master,vendor/k8s.io/client-go/listers/admissionregistration/v1alpha1,2,0
tor-wave-14,tor-controller-master,vendor/k8s.io/client-go/listers/admissionregistration/v1beta1,3,0
tor-wave-14,tor-controller-master,vendor/k8s.io/client-go/listers/apps,0,3
tor-wave-14,tor-controller-master,vendor/k8s.io/client-go/listers/apps/v1,10,0
tor-wave-14,tor-controller-master,vendor/k8s.io/client-go/listers/apps/v1beta1,6,0
tor-wave-14,tor-controller-master,vendor/k8s.io/client-go/listers/apps/v1beta2,11,0
tor-wave-14,tor-controller-master,vendor/k8s.io/client-go/listers/authentication,0,2
tor-wave-14,tor-controller-master,vendor/k8s.io/client-go/listers/authentication/v1,2,0
tor-wave-14,tor-controller-master,vendor/k8s.io/client-go/listers/authentication/v1beta1,2,0
tor-wave-14,tor-controller-master,vendor/k8s.io/client-go/listers/authorization,0,2
tor-wave-14,tor-controller-master,vendor/k8s.io/client-go/listers/authorization/v1,5,0
tor-wave-14,tor-controller-master,vendor/k8s.io/client-go/listers/authorization/v1beta1,5,0
tor-wave-14,tor-controller-master,vendor/k8s.io/client-go/listers/autoscaling,0,2
tor-wave-14,tor-controller-master,vendor/k8s.io/client-go/listers/autoscaling/v1,2,0
tor-wave-14,tor-controller-master,vendor/k8s.io/client-go/listers/autoscaling/v2beta1,2,0
tor-wave-14,tor-controller-master,vendor/k8s.io/client-go/listers/batch,0,3
tor-wave-14,tor-controller-master,vendor/k8s.io/client-go/listers/batch/v1,3,0
tor-wave-14,tor-controller-master,vendor/k8s.io/client-go/listers/batch/v1beta1,2,0
tor-wave-14,tor-controller-master,vendor/k8s.io/client-go/listers/batch/v2alpha1,2,0
tor-wave-14,tor-controller-master,vendor/k8s.io/client-go/listers/certificates,0,1
tor-wave-14,tor-controller-master,vendor/k8s.io/client-go/listers/certificates/v1beta1,2,0
tor-wave-14,tor-controller-master,vendor/k8s.io/client-go/listers/core,0,1
tor-wave-14,tor-controller-master,vendor/k8s.io/client-go/listers/core/v1,20,0
tor-wave-14,tor-controller-master,vendor/k8s.io/client-go/listers/events,0,1
tor-wave-14,tor-controller-master,vendor/k8s.io/client-go/listers/events/v1beta1,2,0
tor-wave-14,tor-controller-master,vendor/k8s.io/client-go/listers/extensions,0,1
tor-wave-14,tor-controller-master,vendor/k8s.io/client-go/listers/extensions/v1beta1,10,0
tor-wave-14,tor-controller-master,vendor/k8s.io/client-go/listers/imagepolicy,0,1
tor-wave-14,tor-controller-master,vendor/k8s.io/client-go/listers/imagepolicy/v1alpha1,2,0
tor-wave-14,tor-controller-master,vendor/k8s.io/client-go/listers/networking,0,1
tor-wave-14,tor-controller-master,vendor/k8s.io/client-go/listers/networking/v1,2,0
tor-wave-14,tor-controller-master,vendor/k8s.io/client-go/listers/policy,0,1
tor-wave-14,tor-controller-master,vendor/k8s.io/client-go/listers/policy/v1beta1,5,0
tor-wave-14,tor-controller-master,vendor/k8s.io/client-go/listers/rbac,0,3
tor-wave-14,tor-controller-master,vendor/k8s.io/client-go/listers/rbac/v1,5,0
tor-wave-14,tor-controller-master,vendor/k8s.io/client-go/listers/rbac/v1alpha1,5,0
tor-wave-14,tor-controller-master,vendor/k8s.io/client-go/listers/rbac/v1beta1,5,0
tor-wave-14,tor-controller-master,vendor/k8s.io/client-go/listers/scheduling,0,1
tor-wave-14,tor-controller-master,vendor/k8s.io/client-go/listers/scheduling/v1alpha1,2,0
tor-wave-14,tor-controller-master,vendor/k8s.io/client-go/listers/settings,0,1
tor-wave-14,tor-controller-master,vendor/k8s.io/client-go/listers/settings/v1alpha1,2,0
tor-wave-14,tor-controller-master,vendor/k8s.io/client-go/listers/storage,0,3
tor-wave-14,tor-controller-master,vendor/k8s.io/client-go/listers/storage/v1,2,0
tor-wave-14,tor-controller-master,vendor/k8s.io/client-go/listers/storage/v1alpha1,2,0
tor-wave-14,tor-controller-master,vendor/k8s.io/client-go/listers/storage/v1beta1,3,0
tor-wave-14,tor-controller-master,vendor/k8s.io/client-go/pkg,0,2
tor-wave-14,tor-controller-master,vendor/k8s.io/client-go/pkg/apis,0,1
tor-wave-14,tor-controller-master,vendor/k8s.io/client-go/pkg/apis/clientauthentication,4,2
tor-wave-14,tor-controller-master,vendor/k8s.io/client-go/pkg/apis/clientauthentication/install,1,0
tor-wave-14,tor-controller-master,vendor/k8s.io/client-go/pkg/apis/clientauthentication/v1alpha1,6,0
tor-wave-14,tor-controller-master,vendor/k8s.io/client-go/pkg/version,5,0
tor-wave-14,tor-controller-master,vendor/k8s.io/client-go/plugin,0,1
tor-wave-14,tor-controller-master,vendor/k8s.io/client-go/plugin/pkg,0,1
tor-wave-14,tor-controller-master,vendor/k8s.io/client-go/plugin/pkg/client,0,1
tor-wave-14,tor-controller-master,vendor/k8s.io/client-go/plugin/pkg/client/auth,1,5
tor-wave-14,tor-controller-master,vendor/k8s.io/client-go/plugin/pkg/client/auth/azure,2,0
tor-wave-14,tor-controller-master,vendor/k8s.io/client-go/plugin/pkg/client/auth/exec,1,1
tor-wave-14,tor-controller-master,vendor/k8s.io/client-go/plugin/pkg/client/auth/exec/testdata,1,0
tor-wave-14,tor-controller-master,vendor/k8s.io/client-go/plugin/pkg/client/auth/gcp,2,0
tor-wave-14,tor-controller-master,vendor/k8s.io/client-go/plugin/pkg/client/auth/oidc,2,0
tor-wave-14,tor-controller-master,vendor/k8s.io/client-go/plugin/pkg/client/auth/openstack,1,0
tor-wave-14,tor-controller-master,vendor/k8s.io/client-go/rest,9,2
tor-wave-14,tor-controller-master,vendor/k8s.io/client-go/rest/fake,1,0
tor-wave-14,tor-controller-master,vendor/k8s.io/client-go/rest/watch,2,0
tor-wave-14,tor-controller-master,vendor/k8s.io/client-go/scale,4,2
tor-wave-14,tor-controller-master,vendor/k8s.io/client-go/scale/fake,1,0
tor-wave-14,tor-controller-master,vendor/k8s.io/client-go/scale/scheme,4,6
tor-wave-14,tor-controller-master,vendor/k8s.io/client-go/scale/scheme/appsint,2,0
tor-wave-14,tor-controller-master,vendor/k8s.io/client-go/scale/scheme/appsv1beta1,4,0
tor-wave-14,tor-controller-master,vendor/k8s.io/client-go/scale/scheme/appsv1beta2,4,0
tor-wave-14,tor-controller-master,vendor/k8s.io/client-go/scale/scheme/autoscalingv1,4,0
tor-wave-14,tor-controller-master,vendor/k8s.io/client-go/scale/scheme/extensionsint,2,0
tor-wave-14,tor-controller-master,vendor/k8s.io/client-go/scale/scheme/extensionsv1beta1,4,0
tor-wave-14,tor-controller-master,vendor/k8s.io/client-go/testing,3,0
tor-wave-14,tor-controller-master,vendor/k8s.io/client-go/third_party,0,1
tor-wave-14,tor-controller-master,vendor/k8s.io/client-go/third_party/forked,0,1
tor-wave-14,tor-controller-master,vendor/k8s.io/client-go/third_party/forked/golang,0,1
tor-wave-14,tor-controller-master,vendor/k8s.io/client-go/third_party/forked/golang/template,2,0
tor-wave-14,tor-controller-master,vendor/k8s.io/client-go/tools,0,11
tor-wave-14,tor-controller-master,vendor/k8s.io/client-go/tools/auth,1,0
tor-wave-14,tor-controller-master,vendor/k8s.io/client-go/tools/bootstrap,0,1
tor-wave-14,tor-controller-master,vendor/k8s.io/client-go/tools/bootstrap/token,0,2
tor-wave-14,tor-controller-master,vendor/k8s.io/client-go/tools/bootstrap/token/api,3,0
tor-wave-14,tor-controller-master,vendor/k8s.io/client-go/tools/bootstrap/token/util,1,0
tor-wave-14,tor-controller-master,vendor/k8s.io/client-go/tools/cache,20,1
tor-wave-14,tor-controller-master,vendor/k8s.io/client-go/tools/cache/testing,1,0
tor-wave-14,tor-controller-master,vendor/k8s.io/client-go/tools/clientcmd,10,1
tor-wave-14,tor-controller-master,vendor/k8s.io/client-go/tools/clientcmd/api,5,2
tor-wave-14,tor-controller-master,vendor/k8s.io/client-go/tools/clientcmd/api/latest,1,0
tor-wave-14,tor-controller-master,vendor/k8s.io/client-go/tools/clientcmd/api/v1,5,0
tor-wave-14,tor-controller-master,vendor/k8s.io/client-go/tools/leaderelection,2,1
tor-wave-14,tor-controller-master,vendor/k8s.io/client-go/tools/leaderelection/resourcelock,3,0
tor-wave-14,tor-controller-master,vendor/k8s.io/client-go/tools/metrics,2,0
tor-wave-14,tor-controller-master,vendor/k8s.io/client-go/tools/pager,1,0
tor-wave-14,tor-controller-master,vendor/k8s.io/client-go/tools/portforward,2,0
tor-wave-14,tor-controller-master,vendor/k8s.io/client-go/tools/record,5,0
tor-wave-14,tor-controller-master,vendor/k8s.io/client-go/tools/reference,1,0
tor-wave-14,tor-controller-master,vendor/k8s.io/client-go/tools/remotecommand,8,0
tor-wave-14,tor-controller-master,vendor/k8s.io/client-go/transport,5,1
tor-wave-14,tor-controller-master,vendor/k8s.io/client-go/transport/spdy,1,0
tor-wave-14,tor-controller-master,vendor/k8s.io/client-go/util,0,11
tor-wave-14,tor-controller-master,vendor/k8s.io/client-go/util/buffer,1,0
tor-wave-14,tor-controller-master,vendor/k8s.io/client-go/util/cert,4,2
tor-wave-14,tor-controller-master,vendor/k8s.io/client-go/util/cert/testdata,1,0
tor-wave-14,tor-controller-master,vendor/k8s.io/client-go/util/cert/triple,1,0
tor-wave-14,tor-controller-master,vendor/k8s.io/client-go/util/certificate,3,1
tor-wave-14,tor-controller-master,vendor/k8s.io/client-go/util/certificate/csr,1,0
tor-wave-14,tor-controller-master,vendor/k8s.io/client-go/util/exec,1,0
tor-wave-14,tor-controller-master,vendor/k8s.io/client-go/util/flowcontrol,2,0
tor-wave-14,tor-controller-master,vendor/k8s.io/client-go/util/homedir,1,0
tor-wave-14,tor-controller-master,vendor/k8s.io/client-go/util/integer,1,0
tor-wave-14,tor-controller-master,vendor/k8s.io/client-go/util/jsonpath,4,0
tor-wave-14,tor-controller-master,vendor/k8s.io/client-go/util/retry,2,0
tor-wave-14,tor-controller-master,vendor/k8s.io/client-go/util/testing,2,0
tor-wave-14,tor-controller-master,vendor/k8s.io/client-go/util/workqueue,7,0
tor-wave-14,tor-controller-master,vendor/k8s.io/kube-aggregator,7,5
tor-wave-14,tor-controller-master,vendor/k8s.io/kube-aggregator/.github,1,0
tor-wave-14,tor-controller-master,vendor/k8s.io/kube-aggregator/Godeps,3,0
tor-wave-14,tor-controller-master,vendor/k8s.io/kube-aggregator/artifacts,0,3
tor-wave-14,tor-controller-master,vendor/k8s.io/kube-aggregator/artifacts/hostpath-pods,1,0
tor-wave-14,tor-controller-master,vendor/k8s.io/kube-aggregator/artifacts/self-contained,5,0
tor-wave-14,tor-controller-master,vendor/k8s.io/kube-aggregator/artifacts/simple-image,1,0
tor-wave-14,tor-controller-master,vendor/k8s.io/kube-aggregator/hack,9,0
tor-wave-14,tor-controller-master,vendor/k8s.io/kube-aggregator/pkg,0,6
tor-wave-14,tor-controller-master,vendor/k8s.io/kube-aggregator/pkg/apis,0,1
tor-wave-14,tor-controller-master,vendor/k8s.io/kube-aggregator/pkg/apis/apiregistration,6,4
tor-wave-14,tor-controller-master,vendor/k8s.io/kube-aggregator/pkg/apis/apiregistration/install,2,0
tor-wave-14,tor-controller-master,vendor/k8s.io/kube-aggregator/pkg/apis/apiregistration/v1,8,0
tor-wave-14,tor-controller-master,vendor/k8s.io/kube-aggregator/pkg/apis/apiregistration/v1beta1,8,0
tor-wave-14,tor-controller-master,vendor/k8s.io/kube-aggregator/pkg/apis/apiregistration/validation,2,0
tor-wave-14,tor-controller-master,vendor/k8s.io/kube-aggregator/pkg/apiserver,6,1
tor-wave-14,tor-controller-master,vendor/k8s.io/kube-aggregator/pkg/apiserver/scheme,2,0
tor-wave-14,tor-controller-master,vendor/k8s.io/kube-aggregator/pkg/client,0,3
tor-wave-14,tor-controller-master,vendor/k8s.io/kube-aggregator/pkg/client/clientset_generated,0,2
tor-wave-14,tor-controller-master,vendor/k8s.io/kube-aggregator/pkg/client/clientset_generated/clientset,3,3
tor-wave-14,tor-controller-master,vendor/k8s.io/kube-aggregator/pkg/client/clientset_generated/clientset/fake,4,0
tor-wave-14,tor-controller-master,vendor/k8s.io/kube-aggregator/pkg/client/clientset_generated/clientset/scheme,3,0
tor-wave-14,tor-controller-master,vendor/k8s.io/kube-aggregator/pkg/client/clientset_generated/clientset/typed,0,1
tor-wave-14,tor-controller-master,vendor/k8s.io/kube-aggregator/pkg/client/clientset_generated/clientset/typed/apiregistration,0,2
tor-wave-14,tor-controller-master,vendor/k8s.io/kube-aggregator/pkg/client/clientset_generated/clientset/typed/apiregistration/v1,5,1
tor-wave-14,tor-controller-master,vendor/k8s.io/kube-aggregator/pkg/client/clientset_generated/clientset/typed/apiregistration/v1/fake,4,0
tor-wave-14,tor-controller-master,vendor/k8s.io/kube-aggregator/pkg/client/clientset_generated/clientset/typed/apiregistration/v1beta1,5,1
tor-wave-14,tor-controller-master,vendor/k8s.io/kube-aggregator/pkg/client/clientset_generated/clientset/typed/apiregistration/v1beta1/fake,4,0
tor-wave-14,tor-controller-master,vendor/k8s.io/kube-aggregator/pkg/client/clientset_generated/internalclientset,3,3
tor-wave-14,tor-controller-master,vendor/k8s.io/kube-aggregator/pkg/client/clientset_generated/internalclientset/fake,4,0
tor-wave-14,tor-controller-master,vendor/k8s.io/kube-aggregator/pkg/client/clientset_generated/internalclientset/scheme,3,0
tor-wave-14,tor-controller-master,vendor/k8s.io/kube-aggregator/pkg/client/clientset_generated/internalclientset/typed,0,1
tor-wave-14,tor-controller-master,vendor/k8s.io/kube-aggregator/pkg/client/clientset_generated/internalclientset/typed/apiregistration,0,1
tor-wave-14,tor-controller-master,vendor/k8s.io/kube-aggregator/pkg/client/clientset_generated/internalclientset/typed/apiregistration/internalversion,5,1
tor-wave-14,tor-controller-master,vendor/k8s.io/kube-aggregator/pkg/client/clientset_generated/internalclientset/typed/apiregistration/internalversion/fake,4,0
tor-wave-14,tor-controller-master,vendor/k8s.io/kube-aggregator/pkg/client/informers,0,2
tor-wave-14,tor-controller-master,vendor/k8s.io/kube-aggregator/pkg/client/informers/externalversions,3,2
tor-wave-14,tor-controller-master,vendor/k8s.io/kube-aggregator/pkg/client/informers/externalversions/apiregistration,2,2
tor-wave-14,tor-controller-master,vendor/k8s.io/kube-aggregator/pkg/client/informers/externalversions/apiregistration/v1,3,0
tor-wave-14,tor-controller-master,vendor/k8s.io/kube-aggregator/pkg/client/informers/externalversions/apiregistration/v1beta1,3,0
tor-wave-14,tor-controller-master,vendor/k8s.io/kube-aggregator/pkg/client/informers/externalversions/internalinterfaces,2,0
tor-wave-14,tor-controller-master,vendor/k8s.io/kube-aggregator/pkg/client/informers/internalversion,3,2
tor-wave-14,tor-controller-master,vendor/k8s.io/kube-aggregator/pkg/client/informers/internalversion/apiregistration,2,1
tor-wave-14,tor-controller-master,vendor/k8s.io/kube-aggregator/pkg/client/informers/internalversion/apiregistration/internalversion,3,0
tor-wave-14,tor-controller-master,vendor/k8s.io/kube-aggregator/pkg/client/informers/internalversion/internalinterfaces,2,0
tor-wave-14,tor-controller-master,vendor/k8s.io/kube-aggregator/pkg/client/listers,0,1
tor-wave-14,tor-controller-master,vendor/k8s.io/kube-aggregator/pkg/client/listers/apiregistration,0,3
tor-wave-14,tor-controller-master,vendor/k8s.io/kube-aggregator/pkg/client/listers/apiregistration/internalversion,3,0
tor-wave-14,tor-controller-master,vendor/k8s.io/kube-aggregator/pkg/client/listers/apiregistration/v1,3,0
tor-wave-14,tor-controller-master,vendor/k8s.io/kube-aggregator/pkg/client/listers/apiregistration/v1beta1,3,0
tor-wave-14,tor-controller-master,vendor/k8s.io/kube-aggregator/pkg/cmd,0,1
tor-wave-14,tor-controller-master,vendor/k8s.io/kube-aggregator/pkg/cmd/server,2,0
tor-wave-14,tor-controller-master,vendor/k8s.io/kube-aggregator/pkg/controllers,2,3
tor-wave-14,tor-controller-master,vendor/k8s.io/kube-aggregator/pkg/controllers/autoregister,2,0
tor-wave-14,tor-controller-master,vendor/k8s.io/kube-aggregator/pkg/controllers/openapi,4,0
tor-wave-14,tor-controller-master,vendor/k8s.io/kube-aggregator/pkg/controllers/status,2,0
tor-wave-14,tor-controller-master,vendor/k8s.io/kube-aggregator/pkg/registry,0,1
tor-wave-14,tor-controller-master,vendor/k8s.io/kube-aggregator/pkg/registry/apiservice,2,2
tor-wave-14,tor-controller-master,vendor/k8s.io/kube-aggregator/pkg/registry/apiservice/etcd,2,0
tor-wave-14,tor-controller-master,vendor/k8s.io/kube-aggregator/pkg/registry/apiservice/rest,2,0
tor-wave-14,tor-controller-master,vendor/k8s.io/kube-openapi,6,3
tor-wave-14,tor-controller-master,vendor/k8s.io/kube-openapi/Godeps,2,0
tor-wave-14,tor-controller-master,vendor/k8s.io/kube-openapi/example,0,1
tor-wave-14,tor-controller-master,vendor/k8s.io/kube-openapi/example/openapi-gen,1,0
tor-wave-14,tor-controller-master,vendor/k8s.io/kube-openapi/pkg,0,7
tor-wave-14,tor-controller-master,vendor/k8s.io/kube-openapi/pkg/aggregator,1,0
tor-wave-14,tor-controller-master,vendor/k8s.io/kube-openapi/pkg/builder,3,0
tor-wave-14,tor-controller-master,vendor/k8s.io/kube-openapi/pkg/common,2,0
tor-wave-14,tor-controller-master,vendor/k8s.io/kube-openapi/pkg/generators,3,0
tor-wave-14,tor-controller-master,vendor/k8s.io/kube-openapi/pkg/handler,1,0
tor-wave-14,tor-controller-master,vendor/k8s.io/kube-openapi/pkg/idl,1,0
tor-wave-14,tor-controller-master,vendor/k8s.io/kube-openapi/pkg/util,2,1
tor-wave-14,tor-controller-master,vendor/k8s.io/kube-openapi/pkg/util/proto,3,2
tor-wave-14,tor-controller-master,vendor/k8s.io/kube-openapi/pkg/util/proto/testing,2,0
tor-wave-14,tor-controller-master,vendor/k8s.io/kube-openapi/pkg/util/proto/validation,3,0
tor-wave-14,tor-controller-master,vendor/sigs.k8s.io,0,1
tor-wave-14,tor-controller-master,vendor/sigs.k8s.io/testing_frameworks,9,2
tor-wave-14,tor-controller-master,vendor/sigs.k8s.io/testing_frameworks/bin,4,0
tor-wave-14,tor-controller-master,vendor/sigs.k8s.io/testing_frameworks/integration,7,2
tor-wave-14,tor-controller-master,vendor/sigs.k8s.io/testing_frameworks/integration/internal,6,1
tor-wave-14,tor-controller-master,vendor/sigs.k8s.io/testing_frameworks/integration/internal/integration_tests,1,0
tor-wave-14,tor-controller-master,vendor/sigs.k8s.io/testing_frameworks/integration/scripts,1,0
tor-wave-14,tor-ramdisk-master,.,7,1
tor-wave-14,tor-ramdisk-master,configs,7,0
tor-wave-14,torflow-main,.,10,5
tor-wave-14,torflow-main,CircuitAnalysis,0,3
tor-wave-14,torflow-main,CircuitAnalysis/BuildTimes,12,1
tor-wave-14,torflow-main,CircuitAnalysis/BuildTimes/CBT-Test,5,1
tor-wave-14,torflow-main,CircuitAnalysis/BuildTimes/CBT-Test/tor-data,1,0
tor-wave-14,torflow-main,CircuitAnalysis/OPAddon,4,0
tor-wave-14,torflow-main,CircuitAnalysis/PathBias,3,0
tor-wave-14,torflow-main,NetworkScanners,3,3
tor-wave-14,torflow-main,NetworkScanners/BwAuthority,11,2
tor-wave-14,torflow-main,NetworkScanners/BwAuthority/data,1,11
tor-wave-14,torflow-main,NetworkScanners/BwAuthority/data/scanner.1,1,1
tor-wave-14,torflow-main,NetworkScanners/BwAuthority/data/scanner.1/scan-data,1,0
tor-wave-14,torflow-main,NetworkScanners/BwAuthority/data/scanner.2,1,1
tor-wave-14,torflow-main,NetworkScanners/BwAuthority/data/scanner.2/scan-data,1,0
tor-wave-14,torflow-main,NetworkScanners/BwAuthority/data/scanner.3,1,1
tor-wave-14,torflow-main,NetworkScanners/BwAuthority/data/scanner.3/scan-data,1,0
tor-wave-14,torflow-main,NetworkScanners/BwAuthority/data/scanner.4,1,1
tor-wave-14,torflow-main,NetworkScanners/BwAuthority/data/scanner.4/scan-data,1,0
tor-wave-14,torflow-main,NetworkScanners/BwAuthority/data/scanner.5,1,1
tor-wave-14,torflow-main,NetworkScanners/BwAuthority/data/scanner.5/scan-data,1,0
tor-wave-14,torflow-main,NetworkScanners/BwAuthority/data/scanner.6,1,1
tor-wave-14,torflow-main,NetworkScanners/BwAuthority/data/scanner.6/scan-data,1,0
tor-wave-14,torflow-main,NetworkScanners/BwAuthority/data/scanner.7,1,1
tor-wave-14,torflow-main,NetworkScanners/BwAuthority/data/scanner.7/scan-data,1,0
tor-wave-14,torflow-main,NetworkScanners/BwAuthority/data/scanner.8,1,1
tor-wave-14,torflow-main,NetworkScanners/BwAuthority/data/scanner.8/scan-data,1,0
tor-wave-14,torflow-main,NetworkScanners/BwAuthority/data/scanner.9,1,1
tor-wave-14,torflow-main,NetworkScanners/BwAuthority/data/scanner.9/scan-data,1,0
tor-wave-14,torflow-main,NetworkScanners/BwAuthority/data/tor.1,1,0
tor-wave-14,torflow-main,NetworkScanners/BwAuthority/data/tor.2,1,0
tor-wave-14,torflow-main,NetworkScanners/BwAuthority/extras,4,0
tor-wave-14,torflow-main,NetworkScanners/ExitAuthority,9,2
tor-wave-14,torflow-main,NetworkScanners/ExitAuthority/data,1,1
tor-wave-14,torflow-main,NetworkScanners/ExitAuthority/data/tor,1,0
tor-wave-14,torflow-main,NetworkScanners/ExitAuthority/test,1,0
tor-wave-14,torflow-main,NetworkScanners/libs,0,4
tor-wave-14,torflow-main,NetworkScanners/libs/BeautifulSoup,2,0
tor-wave-14,torflow-main,NetworkScanners/libs/Pyssh,5,0
tor-wave-14,torflow-main,NetworkScanners/libs/SocksiPy,2,0
tor-wave-14,torflow-main,NetworkScanners/libs/jsparser,5,1
tor-wave-14,torflow-main,NetworkScanners/libs/jsparser/antlr3,14,0
tor-wave-14,torflow-main,NodeMonitors,4,0
tor-wave-14,torflow-main,TorCtl,0,0
tor-wave-14,torflow-main,tordiffs,2,0
tor-wave-14,torps-master,.,23,3
tor-wave-14,torps-master,ext,3,4
tor-wave-14,torps-master,ext/cpp,21,1
tor-wave-14,torps-master,ext/cpp/lib,0,1
tor-wave-14,torps-master,ext/cpp/lib/uthash,4,0
tor-wave-14,torps-master,ext/google,1,1
tor-wave-14,torps-master,ext/google/protobuf,11,2
tor-wave-14,torps-master,ext/google/protobuf/compiler,2,0
tor-wave-14,torps-master,ext/google/protobuf/internal,11,0
tor-wave-14,torps-master,ext/message_spec,2,1
tor-wave-14,torps-master,ext/message_spec/protobuf-2.5.0,21,8
tor-wave-14,torps-master,ext/message_spec/protobuf-2.5.0/editors,3,0
tor-wave-14,torps-master,ext/message_spec/protobuf-2.5.0/examples,9,0
tor-wave-14,torps-master,ext/message_spec/protobuf-2.5.0/gtest,10,13
tor-wave-14,torps-master,ext/message_spec/protobuf-2.5.0/gtest/build-aux,7,0
tor-wave-14,torps-master,ext/message_spec/protobuf-2.5.0/gtest/cmake,1,0
tor-wave-14,torps-master,ext/message_spec/protobuf-2.5.0/gtest/codegear,6,0
tor-wave-14,torps-master,ext/message_spec/protobuf-2.5.0/gtest/fused-src,0,1
tor-wave-14,torps-master,ext/message_spec/protobuf-2.5.0/gtest/fused-src/gtest,3,0
tor-wave-14,torps-master,ext/message_spec/protobuf-2.5.0/gtest/include,0,1
tor-wave-14,torps-master,ext/message_spec/protobuf-2.5.0/gtest/include/gtest,11,1
tor-wave-14,torps-master,ext/message_spec/protobuf-2.5.0/gtest/include/gtest/internal,13,0
tor-wave-14,torps-master,ext/message_spec/protobuf-2.5.0/gtest/m4,7,0
tor-wave-14,torps-master,ext/message_spec/protobuf-2.5.0/gtest/make,1,0
tor-wave-14,torps-master,ext/message_spec/protobuf-2.5.0/gtest/msvc,10,0
tor-wave-14,torps-master,ext/message_spec/protobuf-2.5.0/gtest/samples,18,0
tor-wave-14,torps-master,ext/message_spec/protobuf-2.5.0/gtest/scripts,4,1
tor-wave-14,torps-master,ext/message_spec/protobuf-2.5.0/gtest/scripts/test,1,0
tor-wave-14,torps-master,ext/message_spec/protobuf-2.5.0/gtest/src,10,0
tor-wave-14,torps-master,ext/message_spec/protobuf-2.5.0/gtest/test,61,0
tor-wave-14,torps-master,ext/message_spec/protobuf-2.5.0/gtest/xcode,0,5
tor-wave-14,torps-master,ext/message_spec/protobuf-2.5.0/gtest/xcode/Config,6,0
tor-wave-14,torps-master,ext/message_spec/protobuf-2.5.0/gtest/xcode/Resources,1,0
tor-wave-14,torps-master,ext/message_spec/protobuf-2.5.0/gtest/xcode/Samples,0,1
tor-wave-14,torps-master,ext/message_spec/protobuf-2.5.0/gtest/xcode/Samples/FrameworkSample,5,1
tor-wave-14,torps-master,ext/message_spec/protobuf-2.5.0/gtest/xcode/Samples/FrameworkSample/WidgetFramework.xcodeproj,1,0
tor-wave-14,torps-master,ext/message_spec/protobuf-2.5.0/gtest/xcode/Scripts,2,0
tor-wave-14,torps-master,ext/message_spec/protobuf-2.5.0/gtest/xcode/gtest.xcodeproj,1,0
tor-wave-14,torps-master,ext/message_spec/protobuf-2.5.0/java,2,1
tor-wave-14,torps-master,ext/message_spec/protobuf-2.5.0/java/src,0,2
tor-wave-14,torps-master,ext/message_spec/protobuf-2.5.0/java/src/main,0,1
tor-wave-14,torps-master,ext/message_spec/protobuf-2.5.0/java/src/main/java,0,1
tor-wave-14,torps-master,ext/message_spec/protobuf-2.5.0/java/src/main/java/com,0,1
tor-wave-14,torps-master,ext/message_spec/protobuf-2.5.0/java/src/main/java/com/google,0,1
tor-wave-14,torps-master,ext/message_spec/protobuf-2.5.0/java/src/main/java/com/google/protobuf,44,0
tor-wave-14,torps-master,ext/message_spec/protobuf-2.5.0/java/src/test,0,1
tor-wave-14,torps-master,ext/message_spec/protobuf-2.5.0/java/src/test/java,0,1
tor-wave-14,torps-master,ext/message_spec/protobuf-2.5.0/java/src/test/java/com,0,1
tor-wave-14,torps-master,ext/message_spec/protobuf-2.5.0/java/src/test/java/com/google,0,1
tor-wave-14,torps-master,ext/message_spec/protobuf-2.5.0/java/src/test/java/com/google/protobuf,38,0
tor-wave-14,torps-master,ext/message_spec/protobuf-2.5.0/m4,9,0
tor-wave-14,torps-master,ext/message_spec/protobuf-2.5.0/python,6,3
tor-wave-14,torps-master,ext/message_spec/protobuf-2.5.0/python/build,0,1
tor-wave-14,torps-master,ext/message_spec/protobuf-2.5.0/python/build/lib,0,1
tor-wave-14,torps-master,ext/message_spec/protobuf-2.5.0/python/build/lib/google,1,1
tor-wave-14,torps-master,ext/message_spec/protobuf-2.5.0/python/build/lib/google/protobuf,11,2
tor-wave-14,torps-master,ext/message_spec/protobuf-2.5.0/python/build/lib/google/protobuf/compiler,2,0
tor-wave-14,torps-master,ext/message_spec/protobuf-2.5.0/python/build/lib/google/protobuf/internal,11,0
tor-wave-14,torps-master,ext/message_spec/protobuf-2.5.0/python/google,1,1
tor-wave-14,torps-master,ext/message_spec/protobuf-2.5.0/python/google/protobuf,34,3
tor-wave-14,torps-master,ext/message_spec/protobuf-2.5.0/python/google/protobuf/compiler,2,0
tor-wave-14,torps-master,ext/message_spec/protobuf-2.5.0/python/google/protobuf/internal,67,0
tor-wave-14,torps-master,ext/message_spec/protobuf-2.5.0/python/google/protobuf/pyext,5,0
tor-wave-14,torps-master,ext/message_spec/protobuf-2.5.0/python/protobuf.egg-info,6,0
tor-wave-14,torps-master,ext/message_spec/protobuf-2.5.0/src,2,2
tor-wave-14,torps-master,ext/message_spec/protobuf-2.5.0/src/google,0,1
tor-wave-14,torps-master,ext/message_spec/protobuf-2.5.0/src/google/protobuf,68,5
tor-wave-14,torps-master,ext/message_spec/protobuf-2.5.0/src/google/protobuf/compiler,26,3
tor-wave-14,torps-master,ext/message_spec/protobuf-2.5.0/src/google/protobuf/compiler/cpp,30,0
tor-wave-14,torps-master,ext/message_spec/protobuf-2.5.0/src/google/protobuf/compiler/java,28,0
tor-wave-14,torps-master,ext/message_spec/protobuf-2.5.0/src/google/protobuf/compiler/python,3,0
tor-wave-14,torps-master,ext/message_spec/protobuf-2.5.0/src/google/protobuf/io,21,0
tor-wave-14,torps-master,ext/message_spec/protobuf-2.5.0/src/google/protobuf/stubs,35,0
tor-wave-14,torps-master,ext/message_spec/protobuf-2.5.0/src/google/protobuf/testdata,4,0
tor-wave-14,torps-master,ext/message_spec/protobuf-2.5.0/src/google/protobuf/testing,6,0
tor-wave-14,torps-master,ext/message_spec/protobuf-2.5.0/src/solaris,1,0
tor-wave-14,torps-master,ext/message_spec/protobuf-2.5.0/vsprojects,12,0
tor-wave-14,torps-master,ext/torps,1,1
tor-wave-14,torps-master,ext/torps/ext,1,1
tor-wave-14,torps-master,ext/torps/ext/safest,6,1
tor-wave-14,torps-master,ext/torps/ext/safest/tests,3,0
tor-wave-14,torps-master,in,1,0
tor-wave-14,torps-master,util,10,0
tor-wave-14,torsocks-main,.,11,6
tor-wave-14,torsocks-main,config,3,0
tor-wave-14,torsocks-main,doc,5,3
tor-wave-14,torsocks-main,doc/notes,1,0
tor-wave-14,torsocks-main,doc/proposals,1,0
tor-wave-14,torsocks-main,doc/socks,2,0
tor-wave-14,torsocks-main,extras,3,0
tor-wave-14,torsocks-main,include,1,0
tor-wave-14,torsocks-main,src,1,4
tor-wave-14,torsocks-main,src/bin,2,0
tor-wave-14,torsocks-main,src/common,19,0
tor-wave-14,torsocks-main,src/ext,2,0
tor-wave-14,torsocks-main,src/lib,18,0
tor-wave-14,torsocks-main,tests,9,2
tor-wave-14,torsocks-main,tests/unit,7,1
tor-wave-14,torsocks-main,tests/unit/fixtures,11,0
tor-wave-14,torsocks-main,tests/utils,2,1
tor-wave-14,torsocks-main,tests/utils/tap,4,0
tor-wave-14,tun2tor-master,.,9,2
tor-wave-14,tun2tor-master,lwip,3,3
tor-wave-14,tun2tor-master,lwip/lwip,0,0
tor-wave-14,tun2tor-master,lwip/lwip-contrib,0,0
tor-wave-14,tun2tor-master,lwip/src,6,0
tor-wave-14,tun2tor-master,src,7,2
tor-wave-14,tun2tor-master,src/packet,5,0
tor-wave-14,tun2tor-master,src/tun,3,0
tor-wave-14,txtorcon-main,.,17,12
tor-wave-14,txtorcon-main,.github,0,1
tor-wave-14,txtorcon-main,.github/workflows,3,0
tor-wave-14,txtorcon-main,debian,6,0
tor-wave-14,txtorcon-main,docs,22,2
tor-wave-14,txtorcon-main,docs/_static,4,0
tor-wave-14,txtorcon-main,docs/_themes,1,1
tor-wave-14,txtorcon-main,docs/_themes/alabaster,8,1
tor-wave-14,txtorcon-main,docs/_themes/alabaster/static,2,0
tor-wave-14,txtorcon-main,examples,32,0
tor-wave-14,txtorcon-main,integration,3,2
tor-wave-14,txtorcon-main,integration/hidden_service_listen_ports,3,0
tor-wave-14,txtorcon-main,integration/timeout_tor_launch,3,0
tor-wave-14,txtorcon-main,logo,5,0
tor-wave-14,txtorcon-main,scripts,2,0
tor-wave-14,txtorcon-main,signatures,66,0
tor-wave-14,txtorcon-main,test,23,0
tor-wave-14,txtorcon-main,test3,1,0
tor-wave-14,txtorcon-main,twisted,0,1
tor-wave-14,txtorcon-main,twisted/plugins,1,0
tor-wave-14,txtorcon-main,txtorcon,23,0
post-refactor-20b,serenity-dev,.,11,10
post-refactor-20b,serenity-dev,.github,1,1
post-refactor-20b,serenity-dev,.github/workflows,4,0
post-refactor-20b,serenity-dev,cmd,0,1
post-refactor-20b,serenity-dev,cmd/serenity,6,0
post-refactor-20b,serenity-dev,common,0,3
post-refactor-20b,serenity-dev,common/cachefile,2,0
post-refactor-20b,serenity-dev,common/metadata,1,0
post-refactor-20b,serenity-dev,common/semver,1,0
post-refactor-20b,serenity-dev,constant,2,0
post-refactor-20b,serenity-dev,docs,6,3
post-refactor-20b,serenity-dev,docs/assets,1,0
post-refactor-20b,serenity-dev,docs/configuration,5,1
post-refactor-20b,serenity-dev,docs/configuration/shared,1,0
post-refactor-20b,serenity-dev,docs/installation,6,1
post-refactor-20b,serenity-dev,docs/installation/tools,4,0
post-refactor-20b,serenity-dev,option,3,0
post-refactor-20b,serenity-dev,release,0,2
post-refactor-20b,serenity-dev,release/config,3,0
post-refactor-20b,serenity-dev,release/local,7,0
post-refactor-20b,serenity-dev,server,3,0
post-refactor-20b,serenity-dev,subscription,3,1
post-refactor-20b,serenity-dev,subscription/parser,7,0
post-refactor-20b,serenity-dev,template,8,1
post-refactor-20b,serenity-dev,template/filter,6,0
post-refactor-20b,shadow-main,.,10,9
post-refactor-20b,shadow-main,.github,3,2
post-refactor-20b,shadow-main,.github/ISSUE_TEMPLATE,2,0
post-refactor-20b,shadow-main,.github/workflows,7,0
post-refactor-20b,shadow-main,ci,3,1
post-refactor-20b,shadow-main,ci/container_scripts,4,0
post-refactor-20b,shadow-main,cmake,6,0
post-refactor-20b,shadow-main,docs,39,1
post-refactor-20b,shadow-main,docs/assets,6,0
post-refactor-20b,shadow-main,examples,2,2
post-refactor-20b,shadow-main,examples/apps,1,7
post-refactor-20b,shadow-main,examples/apps/curl,4,0
post-refactor-20b,shadow-main,examples/apps/etcd,4,0
post-refactor-20b,shadow-main,examples/apps/http-server,4,0
post-refactor-20b,shadow-main,examples/apps/iperf-2,4,0
post-refactor-20b,shadow-main,examples/apps/jetty,4,0
post-refactor-20b,shadow-main,examples/apps/nginx,5,0
post-refactor-20b,shadow-main,examples/apps/wget2,4,0
post-refactor-20b,shadow-main,examples/docs,1,3
post-refactor-20b,shadow-main,examples/docs/basic-file-transfer,5,0
post-refactor-20b,shadow-main,examples/docs/tor,5,2
post-refactor-20b,shadow-main,examples/docs/tor/conf,12,0
post-refactor-20b,shadow-main,examples/docs/tor/shadow.data.template,0,1
post-refactor-20b,shadow-main,examples/docs/tor/shadow.data.template/hosts,0,9
post-refactor-20b,shadow-main,examples/docs/tor/shadow.data.template/hosts/4uthority,3,1
post-refactor-20b,shadow-main,examples/docs/tor/shadow.data.template/hosts/4uthority/keys,5,0
post-refactor-20b,shadow-main,examples/docs/tor/shadow.data.template/hosts/exit1,3,1
post-refactor-20b,shadow-main,examples/docs/tor/shadow.data.template/hosts/exit1/keys,3,0
post-refactor-20b,shadow-main,examples/docs/tor/shadow.data.template/hosts/exit2,3,1
post-refactor-20b,shadow-main,examples/docs/tor/shadow.data.template/hosts/exit2/keys,3,0
post-refactor-20b,shadow-main,examples/docs/tor/shadow.data.template/hosts/relay1,3,1
post-refactor-20b,shadow-main,examples/docs/tor/shadow.data.template/hosts/relay1/keys,3,0
post-refactor-20b,shadow-main,examples/docs/tor/shadow.data.template/hosts/relay2,3,1
post-refactor-20b,shadow-main,examples/docs/tor/shadow.data.template/hosts/relay2/keys,3,0
post-refactor-20b,shadow-main,examples/docs/tor/shadow.data.template/hosts/relay3,3,1
post-refactor-20b,shadow-main,examples/docs/tor/shadow.data.template/hosts/relay3/keys,7,0
post-refactor-20b,shadow-main,examples/docs/tor/shadow.data.template/hosts/relay4,3,1
post-refactor-20b,shadow-main,examples/docs/tor/shadow.data.template/hosts/relay4/keys,7,0
post-refactor-20b,shadow-main,examples/docs/tor/shadow.data.template/hosts/torclient,2,0
post-refactor-20b,shadow-main,examples/docs/tor/shadow.data.template/hosts/torflowauthority,1,0
post-refactor-20b,shadow-main,examples/docs/traffic-generation,7,0
post-refactor-20b,shadow-main,mdbook,2,0
post-refactor-20b,shadow-main,resource,2,0
post-refactor-20b,shadow-main,shadowtools,4,2
post-refactor-20b,shadow-main,shadowtools/src,0,1
post-refactor-20b,shadow-main,shadowtools/src/shadowtools,4,0
post-refactor-20b,shadow-main,shadowtools/tests,2,0
post-refactor-20b,shadow-main,src,3,3
post-refactor-20b,shadow-main,src/lib,1,21
post-refactor-20b,shadow-main,src/lib/asm-util,6,1
post-refactor-20b,shadow-main,src/lib/asm-util/src,3,0
post-refactor-20b,shadow-main,src/lib/formatting-nostd,2,1
post-refactor-20b,shadow-main,src/lib/formatting-nostd/src,5,0
post-refactor-20b,shadow-main,src/lib/gml-parser,1,1
post-refactor-20b,shadow-main,src/lib/gml-parser/src,3,0
post-refactor-20b,shadow-main,src/lib/linux-api,8,1
post-refactor-20b,shadow-main,src/lib/linux-api/src,36,0
post-refactor-20b,shadow-main,src/lib/log-c2rust,4,1
post-refactor-20b,shadow-main,src/lib/log-c2rust/src,1,0
post-refactor-20b,shadow-main,src/lib/logger,6,1
post-refactor-20b,shadow-main,src/lib/logger/src,1,0
post-refactor-20b,shadow-main,src/lib/pod,1,1
post-refactor-20b,shadow-main,src/lib/pod/src,1,0
post-refactor-20b,shadow-main,src/lib/preload-injector,2,0
post-refactor-20b,shadow-main,src/lib/preload-libc,6,0
post-refactor-20b,shadow-main,src/lib/preload-openssl,3,0
post-refactor-20b,shadow-main,src/lib/scheduler,1,1
post-refactor-20b,shadow-main,src/lib/scheduler/src,4,2
post-refactor-20b,shadow-main,src/lib/scheduler/src/pools,3,0
post-refactor-20b,shadow-main,src/lib/scheduler/src/sync,4,0
post-refactor-20b,shadow-main,src/lib/shadow-build-common,1,1
post-refactor-20b,shadow-main,src/lib/shadow-build-common/src,1,0
post-refactor-20b,shadow-main,src/lib/shadow-build-info,2,1
post-refactor-20b,shadow-main,src/lib/shadow-build-info/src,1,0
post-refactor-20b,shadow-main,src/lib/shadow-shim-helper-rs,3,1
post-refactor-20b,shadow-main,src/lib/shadow-shim-helper-rs/src,11,2
post-refactor-20b,shadow-main,src/lib/shadow-shim-helper-rs/src/rootedcell,4,0
post-refactor-20b,shadow-main,src/lib/shadow-shim-helper-rs/src/util,2,0
post-refactor-20b,shadow-main,src/lib/shim,20,1
post-refactor-20b,shadow-main,src/lib/shim/src,9,0
post-refactor-20b,shadow-main,src/lib/shmem,1,1
post-refactor-20b,shadow-main,src/lib/shmem/src,5,0
post-refactor-20b,shadow-main,src/lib/std-util,1,1
post-refactor-20b,shadow-main,src/lib/std-util/src,2,0
post-refactor-20b,shadow-main,src/lib/tcp,1,2
post-refactor-20b,shadow-main,src/lib/tcp/notes,4,1
post-refactor-20b,shadow-main,src/lib/tcp/notes/scripts,1,0
post-refactor-20b,shadow-main,src/lib/tcp/src,6,2
post-refactor-20b,shadow-main,src/lib/tcp/src/tests,4,1
post-refactor-20b,shadow-main,src/lib/tcp/src/tests/util,2,0
post-refactor-20b,shadow-main,src/lib/tcp/src/util,2,0
post-refactor-20b,shadow-main,src/lib/vasi,1,1
post-refactor-20b,shadow-main,src/lib/vasi-macro,1,1
post-refactor-20b,shadow-main,src/lib/vasi-macro/src,1,0
post-refactor-20b,shadow-main,src/lib/vasi-sync,1,3
post-refactor-20b,shadow-main,src/lib/vasi-sync/benches,2,0
post-refactor-20b,shadow-main,src/lib/vasi-sync/src,6,0
post-refactor-20b,shadow-main,src/lib/vasi-sync/tests,4,1
post-refactor-20b,shadow-main,src/lib/vasi-sync/tests/sync,1,0
post-refactor-20b,shadow-main,src/lib/vasi/src,1,0
post-refactor-20b,shadow-main,src/main,6,4
post-refactor-20b,shadow-main,src/main/core,14,2
post-refactor-20b,shadow-main,src/main/core/logger,2,0
post-refactor-20b,shadow-main,src/main/core/work,4,0
post-refactor-20b,shadow-main,src/main/host,16,4
post-refactor-20b,shadow-main,src/main/host/descriptor,24,2
post-refactor-20b,shadow-main,src/main/host/descriptor/epoll,3,0
post-refactor-20b,shadow-main,src/main/host/descriptor/socket,4,1
post-refactor-20b,shadow-main,src/main/host/descriptor/socket/inet,4,0
post-refactor-20b,shadow-main,src/main/host/memory_manager,3,0
post-refactor-20b,shadow-main,src/main/host/network,4,0
post-refactor-20b,shadow-main,src/main/host/syscall,11,1
post-refactor-20b,shadow-main,src/main/host/syscall/handler,43,0
post-refactor-20b,shadow-main,src/main/network,4,3
post-refactor-20b,shadow-main,src/main/network/graph,2,0
post-refactor-20b,shadow-main,src/main/network/relay,2,0
post-refactor-20b,shadow-main,src/main/network/router,2,0
post-refactor-20b,shadow-main,src/main/utility,27,0
post-refactor-20b,shadow-main,src/test,11,49
post-refactor-20b,shadow-main,src/test/bindc,3,0
post-refactor-20b,shadow-main,src/test/capabilities,5,0
post-refactor-20b,shadow-main,src/test/cli,3,0
post-refactor-20b,shadow-main,src/test/clone,7,0
post-refactor-20b,shadow-main,src/test/close_range,3,0
post-refactor-20b,shadow-main,src/test/compressed-graph,3,0
post-refactor-20b,shadow-main,src/test/config,1,4
post-refactor-20b,shadow-main,src/test/config/expected_final_process_state,10,0
post-refactor-20b,shadow-main,src/test/config/parsing,3,0
post-refactor-20b,shadow-main,src/test/config/read_from_stdin,3,0
post-refactor-20b,shadow-main,src/test/config/shutdown,5,0
post-refactor-20b,shadow-main,src/test/cpp,3,0
post-refactor-20b,shadow-main,src/test/determinism,7,0
post-refactor-20b,shadow-main,src/test/dup,3,0
post-refactor-20b,shadow-main,src/test/environment,3,0
post-refactor-20b,shadow-main,src/test/epoll,9,0
post-refactor-20b,shadow-main,src/test/eventfd,3,0
post-refactor-20b,shadow-main,src/test/examples,1,1
post-refactor-20b,shadow-main,src/test/examples/bash,2,0
post-refactor-20b,shadow-main,src/test/exit,7,0
post-refactor-20b,shadow-main,src/test/file,3,0
post-refactor-20b,shadow-main,src/test/futex,3,0
post-refactor-20b,shadow-main,src/test/golang,16,0
post-refactor-20b,shadow-main,src/test/ifaddrs,3,0
post-refactor-20b,shadow-main,src/test/legacy,10,0
post-refactor-20b,shadow-main,src/test/memory,5,0
post-refactor-20b,shadow-main,src/test/netlink,9,1
post-refactor-20b,shadow-main,src/test/netlink/socket,1,1
post-refactor-20b,shadow-main,src/test/netlink/socket/bind,3,0
post-refactor-20b,shadow-main,src/test/phold,7,0
post-refactor-20b,shadow-main,src/test/pipe,3,0
post-refactor-20b,shadow-main,src/test/poll,3,0
post-refactor-20b,shadow-main,src/test/prctl,3,0
post-refactor-20b,shadow-main,src/test/random,3,0
post-refactor-20b,shadow-main,src/test/regression,14,4
post-refactor-20b,shadow-main,src/test/regression/2210,2,0
post-refactor-20b,shadow-main,src/test/regression/3100,3,0
post-refactor-20b,shadow-main,src/test/regression/3148,2,0
post-refactor-20b,shadow-main,src/test/regression/3650,2,0
post-refactor-20b,shadow-main,src/test/resolver,3,0
post-refactor-20b,shadow-main,src/test/resource,3,0
post-refactor-20b,shadow-main,src/test/sched,3,0
post-refactor-20b,shadow-main,src/test/sched_affinity,3,0
post-refactor-20b,shadow-main,src/test/select,3,0
post-refactor-20b,shadow-main,src/test/signal,6,0
post-refactor-20b,shadow-main,src/test/sleep,3,0
post-refactor-20b,shadow-main,src/test/sockbuf,3,0
post-refactor-20b,shadow-main,src/test/socket,1,12
post-refactor-20b,shadow-main,src/test/socket/accept,3,0
post-refactor-20b,shadow-main,src/test/socket/bind,5,0
post-refactor-20b,shadow-main,src/test/socket/connect,3,0
post-refactor-20b,shadow-main,src/test/socket/getpeername,3,0
post-refactor-20b,shadow-main,src/test/socket/getsockname,3,0
post-refactor-20b,shadow-main,src/test/socket/ioctl,3,0
post-refactor-20b,shadow-main,src/test/socket/listen,3,0
post-refactor-20b,shadow-main,src/test/socket/send_recv,3,0
post-refactor-20b,shadow-main,src/test/socket/shutdown,3,0
post-refactor-20b,shadow-main,src/test/socket/socket,3,0
post-refactor-20b,shadow-main,src/test/socket/socketpair,3,0
post-refactor-20b,shadow-main,src/test/socket/sockopt,3,0
post-refactor-20b,shadow-main,src/test/stat,3,0
post-refactor-20b,shadow-main,src/test/static-bin,3,0
post-refactor-20b,shadow-main,src/test/stdio,3,0
post-refactor-20b,shadow-main,src/test/sysinfo,3,0
post-refactor-20b,shadow-main,src/test/tcp,17,0
post-refactor-20b,shadow-main,src/test/tgen,2,2
post-refactor-20b,shadow-main,src/test/tgen/fixed_duration,12,0
post-refactor-20b,shadow-main,src/test/tgen/fixed_size,14,0
post-refactor-20b,shadow-main,src/test/threads,7,0
post-refactor-20b,shadow-main,src/test/time,2,6
post-refactor-20b,shadow-main,src/test/time/clock_getres,3,0
post-refactor-20b,shadow-main,src/test/time/clock_gettime,3,0
post-refactor-20b,shadow-main,src/test/time/clock_nanosleep,3,0
post-refactor-20b,shadow-main,src/test/time/itimer,5,0
post-refactor-20b,shadow-main,src/test/time/nanosleep,3,0
post-refactor-20b,shadow-main,src/test/time/time,3,0
post-refactor-20b,shadow-main,src/test/timerfd,3,0
post-refactor-20b,shadow-main,src/test/tor,1,1
post-refactor-20b,shadow-main,src/test/tor/minimal,4,2
post-refactor-20b,shadow-main,src/test/tor/minimal/conf,15,0
post-refactor-20b,shadow-main,src/test/tor/minimal/shadow.data.template,0,1
post-refactor-20b,shadow-main,src/test/tor/minimal/shadow.data.template/hosts,0,14
post-refactor-20b,shadow-main,src/test/tor/minimal/shadow.data.template/hosts/4uthority,3,1
post-refactor-20b,shadow-main,src/test/tor/minimal/shadow.data.template/hosts/4uthority/keys,5,0
post-refactor-20b,shadow-main,src/test/tor/minimal/shadow.data.template/hosts/exit1,3,1
post-refactor-20b,shadow-main,src/test/tor/minimal/shadow.data.template/hosts/exit1/keys,3,0
post-refactor-20b,shadow-main,src/test/tor/minimal/shadow.data.template/hosts/exit2,3,1
post-refactor-20b,shadow-main,src/test/tor/minimal/shadow.data.template/hosts/exit2/keys,3,0
post-refactor-20b,shadow-main,src/test/tor/minimal/shadow.data.template/hosts/hiddenserver,2,1
post-refactor-20b,shadow-main,src/test/tor/minimal/shadow.data.template/hosts/hiddenserver/hs,3,0
post-refactor-20b,shadow-main,src/test/tor/minimal/shadow.data.template/hosts/ptbridge,4,2
post-refactor-20b,shadow-main,src/test/tor/minimal/shadow.data.template/hosts/ptbridge/keys,7,0
post-refactor-20b,shadow-main,src/test/tor/minimal/shadow.data.template/hosts/ptbridge/pt_state,2,0
post-refactor-20b,shadow-main,src/test/tor/minimal/shadow.data.template/hosts/relay1,3,1
post-refactor-20b,shadow-main,src/test/tor/minimal/shadow.data.template/hosts/relay1/keys,3,0
post-refactor-20b,shadow-main,src/test/tor/minimal/shadow.data.template/hosts/relay2,3,1
post-refactor-20b,shadow-main,src/test/tor/minimal/shadow.data.template/hosts/relay2/keys,3,0
post-refactor-20b,shadow-main,src/test/tor/minimal/shadow.data.template/hosts/relay3,3,1
post-refactor-20b,shadow-main,src/test/tor/minimal/shadow.data.template/hosts/relay3/keys,7,0
post-refactor-20b,shadow-main,src/test/tor/minimal/shadow.data.template/hosts/relay4,3,1
post-refactor-20b,shadow-main,src/test/tor/minimal/shadow.data.template/hosts/relay4/keys,7,0
post-refactor-20b,shadow-main,src/test/tor/minimal/shadow.data.template/hosts/torbridgeclient,2,0
post-refactor-20b,shadow-main,src/test/tor/minimal/shadow.data.template/hosts/torclient,2,0
post-refactor-20b,shadow-main,src/test/tor/minimal/shadow.data.template/hosts/torflowauthority,1,0
post-refactor-20b,shadow-main,src/test/tor/minimal/shadow.data.template/hosts/torhiddenclient,2,0
post-refactor-20b,shadow-main,src/test/tor/minimal/shadow.data.template/hosts/torptbridgeclient,2,0
post-refactor-20b,shadow-main,src/test/udp,5,0
post-refactor-20b,shadow-main,src/test/unistd,3,0
post-refactor-20b,shadowsocks-libev-master,.,13,16
post-refactor-20b,shadowsocks-libev-master,.copr,1,0
post-refactor-20b,shadowsocks-libev-master,.github,3,1
post-refactor-20b,shadowsocks-libev-master,.github/workflows,1,0
post-refactor-20b,shadowsocks-libev-master,acl,5,0
post-refactor-20b,shadowsocks-libev-master,cmake,7,0
post-refactor-20b,shadowsocks-libev-master,completions,0,2
post-refactor-20b,shadowsocks-libev-master,completions/bash,5,0
post-refactor-20b,shadowsocks-libev-master,completions/zsh,5,0
post-refactor-20b,shadowsocks-libev-master,debian,26,3
post-refactor-20b,shadowsocks-libev-master,debian/source,1,0
post-refactor-20b,shadowsocks-libev-master,debian/tests,1,0
post-refactor-20b,shadowsocks-libev-master,debian/upstream,1,0
post-refactor-20b,shadowsocks-libev-master,doc,12,0
post-refactor-20b,shadowsocks-libev-master,docker,0,3
post-refactor-20b,shadowsocks-libev-master,docker/alpine,4,0
post-refactor-20b,shadowsocks-libev-master,docker/build,2,0
post-refactor-20b,shadowsocks-libev-master,docker/mingw,7,0
post-refactor-20b,shadowsocks-libev-master,libbloom,0,0
post-refactor-20b,shadowsocks-libev-master,libcork,0,0
post-refactor-20b,shadowsocks-libev-master,libipset,0,0
post-refactor-20b,shadowsocks-libev-master,rpm,1,2
post-refactor-20b,shadowsocks-libev-master,rpm/SOURCES,0,2
post-refactor-20b,shadowsocks-libev-master,rpm/SOURCES/etc,0,1
post-refactor-20b,shadowsocks-libev-master,rpm/SOURCES/etc/init.d,1,0
post-refactor-20b,shadowsocks-libev-master,rpm/SOURCES/systemd,7,0
post-refactor-20b,shadowsocks-libev-master,rpm/SPECS,1,0
post-refactor-20b,shadowsocks-libev-master,scripts,8,0
post-refactor-20b,shadowsocks-libev-master,snap,1,0
post-refactor-20b,shadowsocks-libev-master,src,49,0
post-refactor-20b,shadowsocks-libev-master,tests,26,1
post-refactor-20b,shadowsocks-libev-master,tests/qemu,1,0
post-refactor-20b,simple-obfs-android-master,.,7,3
post-refactor-20b,simple-obfs-android-master,.github,0,1
post-refactor-20b,simple-obfs-android-master,.github/ISSUE_TEMPLATE,3,0
post-refactor-20b,simple-obfs-android-master,project,2,0
post-refactor-20b,simple-obfs-android-master,src,0,1
post-refactor-20b,simple-obfs-android-master,src/main,2,3
post-refactor-20b,simple-obfs-android-master,src/main/jni,3,4
post-refactor-20b,simple-obfs-android-master,src/main/jni/include,0,2
post-refactor-20b,simple-obfs-android-master,src/main/jni/include/libev,1,0
post-refactor-20b,simple-obfs-android-master,src/main/jni/include/simple-obfs,1,0
post-refactor-20b,simple-obfs-android-master,src/main/jni/libancillary,0,0
post-refactor-20b,simple-obfs-android-master,src/main/jni/libev,0,0
post-refactor-20b,simple-obfs-android-master,src/main/jni/simple-obfs,0,0
post-refactor-20b,simple-obfs-android-master,src/main/res,0,10
post-refactor-20b,simple-obfs-android-master,src/main/res/drawable,2,0
post-refactor-20b,simple-obfs-android-master,src/main/res/layout,1,0
post-refactor-20b,simple-obfs-android-master,src/main/res/menu,1,0
post-refactor-20b,simple-obfs-android-master,src/main/res/mipmap-hdpi,1,0
post-refactor-20b,simple-obfs-android-master,src/main/res/mipmap-mdpi,1,0
post-refactor-20b,simple-obfs-android-master,src/main/res/mipmap-xhdpi,1,0
post-refactor-20b,simple-obfs-android-master,src/main/res/mipmap-xxhdpi,1,0
post-refactor-20b,simple-obfs-android-master,src/main/res/mipmap-xxxhdpi,1,0
post-refactor-20b,simple-obfs-android-master,src/main/res/values,2,0
post-refactor-20b,simple-obfs-android-master,src/main/res/xml,1,0
post-refactor-20b,simple-obfs-android-master,src/main/scala,0,1
post-refactor-20b,simple-obfs-android-master,src/main/scala/com,0,1
post-refactor-20b,simple-obfs-android-master,src/main/scala/com/github,0,1
post-refactor-20b,simple-obfs-android-master,src/main/scala/com/github/shadowsocks,0,1
post-refactor-20b,simple-obfs-android-master,src/main/scala/com/github/shadowsocks/plugin,0,1
post-refactor-20b,simple-obfs-android-master,src/main/scala/com/github/shadowsocks/plugin/obfs_local,3,0
post-refactor-20b,sing-box-dashboard-main,.,12,5
post-refactor-20b,sing-box-dashboard-main,.github,0,1
post-refactor-20b,sing-box-dashboard-main,.github/workflows,2,0
post-refactor-20b,sing-box-dashboard-main,public,1,0
post-refactor-20b,sing-box-dashboard-main,scripts,2,0
post-refactor-20b,sing-box-dashboard-main,src,3,6
post-refactor-20b,sing-box-dashboard-main,src/api,7,0
post-refactor-20b,sing-box-dashboard-main,src/app,8,0
post-refactor-20b,sing-box-dashboard-main,src/components,6,0
post-refactor-20b,sing-box-dashboard-main,src/lib,12,0
post-refactor-20b,sing-box-dashboard-main,src/styles,1,0
post-refactor-20b,sing-box-dashboard-main,src/views,11,0
post-refactor-20b,sing-box-dashboard-main,vendor,0,2
post-refactor-20b,sing-box-dashboard-main,vendor/iterm2-color-schemes,0,0
post-refactor-20b,sing-box-dashboard-main,vendor/sing-box,0,0
post-refactor-20b,sing-box-dev-next,.,18,19
post-refactor-20b,sing-box-dev-next,.github,8,2
post-refactor-20b,sing-box-dev-next,.github/ISSUE_TEMPLATE,2,0
post-refactor-20b,sing-box-dev-next,.github/workflows,5,0
post-refactor-20b,sing-box-dev-next,adapter,23,4
post-refactor-20b,sing-box-dev-next,adapter/endpoint,3,0
post-refactor-20b,sing-box-dev-next,adapter/inbound,3,0
post-refactor-20b,sing-box-dev-next,adapter/outbound,3,0
post-refactor-20b,sing-box-dev-next,adapter/service,3,0
post-refactor-20b,sing-box-dev-next,clients,0,2
post-refactor-20b,sing-box-dev-next,clients/android,0,0
post-refactor-20b,sing-box-dev-next,clients/apple,0,0
post-refactor-20b,sing-box-dev-next,cmd,0,2
post-refactor-20b,sing-box-dev-next,cmd/internal,0,11
post-refactor-20b,sing-box-dev-next,cmd/internal/app_store_connect,1,0
post-refactor-20b,sing-box-dev-next,cmd/internal/build,1,0
post-refactor-20b,sing-box-dev-next,cmd/internal/build_libbox,1,0
post-refactor-20b,sing-box-dev-next,cmd/internal/build_shared,2,0
post-refactor-20b,sing-box-dev-next,cmd/internal/format_docs,1,0
post-refactor-20b,sing-box-dev-next,cmd/internal/protogen,1,0
post-refactor-20b,sing-box-dev-next,cmd/internal/read_tag,1,0
post-refactor-20b,sing-box-dev-next,cmd/internal/tun_bench,1,0
post-refactor-20b,sing-box-dev-next,cmd/internal/update_android_version,1,0
post-refactor-20b,sing-box-dev-next,cmd/internal/update_apple_version,1,0
post-refactor-20b,sing-box-dev-next,cmd/internal/update_certificates,1,0
post-refactor-20b,sing-box-dev-next,cmd/sing-box,36,0
post-refactor-20b,sing-box-dev-next,common,0,25
post-refactor-20b,sing-box-dev-next,common/badtls,6,0
post-refactor-20b,sing-box-dev-next,common/badversion,3,0
post-refactor-20b,sing-box-dev-next,common/certificate,3,0
post-refactor-20b,sing-box-dev-next,common/compatible,1,0
post-refactor-20b,sing-box-dev-next,common/conntrack,6,0
post-refactor-20b,sing-box-dev-next,common/convertor,0,1
post-refactor-20b,sing-box-dev-next,common/convertor/adguard,2,0
post-refactor-20b,sing-box-dev-next,common/dialer,9,0
post-refactor-20b,sing-box-dev-next,common/geoip,1,0
post-refactor-20b,sing-box-dev-next,common/geosite,4,0
post-refactor-20b,sing-box-dev-next,common/interrupt,3,0
post-refactor-20b,sing-box-dev-next,common/ja3,5,0
post-refactor-20b,sing-box-dev-next,common/ktls,15,0
post-refactor-20b,sing-box-dev-next,common/listener,3,0
post-refactor-20b,sing-box-dev-next,common/mux,2,0
post-refactor-20b,sing-box-dev-next,common/pipelistener,1,0
post-refactor-20b,sing-box-dev-next,common/process,7,0
post-refactor-20b,sing-box-dev-next,common/redir,5,0
post-refactor-20b,sing-box-dev-next,common/settings,14,0
post-refactor-20b,sing-box-dev-next,common/sniff,22,1
post-refactor-20b,sing-box-dev-next,common/sniff/internal,0,1
post-refactor-20b,sing-box-dev-next,common/sniff/internal/qtls,1,0
post-refactor-20b,sing-box-dev-next,common/srs,3,0
post-refactor-20b,sing-box-dev-next,common/taskmonitor,1,0
post-refactor-20b,sing-box-dev-next,common/tls,20,0
post-refactor-20b,sing-box-dev-next,common/tlsfragment,8,0
post-refactor-20b,sing-box-dev-next,common/uot,1,0
post-refactor-20b,sing-box-dev-next,common/urltest,1,0
post-refactor-20b,sing-box-dev-next,constant,21,1
post-refactor-20b,sing-box-dev-next,constant/goos,18,0
post-refactor-20b,sing-box-dev-next,daemon,7,0
post-refactor-20b,sing-box-dev-next,dns,10,1
post-refactor-20b,sing-box-dev-next,dns/transport,7,5
post-refactor-20b,sing-box-dev-next,dns/transport/dhcp,2,0
post-refactor-20b,sing-box-dev-next,dns/transport/fakeip,3,0
post-refactor-20b,sing-box-dev-next,dns/transport/hosts,5,1
post-refactor-20b,sing-box-dev-next,dns/transport/hosts/testdata,1,0
post-refactor-20b,sing-box-dev-next,dns/transport/local,13,0
post-refactor-20b,sing-box-dev-next,dns/transport/quic,2,0
post-refactor-20b,sing-box-dev-next,docs,11,5
post-refactor-20b,sing-box-dev-next,docs/assets,1,0
post-refactor-20b,sing-box-dev-next,docs/clients,4,2
post-refactor-20b,sing-box-dev-next,docs/clients/android,2,0
post-refactor-20b,sing-box-dev-next,docs/clients/apple,2,0
post-refactor-20b,sing-box-dev-next,docs/configuration,2,12
post-refactor-20b,sing-box-dev-next,docs/configuration/certificate,2,0
post-refactor-20b,sing-box-dev-next,docs/configuration/dns,8,1
post-refactor-20b,sing-box-dev-next,docs/configuration/dns/server,28,0
post-refactor-20b,sing-box-dev-next,docs/configuration/endpoint,6,0
post-refactor-20b,sing-box-dev-next,docs/configuration/experimental,8,0
post-refactor-20b,sing-box-dev-next,docs/configuration/inbound,36,0
post-refactor-20b,sing-box-dev-next,docs/configuration/log,2,0
post-refactor-20b,sing-box-dev-next,docs/configuration/ntp,2,0
post-refactor-20b,sing-box-dev-next,docs/configuration/outbound,42,0
post-refactor-20b,sing-box-dev-next,docs/configuration/route,12,0
post-refactor-20b,sing-box-dev-next,docs/configuration/rule-set,8,0
post-refactor-20b,sing-box-dev-next,docs/configuration/service,12,0
post-refactor-20b,sing-box-dev-next,docs/configuration/shared,20,0
post-refactor-20b,sing-box-dev-next,docs/installation,6,1
post-refactor-20b,sing-box-dev-next,docs/installation/tools,5,0
post-refactor-20b,sing-box-dev-next,docs/manual,0,3
post-refactor-20b,sing-box-dev-next,docs/manual/misc,1,0
post-refactor-20b,sing-box-dev-next,docs/manual/proxy,2,0
post-refactor-20b,sing-box-dev-next,docs/manual/proxy-protocol,3,0
post-refactor-20b,sing-box-dev-next,experimental,2,6
post-refactor-20b,sing-box-dev-next,experimental/cachefile,3,0
post-refactor-20b,sing-box-dev-next,experimental/clashapi,19,1
post-refactor-20b,sing-box-dev-next,experimental/clashapi/trafficontrol,2,0
post-refactor-20b,sing-box-dev-next,experimental/deprecated,3,0
post-refactor-20b,sing-box-dev-next,experimental/libbox,30,1
post-refactor-20b,sing-box-dev-next,experimental/libbox/internal,0,1
post-refactor-20b,sing-box-dev-next,experimental/libbox/internal/procfs,1,0
post-refactor-20b,sing-box-dev-next,experimental/locale,2,0
post-refactor-20b,sing-box-dev-next,experimental/v2rayapi,5,0
post-refactor-20b,sing-box-dev-next,include,22,0
post-refactor-20b,sing-box-dev-next,log,10,0
post-refactor-20b,sing-box-dev-next,option,49,0
post-refactor-20b,sing-box-dev-next,protocol,0,23
post-refactor-20b,sing-box-dev-next,protocol/anytls,2,0
post-refactor-20b,sing-box-dev-next,protocol/block,1,0
post-refactor-20b,sing-box-dev-next,protocol/direct,3,0
post-refactor-20b,sing-box-dev-next,protocol/dns,2,0
post-refactor-20b,sing-box-dev-next,protocol/group,2,0
post-refactor-20b,sing-box-dev-next,protocol/http,2,0
post-refactor-20b,sing-box-dev-next,protocol/hysteria,2,0
post-refactor-20b,sing-box-dev-next,protocol/hysteria2,2,0
post-refactor-20b,sing-box-dev-next,protocol/mixed,1,0
post-refactor-20b,sing-box-dev-next,protocol/naive,3,1
post-refactor-20b,sing-box-dev-next,protocol/naive/quic,1,0
post-refactor-20b,sing-box-dev-next,protocol/redirect,2,0
post-refactor-20b,sing-box-dev-next,protocol/shadowsocks,4,0
post-refactor-20b,sing-box-dev-next,protocol/shadowtls,2,0
post-refactor-20b,sing-box-dev-next,protocol/socks,2,0
post-refactor-20b,sing-box-dev-next,protocol/ssh,1,0
post-refactor-20b,sing-box-dev-next,protocol/tailscale,6,0
post-refactor-20b,sing-box-dev-next,protocol/tor,2,0
post-refactor-20b,sing-box-dev-next,protocol/trojan,2,0
post-refactor-20b,sing-box-dev-next,protocol/tuic,2,0
post-refactor-20b,sing-box-dev-next,protocol/tun,2,0
post-refactor-20b,sing-box-dev-next,protocol/vless,2,0
post-refactor-20b,sing-box-dev-next,protocol/vmess,2,0
post-refactor-20b,sing-box-dev-next,protocol/wireguard,2,0
post-refactor-20b,sing-box-dev-next,release,0,3
post-refactor-20b,sing-box-dev-next,release/completions,3,0
post-refactor-20b,sing-box-dev-next,release/config,12,0
post-refactor-20b,sing-box-dev-next,release/local,9,0
post-refactor-20b,sing-box-dev-next,route,7,1
post-refactor-20b,sing-box-dev-next,route/rule,42,0
post-refactor-20b,sing-box-dev-next,service,0,5
post-refactor-20b,sing-box-dev-next,service/ccm,6,0
post-refactor-20b,sing-box-dev-next,service/derp,1,0
post-refactor-20b,sing-box-dev-next,service/ocm,6,0
post-refactor-20b,sing-box-dev-next,service/resolved,4,0
post-refactor-20b,sing-box-dev-next,service/ssmapi,5,0
post-refactor-20b,sing-box-dev-next,test,37,1
post-refactor-20b,sing-box-dev-next,test/config,23,0
post-refactor-20b,sing-box-dev-next,transport,0,11
post-refactor-20b,sing-box-dev-next,transport/simple-obfs,3,0
post-refactor-20b,sing-box-dev-next,transport/sip003,4,0
post-refactor-20b,sing-box-dev-next,transport/trojan,5,0
post-refactor-20b,sing-box-dev-next,transport/v2ray,4,0
post-refactor-20b,sing-box-dev-next,transport/v2raygrpc,8,1
post-refactor-20b,sing-box-dev-next,transport/v2raygrpc/credentials,4,0
post-refactor-20b,sing-box-dev-next,transport/v2raygrpclite,3,0
post-refactor-20b,sing-box-dev-next,transport/v2rayhttp,5,0
post-refactor-20b,sing-box-dev-next,transport/v2rayhttpupgrade,2,0
post-refactor-20b,sing-box-dev-next,transport/v2rayquic,4,0
post-refactor-20b,sing-box-dev-next,transport/v2raywebsocket,4,0
post-refactor-20b,sing-box-dev-next,transport/wireguard,10,0
post-refactor-20b,sing-box-extended-extended,.,22,22
post-refactor-20b,sing-box-extended-extended,.github,14,2
post-refactor-20b,sing-box-extended-extended,.github/ISSUE_TEMPLATE,2,0
post-refactor-20b,sing-box-extended-extended,.github/workflows,5,0
post-refactor-20b,sing-box-extended-extended,adapter,24,5
post-refactor-20b,sing-box-extended-extended,adapter/endpoint,3,0
post-refactor-20b,sing-box-extended-extended,adapter/inbound,3,0
post-refactor-20b,sing-box-extended-extended,adapter/outbound,3,0
post-refactor-20b,sing-box-extended-extended,adapter/provider,4,0
post-refactor-20b,sing-box-extended-extended,adapter/service,3,0
post-refactor-20b,sing-box-extended-extended,clients,0,2
post-refactor-20b,sing-box-extended-extended,clients/android,0,0
post-refactor-20b,sing-box-extended-extended,clients/apple,0,0
post-refactor-20b,sing-box-extended-extended,cmd,0,2
post-refactor-20b,sing-box-extended-extended,cmd/internal,0,12
post-refactor-20b,sing-box-extended-extended,cmd/internal/admin_panel_pack,1,0
post-refactor-20b,sing-box-extended-extended,cmd/internal/app_store_connect,1,0
post-refactor-20b,sing-box-extended-extended,cmd/internal/build,1,0
post-refactor-20b,sing-box-extended-extended,cmd/internal/build_libbox,1,0
post-refactor-20b,sing-box-extended-extended,cmd/internal/build_shared,2,0
post-refactor-20b,sing-box-extended-extended,cmd/internal/format_docs,1,0
post-refactor-20b,sing-box-extended-extended,cmd/internal/protogen,1,0
post-refactor-20b,sing-box-extended-extended,cmd/internal/read_tag,1,0
post-refactor-20b,sing-box-extended-extended,cmd/internal/tun_bench,1,0
post-refactor-20b,sing-box-extended-extended,cmd/internal/update_android_version,1,0
post-refactor-20b,sing-box-extended-extended,cmd/internal/update_apple_version,1,0
post-refactor-20b,sing-box-extended-extended,cmd/internal/update_certificates,1,0
post-refactor-20b,sing-box-extended-extended,cmd/sing-box,36,0
post-refactor-20b,sing-box-extended-extended,common,1,30
post-refactor-20b,sing-box-extended-extended,common/badtls,6,0
post-refactor-20b,sing-box-extended-extended,common/badversion,3,0
post-refactor-20b,sing-box-extended-extended,common/certificate,3,0
post-refactor-20b,sing-box-extended-extended,common/cloudflare,5,0
post-refactor-20b,sing-box-extended-extended,common/compatible,1,0
post-refactor-20b,sing-box-extended-extended,common/convertor,0,1
post-refactor-20b,sing-box-extended-extended,common/convertor/adguard,2,0
post-refactor-20b,sing-box-extended-extended,common/dialer,9,0
post-refactor-20b,sing-box-extended-extended,common/geoip,1,0
post-refactor-20b,sing-box-extended-extended,common/geosite,5,0
post-refactor-20b,sing-box-extended-extended,common/interrupt,3,0
post-refactor-20b,sing-box-extended-extended,common/ja3,5,0
post-refactor-20b,sing-box-extended-extended,common/kmutex,2,0
post-refactor-20b,sing-box-extended-extended,common/ktls,15,0
post-refactor-20b,sing-box-extended-extended,common/listener,3,0
post-refactor-20b,sing-box-extended-extended,common/migrate,0,1
post-refactor-20b,sing-box-extended-extended,common/migrate/source,1,0
post-refactor-20b,sing-box-extended-extended,common/mux,2,0
post-refactor-20b,sing-box-extended-extended,common/onclose,1,0
post-refactor-20b,sing-box-extended-extended,common/pipelistener,1,0
post-refactor-20b,sing-box-extended-extended,common/process,9,0
post-refactor-20b,sing-box-extended-extended,common/redir,5,0
post-refactor-20b,sing-box-extended-extended,common/settings,14,0
post-refactor-20b,sing-box-extended-extended,common/sniff,22,1
post-refactor-20b,sing-box-extended-extended,common/sniff/internal,0,1
post-refactor-20b,sing-box-extended-extended,common/sniff/internal/qtls,1,0
post-refactor-20b,sing-box-extended-extended,common/srs,4,0
post-refactor-20b,sing-box-extended-extended,common/taskmonitor,1,0
post-refactor-20b,sing-box-extended-extended,common/tls,22,0
post-refactor-20b,sing-box-extended-extended,common/tlsfragment,8,0
post-refactor-20b,sing-box-extended-extended,common/uot,1,0
post-refactor-20b,sing-box-extended-extended,common/urltest,2,0
post-refactor-20b,sing-box-extended-extended,common/vision,1,0
post-refactor-20b,sing-box-extended-extended,common/xray,2,15
post-refactor-20b,sing-box-extended-extended,common/xray/buf,7,0
post-refactor-20b,sing-box-extended-extended,common/xray/bytespool,1,0
post-refactor-20b,sing-box-extended-extended,common/xray/cpuid,1,0
post-refactor-20b,sing-box-extended-extended,common/xray/crypto,1,0
post-refactor-20b,sing-box-extended-extended,common/xray/errors,1,0
post-refactor-20b,sing-box-extended-extended,common/xray/json,0,1
post-refactor-20b,sing-box-extended-extended,common/xray/json/badoption,1,0
post-refactor-20b,sing-box-extended-extended,common/xray/net,6,0
post-refactor-20b,sing-box-extended-extended,common/xray/pipe,4,0
post-refactor-20b,sing-box-extended-extended,common/xray/serial,2,0
post-refactor-20b,sing-box-extended-extended,common/xray/signal,2,3
post-refactor-20b,sing-box-extended-extended,common/xray/signal/done,1,0
post-refactor-20b,sing-box-extended-extended,common/xray/signal/pubsub,1,0
post-refactor-20b,sing-box-extended-extended,common/xray/signal/semaphore,1,0
post-refactor-20b,sing-box-extended-extended,common/xray/stat,1,0
post-refactor-20b,sing-box-extended-extended,common/xray/stats,1,0
post-refactor-20b,sing-box-extended-extended,common/xray/task,3,0
post-refactor-20b,sing-box-extended-extended,common/xray/utils,2,0
post-refactor-20b,sing-box-extended-extended,common/xray/uuid,1,0
post-refactor-20b,sing-box-extended-extended,constant,24,1
post-refactor-20b,sing-box-extended-extended,constant/goos,18,0
post-refactor-20b,sing-box-extended-extended,daemon,7,0
post-refactor-20b,sing-box-extended-extended,dns,10,1
post-refactor-20b,sing-box-extended-extended,dns/transport,7,6
post-refactor-20b,sing-box-extended-extended,dns/transport/dhcp,2,0
post-refactor-20b,sing-box-extended-extended,dns/transport/fakeip,3,0
post-refactor-20b,sing-box-extended-extended,dns/transport/fallback,2,0
post-refactor-20b,sing-box-extended-extended,dns/transport/hosts,5,1
post-refactor-20b,sing-box-extended-extended,dns/transport/hosts/testdata,1,0
post-refactor-20b,sing-box-extended-extended,dns/transport/local,13,0
post-refactor-20b,sing-box-extended-extended,dns/transport/quic,2,0
post-refactor-20b,sing-box-extended-extended,docs,11,5
post-refactor-20b,sing-box-extended-extended,docs/assets,1,0
post-refactor-20b,sing-box-extended-extended,docs/clients,4,2
post-refactor-20b,sing-box-extended-extended,docs/clients/android,2,0
post-refactor-20b,sing-box-extended-extended,docs/clients/apple,2,0
post-refactor-20b,sing-box-extended-extended,docs/configuration,2,12
post-refactor-20b,sing-box-extended-extended,docs/configuration/certificate,2,0
post-refactor-20b,sing-box-extended-extended,docs/configuration/dns,8,1
post-refactor-20b,sing-box-extended-extended,docs/configuration/dns/server,28,0
post-refactor-20b,sing-box-extended-extended,docs/configuration/endpoint,6,0
post-refactor-20b,sing-box-extended-extended,docs/configuration/experimental,8,0
post-refactor-20b,sing-box-extended-extended,docs/configuration/inbound,38,0
post-refactor-20b,sing-box-extended-extended,docs/configuration/log,2,0
post-refactor-20b,sing-box-extended-extended,docs/configuration/ntp,2,0
post-refactor-20b,sing-box-extended-extended,docs/configuration/outbound,44,0
post-refactor-20b,sing-box-extended-extended,docs/configuration/route,12,0
post-refactor-20b,sing-box-extended-extended,docs/configuration/rule-set,8,0
post-refactor-20b,sing-box-extended-extended,docs/configuration/service,12,0
post-refactor-20b,sing-box-extended-extended,docs/configuration/shared,20,0
post-refactor-20b,sing-box-extended-extended,docs/installation,6,1
post-refactor-20b,sing-box-extended-extended,docs/installation/tools,5,0
post-refactor-20b,sing-box-extended-extended,docs/manual,0,3
post-refactor-20b,sing-box-extended-extended,docs/manual/misc,1,0
post-refactor-20b,sing-box-extended-extended,docs/manual/proxy,2,0
post-refactor-20b,sing-box-extended-extended,docs/manual/proxy-protocol,3,0
post-refactor-20b,sing-box-extended-extended,examples,0,24
post-refactor-20b,sing-box-extended-extended,examples/admin_panel-manager-node,3,1
post-refactor-20b,sing-box-extended-extended,examples/admin_panel-manager-node/screens,0,2
post-refactor-20b,sing-box-extended-extended,examples/admin_panel-manager-node/screens/desktop,9,0
post-refactor-20b,sing-box-extended-extended,examples/admin_panel-manager-node/screens/mobile,10,0
post-refactor-20b,sing-box-extended-extended,examples/amnezia,1,0
post-refactor-20b,sing-box-extended-extended,examples/bond,4,0
post-refactor-20b,sing-box-extended-extended,examples/dns_fallback,1,0
post-refactor-20b,sing-box-extended-extended,examples/failover,2,0
post-refactor-20b,sing-box-extended-extended,examples/fallback,1,0
post-refactor-20b,sing-box-extended-extended,examples/limiters,0,4
post-refactor-20b,sing-box-extended-extended,examples/limiters/bandwidth,5,0
post-refactor-20b,sing-box-extended-extended,examples/limiters/connection,3,0
post-refactor-20b,sing-box-extended-extended,examples/limiters/rate,4,0
post-refactor-20b,sing-box-extended-extended,examples/limiters/traffic,3,0
post-refactor-20b,sing-box-extended-extended,examples/masque,1,0
post-refactor-20b,sing-box-extended-extended,examples/mieru,2,0
post-refactor-20b,sing-box-extended-extended,examples/mkcp,2,0
post-refactor-20b,sing-box-extended-extended,examples/mtproxy,1,0
post-refactor-20b,sing-box-extended-extended,examples/openvpn,4,0
post-refactor-20b,sing-box-extended-extended,examples/parser,1,0
post-refactor-20b,sing-box-extended-extended,examples/provider,3,0
post-refactor-20b,sing-box-extended-extended,examples/sdns,1,0
post-refactor-20b,sing-box-extended-extended,examples/ssh,2,0
post-refactor-20b,sing-box-extended-extended,examples/sudoku,4,0
post-refactor-20b,sing-box-extended-extended,examples/trusttunnel,2,0
post-refactor-20b,sing-box-extended-extended,examples/unified_delay,1,0
post-refactor-20b,sing-box-extended-extended,examples/vless_encryption,2,0
post-refactor-20b,sing-box-extended-extended,examples/vpn,0,4
post-refactor-20b,sing-box-extended-extended,examples/vpn/client-server,2,0
post-refactor-20b,sing-box-extended-extended,examples/vpn/client1-server-client2,3,0
post-refactor-20b,sing-box-extended-extended,examples/vpn/proxy_client-server-vpn_client,3,0
post-refactor-20b,sing-box-extended-extended,examples/vpn/server-client,2,0
post-refactor-20b,sing-box-extended-extended,examples/warp,1,0
post-refactor-20b,sing-box-extended-extended,examples/wireguard,1,0
post-refactor-20b,sing-box-extended-extended,examples/xhttp,2,0
post-refactor-20b,sing-box-extended-extended,experimental,2,6
post-refactor-20b,sing-box-extended-extended,experimental/cachefile,3,0
post-refactor-20b,sing-box-extended-extended,experimental/clashapi,19,1
post-refactor-20b,sing-box-extended-extended,experimental/clashapi/trafficontrol,2,0
post-refactor-20b,sing-box-extended-extended,experimental/deprecated,3,0
post-refactor-20b,sing-box-extended-extended,experimental/libbox,36,1
post-refactor-20b,sing-box-extended-extended,experimental/libbox/internal,0,1
post-refactor-20b,sing-box-extended-extended,experimental/libbox/internal/procfs,1,0
post-refactor-20b,sing-box-extended-extended,experimental/locale,2,0
post-refactor-20b,sing-box-extended-extended,experimental/v2rayapi,5,0
post-refactor-20b,sing-box-extended-extended,include,35,0
post-refactor-20b,sing-box-extended-extended,log,10,0
post-refactor-20b,sing-box-extended-extended,option,70,0
post-refactor-20b,sing-box-extended-extended,parser,1,5
post-refactor-20b,sing-box-extended-extended,parser/clash,14,0
post-refactor-20b,sing-box-extended-extended,parser/link,9,0
post-refactor-20b,sing-box-extended-extended,parser/raw,1,0
post-refactor-20b,sing-box-extended-extended,parser/singbox,1,0
post-refactor-20b,sing-box-extended-extended,parser/sip008,1,0
post-refactor-20b,sing-box-extended-extended,protocol,0,35
post-refactor-20b,sing-box-extended-extended,protocol/anytls,2,0
post-refactor-20b,sing-box-extended-extended,protocol/block,1,0
post-refactor-20b,sing-box-extended-extended,protocol/bond,5,0
post-refactor-20b,sing-box-extended-extended,protocol/direct,2,0
post-refactor-20b,sing-box-extended-extended,protocol/dns,2,0
post-refactor-20b,sing-box-extended-extended,protocol/failover,6,0
post-refactor-20b,sing-box-extended-extended,protocol/group,3,0
post-refactor-20b,sing-box-extended-extended,protocol/http,2,0
post-refactor-20b,sing-box-extended-extended,protocol/hysteria,2,0
post-refactor-20b,sing-box-extended-extended,protocol/hysteria2,2,0
post-refactor-20b,sing-box-extended-extended,protocol/limiter,0,4
post-refactor-20b,sing-box-extended-extended,protocol/limiter/bandwidth,4,0
post-refactor-20b,sing-box-extended-extended,protocol/limiter/connection,3,0
post-refactor-20b,sing-box-extended-extended,protocol/limiter/rate,2,0
post-refactor-20b,sing-box-extended-extended,protocol/limiter/traffic,4,0
post-refactor-20b,sing-box-extended-extended,protocol/masque,2,0
post-refactor-20b,sing-box-extended-extended,protocol/mieru,2,0
post-refactor-20b,sing-box-extended-extended,protocol/mixed,1,0
post-refactor-20b,sing-box-extended-extended,protocol/mtproxy,4,0
post-refactor-20b,sing-box-extended-extended,protocol/naive,3,1
post-refactor-20b,sing-box-extended-extended,protocol/naive/quic,1,0
post-refactor-20b,sing-box-extended-extended,protocol/openvpn,1,0
post-refactor-20b,sing-box-extended-extended,protocol/parser,1,0
post-refactor-20b,sing-box-extended-extended,protocol/redirect,2,0
post-refactor-20b,sing-box-extended-extended,protocol/shadowsocks,4,0
post-refactor-20b,sing-box-extended-extended,protocol/shadowtls,2,0
post-refactor-20b,sing-box-extended-extended,protocol/socks,2,0
post-refactor-20b,sing-box-extended-extended,protocol/ssh,5,0
post-refactor-20b,sing-box-extended-extended,protocol/sudoku,2,0
post-refactor-20b,sing-box-extended-extended,protocol/tailscale,4,0
post-refactor-20b,sing-box-extended-extended,protocol/tor,2,0
post-refactor-20b,sing-box-extended-extended,protocol/trojan,2,0
post-refactor-20b,sing-box-extended-extended,protocol/trusttunnel,2,0
post-refactor-20b,sing-box-extended-extended,protocol/tuic,2,0
post-refactor-20b,sing-box-extended-extended,protocol/tun,2,0
post-refactor-20b,sing-box-extended-extended,protocol/vless,2,1
post-refactor-20b,sing-box-extended-extended,protocol/vless/encryption,4,0
post-refactor-20b,sing-box-extended-extended,protocol/vmess,2,0
post-refactor-20b,sing-box-extended-extended,protocol/vpn,4,0
post-refactor-20b,sing-box-extended-extended,protocol/warp,2,0
post-refactor-20b,sing-box-extended-extended,protocol/wireguard,1,0
post-refactor-20b,sing-box-extended-extended,provider,0,2
post-refactor-20b,sing-box-extended-extended,provider/local,1,0
post-refactor-20b,sing-box-extended-extended,provider/remote,1,0
post-refactor-20b,sing-box-extended-extended,release,4,3
post-refactor-20b,sing-box-extended-extended,release/completions,3,0
post-refactor-20b,sing-box-extended-extended,release/config,13,0
post-refactor-20b,sing-box-extended-extended,release/local,9,0
post-refactor-20b,sing-box-extended-extended,route,8,1
post-refactor-20b,sing-box-extended-extended,route/rule,45,0
post-refactor-20b,sing-box-extended-extended,service,0,12
post-refactor-20b,sing-box-extended-extended,service/admin_panel,4,1
post-refactor-20b,sing-box-extended-extended,service/admin_panel/web,7,1
post-refactor-20b,sing-box-extended-extended,service/admin_panel/web/src,4,7
post-refactor-20b,sing-box-extended-extended,service/admin_panel/web/src/api,2,0
post-refactor-20b,sing-box-extended-extended,service/admin_panel/web/src/assets,1,0
post-refactor-20b,sing-box-extended-extended,service/admin_panel/web/src/auth,1,0
post-refactor-20b,sing-box-extended-extended,service/admin_panel/web/src/components,7,0
post-refactor-20b,sing-box-extended-extended,service/admin_panel/web/src/notifications,1,0
post-refactor-20b,sing-box-extended-extended,service/admin_panel/web/src/pages,10,0
post-refactor-20b,sing-box-extended-extended,service/admin_panel/web/src/theme,1,0
post-refactor-20b,sing-box-extended-extended,service/ccm,6,0
post-refactor-20b,sing-box-extended-extended,service/derp,1,0
post-refactor-20b,sing-box-extended-extended,service/manager,2,2
post-refactor-20b,sing-box-extended-extended,service/manager/constant,5,0
post-refactor-20b,sing-box-extended-extended,service/manager/repository,0,2
post-refactor-20b,sing-box-extended-extended,service/manager/repository/postgresql,4,0
post-refactor-20b,sing-box-extended-extended,service/manager/repository/sqlite,4,0
post-refactor-20b,sing-box-extended-extended,service/manager_api,1,2
post-refactor-20b,sing-box-extended-extended,service/manager_api/grpc,0,3
post-refactor-20b,sing-box-extended-extended,service/manager_api/grpc/client,4,0
post-refactor-20b,sing-box-extended-extended,service/manager_api/grpc/manager,3,0
post-refactor-20b,sing-box-extended-extended,service/manager_api/grpc/server,3,0
post-refactor-20b,sing-box-extended-extended,service/manager_api/http,0,2
post-refactor-20b,sing-box-extended-extended,service/manager_api/http/client,2,0
post-refactor-20b,sing-box-extended-extended,service/manager_api/http/server,4,0
post-refactor-20b,sing-box-extended-extended,service/node,1,3
post-refactor-20b,sing-box-extended-extended,service/node/constant,5,0
post-refactor-20b,sing-box-extended-extended,service/node/inbound,14,0
post-refactor-20b,sing-box-extended-extended,service/node/limiter,4,0
post-refactor-20b,sing-box-extended-extended,service/node_manager_api,1,3
post-refactor-20b,sing-box-extended-extended,service/node_manager_api/client,2,0
post-refactor-20b,sing-box-extended-extended,service/node_manager_api/manager,3,0
post-refactor-20b,sing-box-extended-extended,service/node_manager_api/server,2,0
post-refactor-20b,sing-box-extended-extended,service/ocm,7,0
post-refactor-20b,sing-box-extended-extended,service/oomkiller,4,0
post-refactor-20b,sing-box-extended-extended,service/profiler,1,0
post-refactor-20b,sing-box-extended-extended,service/resolved,4,0
post-refactor-20b,sing-box-extended-extended,service/ssmapi,5,0
post-refactor-20b,sing-box-extended-extended,test,38,1
post-refactor-20b,sing-box-extended-extended,test/config,23,0
post-refactor-20b,sing-box-extended-extended,transport,0,17
post-refactor-20b,sing-box-extended-extended,transport/masque,9,0
post-refactor-20b,sing-box-extended-extended,transport/openvpn,17,0
post-refactor-20b,sing-box-extended-extended,transport/simple-obfs,3,0
post-refactor-20b,sing-box-extended-extended,transport/sip003,4,0
post-refactor-20b,sing-box-extended-extended,transport/sudoku,16,3
post-refactor-20b,sing-box-extended-extended,transport/sudoku/crypto,3,0
post-refactor-20b,sing-box-extended-extended,transport/sudoku/multiplex,2,0
post-refactor-20b,sing-box-extended-extended,transport/sudoku/obfs,0,2
post-refactor-20b,sing-box-extended-extended,transport/sudoku/obfs/httpmask,9,0
post-refactor-20b,sing-box-extended-extended,transport/sudoku/obfs/sudoku,11,0
post-refactor-20b,sing-box-extended-extended,transport/trojan,5,0
post-refactor-20b,sing-box-extended-extended,transport/trusttunnel,5,0
post-refactor-20b,sing-box-extended-extended,transport/v2ray,4,0
post-refactor-20b,sing-box-extended-extended,transport/v2raygrpc,8,1
post-refactor-20b,sing-box-extended-extended,transport/v2raygrpc/credentials,4,0
post-refactor-20b,sing-box-extended-extended,transport/v2raygrpclite,3,0
post-refactor-20b,sing-box-extended-extended,transport/v2rayhttp,5,0
post-refactor-20b,sing-box-extended-extended,transport/v2rayhttpupgrade,2,0
post-refactor-20b,sing-box-extended-extended,transport/v2raykcp,13,0
post-refactor-20b,sing-box-extended-extended,transport/v2rayquic,4,0
post-refactor-20b,sing-box-extended-extended,transport/v2raywebsocket,4,0
post-refactor-20b,sing-box-extended-extended,transport/v2rayxhttp,10,0
post-refactor-20b,sing-box-extended-extended,transport/wireguard,10,0
post-refactor-20b,sing-box-for-android-dev,.,11,4
post-refactor-20b,sing-box-for-android-dev,app,5,2
post-refactor-20b,sing-box-for-android-dev,app/schemas,0,2
post-refactor-20b,sing-box-for-android-dev,app/schemas/io.nekohasekai.sfa.database.ProfileDatabase,3,0
post-refactor-20b,sing-box-for-android-dev,app/schemas/io.nekohasekai.sfa.database.preference.KeyValueDatabase,1,0
post-refactor-20b,sing-box-for-android-dev,app/src,0,7
post-refactor-20b,sing-box-for-android-dev,app/src/github,1,1
post-refactor-20b,sing-box-for-android-dev,app/src/github/java,0,1
post-refactor-20b,sing-box-for-android-dev,app/src/github/java/io,0,1
post-refactor-20b,sing-box-for-android-dev,app/src/github/java/io/nekohasekai,0,1
post-refactor-20b,sing-box-for-android-dev,app/src/github/java/io/nekohasekai/sfa,0,1
post-refactor-20b,sing-box-for-android-dev,app/src/github/java/io/nekohasekai/sfa/vendor,6,0
post-refactor-20b,sing-box-for-android-dev,app/src/main,2,6
post-refactor-20b,sing-box-for-android-dev,app/src/main/aidl,0,1
post-refactor-20b,sing-box-for-android-dev,app/src/main/aidl/io,0,2
post-refactor-20b,sing-box-for-android-dev,app/src/main/aidl/io/github,0,1
post-refactor-20b,sing-box-for-android-dev,app/src/main/aidl/io/github/libxposed,0,1
post-refactor-20b,sing-box-for-android-dev,app/src/main/aidl/io/github/libxposed/service,2,0
post-refactor-20b,sing-box-for-android-dev,app/src/main/aidl/io/nekohasekai,0,1
post-refactor-20b,sing-box-for-android-dev,app/src/main/aidl/io/nekohasekai/sfa,0,2
post-refactor-20b,sing-box-for-android-dev,app/src/main/aidl/io/nekohasekai/sfa/aidl,2,0
post-refactor-20b,sing-box-for-android-dev,app/src/main/aidl/io/nekohasekai/sfa/bg,8,0
post-refactor-20b,sing-box-for-android-dev,app/src/main/assets,0,1
post-refactor-20b,sing-box-for-android-dev,app/src/main/assets/termux-colors,114,0
post-refactor-20b,sing-box-for-android-dev,app/src/main/java,0,2
post-refactor-20b,sing-box-for-android-dev,app/src/main/java/android,0,1
post-refactor-20b,sing-box-for-android-dev,app/src/main/java/android/content,2,1
post-refactor-20b,sing-box-for-android-dev,app/src/main/java/android/content/pm,2,0
post-refactor-20b,sing-box-for-android-dev,app/src/main/java/io,0,2
post-refactor-20b,sing-box-for-android-dev,app/src/main/java/io/github,0,1
post-refactor-20b,sing-box-for-android-dev,app/src/main/java/io/github/libxposed,0,1
post-refactor-20b,sing-box-for-android-dev,app/src/main/java/io/github/libxposed/service,4,0
post-refactor-20b,sing-box-for-android-dev,app/src/main/java/io/nekohasekai,0,1
post-refactor-20b,sing-box-for-android-dev,app/src/main/java/io/nekohasekai/sfa,2,12
post-refactor-20b,sing-box-for-android-dev,app/src/main/java/io/nekohasekai/sfa/bg,26,0
post-refactor-20b,sing-box-for-android-dev,app/src/main/java/io/nekohasekai/sfa/compose,2,9
post-refactor-20b,sing-box-for-android-dev,app/src/main/java/io/nekohasekai/sfa/compose/base,6,0
post-refactor-20b,sing-box-for-android-dev,app/src/main/java/io/nekohasekai/sfa/compose/component,4,1
post-refactor-20b,sing-box-for-android-dev,app/src/main/java/io/nekohasekai/sfa/compose/component/qr,4,0
post-refactor-20b,sing-box-for-android-dev,app/src/main/java/io/nekohasekai/sfa/compose/model,3,0
post-refactor-20b,sing-box-for-android-dev,app/src/main/java/io/nekohasekai/sfa/compose/navigation,3,0
post-refactor-20b,sing-box-for-android-dev,app/src/main/java/io/nekohasekai/sfa/compose/screen,0,11
post-refactor-20b,sing-box-for-android-dev,app/src/main/java/io/nekohasekai/sfa/compose/screen/configuration,3,0
post-refactor-20b,sing-box-for-android-dev,app/src/main/java/io/nekohasekai/sfa/compose/screen/connections,4,0
post-refactor-20b,sing-box-for-android-dev,app/src/main/java/io/nekohasekai/sfa/compose/screen/dashboard,14,1
post-refactor-20b,sing-box-for-android-dev,app/src/main/java/io/nekohasekai/sfa/compose/screen/dashboard/groups,2,0
post-refactor-20b,sing-box-for-android-dev,app/src/main/java/io/nekohasekai/sfa/compose/screen/log,7,0
post-refactor-20b,sing-box-for-android-dev,app/src/main/java/io/nekohasekai/sfa/compose/screen/privilegesettings,1,0
post-refactor-20b,sing-box-for-android-dev,app/src/main/java/io/nekohasekai/sfa/compose/screen/profile,8,0
post-refactor-20b,sing-box-for-android-dev,app/src/main/java/io/nekohasekai/sfa/compose/screen/profileoverride,1,0
post-refactor-20b,sing-box-for-android-dev,app/src/main/java/io/nekohasekai/sfa/compose/screen/qrscan,3,0
post-refactor-20b,sing-box-for-android-dev,app/src/main/java/io/nekohasekai/sfa/compose/screen/settings,12,0
post-refactor-20b,sing-box-for-android-dev,app/src/main/java/io/nekohasekai/sfa/compose/screen/tools,21,0
post-refactor-20b,sing-box-for-android-dev,app/src/main/java/io/nekohasekai/sfa/compose/screen/usbip,4,0
post-refactor-20b,sing-box-for-android-dev,app/src/main/java/io/nekohasekai/sfa/compose/shared,1,0
post-refactor-20b,sing-box-for-android-dev,app/src/main/java/io/nekohasekai/sfa/compose/theme,4,0
post-refactor-20b,sing-box-for-android-dev,app/src/main/java/io/nekohasekai/sfa/compose/topbar,1,0
post-refactor-20b,sing-box-for-android-dev,app/src/main/java/io/nekohasekai/sfa/compose/util,6,1
post-refactor-20b,sing-box-for-android-dev,app/src/main/java/io/nekohasekai/sfa/compose/util/icons,18,0
post-refactor-20b,sing-box-for-android-dev,app/src/main/java/io/nekohasekai/sfa/constant,8,0
post-refactor-20b,sing-box-for-android-dev,app/src/main/java/io/nekohasekai/sfa/database,7,1
post-refactor-20b,sing-box-for-android-dev,app/src/main/java/io/nekohasekai/sfa/database/preference,4,0
post-refactor-20b,sing-box-for-android-dev,app/src/main/java/io/nekohasekai/sfa/ktx,13,0
post-refactor-20b,sing-box-for-android-dev,app/src/main/java/io/nekohasekai/sfa/qrs,6,0
post-refactor-20b,sing-box-for-android-dev,app/src/main/java/io/nekohasekai/sfa/terminal,6,0
post-refactor-20b,sing-box-for-android-dev,app/src/main/java/io/nekohasekai/sfa/update,6,0
post-refactor-20b,sing-box-for-android-dev,app/src/main/java/io/nekohasekai/sfa/usbip,5,0
post-refactor-20b,sing-box-for-android-dev,app/src/main/java/io/nekohasekai/sfa/utils,13,0
post-refactor-20b,sing-box-for-android-dev,app/src/main/java/io/nekohasekai/sfa/vendor,5,0
post-refactor-20b,sing-box-for-android-dev,app/src/main/java/io/nekohasekai/sfa/xposed,13,1
post-refactor-20b,sing-box-for-android-dev,app/src/main/java/io/nekohasekai/sfa/xposed/hooks,3,2
post-refactor-20b,sing-box-for-android-dev,app/src/main/java/io/nekohasekai/sfa/xposed/hooks/hidevpn,15,0
post-refactor-20b,sing-box-for-android-dev,app/src/main/java/io/nekohasekai/sfa/xposed/hooks/hidevpnapp,1,0
post-refactor-20b,sing-box-for-android-dev,app/src/main/play,0,1
post-refactor-20b,sing-box-for-android-dev,app/src/main/play/release-notes,0,1
post-refactor-20b,sing-box-for-android-dev,app/src/main/play/release-notes/en-US,1,0
post-refactor-20b,sing-box-for-android-dev,app/src/main/res,1,20
post-refactor-20b,sing-box-for-android-dev,app/src/main/res/drawable,27,0
post-refactor-20b,sing-box-for-android-dev,app/src/main/res/layout,4,0
post-refactor-20b,sing-box-for-android-dev,app/src/main/res/menu,3,0
post-refactor-20b,sing-box-for-android-dev,app/src/main/res/mipmap-anydpi-v26,2,0
post-refactor-20b,sing-box-for-android-dev,app/src/main/res/mipmap-hdpi,2,0
post-refactor-20b,sing-box-for-android-dev,app/src/main/res/mipmap-mdpi,2,0
post-refactor-20b,sing-box-for-android-dev,app/src/main/res/mipmap-xhdpi,2,0
post-refactor-20b,sing-box-for-android-dev,app/src/main/res/mipmap-xxhdpi,2,0
post-refactor-20b,sing-box-for-android-dev,app/src/main/res/mipmap-xxxhdpi,2,0
post-refactor-20b,sing-box-for-android-dev,app/src/main/res/values,5,0
post-refactor-20b,sing-box-for-android-dev,app/src/main/res/values-fa,1,0
post-refactor-20b,sing-box-for-android-dev,app/src/main/res/values-night-v23,1,0
post-refactor-20b,sing-box-for-android-dev,app/src/main/res/values-night-v26,1,0
post-refactor-20b,sing-box-for-android-dev,app/src/main/res/values-ru-rRU,1,0
post-refactor-20b,sing-box-for-android-dev,app/src/main/res/values-v23,1,0
post-refactor-20b,sing-box-for-android-dev,app/src/main/res/values-v26,1,0
post-refactor-20b,sing-box-for-android-dev,app/src/main/res/values-v27,1,0
post-refactor-20b,sing-box-for-android-dev,app/src/main/res/values-zh-rCN,1,0
post-refactor-20b,sing-box-for-android-dev,app/src/main/res/values-zh-rTW,1,0
post-refactor-20b,sing-box-for-android-dev,app/src/main/res/xml,3,0
post-refactor-20b,sing-box-for-android-dev,app/src/main/resources,0,1
post-refactor-20b,sing-box-for-android-dev,app/src/main/resources/META-INF,0,1
post-refactor-20b,sing-box-for-android-dev,app/src/main/resources/META-INF/xposed,3,0
post-refactor-20b,sing-box-for-android-dev,app/src/minApi21,0,1
post-refactor-20b,sing-box-for-android-dev,app/src/minApi21/java,0,1
post-refactor-20b,sing-box-for-android-dev,app/src/minApi21/java/io,0,1
post-refactor-20b,sing-box-for-android-dev,app/src/minApi21/java/io/nekohasekai,0,1
post-refactor-20b,sing-box-for-android-dev,app/src/minApi21/java/io/nekohasekai/sfa,0,2
post-refactor-20b,sing-box-for-android-dev,app/src/minApi21/java/io/nekohasekai/sfa/compat,3,0
post-refactor-20b,sing-box-for-android-dev,app/src/minApi21/java/io/nekohasekai/sfa/vendor,1,0
post-refactor-20b,sing-box-for-android-dev,app/src/minApi23,0,1
post-refactor-20b,sing-box-for-android-dev,app/src/minApi23/java,0,1
post-refactor-20b,sing-box-for-android-dev,app/src/minApi23/java/io,0,1
post-refactor-20b,sing-box-for-android-dev,app/src/minApi23/java/io/nekohasekai,0,1
post-refactor-20b,sing-box-for-android-dev,app/src/minApi23/java/io/nekohasekai/sfa,0,2
post-refactor-20b,sing-box-for-android-dev,app/src/minApi23/java/io/nekohasekai/sfa/compat,3,0
post-refactor-20b,sing-box-for-android-dev,app/src/minApi23/java/io/nekohasekai/sfa/vendor,5,0
post-refactor-20b,sing-box-for-android-dev,app/src/other,1,2
post-refactor-20b,sing-box-for-android-dev,app/src/other/java,0,1
post-refactor-20b,sing-box-for-android-dev,app/src/other/java/io,0,1
post-refactor-20b,sing-box-for-android-dev,app/src/other/java/io/nekohasekai,0,1
post-refactor-20b,sing-box-for-android-dev,app/src/other/java/io/nekohasekai/sfa,0,1
post-refactor-20b,sing-box-for-android-dev,app/src/other/java/io/nekohasekai/sfa/vendor,2,0
post-refactor-20b,sing-box-for-android-dev,app/src/other/play,0,1
post-refactor-20b,sing-box-for-android-dev,app/src/other/play/listings,0,1
post-refactor-20b,sing-box-for-android-dev,app/src/other/play/listings/en-US,2,1
post-refactor-20b,sing-box-for-android-dev,app/src/other/play/listings/en-US/graphics,0,2
post-refactor-20b,sing-box-for-android-dev,app/src/other/play/listings/en-US/graphics/icon,1,0
post-refactor-20b,sing-box-for-android-dev,app/src/other/play/listings/en-US/graphics/phone-screenshots,4,0
post-refactor-20b,sing-box-for-android-dev,app/src/otherLegacy,1,1
post-refactor-20b,sing-box-for-android-dev,app/src/otherLegacy/java,0,1
post-refactor-20b,sing-box-for-android-dev,app/src/otherLegacy/java/io,0,1
post-refactor-20b,sing-box-for-android-dev,app/src/otherLegacy/java/io/nekohasekai,0,1
post-refactor-20b,sing-box-for-android-dev,app/src/otherLegacy/java/io/nekohasekai/sfa,0,1
post-refactor-20b,sing-box-for-android-dev,app/src/otherLegacy/java/io/nekohasekai/sfa/vendor,2,0
post-refactor-20b,sing-box-for-android-dev,app/src/play,1,1
post-refactor-20b,sing-box-for-android-dev,app/src/play/java,0,1
post-refactor-20b,sing-box-for-android-dev,app/src/play/java/io,0,1
post-refactor-20b,sing-box-for-android-dev,app/src/play/java/io/nekohasekai,0,1
post-refactor-20b,sing-box-for-android-dev,app/src/play/java/io/nekohasekai/sfa,0,1
post-refactor-20b,sing-box-for-android-dev,app/src/play/java/io/nekohasekai/sfa/vendor,2,0
post-refactor-20b,sing-box-for-android-dev,config,0,1
post-refactor-20b,sing-box-for-android-dev,config/detekt,1,0
post-refactor-20b,sing-box-for-android-dev,gradle,1,1
post-refactor-20b,sing-box-for-android-dev,gradle/wrapper,2,0
post-refactor-20b,sing-box-for-android-dev,third_party,0,2
post-refactor-20b,sing-box-for-android-dev,third_party/libxposed-api,2,1
post-refactor-20b,sing-box-for-android-dev,third_party/libxposed-api/src,0,1
post-refactor-20b,sing-box-for-android-dev,third_party/libxposed-api/src/main,1,1
post-refactor-20b,sing-box-for-android-dev,third_party/libxposed-api/src/main/java,0,1
post-refactor-20b,sing-box-for-android-dev,third_party/libxposed-api/src/main/java/io,0,1
post-refactor-20b,sing-box-for-android-dev,third_party/libxposed-api/src/main/java/io/github,0,1
post-refactor-20b,sing-box-for-android-dev,third_party/libxposed-api/src/main/java/io/github/libxposed,0,1
post-refactor-20b,sing-box-for-android-dev,third_party/libxposed-api/src/main/java/io/github/libxposed/api,4,2
post-refactor-20b,sing-box-for-android-dev,third_party/libxposed-api/src/main/java/io/github/libxposed/api/errors,2,0
post-refactor-20b,sing-box-for-android-dev,third_party/libxposed-api/src/main/java/io/github/libxposed/api/utils,1,0
post-refactor-20b,sing-box-for-android-dev,third_party/termux-app,0,0
post-refactor-20b,sing-cloudflared-main,.,62,3
post-refactor-20b,sing-cloudflared-main,.github,1,1
post-refactor-20b,sing-cloudflared-main,.github/workflows,2,0
post-refactor-20b,sing-cloudflared-main,cmd,0,2
post-refactor-20b,sing-cloudflared-main,cmd/cloudflared,1,0
post-refactor-20b,sing-cloudflared-main,cmd/internal,0,2
post-refactor-20b,sing-cloudflared-main,cmd/internal/capnpgen,1,0
post-refactor-20b,sing-cloudflared-main,cmd/internal/update_cloudflare_ca,1,0
post-refactor-20b,sing-cloudflared-main,internal,0,11
post-refactor-20b,sing-cloudflared-main,internal/cmd,4,0
post-refactor-20b,sing-cloudflared-main,internal/config,2,0
post-refactor-20b,sing-cloudflared-main,internal/control,2,0
post-refactor-20b,sing-cloudflared-main,internal/datagram,10,0
post-refactor-20b,sing-cloudflared-main,internal/discovery,3,0
post-refactor-20b,sing-cloudflared-main,internal/icmp,3,0
post-refactor-20b,sing-cloudflared-main,internal/icmptest,1,0
post-refactor-20b,sing-cloudflared-main,internal/pkg,0,1
post-refactor-20b,sing-cloudflared-main,internal/pkg/icmp,1,0
post-refactor-20b,sing-cloudflared-main,internal/protocol,4,0
post-refactor-20b,sing-cloudflared-main,internal/transport,13,0
post-refactor-20b,sing-cloudflared-main,internal/tunnelrpc,5,0
post-refactor-20b,tun2proxy-master,.,14,6
post-refactor-20b,tun2proxy-master,.cargo,1,0
post-refactor-20b,tun2proxy-master,.github,1,1
post-refactor-20b,tun2proxy-master,.github/workflows,8,0
post-refactor-20b,tun2proxy-master,apple,1,0
post-refactor-20b,tun2proxy-master,scripts,4,0
post-refactor-20b,tun2proxy-master,src,18,1
post-refactor-20b,tun2proxy-master,src/bin,2,0
post-refactor-20b,tun2proxy-master,tests,4,2
post-refactor-20b,tun2proxy-master,tests/iperf,2,0
post-refactor-20b,tun2proxy-master,tests/manual-tests,1,2
post-refactor-20b,tun2proxy-master,tests/manual-tests/half-open-close-client,2,0
post-refactor-20b,tun2proxy-master,tests/manual-tests/half-open-close-server,2,0
post-refactor-20b,tun2socks-main,.,10,15
post-refactor-20b,tun2socks-main,.github,3,2
post-refactor-20b,tun2socks-main,.github/ISSUE_TEMPLATE,3,0
post-refactor-20b,tun2socks-main,.github/workflows,6,0
post-refactor-20b,tun2socks-main,buffer,1,1
post-refactor-20b,tun2socks-main,buffer/allocator,2,0
post-refactor-20b,tun2socks-main,core,6,3
post-refactor-20b,tun2socks-main,core/adapter,2,0
post-refactor-20b,tun2socks-main,core/device,1,3
post-refactor-20b,tun2socks-main,core/device/fdbased,5,0
post-refactor-20b,tun2socks-main,core/device/iobased,1,0
post-refactor-20b,tun2socks-main,core/device/tun,5,0
post-refactor-20b,tun2socks-main,core/option,1,0
post-refactor-20b,tun2socks-main,dialer,8,0
post-refactor-20b,tun2socks-main,dns,1,0
post-refactor-20b,tun2socks-main,docker,1,0
post-refactor-20b,tun2socks-main,docs,3,0
post-refactor-20b,tun2socks-main,engine,6,0
post-refactor-20b,tun2socks-main,internal,0,2
post-refactor-20b,tun2socks-main,internal/pool,2,0
post-refactor-20b,tun2socks-main,internal/version,2,0
post-refactor-20b,tun2socks-main,log,5,0
post-refactor-20b,tun2socks-main,metadata,2,0
post-refactor-20b,tun2socks-main,proxy,2,9
post-refactor-20b,tun2socks-main,proxy/direct,1,0
post-refactor-20b,tun2socks-main,proxy/http,1,0
post-refactor-20b,tun2socks-main,proxy/internal,0,1
post-refactor-20b,tun2socks-main,proxy/internal/utils,1,0
post-refactor-20b,tun2socks-main,proxy/reject,1,0
post-refactor-20b,tun2socks-main,proxy/relay,1,0
post-refactor-20b,tun2socks-main,proxy/shadowsocks,1,0
post-refactor-20b,tun2socks-main,proxy/socks4,1,0
post-refactor-20b,tun2socks-main,proxy/socks5,1,0
post-refactor-20b,tun2socks-main,proxy/ssh,1,0
post-refactor-20b,tun2socks-main,restapi,5,0
post-refactor-20b,tun2socks-main,transport,0,5
post-refactor-20b,tun2socks-main,transport/internal,0,1
post-refactor-20b,tun2socks-main,transport/internal/bufferpool,1,0
post-refactor-20b,tun2socks-main,transport/shadowsocks,1,3
post-refactor-20b,tun2socks-main,transport/shadowsocks/core,1,0
post-refactor-20b,tun2socks-main,transport/shadowsocks/shadowaead,3,0
post-refactor-20b,tun2socks-main,transport/shadowsocks/shadowstream,3,0
post-refactor-20b,tun2socks-main,transport/simple-obfs,3,0
post-refactor-20b,tun2socks-main,transport/socks4,4,0
post-refactor-20b,tun2socks-main,transport/socks5,4,0
post-refactor-20b,tun2socks-main,tunnel,5,1
post-refactor-20b,tun2socks-main,tunnel/statistic,2,0
post-refactor-20b,tun2socks-python-main,.,6,7
post-refactor-20b,tun2socks-python-main,.github,1,1
post-refactor-20b,tun2socks-python-main,.github/workflows,1,0
post-refactor-20b,tun2socks-python-main,gobuild,1,0
post-refactor-20b,tun2socks-python-main,pybind11,18,6
post-refactor-20b,tun2socks-python-main,pybind11/.github,6,3
post-refactor-20b,tun2socks-python-main,pybind11/.github/ISSUE_TEMPLATE,2,0
post-refactor-20b,tun2socks-python-main,pybind11/.github/matchers,1,0
post-refactor-20b,tun2socks-python-main,pybind11/.github/workflows,7,0
post-refactor-20b,tun2socks-python-main,pybind11/docs,22,3
post-refactor-20b,tun2socks-python-main,pybind11/docs/_static,0,1
post-refactor-20b,tun2socks-python-main,pybind11/docs/_static/css,1,0
post-refactor-20b,tun2socks-python-main,pybind11/docs/advanced,6,2
post-refactor-20b,tun2socks-python-main,pybind11/docs/advanced/cast,8,0
post-refactor-20b,tun2socks-python-main,pybind11/docs/advanced/pycpp,4,0
post-refactor-20b,tun2socks-python-main,pybind11/docs/cmake,1,0
post-refactor-20b,tun2socks-python-main,pybind11/include,0,1
post-refactor-20b,tun2socks-python-main,pybind11/include/pybind11,22,3
post-refactor-20b,tun2socks-python-main,pybind11/include/pybind11/detail,10,0
post-refactor-20b,tun2socks-python-main,pybind11/include/pybind11/eigen,3,0
post-refactor-20b,tun2socks-python-main,pybind11/include/pybind11/stl,1,0
post-refactor-20b,tun2socks-python-main,pybind11/pybind11,6,0
post-refactor-20b,tun2socks-python-main,pybind11/tests,121,4
post-refactor-20b,tun2socks-python-main,pybind11/tests/extra_python_package,2,0
post-refactor-20b,tun2socks-python-main,pybind11/tests/extra_setuptools,2,0
post-refactor-20b,tun2socks-python-main,pybind11/tests/test_cmake_build,4,6
post-refactor-20b,tun2socks-python-main,pybind11/tests/test_cmake_build/installed_embed,1,0
post-refactor-20b,tun2socks-python-main,pybind11/tests/test_cmake_build/installed_function,1,0
post-refactor-20b,tun2socks-python-main,pybind11/tests/test_cmake_build/installed_target,1,0
post-refactor-20b,tun2socks-python-main,pybind11/tests/test_cmake_build/subdirectory_embed,1,0
post-refactor-20b,tun2socks-python-main,pybind11/tests/test_cmake_build/subdirectory_function,1,0
post-refactor-20b,tun2socks-python-main,pybind11/tests/test_cmake_build/subdirectory_target,1,0
post-refactor-20b,tun2socks-python-main,pybind11/tests/test_embed,6,0
post-refactor-20b,tun2socks-python-main,pybind11/tools,19,0
post-refactor-20b,tun2socks-python-main,sample,1,0
post-refactor-20b,tun2socks-python-main,src,1,0
post-refactor-20b,tun2socks-python-main,tun2socks,1,0
post-refactor-20b,tun2socks-python-main,tun2socks-go,10,15
post-refactor-20b,tun2socks-python-main,tun2socks-go/.github,3,2
post-refactor-20b,tun2socks-python-main,tun2socks-go/.github/ISSUE_TEMPLATE,3,0
post-refactor-20b,tun2socks-python-main,tun2socks-go/.github/workflows,6,0
post-refactor-20b,tun2socks-python-main,tun2socks-go/buffer,1,1
post-refactor-20b,tun2socks-python-main,tun2socks-go/buffer/allocator,2,0
post-refactor-20b,tun2socks-python-main,tun2socks-go/core,6,3
post-refactor-20b,tun2socks-python-main,tun2socks-go/core/adapter,2,0
post-refactor-20b,tun2socks-python-main,tun2socks-go/core/device,1,3
post-refactor-20b,tun2socks-python-main,tun2socks-go/core/device/fdbased,5,0
post-refactor-20b,tun2socks-python-main,tun2socks-go/core/device/iobased,1,0
post-refactor-20b,tun2socks-python-main,tun2socks-go/core/device/tun,5,0
post-refactor-20b,tun2socks-python-main,tun2socks-go/core/option,1,0
post-refactor-20b,tun2socks-python-main,tun2socks-go/dialer,8,0
post-refactor-20b,tun2socks-python-main,tun2socks-go/dns,1,0
post-refactor-20b,tun2socks-python-main,tun2socks-go/docker,1,0
post-refactor-20b,tun2socks-python-main,tun2socks-go/docs,3,0
post-refactor-20b,tun2socks-python-main,tun2socks-go/engine,6,0
post-refactor-20b,tun2socks-python-main,tun2socks-go/internal,0,2
post-refactor-20b,tun2socks-python-main,tun2socks-go/internal/pool,2,0
post-refactor-20b,tun2socks-python-main,tun2socks-go/internal/version,2,0
post-refactor-20b,tun2socks-python-main,tun2socks-go/log,5,0
post-refactor-20b,tun2socks-python-main,tun2socks-go/metadata,2,0
post-refactor-20b,tun2socks-python-main,tun2socks-go/proxy,2,9
post-refactor-20b,tun2socks-python-main,tun2socks-go/proxy/direct,1,0
post-refactor-20b,tun2socks-python-main,tun2socks-go/proxy/http,1,0
post-refactor-20b,tun2socks-python-main,tun2socks-go/proxy/internal,0,1
post-refactor-20b,tun2socks-python-main,tun2socks-go/proxy/internal/utils,1,0
post-refactor-20b,tun2socks-python-main,tun2socks-go/proxy/reject,1,0
post-refactor-20b,tun2socks-python-main,tun2socks-go/proxy/relay,1,0
post-refactor-20b,tun2socks-python-main,tun2socks-go/proxy/shadowsocks,1,0
post-refactor-20b,tun2socks-python-main,tun2socks-go/proxy/socks4,1,0
post-refactor-20b,tun2socks-python-main,tun2socks-go/proxy/socks5,1,0
post-refactor-20b,tun2socks-python-main,tun2socks-go/proxy/ssh,1,0
post-refactor-20b,tun2socks-python-main,tun2socks-go/restapi,5,0
post-refactor-20b,tun2socks-python-main,tun2socks-go/transport,0,5
post-refactor-20b,tun2socks-python-main,tun2socks-go/transport/internal,0,1
post-refactor-20b,tun2socks-python-main,tun2socks-go/transport/internal/bufferpool,1,0
post-refactor-20b,tun2socks-python-main,tun2socks-go/transport/shadowsocks,1,3
post-refactor-20b,tun2socks-python-main,tun2socks-go/transport/shadowsocks/core,1,0
post-refactor-20b,tun2socks-python-main,tun2socks-go/transport/shadowsocks/shadowaead,3,0
post-refactor-20b,tun2socks-python-main,tun2socks-go/transport/shadowsocks/shadowstream,3,0
post-refactor-20b,tun2socks-python-main,tun2socks-go/transport/simple-obfs,3,0
post-refactor-20b,tun2socks-python-main,tun2socks-go/transport/socks4,4,0
post-refactor-20b,tun2socks-python-main,tun2socks-go/transport/socks5,4,0
post-refactor-20b,tun2socks-python-main,tun2socks-go/tunnel,5,1
post-refactor-20b,tun2socks-python-main,tun2socks-go/tunnel/statistic,2,0
post-refactor-20b,uquic-master,.,129,17
post-refactor-20b,uquic-master,.claude,1,0
post-refactor-20b,uquic-master,.clusterfuzzlite,3,0
post-refactor-20b,uquic-master,.github,2,1
post-refactor-20b,uquic-master,.github/workflows,7,0
post-refactor-20b,uquic-master,assets,3,0
post-refactor-20b,uquic-master,docs,4,0
post-refactor-20b,uquic-master,example,1,3
post-refactor-20b,uquic-master,example/client,1,0
post-refactor-20b,uquic-master,example/echo,1,0
post-refactor-20b,uquic-master,example/uquic,1,0
post-refactor-20b,uquic-master,fuzzing,0,6
post-refactor-20b,uquic-master,fuzzing/frames,1,1
post-refactor-20b,uquic-master,fuzzing/frames/cmd,1,0
post-refactor-20b,uquic-master,fuzzing/handshake,1,1
post-refactor-20b,uquic-master,fuzzing/handshake/cmd,1,0
post-refactor-20b,uquic-master,fuzzing/header,1,1
post-refactor-20b,uquic-master,fuzzing/header/cmd,1,0
post-refactor-20b,uquic-master,fuzzing/internal,0,1
post-refactor-20b,uquic-master,fuzzing/internal/helper,2,0
post-refactor-20b,uquic-master,fuzzing/tokens,1,0
post-refactor-20b,uquic-master,fuzzing/transportparameters,1,1
post-refactor-20b,uquic-master,fuzzing/transportparameters/cmd,1,0
post-refactor-20b,uquic-master,http3,39,2
post-refactor-20b,uquic-master,http3/internal,0,1
post-refactor-20b,uquic-master,http3/internal/testdata,6,0
post-refactor-20b,uquic-master,http3/qlog,6,0
post-refactor-20b,uquic-master,integrationtests,0,4
post-refactor-20b,uquic-master,integrationtests/gomodvendor,4,0
post-refactor-20b,uquic-master,integrationtests/self,40,0
post-refactor-20b,uquic-master,integrationtests/tools,3,2
post-refactor-20b,uquic-master,integrationtests/tools/israce,2,0
post-refactor-20b,uquic-master,integrationtests/tools/proxy,2,0
post-refactor-20b,uquic-master,integrationtests/versionnegotiation,3,0
post-refactor-20b,uquic-master,internal,0,13
post-refactor-20b,uquic-master,internal/ackhandler,29,0
post-refactor-20b,uquic-master,internal/congestion,12,0
post-refactor-20b,uquic-master,internal/flowcontrol,6,0
post-refactor-20b,uquic-master,internal/handshake,26,0
post-refactor-20b,uquic-master,internal/mocks,8,2
post-refactor-20b,uquic-master,internal/mocks/ackhandler,2,0
post-refactor-20b,uquic-master,internal/mocks/quic,2,0
post-refactor-20b,uquic-master,internal/monotime,2,0
post-refactor-20b,uquic-master,internal/protocol,19,0
post-refactor-20b,uquic-master,internal/qerr,4,0
post-refactor-20b,uquic-master,internal/qtls,2,0
post-refactor-20b,uquic-master,internal/synctest,3,0
post-refactor-20b,uquic-master,internal/testdata,6,0
post-refactor-20b,uquic-master,internal/utils,9,2
post-refactor-20b,uquic-master,internal/utils/linkedlist,2,0
post-refactor-20b,uquic-master,internal/utils/ringbuffer,3,0
post-refactor-20b,uquic-master,internal/wire,68,0
post-refactor-20b,uquic-master,interop,1,2
post-refactor-20b,uquic-master,interop/http09,2,0
post-refactor-20b,uquic-master,interop/utils,1,0
post-refactor-20b,uquic-master,logging,2,0
post-refactor-20b,uquic-master,metrics,0,1
post-refactor-20b,uquic-master,metrics/dashboards,5,0
post-refactor-20b,uquic-master,qlog,12,0
post-refactor-20b,uquic-master,qlogwriter,4,1
post-refactor-20b,uquic-master,qlogwriter/jsontext,2,0
post-refactor-20b,uquic-master,quicvarint,4,0
post-refactor-20b,uquic-master,testutils,2,2
post-refactor-20b,uquic-master,testutils/events,2,0
post-refactor-20b,uquic-master,testutils/simnet,10,0
post-refactor-20b,vanguards-master,.,19,2
post-refactor-20b,vanguards-master,src,1,1
post-refactor-20b,vanguards-master,src/vanguards,12,0
post-refactor-20b,vanguards-master,tests,14,0
post-refactor-20b,water-master,.,23,5
post-refactor-20b,water-master,.github,1,2
post-refactor-20b,water-master,.github/assets,1,0
post-refactor-20b,water-master,.github/workflows,1,0
post-refactor-20b,water-master,configbuilder,3,1
post-refactor-20b,water-master,configbuilder/pb,3,0
post-refactor-20b,water-master,examples,1,1
post-refactor-20b,water-master,examples/v0,0,4
post-refactor-20b,water-master,examples/v0/dialer,2,0
post-refactor-20b,water-master,examples/v0/listener,2,0
post-refactor-20b,water-master,examples/v0/relay,2,0
post-refactor-20b,water-master,examples/v0/watm,4,0
post-refactor-20b,water-master,internal,0,3
post-refactor-20b,water-master,internal/log,4,0
post-refactor-20b,water-master,internal/socket,5,0
post-refactor-20b,water-master,internal/wasip1,3,0
post-refactor-20b,water-master,transport,1,2
post-refactor-20b,water-master,transport/v0,13,1
post-refactor-20b,water-master,transport/v0/testdata,2,0
post-refactor-20b,water-master,transport/v1,15,1
post-refactor-20b,water-master,transport/v1/testdata,2,0
post-refactor-20b,water-rs-main,.,5,5
post-refactor-20b,water-rs-main,.github,2,2
post-refactor-20b,water-rs-main,.github/assets,2,0
post-refactor-20b,water-rs-main,.github/workflows,1,0
post-refactor-20b,water-rs-main,crates,0,3
post-refactor-20b,water-rs-main,crates/water,3,1
post-refactor-20b,water-rs-main,crates/water/src,2,2
post-refactor-20b,water-rs-main,crates/water/src/config,2,0
post-refactor-20b,water-rs-main,crates/water/src/runtime,9,4
post-refactor-20b,water-rs-main,crates/water/src/runtime/net,1,0
post-refactor-20b,water-rs-main,crates/water/src/runtime/v0,6,0
post-refactor-20b,water-rs-main,crates/water/src/runtime/v1,4,0
post-refactor-20b,water-rs-main,crates/water/src/runtime/version_common,2,0
post-refactor-20b,water-rs-main,crates/watm,1,2
post-refactor-20b,water-rs-main,crates/watm/.cargo,1,0
post-refactor-20b,water-rs-main,crates/watm/src,7,1
post-refactor-20b,water-rs-main,crates/watm/src/net,2,0
post-refactor-20b,water-rs-main,crates/watm_v0,2,2
post-refactor-20b,water-rs-main,crates/watm_v0/.cargo,1,0
post-refactor-20b,water-rs-main,crates/watm_v0/src,4,0
post-refactor-20b,water-rs-main,examples,0,2
post-refactor-20b,water-rs-main,examples/clients,0,1
post-refactor-20b,water-rs-main,examples/clients/cli,2,3
post-refactor-20b,water-rs-main,examples/clients/cli/demo_configs,3,0
post-refactor-20b,water-rs-main,examples/clients/cli/demo_wasm,4,0
post-refactor-20b,water-rs-main,examples/clients/cli/src,2,0
post-refactor-20b,water-rs-main,examples/water_bins,1,4
post-refactor-20b,water-rs-main,examples/water_bins/echo_client,3,2
post-refactor-20b,water-rs-main,examples/water_bins/echo_client/.cargo,1,0
post-refactor-20b,water-rs-main,examples/water_bins/echo_client/src,2,0
post-refactor-20b,water-rs-main,examples/water_bins/plain_v0,2,2
post-refactor-20b,water-rs-main,examples/water_bins/plain_v0/.cargo,1,0
post-refactor-20b,water-rs-main,examples/water_bins/plain_v0/src,1,0
post-refactor-20b,water-rs-main,examples/water_bins/reverse_v0,2,2
post-refactor-20b,water-rs-main,examples/water_bins/reverse_v0/.cargo,1,0
post-refactor-20b,water-rs-main,examples/water_bins/reverse_v0/src,1,0
post-refactor-20b,water-rs-main,examples/water_bins/ss_client_wasm_v1,3,2
post-refactor-20b,water-rs-main,examples/water_bins/ss_client_wasm_v1/.cargo,1,0
post-refactor-20b,water-rs-main,examples/water_bins/ss_client_wasm_v1/src,8,0
post-refactor-20b,water-rs-main,scripts,2,0
post-refactor-20b,water-rs-main,tests,1,4
post-refactor-20b,water-rs-main,tests/benches,1,0
post-refactor-20b,water-rs-main,tests/test_data,1,0
post-refactor-20b,water-rs-main,tests/test_wasm,5,0
post-refactor-20b,water-rs-main,tests/tests,4,0
post-refactor-20b,website-master,.,9,1
post-refactor-20b,website-master,src,0,4
post-refactor-20b,website-master,src/build,0,0
post-refactor-20b,website-master,src/main,0,5
post-refactor-20b,website-master,src/main/R,0,1
post-refactor-20b,website-master,src/main/R/rserver,4,0
post-refactor-20b,website-master,src/main/java,0,1
post-refactor-20b,website-master,src/main/java/org,0,1
post-refactor-20b,website-master,src/main/java/org/torproject,0,1
post-refactor-20b,website-master,src/main/java/org/torproject/metrics,0,2
post-refactor-20b,website-master,src/main/java/org/torproject/metrics/stats,0,12
post-refactor-20b,website-master,src/main/java/org/torproject/metrics/stats/advbwdist,1,0
post-refactor-20b,website-master,src/main/java/org/torproject/metrics/stats/bridgedb,1,0
post-refactor-20b,website-master,src/main/java/org/torproject/metrics/stats/bwhist,3,0
post-refactor-20b,website-master,src/main/java/org/torproject/metrics/stats/clients,4,0
post-refactor-20b,website-master,src/main/java/org/torproject/metrics/stats/collectdescs,1,0
post-refactor-20b,website-master,src/main/java/org/torproject/metrics/stats/connbidirect,1,0
post-refactor-20b,website-master,src/main/java/org/torproject/metrics/stats/hidserv,11,0
post-refactor-20b,website-master,src/main/java/org/torproject/metrics/stats/main,1,0
post-refactor-20b,website-master,src/main/java/org/torproject/metrics/stats/onionperf,1,0
post-refactor-20b,website-master,src/main/java/org/torproject/metrics/stats/servers,6,0
post-refactor-20b,website-master,src/main/java/org/torproject/metrics/stats/totalcw,6,0
post-refactor-20b,website-master,src/main/java/org/torproject/metrics/stats/webstats,1,0
post-refactor-20b,website-master,src/main/java/org/torproject/metrics/web,39,0
post-refactor-20b,website-master,src/main/python,1,0
post-refactor-20b,website-master,src/main/resources,4,4
post-refactor-20b,website-master,src/main/resources/doc,1,0
post-refactor-20b,website-master,src/main/resources/graphviz,1,0
post-refactor-20b,website-master,src/main/resources/spec,8,0
post-refactor-20b,website-master,src/main/resources/web,0,8
post-refactor-20b,website-master,src/main/resources/web/css,5,0
post-refactor-20b,website-master,src/main/resources/web/fonts,12,5
post-refactor-20b,website-master,src/main/resources/web/fonts/EOT,12,0
post-refactor-20b,website-master,src/main/resources/web/fonts/OTF,12,0
post-refactor-20b,website-master,src/main/resources/web/fonts/TTF,12,0
post-refactor-20b,website-master,src/main/resources/web/fonts/WOFF,0,2
post-refactor-20b,website-master,src/main/resources/web/fonts/WOFF/OTF,12,0
post-refactor-20b,website-master,src/main/resources/web/fonts/WOFF/TTF,12,0
post-refactor-20b,website-master,src/main/resources/web/fonts/WOFF2,0,2
post-refactor-20b,website-master,src/main/resources/web/fonts/WOFF2/OTF,12,0
post-refactor-20b,website-master,src/main/resources/web/fonts/WOFF2/TTF,12,0
post-refactor-20b,website-master,src/main/resources/web/images,20,2
post-refactor-20b,website-master,src/main/resources/web/images/cc,273,0
post-refactor-20b,website-master,src/main/resources/web/images/flags,34,0
post-refactor-20b,website-master,src/main/resources/web/js,6,1
post-refactor-20b,website-master,src/main/resources/web/js/rs,8,4
post-refactor-20b,website-master,src/main/resources/web/js/rs/collections,2,0
post-refactor-20b,website-master,src/main/resources/web/js/rs/libs,0,7
post-refactor-20b,website-master,src/main/resources/web/js/rs/libs/backbone,1,0
post-refactor-20b,website-master,src/main/resources/web/js/rs/libs/bootstrap,1,0
post-refactor-20b,website-master,src/main/resources/web/js/rs/libs/d3js,6,0
post-refactor-20b,website-master,src/main/resources/web/js/rs/libs/datatables,4,0
post-refactor-20b,website-master,src/main/resources/web/js/rs/libs/jssha,1,0
post-refactor-20b,website-master,src/main/resources/web/js/rs/libs/require,2,0
post-refactor-20b,website-master,src/main/resources/web/js/rs/libs/underscore,1,0
post-refactor-20b,website-master,src/main/resources/web/js/rs/models,3,0
post-refactor-20b,website-master,src/main/resources/web/js/rs/views,0,3
post-refactor-20b,website-master,src/main/resources/web/js/rs/views/aggregate,2,0
post-refactor-20b,website-master,src/main/resources/web/js/rs/views/details,1,0
post-refactor-20b,website-master,src/main/resources/web/js/rs/views/search,2,0
post-refactor-20b,website-master,src/main/resources/web/json,5,0
post-refactor-20b,website-master,src/main/resources/web/jsps,29,0
post-refactor-20b,website-master,src/main/resources/web/properties,5,0
post-refactor-20b,website-master,src/main/resources/web/templates,0,1
post-refactor-20b,website-master,src/main/resources/web/templates/rs,0,3
post-refactor-20b,website-master,src/main/resources/web/templates/rs/aggregate,2,0
post-refactor-20b,website-master,src/main/resources/web/templates/rs/details,3,0
post-refactor-20b,website-master,src/main/resources/web/templates/rs/search,2,0
post-refactor-20b,website-master,src/main/sql,0,6
post-refactor-20b,website-master,src/main/sql/bwhist,1,0
post-refactor-20b,website-master,src/main/sql/clients,1,0
post-refactor-20b,website-master,src/main/sql/onionperf,1,0
post-refactor-20b,website-master,src/main/sql/servers,1,0
post-refactor-20b,website-master,src/main/sql/totalcw,1,0
post-refactor-20b,website-master,src/main/sql/webstats,1,0
post-refactor-20b,website-master,src/submods,0,1
post-refactor-20b,website-master,src/submods/metrics-lib,0,0
post-refactor-20b,website-master,src/test,0,3
post-refactor-20b,website-master,src/test/java,0,1
post-refactor-20b,website-master,src/test/java/org,0,1
post-refactor-20b,website-master,src/test/java/org/torproject,0,1
post-refactor-20b,website-master,src/test/java/org/torproject/metrics,0,2
post-refactor-20b,website-master,src/test/java/org/torproject/metrics/stats,0,4
post-refactor-20b,website-master,src/test/java/org/torproject/metrics/stats/advbwdist,1,0
post-refactor-20b,website-master,src/test/java/org/torproject/metrics/stats/connbidirect,1,0
post-refactor-20b,website-master,src/test/java/org/torproject/metrics/stats/servers,2,0
post-refactor-20b,website-master,src/test/java/org/torproject/metrics/stats/totalcw,1,0
post-refactor-20b,website-master,src/test/java/org/torproject/metrics/web,1,0
post-refactor-20b,website-master,src/test/resources,0,2
post-refactor-20b,website-master,src/test/resources/servers,8,0
post-refactor-20b,website-master,src/test/resources/totalcw,5,0
post-refactor-20b,website-master,src/test/sql,0,2
post-refactor-20b,website-master,src/test/sql/ipv6servers,1,0
post-refactor-20b,website-master,src/test/sql/userstats,1,0
post-refactor-20b,websocket-main,.,32,2
post-refactor-20b,websocket-main,.circleci,1,0
post-refactor-20b,websocket-main,.github,1,0
post-refactor-20b,wgsocks-main,.,8,0
post-refactor-20b,wsnet-master,.,10,5
post-refactor-20b,wsnet-master,cmake,6,0
post-refactor-20b,wsnet-master,include,0,1
post-refactor-20b,wsnet-master,include/wsnet,19,0
post-refactor-20b,wsnet-master,resources,3,0
post-refactor-20b,wsnet-master,src,5,10
post-refactor-20b,wsnet-master,src/api,3,2
post-refactor-20b,wsnet-master,src/api/bridgeapi,13,0
post-refactor-20b,wsnet-master,src/api/serverapi,20,0
post-refactor-20b,wsnet-master,src/apiresourcesmanager,7,0
post-refactor-20b,wsnet-master,src/decoytraffic,5,0
post-refactor-20b,wsnet-master,src/dnsresolver,9,0
post-refactor-20b,wsnet-master,src/emergencyconnect,4,0
post-refactor-20b,wsnet-master,src/failover,4,1
post-refactor-20b,wsnet-master,src/failover/failovers,1,0
post-refactor-20b,wsnet-master,src/httpnetworkmanager,13,0
post-refactor-20b,wsnet-master,src/pingmanager,16,1
post-refactor-20b,wsnet-master,src/pingmanager/apple,4,0
post-refactor-20b,wsnet-master,src/public,1,1
post-refactor-20b,wsnet-master,src/public/failover,3,0
post-refactor-20b,wsnet-master,src/utils,16,0
post-refactor-20b,wsnet-master,tools,3,0
