donor,directory,tree_sha256,direct_files,direct_dirs,descendant_files,descendant_symlinks
Hiddify-Manager-dev,.,17d327f5beedb9802fe431ecca8f0ecb53849e8388d947980a302450cb305beb,29,13,404,0
Hiddify-Manager-dev,.github,e7b616fe7fe5d74ed97b2661dd85f571ff3f6ab12cf842555d563c4dfeb410dc,3,2,10,0
Hiddify-Manager-dev,.github/ISSUE_TEMPLATE,7047c89ac2fc421225d449fcc5cf6dc8e695928756af58f288f41ffd8f27bbbf,3,0,3,0
Hiddify-Manager-dev,.github/workflows,bc491cba74ce248bbf7fba4b453e81b2d4a2be8b54d8d63e9a5b1811287b3707,4,0,4,0
Hiddify-Manager-dev,.vscode,19e14e1502439d4c9fc0b0f970dc36fc7820667f1a84c6055a46b10408126866,3,0,3,0
Hiddify-Manager-dev,acme.sh,ec0c4fb17f63e8578bd2ef24b36209865177cb5ad4b2f5a813f614dc873006dc,6,0,6,0
Hiddify-Manager-dev,btn-deploy,283244d95cc0ab6b10afae0e13f40fb12ec1c0d951ae70f102ef862a18b23bdf,0,1,17,0
Hiddify-Manager-dev,btn-deploy/oracle,283244d95cc0ab6b10afae0e13f40fb12ec1c0d951ae70f102ef862a18b23bdf,17,0,17,0
Hiddify-Manager-dev,common,810105ce47b72d724c5e0bed10b350f6e62e4106f1961c07aa302371e740256a,23,1,24,0
Hiddify-Manager-dev,common/__pycache__,7e1495342e6951e45cf4b22cb2cbb36585a0ff528e6f6c2612c40fa956ef2083,1,0,1,0
Hiddify-Manager-dev,docs,21e8e60bd1ccc790d283e0c532816425567298b725ae6081f31d32f3f3f91114,5,0,5,0
Hiddify-Manager-dev,haproxy,a83493154dbb70f894a1c3af2b2b8b01e1e2a0e47ab291557203589349517340,4,4,21,0
Hiddify-Manager-dev,haproxy/backends,49e03b3990cbb22060c6364d47b2e3c38a34446c580086e1900a403d47b77998,2,0,2,0
Hiddify-Manager-dev,haproxy/fronts,4cfce79bf956d2b92bbb7cd52d85e70a37b79b766ae61956967ffdb0faca5efa,5,0,5,0
Hiddify-Manager-dev,haproxy/iplists,eea476c622f8b8777b9afcf01be0fe5fc0f8c9664c5839fcd0a18b1f11ed0a25,3,0,3,0
Hiddify-Manager-dev,haproxy/maps,4c43eece1445c69aae5f93cd66fbfb0c9e0ef2adaf9753912d9603807d9322c4,7,0,7,0
Hiddify-Manager-dev,hiddify-panel,7b2664ee8bf690b88011ca7ea65d961e24d5fbe052b90a712f8515dff0d89d60,11,0,11,0
Hiddify-Manager-dev,nginx,9525a689f96b09a15b6f5feeabf7e22ebabbf8228d8b5206362982f08887e26d,9,2,24,0
Hiddify-Manager-dev,nginx/conf.d,2b32427a24b7bca063b5d554213dfcdcc87d484eb0e4b8c03af73f070c1fcd4f,3,0,3,0
Hiddify-Manager-dev,nginx/parts,4c9139bc90e5b95b172b033384de3f43cfd294864d463fc80366f1d1591c3d70,12,0,12,0
Hiddify-Manager-dev,operations,e143815c897256564a45c713d0c1699ae1017f5e1257eeae5cfca85ba988f474,0,1,6,0
Hiddify-Manager-dev,operations/lxd,e143815c897256564a45c713d0c1699ae1017f5e1257eeae5cfca85ba988f474,3,1,6,0
Hiddify-Manager-dev,operations/lxd/utils,a675ad774694c87311ecc72e147cd85d001c9d64f3c28ce1d899801f9ef87dab,3,0,3,0
Hiddify-Manager-dev,other,3d19d8ac00bf06a94716bf946311f853f403ed93ca63877bbc32f92da2319c35,0,13,168,0
Hiddify-Manager-dev,other/deprecated,9d8d8ccdb4e0a88d17ed0cfa55c42c7bde7b3a23b917916e20564e4eb5881a4a,2,12,56,0
Hiddify-Manager-dev,other/deprecated/caddy,96bb4f02e31054daeb727e08f805b3bace8efa25360c5c471bcfaf2366579437,4,0,4,0
Hiddify-Manager-dev,other/deprecated/certbot,e6e00344115b8a7127870135dd3c910a10898b4b3af26ee78aaed9643a8ab2a0,2,0,2,0
Hiddify-Manager-dev,other/deprecated/clash,493dc3e04c2fc70d7f8459147d378fd2405e4a1ad912840c0520834c4f2de8b1,9,1,14,0
Hiddify-Manager-dev,other/deprecated/clash-server,6de6ad322625f31c31b4e70dbce2501e82ef2cb35d6a0177c196de945b6dead6,4,1,5,0
Hiddify-Manager-dev,other/deprecated/clash-server/data,c5747efe20db2f491e912f83a140b7ddfd094fada1a4309b4206c2c01e97cb64,1,0,1,0
Hiddify-Manager-dev,other/deprecated/clash/rules,013313cbc30a0292be363ecf821abb7f4b8a7b47b461a48bec05218e939d8d10,5,0,5,0
Hiddify-Manager-dev,other/deprecated/monitoring,8d66da0ceadfbc9881466a8a9a098191ba43bc4ad32aaada746a2a26439e5027,6,0,6,0
Hiddify-Manager-dev,other/deprecated/netdata,2de02f7b018b4b08fae528114d3efc6387b7beb8ddcdc2e5d0661e7cf932f438,4,0,4,0
Hiddify-Manager-dev,other/deprecated/nginx,f24fed27bd43b2db86417371ee765e74326d618390afec372b581749a184def1,1,0,1,0
Hiddify-Manager-dev,other/deprecated/shadowtls,955490e3480ddc8a01a773d34142cbb73ad8a16ed49e5436c7c302b32f55585d,4,0,4,0
Hiddify-Manager-dev,other/deprecated/sniproxy,83fc5394c685411a3d1bbffcbd48a8d89c9880f50fdbe7ea6e7a5bbb0e433185,4,0,4,0
Hiddify-Manager-dev,other/deprecated/trojan-go,f58277cedbdccb16212b71de72ebdf6f128c9e41279c6d94c5b4af0243b5e222,4,0,4,0
Hiddify-Manager-dev,other/deprecated/vmess,3f8c6f713a258cfd7d4902712969571d4851f03bb37179b76239d20be85f8c76,4,0,4,0
Hiddify-Manager-dev,other/deprecated/xray,421ba4153e1add701f2d4519d73a564b2d2e5bc535cf053a60196ff68f44f176,2,0,2,0
Hiddify-Manager-dev,other/dnstt,f041b4e7c49733cde8d9f584513b497fd3cd4aa0292e90d607fbe9cacf6deb5a,4,1,5,0
Hiddify-Manager-dev,other/dnstt/dnstm_configs,92c06311a31d70a52d43d0a383deb766387f0252732cd748253e452d3a270900,1,0,1,0
Hiddify-Manager-dev,other/docker,e1a23f44312e1d9397ab81fe0854cb6dc48c5199174f20f689cf73d737d001db,2,0,2,0
Hiddify-Manager-dev,other/hiddify-cli,a633b88617c5da785f9c06f63167bcf474edf6b540a15d97d311d15c0834e198,5,0,5,0
Hiddify-Manager-dev,other/mysql,6a79568a292525508ac3320a64c48a3838c0b69815cafc7f28a9888818877885,1,0,1,0
Hiddify-Manager-dev,other/redis,52618171d561995b2fc44be82314cb2db3b9589f68ff08402712263a07b0d510,4,0,4,0
Hiddify-Manager-dev,other/speedtest,316185166777e024afd3d8b775719c8a6f7d522852d517c99495372e0cee6f29,7,1,37,0
Hiddify-Manager-dev,other/speedtest/assets,da164587241bfa8ed4152acd8d8dcf9a9e955e50d54644ac14d07dfbd4659234,0,4,30,0
Hiddify-Manager-dev,other/speedtest/assets/css,76e71e67312611b0dd8c141670089c3f9adfc5bebba4ff965a38e7741897606a,2,0,2,0
Hiddify-Manager-dev,other/speedtest/assets/fonts,05aec3562aa2d037db8b06a08e47bd0ca66272f3e23ead1e25fc65979362f953,10,0,10,0
Hiddify-Manager-dev,other/speedtest/assets/images,42fdb05495d34b02ea290dcdc9c90612a5a720676284d56f6538a5cc75d2c0c6,1,1,15,0
Hiddify-Manager-dev,other/speedtest/assets/images/icons,c8cc7aaa990ae08a4842dbb60876d7ee1355c4950c19ae60f9d3dbb2ff2490d2,14,0,14,0
Hiddify-Manager-dev,other/speedtest/assets/js,6c25926d700023f3c60ca5fbf5b163f9a6a8ff5048a6bb2b0073a4bd7e36ce6c,3,0,3,0
Hiddify-Manager-dev,other/ssfaketls,c5463cce6454a3c871e1c423075f90303bbc9d18ae192dee62feee8dbaa42163,4,0,4,0
Hiddify-Manager-dev,other/ssh,bb662d155a1427fa76fe0f1c20535723dcfe478120c247c56744b4b694a89b11,5,0,5,0
Hiddify-Manager-dev,other/telegram,38b69f98f8368145b2cdc57c0239a754aa7db6f6d66c48614713ed4dec967f11,3,5,23,0
Hiddify-Manager-dev,other/telegram/erlang,2f33c674f4392ee16113c6353f90ac62b25594b62105381df7821ab6f594232c,3,0,3,0
Hiddify-Manager-dev,other/telegram/orig,f6a0a39ea7ab6d9e2a34dd80f36c7c135272cd5bc52ee3d4b241c60d00b6b702,4,0,4,0
Hiddify-Manager-dev,other/telegram/python,d2fdf32d47f5b302f0a8da3cb430032b9841eea74d7631e160be7a58ab3a0154,4,0,4,0
Hiddify-Manager-dev,other/telegram/telemt,61802224c53ff59e2b38b4897a859e542810fbd86b32846fb2ef2ade872e111e,5,0,5,0
Hiddify-Manager-dev,other/telegram/tgo,d9dfe1d0b2609e05e86d5139e8ed00d0b57fadf218444af42654b39422e3249d,4,0,4,0
Hiddify-Manager-dev,other/v2ray,6b96f048f3966a12afd77036f3e5f0943cea965e7e3c5b3717490c01a718e511,3,0,3,0
Hiddify-Manager-dev,other/warp,7057d17a60ae85e2dd67422881644f5dccd55f3513f1b5e379ab51d2ab702b19,5,2,18,0
Hiddify-Manager-dev,other/warp/singbox,ecbc7b1a75a05748ecf7165b6e03b38200dbb596855cc2173a2e1142b908360e,7,0,7,0
Hiddify-Manager-dev,other/warp/wireguard,250c4cec623f66d86b4620671102a4549558e0cde2895788712e41e3f0c8a883,6,0,6,0
Hiddify-Manager-dev,other/wireguard,1ee923bf8bef569050bf422d890fa2f2cefee065b6d5f116f67bfca35ba1a425,5,0,5,0
Hiddify-Manager-dev,singbox,6bee01f2e3b2fbcbd7e4756dbbca079d2bac301ec3a76fe9a12398edac1ebbf1,5,2,48,0
Hiddify-Manager-dev,singbox/configs,4f34f4a6347896a3fa557a0516e4d87714d4cc671f2cb0d4f92ed29947ab3d36,18,2,32,0
Hiddify-Manager-dev,singbox/configs/common,cafca33321c8799cf0dfa3683c12852185ecb3736883b828b32c8926e0dbd574,0,2,13,0
Hiddify-Manager-dev,singbox/configs/common/protocols,04659321572ad29fcb4e9a00848a9a131cc756e25ad70a6cbecbbabf435fd92f,8,0,8,0
Hiddify-Manager-dev,singbox/configs/common/streams,30377b1fd89da44ebbc466b4c8a5d0e11cb11fca040597785d4b3f55591f7548,5,0,5,0
Hiddify-Manager-dev,singbox/configs/includes,8dbc1ce8fbfc25dcafd273a3d3038b36ee8e0f3b73e5e413902d672ab6495610,1,0,1,0
Hiddify-Manager-dev,singbox/tests,c91f05e82834de7bb963afa29b1d55b3293788f148ff13955e9d21c876849cb1,11,0,11,0
Hiddify-Manager-dev,xray,ccb8e8c15cd272c21b4cf106c07db85341f80028fb78ffa483f3947e381e6da2,6,1,32,0
Hiddify-Manager-dev,xray/configs,0252bfeba8ec3b5c2fb91a4405942bb31923917d8656c78b2a88fda584e51c91,17,1,26,0
Hiddify-Manager-dev,xray/configs/common,9293935d1e28d76ca98311a77246a0cf39a81ee39c2bec360c10e9e07aa9cefb,0,2,9,0
Hiddify-Manager-dev,xray/configs/common/protocols,135ba5ee22a66d911c874b7bc9ce72fdeb755cb1be0264bddf49a1f71b38aa82,4,0,4,0
Hiddify-Manager-dev,xray/configs/common/streams,10f8ae469f338f75eab8fb712ebe7930e224273007a7969c14cec5867af7b5aa,5,0,5,0
IPScanner-main,.,ce623436f52af7e294b29d2342bc238b14b9681f183e7f0c1d9c0f9cbb7b391b,3,3,15,0
IPScanner-main,.readme,184f17b71af5d8e46ca9c007f5791552cb9db6baf34fcf61d39f09772f5fe9a5,10,0,10,0
IPScanner-main,cmd-wmic-version,314a7be6dff5eecdecd88c23bb8d500a1c83b72935ed507615dcd441049c2f6e,1,0,1,0
IPScanner-main,console-crossplatform,765a94401212044f978c416394825943d05b5b5f584d3845b76482917950ddae,1,0,1,0
NoMoreWalls-master,.,52201a2489520fb9334ebfdb1cf6f90b5d434a29f61b68bf166ebcd2c14102e0,14,2,58,0
NoMoreWalls-master,.github,96818a54b2133a489f3937d71a56da7cfc84ca54afadf7eb81a479dcbf06bcd9,0,1,1,0
NoMoreWalls-master,.github/workflows,96818a54b2133a489f3937d71a56da7cfc84ca54afadf7eb81a479dcbf06bcd9,1,0,1,0
NoMoreWalls-master,snippets,5ae2406923404d90e18138fd9b0b034dabfb00d72b8e44ee277502ac2fc9b307,43,0,43,0
SenPaiScanner-main,.,0835ea1e852ec359758549fd0d91c0ea64b22da481262ed925a0b30afc824675,11,7,97,0
SenPaiScanner-main,.github,3853d79af762e0ea24f263d1d7ba506d4c33a7a6a7e4de49c129f1b6883db045,0,1,2,0
SenPaiScanner-main,.github/workflows,3853d79af762e0ea24f263d1d7ba506d4c33a7a6a7e4de49c129f1b6883db045,2,0,2,0
SenPaiScanner-main,android,a6bc130b26cefc283b8a38c51e1a55047dbbb8447461dd21d8acd6166bd6f378,8,2,46,0
SenPaiScanner-main,android/app,abf2c280b23cd61ad73e682eef5ab90f07e0ce5901d22070c4b6b3b6b32ba218,3,1,35,0
SenPaiScanner-main,android/app/src,d5ddcdfce7b8076dcf17045a8ec836e3821d843ca3371c65dd4c8fca8b0e9f2d,0,3,32,0
SenPaiScanner-main,android/app/src/androidTest,54a5a39caa07b52e3ae6068d94f87035159a3176b2e2a938b4d8f4f658e60a22,0,1,1,0
SenPaiScanner-main,android/app/src/androidTest/java,54a5a39caa07b52e3ae6068d94f87035159a3176b2e2a938b4d8f4f658e60a22,0,1,1,0
SenPaiScanner-main,android/app/src/androidTest/java/com,54a5a39caa07b52e3ae6068d94f87035159a3176b2e2a938b4d8f4f658e60a22,0,1,1,0
SenPaiScanner-main,android/app/src/androidTest/java/com/matinsenpai,54a5a39caa07b52e3ae6068d94f87035159a3176b2e2a938b4d8f4f658e60a22,0,1,1,0
SenPaiScanner-main,android/app/src/androidTest/java/com/matinsenpai/senpaiscanner,54a5a39caa07b52e3ae6068d94f87035159a3176b2e2a938b4d8f4f658e60a22,0,1,1,0
SenPaiScanner-main,android/app/src/androidTest/java/com/matinsenpai/senpaiscanner/ui,54a5a39caa07b52e3ae6068d94f87035159a3176b2e2a938b4d8f4f658e60a22,0,1,1,0
SenPaiScanner-main,android/app/src/androidTest/java/com/matinsenpai/senpaiscanner/ui/main,54a5a39caa07b52e3ae6068d94f87035159a3176b2e2a938b4d8f4f658e60a22,1,0,1,0
SenPaiScanner-main,android/app/src/main,fd1cff3557a11eeeda9184e73d8261e292002fef6b13d403e5754350d21348ae,1,2,30,0
SenPaiScanner-main,android/app/src/main/java,5cd18d1efa0147e54dbc44f38095e237494a557b0f6e39f4c7d9bbca5cfda023,0,1,8,0
SenPaiScanner-main,android/app/src/main/java/com,5cd18d1efa0147e54dbc44f38095e237494a557b0f6e39f4c7d9bbca5cfda023,0,1,8,0
SenPaiScanner-main,android/app/src/main/java/com/matinsenpai,5cd18d1efa0147e54dbc44f38095e237494a557b0f6e39f4c7d9bbca5cfda023,0,1,8,0
SenPaiScanner-main,android/app/src/main/java/com/matinsenpai/senpaiscanner,5cd18d1efa0147e54dbc44f38095e237494a557b0f6e39f4c7d9bbca5cfda023,1,3,8,0
SenPaiScanner-main,android/app/src/main/java/com/matinsenpai/senpaiscanner/data,990a0e91648eed07c0406893d57d6d9869d3bdf5b9e4bf591d8889f245552031,1,0,1,0
SenPaiScanner-main,android/app/src/main/java/com/matinsenpai/senpaiscanner/theme,e94f54f108e288fb7cec3055da36a819584ca6b52fbbb3787cdb9495fca30d64,3,0,3,0
SenPaiScanner-main,android/app/src/main/java/com/matinsenpai/senpaiscanner/ui,db9735e7b1eadc464b927d83ccc93bea5ee63e18325ca61e98e9e99a86747414,0,1,3,0
SenPaiScanner-main,android/app/src/main/java/com/matinsenpai/senpaiscanner/ui/main,db9735e7b1eadc464b927d83ccc93bea5ee63e18325ca61e98e9e99a86747414,3,0,3,0
SenPaiScanner-main,android/app/src/main/res,7101d904609be0888b2a7e6bbbcab2f6eb1810c3a31e754d96466fe9384a22fb,0,10,21,0
SenPaiScanner-main,android/app/src/main/res/drawable,e0da9f5097e2077b8fa5a88c9f526ce71b9f658d9c7728b23a250a929e34093f,3,0,3,0
SenPaiScanner-main,android/app/src/main/res/drawable-nodpi,4837dfbf7d848468e63e86e9df1d52efa4b17801b7006609fa9a45a1eecaa6ba,1,0,1,0
SenPaiScanner-main,android/app/src/main/res/mipmap-anydpi-v26,fcc56d860afdcb1fd14e0f017ca71ab5d190ee232efb14773a35383710504ada,2,0,2,0
SenPaiScanner-main,android/app/src/main/res/mipmap-hdpi,abd944f36aa25a2e136818d5e5d469db6caad4e21e5d88b50b0c800a93ee0645,2,0,2,0
SenPaiScanner-main,android/app/src/main/res/mipmap-mdpi,40d9844d61095bc38785b4f79f8c2dd8f2c08692f7e7e1c162ea72855b05b8d1,2,0,2,0
SenPaiScanner-main,android/app/src/main/res/mipmap-xhdpi,e9920d836d97fdb452abf1be3e937070ce904d1fd80c19c27663d03b221459a6,2,0,2,0
SenPaiScanner-main,android/app/src/main/res/mipmap-xxhdpi,1d0587d950859ff372b9bb30ee18143f2d9135d9c83fa40abb067cbd4e0c1180,2,0,2,0
SenPaiScanner-main,android/app/src/main/res/mipmap-xxxhdpi,aade98c689ad6d2e921080e9b17361cab2917a5554956871f6250fcbcda556e3,2,0,2,0
SenPaiScanner-main,android/app/src/main/res/values,b7faf19fd92cfde718c06b4ad676c438b9096623175a2686d6740716a78e72f7,3,0,3,0
SenPaiScanner-main,android/app/src/main/res/xml,ca933391cc96b024384fbbf73715c6db5623d7cbaccd20f52d86a3da0254f1c9,2,0,2,0
SenPaiScanner-main,android/app/src/test,242640b7ce8d5f14797f27cb062f396a1ced9aae127fdec0598083d99ea0b626,0,1,1,0
SenPaiScanner-main,android/app/src/test/java,242640b7ce8d5f14797f27cb062f396a1ced9aae127fdec0598083d99ea0b626,0,1,1,0
SenPaiScanner-main,android/app/src/test/java/com,242640b7ce8d5f14797f27cb062f396a1ced9aae127fdec0598083d99ea0b626,0,1,1,0
SenPaiScanner-main,android/app/src/test/java/com/matinsenpai,242640b7ce8d5f14797f27cb062f396a1ced9aae127fdec0598083d99ea0b626,0,1,1,0
SenPaiScanner-main,android/app/src/test/java/com/matinsenpai/senpaiscanner,242640b7ce8d5f14797f27cb062f396a1ced9aae127fdec0598083d99ea0b626,0,1,1,0
SenPaiScanner-main,android/app/src/test/java/com/matinsenpai/senpaiscanner/ui,242640b7ce8d5f14797f27cb062f396a1ced9aae127fdec0598083d99ea0b626,0,1,1,0
SenPaiScanner-main,android/app/src/test/java/com/matinsenpai/senpaiscanner/ui/main,242640b7ce8d5f14797f27cb062f396a1ced9aae127fdec0598083d99ea0b626,1,0,1,0
SenPaiScanner-main,android/gradle,b8eb02ef192ee0ab9e1a6e812c4ae9b830692994689189b8b589d8c41a453c85,1,1,3,0
SenPaiScanner-main,android/gradle/wrapper,eb824b2df2548c43201b884031c938bdd9ab4081468114f13cc3631a3436398e,2,0,2,0
SenPaiScanner-main,cmd,85d0650df2d6616769212c96091f92883557ea18c1e26d2c810a7086ccc13499,0,1,1,0
SenPaiScanner-main,cmd/senpaiscanner,85d0650df2d6616769212c96091f92883557ea18c1e26d2c810a7086ccc13499,1,0,1,0
SenPaiScanner-main,internal,b7ffa578b9c284ceb27497f425ceac991a369732d07f2dc8847b42554be03de8,0,9,32,0
SenPaiScanner-main,internal/banner,abac6031d17763dea83570e475757da3fa1b8aef455553560a451bc658253fb0,1,0,1,0
SenPaiScanner-main,internal/config,32c744b3a4c40469a93db2f0e54ea3c26af00598846c0024e908db88000d0ecd,1,0,1,0
SenPaiScanner-main,internal/engine,7161e34263973ef3c9f151bc01d901bbd44d6c8186aaf0074299df67c20859c3,1,0,1,0
SenPaiScanner-main,internal/ipsrc,d6acd71f6b8d040e1893dc446dafd5949a7233c8415ce47dc63328f803198596,6,0,6,0
SenPaiScanner-main,internal/output,fd3626146b2e6f0cb715f50a3b5a99817f20b6e30a8e74b374966613ff0c6469,1,0,1,0
SenPaiScanner-main,internal/prober,63b0f7cc54736ca97953e0955388e93ec18aba4403a84220dafb9b8d791ab18c,2,0,2,0
SenPaiScanner-main,internal/result,9a03df2547b9edda675d3aecbf84c491a60331cf142a1ef571044d7c4fbc8e71,2,0,2,0
SenPaiScanner-main,internal/ui,7cdc149e450e5ec8e3cb86065ec97ed939935b4f49cd72cea4eab3d6889642ad,9,0,9,0
SenPaiScanner-main,internal/xraytest,0063e581265bee0961a10072ff270082423f477838decd24dab82d296d014123,9,0,9,0
SenPaiScanner-main,logo,777109e82f7803b775aad1f4232f2e7348689f7e2dbb23875f81026bf3a7300e,1,0,1,0
SenPaiScanner-main,mobile,dc008b6988af67c2b9053a9851d2a6cac4e51aa9026d3ed6e436ba4ccaee918f,2,0,2,0
SenPaiScanner-main,pkg,9280dad7b6d0657096fab7669ff64fc1baa7272dfa9cbdb1b284638d2189d98c,0,2,2,0
SenPaiScanner-main,pkg/scanner,bba34211631c1c7ddbf0809419773646a4ffc7d0dd04f5f0ca9db75b680ba69d,1,0,1,0
SenPaiScanner-main,pkg/version,d6bbe813f2a80cffa49355dca2fb17ef710250a872a1a642bfa1a6ad79e0fdd5,1,0,1,0
bine-master,.,97e498741d7eb7a5b98977217fc354d69931e9de41d5e26abf5e18853279d8e4,6,7,75,0
bine-master,control,c277907e74a14982752e3c89addd93db4547db16271bd359d14a4a514f3600b0,14,0,14,0
bine-master,examples,be4f50839c9de006cec3e1e1ea8c650d7fe362f35316c9e802ddb3690bfae253,3,6,12,0
bine-master,examples/embeddedfileserver,2faa74dfa6c82455cf0f30102d23ae13b889e8c058320259ab589055178729cc,1,0,1,0
bine-master,examples/embeddedversion,b49e30381552441d3ea8d6f0cc734e99d49591064bf184b70985d1df327d9ac5,1,0,1,0
bine-master,examples/grpc,6aa4e079134cfdddff15ac6bd107688297180a4b48d0dbed80cb724e46202ede,1,1,3,0
bine-master,examples/grpc/pb,2e8dfded0d7c1702307f2a0f100afdfd22d0b97ee46f34f6f3bc3b635dc5343a,2,0,2,0
bine-master,examples/httpaltsvc,0be54e98f94f3b53902e93feed962a638d83dc417aff506862cbc354e746b0e6,2,0,2,0
bine-master,examples/simpleclient,642997b6e3651318873216887f0216948184d33843832adb946f475d1bf1d65b,1,0,1,0
bine-master,examples/simpleserver,83fcbcd1cd2ab1a96185103fb19d34c46c61e39c37626014773d97f222e4043f,1,0,1,0
bine-master,logo,d84fcf41a9f5abd38e9349421ebec275759b4866f4d535010f9d4642bd541af4,2,0,2,0
bine-master,process,f0ac6e56d2733d1cb36a0278ea9c2e02ff250574a287901486be93803e6f3241,1,1,8,0
bine-master,process/embedded,74e6430bd2273572bb993389a0fd4ba7af3020ecc256f882f2e9035c26a25667,1,3,7,0
bine-master,process/embedded/tor-0.3.3,7ab89358334d6aaaf9bbfb9abbb28f49264b9b5b4ede1a39955d74c4f51091dd,1,1,2,0
bine-master,process/embedded/tor-0.3.3/embeddedtest,6bfd31bde65ce4fbd21d2799128e560ab5f71ea9befcd15d34e332a575ba7bc5,1,0,1,0
bine-master,process/embedded/tor-0.3.5,ecbb1505c4f6e7a75706df607de8fe492c362752f0ed88a5e5ee58daad60db66,1,1,2,0
bine-master,process/embedded/tor-0.3.5/embeddedtest,f01499725706f5e4f671e4100fc6c4835a0f90508216b35b7adea399cb6129f7,1,0,1,0
bine-master,process/embedded/tor-0.4.7,21866cee193202f60c970e70fe19ff67f3eedafa7cea4cdd223b9eb8ee2af303,1,1,2,0
bine-master,process/embedded/tor-0.4.7/embeddedtest,7c72cb4b2dc793cbe061f607dbbd2d4b78573cd0b1c04cea710fa4ff05b5db0d,1,0,1,0
bine-master,tests,fbfb2b06dbf9814a204c30cbd40c16e0beb5734bf18e0d298477778ce830cea8,13,0,13,0
bine-master,tor,de6d41fef1b9dc14e6b029471d774b180092b185146afba9ea7fe2d367b82a03,6,0,6,0
bine-master,torutil,de1689bc7dcfbfaef39f040bfe54b8f2489be9c217cbd6bee0ab930dd4b3c0e9,5,2,14,0
bine-master,torutil/ed25519,a31466c438c48386fe7f6dcec98874a3a27b93c431c30ed7677f0f22d6bf9a72,2,2,6,0
bine-master,torutil/ed25519/internal,6d3e7ce0b0bfc4d8814faa22967a89e74c1ae543708310b96c9c48254839f613,0,1,3,0
bine-master,torutil/ed25519/internal/edwards25519,6d3e7ce0b0bfc4d8814faa22967a89e74c1ae543708310b96c9c48254839f613,3,0,3,0
bine-master,torutil/ed25519/testdata,7016df032b2e9bd84a84a01ef5ffb77710badfa1683aa321608f08d7342a76e7,1,0,1,0
bine-master,torutil/geoipembed,506eda77b0ad3666aa4a6d50044fb74cb3f3263eb27268cac1797b6b5418a872,3,0,3,0
bridgedb-main,.,789dd7f50cd0625e08977f174af9de969b45fda996ccf3f1de3491e38e1dbf9a,20,6,356,66
bridgedb-main,bridgedb,0c0f97e5ef069061bb81f1b3853ca1f5f70e73f79ad1bc3b03e7e68a5b0f45cf,30,4,230,0
bridgedb-main,bridgedb/distributors,d4aecf977831a120ca68bbdd9ddbfe7d3dc149b0c5a66a1de9b27eefaef48ecb,1,4,55,0
bridgedb-main,bridgedb/distributors/common,75c5046f93b903938db62537d50bec9126cdcbf6355e66ea768deb34f2db8d8a,2,0,2,0
bridgedb-main,bridgedb/distributors/email,869334f2c557ee04bb0ab5ce080e8ed3ff96abd597b259d712aeff33150bdb53,7,0,7,0
bridgedb-main,bridgedb/distributors/https,7a6040650895ce37508811c8f8bbbcba20442830cece3409d8bf488c6ac70c70,4,1,41,0
bridgedb-main,bridgedb/distributors/https/templates,6a0818e54fbe2cf6440340dc6cb168ec6ee88520b94f098ed2a97771e8afffb9,8,1,37,0
bridgedb-main,bridgedb/distributors/https/templates/assets,dcbfa5775342d6489de9d46c904766cf2c169a59dfeba0d5694f3e09ea529de8,2,3,29,0
bridgedb-main,bridgedb/distributors/https/templates/assets/css,6864cd73dd9ba05cff64633c8893ca9bd962358771662cc7de41107d692af514,6,0,6,0
bridgedb-main,bridgedb/distributors/https/templates/assets/font,c18fa823adee96cc3e0c920cb1db0b4491482390f2342bec4dfdedf73339c34c,7,0,7,0
bridgedb-main,bridgedb/distributors/https/templates/assets/images,b69a11da0d268a864abfaf8b308d2b546fad0917e30f532b50436a42166fd4fd,14,0,14,0
bridgedb-main,bridgedb/distributors/moat,035a6e79c795f4109d9ad3616f0e19184d5ec3079c5e1b81ccdca038fdbf7f88,4,0,4,0
bridgedb-main,bridgedb/i18n,1885336f89d371507531c87078aac0daa262e053d1ee8a1f200e01d582b89e43,0,82,82,0
bridgedb-main,bridgedb/i18n/ar,47badff10adf5460a150cd7404bf23871137fdb0015a5943922867448b8a3e77,0,1,1,0
bridgedb-main,bridgedb/i18n/ar/LC_MESSAGES,47badff10adf5460a150cd7404bf23871137fdb0015a5943922867448b8a3e77,1,0,1,0
bridgedb-main,bridgedb/i18n/az,3c26f1582f4d70e24dae34111f85967d98dbf0f75cf5ad2b7a46852de9432b0a,0,1,1,0
bridgedb-main,bridgedb/i18n/az/LC_MESSAGES,3c26f1582f4d70e24dae34111f85967d98dbf0f75cf5ad2b7a46852de9432b0a,1,0,1,0
bridgedb-main,bridgedb/i18n/be,1a50537507890ce35c3ab8a828ccb80b4c130fb510c3b7c1f508f6de5b0498fe,0,1,1,0
bridgedb-main,bridgedb/i18n/be/LC_MESSAGES,1a50537507890ce35c3ab8a828ccb80b4c130fb510c3b7c1f508f6de5b0498fe,1,0,1,0
bridgedb-main,bridgedb/i18n/bg,0529c8b73ba4db44bd8ddb5095bc9a6d1bab3bccb7448d4248d910c2f671ce62,0,1,1,0
bridgedb-main,bridgedb/i18n/bg/LC_MESSAGES,0529c8b73ba4db44bd8ddb5095bc9a6d1bab3bccb7448d4248d910c2f671ce62,1,0,1,0
bridgedb-main,bridgedb/i18n/bn,d4cd743719a69ca4c4df1d2542622f946dbc2443f5c77b30207f34df894d6812,0,1,1,0
bridgedb-main,bridgedb/i18n/bn/LC_MESSAGES,d4cd743719a69ca4c4df1d2542622f946dbc2443f5c77b30207f34df894d6812,1,0,1,0
bridgedb-main,bridgedb/i18n/bs,c3f94918aeba77ac0ee353b34e3986762dff2bba97ed5b49361f6824bbcbee66,0,1,1,0
bridgedb-main,bridgedb/i18n/bs/LC_MESSAGES,c3f94918aeba77ac0ee353b34e3986762dff2bba97ed5b49361f6824bbcbee66,1,0,1,0
bridgedb-main,bridgedb/i18n/ca,02c60d2c2e8664650cc9f0b5027d1302e1cfdefd05178a675c5037b0f6cbc4ed,0,1,1,0
bridgedb-main,bridgedb/i18n/ca/LC_MESSAGES,02c60d2c2e8664650cc9f0b5027d1302e1cfdefd05178a675c5037b0f6cbc4ed,1,0,1,0
bridgedb-main,bridgedb/i18n/cs,133ae6355550e44564110227a857b827fe11e03dcd166a5fa9523920027c7373,0,1,1,0
bridgedb-main,bridgedb/i18n/cs/LC_MESSAGES,133ae6355550e44564110227a857b827fe11e03dcd166a5fa9523920027c7373,1,0,1,0
bridgedb-main,bridgedb/i18n/cy,bd24486c8bb23f200c3c11a3cf57ce7bca74f19422995a88f3deef4a2275c924,0,1,1,0
bridgedb-main,bridgedb/i18n/cy/LC_MESSAGES,bd24486c8bb23f200c3c11a3cf57ce7bca74f19422995a88f3deef4a2275c924,1,0,1,0
bridgedb-main,bridgedb/i18n/da,18d90cbaaaa73ae1a1ee8e155fb97fcc8d99b7db006bd72989847e64dab0724c,0,1,1,0
bridgedb-main,bridgedb/i18n/da/LC_MESSAGES,18d90cbaaaa73ae1a1ee8e155fb97fcc8d99b7db006bd72989847e64dab0724c,1,0,1,0
bridgedb-main,bridgedb/i18n/de,cdd3538a8d171ba424b17f5056adfd965fb08dd2b8dcf7420798bc40b3899f5d,0,1,1,0
bridgedb-main,bridgedb/i18n/de/LC_MESSAGES,cdd3538a8d171ba424b17f5056adfd965fb08dd2b8dcf7420798bc40b3899f5d,1,0,1,0
bridgedb-main,bridgedb/i18n/el,f69fd35a13fc1ab2d3672fd71d43aad5f58b8da97b138789cf31bc022ed5f222,0,1,1,0
bridgedb-main,bridgedb/i18n/el/LC_MESSAGES,f69fd35a13fc1ab2d3672fd71d43aad5f58b8da97b138789cf31bc022ed5f222,1,0,1,0
bridgedb-main,bridgedb/i18n/en,bad058d9346ad7f1dfb520a46c1c19df02070232e258af1c1e4c179c98bf99bc,0,1,1,0
bridgedb-main,bridgedb/i18n/en/LC_MESSAGES,bad058d9346ad7f1dfb520a46c1c19df02070232e258af1c1e4c179c98bf99bc,1,0,1,0
bridgedb-main,bridgedb/i18n/en_GB,437ed2dca65d249f9e18d9c0fccdf4d36793ce2d6b1e0536067901e6fc40c113,0,1,1,0
bridgedb-main,bridgedb/i18n/en_GB/LC_MESSAGES,437ed2dca65d249f9e18d9c0fccdf4d36793ce2d6b1e0536067901e6fc40c113,1,0,1,0
bridgedb-main,bridgedb/i18n/en_US,f52f54dae19bfbf0dc5c2c148b75b0db2ca569d2bc5d0aa81ba6a6a4377ee7fe,0,1,1,0
bridgedb-main,bridgedb/i18n/en_US/LC_MESSAGES,f52f54dae19bfbf0dc5c2c148b75b0db2ca569d2bc5d0aa81ba6a6a4377ee7fe,1,0,1,0
bridgedb-main,bridgedb/i18n/eo,534d55abba197ea1161fbabbddcecdac9338511a275c0ab7c75dedb50313a214,0,1,1,0
bridgedb-main,bridgedb/i18n/eo/LC_MESSAGES,534d55abba197ea1161fbabbddcecdac9338511a275c0ab7c75dedb50313a214,1,0,1,0
bridgedb-main,bridgedb/i18n/es,cd8e7988b51159098584eee39b452a968cd267b93db998eace9d6b1b3c1b76ca,0,1,1,0
bridgedb-main,bridgedb/i18n/es/LC_MESSAGES,cd8e7988b51159098584eee39b452a968cd267b93db998eace9d6b1b3c1b76ca,1,0,1,0
bridgedb-main,bridgedb/i18n/es_AR,7f1095ec9bdbdd5f0434f226b3effffd6808ea455299e0f00cffe01f028d7bc4,0,1,1,0
bridgedb-main,bridgedb/i18n/es_AR/LC_MESSAGES,7f1095ec9bdbdd5f0434f226b3effffd6808ea455299e0f00cffe01f028d7bc4,1,0,1,0
bridgedb-main,bridgedb/i18n/es_CL,12654455ac6a777049786db0724173f953ca78b181b621c8f7badc9508b64447,0,1,1,0
bridgedb-main,bridgedb/i18n/es_CL/LC_MESSAGES,12654455ac6a777049786db0724173f953ca78b181b621c8f7badc9508b64447,1,0,1,0
bridgedb-main,bridgedb/i18n/es_MX,d5f7c8df06a4fae29c4578874ec90b9d6d25709b6fe42dac9ca783f9a9a0ff5a,0,1,1,0
bridgedb-main,bridgedb/i18n/es_MX/LC_MESSAGES,d5f7c8df06a4fae29c4578874ec90b9d6d25709b6fe42dac9ca783f9a9a0ff5a,1,0,1,0
bridgedb-main,bridgedb/i18n/et,07cccddf333e95e9bff7c2e168641e262c7e7760fc3ac544e98b71b43df7f39c,0,1,1,0
bridgedb-main,bridgedb/i18n/et/LC_MESSAGES,07cccddf333e95e9bff7c2e168641e262c7e7760fc3ac544e98b71b43df7f39c,1,0,1,0
bridgedb-main,bridgedb/i18n/eu,eded6dd7b8a8794138b72bf201041291f21f1b6f624177ccf0d9bcb9f455b875,0,1,1,0
bridgedb-main,bridgedb/i18n/eu/LC_MESSAGES,eded6dd7b8a8794138b72bf201041291f21f1b6f624177ccf0d9bcb9f455b875,1,0,1,0
bridgedb-main,bridgedb/i18n/fa,eb5d0fdaf4b3698ddf1648e2a37f337dc70fa7b5d018269621618596ffbeb12e,0,1,1,0
bridgedb-main,bridgedb/i18n/fa/LC_MESSAGES,eb5d0fdaf4b3698ddf1648e2a37f337dc70fa7b5d018269621618596ffbeb12e,1,0,1,0
bridgedb-main,bridgedb/i18n/fi,edbd032f729b055f912b2d6e2ae8bdddbc54b81dad1fae4291b411713e5d8e49,0,1,1,0
bridgedb-main,bridgedb/i18n/fi/LC_MESSAGES,edbd032f729b055f912b2d6e2ae8bdddbc54b81dad1fae4291b411713e5d8e49,1,0,1,0
bridgedb-main,bridgedb/i18n/fr,65b844c7460c8cce209a4d19d859b087c3167f063102b9ed8c01749acce5732c,0,1,1,0
bridgedb-main,bridgedb/i18n/fr/LC_MESSAGES,65b844c7460c8cce209a4d19d859b087c3167f063102b9ed8c01749acce5732c,1,0,1,0
bridgedb-main,bridgedb/i18n/fr_CA,ad71cc72b9a29b0ab4b0eea5ec285ef1e0d1b81ef9f4bee00ddb46460e1bfcbf,0,1,1,0
bridgedb-main,bridgedb/i18n/fr_CA/LC_MESSAGES,ad71cc72b9a29b0ab4b0eea5ec285ef1e0d1b81ef9f4bee00ddb46460e1bfcbf,1,0,1,0
bridgedb-main,bridgedb/i18n/ga,bbadbfebf458da0c83d6d1daa209a34678af1919c2f860898c3f4690e1dbc4f6,0,1,1,0
bridgedb-main,bridgedb/i18n/ga/LC_MESSAGES,bbadbfebf458da0c83d6d1daa209a34678af1919c2f860898c3f4690e1dbc4f6,1,0,1,0
bridgedb-main,bridgedb/i18n/gd,550a320a12115c53bc97acd1f3cee471efa9a4ec1bed54c701e335c7ce5a0191,0,1,1,0
bridgedb-main,bridgedb/i18n/gd/LC_MESSAGES,550a320a12115c53bc97acd1f3cee471efa9a4ec1bed54c701e335c7ce5a0191,1,0,1,0
bridgedb-main,bridgedb/i18n/gl,4e86dd40e5f76cfff6a2eab3ca95beec409c78e7f139b1dd989ce60d33a94047,0,1,1,0
bridgedb-main,bridgedb/i18n/gl/LC_MESSAGES,4e86dd40e5f76cfff6a2eab3ca95beec409c78e7f139b1dd989ce60d33a94047,1,0,1,0
bridgedb-main,bridgedb/i18n/gu,d9432b31a3b2ee448159bc0601d1d21359c4a96f4a751e91fdf158f842f89f2c,0,1,1,0
bridgedb-main,bridgedb/i18n/gu/LC_MESSAGES,d9432b31a3b2ee448159bc0601d1d21359c4a96f4a751e91fdf158f842f89f2c,1,0,1,0
bridgedb-main,bridgedb/i18n/he,3fc47ed341f461dcba04774f999f6af303e39c62b9d84c935afd2eefb87d7069,0,1,1,0
bridgedb-main,bridgedb/i18n/he/LC_MESSAGES,3fc47ed341f461dcba04774f999f6af303e39c62b9d84c935afd2eefb87d7069,1,0,1,0
bridgedb-main,bridgedb/i18n/hi,b120911600011504eeb10359c6cf156910ce67c932f6136284b6830bec9b9753,0,1,1,0
bridgedb-main,bridgedb/i18n/hi/LC_MESSAGES,b120911600011504eeb10359c6cf156910ce67c932f6136284b6830bec9b9753,1,0,1,0
bridgedb-main,bridgedb/i18n/hr,5e032f2426db635b49b62dbb76a8bb118f8329b04b76ec9b4996cf0b499a50af,0,1,1,0
bridgedb-main,bridgedb/i18n/hr/LC_MESSAGES,5e032f2426db635b49b62dbb76a8bb118f8329b04b76ec9b4996cf0b499a50af,1,0,1,0
bridgedb-main,bridgedb/i18n/hr_HR,5572a7dcba828e5dfa69329a5b279cc1e1c4ee564d9cc2569adeacd4e5456771,0,1,1,0
bridgedb-main,bridgedb/i18n/hr_HR/LC_MESSAGES,5572a7dcba828e5dfa69329a5b279cc1e1c4ee564d9cc2569adeacd4e5456771,1,0,1,0
bridgedb-main,bridgedb/i18n/hu,8f886a23401ad3017ef2623d1764a68e57c88e69eea72ec1c803444a97d4ebf8,0,1,1,0
bridgedb-main,bridgedb/i18n/hu/LC_MESSAGES,8f886a23401ad3017ef2623d1764a68e57c88e69eea72ec1c803444a97d4ebf8,1,0,1,0
bridgedb-main,bridgedb/i18n/hy,e288bbeac66cc5dcf40c64663307f1c8c40aa3e4d63cbab5e8b47126363e65d5,0,1,1,0
bridgedb-main,bridgedb/i18n/hy/LC_MESSAGES,e288bbeac66cc5dcf40c64663307f1c8c40aa3e4d63cbab5e8b47126363e65d5,1,0,1,0
bridgedb-main,bridgedb/i18n/id,e6b3ea47828f0e2b78b6034fcf37d1df7359d22d6dd1d22f7d03f5533da2f32d,0,1,1,0
bridgedb-main,bridgedb/i18n/id/LC_MESSAGES,e6b3ea47828f0e2b78b6034fcf37d1df7359d22d6dd1d22f7d03f5533da2f32d,1,0,1,0
bridgedb-main,bridgedb/i18n/is,59fcfbb79183048c82cdb46b665764a8e882067bf6b7bbcf1dc82b2198eb8dc3,0,1,1,0
bridgedb-main,bridgedb/i18n/is/LC_MESSAGES,59fcfbb79183048c82cdb46b665764a8e882067bf6b7bbcf1dc82b2198eb8dc3,1,0,1,0
bridgedb-main,bridgedb/i18n/it,14459beb8078ee3ee5b0286a18dd17001802c318c6fe4dd6bc5ba4097b486db6,0,1,1,0
bridgedb-main,bridgedb/i18n/it/LC_MESSAGES,14459beb8078ee3ee5b0286a18dd17001802c318c6fe4dd6bc5ba4097b486db6,1,0,1,0
bridgedb-main,bridgedb/i18n/ja,5552933328aeb6f6b4980bb98f4a3d25f4e3797a4309af095aa5244c41b19ed0,0,1,1,0
bridgedb-main,bridgedb/i18n/ja/LC_MESSAGES,5552933328aeb6f6b4980bb98f4a3d25f4e3797a4309af095aa5244c41b19ed0,1,0,1,0
bridgedb-main,bridgedb/i18n/ka,4a95580ddcee148e0254feb2fb710a81b97d269ac358a94db517c15922123b26,0,1,1,0
bridgedb-main,bridgedb/i18n/ka/LC_MESSAGES,4a95580ddcee148e0254feb2fb710a81b97d269ac358a94db517c15922123b26,1,0,1,0
bridgedb-main,bridgedb/i18n/kk,71d619809d0eee70228e74de7378fbb7e4c6c3a593fd6e61f38a764f84b448d5,0,1,1,0
bridgedb-main,bridgedb/i18n/kk/LC_MESSAGES,71d619809d0eee70228e74de7378fbb7e4c6c3a593fd6e61f38a764f84b448d5,1,0,1,0
bridgedb-main,bridgedb/i18n/km,686e4e6f986001792cafe6b7646cb6ffcb3a8dc3ff89cdfa9d6ddea407fc5259,0,1,1,0
bridgedb-main,bridgedb/i18n/km/LC_MESSAGES,686e4e6f986001792cafe6b7646cb6ffcb3a8dc3ff89cdfa9d6ddea407fc5259,1,0,1,0
bridgedb-main,bridgedb/i18n/kn,51b5f7a7e79109342728e13f88584350eee0efb15c05f51d778d7ba28dcd98ee,0,1,1,0
bridgedb-main,bridgedb/i18n/kn/LC_MESSAGES,51b5f7a7e79109342728e13f88584350eee0efb15c05f51d778d7ba28dcd98ee,1,0,1,0
bridgedb-main,bridgedb/i18n/ko,14fd80ae36b07bed16e2d6c1fd8700ee7533e33cc4c68eb90d2f3b9f67411cd2,0,1,1,0
bridgedb-main,bridgedb/i18n/ko/LC_MESSAGES,14fd80ae36b07bed16e2d6c1fd8700ee7533e33cc4c68eb90d2f3b9f67411cd2,1,0,1,0
bridgedb-main,bridgedb/i18n/lt,c4db558bb27e5a492418092fb9f99b15a54e39267529e838560878d7ec731b88,0,1,1,0
bridgedb-main,bridgedb/i18n/lt/LC_MESSAGES,c4db558bb27e5a492418092fb9f99b15a54e39267529e838560878d7ec731b88,1,0,1,0
bridgedb-main,bridgedb/i18n/lv,3fbd9f3a26f6da5ff3ccb083f5520c7bd773577749309386f5123bc2097156e7,0,1,1,0
bridgedb-main,bridgedb/i18n/lv/LC_MESSAGES,3fbd9f3a26f6da5ff3ccb083f5520c7bd773577749309386f5123bc2097156e7,1,0,1,0
bridgedb-main,bridgedb/i18n/mk,4e998f935e3e1f1793b23c8ef749a7df3d7c91108414d4d31e36037db3a2cf62,0,1,1,0
bridgedb-main,bridgedb/i18n/mk/LC_MESSAGES,4e998f935e3e1f1793b23c8ef749a7df3d7c91108414d4d31e36037db3a2cf62,1,0,1,0
bridgedb-main,bridgedb/i18n/ml,689f7229f18ac752fc287b490ef4055bec7aa64fb8bd840108e14cec266eda0e,0,1,1,0
bridgedb-main,bridgedb/i18n/ml/LC_MESSAGES,689f7229f18ac752fc287b490ef4055bec7aa64fb8bd840108e14cec266eda0e,1,0,1,0
bridgedb-main,bridgedb/i18n/mr,2de9a7e0b618dd275bb1eb5c00b63c92344070fc68a50f4139b9521ca113ef64,0,1,1,0
bridgedb-main,bridgedb/i18n/mr/LC_MESSAGES,2de9a7e0b618dd275bb1eb5c00b63c92344070fc68a50f4139b9521ca113ef64,1,0,1,0
bridgedb-main,bridgedb/i18n/ms_MY,cfab98cd619a264e92f90b8a8c23a0700ac4da5510d0cd36587a2a4cf5bd62a6,0,1,1,0
bridgedb-main,bridgedb/i18n/ms_MY/LC_MESSAGES,cfab98cd619a264e92f90b8a8c23a0700ac4da5510d0cd36587a2a4cf5bd62a6,1,0,1,0
bridgedb-main,bridgedb/i18n/nb,32e72a52f6b2e9e7cdc95a1e3482b0d561b00d26329d1cc0f072be55283a4430,0,1,1,0
bridgedb-main,bridgedb/i18n/nb/LC_MESSAGES,32e72a52f6b2e9e7cdc95a1e3482b0d561b00d26329d1cc0f072be55283a4430,1,0,1,0
bridgedb-main,bridgedb/i18n/nl,f0db6f147b77e1b7bb02e421345b89f1533697391d45b2f6e1fe9c3b0ebdd1c3,0,1,1,0
bridgedb-main,bridgedb/i18n/nl/LC_MESSAGES,f0db6f147b77e1b7bb02e421345b89f1533697391d45b2f6e1fe9c3b0ebdd1c3,1,0,1,0
bridgedb-main,bridgedb/i18n/nl_BE,a65ea272b82647d7b8ae8f5cbe7e3c7831fd86feb4d844bf40ba3bfc7c80ac6a,0,1,1,0
bridgedb-main,bridgedb/i18n/nl_BE/LC_MESSAGES,a65ea272b82647d7b8ae8f5cbe7e3c7831fd86feb4d844bf40ba3bfc7c80ac6a,1,0,1,0
bridgedb-main,bridgedb/i18n/nn,93a9c9cc93aade39c773db409e568f707c9d72e470080c12416a0d17490430d5,0,1,1,0
bridgedb-main,bridgedb/i18n/nn/LC_MESSAGES,93a9c9cc93aade39c773db409e568f707c9d72e470080c12416a0d17490430d5,1,0,1,0
bridgedb-main,bridgedb/i18n/pa,3921bd1bf3ae2cb01d9fd6205fde7028e0e6187690476445d836466856265c2c,0,1,1,0
bridgedb-main,bridgedb/i18n/pa/LC_MESSAGES,3921bd1bf3ae2cb01d9fd6205fde7028e0e6187690476445d836466856265c2c,1,0,1,0
bridgedb-main,bridgedb/i18n/pl,aebe73f00235f1e33d53b201807e5064049805494f720714b51d9709760c5501,0,1,1,0
bridgedb-main,bridgedb/i18n/pl/LC_MESSAGES,aebe73f00235f1e33d53b201807e5064049805494f720714b51d9709760c5501,1,0,1,0
bridgedb-main,bridgedb/i18n/pt,a2b7230fa7e88623ab430c71f6995038f8cdac4d0ae5e32074e9c42f43f49e2c,0,1,1,0
bridgedb-main,bridgedb/i18n/pt/LC_MESSAGES,a2b7230fa7e88623ab430c71f6995038f8cdac4d0ae5e32074e9c42f43f49e2c,1,0,1,0
bridgedb-main,bridgedb/i18n/pt_BR,78d73c885f3fba933cb307129d80db8b0f6e13781b4cbbac2975ba23d6b4b25e,0,1,1,0
bridgedb-main,bridgedb/i18n/pt_BR/LC_MESSAGES,78d73c885f3fba933cb307129d80db8b0f6e13781b4cbbac2975ba23d6b4b25e,1,0,1,0
bridgedb-main,bridgedb/i18n/pt_PT,f9bc26cec4111336dcd1bb1f2b93a1c3c4c552fdd5c97c101826fe5a3a53488f,0,1,1,0
bridgedb-main,bridgedb/i18n/pt_PT/LC_MESSAGES,f9bc26cec4111336dcd1bb1f2b93a1c3c4c552fdd5c97c101826fe5a3a53488f,1,0,1,0
bridgedb-main,bridgedb/i18n/ro,82eb57c7023f232720bd03f1b6852f90aadb7509ead081ec376065c1919e482a,0,1,1,0
bridgedb-main,bridgedb/i18n/ro/LC_MESSAGES,82eb57c7023f232720bd03f1b6852f90aadb7509ead081ec376065c1919e482a,1,0,1,0
bridgedb-main,bridgedb/i18n/ru,ebe878aabde3181588bdaf12818813da1a98a26c8288ef1b1e9aa1d3699b8573,0,1,1,0
bridgedb-main,bridgedb/i18n/ru/LC_MESSAGES,ebe878aabde3181588bdaf12818813da1a98a26c8288ef1b1e9aa1d3699b8573,1,0,1,0
bridgedb-main,bridgedb/i18n/si_LK,77eb978cef2131c4fad1d8b96d234691b04f2fb83fa7422176b3a578b2b2a0c7,0,1,1,0
bridgedb-main,bridgedb/i18n/si_LK/LC_MESSAGES,77eb978cef2131c4fad1d8b96d234691b04f2fb83fa7422176b3a578b2b2a0c7,1,0,1,0
bridgedb-main,bridgedb/i18n/sk,334a51cdfbf9bd7df3709241d3c0fa6802fb8caf29e956d88c31febacd3e20c5,0,1,1,0
bridgedb-main,bridgedb/i18n/sk/LC_MESSAGES,334a51cdfbf9bd7df3709241d3c0fa6802fb8caf29e956d88c31febacd3e20c5,1,0,1,0
bridgedb-main,bridgedb/i18n/sk_SK,c036b7cb5b684ea80f7809e69df9400c6697fda17c0f665face4287ce8f3d845,0,1,1,0
bridgedb-main,bridgedb/i18n/sk_SK/LC_MESSAGES,c036b7cb5b684ea80f7809e69df9400c6697fda17c0f665face4287ce8f3d845,1,0,1,0
bridgedb-main,bridgedb/i18n/sl,630f133176e7929dd296a3f26c87c288f01e3388f90fc77e89256431f5729876,0,1,1,0
bridgedb-main,bridgedb/i18n/sl/LC_MESSAGES,630f133176e7929dd296a3f26c87c288f01e3388f90fc77e89256431f5729876,1,0,1,0
bridgedb-main,bridgedb/i18n/sl_SI,bd38d2e7a16322fe91cdbd0a94d6f01c88d05792a54b5b626987e61004b2e990,0,1,1,0
bridgedb-main,bridgedb/i18n/sl_SI/LC_MESSAGES,bd38d2e7a16322fe91cdbd0a94d6f01c88d05792a54b5b626987e61004b2e990,1,0,1,0
bridgedb-main,bridgedb/i18n/sq,56a08a599b56bb8e84841ab9a6b717badfb077b12fba21908a11e0c79d265460,0,1,1,0
bridgedb-main,bridgedb/i18n/sq/LC_MESSAGES,56a08a599b56bb8e84841ab9a6b717badfb077b12fba21908a11e0c79d265460,1,0,1,0
bridgedb-main,bridgedb/i18n/sr,cf7fd7a169b3dfb77c6c2dca9a457ee1b98f501185df07f79686ba1af322eaf7,0,1,1,0
bridgedb-main,bridgedb/i18n/sr/LC_MESSAGES,cf7fd7a169b3dfb77c6c2dca9a457ee1b98f501185df07f79686ba1af322eaf7,1,0,1,0
bridgedb-main,bridgedb/i18n/sv,32044c6968bddab03022e5d4a12f92ecb9ee675ce8fb15ea724c66bf37bb33bc,0,1,1,0
bridgedb-main,bridgedb/i18n/sv/LC_MESSAGES,32044c6968bddab03022e5d4a12f92ecb9ee675ce8fb15ea724c66bf37bb33bc,1,0,1,0
bridgedb-main,bridgedb/i18n/sw,cd3e8dc52c61563e18f86a243980abd3070ac46cc40a882b2229dd6b2c611d84,0,1,1,0
bridgedb-main,bridgedb/i18n/sw/LC_MESSAGES,cd3e8dc52c61563e18f86a243980abd3070ac46cc40a882b2229dd6b2c611d84,1,0,1,0
bridgedb-main,bridgedb/i18n/ta,e626b47fd61b76531489c431ec62b46386f5463c81dd3e26c3cef4fb4d7a27b3,0,1,1,0
bridgedb-main,bridgedb/i18n/ta/LC_MESSAGES,e626b47fd61b76531489c431ec62b46386f5463c81dd3e26c3cef4fb4d7a27b3,1,0,1,0
bridgedb-main,bridgedb/i18n/templates,f5b59f5f8db2c5aea843600f0824f988bde3e40d9a20d403984013be5a4ba526,1,0,1,0
bridgedb-main,bridgedb/i18n/th,a9bb8d4f8deeafe43a98507d5ed7c4173e2478c9550ccc548c2bc25e614c751d,0,1,1,0
bridgedb-main,bridgedb/i18n/th/LC_MESSAGES,a9bb8d4f8deeafe43a98507d5ed7c4173e2478c9550ccc548c2bc25e614c751d,1,0,1,0
bridgedb-main,bridgedb/i18n/tr,3d1a9607496e22e9ef044cc58085e722f8855cb923bae0fae0bc573434906d86,0,1,1,0
bridgedb-main,bridgedb/i18n/tr/LC_MESSAGES,3d1a9607496e22e9ef044cc58085e722f8855cb923bae0fae0bc573434906d86,1,0,1,0
bridgedb-main,bridgedb/i18n/uk,7d6ab889e9cece6bd009af3d0ac09673a0e502460ed0b121566889229328942f,0,1,1,0
bridgedb-main,bridgedb/i18n/uk/LC_MESSAGES,7d6ab889e9cece6bd009af3d0ac09673a0e502460ed0b121566889229328942f,1,0,1,0
bridgedb-main,bridgedb/i18n/ur,7fd76d482d94638469fe67ea5e328ca5091190ba79d4d4bb348ef0706dea5e67,0,1,1,0
bridgedb-main,bridgedb/i18n/ur/LC_MESSAGES,7fd76d482d94638469fe67ea5e328ca5091190ba79d4d4bb348ef0706dea5e67,1,0,1,0
bridgedb-main,bridgedb/i18n/uz,46934f1c0076cfc02f639129a88f307d212f10381855978a0c68cc8618a8c154,0,1,1,0
bridgedb-main,bridgedb/i18n/uz/LC_MESSAGES,46934f1c0076cfc02f639129a88f307d212f10381855978a0c68cc8618a8c154,1,0,1,0
bridgedb-main,bridgedb/i18n/vi,1025de0aa2d587854058419325c7d0e12de0e46282eda29cace3bfa5314337d7,0,1,1,0
bridgedb-main,bridgedb/i18n/vi/LC_MESSAGES,1025de0aa2d587854058419325c7d0e12de0e46282eda29cace3bfa5314337d7,1,0,1,0
bridgedb-main,bridgedb/i18n/zh_CN,0d36e78532f9fab4065a48bd8d15a4092544562efe12d720eabc3b560fd968b2,0,1,1,0
bridgedb-main,bridgedb/i18n/zh_CN/LC_MESSAGES,0d36e78532f9fab4065a48bd8d15a4092544562efe12d720eabc3b560fd968b2,1,0,1,0
bridgedb-main,bridgedb/i18n/zh_HK,2b7d504c47aeedc81b56fd822b860ec21b60e1fb908de19bab3e5e2ed4be0416,0,1,1,0
bridgedb-main,bridgedb/i18n/zh_HK/LC_MESSAGES,2b7d504c47aeedc81b56fd822b860ec21b60e1fb908de19bab3e5e2ed4be0416,1,0,1,0
bridgedb-main,bridgedb/i18n/zh_TW,3198efffd690a7b7e68a4d1cde4db647b71d49ed8bde404d169cc29222d0b9b2,0,1,1,0
bridgedb-main,bridgedb/i18n/zh_TW/LC_MESSAGES,3198efffd690a7b7e68a4d1cde4db647b71d49ed8bde404d169cc29222d0b9b2,1,0,1,0
bridgedb-main,bridgedb/parse,ce9ec676673b3c96c380615a0718b3f6e6710dc073a0b75badb90b8c73f65d02,9,0,9,0
bridgedb-main,bridgedb/test,c9cbc689929a7a93e539c7f7c2a8fdaa2c232390549f3f6545a1d2d07e6676d4,54,0,54,0
bridgedb-main,captchas,63eaefdc2ac5e8e4fe601cb0d2b2f08656d912e968e1eb571c2f9048a49abde0,1,0,1,0
bridgedb-main,doc,6f8ffb4871ded782ba5ff2ff2a77e08bf1122b976887545dcd5943b66dc089b2,3,2,47,0
bridgedb-main,doc/proposals,482ed2e675c7afd3872d5a7bedddf82425a662bf5bed2042f925fb008b139d26,3,0,3,0
bridgedb-main,doc/sphinx,334f8b10e40d73c4374d7e67ed15fc85534332ad4cec4e8aa2d01386323c6d56,2,2,41,0
bridgedb-main,doc/sphinx/ext,ec99512ff71ae884141b24885c366cdd31c2e653b227004be9360a1654a6ffde,2,0,2,0
bridgedb-main,doc/sphinx/source,7ac9cf67ef79e09410656a0a28dbdad18ff0d6be4bfa7c75bb7b8d7fc54059d1,31,1,37,0
bridgedb-main,doc/sphinx/source/_static,ddadeba54e1dea3259ab6a56467f95d271972105fc1c109dece53d82613adb5a,2,1,6,0
bridgedb-main,doc/sphinx/source/_static/fonts,e83f728a8216b00ec6e6a03707184e5aad435c10005486422ca86308cf9dc11e,4,0,4,0
bridgedb-main,frontend,9bfc946d257e907079c04fcf9c127466fe5a92ba1d25030568be1c03baf84a3d,6,7,44,66
bridgedb-main,frontend/assets,d7390e6be99842c2f7e33a3aba7f59c71079d0c024a931119ea81ea9c0e92ca9,1,2,13,59
bridgedb-main,frontend/assets/scss,330f017c476071153a718d0599d1d755f089a0d6272ad2ffc945780a7ee3c5c5,50,0,2,48
bridgedb-main,frontend/assets/static,bcb6d215f222f1c3bc28793bfdc2add008ab1c1461b6c26f16d6c36bf4d35c27,1,3,11,10
bridgedb-main,frontend/assets/static/css,bf204a325c41b0a5e0b06d309738f6c4ef2d3e65d487c579182eaa69b28bf7a4,2,0,0,2
bridgedb-main,frontend/assets/static/images,b5ff85809a7a910ecd7c62e2d27194096137f1eadc304cca113a38d138ad0998,10,0,10,0
bridgedb-main,frontend/assets/static/js,f59344cefdf83848536b8bce38186608b463917af84f9ed9e9ec731f5fdbee41,8,0,1,7
bridgedb-main,frontend/configs,0fd95f1d8312f087aa0e181f2adfc93a371bde9d43c52db540ad1e09b7b4979c,2,0,2,0
bridgedb-main,frontend/content,8ccc783ba68c7c812225a48475292b1ba852141f2feb82ee6f9f965a3390be5d,1,4,5,0
bridgedb-main,frontend/content/bridges,8c762a67c654a6f9eb3572674f2363de0fa2dfd94c5753fc9dc96ab709abebff,1,0,1,0
bridgedb-main,frontend/content/captcha,698c7fee029abcddab345b9fdec991ddd13379b1b69eab689c3828fd3976aa56,1,0,1,0
bridgedb-main,frontend/content/howto,05d639705d5643cb892e9bf955e618bf8d979600a7bc2675b061c1aadabb1416,1,0,1,0
bridgedb-main,frontend/content/options,3c70eca030c32abd53e18b9cf4b5898017da6524277c3a8841390c5d4c98b092,1,0,1,0
bridgedb-main,frontend/databags,e8d4c7c0dc855acdb472ab9bcfdb4930b74458d840a7b08b64315f4d54620707,4,0,2,2
bridgedb-main,frontend/models,dee7a0a9b06cba003bf8b4ecf028482f95d88fa32931293615a6d87112b7d0ad,1,0,1,0
bridgedb-main,frontend/packages,c80d1d6880db98a91f3f229b12077e953030586c81863a67460df816ad790003,4,0,0,4
bridgedb-main,frontend/templates,3750cb878c53d8c04e6105a8c05bbb91fa7e312350f1481ad5cd58f914639658,15,1,15,1
bridgedb-main,frontend/templates/macros,199b96c2eb9a949213e3d3ec968d230d04f48e5addbfee7945ccc6099632cb15,1,0,1,0
bridgedb-main,maint,c4ad46264664c3c659ff3999d3a920fa4c34eea2f06a193ced797abe5ed3e2e7,1,0,1,0
bridgedb-main,scripts,0f3e8bce7bd08f52e6afd430a48affc7e6f115ef2a328b4187a4dd2b78f97c71,13,0,13,0
conjure-master,.,c08d68a0be7d4762568b975e562555fa508172caf5d13287083470fa76bbe058,21,14,352,0
conjure-master,.github,5564423e62555b461278ce15fd2a346d0478cea16b03cd2516f6fcc520aa8c4c,0,2,6,0
conjure-master,.github/images,2e1ba90129b90ef07805189061b64a2f999a8ad4c34c8e38c83267409c0ae9a9,3,0,3,0
conjure-master,.github/workflows,ffdb39cc5ea4849dfa12c8681425135509acf61ede8108a286c81f6c2e4b02cf,3,0,3,0
conjure-master,cmd,066e6acbf85fed4207e11495ff4c57cf70a832d36f0691cd49686d7285a009b6,0,2,20,0
conjure-master,cmd/application,159132b3bd24db8fea1a40d1488d9a065f20467abefb943699a193f9d64ebf15,12,0,12,0
conjure-master,cmd/registration-server,13ec0acf7feaf459819283ca6c47d34696b1f70b5e692eb21f50a0d67be344eb,7,1,8,0
conjure-master,cmd/registration-server/testdata,8eb9e39261a931bdd0c6aeb9cd155f2cb49fd621297f942c2a68da9971a868a6,1,0,1,0
conjure-master,docker,e6733e4f875fb41c5534ac11d5ba46413cc9a96815285c7eed25e28618ffdca5,6,0,6,0
conjure-master,internal,a742b8fd905ebd0d1138f808a5200c2ae1b57911122415ee47599ab3264e71d0,2,4,10,0
conjure-master,internal/compatability,4ca84b3c2e5d9e65851331329631fdb98755b25862e87bdece9786d230c203f0,1,2,3,0
conjure-master,internal/compatability/v0,1e92ce0a5d07eea8ab843623db0126ef20a3982b175aeb6a7bb39eaf4625b84c,1,0,1,0
conjure-master,internal/compatability/v1,c161373d446a3b68d2324202d41db639aa1967d9fe3038306145bc89fc84f8e7,1,0,1,0
conjure-master,internal/conjurepath,03844419a293121c0930aaa8013d577446091c24f8162e7e2fe09641fa610fcd,1,0,1,0
conjure-master,internal/test_assets,9791ac96c42212d8b94ffd8cf033fc0ddb43064f9766b3f3b0b750361ff490d5,3,0,3,0
conjure-master,internal/testutils,c6ed7e92f55068da57951e94889614f3e123fd33c07687c95712b8cd30fdb385,1,0,1,0
conjure-master,libtapdance,fe6e36ab41fff449d83c8714d50153c6ea3cd12a2b77cecc1660df20aaf7b6d9,16,0,16,0
conjure-master,paper,e46c867f2919d9792aa7ae21eb50ba0e023c20a434221b522e86c5e183197ed0,10,1,31,0
conjure-master,paper/figures,5a6ca67827c388b2abfe4d3a69cd72cc286a2064c5989d7fd45197771c0d34f5,21,0,21,0
conjure-master,pkg,7b01be6d7a69043ca29a8f2e9e258d60712f978975f860fe0b97cb983033e604,0,9,143,0
conjure-master,pkg/client,139c33aa15c843062e1f7238f3b2a97c9c18931f408e7f1dfc7fecef4d76805c,0,1,2,0
conjure-master,pkg/client/assets,139c33aa15c843062e1f7238f3b2a97c9c18931f408e7f1dfc7fecef4d76805c,2,0,2,0
conjure-master,pkg/core,99aeb447138d0907530f3fd644a650145aba7a2bca2d920c8ecfa10f4f01db7e,3,1,4,0
conjure-master,pkg/core/interfaces,b6ff96ed1581b75686c93ee4ede58230568989c3a0079a0e5943edc88f8ad218,1,0,1,0
conjure-master,pkg/dtls,ca3a8e7a532399a4179c4a9ab2811c52db64011cade04d05e48fb3d07c666e41,14,2,19,0
conjure-master,pkg/dtls/dnat,ba394840dcf2394d1aaa3ffa3b949b2292c8e2924d6acf47809dcfceece95431,1,0,1,0
conjure-master,pkg/dtls/examples,4588dd2049ac1405b23aaea3d59eed3f1a4e1778bb688425c3a6eb913a73d678,0,2,4,0
conjure-master,pkg/dtls/examples/dial,caca713dc0f8525a7dd0e47b620f9da536e3940f5ce90f0b85df23f02c3a72fc,2,0,2,0
conjure-master,pkg/dtls/examples/listen,d8bd6afbbf0c6fcfe7bf72461b44232a1f9aec6b1b8f1e27a806be4c49c8825b,2,0,2,0
conjure-master,pkg/metrics,8c0b547a4795443e0c1b0aad2b01622717ce850ef6a062e2d488a3a4d22b41bc,1,0,1,0
conjure-master,pkg/phantoms,a78b09630c7dd65b55df30efeaad34bd46e7d3a83a9b9aaa26a5f5f941266394,7,1,9,0
conjure-master,pkg/phantoms/test,8e37f0dacfae75e6ca2f2e56abf5c2a48fde4b4c097da1dde194a5dd702817ea,2,0,2,0
conjure-master,pkg/registrars,6773ef1f8d373d9e94e0129360e138e595d5f85243ba3ad9adbd2407744a124f,0,4,37,0
conjure-master,pkg/registrars/decoy-registrar,19434b69105335b7a76ddf4054b257bf2d3e562438319e909b96982e8a7b1067,4,0,4,0
conjure-master,pkg/registrars/dns-registrar,03609ab3771de77324a96b1eb422c9e49b7b17729ecee313cfb15a3a8b3c965d,1,9,25,0
conjure-master,pkg/registrars/dns-registrar/dns,b1b37363724894990649c1567a077c4c24184314846426403c890f38a21c1b4f,2,0,2,0
conjure-master,pkg/registrars/dns-registrar/encryption,6f07b0daf3df8e8b981eb854d91da78a3d49102f6831f8876a5c203ddade8bfc,1,0,1,0
conjure-master,pkg/registrars/dns-registrar/examples,b86fc4c47e79b8d69c67a97c2eb82c223d838919d667f3dc929341ff8c0b89d6,0,2,2,0
conjure-master,pkg/registrars/dns-registrar/examples/client,b596f8aa416892a348cbf9e8c38c820019e8b824019708700715a03d8ec12f7e,1,0,1,0
conjure-master,pkg/registrars/dns-registrar/examples/server,79c184705816e6e49f7844047e1dc50f6729d67fb4d80a024328e1e982aeb0e7,1,0,1,0
conjure-master,pkg/registrars/dns-registrar/msgformat,5fee5fc862b0af88f5431f2f67a4244cad9fd48770b0a68a575bd73159205ca9,2,0,2,0
conjure-master,pkg/registrars/dns-registrar/queuepacketconn,e462038a0467dfaa77040c29d1f16c02c5310e41ba0f94e258fcb7e0ced08442,3,0,3,0
conjure-master,pkg/registrars/dns-registrar/remotemap,3ebb23c4ae944a0c2969945e2614eb7e442e83a87d279bae4309aff335aab32f,1,0,1,0
conjure-master,pkg/registrars/dns-registrar/requester,57a3154f45fbb563abc46c1f8e6de8e69506e77db2958613c574f3989ea8e55d,9,0,9,0
conjure-master,pkg/registrars/dns-registrar/responder,9e1535b424ddfb76012ee75169ef513a077fe40a3b60da7d7b06061269826b18,1,0,1,0
conjure-master,pkg/registrars/dns-registrar/tworeqresp,3d4e02557249ec4d2090b35d6e3ccad39124599a31ba214c8530c33de3fd20ad,3,0,3,0
conjure-master,pkg/registrars/lib,048d29103fb2c25ee8748765fe3fcec6d3b6de40d3f11fcf3cbb240ceb02f5ad,1,0,1,0
conjure-master,pkg/registrars/registration,ec7c7fda5c098713fc1977c182c45b54763e89818021d9c22f754d57511fdba4,6,1,7,0
conjure-master,pkg/registrars/registration/tests,09378058fd0e39ac129bdf0928c0fa9f68d9d35b14176325e6126acc4a099854,0,1,1,0
conjure-master,pkg/registrars/registration/tests/assets,09378058fd0e39ac129bdf0928c0fa9f68d9d35b14176325e6126acc4a099854,1,0,1,0
conjure-master,pkg/regserver,0e471dddc2909573440522fe5336144e45f060696e0e2468bfaf692241f2a0f7,0,5,12,0
conjure-master,pkg/regserver/ampCacheregserver,125670b42c3c2d5533548ff2e5252a0f4fc9d0e56454a0fd608982b844f90f73,1,0,1,0
conjure-master,pkg/regserver/apiregserver,4774d3dc2c575cf836421abb3df087acc9e26c262f965a6c542733444a098b0a,2,0,2,0
conjure-master,pkg/regserver/dnsregserver,64748974eb78e6e658786bb227cf9a8b2034f804f4ffd4bb6379cfaa02f90dce,2,0,2,0
conjure-master,pkg/regserver/overrides,1181b9af7a80175b126dab4a71714c569a6b87e8e14f0c4c86d29bc3bd70f158,4,0,4,0
conjure-master,pkg/regserver/regprocessor,82f6bfe5cdd2ad58a10cd966a5425436d290c9082bcc6779a1db106d6a14b866,3,0,3,0
conjure-master,pkg/station,26d41b38f3061577c73cf9e9f703878554b8461f328971daca750e1879c48562,0,4,32,0
conjure-master,pkg/station/geoip,d216eaa397d1c444ddfd3fcdbf8795c5b8e6f79e6fff9312ec39ec99ca6c99d0,3,0,3,0
conjure-master,pkg/station/lib,acaa9ea43c5d48a8fb2fc456cb5c669c285590100a76ad7ea02dbedeec077532,18,1,20,0
conjure-master,pkg/station/lib/test,34febbc10a81e5986746d6295eb2780b6b37216abf064754586f52b4fadd5bb7,2,0,2,0
conjure-master,pkg/station/liveness,d7d4e28b6c574c57570297b828c9435c4e62c0602a875d92a32d131ae1e34ecb,8,0,8,0
conjure-master,pkg/station/log,fbc2a97d4eec3fd545965e98d3032e76a55bb85537f478a8a1bed2e90c97afb0,1,0,1,0
conjure-master,pkg/transports,df105a3e07fafd03f6f0e2b0537b3f27b492819967fc6802ecafedba96bba0a3,6,3,27,0
conjure-master,pkg/transports/client,5419773c1846e9ce0278d75f27a664ca4205cb766e0e8bed56156e36cfa2dc41,2,0,2,0
conjure-master,pkg/transports/connecting,b1b4ce7aba3a6891050251c4e903f5381708d89ee8633a82240e9d291ec1f9c2,0,1,6,0
conjure-master,pkg/transports/connecting/dtls,b1b4ce7aba3a6891050251c4e903f5381708d89ee8633a82240e9d291ec1f9c2,6,0,6,0
conjure-master,pkg/transports/wrapping,6115b391a3c45eb1e46d1bb072fe467495620ec156844a0327b09f99e363a984,0,3,13,0
conjure-master,pkg/transports/wrapping/min,88320322737abe2c2b7697035ee8c37184b9ad78d04fa7c28346c4154f2690e2,3,0,3,0
conjure-master,pkg/transports/wrapping/obfs4,c0ceb531f6b7b23ec9397c856735f3eed5fcee0cd7a77b48f92743627ea02348,6,0,6,0
conjure-master,pkg/transports/wrapping/prefix,a3079f97f0136a7e631e8f7753ed1db5ee5c684e2fba6fb8e384973d0f594477,4,0,4,0
conjure-master,proto,4f678bb4803fd85ee2ddc641f997d22308636cfca815b1d49a100db0295f6083,8,0,8,0
conjure-master,scripts,969ae62d1235d4fd51e520c4dd7ed819d60c75123864d106a6fccb9e54bed547,5,0,5,0
conjure-master,simulation,4b32fbf09334a5326dcc2348c1dbad5a7705e1345cf9b470d09c42162f580023,0,1,28,0
conjure-master,simulation/phantombox,4b32fbf09334a5326dcc2348c1dbad5a7705e1345cf9b470d09c42162f580023,7,5,28,0
conjure-master,simulation/phantombox/config,6aab4c5ac32b5ebbcc0477c599c3938dd7bc1c791d5a46512eb34b7c36fc9091,0,3,11,0
conjure-master,simulation/phantombox/config/application,23914fb52ce6bd92525a058430d40f7a484e189bfb569a61ccdfec8ed5722bde,1,0,1,0
conjure-master,simulation/phantombox/config/registration-server,455a0abab54303bcc6cbfbd0c587de7d3b73595a5d16ae363c9d2f892ce4dc00,1,0,1,0
conjure-master,simulation/phantombox/config/sysconfig,13baebe4692b95cf9a2a2e2252f273c4d81843166d3b46f4e9bc12d2f473f426,9,0,9,0
conjure-master,simulation/phantombox/h1,e546554e1922e895d7300fc2bdfc49ea9e1451687a8aca5f88c5fe9edf0b415e,3,0,3,0
conjure-master,simulation/phantombox/images,470853de54f3a4b4eb3e6441c707d7670c45d52ef93f63a07a379920a2c27ae1,1,0,1,0
conjure-master,simulation/phantombox/station,e5fb34a789467baa5e15d6670a6d7b41eda351e035b4ed62bd6fa0a19a9b5d91,3,0,3,0
conjure-master,simulation/phantombox/tap,8340305c4f635339f2ed08cadc189ffacf10bc497b4b71d07e1b8f2cc4a184d6,3,0,3,0
conjure-master,src,22f9fc43539366641432c483d3a30f5030f38e06f6c9940a23286fbf7559c65b,9,0,9,0
conjure-master,stations,be091d2eb12ba675725b33261b37c2e150c8259d44bf6808e9b0df145edfc745,0,1,1,0
conjure-master,stations/rockypika,be091d2eb12ba675725b33261b37c2e150c8259d44bf6808e9b0df145edfc745,1,0,1,0
conjure-master,sysconfig,f212126742a3af207a634852d78c01049461b7ddd2169e2270efe8e50cb7015a,7,0,7,0
conjure-master,util,b7741e0077895b2c2e4b63b1b85dbd6d2316439ecb53c49fadf4f2ea96e194fd,3,3,41,0
conjure-master,util/captool,512c7b3f9a425190d7f99d5c754505b66f317b807ff4cb194842eb112b8ceb29,4,1,10,0
conjure-master,util/captool/src,db7a4500bbeb4e7e4cfac566ba9f666feb88088f36923c299df897d46539f289,5,1,6,0
conjure-master,util/captool/src/tests,bdac5462875128526728a55357c1d9705ffba0be6373e84d831b75825f289375,1,0,1,0
conjure-master,util/script,c25817acab3f2374faedc7333fb3ad0f724cada57ddf4d48d2d1ed064aa14c1c,10,1,21,0
conjure-master,util/script/data,b345ff08288d826334ba5cd5fb20522804ad06fd9528ce66130964a032d72156,4,1,11,0
conjure-master,util/script/data/tests,44dc9e6f0376504fcebb61a098149ce314560cff93e768072b6a902eba0cef57,7,0,7,0
conjure-master,util/station-debug,5ec8a052f72cf9b4810e166cccfca059ea4d2d306fc21035a110eefdeb2c0b96,7,0,7,0
mitmengine-master,.,ef28fbad0079838b5b6fdea590d24d51ad7d8f19f1489976a239bbf06c8f378c,10,7,1477,0
mitmengine-master,cmd,db208e3c9a444679ae3e0c4629557ce3dd09938971207ac8256d491ab689bebd,0,2,2,0
mitmengine-master,cmd/demo,12cc48311da0abefa9ac822ff637c4dbce45904be6940ba364c10065b189ca6c,1,0,1,0
mitmengine-master,cmd/mergedb,3486b38be814cb702b4a9d79749e89edb689e6c55eedb81873481f446ad0a243,1,0,1,0
mitmengine-master,db,7c4042b0e04180aa670c3844d776c30d7353b2220bed1a30cec780347cf82e55,3,0,3,0
mitmengine-master,fputil,f458114773f81c231cba82384d138646cfae6d0d0a3ed071291d0990ac76ce6a,16,0,16,0
mitmengine-master,loader,f201697dc3b718c23906f10375a48700b8816f5270d8fb13b962f4f024de3885,3,0,3,0
mitmengine-master,reference_fingerprints,32c20e94455030925904f6a5df546f102709224ba0c8da6ecf44612f0704faa4,1,2,1437,0
mitmengine-master,reference_fingerprints/mitmengine,3454579bf86ef4c36722e1a8d6878ab61745083c9cb77ae849efd1f9e3541824,3,0,3,0
mitmengine-master,reference_fingerprints/pcaps,e95cd4c9a2036153af8148e591051f6705bf84fe6d71f1dd26abde9aa75e6cfb,0,7,1433,0
mitmengine-master,reference_fingerprints/pcaps/antivirus,da3d05c70277cb06a5d080426f6faa00121b9ee0c3affae2d9422418f9120679,0,81,81,0
mitmengine-master,reference_fingerprints/pcaps/antivirus-run2,1ee5f86b951bb81b1b2fda40048052a1ce1172156ac5f71ac53dade3d1d8fe76,0,22,115,0
mitmengine-master,reference_fingerprints/pcaps/antivirus-run2/AVGInternetSecurity2015-16-Windows,7454bd8b752267886609e12a9cd9ec2b3aa3ade5422a84ba9e515f3b3f78a86b,0,3,3,0
mitmengine-master,reference_fingerprints/pcaps/antivirus-run2/AVGInternetSecurity2015-16-Windows/windows-7-avg-internet-security-2016-chrome-48,577c5e55c49d9e4ca20ffe9bfca20fd9f86544776c6097cd0a58fa0f217b7b90,1,0,1,0
mitmengine-master,reference_fingerprints/pcaps/antivirus-run2/AVGInternetSecurity2015-16-Windows/windows-7-avg-internet-security-2016-firefox-44,8c539587770b366ebcde1d4607673ab9c95a93f63dcd9e573540178f1e979965,1,0,1,0
mitmengine-master,reference_fingerprints/pcaps/antivirus-run2/AVGInternetSecurity2015-16-Windows/windows-7-avg-internet-security-2016-ie-11,4edcc885214620486fd2e35fc9bff9fe7e38cac12601db09d76b8b6e7ef96294,1,0,1,0
mitmengine-master,reference_fingerprints/pcaps/antivirus-run2/AVGZen1.41-Windows,47b38acafa3bee9357fb7628b0ae98a8dcad110d6790ca2340ef516882333e1b,0,3,5,0
mitmengine-master,reference_fingerprints/pcaps/antivirus-run2/AVGZen1.41-Windows/windows-7-avg-zen-1.41-chrome-48,cd93c56fee5adbed0c3249f7e781db8ad8817acd1daaf2e1335354b36c98ca86,2,0,2,0
mitmengine-master,reference_fingerprints/pcaps/antivirus-run2/AVGZen1.41-Windows/windows-7-avg-zen-1.41-firefox-44,5d64a09bdaed2d8af6ebae8cbeccd5c20c6e61e1acf7d252937ea2f3d694bc62,1,0,1,0
mitmengine-master,reference_fingerprints/pcaps/antivirus-run2/AVGZen1.41-Windows/windows-7-avg-zen-1.41-ie-11,a2acdcf4f0d7c446e624c3bcb8c4f45e3cf888d2bd08aa4daf7dffd206a2943a,2,0,2,0
mitmengine-master,reference_fingerprints/pcaps/antivirus-run2/AvastAV10-Windows,3cf503af0959fc0271309dc8167cb84ea81bd6f561668fa765f7cf7eadf56866,0,3,6,0
mitmengine-master,reference_fingerprints/pcaps/antivirus-run2/AvastAV10-Windows/windows-7-avast-free-antivirus-10-chrome-48,8aa51a9c8c3e69e6cd5c4bcb6c65ccd5762c18ed858c83e148226a8ca99a4522,2,0,2,0
mitmengine-master,reference_fingerprints/pcaps/antivirus-run2/AvastAV10-Windows/windows-7-avast-free-antivirus-10-firefox-44,ecc49a31752adcc8b23381661dc5b5dd33f6de71c9c3ac2027122fdf6d13e96f,2,0,2,0
mitmengine-master,reference_fingerprints/pcaps/antivirus-run2/AvastAV10-Windows/windows-7-avast-free-antivirus-10-ie-11,e1844ae3157dd2ba7ef0d2466ccbc40c1f4f5b2155741f77179c21494b1165aa,2,0,2,0
mitmengine-master,reference_fingerprints/pcaps/antivirus-run2/AvastAV11-Windows,712bb0d5551e6e019bc77104e00ad9ef8ee5bd32d33b95fdcfbb1fdf5490eae6,0,3,6,0
mitmengine-master,reference_fingerprints/pcaps/antivirus-run2/AvastAV11-Windows/windows-7-avast-11.1.2253-ie-11,1e184d03008c730640d9923502f9fa423132133bf8c664cc3c8b5d7ce4d3550c,2,0,2,0
mitmengine-master,reference_fingerprints/pcaps/antivirus-run2/AvastAV11-Windows/windows-7-avast-free-antivirus-11.1-chrome-48,cd5b2a451a4cdb18ef0b1ccee67fcaed53f791d5fa60d3630fb58694af65758e,2,0,2,0
mitmengine-master,reference_fingerprints/pcaps/antivirus-run2/AvastAV11-Windows/windows-7-avast-free-antivirus-11.1-firefox-44,8fd8b5851cf12dacc3aa6f2aa36bc61b49d25e2598ee8f8516729ea6c6b08493,2,0,2,0
mitmengine-master,reference_fingerprints/pcaps/antivirus-run2/AvastAV11.7-Mac,7f9eb54dc2634a18dd0204162a8fb95894c264e065f4822e88d067abbdc213f3,0,3,6,0
mitmengine-master,reference_fingerprints/pcaps/antivirus-run2/AvastAV11.7-Mac/mac-10.11.4-avast-11.7-chrome-49,1f5e6528e568c3029ca407edc51197f0d65c744bf5f082fe45f346c45acf954c,2,0,2,0
mitmengine-master,reference_fingerprints/pcaps/antivirus-run2/AvastAV11.7-Mac/mac-10.11.4-avast-11.7-firefox-45,58fe91ec5adeae22936c9a18b046557d16f21bd1cc242c028cd06a085f617728,2,0,2,0
mitmengine-master,reference_fingerprints/pcaps/antivirus-run2/AvastAV11.7-Mac/mac-10.11.4-avast-11.7-safari-9.1,55c8dafb0fa35c4afdf221247e336feb6ecf85757c491e1e16fc770635bc72c1,2,0,2,0
mitmengine-master,reference_fingerprints/pcaps/antivirus-run2/BitdefenderAVPlus2013-Windows,3b05882e0b31f686276ac97a598baf03b1c986e83f2256ede7f96d1b74234526,0,3,3,0
mitmengine-master,reference_fingerprints/pcaps/antivirus-run2/BitdefenderAVPlus2013-Windows/windows-7-bitdefender-avplus-2013-chrome-48,18784acfa5e4933aefdf6e8ec40e49a3c1895da56103395776c3b0b1bbcfaa2b,1,0,1,0
mitmengine-master,reference_fingerprints/pcaps/antivirus-run2/BitdefenderAVPlus2013-Windows/windows-7-bitdefender-avplus-2013-firefox-44,4d9a85d118175c2094a57828c0d7e3c8d4896d5944553322b737debe25b2d127,1,0,1,0
mitmengine-master,reference_fingerprints/pcaps/antivirus-run2/BitdefenderAVPlus2013-Windows/windows-7-bitdefender-avplus-2013-ie-11,b5953420e7e4672a4b7e3fa036ee00e7d1e4025e0df39135ec37c43dfc2795f5,1,0,1,0
mitmengine-master,reference_fingerprints/pcaps/antivirus-run2/BitdefenderAVPlus2015-16-Windows,02bc4e90fc020897584a1cd2ebb7af259606f3eba9ff3cd09a5783867292afef,0,6,12,0
mitmengine-master,reference_fingerprints/pcaps/antivirus-run2/BitdefenderAVPlus2015-16-Windows/windows-7-bitdefender-antivirus-plus-2015-chrome-48,0a741813c41c24ad1a1aed0829243bc0e3ec94c3dc9534bbc2259ca80f83907a,2,0,2,0
mitmengine-master,reference_fingerprints/pcaps/antivirus-run2/BitdefenderAVPlus2015-16-Windows/windows-7-bitdefender-antivirus-plus-2015-firefox-44,df58fd25a51835bdb9ce4fd088a2f109b844f2d5bc85f5509fd7c9eda67eef05,2,0,2,0
mitmengine-master,reference_fingerprints/pcaps/antivirus-run2/BitdefenderAVPlus2015-16-Windows/windows-7-bitdefender-antivirus-plus-2015-ie-11,0e3926483fe18c6c6aa4ac99881ee8cceaafa6b29361899e92c0f818e051c8f2,2,0,2,0
mitmengine-master,reference_fingerprints/pcaps/antivirus-run2/BitdefenderAVPlus2015-16-Windows/windows-7-bitdefender-avplus-2016-chrome-48,62bdeaffdea648b204772ae0aa00fb641b446bd6a2584e511c1ae53dcb29382b,2,0,2,0
mitmengine-master,reference_fingerprints/pcaps/antivirus-run2/BitdefenderAVPlus2015-16-Windows/windows-7-bitdefender-avplus-2016-firefox-44,fd5cd436254646f6253b86902b08b4c7546056e66992ffbdec3d786c91d5728d,2,0,2,0
mitmengine-master,reference_fingerprints/pcaps/antivirus-run2/BitdefenderAVPlus2015-16-Windows/windows-7-bitdefender-avplus-2016-ie-11,bfd509353c51e4836d1d93321b64883399fb830512c20fc399657548be402bf2,2,0,2,0
mitmengine-master,reference_fingerprints/pcaps/antivirus-run2/BitdefenderInternetSecurity2016-Windows,338c7d9ebfefd0b3cfa0d26a6c1f63c5a3475e4afaa2471c908224e6dcfbac06,0,3,6,0
mitmengine-master,reference_fingerprints/pcaps/antivirus-run2/BitdefenderInternetSecurity2016-Windows/windows-7-bitdefender-isecurity-2016-chrome-48,0a2963865300b5bd1de976e37891ebabe0d43b3ddfcc1c0a454dd50b8894ee12,2,0,2,0
mitmengine-master,reference_fingerprints/pcaps/antivirus-run2/BitdefenderInternetSecurity2016-Windows/windows-7-bitdefender-isecurity-2016-firefox-44,bfe7dc3fc54d704849115457cfc62bdeea2d886c8bb36413c9ba0afc7e5fa7dd,2,0,2,0
mitmengine-master,reference_fingerprints/pcaps/antivirus-run2/BitdefenderInternetSecurity2016-Windows/windows-7-bitdefender-isecurity-2016-ie-11,4fcf2ce3fa43bdb6f9d8c106908e5d617fb54119b63a522a18748ad72fc40a5d,2,0,2,0
mitmengine-master,reference_fingerprints/pcaps/antivirus-run2/BitdefenderTotalSecurityPlus2016-Windows,72fc3ca32758cfc3c6547764aeeffc53bf0be31adb7e91db2265f15a432085ec,0,3,6,0
mitmengine-master,reference_fingerprints/pcaps/antivirus-run2/BitdefenderTotalSecurityPlus2016-Windows/windows-7-bitdefender-totalsecurity-2016-chrome-48,b24d4d55eafaf653e78adc41dea8eb3fb589f01a0469a1d14e6ec46f44d49c73,2,0,2,0
mitmengine-master,reference_fingerprints/pcaps/antivirus-run2/BitdefenderTotalSecurityPlus2016-Windows/windows-7-bitdefender-totalsecurity-2016-firefox-44,dbc630c3309e623075fc8f1720e7bb7a5b511e8af30e6b54624b7174724cb671,2,0,2,0
mitmengine-master,reference_fingerprints/pcaps/antivirus-run2/BitdefenderTotalSecurityPlus2016-Windows/windows-7-bitdefender-totalsecurity-2016-ie-11,0f8f697333fe425d90d401ff381abe5df1fd979c0f01d0d883992fd593b1624d,2,0,2,0
mitmengine-master,reference_fingerprints/pcaps/antivirus-run2/BullguardInternetSecurity16-Windows,8fc0f228b2576570ddee5dc8b7bde25f8823f001ccf8429b3142f40f789ed0b1,0,3,5,0
mitmengine-master,reference_fingerprints/pcaps/antivirus-run2/BullguardInternetSecurity16-Windows/windows-7-bullguard-internet-security-16.0.323-chrome-53,5304addbcdf9a62a18afbf067618ec05284abde543acd868a1844a85490c97c8,2,0,2,0
mitmengine-master,reference_fingerprints/pcaps/antivirus-run2/BullguardInternetSecurity16-Windows/windows-7-bullguard-internet-security-16.0.323-firefox-48,92a15f4bbfeab197e7792d8700209fc6930920c142508712bd95f54c3bf4734d,2,0,2,0
mitmengine-master,reference_fingerprints/pcaps/antivirus-run2/BullguardInternetSecurity16-Windows/windows-7-bullguard-internet-security-16.0.323-ie-8,9b3f5a6785ddc8d4c12088ad28b932147fff79f16a1ededc578531e1eadbcd1d,1,0,1,0
mitmengine-master,reference_fingerprints/pcaps/antivirus-run2/CYBERsitter11-Windows,719d0abd1ec4d15c26347e8d1df14a338de7b65b0af2e7655fc58b191bbfa751,0,3,5,0
mitmengine-master,reference_fingerprints/pcaps/antivirus-run2/CYBERsitter11-Windows/windows-7-cybersitter-11.13.1-chrome-50,217573beece70566f29fef58d04944fe33e687d1f8840e4611d47ecf9b937902,2,0,2,0
mitmengine-master,reference_fingerprints/pcaps/antivirus-run2/CYBERsitter11-Windows/windows-7-cybersitter-11.13.1-firefox-44,e62312f743a8265d2c543f6db08e4c4855ee4715c4829a919a5d12e75e7366a9,1,0,1,0
mitmengine-master,reference_fingerprints/pcaps/antivirus-run2/CYBERsitter11-Windows/windows-7-cybersitter-11.13.1-ie-11,6a4465d7cf688298381e5b16ebe7be405b69b5c982c01ea99c4154a3c5608fd1,2,0,2,0
mitmengine-master,reference_fingerprints/pcaps/antivirus-run2/DrWebAntivirus11-Mac,97ff499f58f5f685375cd989625c62c48b614122208f963da75da3c5b002f9cb,0,3,6,0
mitmengine-master,reference_fingerprints/pcaps/antivirus-run2/DrWebAntivirus11-Mac/mac-10.11.4-dr-web-11.0.0-chrome-49,5686faeebf6c7386c5031d071122f551e53e5caff561a32afe63a02565ba37c4,2,0,2,0
mitmengine-master,reference_fingerprints/pcaps/antivirus-run2/DrWebAntivirus11-Mac/mac-10.11.4-dr-web-11.0.0-firefox-45,c9adceec99d5fa2b5f9cdc823e42de8b2c1f688644f421351b940bf9198036ca,2,0,2,0
mitmengine-master,reference_fingerprints/pcaps/antivirus-run2/DrWebAntivirus11-Mac/mac-10.11.4-dr-web-11.0.0-safari-9.1,c33fc3e5f8d4080d8bd9b4fd38bfc0c4b00cbdf21fe296c63d07c70bbdc21afd,2,0,2,0
mitmengine-master,reference_fingerprints/pcaps/antivirus-run2/DrWebSecuritySpace10-Windows,93b88aee657310d6d11fd622d2ada3e3ef65205eedb8287b16d295e06d84f4ab,0,3,4,0
mitmengine-master,reference_fingerprints/pcaps/antivirus-run2/DrWebSecuritySpace10-Windows/windows-7-dr-web-10.0-chrome-48,1ffadbbb56ab6caa58da03aa52496624867d2c017cf08ac2b849ae24575e183e,1,0,1,0
mitmengine-master,reference_fingerprints/pcaps/antivirus-run2/DrWebSecuritySpace10-Windows/windows-7-dr-web-10.0-firefox-44,1534d20052dd00ae61f9044e893ada5d8c37ade4e312d70e6869bce55035ae50,1,0,1,0
mitmengine-master,reference_fingerprints/pcaps/antivirus-run2/DrWebSecuritySpace10-Windows/windows-7-dr-web-10.0-ie-11,6dcc79a934dfb8fff7ff0939afcc13272a0bb2315b717608051f8a89768442b2,2,0,2,0
mitmengine-master,reference_fingerprints/pcaps/antivirus-run2/ESETNOD32AV9-Windows,94402551a3b3778a60df1132c921f912587766fa9d0b8d4e9454b4b5a5e9a228,0,3,6,0
mitmengine-master,reference_fingerprints/pcaps/antivirus-run2/ESETNOD32AV9-Windows/windows-7-eset-nod32-antivirus-9-chrome-48,87da4723a641be119b500575ed171b6036647793085bd45179260a6ae37618d2,2,0,2,0
mitmengine-master,reference_fingerprints/pcaps/antivirus-run2/ESETNOD32AV9-Windows/windows-7-eset-nod32-antivirus-9-firefox-44,427d979e6b6ff3226ab1fa55f55c18aac586260bd560a01af59b814676f4f535,2,0,2,0
mitmengine-master,reference_fingerprints/pcaps/antivirus-run2/ESETNOD32AV9-Windows/windows-7-eset-nod32-antivirus-9-ie-11,33367b3840441b1a7f83e9f127862f44828e4e8482126c9bbe106098c3258fed,2,0,2,0
mitmengine-master,reference_fingerprints/pcaps/antivirus-run2/KasperskyInternetSecurity16-Mac,0ef7594c7e406f073574301a81dce45cfaacb31f6552a8bef7c17920f7a6efdd,0,3,6,0
mitmengine-master,reference_fingerprints/pcaps/antivirus-run2/KasperskyInternetSecurity16-Mac/mac-10.11.4-kaspersky-16.0.0-chrome-49,00c7546d146b34708753f664938d898379eafc4aaed8dd3eb4d883dc5f48236a,2,0,2,0
mitmengine-master,reference_fingerprints/pcaps/antivirus-run2/KasperskyInternetSecurity16-Mac/mac-10.11.4-kaspersky-16.0.0-firefox-45,e22de2f464f3cc8153b4da84be12b5d2f8683a79a15bd8e6a9d27b7a6fcfdee1,2,0,2,0
mitmengine-master,reference_fingerprints/pcaps/antivirus-run2/KasperskyInternetSecurity16-Mac/mac-10.11.4-kaspersky-16.0.0-safari-9.1,b5a17a0e20f6c3b5b5a325fc8454d14256f75a3d9c1854ce9f12e627d89011ef,2,0,2,0
mitmengine-master,reference_fingerprints/pcaps/antivirus-run2/KasperskyInternetSecurity16-Windows,d0906cc4a6011dff458356c820c0d6378e6e4ac6c05c58f8643997dbca3f9c08,0,3,5,0
mitmengine-master,reference_fingerprints/pcaps/antivirus-run2/KasperskyInternetSecurity16-Windows/windows-7-kaspersky-internet-security-2016-chrome-49,651888f9b3c2430adb0ea22dc8efe6a039ae7154a828f3cb11a6a49bdec9129c,1,0,1,0
mitmengine-master,reference_fingerprints/pcaps/antivirus-run2/KasperskyInternetSecurity16-Windows/windows-7-kaspersky-internet-security-2016-firefox-44,89a3ab74e896a3b5cf0cf7cd06d9884ee90190ddfeffff0dc5b35f1863e4aad6,2,0,2,0
mitmengine-master,reference_fingerprints/pcaps/antivirus-run2/KasperskyInternetSecurity16-Windows/windows-7-kaspersky-internet-security-2016-ie-11,849e09e26f5a654b91494cc080934b2070955ccec57cdfff7ed81f6f8043da9a,2,0,2,0
mitmengine-master,reference_fingerprints/pcaps/antivirus-run2/KasperskyTotalSecurity16-Windows,d974c82f0f8998bc8e1e87debd92d3a1b6d3327de48af4a00f3a1a1451da6894,0,3,4,0
mitmengine-master,reference_fingerprints/pcaps/antivirus-run2/KasperskyTotalSecurity16-Windows/windows-7-kaspersky-total-security-16-chrome-48,edd680f412e0974b4262aea1f955875f4ddcc4aebeb7cdd05fed365467afc2c7,2,0,2,0
mitmengine-master,reference_fingerprints/pcaps/antivirus-run2/KasperskyTotalSecurity16-Windows/windows-7-kaspersky-total-security-16-firefox-44,2b61d47cfc96920ab3fc9f8a049e1322aae2ad55baa330066b0013e0a4092e3b,1,0,1,0
mitmengine-master,reference_fingerprints/pcaps/antivirus-run2/KasperskyTotalSecurity16-Windows/windows-7-kaspersky-total-security-16-ie-11,64b716bc7210c33eeb1f718d2414eaa4656fbe5671b72eb18c649cac5c59c777,1,0,1,0
mitmengine-master,reference_fingerprints/pcaps/antivirus-run2/KinderGateParentalControl3-Windows,29e80a0b66f56ad8b55515861bcee3013e4cf261bc9eab68c15ae082a794b754,0,1,2,0
mitmengine-master,reference_fingerprints/pcaps/antivirus-run2/KinderGateParentalControl3-Windows/windows-7-kindergate-3.2.12589.0.1-chrome-51,29e80a0b66f56ad8b55515861bcee3013e4cf261bc9eab68c15ae082a794b754,2,0,2,0
mitmengine-master,reference_fingerprints/pcaps/antivirus-run2/NetNanny7-Mac,efb228301618046d4694f5e828b299a5c941afa19d7386ff3f9f1f1bcc5f39e0,0,3,6,0
mitmengine-master,reference_fingerprints/pcaps/antivirus-run2/NetNanny7-Mac/mac-10.11.4-net-nanny-3.1.7-chrome-49,29330bf8e3d662a5069ede44614954c8beced259809e35718bbacd3390335def,2,0,2,0
mitmengine-master,reference_fingerprints/pcaps/antivirus-run2/NetNanny7-Mac/mac-10.11.4-net-nanny-3.1.7-firefox-45,59a76788fb6ace756997ff1a150c2228dde822cd774cab3e6dae92d0c02f0335,2,0,2,0
mitmengine-master,reference_fingerprints/pcaps/antivirus-run2/NetNanny7-Mac/mac-10.11.4-net-nanny-3.1.7-safari-9.1,0c6acdd4f94861909c934d1a882c140275e6062d724ab6e35f96f1cd7318560a,2,0,2,0
mitmengine-master,reference_fingerprints/pcaps/antivirus-run2/NetNanny7-Windows,645f3b80c31eb53c60099350b05e5cf2a333c7a063fa011d0b8bcc71c36319f2,0,3,6,0
mitmengine-master,reference_fingerprints/pcaps/antivirus-run2/NetNanny7-Windows/windows-7-netnanny-7.2.7-chrome-50,04dd9a8bb5e35e5dd49a8b488c53931ea2414c3d28e554da07cd2339e8a585af,2,0,2,0
mitmengine-master,reference_fingerprints/pcaps/antivirus-run2/NetNanny7-Windows/windows-7-netnanny-7.2.7-firefox-44,a278d1780bb65b3d1b7bb7c2a5c4571731736f165ecdd07d4a7b6395b080b54c,2,0,2,0
mitmengine-master,reference_fingerprints/pcaps/antivirus-run2/NetNanny7-Windows/windows-7-netnanny-7.2.7-ie-11,af780aeb501137ec0268cd3ac0486138b741e8353cf5327cc9e99880a4d695d4,2,0,2,0
mitmengine-master,reference_fingerprints/pcaps/antivirus-run2/PCPandora7-Windows,1c27751e0ebd9f5106dd4dd1cb574ffdb1bab119d0e61f73efaef973701c196a,0,3,3,0
mitmengine-master,reference_fingerprints/pcaps/antivirus-run2/PCPandora7-Windows/windows-7-pcpandora-7.0-chrome-49,d44e6b54c3753de82d8d02b11da331353f68f4d69dcba9083c9f22fef3854d99,1,0,1,0
mitmengine-master,reference_fingerprints/pcaps/antivirus-run2/PCPandora7-Windows/windows-7-pcpandora-7.0-firefox-44,2f03efdf1583e04bf305f81b2e269bcb32e8bc4cc55b1f9edaf1d9f8dd455fc5,1,0,1,0
mitmengine-master,reference_fingerprints/pcaps/antivirus-run2/PCPandora7-Windows/windows-7-pcpandora-7.0.22-ie-8,6cab0a09b39aed3720a64af3c6ce00d32bc19a998d0c5c345b0440c5baf5e6e6,1,0,1,0
mitmengine-master,reference_fingerprints/pcaps/antivirus-run2/QustodioParentalControll2015-Mac,e46735010785d36956354851e2c34ba3631a07add5c25faa04b9cac6d5bff10f,0,3,4,0
mitmengine-master,reference_fingerprints/pcaps/antivirus-run2/QustodioParentalControll2015-Mac/mac-10.11.4-qustodio-chrome-49,d11de99577130c7e0cec255805f81436d2b46e835147fde325d52a243305278c,1,0,1,0
mitmengine-master,reference_fingerprints/pcaps/antivirus-run2/QustodioParentalControll2015-Mac/mac-10.11.4-qustodio-firefox-45,a884a01e4c0d8ba62d24c5d088b3f298112a6e78e1d8c73e5d98ba781f745085,2,0,2,0
mitmengine-master,reference_fingerprints/pcaps/antivirus-run2/QustodioParentalControll2015-Mac/mac-10.11.4-qustodio-safari-9.1,7a6a08f22510280342377f44af40b15aa8ecc1f09d22cba263db84c25309981c,1,0,1,0
mitmengine-master,reference_fingerprints/pcaps/antivirus/mac-10.11.4-avast-11.7-chrome-49,afb6ec7228c8c45249ec9dd4b5f895a705461b60ca0ec6848e5bcfafa4da9230,1,0,1,0
mitmengine-master,reference_fingerprints/pcaps/antivirus/mac-10.11.4-avast-11.7-firefox-45,f95bf1cc05a8a86d2a047e7843c47837b5f5edc9054e39dfddaad3b0bd46a2d2,1,0,1,0
mitmengine-master,reference_fingerprints/pcaps/antivirus/mac-10.11.4-avast-11.7-safari-9.1,17ce1166825b5d28d6537acdc89ea62c34d219b02b80365210b20f03ce607f85,1,0,1,0
mitmengine-master,reference_fingerprints/pcaps/antivirus/mac-10.11.4-dr-web-11.0.0-chrome-49,5ce3e6ba13b3d58db4398d6015db4c5596a9c82cc5494d6399b747bdd7c4aaf4,1,0,1,0
mitmengine-master,reference_fingerprints/pcaps/antivirus/mac-10.11.4-dr-web-11.0.0-safari-9.1,316fc5c8b689e73497f0db36a2c923da49c9b178c8a80e75bb496d9729ae1c34,1,0,1,0
mitmengine-master,reference_fingerprints/pcaps/antivirus/mac-10.11.4-kaspersky-16.0.0-chrome-49,9b287724dfcba8a2155a84760ee550f24c6f051e9a11502c31df49570a24a540,1,0,1,0
mitmengine-master,reference_fingerprints/pcaps/antivirus/mac-10.11.4-kaspersky-16.0.0-firefox-45,a7a330ce008fe1ad1a56c1bae2dea92bc443d753bd77662c6bd9763371666e81,1,0,1,0
mitmengine-master,reference_fingerprints/pcaps/antivirus/mac-10.11.4-kaspersky-16.0.0-safari-9.1,088028f7ab714095a2e76557ad064cafc82684b5b5e259fffd7d28282a32062b,1,0,1,0
mitmengine-master,reference_fingerprints/pcaps/antivirus/mac-10.11.4-net-nanny-3.1.7-chrome-49,18fb6ff99146fe5f7460c067747ae1ed24563724ecfa933223f96e5c02c8e672,1,0,1,0
mitmengine-master,reference_fingerprints/pcaps/antivirus/mac-10.11.4-net-nanny-3.1.7-firefox-45,6f8e1feef503f26ddce4075a023e94cd81710b8e702802e236d887aa00eee306,1,0,1,0
mitmengine-master,reference_fingerprints/pcaps/antivirus/mac-10.11.4-net-nanny-3.1.7-safari-9.1,b1e6514fdca916afcf96bf507461c66740599dcbb2f850c85c78c78200a0a81e,1,0,1,0
mitmengine-master,reference_fingerprints/pcaps/antivirus/mac-10.11.4-qustodio-chrome-49,686fbd69a0b0ea125c685f2afc7484cd3b6a59c55989dbef647b7a3ebb765757,1,0,1,0
mitmengine-master,reference_fingerprints/pcaps/antivirus/mac-10.11.4-qustodio-firefox-45,32be6383b124ecff93bf28032aa83f1384545fbe262593aa02dc4e5dd53c6b5a,1,0,1,0
mitmengine-master,reference_fingerprints/pcaps/antivirus/mac-10.11.4-qustodio-safari-9.1,977b0a54ef392b75feb1f02c3904c0f1e96a0ae443aa6a3bf137693678de8300,1,0,1,0
mitmengine-master,reference_fingerprints/pcaps/antivirus/windows-7-adguard-6.0-chrome-51,8c9170870bb19ae4b4ac20407a1f8c00a9f3773c9aa2e8a5f3165aeffc2db5bd,1,0,1,0
mitmengine-master,reference_fingerprints/pcaps/antivirus/windows-7-adguard-6.0-firefox-47,d536081a9a5c8d8c10adb90b34f91ef3a4c543bc22fb186da1f6f24b80421335,1,0,1,0
mitmengine-master,reference_fingerprints/pcaps/antivirus/windows-7-adguard-6.0-ie-8,7e7dc7f54707e27cb70bd844963a74cc3f20090199741463ab22804127f29177,1,0,1,0
mitmengine-master,reference_fingerprints/pcaps/antivirus/windows-7-avast-11.1.2253-ie-11,6c77d0ee095b4e12e95b55908b1a597cc37f152a77c64d4239a471f5e3cdc1a1,1,0,1,0
mitmengine-master,reference_fingerprints/pcaps/antivirus/windows-7-avast-free-antivirus-10-chrome-48,ed6aae2d8bbf469aa3ac2d737d9531b2205d4a7f36fe71579050ecfc20d885e5,1,0,1,0
mitmengine-master,reference_fingerprints/pcaps/antivirus/windows-7-avast-free-antivirus-10-firefox-44,b0bc1c824cf2030df1bec2d9c4100d0266d3749850b255634a4c0e847d1e2791,1,0,1,0
mitmengine-master,reference_fingerprints/pcaps/antivirus/windows-7-avast-free-antivirus-10-ie-11,d853abe0700ea71aa0a96d0f10af0de72d81a74d5161de0d1bf1f5c8d3e29422,1,0,1,0
mitmengine-master,reference_fingerprints/pcaps/antivirus/windows-7-avast-free-antivirus-11.1-ie-11,67a418e9e92dbf23c56c0f73121508e2b2b323041b7838132cc996f3946e8d8e,1,0,1,0
mitmengine-master,reference_fingerprints/pcaps/antivirus/windows-7-avg-16.61.7538-chrome-49,ec3ddf0d6061926dc5e1521c2d29057e7346544981b0daeab19c9d6ccc3fe455,1,0,1,0
mitmengine-master,reference_fingerprints/pcaps/antivirus/windows-7-avg-16.61.7538-ie-11,e7a03924ba010e37654cf44607a263e823495d55a5f49a3c736895645be3978d,1,0,1,0
mitmengine-master,reference_fingerprints/pcaps/antivirus/windows-7-avg-internet-security-2016-chrome-48,544e22c90406955a872ce7c264bb2bf9aab088ea77b021f81f073173193d78b4,1,0,1,0
mitmengine-master,reference_fingerprints/pcaps/antivirus/windows-7-avg-internet-security-2016-ie-11,81956d00bfb6f9151d68bb3cd1c66dcd8fa24875283d29c62a2d061f028b7fd1,1,0,1,0
mitmengine-master,reference_fingerprints/pcaps/antivirus/windows-7-avg-zen-1.41-chrome-48,be1496a3125024ca90f813b275075b325e877c015c257fa65bb6b1f205211c4f,1,0,1,0
mitmengine-master,reference_fingerprints/pcaps/antivirus/windows-7-avg-zen-1.41-ie-11,556fff68da5294bee09899c9547b7b1935977d01b8efe37bdae2179ff4163598,1,0,1,0
mitmengine-master,reference_fingerprints/pcaps/antivirus/windows-7-bitdefender-antivirus-plus-2015-chrome-48,05d4787e9b43fa227886993a49c6e74bf295dae2fd4d9a02fcff8b9ebdf87d14,1,0,1,0
mitmengine-master,reference_fingerprints/pcaps/antivirus/windows-7-bitdefender-antivirus-plus-2015-firefox-44,bc7e85e6f77155708264605a7325e13d6b7b45aeca03484e77c7970a8211ef7f,1,0,1,0
mitmengine-master,reference_fingerprints/pcaps/antivirus/windows-7-bitdefender-antivirus-plus-2015-ie-11,cecb1a9f09b5db0264b0dfc89e92cad7e5f768bd4873f62b7feff7544390ac75,1,0,1,0
mitmengine-master,reference_fingerprints/pcaps/antivirus/windows-7-bitdefender-avplus-2013-chrome-48,b1004d030f66faf748b7d8503c9350709bd904a9d86245c5011a926aac8b64d7,1,0,1,0
mitmengine-master,reference_fingerprints/pcaps/antivirus/windows-7-bitdefender-avplus-2013-firefox-44,fd9b54bc001ba2551a3ece6531e2b0d880215a16b8a2c1b97b7a15c11bc3afaf,1,0,1,0
mitmengine-master,reference_fingerprints/pcaps/antivirus/windows-7-bitdefender-avplus-2013-ie-11,949f22d8ba72009da98b85d247e884cc129193858a6d188a339c84519180cc61,1,0,1,0
mitmengine-master,reference_fingerprints/pcaps/antivirus/windows-7-bitdefender-avplus-2016-chrome-48,aee5e354a6c71308c8d4cc8e61b27c0b2254d29069ae9aa7cf78bd3b94ebc8b0,1,0,1,0
mitmengine-master,reference_fingerprints/pcaps/antivirus/windows-7-bitdefender-avplus-2016-firefox-44,0fdcaeb8aa0314480585bb54a17b7a948dce3aedaa7c9888c394f269e51d7ff0,1,0,1,0
mitmengine-master,reference_fingerprints/pcaps/antivirus/windows-7-bitdefender-avplus-2016-ie-11,cf4cf9ba5dae40bd7733655e77f4075db0e3ac14c4a306d3f868a20186e043e5,1,0,1,0
mitmengine-master,reference_fingerprints/pcaps/antivirus/windows-7-bitdefender-isecurity-2016-chrome-48,3a82ab1607c28a41e5cecc4fed56f7f7dc360498d847c7c26e76ce41d2b3586f,1,0,1,0
mitmengine-master,reference_fingerprints/pcaps/antivirus/windows-7-bitdefender-isecurity-2016-firefox-44,2ff064fb0ca87cc1457c430ac47c775878837ef9e4d68d94bc14f449030fd39f,1,0,1,0
mitmengine-master,reference_fingerprints/pcaps/antivirus/windows-7-bitdefender-isecurity-2016-ie-11,110c2cea0ccaee40ae15b17e6ff129a9107242fc19938b56ed9a3ec2322f5d11,1,0,1,0
mitmengine-master,reference_fingerprints/pcaps/antivirus/windows-7-bitdefender-totalsecurity-2016-chrome-48,50a44c42d781bd52f4e7a06ca9201eaa886bdbc174b4f7f884bd2c13d47203e4,1,0,1,0
mitmengine-master,reference_fingerprints/pcaps/antivirus/windows-7-bitdefender-totalsecurity-2016-firefox-44,26ad0c496257250d4be5dd69eb4c214b9197af17f6720db7f0d8c8ad85016a59,1,0,1,0
mitmengine-master,reference_fingerprints/pcaps/antivirus/windows-7-bitdefender-totalsecurity-2016-ie-11,0b97ce620d819790ce41aa896170ba89c61ede9f4719f7496d4be8f769dd801a,1,0,1,0
mitmengine-master,reference_fingerprints/pcaps/antivirus/windows-7-bullguard-internet-security-16-chrome-48,c9c071879e340781bab4618159488536b704fbb31a7946e9b7765e46f1518c70,1,0,1,0
mitmengine-master,reference_fingerprints/pcaps/antivirus/windows-7-bullguard-internet-security-16.0.323-chrome-53,74345651e724f26f38045d06179595d06b42ac7a2598105086b1d7442b939201,1,0,1,0
mitmengine-master,reference_fingerprints/pcaps/antivirus/windows-7-bullguard-internet-security-16.0.323-firefox-48,61a468bd3af1cddd6ba932158bacb09345fdddefdffbd6f899e3afd09950f12b,1,0,1,0
mitmengine-master,reference_fingerprints/pcaps/antivirus/windows-7-bullguard-internet-security-16.0.323-ie-8,2bd6ebd6a190b4f08fcb0f8d06750bbb8ccae0a0679ec4a73f021cfc4e777c1e,1,0,1,0
mitmengine-master,reference_fingerprints/pcaps/antivirus/windows-7-content-explorer-ie-8,944c575f8cb70079f9fd454b5ea2418df84d06ecd63dee3d5e0d5aedaef7c9b1,1,0,1,0
mitmengine-master,reference_fingerprints/pcaps/antivirus/windows-7-cybersitter-11.13.1-ie-11,114c5be79a5a0934578868fcefc110f842e16bd2dfdf12f01520bb34b2e24b85,1,0,1,0
mitmengine-master,reference_fingerprints/pcaps/antivirus/windows-7-dr-web-10.0-chrome-48,3390b85ece32d3491fd92af1ee48469d1998647e484d8f14eed0381deb2369c1,1,0,1,0
mitmengine-master,reference_fingerprints/pcaps/antivirus/windows-7-dr-web-10.0-firefox-44,02686605d5a9a979061cd90aa7b1e015d6f7ca947b12d8f1dd49bfdd0baf9918,1,0,1,0
mitmengine-master,reference_fingerprints/pcaps/antivirus/windows-7-dr-web-10.0-ie-11,b0cc3c3be5887ee6d76783df3a8fce1d7e7268942c502b7db6b0a0ebe5e9479c,1,0,1,0
mitmengine-master,reference_fingerprints/pcaps/antivirus/windows-7-drweb-security-space11-chrome-53,d8fbd6f86730111c5fba9f127148975ee435e7c6f99cdea8e73930fa89545648,1,0,1,0
mitmengine-master,reference_fingerprints/pcaps/antivirus/windows-7-eset-nod32-antivirus-9-chrome-48,05c68ac74bf872fd6c2f0dbb3df9cf2a52b08c237ec4aff20a3809a2ae3d9840,1,0,1,0
mitmengine-master,reference_fingerprints/pcaps/antivirus/windows-7-eset-nod32-antivirus-9-firefox-44,7ebcb142c9c642efec5341142e9266e39dfcdff47bf7c63118729f7ac94a1a65,1,0,1,0
mitmengine-master,reference_fingerprints/pcaps/antivirus/windows-7-eset-nod32-antivirus-9-ie-11,7a33b27878fe3212c4534276505a35b6819ed1c62d3c8eff2408bf8e6feead46,1,0,1,0
mitmengine-master,reference_fingerprints/pcaps/antivirus/windows-7-gdata-25.1.0-chrome-50,3b4e07f260d5213fa1464a0b0b18e533d169046d6134bf912ea844e1a9a21ef6,1,0,1,0
mitmengine-master,reference_fingerprints/pcaps/antivirus/windows-7-gdata-25.1.0-firefox-44,646e13b1745b0313bf0bacb3b480896ec9c32477588fe15708009d8153b1afef,1,0,1,0
mitmengine-master,reference_fingerprints/pcaps/antivirus/windows-7-gdata-25.1.0-ie-11,1b0dfac51611dc342fd598981b967c7820051b55af8475ed730698acb56f4f47,1,0,1,0
mitmengine-master,reference_fingerprints/pcaps/antivirus/windows-7-kaspersky-internet-security-16-ie-11,0debc690524379ff417361643fd7b63a24d1191176b080e14c05120dc830d07b,1,0,1,0
mitmengine-master,reference_fingerprints/pcaps/antivirus/windows-7-kaspersky-internet-security-2016-chrome-49,de059fde67cb16fa4f63bf30e15fd7be4e768d620e5b09172c979319d5bc3d48,1,0,1,0
mitmengine-master,reference_fingerprints/pcaps/antivirus/windows-7-kaspersky-internet-security-2016-firefox-44,328ace463bde6a9a5aa1330bcc99adc6625628d74b385b66ca37f0776fed2b46,1,0,1,0
mitmengine-master,reference_fingerprints/pcaps/antivirus/windows-7-kaspersky-internet-security-2016-ie-11,0e77b4b286855812cc0625bafa10d5f36c416eb15997890f64f5a7c26a136106,1,0,1,0
mitmengine-master,reference_fingerprints/pcaps/antivirus/windows-7-kaspersky-total-security-16-chrome-48,8556a863fcafc58bf9a21742048899e2815cff26de134662b136e27169786816,1,0,1,0
mitmengine-master,reference_fingerprints/pcaps/antivirus/windows-7-kaspersky-total-security-16-firefox-44,7c6e012ef01ae9e268fdd8c37f3dad18cafc25b7113aaf84fe3e91e110ef95ee,1,0,1,0
mitmengine-master,reference_fingerprints/pcaps/antivirus/windows-7-kaspersky-total-security-16-ie-11,a667e6a3e2eed093fa99229d47bdb2cc8766e0f314e9277b11dbb5e94a359236,1,0,1,0
mitmengine-master,reference_fingerprints/pcaps/antivirus/windows-7-kaspersky-total-security-2016-firefox-47,2f76e30a4e6c71ace7644393d8da3372b6bd1b6d02c85bd1a9ff92da08c1f939,1,0,1,0
mitmengine-master,reference_fingerprints/pcaps/antivirus/windows-7-kaspersky-total-security-2016-ie-8,d8867761d176c64677d6966fe41679a5406905eed48bf82213107c988c9ea930,1,0,1,0
mitmengine-master,reference_fingerprints/pcaps/antivirus/windows-7-kindergate-3.2.12589.0.1-chrome-51,410ead7d13d377545c7830102ec223d47617c4ab15aeed14bbc16f21d2f153bb,1,0,1,0
mitmengine-master,reference_fingerprints/pcaps/antivirus/windows-7-netnanny-7.2.7-chrome-50,f8c8c697a9405e5d3b5b5e08ae1d02d3cc1000235cd9fb73fb3a3bd8e7c95355,1,0,1,0
mitmengine-master,reference_fingerprints/pcaps/antivirus/windows-7-netnanny-7.2.7-firefox-44,b3f34c58563c19e3d183ad9179e15515274f3909a7e2bde26d8dbffb6442a4ef,1,0,1,0
mitmengine-master,reference_fingerprints/pcaps/antivirus/windows-7-netnanny-7.2.7-ie-11,de51be21f24d781d2776ae3454c4e1b1a63dd439846dd7a78a6f6d7f64f2c820,1,0,1,0
mitmengine-master,reference_fingerprints/pcaps/antivirus/windows-7-none-chrome-51,bf8a6ec333315c25e7b99a1b1e2390d7942b7d18796e19a67ce48e11cc6d7542,1,0,1,0
mitmengine-master,reference_fingerprints/pcaps/antivirus/windows-7-none-firefox-47,f46c0a601f471c81e4fbff6a3609cf5d03298eaa3ee5a0f019c4e7e79f9d2e18,1,0,1,0
mitmengine-master,reference_fingerprints/pcaps/antivirus/windows-7-pcpandora-7.0-chrome-49,d2b1cb70abc6c6ecf0d126356962fe6e33e5ff91f588d7af705f7795072399d5,1,0,1,0
mitmengine-master,reference_fingerprints/pcaps/antivirus/windows-7-pcpandora-7.0-firefox-44,33926a5004a2725be4302728ad65770b99b16a451f1f2b22bf21a5177a262684,1,0,1,0
mitmengine-master,reference_fingerprints/pcaps/antivirus/windows-7-pcpandora-7.0-ie-11,bbaa22520626b996557651cb46bb2c83ba09c68e9ef47a0043deac9a2101e9ce,1,0,1,0
mitmengine-master,reference_fingerprints/pcaps/antivirus/windows-7-tencentpcmanager-11.4-ie-11,4c3c44bf2d7ea6427b07f7379f0a0f876e00985cb200c563ae8ed657d81f6327,1,0,1,0
mitmengine-master,reference_fingerprints/pcaps/antivirus/windows-7-windows-7-bitdefender-antivirus-plus-2014-chrome-49,dd529435c3e4144773c47b6380146836c7c38f34068bd82710273d0799e9a37c,1,0,1,0
mitmengine-master,reference_fingerprints/pcaps/antivirus/windows-7-windows-7-bitdefender-antivirus-plus-2014-firefox-44,8949944bcddb362399dce28ad942c4d8cb1b10cb393c4df2d721c51239e3ce6f,1,0,1,0
mitmengine-master,reference_fingerprints/pcaps/antivirus/windows-7-windows-7-bitdefender-antivirus-plus-2014-ie-11,997a9e37368a9202e9664b70c9685d635662e60fef6603b71ee60548c77a70e4,1,0,1,0
mitmengine-master,reference_fingerprints/pcaps/browsers,25117313975c1f3ab9fa9562a6661c8c2c7f3333c54d66e473f75f1662832c9f,0,827,827,0
mitmengine-master,reference_fingerprints/pcaps/browsers/Amazon_Kindle_Fire_2-android-4.0-android-unk,9cf2a6b2747f14ff101c98b8f9fd1e71eb6712bdad63857c0789d09c9ca7de0d,1,0,1,0
mitmengine-master,reference_fingerprints/pcaps/browsers/Amazon_Kindle_Fire_HDX_7-android-4.3-android-unk,bcc470035898450cbe3c6906d8c9c8639e3a1f3c21cf2fd15322269e636c144e,1,0,1,0
mitmengine-master,reference_fingerprints/pcaps/browsers/Amazon_Kindle_Fire_HD_8.9-android-4.0-android-unk,d8d5f894519d47ef434e9e5f6a65570e7a39151665ea79a9ae0a771325b267ea,1,0,1,0
mitmengine-master,reference_fingerprints/pcaps/browsers/Google_Nexus-android-4.0-android-unk,f512e0e79b5f8e7a48e5febfb4601512e8da6a6dfa660f79cf166c88ab030419,1,0,1,0
mitmengine-master,reference_fingerprints/pcaps/browsers/Google_Nexus_4-android-4.2-android-unk,e6704e7c04d5c013454897bf438d18e4c9280f26cb1b4dfccf4896d04b36bc53,1,0,1,0
mitmengine-master,reference_fingerprints/pcaps/browsers/Google_Nexus_5-android-5.0-android-unk,4afd0f3d81fc90a550b5b6645219cd79ab7aa38d3af91cb4750219eef45fca0f,1,0,1,0
mitmengine-master,reference_fingerprints/pcaps/browsers/Google_Nexus_7-android-4.1-android-unk,0f1ea083dac5f184c01c32978d4e196d5df5bc257302552747f9a878f6107a8c,1,0,1,0
mitmengine-master,reference_fingerprints/pcaps/browsers/HTC_One_M8-android-4.4-android-unk,e31685727da19b08df0f4a63323a65a126532bda05084d63c8e8adb6d4edae0d,1,0,1,0
mitmengine-master,reference_fingerprints/pcaps/browsers/HTC_One_X-android-4.0-android-unk,717401560d8151a1f294c4fe32b0b1feeaa63e812007879eb1e01274e9eb63ea,1,0,1,0
mitmengine-master,reference_fingerprints/pcaps/browsers/Motorola_Razr-android-4.0-android-unk,891446f24b520f76b7937f0a6099359737f0128a1d26d68ba465dee31a32232e,1,0,1,0
mitmengine-master,reference_fingerprints/pcaps/browsers/Motorola_Razr_Maxx_HD-android-4.1-android-unk,2c4092d4d7d291f4997e1d5e83d3950e59c0ba9b65f95544e5e207c90414283e,1,0,1,0
mitmengine-master,reference_fingerprints/pcaps/browsers/Samsung_Galaxy_Note_10.1-android-4.0-android-unk,c0e104209113082c7244bd137c31107d8330fab663811d05a79ee4560bf398bd,1,0,1,0
mitmengine-master,reference_fingerprints/pcaps/browsers/Samsung_Galaxy_Note_2-android-4.1-android-unk,1d8ea03f009f1b753cee0191f192acf646d239e54b26677667dfc60cf11d2016,1,0,1,0
mitmengine-master,reference_fingerprints/pcaps/browsers/Samsung_Galaxy_Note_3-android-4.3-android-unk,20bdf7ba4b4031eded737291cc3ec4391fec23fb000384bfae7c74a71295f8df,1,0,1,0
mitmengine-master,reference_fingerprints/pcaps/browsers/Samsung_Galaxy_S3-android-4.1-android-unk,7590fb4a309e73501291b7c8944f9d87ec8177ccec5b8f4f0160bfaead2345af,1,0,1,0
mitmengine-master,reference_fingerprints/pcaps/browsers/Samsung_Galaxy_S4-android-4.3-android-unk,e7507096c61bcb3593868d987d896e2e9ba8b766c9baa29e541ada54cab7f883,1,0,1,0
mitmengine-master,reference_fingerprints/pcaps/browsers/Samsung_Galaxy_S5-android-4.4-android-unk,2a847fc4571f2be9937fc5dfe89b1630e51a107a3bdbfa2e49d76dc3ad8fddba,1,0,1,0
mitmengine-master,reference_fingerprints/pcaps/browsers/Samsung_Galaxy_S5_Mini-android-4.4-android-unk,4ec9a5c554f1782a54bc71570cd988e7964d9b7f0f47cc55e774b28459062c73,1,0,1,0
mitmengine-master,reference_fingerprints/pcaps/browsers/Samsung_Galaxy_Tab_4_10.1-android-4.4-android-unk,ddfbd6065ffdd5f2f0cc81eec1a8807669482d47b6505a17fb0d57242205fa5c,1,0,1,0
mitmengine-master,reference_fingerprints/pcaps/browsers/Sony_Xperia_Tipo-android-4.0-android-unk,93a74f02720818f56b51a5bbf800afa686e979874cdf0b5a17a9ef611c2f45f7,1,0,1,0
mitmengine-master,reference_fingerprints/pcaps/browsers/computer-OS_X-El_Capitan-chrome-14.0,3899e0824130ade34dfb4fb046a4cb615536d69354ff702dd4e53f16b9190e6f,1,0,1,0
mitmengine-master,reference_fingerprints/pcaps/browsers/computer-OS_X-El_Capitan-chrome-16.0,f2de1d99f831845a6eca979ed4b9cca48361549abac7318667091ffe161b486e,1,0,1,0
mitmengine-master,reference_fingerprints/pcaps/browsers/computer-OS_X-El_Capitan-chrome-17.0,f8e145ebfbfa2e138ca3385379fad10cd4656ddf9cdab789649c9a8e432a7e71,1,0,1,0
mitmengine-master,reference_fingerprints/pcaps/browsers/computer-OS_X-El_Capitan-chrome-18.0,5761b6d4f85e7b3f29c9d349d8f5b938f657292b4185e57e202968e1b3ca244a,1,0,1,0
mitmengine-master,reference_fingerprints/pcaps/browsers/computer-OS_X-El_Capitan-chrome-19.0,3544ced3de39ef57568a49fc4388fddc7914f7b01c8a8f95679996d5d7400216,1,0,1,0
mitmengine-master,reference_fingerprints/pcaps/browsers/computer-OS_X-El_Capitan-chrome-20.0,5d825d1e6e5abef34a552d6b041c8de3743873e754251df9ff2f4b8ec904f752,1,0,1,0
mitmengine-master,reference_fingerprints/pcaps/browsers/computer-OS_X-El_Capitan-chrome-21.0,1b2d5c23da113a5916f7286bd480908bebb89d3df2de4ff548c7550c4302f87b,1,0,1,0
mitmengine-master,reference_fingerprints/pcaps/browsers/computer-OS_X-El_Capitan-chrome-22.0,b8ad46f0fa8fbcc62e9bd5e208fbf132611c09a62791c2f72e3f06c07b2bf72e,1,0,1,0
mitmengine-master,reference_fingerprints/pcaps/browsers/computer-OS_X-El_Capitan-chrome-23.0,b01cda02fc043a1e009f705c9fefde79f71ba076f1465c7cd08cbac00a933c33,1,0,1,0
mitmengine-master,reference_fingerprints/pcaps/browsers/computer-OS_X-El_Capitan-chrome-24.0,63ab1df8c89c7b41025f6537902716ec3615ad39838f2d5e7b86fd6d9f714677,1,0,1,0
mitmengine-master,reference_fingerprints/pcaps/browsers/computer-OS_X-El_Capitan-chrome-25.0,83c4a61a0c54899309016595e63bb3710443a220606cdad459bb8a5144ffc040,1,0,1,0
mitmengine-master,reference_fingerprints/pcaps/browsers/computer-OS_X-El_Capitan-chrome-26.0,a9332d64e812ebd2c3c3d835fe16a1069eb0b4da9cc8250be0d1f7c864bc0043,1,0,1,0
mitmengine-master,reference_fingerprints/pcaps/browsers/computer-OS_X-El_Capitan-chrome-27.0,e0477e1ed0cb87d6a2f3ce7cbf00398255378b28e75855146a7ad1029e80bd56,1,0,1,0
mitmengine-master,reference_fingerprints/pcaps/browsers/computer-OS_X-El_Capitan-chrome-28.0,1720e2469d70ad1ff3e16aabe7b4ba48ce9c69e671603eef17399fe511c47eb2,1,0,1,0
mitmengine-master,reference_fingerprints/pcaps/browsers/computer-OS_X-El_Capitan-chrome-29.0,26e151f63c34ae5899415ca647fb92a06f4f6afa6b623c448bcbb8ca4180af29,1,0,1,0
mitmengine-master,reference_fingerprints/pcaps/browsers/computer-OS_X-El_Capitan-chrome-30.0,a2c0f2cd987ebb301d1ca0ea80a6be1a4869b5a42f1ce8b9f1189dac08f780ea,1,0,1,0
mitmengine-master,reference_fingerprints/pcaps/browsers/computer-OS_X-El_Capitan-chrome-31.0,b980d6985df3ef6863f0cf47bc42dcff7f95b5225a7121554532ec0ef46e319e,1,0,1,0
mitmengine-master,reference_fingerprints/pcaps/browsers/computer-OS_X-El_Capitan-chrome-32.0,1defbe2c64595594e41234f74e3ae809b29b8c06af9d2035efe39ea7a3e6e595,1,0,1,0
mitmengine-master,reference_fingerprints/pcaps/browsers/computer-OS_X-El_Capitan-chrome-33.0,b87663950b183cda5611ac7252c562ef408fff89f9805884fffd099a87e0d90b,1,0,1,0
mitmengine-master,reference_fingerprints/pcaps/browsers/computer-OS_X-El_Capitan-chrome-34.0,765d9eae422e412f46faa33a03b8f1e7c245e59313f38ad8debcdb792a3eb47f,1,0,1,0
mitmengine-master,reference_fingerprints/pcaps/browsers/computer-OS_X-El_Capitan-chrome-35.0,1070bf1aa3c7d8c094e357481e40e5d19dcf779b386c2c82f4eaa9c8e4c8177a,1,0,1,0
mitmengine-master,reference_fingerprints/pcaps/browsers/computer-OS_X-El_Capitan-chrome-36.0,6497c033ea892a0eebd9b562481d7ae4ad5c73cea0020c2717f60dac8e4bab27,1,0,1,0
mitmengine-master,reference_fingerprints/pcaps/browsers/computer-OS_X-El_Capitan-chrome-37.0,d3f93577a11a8d78e6c07c6a729331ed125870710240212c2a40670811c73a4e,1,0,1,0
mitmengine-master,reference_fingerprints/pcaps/browsers/computer-OS_X-El_Capitan-chrome-38.0,692b64dbff256a8513d70d79d66c5ad68321801e19c2028b915d793b9711c4f3,1,0,1,0
mitmengine-master,reference_fingerprints/pcaps/browsers/computer-OS_X-El_Capitan-chrome-39.0,307a2c87a904e8bd0a396d78d8cfc90bf82d9b98e755da6f27e783e27dcf7447,1,0,1,0
mitmengine-master,reference_fingerprints/pcaps/browsers/computer-OS_X-El_Capitan-chrome-40.0,3a3fa732d581134772b0a89167332346f7ec647e27a1e0e39b385412efd5d12c,1,0,1,0
mitmengine-master,reference_fingerprints/pcaps/browsers/computer-OS_X-El_Capitan-chrome-41.0,dc4a574faa9f915cf69f89f9a47cc81311b56465b84848a906657a18125e4adf,1,0,1,0
mitmengine-master,reference_fingerprints/pcaps/browsers/computer-OS_X-El_Capitan-chrome-42.0,d5cf00d1fdc9daca31e373c04d35f60fe239c699ac56404bd1f4d2522e740750,1,0,1,0
mitmengine-master,reference_fingerprints/pcaps/browsers/computer-OS_X-El_Capitan-chrome-43.0,4499e62a1b39445f61a59970971a4e27489bf55106c3c574b70b2102578f8e20,1,0,1,0
mitmengine-master,reference_fingerprints/pcaps/browsers/computer-OS_X-El_Capitan-chrome-44.0,51e3d78b9b2b7b16ec623a8cc71864dcf3af9e728b6c0df7144f3f1ae9b73e83,1,0,1,0
mitmengine-master,reference_fingerprints/pcaps/browsers/computer-OS_X-El_Capitan-chrome-45.0,b33f1a91ec4babd479cb409a50daaaa9f96b01881045f9a2af90985c89607f0b,1,0,1,0
mitmengine-master,reference_fingerprints/pcaps/browsers/computer-OS_X-El_Capitan-chrome-46.0,ccc9a7030e9e32afe8b0982afeecd77f2d6e18adfa8b3c54a43fe363f85cbd75,1,0,1,0
mitmengine-master,reference_fingerprints/pcaps/browsers/computer-OS_X-El_Capitan-chrome-47.0,58715a5f725883025dcf0f2cba2cbc6c7b7407f93065ebdfc4e40be35f0ad61c,1,0,1,0
mitmengine-master,reference_fingerprints/pcaps/browsers/computer-OS_X-El_Capitan-firefox-10.0,98c86ac6438733d71ac58bbc5654a173738d3f894d6017f11867b4a305cb0e9a,1,0,1,0
mitmengine-master,reference_fingerprints/pcaps/browsers/computer-OS_X-El_Capitan-firefox-11.0,09bf49bc57fb405259e201ec95dd1993f4c4106d5ec77d42c9dfc2a2dcd82d41,1,0,1,0
mitmengine-master,reference_fingerprints/pcaps/browsers/computer-OS_X-El_Capitan-firefox-12.0,705ba955e73b6c9f420a410a69d91d2395d578553b3dbdedc6ebfabb0b5af8ef,1,0,1,0
mitmengine-master,reference_fingerprints/pcaps/browsers/computer-OS_X-El_Capitan-firefox-13.0,b7a65ef5a86ad4803cf3f1202ea8884e2eddbef69b06edce6a0b119e7cf95bf6,1,0,1,0
mitmengine-master,reference_fingerprints/pcaps/browsers/computer-OS_X-El_Capitan-firefox-14.0,c171369a349c1190be220b6e03a35da5c2e79c8ffa04efab9ea9c27c0824189f,1,0,1,0
mitmengine-master,reference_fingerprints/pcaps/browsers/computer-OS_X-El_Capitan-firefox-15.0,0a1a6a05674ce6a40d73a839fe2ada298c8ac9577288f03ca76e4cec956ee7e6,1,0,1,0
mitmengine-master,reference_fingerprints/pcaps/browsers/computer-OS_X-El_Capitan-firefox-16.0,f6ca3dbde773eb32b1c4e6257102b7d77d6e2c0b1bf449a6e97dea08e4c9f159,1,0,1,0
mitmengine-master,reference_fingerprints/pcaps/browsers/computer-OS_X-El_Capitan-firefox-17.0,ef430d613895d353da3040f762d0cb2179775617d46623f6f604d32b9f603cef,1,0,1,0
mitmengine-master,reference_fingerprints/pcaps/browsers/computer-OS_X-El_Capitan-firefox-18.0,de2e90b82cb31e2469c58a55681ee5fea690893e1f4171b1bdf54df3e638c314,1,0,1,0
mitmengine-master,reference_fingerprints/pcaps/browsers/computer-OS_X-El_Capitan-firefox-19.0,99b2becf7e49d538ccc25a2604b941326288ec6da651f118f914a89aa53fa23d,1,0,1,0
mitmengine-master,reference_fingerprints/pcaps/browsers/computer-OS_X-El_Capitan-firefox-20.0,cfde4ad0861f90c327d2b827caeda06aa2de62f3ff0fe61c96f7047369c394db,1,0,1,0
mitmengine-master,reference_fingerprints/pcaps/browsers/computer-OS_X-El_Capitan-firefox-21.0,d61218a63fea5b16af1a7cbe2ad68e6f9ec8a6cef34442e2ae20f1c8ced93f9c,1,0,1,0
mitmengine-master,reference_fingerprints/pcaps/browsers/computer-OS_X-El_Capitan-firefox-22.0,00223d5d31740fef0ed28a0b1247bb5e64c76760af22a8eefeb998277deee104,1,0,1,0
mitmengine-master,reference_fingerprints/pcaps/browsers/computer-OS_X-El_Capitan-firefox-23.0,cd27430f1532856815db31410dff75087931ffc155a88bb9fe98c6bb45c3eb0c,1,0,1,0
mitmengine-master,reference_fingerprints/pcaps/browsers/computer-OS_X-El_Capitan-firefox-24.0,5d4ad38b3bf68c9b95b85d068b599cf2abeeaf8d93e16681404d8def79292492,1,0,1,0
mitmengine-master,reference_fingerprints/pcaps/browsers/computer-OS_X-El_Capitan-firefox-25.0,910fd1c489e5a30bd1c4d97617f75dd29bc6de15f4269ce9e34187659f63776c,1,0,1,0
mitmengine-master,reference_fingerprints/pcaps/browsers/computer-OS_X-El_Capitan-firefox-26.0,8e29c1cc63861fa641493230af0315143440757d5a03d0821f5fb42d358ccd48,1,0,1,0
mitmengine-master,reference_fingerprints/pcaps/browsers/computer-OS_X-El_Capitan-firefox-27.0,bd4bacfd3f2c5c4728f6c99cd1de01c0a9614b81a08a9c3a9d268af7c3d1580f,1,0,1,0
mitmengine-master,reference_fingerprints/pcaps/browsers/computer-OS_X-El_Capitan-firefox-28.0,bffcc190776bde84493cb08eec0ff9e7f642e2539a7f1e87c214b47adf8bdaf5,1,0,1,0
mitmengine-master,reference_fingerprints/pcaps/browsers/computer-OS_X-El_Capitan-firefox-29.0,008a872bd019e40488c45673d91b156c8acd1ef67fcbee50ebf219c6c23a3cc8,1,0,1,0
mitmengine-master,reference_fingerprints/pcaps/browsers/computer-OS_X-El_Capitan-firefox-30.0,08654df411a2e57ae675920f3f1297e097ebccb41fae9259214df893e46835bd,1,0,1,0
mitmengine-master,reference_fingerprints/pcaps/browsers/computer-OS_X-El_Capitan-firefox-31.0,86576bdb29c54f396797bd1ac0d64598897292db5668dfad0e4d3bda6638ff5b,1,0,1,0
mitmengine-master,reference_fingerprints/pcaps/browsers/computer-OS_X-El_Capitan-firefox-32.0,d99a12159e2791a0eb6a89025293ac9462025faf50e2f05235afa0289620c098,1,0,1,0
mitmengine-master,reference_fingerprints/pcaps/browsers/computer-OS_X-El_Capitan-firefox-33.0,dcd27e0b595ded14ac5354694877f3f4664796397ed45f91a005df9f7c3e09c4,1,0,1,0
mitmengine-master,reference_fingerprints/pcaps/browsers/computer-OS_X-El_Capitan-firefox-34.0,cc9a8fcf7fe085dcee8bb1041eee06d276bb6871fe7bc93743a3175f9812ef7e,1,0,1,0
mitmengine-master,reference_fingerprints/pcaps/browsers/computer-OS_X-El_Capitan-firefox-35.0,400a4b1e0ff7607cd1731632190dc24edd7b0840e1b6f78e6f55253861e24cbe,1,0,1,0
mitmengine-master,reference_fingerprints/pcaps/browsers/computer-OS_X-El_Capitan-firefox-36.0,bf0fa5ca289ce42c643e203d728dbe2d3539c616ae096cf6f1089e834060c4b6,1,0,1,0
mitmengine-master,reference_fingerprints/pcaps/browsers/computer-OS_X-El_Capitan-firefox-37.0,827b83b815085ea82f73a7808b5f61ce84a98fa611be420e167f895819967a6e,1,0,1,0
mitmengine-master,reference_fingerprints/pcaps/browsers/computer-OS_X-El_Capitan-firefox-38.0,9362e45fbbf405db17350a3db5cd361f742574f3ea668ea0a161b031512f14e3,1,0,1,0
mitmengine-master,reference_fingerprints/pcaps/browsers/computer-OS_X-El_Capitan-firefox-39.0,d6d42023aa80be0a03450c50971c8f7fa2f0563860a889c86f6ac33307d4095c,1,0,1,0
mitmengine-master,reference_fingerprints/pcaps/browsers/computer-OS_X-El_Capitan-firefox-4.0,9f3632c6cc4e248165c8c84ceb78ddd553b2a45c8fec2c83405a619884d00f82,1,0,1,0
mitmengine-master,reference_fingerprints/pcaps/browsers/computer-OS_X-El_Capitan-firefox-40.0,cd479d13b57d96608db89506a3ab4e49fa375ef5916d9fcb4170c3c2a0fdc190,1,0,1,0
mitmengine-master,reference_fingerprints/pcaps/browsers/computer-OS_X-El_Capitan-firefox-41.0,b14415595699bd2a6c8e7f6ea4d0f447a3bce36f8523366c8332c6069fdd7dcc,1,0,1,0
mitmengine-master,reference_fingerprints/pcaps/browsers/computer-OS_X-El_Capitan-firefox-42.0,a0b747ca8c1a83e2982b46475b4857eb3b752d18b525421c01f04a6aef184689,1,0,1,0
mitmengine-master,reference_fingerprints/pcaps/browsers/computer-OS_X-El_Capitan-firefox-43.0,78e954b0f5fdf4502d1201ad375727a8e558c8c5a1578c822d70af3132fd586a,1,0,1,0
mitmengine-master,reference_fingerprints/pcaps/browsers/computer-OS_X-El_Capitan-firefox-5.0,0749070477b0cd440741fea7a04e24535bd962bd977f868448a66d5bf593861f,1,0,1,0
mitmengine-master,reference_fingerprints/pcaps/browsers/computer-OS_X-El_Capitan-firefox-6.0,31e4e137f5721b96fac0ffe5444b5dc32e741ac437058b109244d7b832ee7ec8,1,0,1,0
mitmengine-master,reference_fingerprints/pcaps/browsers/computer-OS_X-El_Capitan-firefox-7.0,93c0a4a0f10d8d31327509cc71a91e91bd4ef9b5002502e37ec089af2eb7d2ec,1,0,1,0
mitmengine-master,reference_fingerprints/pcaps/browsers/computer-OS_X-El_Capitan-firefox-8.0,6fc2f92a4cb11032a6ffc8c95fd5e90e21f298a3f7d642264c0ec10721d9f5c3,1,0,1,0
mitmengine-master,reference_fingerprints/pcaps/browsers/computer-OS_X-El_Capitan-firefox-9.0,ce91f6baecd7ae0cb69db625fad670a9cceeaa8f902c8d5203b8100db4806068,1,0,1,0
mitmengine-master,reference_fingerprints/pcaps/browsers/computer-OS_X-El_Capitan-opera-12.15,fcf7cb0479b49bdedb7f2c3a7e5ab7f7226b5750f81fddb541291c6ef7584fdf,1,0,1,0
mitmengine-master,reference_fingerprints/pcaps/browsers/computer-OS_X-El_Capitan-safari-9.0,01e4ee49b88a2a90bc7f3db4b728ef0d81589b49a9fa001309197438ccfa2db2,1,0,1,0
mitmengine-master,reference_fingerprints/pcaps/browsers/computer-OS_X-Lion-chrome-14.0,94d6f0c029d5d267972d58de576354513c95e8baf15b1638e3807a258e5b1c6e,1,0,1,0
mitmengine-master,reference_fingerprints/pcaps/browsers/computer-OS_X-Lion-chrome-16.0,c823161516a743353d0fa1cd4171c585b84b679c4e0b3ee9c357192b78769eff,1,0,1,0
mitmengine-master,reference_fingerprints/pcaps/browsers/computer-OS_X-Lion-chrome-17.0,b7faee2d4b8a8676fce060d2770fed630283e39474b8546b540b489807dc9143,1,0,1,0
mitmengine-master,reference_fingerprints/pcaps/browsers/computer-OS_X-Lion-chrome-18.0,46693a751559f6fb5d42a72d4c6ffe0fa8a25e443f89705d1f5c7c9868a71a0e,1,0,1,0
mitmengine-master,reference_fingerprints/pcaps/browsers/computer-OS_X-Lion-chrome-19.0,90c106a2feefcb4263784d96fa1268f9276b0b7fe5da0410f9181ecf0e2c2883,1,0,1,0
mitmengine-master,reference_fingerprints/pcaps/browsers/computer-OS_X-Lion-chrome-20.0,d01ebbf7c8a236cf61995375c72504c131858c9f309cd28d1398bcaff20a8362,1,0,1,0
mitmengine-master,reference_fingerprints/pcaps/browsers/computer-OS_X-Lion-chrome-21.0,43597ce77dc25d151a9b7faad7dc0cbccb87051cdca79d8952694fc9d45b289d,1,0,1,0
mitmengine-master,reference_fingerprints/pcaps/browsers/computer-OS_X-Lion-chrome-22.0,07bcf67d931bbc9b68994920d0d4ba0a9d4581419899068b9cab488257795777,1,0,1,0
mitmengine-master,reference_fingerprints/pcaps/browsers/computer-OS_X-Lion-chrome-23.0,23320e8e71aeecc221777c7a81c7dd6efe7db4b5e31343a872727c8ab7d5a559,1,0,1,0
mitmengine-master,reference_fingerprints/pcaps/browsers/computer-OS_X-Lion-chrome-24.0,9c4967cf48849ceb5c8c8a3deac19c5303f5f2e05c2b8ef3f4042103f1a012a9,1,0,1,0
mitmengine-master,reference_fingerprints/pcaps/browsers/computer-OS_X-Lion-chrome-25.0,fbafa977f82f5b2ea359d91400ba30b4c0a24ef28be9edcaaa7477b1e0668ff6,1,0,1,0
mitmengine-master,reference_fingerprints/pcaps/browsers/computer-OS_X-Lion-chrome-26.0,f36fe0c4b14f92825f7e810bfb56041d5fe77341dab29e4ae5f26f004706274f,1,0,1,0
mitmengine-master,reference_fingerprints/pcaps/browsers/computer-OS_X-Lion-chrome-27.0,9845a5bd0f606285a7e18e5023e62457b9aca9cd3af02e6a24eb42e54b6a1e03,1,0,1,0
mitmengine-master,reference_fingerprints/pcaps/browsers/computer-OS_X-Lion-chrome-28.0,2d59e1a639804378ce2bcfefb3b0d1a70a14074ce56166a9b445b1e646bd6f98,1,0,1,0
mitmengine-master,reference_fingerprints/pcaps/browsers/computer-OS_X-Lion-chrome-29.0,ed2118a0648b76cbaf721487a739ee0a69bad97a5eea4a10ac380f6d908ca25a,1,0,1,0
mitmengine-master,reference_fingerprints/pcaps/browsers/computer-OS_X-Lion-chrome-30.0,15e1b1adda9fc1a36131a41cdb87829f2a18430639860c556ee4f51530d47df7,1,0,1,0
mitmengine-master,reference_fingerprints/pcaps/browsers/computer-OS_X-Lion-chrome-31.0,7605ac81bc24e32fb6fb984759b04dc5b5f9aeee3ea35a1bd96858a0a012dae7,1,0,1,0
mitmengine-master,reference_fingerprints/pcaps/browsers/computer-OS_X-Lion-chrome-32.0,19ca1b7fafc018169e405ac15af69b4aa86e62fe2c48142cd25757ae501315b1,1,0,1,0
mitmengine-master,reference_fingerprints/pcaps/browsers/computer-OS_X-Lion-chrome-33.0,5e50ab3f7230efe2483ea5b0f6932a88c634551dd8cd58a7eb5fca106a7a3db0,1,0,1,0
mitmengine-master,reference_fingerprints/pcaps/browsers/computer-OS_X-Lion-chrome-34.0,9ec8e4f5a65560d8a8b93398758bc3a8a8c4bc611e7f66982e3e67c2611842fd,1,0,1,0
mitmengine-master,reference_fingerprints/pcaps/browsers/computer-OS_X-Lion-chrome-35.0,188e3bd6e7f5eed36ebaf97d2d7af6182dd197f44b6eeac3e4dc2db355355231,1,0,1,0
mitmengine-master,reference_fingerprints/pcaps/browsers/computer-OS_X-Lion-chrome-36.0,ef2798bff3dd75311b6667afd59db2d8bbd0aec93ac07f29f27370b1b65a65b3,1,0,1,0
mitmengine-master,reference_fingerprints/pcaps/browsers/computer-OS_X-Lion-chrome-37.0,c477f41edba0b92c6131d5d16f490a858211ecdb32e477139e7c7240738d4a16,1,0,1,0
mitmengine-master,reference_fingerprints/pcaps/browsers/computer-OS_X-Lion-chrome-39.0,b77ab46243de2faa344e4d4c5d1488b5f4785c3ea1260cd5e3a31154e557d2e4,1,0,1,0
mitmengine-master,reference_fingerprints/pcaps/browsers/computer-OS_X-Lion-chrome-40.0,8962ad5034c12d19816ac75571b0e77d78dc4aaf9de28f139e3b3eae9736884e,1,0,1,0
mitmengine-master,reference_fingerprints/pcaps/browsers/computer-OS_X-Lion-chrome-41.0,d7c9e3c83696d9b2338dd8820745458fc13b8522163719b97c2a33ceb0b087b1,1,0,1,0
mitmengine-master,reference_fingerprints/pcaps/browsers/computer-OS_X-Lion-chrome-42.0,94730e32ed99cec1acf4946485e37d4fcb55e313bcf2b6f3bda81b737ca3dbdc,1,0,1,0
mitmengine-master,reference_fingerprints/pcaps/browsers/computer-OS_X-Lion-chrome-43.0,1709d0195ac7c991888d55ac1f5e153a0ef8a47b799e2589e0f9fcf6654c43ce,1,0,1,0
mitmengine-master,reference_fingerprints/pcaps/browsers/computer-OS_X-Lion-chrome-44.0,2507bf5aeceea05b9c828e653d7644d1e87356a4590eb91dce440227450cfb60,1,0,1,0
mitmengine-master,reference_fingerprints/pcaps/browsers/computer-OS_X-Lion-chrome-45.0,ea1824cab72c6321cfeec741c18db73687569f500c6010d3bb11d22e70868815,1,0,1,0
mitmengine-master,reference_fingerprints/pcaps/browsers/computer-OS_X-Lion-chrome-46.0,021d059047207a3d1a544e31ad1dbc7c16977a4cab6f066a6fb2994b0c73c5e4,1,0,1,0
mitmengine-master,reference_fingerprints/pcaps/browsers/computer-OS_X-Lion-chrome-47.0,3b4d81074014f809b7ed67a6a5fc20f71c2687c48745c1abce5d2971635be078,1,0,1,0
mitmengine-master,reference_fingerprints/pcaps/browsers/computer-OS_X-Lion-firefox-10.0,ec2fccbd8e1c598298f400db64755275265e935bbcbae290abd70774dd2da966,1,0,1,0
mitmengine-master,reference_fingerprints/pcaps/browsers/computer-OS_X-Lion-firefox-11.0,96150a26c451cfaf100c6abaefea6fc0f906883c9de1d53de979334e8dc8ea16,1,0,1,0
mitmengine-master,reference_fingerprints/pcaps/browsers/computer-OS_X-Lion-firefox-12.0,82dda988a96a8de97e9473aed80353e14c6630c8d19787d7b40379f3b08cc44f,1,0,1,0
mitmengine-master,reference_fingerprints/pcaps/browsers/computer-OS_X-Lion-firefox-13.0,ccbbf2d29e47d19f549b8b2186dc3373372cdf13e2cf469017452f75192aaa85,1,0,1,0
mitmengine-master,reference_fingerprints/pcaps/browsers/computer-OS_X-Lion-firefox-14.0,91c02e188e29e4ad2f98e542b6460e53ad964e680d53de1c8462c7f95c7af847,1,0,1,0
mitmengine-master,reference_fingerprints/pcaps/browsers/computer-OS_X-Lion-firefox-15.0,9e795dc001fdec17100adf1af4d317b97b295225b525f5635bb6a0edc74d6f51,1,0,1,0
mitmengine-master,reference_fingerprints/pcaps/browsers/computer-OS_X-Lion-firefox-16.0,b0ea5f4a5b0d32b1d06f17b5e3f4f79aa7fb0d2f6e4ab6ceeadb690ee9d359bd,1,0,1,0
mitmengine-master,reference_fingerprints/pcaps/browsers/computer-OS_X-Lion-firefox-17.0,73b933756b07dad97bd4117883ee7f57e317c6e5912014bd07eab58e4e195320,1,0,1,0
mitmengine-master,reference_fingerprints/pcaps/browsers/computer-OS_X-Lion-firefox-18.0,b9c7ec87ecc58509e2c1ff413f57bf4779ba27ed01060d917d6628bea7001253,1,0,1,0
mitmengine-master,reference_fingerprints/pcaps/browsers/computer-OS_X-Lion-firefox-19.0,9337f69a8f911b6a29a468765842d059a7773dfe1b6682e65162e9c520f247a3,1,0,1,0
mitmengine-master,reference_fingerprints/pcaps/browsers/computer-OS_X-Lion-firefox-20.0,9109333df350236eab22995734cfe5c487a819371b730659661ff17b1a68e858,1,0,1,0
mitmengine-master,reference_fingerprints/pcaps/browsers/computer-OS_X-Lion-firefox-21.0,a5745dafb1249e0f78fba742ea34cf592d14bbd2b2205bbd8f04ea700ace68c7,1,0,1,0
mitmengine-master,reference_fingerprints/pcaps/browsers/computer-OS_X-Lion-firefox-22.0,e15828416320cfba647bda1c800004be1feb1ccdfdbe4856faef32cd6c9c8817,1,0,1,0
mitmengine-master,reference_fingerprints/pcaps/browsers/computer-OS_X-Lion-firefox-23.0,01c30aa1caf21570587fb85f18d9d7fde788d1f892c0f9afcf2f15f1e3bfd8da,1,0,1,0
mitmengine-master,reference_fingerprints/pcaps/browsers/computer-OS_X-Lion-firefox-24.0,a5655fe07be4c8d17cb8841981b47c3b37d51b45e3e6b9a3e324eacb65c90f05,1,0,1,0
mitmengine-master,reference_fingerprints/pcaps/browsers/computer-OS_X-Lion-firefox-25.0,67bb5755a3a5665c0abadda5c6c2703819c9b737585c7d2714ffbe186b23b1bb,1,0,1,0
mitmengine-master,reference_fingerprints/pcaps/browsers/computer-OS_X-Lion-firefox-26.0,a11e4bc3f9b8aa4736b3516cc1ec28c2e4dc02e645b9210c19f398e044a91c2c,1,0,1,0
mitmengine-master,reference_fingerprints/pcaps/browsers/computer-OS_X-Lion-firefox-27.0,87b3ac2bdd74fa1c1019f3574eaa4bf1f885a8353f45a4436ebf5f548bc3caf9,1,0,1,0
mitmengine-master,reference_fingerprints/pcaps/browsers/computer-OS_X-Lion-firefox-28.0,51be089eb21b185b067ee56d1417d1c7abbb6d78b5047833a7284472bc5d573e,1,0,1,0
mitmengine-master,reference_fingerprints/pcaps/browsers/computer-OS_X-Lion-firefox-29.0,69df040476798f6c1dcc92107e43855864f53670d2b13605b7eb2162ec954ef2,1,0,1,0
mitmengine-master,reference_fingerprints/pcaps/browsers/computer-OS_X-Lion-firefox-3.6,ba12309e0dd956141913a96c74b7d67b71b3389f1cb9f890b14ad29e891dca27,1,0,1,0
mitmengine-master,reference_fingerprints/pcaps/browsers/computer-OS_X-Lion-firefox-30.0,680914cec9f661881a9e1627ce33d3a0b924c0526de7fbd4882cd8f839f6bb3d,1,0,1,0
mitmengine-master,reference_fingerprints/pcaps/browsers/computer-OS_X-Lion-firefox-31.0,e550944f85a9decaa147e28af9aab262aec88ada4e04b59144b89c4c639ebc51,1,0,1,0
mitmengine-master,reference_fingerprints/pcaps/browsers/computer-OS_X-Lion-firefox-32.0,4269dea78c5cfdaa50f426d9b9d826101122d6fd99a62eab359287bf9b93b81a,1,0,1,0
mitmengine-master,reference_fingerprints/pcaps/browsers/computer-OS_X-Lion-firefox-33.0,1cb9481949aff122de32cec394addc13ee0e13c493580a59eed0bfbc8e87518f,1,0,1,0
mitmengine-master,reference_fingerprints/pcaps/browsers/computer-OS_X-Lion-firefox-34.0,8bcb6e5a04955e26a84ba219f9290aaee91c175439191e348d65cbfbb4846ab4,1,0,1,0
mitmengine-master,reference_fingerprints/pcaps/browsers/computer-OS_X-Lion-firefox-35.0,e19995730353c20fdd5075e5435ea5f9abab970b98abdfb259fb11d710d94ad2,1,0,1,0
mitmengine-master,reference_fingerprints/pcaps/browsers/computer-OS_X-Lion-firefox-36.0,c8657f06fd086d223e87c83b8c0a9d9a9f647608609b8416102dc0cec3779c9e,1,0,1,0
mitmengine-master,reference_fingerprints/pcaps/browsers/computer-OS_X-Lion-firefox-37.0,bc99859a52d68e9c5196a270fabe2797be6a3d40f55bc3ecce5196069530f998,1,0,1,0
mitmengine-master,reference_fingerprints/pcaps/browsers/computer-OS_X-Lion-firefox-38.0,5515254f61ccec8e61c602dac7ea8941e61e5efd9c93e4578ed8985a54e8d5de,1,0,1,0
mitmengine-master,reference_fingerprints/pcaps/browsers/computer-OS_X-Lion-firefox-4.0,e6716c3c81ac7229a6a79194edfcb77cc1804a595d802b6d4e1b49a4cf9f41be,1,0,1,0
mitmengine-master,reference_fingerprints/pcaps/browsers/computer-OS_X-Lion-firefox-40.0,4c2b26110d70029826b2a1a97506e68a39dc645861daead8f601b9f9bec9f71d,1,0,1,0
mitmengine-master,reference_fingerprints/pcaps/browsers/computer-OS_X-Lion-firefox-41.0,23783fdbfafed11033e5c591ef47a0465f197146b8c91c7131b9fa6c6b7cea0c,1,0,1,0
mitmengine-master,reference_fingerprints/pcaps/browsers/computer-OS_X-Lion-firefox-42.0,3d9ff66320473105d3b2c5f130b8a2796807c02c1981f30920cead73245ca002,1,0,1,0
mitmengine-master,reference_fingerprints/pcaps/browsers/computer-OS_X-Lion-firefox-43.0,f4716dda55db2755d553887734cd9351e3ee96437a68aef74a1ef6fa767397e7,1,0,1,0
mitmengine-master,reference_fingerprints/pcaps/browsers/computer-OS_X-Lion-firefox-5.0,ada53107604e0f73569f9c536e65a87f1b405580655a0926e4ba0f31a05466a1,1,0,1,0
mitmengine-master,reference_fingerprints/pcaps/browsers/computer-OS_X-Lion-firefox-6.0,b55b833fdf29a5907ae0fdd6b1092b2346bae934f85ea99066ab3ca66f8d2e60,1,0,1,0
mitmengine-master,reference_fingerprints/pcaps/browsers/computer-OS_X-Lion-firefox-7.0,e035bd9d0b1ab3f0d585c810f31c2d7c021129c47f5583480fdfee71b9a5bdc6,1,0,1,0
mitmengine-master,reference_fingerprints/pcaps/browsers/computer-OS_X-Lion-firefox-8.0,90420c93b96f5f9e18b69bc4b60d73a05fcf52c7a7bb52a7dec0377e3bf70a21,1,0,1,0
mitmengine-master,reference_fingerprints/pcaps/browsers/computer-OS_X-Lion-firefox-9.0,ecaa323a2b78249fec3a78572e92d25ea3aa6aacf5262a323a5f60bbc7c4d0a7,1,0,1,0
mitmengine-master,reference_fingerprints/pcaps/browsers/computer-OS_X-Lion-opera-12.15,66e6ea71ef0abbae80325976e30d71d2f12d1ea34ac729a0787802a34f0dea28,1,0,1,0
mitmengine-master,reference_fingerprints/pcaps/browsers/computer-OS_X-Lion-safari-6.0,1efd486b0684ebdace1c9a196520d59946ec4ab0198cf28a9017a64361f65278,1,0,1,0
mitmengine-master,reference_fingerprints/pcaps/browsers/computer-OS_X-Mavericks-chrome-14.0,8257b788308c156e620241044d4fb233080b420463c2041657a2e92914de25f2,1,0,1,0
mitmengine-master,reference_fingerprints/pcaps/browsers/computer-OS_X-Mavericks-chrome-16.0,402c048a133488bb46934af56a7517bef9435a345dff08ca13d30c60a8bcac58,1,0,1,0
mitmengine-master,reference_fingerprints/pcaps/browsers/computer-OS_X-Mavericks-chrome-17.0,2a24802ba957839abfab51f49950e6c755c624182f5dafeb985fd884e68f2718,1,0,1,0
mitmengine-master,reference_fingerprints/pcaps/browsers/computer-OS_X-Mavericks-chrome-18.0,dc8baa9c659759c394d3b54de37c03425dadf9576c2b500ce00463154e9ca9bd,1,0,1,0
mitmengine-master,reference_fingerprints/pcaps/browsers/computer-OS_X-Mavericks-chrome-19.0,928d2d0af3b13f5b41c65cbcb34e878da1d1e4d54cf90a903528cc97bd8f5d8d,1,0,1,0
mitmengine-master,reference_fingerprints/pcaps/browsers/computer-OS_X-Mavericks-chrome-20.0,6df06a439c2d6104a6acf9fac0762956c55927542f21669563ca8205c1af63ca,1,0,1,0
mitmengine-master,reference_fingerprints/pcaps/browsers/computer-OS_X-Mavericks-chrome-21.0,a075797e9faecb2de1c3c95d87cb6d8a1809e5701e4730becfa813d5fe398f97,1,0,1,0
mitmengine-master,reference_fingerprints/pcaps/browsers/computer-OS_X-Mavericks-chrome-22.0,979ec75cd4eaf37574a413e63383922bc9b45f649e1b51770b27daf5cddf4cb2,1,0,1,0
mitmengine-master,reference_fingerprints/pcaps/browsers/computer-OS_X-Mavericks-chrome-23.0,f4646ab55dacaf42be1a0df1b460f9a964055246830befc097e63860fbf88ede,1,0,1,0
mitmengine-master,reference_fingerprints/pcaps/browsers/computer-OS_X-Mavericks-chrome-24.0,7f9a00eccbbd9f8fe39fca49fe244cfcbebc5f2f61f19a9cb50c9400a6d79afd,1,0,1,0
mitmengine-master,reference_fingerprints/pcaps/browsers/computer-OS_X-Mavericks-chrome-25.0,f4db28e081acc046fb8d621ad4079295eb6ecbad385e9307560ec740523fd7ce,1,0,1,0
mitmengine-master,reference_fingerprints/pcaps/browsers/computer-OS_X-Mavericks-chrome-26.0,b636b0e20c3980236a718143f07a5f50d3cac877ee30bcc1b98013e045852cf4,1,0,1,0
mitmengine-master,reference_fingerprints/pcaps/browsers/computer-OS_X-Mavericks-chrome-27.0,176474e0ebf13796f69d5fe1b1c01f2657ad4f9b10fcc5d0e4c6ee07cb8dd9af,1,0,1,0
mitmengine-master,reference_fingerprints/pcaps/browsers/computer-OS_X-Mavericks-chrome-28.0,70b6e8872436fb633825d2d3eda8f4b6946980cd259afff84d2151feecaba2b7,1,0,1,0
mitmengine-master,reference_fingerprints/pcaps/browsers/computer-OS_X-Mavericks-chrome-29.0,1c44cfd2b696891785f30d1de0b8d2cf737fb8cde1ad0bf3aef71bc75fa93c39,1,0,1,0
mitmengine-master,reference_fingerprints/pcaps/browsers/computer-OS_X-Mavericks-chrome-30.0,ab5b00d79b5e2c52a2fa764df19ffee80560e5f367c956af16395bba25f294e8,1,0,1,0
mitmengine-master,reference_fingerprints/pcaps/browsers/computer-OS_X-Mavericks-chrome-31.0,5c21f42cb85b48b40d0c6b08493efa08d3f2265a22c14cf00b02c96827b8b504,1,0,1,0
mitmengine-master,reference_fingerprints/pcaps/browsers/computer-OS_X-Mavericks-chrome-32.0,d464be0b150012b68f214ad9123a16ee996de53b1e5a863cb912838017efb22a,1,0,1,0
mitmengine-master,reference_fingerprints/pcaps/browsers/computer-OS_X-Mavericks-chrome-33.0,9f9fac51b9949095878f395fb4f8a8de82d92439545516ad936b284c42192217,1,0,1,0
mitmengine-master,reference_fingerprints/pcaps/browsers/computer-OS_X-Mavericks-chrome-34.0,560849ef0aab6ebefa48a1516918dbfc94039425c78082e48a17a99782cc6da5,1,0,1,0
mitmengine-master,reference_fingerprints/pcaps/browsers/computer-OS_X-Mavericks-chrome-35.0,50845ea2eb0e06a84f21fd6308145a73e3ccad5aaeb0926c6e850414c6c8d6d0,1,0,1,0
mitmengine-master,reference_fingerprints/pcaps/browsers/computer-OS_X-Mavericks-chrome-36.0,3c44ce75b58f481da899461e7b0dbc6ad31d1d7293c13a2e06e056d4fd087f4f,1,0,1,0
mitmengine-master,reference_fingerprints/pcaps/browsers/computer-OS_X-Mavericks-chrome-37.0,fc1a2ed92f55adbb8e42c5a9119fbd9fc54c5ef1d01673562c8a7558f37cfd39,1,0,1,0
mitmengine-master,reference_fingerprints/pcaps/browsers/computer-OS_X-Mavericks-chrome-38.0,c407dad11a1abf1edaf069e7d9a1a1345cbcb2e76f97eecc88d9b3636dc87dcc,1,0,1,0
mitmengine-master,reference_fingerprints/pcaps/browsers/computer-OS_X-Mavericks-chrome-39.0,f766dd8ffefba7d7e7349c31ab02a3978c031f03be6ca6f58cc4b1d120680b52,1,0,1,0
mitmengine-master,reference_fingerprints/pcaps/browsers/computer-OS_X-Mavericks-chrome-40.0,de31bdd85b9b1acc785157c45e34c24777a9b876fa2f47a97dc65d66af848077,1,0,1,0
mitmengine-master,reference_fingerprints/pcaps/browsers/computer-OS_X-Mavericks-chrome-41.0,20f10a178d47f252507b467ccc93e4a9ec2cd3bdab16330da26fdb6112e2115d,1,0,1,0
mitmengine-master,reference_fingerprints/pcaps/browsers/computer-OS_X-Mavericks-chrome-42.0,58a56c200d16ab3aef45715c7fedcd58777fb062f4041cc6d104acb9f19b890e,1,0,1,0
mitmengine-master,reference_fingerprints/pcaps/browsers/computer-OS_X-Mavericks-chrome-43.0,d6aea84bf747e7e5ef4662238aee08eb963fdcc9a5cbe3e5cacfbc2eeb7cc0ff,1,0,1,0
mitmengine-master,reference_fingerprints/pcaps/browsers/computer-OS_X-Mavericks-chrome-44.0,d03faf096cd5f19fbb55d5a647fa7bbe79603e172473a20d6e2a78f49d683afb,1,0,1,0
mitmengine-master,reference_fingerprints/pcaps/browsers/computer-OS_X-Mavericks-chrome-45.0,31658f4684c2f5364cf99333f6ecfdd955ef7586c84b7e0f51a51a7bc6b64ba8,1,0,1,0
mitmengine-master,reference_fingerprints/pcaps/browsers/computer-OS_X-Mavericks-chrome-46.0,463c53a4073d4d2bf4fadbd080dc8be93d80efeb9aa11a8b8ae07760e4fc6bf9,1,0,1,0
mitmengine-master,reference_fingerprints/pcaps/browsers/computer-OS_X-Mavericks-chrome-47.0,64e2fc95318f34ec49bb874544152111053c9089a0a1bb09a3b5cd88558a0a1b,1,0,1,0
mitmengine-master,reference_fingerprints/pcaps/browsers/computer-OS_X-Mavericks-firefox-10.0,799edad7b4af5cb705152466147216520c6d75f81c840e0141602b71fc80f702,1,0,1,0
mitmengine-master,reference_fingerprints/pcaps/browsers/computer-OS_X-Mavericks-firefox-11.0,40b77f26e0849414cea3bf8b22af33622a62408c6cbf03cc85dec2b71871b143,1,0,1,0
mitmengine-master,reference_fingerprints/pcaps/browsers/computer-OS_X-Mavericks-firefox-12.0,3122b998422245195b0f616f9f6677238160da94c2ce017cbb2f076d8aa47529,1,0,1,0
mitmengine-master,reference_fingerprints/pcaps/browsers/computer-OS_X-Mavericks-firefox-13.0,9c3bab742146129f88830aab0f85b54ea289217f6c41347cf39bdc6e25b64228,1,0,1,0
mitmengine-master,reference_fingerprints/pcaps/browsers/computer-OS_X-Mavericks-firefox-14.0,63ff65c03de7356f7890e3dddbbd067b345b0f000a660c1d54c509a346cde84b,1,0,1,0
mitmengine-master,reference_fingerprints/pcaps/browsers/computer-OS_X-Mavericks-firefox-15.0,acc386fcdbf54f0e2ac537ff2b26aabb99fe20f36c660fa613530b41331ff453,1,0,1,0
mitmengine-master,reference_fingerprints/pcaps/browsers/computer-OS_X-Mavericks-firefox-16.0,71bf7c6d49a53461ad9809dde924a77b9c5dc13caf9fb8af5097806e704cd6b2,1,0,1,0
mitmengine-master,reference_fingerprints/pcaps/browsers/computer-OS_X-Mavericks-firefox-17.0,589e26514499e9cbf540fbce033046e4d4b034f36f906b6ad846d3ef7512399c,1,0,1,0
mitmengine-master,reference_fingerprints/pcaps/browsers/computer-OS_X-Mavericks-firefox-18.0,06581a1274d28f9f7ae7d3091d69b7d28f5f31f543d83ec0435019d806263cf9,1,0,1,0
mitmengine-master,reference_fingerprints/pcaps/browsers/computer-OS_X-Mavericks-firefox-19.0,bf0f65ce0a5b2f730b6bed1cd538439947619eff89b6db429e0f145d39ccaa08,1,0,1,0
mitmengine-master,reference_fingerprints/pcaps/browsers/computer-OS_X-Mavericks-firefox-20.0,bfcfe99172d3945434a879eee39be6fcbd288abae31fb39fcefbfb9e9304baa9,1,0,1,0
mitmengine-master,reference_fingerprints/pcaps/browsers/computer-OS_X-Mavericks-firefox-21.0,7d313e808416f62a2260970f8c2293bc812a389232c72cc8e8f4937ee1f18e25,1,0,1,0
mitmengine-master,reference_fingerprints/pcaps/browsers/computer-OS_X-Mavericks-firefox-22.0,0a6688d93b459e12dddb75f093625f54ca86ee0b2cdf1305dd18db3225e1ed63,1,0,1,0
mitmengine-master,reference_fingerprints/pcaps/browsers/computer-OS_X-Mavericks-firefox-23.0,42d2a6d1fe3f4c404e09ea3567e4147b95271ccf8b4b58ec25e85c10124bae99,1,0,1,0
mitmengine-master,reference_fingerprints/pcaps/browsers/computer-OS_X-Mavericks-firefox-24.0,f0b86efa5c19b12aca444b727e1fd73b739c5e03ceba0b8555a389dc8fe9818a,1,0,1,0
mitmengine-master,reference_fingerprints/pcaps/browsers/computer-OS_X-Mavericks-firefox-25.0,c42d09be4bf783154625d94fcb921b487e6d3cd6a2f79444afb48847d53f4248,1,0,1,0
mitmengine-master,reference_fingerprints/pcaps/browsers/computer-OS_X-Mavericks-firefox-26.0,94006b36091434c4341306d1422dcabf9928f0738715607da6938d2d84823a9d,1,0,1,0
mitmengine-master,reference_fingerprints/pcaps/browsers/computer-OS_X-Mavericks-firefox-27.0,3163a4c6c21b04f3d89f96cb94dd93681371ff0cacc52acfe8d4817c2796f5ca,1,0,1,0
mitmengine-master,reference_fingerprints/pcaps/browsers/computer-OS_X-Mavericks-firefox-28.0,6160a685d5121c5a89702ccca7a457508ff7dc9325a7c4227fd1a8c92a8850a8,1,0,1,0
mitmengine-master,reference_fingerprints/pcaps/browsers/computer-OS_X-Mavericks-firefox-29.0,36e048bfa05e415b4e35363929751e27eff0c2bf90721c6ee9ea77e2e5161202,1,0,1,0
mitmengine-master,reference_fingerprints/pcaps/browsers/computer-OS_X-Mavericks-firefox-3.6,9b4fd5b60c0bbfd5033ef9c32d549624c1997980ab1188ee0e5542daa91717cb,1,0,1,0
mitmengine-master,reference_fingerprints/pcaps/browsers/computer-OS_X-Mavericks-firefox-30.0,a4ed3948e00c693b44b47ec439b09ca5a30b20e469d12a264fb8f172525285a2,1,0,1,0
mitmengine-master,reference_fingerprints/pcaps/browsers/computer-OS_X-Mavericks-firefox-31.0,36f05c1959b8d1c86ce80125daad0a221c49b33a971edb1dee32979953dd1e9d,1,0,1,0
mitmengine-master,reference_fingerprints/pcaps/browsers/computer-OS_X-Mavericks-firefox-32.0,589e614465f60786c51b3dabcc83a81de81616656653ee7defffc17900d8dc13,1,0,1,0
mitmengine-master,reference_fingerprints/pcaps/browsers/computer-OS_X-Mavericks-firefox-33.0,513742775820ddb0f814957deef3f1490d2c64e9224014a8be09dcc8e0cf8b7c,1,0,1,0
mitmengine-master,reference_fingerprints/pcaps/browsers/computer-OS_X-Mavericks-firefox-34.0,73510bee4dccd0ea840bd7139e8ac6d4677854c978d4aadf89ff097f44414934,1,0,1,0
mitmengine-master,reference_fingerprints/pcaps/browsers/computer-OS_X-Mavericks-firefox-35.0,4ebb2f36533c987bb0f7772d763af5d69fbd6c754464a6ec861be288a8f754cf,1,0,1,0
mitmengine-master,reference_fingerprints/pcaps/browsers/computer-OS_X-Mavericks-firefox-36.0,6e5d9c11a0e5f2da39887abe296e5c7b95b42f90c327809f1cffad5ba9c1227f,1,0,1,0
mitmengine-master,reference_fingerprints/pcaps/browsers/computer-OS_X-Mavericks-firefox-37.0,4261292ed5fe6df151fdc3752622808174d4c962182ee9a6749b35dd2fe5ea28,1,0,1,0
mitmengine-master,reference_fingerprints/pcaps/browsers/computer-OS_X-Mavericks-firefox-38.0,09d604e338a5a6899e5cadfb5402c55b6664607ccb9daa14808b75322a75acd7,1,0,1,0
mitmengine-master,reference_fingerprints/pcaps/browsers/computer-OS_X-Mavericks-firefox-39.0,1243993cd257e18db1454067d3912389445309c8da57cb727abfeed84e545f39,1,0,1,0
mitmengine-master,reference_fingerprints/pcaps/browsers/computer-OS_X-Mavericks-firefox-4.0,0de1b712ccdad73a65e2d36fefebb6c68b570693d05dec011f522da1ca6e52ea,1,0,1,0
mitmengine-master,reference_fingerprints/pcaps/browsers/computer-OS_X-Mavericks-firefox-40.0,19e65540d9de63b5e93a5a110c998cf573c5f1957717341b566b3889dcd69710,1,0,1,0
mitmengine-master,reference_fingerprints/pcaps/browsers/computer-OS_X-Mavericks-firefox-41.0,d49729b18ab016260c9f0b978f6ea1ac8ecd9739504b9a362964bd00f6ef1448,1,0,1,0
mitmengine-master,reference_fingerprints/pcaps/browsers/computer-OS_X-Mavericks-firefox-42.0,b1eeb07053b668f3dd9acb38136e5eadc4f38616449d06d9f7bb6db57fdcb5a7,1,0,1,0
mitmengine-master,reference_fingerprints/pcaps/browsers/computer-OS_X-Mavericks-firefox-43.0,c6743986be7372b733b2dc8a98b8dc258e2e2cc16edeaf3c0b91c9186dd54b4c,1,0,1,0
mitmengine-master,reference_fingerprints/pcaps/browsers/computer-OS_X-Mavericks-firefox-5.0,fd590144e18a44afc2b1766f9dbf09594844af7d5fdc91e75032dd64fec89290,1,0,1,0
mitmengine-master,reference_fingerprints/pcaps/browsers/computer-OS_X-Mavericks-firefox-6.0,d26e6cb79c508fb7169675a7bd602aa472f52c2366f60104669787d8299fc478,1,0,1,0
mitmengine-master,reference_fingerprints/pcaps/browsers/computer-OS_X-Mavericks-firefox-7.0,9bc004796de1eb724929581bdb8f783168216117ee6fefb2da2cd7f66156b6a6,1,0,1,0
mitmengine-master,reference_fingerprints/pcaps/browsers/computer-OS_X-Mavericks-firefox-8.0,aac2f3c54bbdd6829181091a60599d10cc9bff04fad55d41f9b724398f5ac867,1,0,1,0
mitmengine-master,reference_fingerprints/pcaps/browsers/computer-OS_X-Mavericks-firefox-9.0,7a297f10a525d4fba04ad8958d3721edac4dd823c25b4f81e5c1be8b09232504,1,0,1,0
mitmengine-master,reference_fingerprints/pcaps/browsers/computer-OS_X-Mavericks-opera-12.15,2a72f43a7d65a6ffd5a65b26453157084c628b2aab7b2ceea3587cff93790a7b,1,0,1,0
mitmengine-master,reference_fingerprints/pcaps/browsers/computer-OS_X-Mavericks-safari-7.1,8f8781814d313c914e0ec9a7fdec5698656e25abb3393df0405609bd2e6bec24,1,0,1,0
mitmengine-master,reference_fingerprints/pcaps/browsers/computer-OS_X-Mountain_Lion-chrome-14.0,a1b2e8fb4c11c0f7f8c619bfef324573df77c8f87352eade678993d733f9d707,1,0,1,0
mitmengine-master,reference_fingerprints/pcaps/browsers/computer-OS_X-Mountain_Lion-chrome-16.0,9daf80c2d62751fd3461fbd34bff0dd2f2d19ba0003afba4b0b524cd29ab38a1,1,0,1,0
mitmengine-master,reference_fingerprints/pcaps/browsers/computer-OS_X-Mountain_Lion-chrome-17.0,48c7caf1981cfe4398b2d3284c04d5a0b2c1f4b43e0b09ad333d06c1c6586a0b,1,0,1,0
mitmengine-master,reference_fingerprints/pcaps/browsers/computer-OS_X-Mountain_Lion-chrome-18.0,8f840506e545d536f68c6c30641b07ddab4b9e14bc149ab5001fd813826cc476,1,0,1,0
mitmengine-master,reference_fingerprints/pcaps/browsers/computer-OS_X-Mountain_Lion-chrome-19.0,9bd6e2907b664c2eb759b287bd2752b8c1334ec97328aadb71ea569347c2243a,1,0,1,0
mitmengine-master,reference_fingerprints/pcaps/browsers/computer-OS_X-Mountain_Lion-chrome-20.0,da47daf0492cbb5bb384b4b04b11d098cb6dcd25ffbbcf644d5e90fab4161e94,1,0,1,0
mitmengine-master,reference_fingerprints/pcaps/browsers/computer-OS_X-Mountain_Lion-chrome-21.0,7491640e92af901c352816c5fb6ac1fa23e4f4278460e5127cbbdb477f95f283,1,0,1,0
mitmengine-master,reference_fingerprints/pcaps/browsers/computer-OS_X-Mountain_Lion-chrome-22.0,3415660bb7fe8feb18382f4609aceaf7e58522758de58ef7ab12d2eb23f9e10b,1,0,1,0
mitmengine-master,reference_fingerprints/pcaps/browsers/computer-OS_X-Mountain_Lion-chrome-23.0,a062e53f9e482e38b00fa769581b6c5c0a1475cf45f85ed77a2a3a57969c32bf,1,0,1,0
mitmengine-master,reference_fingerprints/pcaps/browsers/computer-OS_X-Mountain_Lion-chrome-24.0,eff53c245fde9a2458638621e720ccc76b1e215818f93706ddc7c20b653ba2e5,1,0,1,0
mitmengine-master,reference_fingerprints/pcaps/browsers/computer-OS_X-Mountain_Lion-chrome-25.0,a127acee05e3f9f0d431a3716e762987c96c04192b4b953b36f9ebb93a15534c,1,0,1,0
mitmengine-master,reference_fingerprints/pcaps/browsers/computer-OS_X-Mountain_Lion-chrome-26.0,67659fec13a362f13bd0667108c857fc91fc5e61a4c99b62d23f6bebe854cfd7,1,0,1,0
mitmengine-master,reference_fingerprints/pcaps/browsers/computer-OS_X-Mountain_Lion-chrome-27.0,6e347f7193cfc3a12107ed51959cc29968b208a7a3bcf78b904a244d5867a5d8,1,0,1,0
mitmengine-master,reference_fingerprints/pcaps/browsers/computer-OS_X-Mountain_Lion-chrome-28.0,64d96bc7e4fa1a3018b9220fe75e6b3d10a6372a417e72b9343b3d78c70ae076,1,0,1,0
mitmengine-master,reference_fingerprints/pcaps/browsers/computer-OS_X-Mountain_Lion-chrome-29.0,331f1cba2e1c6240001f16e48f1daf63e518a8ed61aae1c1f99a89485e043eb8,1,0,1,0
mitmengine-master,reference_fingerprints/pcaps/browsers/computer-OS_X-Mountain_Lion-chrome-30.0,2915840775c60ac276d8b13a98eb743a1e269d79be8989553a4572cd1e1ba7b7,1,0,1,0
mitmengine-master,reference_fingerprints/pcaps/browsers/computer-OS_X-Mountain_Lion-chrome-31.0,aa730964a647f1481e7c6cfa645c88b389b51d18c2e7d1c0a54ab0814ff52cbd,1,0,1,0
mitmengine-master,reference_fingerprints/pcaps/browsers/computer-OS_X-Mountain_Lion-chrome-32.0,cc11191e922a30f16de8cb86d54ffc6eb96590c64ecae41f3b4b7a0080659af0,1,0,1,0
mitmengine-master,reference_fingerprints/pcaps/browsers/computer-OS_X-Mountain_Lion-chrome-33.0,f5be30bb4df18c9e12b080d39f751f5e9ca3dd536e2337ec0ba1b7cb8a5372ce,1,0,1,0
mitmengine-master,reference_fingerprints/pcaps/browsers/computer-OS_X-Mountain_Lion-chrome-34.0,cf97259b3eeb5659b87e9c041f647c5aeb7b37f0b6931d6dc79e06fc499e7145,1,0,1,0
mitmengine-master,reference_fingerprints/pcaps/browsers/computer-OS_X-Mountain_Lion-chrome-35.0,393ef3d49fbba315f80da5c29f1ec61f50668cc67c124676208c6df44f7f5157,1,0,1,0
mitmengine-master,reference_fingerprints/pcaps/browsers/computer-OS_X-Mountain_Lion-chrome-36.0,1b3d260aa3fe7517e071a3db21501d5e78d1c03e90751a75b858fba862816cf3,1,0,1,0
mitmengine-master,reference_fingerprints/pcaps/browsers/computer-OS_X-Mountain_Lion-chrome-37.0,ad48fd8cc41d7edc736b32558245873da8b3388151b612de46015805ef817178,1,0,1,0
mitmengine-master,reference_fingerprints/pcaps/browsers/computer-OS_X-Mountain_Lion-chrome-38.0,17ef621d70df2b80e9f3c8c31737a33d848eb18cba26b30230916e595fe192ee,1,0,1,0
mitmengine-master,reference_fingerprints/pcaps/browsers/computer-OS_X-Mountain_Lion-chrome-39.0,2355e966e2490957798e0f8b3b81d1fa39ac18aa65f21f62390ec212925b3a05,1,0,1,0
mitmengine-master,reference_fingerprints/pcaps/browsers/computer-OS_X-Mountain_Lion-chrome-40.0,a15c6b6b6ad6ab932198c130a455ac3af5986bf7bef13e62e300a4bb15fbc0cf,1,0,1,0
mitmengine-master,reference_fingerprints/pcaps/browsers/computer-OS_X-Mountain_Lion-chrome-41.0,c6da1b1129f95f9d632cae11883698861cb14f41aa8ba2c508850f37e49b31da,1,0,1,0
mitmengine-master,reference_fingerprints/pcaps/browsers/computer-OS_X-Mountain_Lion-chrome-42.0,2d43d3976160ecbb8507038ccd481cc9b13dc68a9594d3f49a7b362136eb82aa,1,0,1,0
mitmengine-master,reference_fingerprints/pcaps/browsers/computer-OS_X-Mountain_Lion-chrome-43.0,fec8c15a02dc313bde6dde8d13afe39ee64022befd4fd441ed18cd1624ba8964,1,0,1,0
mitmengine-master,reference_fingerprints/pcaps/browsers/computer-OS_X-Mountain_Lion-chrome-44.0,66631a90340fb7e971a9c460766e61d61b13caab4959cc089e3d24127c726548,1,0,1,0
mitmengine-master,reference_fingerprints/pcaps/browsers/computer-OS_X-Mountain_Lion-chrome-45.0,d45d4a47eb5ff6d10b6c5ae1581c7ad886d8dff4f33da64a23220d84b94f53ef,1,0,1,0
mitmengine-master,reference_fingerprints/pcaps/browsers/computer-OS_X-Mountain_Lion-chrome-47.0,aedaee06ef925d76ca685812dfcd875c8ba79b830184ed18887ea9dedb7e0a66,1,0,1,0
mitmengine-master,reference_fingerprints/pcaps/browsers/computer-OS_X-Mountain_Lion-firefox-10.0,e83cf544599fd51153c832596fe0a53b8c628c8f7249cc9fad624115b0542d61,1,0,1,0
mitmengine-master,reference_fingerprints/pcaps/browsers/computer-OS_X-Mountain_Lion-firefox-11.0,8ce258d21606853f5b2d7a18c942f5c007e24352872e5e0e2af610d89e55b20e,1,0,1,0
mitmengine-master,reference_fingerprints/pcaps/browsers/computer-OS_X-Mountain_Lion-firefox-12.0,9a51081fb5384f2a085dcef93785415db451658de91ee4ac745bab763036f53d,1,0,1,0
mitmengine-master,reference_fingerprints/pcaps/browsers/computer-OS_X-Mountain_Lion-firefox-13.0,083ba0f25a34ac8fd9118ad46e8573b1c8e9fdc13fa097d101d0c571d9f15a81,1,0,1,0
mitmengine-master,reference_fingerprints/pcaps/browsers/computer-OS_X-Mountain_Lion-firefox-14.0,efac9d00da609a5efb5ea0001cfdea321594cfecaef9435ef952a53566a8f07f,1,0,1,0
mitmengine-master,reference_fingerprints/pcaps/browsers/computer-OS_X-Mountain_Lion-firefox-15.0,4aba144154c3f55d73f4e3cf7e3775d184081731a3d91f8c7e5957fd52af4051,1,0,1,0
mitmengine-master,reference_fingerprints/pcaps/browsers/computer-OS_X-Mountain_Lion-firefox-16.0,0383b9094de69a6fd68b62792433258824b52b819be6883a8ff956430ed01b40,1,0,1,0
mitmengine-master,reference_fingerprints/pcaps/browsers/computer-OS_X-Mountain_Lion-firefox-17.0,ffe0f97a1062995b8e2153d9dc4d604bb684796a1d9eee3475f687ce90d9f261,1,0,1,0
mitmengine-master,reference_fingerprints/pcaps/browsers/computer-OS_X-Mountain_Lion-firefox-18.0,575b6ace2f0b1d7792622cd4e6e3dd8d10c759fcb1551ef2e5ec853785fad33b,1,0,1,0
mitmengine-master,reference_fingerprints/pcaps/browsers/computer-OS_X-Mountain_Lion-firefox-19.0,9dba45413346af3c64a4384dd91974ec8ffd920c71b93f39cae4bf87f8c7044e,1,0,1,0
mitmengine-master,reference_fingerprints/pcaps/browsers/computer-OS_X-Mountain_Lion-firefox-20.0,cc7d54eb60acda0aa7795bf7709887fa9273d6950a6407eaf3af616781f69714,1,0,1,0
mitmengine-master,reference_fingerprints/pcaps/browsers/computer-OS_X-Mountain_Lion-firefox-21.0,c0280b0449e58f6f31889e31829a02d6aab56dd4fd4aa046eb837fead5450da4,1,0,1,0
mitmengine-master,reference_fingerprints/pcaps/browsers/computer-OS_X-Mountain_Lion-firefox-22.0,e11b86931af069866c1faa816a22b48c9cf52a706f9da9f0b2913a856a96e8e4,1,0,1,0
mitmengine-master,reference_fingerprints/pcaps/browsers/computer-OS_X-Mountain_Lion-firefox-23.0,5b51ac903f2c8420d29a8576f38b17aef7f38d0f3c27b183315abfac7fa5a5a2,1,0,1,0
mitmengine-master,reference_fingerprints/pcaps/browsers/computer-OS_X-Mountain_Lion-firefox-24.0,917054a914fbd8f71e01f05774acfbd9bb83fedfeec4c28bd7d31a9a390b5192,1,0,1,0
mitmengine-master,reference_fingerprints/pcaps/browsers/computer-OS_X-Mountain_Lion-firefox-25.0,a641d474b90e3a488ea46d34634b01087e29d70dd4bb97f451d549ec10176450,1,0,1,0
mitmengine-master,reference_fingerprints/pcaps/browsers/computer-OS_X-Mountain_Lion-firefox-26.0,fb7a1c73500a4367ef33636ba2d1a21488c2e2371eca4450dbbf6676962403ff,1,0,1,0
mitmengine-master,reference_fingerprints/pcaps/browsers/computer-OS_X-Mountain_Lion-firefox-27.0,230e22a54e375f58116fbf408a2a90a318678e22af583bded771f7b40800ee73,1,0,1,0
mitmengine-master,reference_fingerprints/pcaps/browsers/computer-OS_X-Mountain_Lion-firefox-28.0,d24b3e1b05b54eea1df445ccc934d45d1b56568436429c8c947468c1d407b5f1,1,0,1,0
mitmengine-master,reference_fingerprints/pcaps/browsers/computer-OS_X-Mountain_Lion-firefox-29.0,3b9bb521c4f28db3974e43065198e5accbebce1d590cdf05b6ef981d7c38836a,1,0,1,0
mitmengine-master,reference_fingerprints/pcaps/browsers/computer-OS_X-Mountain_Lion-firefox-3.6,2697b648962da98d57a9230edbd5d2646fa42a2973b61c89080c793d121f9059,1,0,1,0
mitmengine-master,reference_fingerprints/pcaps/browsers/computer-OS_X-Mountain_Lion-firefox-30.0,7a54b10012db06fd5202e2a74c5cd6e6d2db3e28bf98505877e73654c352faf5,1,0,1,0
mitmengine-master,reference_fingerprints/pcaps/browsers/computer-OS_X-Mountain_Lion-firefox-31.0,b8c711b4c1e96bf9899ce91e94c60371cd6a453054a3e3ed9bfdac6fac68ee4e,1,0,1,0
mitmengine-master,reference_fingerprints/pcaps/browsers/computer-OS_X-Mountain_Lion-firefox-32.0,03bc5ae1d202d137d16a849218df4456ab26b23b7ff2321adcac189474ce58e8,1,0,1,0
mitmengine-master,reference_fingerprints/pcaps/browsers/computer-OS_X-Mountain_Lion-firefox-33.0,d333182278f6e45e4b951fcf7671fffe9e4baf09d0b7bf711d13a628ec4031f5,1,0,1,0
mitmengine-master,reference_fingerprints/pcaps/browsers/computer-OS_X-Mountain_Lion-firefox-34.0,9220b629edb21ed960ae7824011e58601d39a2efeb4bdcbc5a86411d408c9ffb,1,0,1,0
mitmengine-master,reference_fingerprints/pcaps/browsers/computer-OS_X-Mountain_Lion-firefox-35.0,945bb0ac8d677cc87719cbfcbfbd29a25e47a944b3f43b0b77edc1018335bd49,1,0,1,0
mitmengine-master,reference_fingerprints/pcaps/browsers/computer-OS_X-Mountain_Lion-firefox-36.0,92adc4a310f2395e5cf3f35e52a346ec070e7cbfccb21cb4a3e6a03647d8ebf4,1,0,1,0
mitmengine-master,reference_fingerprints/pcaps/browsers/computer-OS_X-Mountain_Lion-firefox-37.0,369118b87dc5f12874b0349878705afd88655a6ac3e4369a65bb762af357587a,1,0,1,0
mitmengine-master,reference_fingerprints/pcaps/browsers/computer-OS_X-Mountain_Lion-firefox-38.0,0cb558011a42afb49cf58b12cf309da3a6f7a3c26d63844295d86768f1d3f853,1,0,1,0
mitmengine-master,reference_fingerprints/pcaps/browsers/computer-OS_X-Mountain_Lion-firefox-39.0,059c3d1d7c8b7e993c74178302e7cae99e4c082b719b77ae11cbe3192630e0dd,1,0,1,0
mitmengine-master,reference_fingerprints/pcaps/browsers/computer-OS_X-Mountain_Lion-firefox-4.0,f54e2e944fcc2044875d884a0eb5ed12c9dd987c0feb2196756b1dc1995b7e1d,1,0,1,0
mitmengine-master,reference_fingerprints/pcaps/browsers/computer-OS_X-Mountain_Lion-firefox-40.0,8ff146a6fda455dd80dc4564d5fe40b84090d5a5f82b921e076579a7d502a556,1,0,1,0
mitmengine-master,reference_fingerprints/pcaps/browsers/computer-OS_X-Mountain_Lion-firefox-41.0,723140fcc56b3ff86b4f526ae674530dfbde74a1ed0586e5de7f300b858467d7,1,0,1,0
mitmengine-master,reference_fingerprints/pcaps/browsers/computer-OS_X-Mountain_Lion-firefox-42.0,558e6db33741fafaf993e314859031351f4bec3e65fe38f9d980da8230b3fbcc,1,0,1,0
mitmengine-master,reference_fingerprints/pcaps/browsers/computer-OS_X-Mountain_Lion-firefox-43.0,9a54796c60b907dfea806547372cbb8670d93148ba76f87aca63eb688eb4540e,1,0,1,0
mitmengine-master,reference_fingerprints/pcaps/browsers/computer-OS_X-Mountain_Lion-firefox-5.0,92a70a8323551f9e63b05fb2c0838b5a0e19a87802be408d7464b3d3db43d55c,1,0,1,0
mitmengine-master,reference_fingerprints/pcaps/browsers/computer-OS_X-Mountain_Lion-firefox-6.0,9e234174334974ca4e4b6c02db038356b981c1aec6f2fc70e29af61defe85290,1,0,1,0
mitmengine-master,reference_fingerprints/pcaps/browsers/computer-OS_X-Mountain_Lion-firefox-7.0,f56b666a8999dca137c0ac10551b2ab6499a49e66d8668697461758fa1f9f09f,1,0,1,0
mitmengine-master,reference_fingerprints/pcaps/browsers/computer-OS_X-Mountain_Lion-firefox-8.0,1ca7f6e3a1a9dd03ceed72c72c194af6c34f7f11eff1f1f387b549f30c72ecb2,1,0,1,0
mitmengine-master,reference_fingerprints/pcaps/browsers/computer-OS_X-Mountain_Lion-firefox-9.0,c9894e023625f4e829d24dc3b93ffa1dba065012e8a6d13f5030ccd0e241cf34,1,0,1,0
mitmengine-master,reference_fingerprints/pcaps/browsers/computer-OS_X-Mountain_Lion-opera-12.15,ce57e95cd352b8ba98b58231e28f2555bc9a38c426b5af2c07e1e7e7dbf50aea,1,0,1,0
mitmengine-master,reference_fingerprints/pcaps/browsers/computer-OS_X-Mountain_Lion-safari-6.2,d72caea3b3577888387be4e5ab3bffead5a44135d2752e494b966ed5d455da7d,1,0,1,0
mitmengine-master,reference_fingerprints/pcaps/browsers/computer-OS_X-Snow_Leopard-chrome-14.0,24cb18821928836c889c0b3fff0fd4607445ef520b1e27b33bd66eb94eb502d5,1,0,1,0
mitmengine-master,reference_fingerprints/pcaps/browsers/computer-OS_X-Snow_Leopard-chrome-16.0,3b2d72cf4405fbbe7354314f9ef4a61375c55fbc3be540ca710ce75414c494af,1,0,1,0
mitmengine-master,reference_fingerprints/pcaps/browsers/computer-OS_X-Snow_Leopard-chrome-17.0,f85dcf7c500adb17130d037df65cff972cc956fb8424e3a2e1d7fee5e3741be1,1,0,1,0
mitmengine-master,reference_fingerprints/pcaps/browsers/computer-OS_X-Snow_Leopard-chrome-18.0,826e3fe893c579c1ee306e95976dd3a0a98fe7f53bb472aef6fcde9451475cff,1,0,1,0
mitmengine-master,reference_fingerprints/pcaps/browsers/computer-OS_X-Snow_Leopard-chrome-19.0,db93dd999692d97187aa5dd5b7dec581d33245991d44845967ffafa4454b0501,1,0,1,0
mitmengine-master,reference_fingerprints/pcaps/browsers/computer-OS_X-Snow_Leopard-chrome-20.0,8b8c5d219a608232a388732c107e77afc089338876330615e3cb3da6f3f25b88,1,0,1,0
mitmengine-master,reference_fingerprints/pcaps/browsers/computer-OS_X-Snow_Leopard-chrome-21.0,514d9da61e9690245df7c8610bba5d37ddf59ec2283797482b010c76b124c250,1,0,1,0
mitmengine-master,reference_fingerprints/pcaps/browsers/computer-OS_X-Snow_Leopard-chrome-22.0,78d4a8480e4c635c73056fe140b698f1d11b2f93613dc8dc899b525ff13f9640,1,0,1,0
mitmengine-master,reference_fingerprints/pcaps/browsers/computer-OS_X-Snow_Leopard-chrome-23.0,03bc118784bfab501ed93305253f465f046ca5f180c6deb104ebed958a890582,1,0,1,0
mitmengine-master,reference_fingerprints/pcaps/browsers/computer-OS_X-Snow_Leopard-chrome-24.0,829007c1a63ca529947b2647d6b706685e1507414a8dfdb017ca35931769bd28,1,0,1,0
mitmengine-master,reference_fingerprints/pcaps/browsers/computer-OS_X-Snow_Leopard-chrome-25.0,299df20188d269f8e50096ced5d19c1b1bfb6f9589c78264ce012ff640e21eb1,1,0,1,0
mitmengine-master,reference_fingerprints/pcaps/browsers/computer-OS_X-Snow_Leopard-chrome-26.0,4d934e8fad94b5b04eb929bb301ac4d8a579832ddfa1cb9f4c1aa0221f4ccd76,1,0,1,0
mitmengine-master,reference_fingerprints/pcaps/browsers/computer-OS_X-Snow_Leopard-chrome-27.0,4680e341fff366a2d89fd9aa7951374b37b21e5f3c6e3ab7e2deb3ef899cba8e,1,0,1,0
mitmengine-master,reference_fingerprints/pcaps/browsers/computer-OS_X-Snow_Leopard-chrome-28.0,07b9d5cc97e771bef9120952d3f8ecf166a195d707fc6fa88e9911afd253b48f,1,0,1,0
mitmengine-master,reference_fingerprints/pcaps/browsers/computer-OS_X-Snow_Leopard-chrome-29.0,f6d49389e6567e333c1cf080db72490b8e9a28721fa7fbeb5539a3167c69387e,1,0,1,0
mitmengine-master,reference_fingerprints/pcaps/browsers/computer-OS_X-Snow_Leopard-chrome-30.0,23023ff3fd248a2666eb50d614c5b6a29eb9055bd452a4e7deff72a39fb79a48,1,0,1,0
mitmengine-master,reference_fingerprints/pcaps/browsers/computer-OS_X-Snow_Leopard-chrome-31.0,3ffd22a8e14c896cb0a897d4061674378a8c9d113b55143385d8afdfb998d272,1,0,1,0
mitmengine-master,reference_fingerprints/pcaps/browsers/computer-OS_X-Snow_Leopard-chrome-32.0,3794b9c9d5fe5203abc8d0e6c9f0954903e0328ce006e58a321c9f09a1b8cac4,1,0,1,0
mitmengine-master,reference_fingerprints/pcaps/browsers/computer-OS_X-Snow_Leopard-chrome-33.0,9237bdaf6daf97b5d8aec11489a901d30c94149f0fc9bf76d4de67570617367e,1,0,1,0
mitmengine-master,reference_fingerprints/pcaps/browsers/computer-OS_X-Snow_Leopard-chrome-34.0,653967c3e06b28c8e700da6fcc3c07ef523ea6000ae89207a1842a51f669c695,1,0,1,0
mitmengine-master,reference_fingerprints/pcaps/browsers/computer-OS_X-Snow_Leopard-chrome-35.0,ff97b5f277c3c0c8284be14c3119a2a1cbb1d2378737b46bb5766952f1d8b493,1,0,1,0
mitmengine-master,reference_fingerprints/pcaps/browsers/computer-OS_X-Snow_Leopard-chrome-36.0,4d5891e57be02b67533b888c93f98eb8f420c020ef8c71bace4c729d6efe6103,1,0,1,0
mitmengine-master,reference_fingerprints/pcaps/browsers/computer-OS_X-Snow_Leopard-chrome-37.0,81c97f41e01c740d54bee6b0b7ded9140c29f34a51d3514eb9d140cf1372abcd,1,0,1,0
mitmengine-master,reference_fingerprints/pcaps/browsers/computer-OS_X-Snow_Leopard-chrome-38.0,287d945c0e7739f39673792bc84d7035e139820943a9f3814f61016d1861f508,1,0,1,0
mitmengine-master,reference_fingerprints/pcaps/browsers/computer-OS_X-Snow_Leopard-chrome-39.0,29abd3a8ed403d20889b4043728b028da3c750b6ebe7d2841a741b1b35ac821a,1,0,1,0
mitmengine-master,reference_fingerprints/pcaps/browsers/computer-OS_X-Snow_Leopard-chrome-40.0,58446515318a91c38f71ac4ed7392d934cc87343a6b36c1278740e47aa3c34fc,1,0,1,0
mitmengine-master,reference_fingerprints/pcaps/browsers/computer-OS_X-Snow_Leopard-chrome-41.0,06cfcac8fcf8ed10e10949a20025ec3e0a6da936ea4b09bfa84421543a2678b2,1,0,1,0
mitmengine-master,reference_fingerprints/pcaps/browsers/computer-OS_X-Snow_Leopard-chrome-42.0,294a3edc1face167578efc8e4728581f80a08ff7eca2cd95716e0416fa470c8f,1,0,1,0
mitmengine-master,reference_fingerprints/pcaps/browsers/computer-OS_X-Snow_Leopard-chrome-43.0,67a431da6f20bfaf932d8114eed474b372f5f8f6f81decd3f55290f9f8949138,1,0,1,0
mitmengine-master,reference_fingerprints/pcaps/browsers/computer-OS_X-Snow_Leopard-chrome-44.0,7c08398635ef8beb3c1311d8964dc2376d10d8fca86c8637b096fad3c3566537,1,0,1,0
mitmengine-master,reference_fingerprints/pcaps/browsers/computer-OS_X-Snow_Leopard-chrome-45.0,28d05f55850f922208029775dc42046efd7f2324761405b2f8330867f12984f4,1,0,1,0
mitmengine-master,reference_fingerprints/pcaps/browsers/computer-OS_X-Snow_Leopard-chrome-46.0,1e6fe306612823cfafab921957f0f63c03fa5bdb7a8a867a5f6e7bc02959d584,1,0,1,0
mitmengine-master,reference_fingerprints/pcaps/browsers/computer-OS_X-Snow_Leopard-chrome-47.0,a7ae234729b0b97a48a85428bc9f55be30afca4549992d23bcf53fb934de6205,1,0,1,0
mitmengine-master,reference_fingerprints/pcaps/browsers/computer-OS_X-Snow_Leopard-firefox-10.0,ad9c121031f412186101c567413c6341ffbc2e9cbb65a6754af990f24b2e454f,1,0,1,0
mitmengine-master,reference_fingerprints/pcaps/browsers/computer-OS_X-Snow_Leopard-firefox-11.0,1737a47ca8d0c732125e4a3cc894b8376b096a631d7fa07cef89d37b92b666d4,1,0,1,0
mitmengine-master,reference_fingerprints/pcaps/browsers/computer-OS_X-Snow_Leopard-firefox-12.0,1430eb54dc8364457162b29e31df6897aeb146750725031021d5c404d658fc66,1,0,1,0
mitmengine-master,reference_fingerprints/pcaps/browsers/computer-OS_X-Snow_Leopard-firefox-13.0,3fb37ad1da0970c448067c05f42f17ace01267e830064e643d8193bde6d327a4,1,0,1,0
mitmengine-master,reference_fingerprints/pcaps/browsers/computer-OS_X-Snow_Leopard-firefox-14.0,706f83bfe09b48650d9c08587247ca555a6e5fa83f195b518993bbf2cc518a39,1,0,1,0
mitmengine-master,reference_fingerprints/pcaps/browsers/computer-OS_X-Snow_Leopard-firefox-15.0,dd34a3f7a74f6581c046d889ab72b87a50d268a4e0e93c59ffd9b29b9f92465a,1,0,1,0
mitmengine-master,reference_fingerprints/pcaps/browsers/computer-OS_X-Snow_Leopard-firefox-16.0,723754eb447b3f735b5bdba6a5a292a27f7c85332172770e8ab05cc1b4be8631,1,0,1,0
mitmengine-master,reference_fingerprints/pcaps/browsers/computer-OS_X-Snow_Leopard-firefox-17.0,6a4145cff395c9294ac3994636d1a279bed11af42510683d9bc1a448f280a1a6,1,0,1,0
mitmengine-master,reference_fingerprints/pcaps/browsers/computer-OS_X-Snow_Leopard-firefox-18.0,b4e8d4944097ae08e9e2c8b0b166accd64af91d83bb9fa44151d5b28b7b0dc79,1,0,1,0
mitmengine-master,reference_fingerprints/pcaps/browsers/computer-OS_X-Snow_Leopard-firefox-19.0,2d7042f472a51a5706e27e5faaf0c36e3a78b203e6a297ca15ccfc2c9a637cd4,1,0,1,0
mitmengine-master,reference_fingerprints/pcaps/browsers/computer-OS_X-Snow_Leopard-firefox-20.0,2fb093f1f1d13641302f101d1b467037621c67ebd807d86a88fcaf90e645b36a,1,0,1,0
mitmengine-master,reference_fingerprints/pcaps/browsers/computer-OS_X-Snow_Leopard-firefox-21.0,7145359cb6fb74956149c71ae49bea7b687bbe3bcc43824bc4a06f173eaece46,1,0,1,0
mitmengine-master,reference_fingerprints/pcaps/browsers/computer-OS_X-Snow_Leopard-firefox-22.0,5b534fda9804616c6942487c6521ba70e53baebdba343042ed0acdbcb5e5b0ba,1,0,1,0
mitmengine-master,reference_fingerprints/pcaps/browsers/computer-OS_X-Snow_Leopard-firefox-23.0,1b9485bead48de5789e4427bbf422fb166307de90992c4ac499c144127fe0026,1,0,1,0
mitmengine-master,reference_fingerprints/pcaps/browsers/computer-OS_X-Snow_Leopard-firefox-24.0,9fc40b159bfaf9389779b03ca7ea788c223205eb6cd7e2e4b72039f1f9e39a04,1,0,1,0
mitmengine-master,reference_fingerprints/pcaps/browsers/computer-OS_X-Snow_Leopard-firefox-25.0,346d1dd3ac5a61e04bbe4ddbabb6e23fd448b96fe3390af2ff6b539b11e8a4be,1,0,1,0
mitmengine-master,reference_fingerprints/pcaps/browsers/computer-OS_X-Snow_Leopard-firefox-26.0,65f45fb1c0148b2d37f0985587bf6e2e2a318dc95830f63bc45a64a73d85d01b,1,0,1,0
mitmengine-master,reference_fingerprints/pcaps/browsers/computer-OS_X-Snow_Leopard-firefox-27.0,9252969b1af39fabb8c44d4fc833650fe18643aa914d84e75871f6a7fdee561f,1,0,1,0
mitmengine-master,reference_fingerprints/pcaps/browsers/computer-OS_X-Snow_Leopard-firefox-28.0,239f5e04fef40860f9bbd7de4963160745599ee5f4b41b74c860d535c74f20a9,1,0,1,0
mitmengine-master,reference_fingerprints/pcaps/browsers/computer-OS_X-Snow_Leopard-firefox-29.0,07accb6b969948f7c69f444d5151193c2a745b6a1557920fb4e9a5b3f51cf6a0,1,0,1,0
mitmengine-master,reference_fingerprints/pcaps/browsers/computer-OS_X-Snow_Leopard-firefox-30.0,a579db0480303798ebd7e96eae47d667d29255b761f0af2fc3e77e7c46486c07,1,0,1,0
mitmengine-master,reference_fingerprints/pcaps/browsers/computer-OS_X-Snow_Leopard-firefox-31.0,1e3f58acd5f321624ef8cab5e1929216379eade077f367bc45b8158bc80ff58e,1,0,1,0
mitmengine-master,reference_fingerprints/pcaps/browsers/computer-OS_X-Snow_Leopard-firefox-32.0,b9952ab0ba0b5de66588856f996ecf8faaa9c65369e8dbf82af03722d945c3f1,1,0,1,0
mitmengine-master,reference_fingerprints/pcaps/browsers/computer-OS_X-Snow_Leopard-firefox-33.0,e1504eb69915d665c3f0cfbef03d246de5f2c49b6d001b36dd7600b874577dfc,1,0,1,0
mitmengine-master,reference_fingerprints/pcaps/browsers/computer-OS_X-Snow_Leopard-firefox-34.0,b6f4ae97a9ace188e31eebd6dfa070bba4ce13f754015c98f4704b84bae1e814,1,0,1,0
mitmengine-master,reference_fingerprints/pcaps/browsers/computer-OS_X-Snow_Leopard-firefox-35.0,abcb8fde56dd8b474812199b4e563ffa10edba9362b8e524c2896266e2154210,1,0,1,0
mitmengine-master,reference_fingerprints/pcaps/browsers/computer-OS_X-Snow_Leopard-firefox-36.0,17653ba9ba69b410b7054ea2a91aff41a06e4105e03cfc1919f42e97af618865,1,0,1,0
mitmengine-master,reference_fingerprints/pcaps/browsers/computer-OS_X-Snow_Leopard-firefox-37.0,0969b3c00dc2b27a54dd9d784490d983ba74118cdee0906a26f82cfedbdb0e05,1,0,1,0
mitmengine-master,reference_fingerprints/pcaps/browsers/computer-OS_X-Snow_Leopard-firefox-38.0,2d45c2c1f1f4d1f23cb9501d176aee496260c18a6956cb4f83017e03bee91def,1,0,1,0
mitmengine-master,reference_fingerprints/pcaps/browsers/computer-OS_X-Snow_Leopard-firefox-39.0,db7e2988d349aeaafef4454351a801d2712066da03787fa3bb0c99a921006539,1,0,1,0
mitmengine-master,reference_fingerprints/pcaps/browsers/computer-OS_X-Snow_Leopard-firefox-4.0,7256391c11afaa6785dc0effd9bc28f08a6764603652e457f40c84c2a4e1977d,1,0,1,0
mitmengine-master,reference_fingerprints/pcaps/browsers/computer-OS_X-Snow_Leopard-firefox-40.0,78b090388a65ca8748a9c26c0f230dfcbc15cc313a692a31c4f4e1d99364652d,1,0,1,0
mitmengine-master,reference_fingerprints/pcaps/browsers/computer-OS_X-Snow_Leopard-firefox-41.0,bcb6180e0ef1a2ee276a1f72b24a08e687e2f274f2aee34a5c5621451a33b27b,1,0,1,0
mitmengine-master,reference_fingerprints/pcaps/browsers/computer-OS_X-Snow_Leopard-firefox-42.0,dce06012bc8ab5c148ce64b1dbf5e9c067388a66095aa503851ced4cdd322aef,1,0,1,0
mitmengine-master,reference_fingerprints/pcaps/browsers/computer-OS_X-Snow_Leopard-firefox-5.0,97ac049212d34e32ae5da24674ca86396965103968e52a6f1cae17e4bbc72919,1,0,1,0
mitmengine-master,reference_fingerprints/pcaps/browsers/computer-OS_X-Snow_Leopard-firefox-6.0,fb9246e8d5424507023926f2b353ffe729799a55e64cc3c697ac890e79d1f21e,1,0,1,0
mitmengine-master,reference_fingerprints/pcaps/browsers/computer-OS_X-Snow_Leopard-firefox-7.0,1b63c1aef040f36befc6cdc123712b3deafe745cfbac65f85938289924d03a28,1,0,1,0
mitmengine-master,reference_fingerprints/pcaps/browsers/computer-OS_X-Snow_Leopard-firefox-8.0,5f740609c362a88870946bcdfd3df912f5eb5cc52829dbe6ce996206d5c12c22,1,0,1,0
mitmengine-master,reference_fingerprints/pcaps/browsers/computer-OS_X-Snow_Leopard-firefox-9.0,de8ab8a67b51f7d5c1a8cc5b4dd6db3d0ab2361b81981772183633abfd54c88d,1,0,1,0
mitmengine-master,reference_fingerprints/pcaps/browsers/computer-OS_X-Snow_Leopard-opera-12.15,e34e6f7aae223cae64fc067f4b1e726b1208486b4cba1ea4214f24680d3a1579,1,0,1,0
mitmengine-master,reference_fingerprints/pcaps/browsers/computer-OS_X-Snow_Leopard-safari-5.1,bb7f3baf376ebdada8b090dac5722c39be769086f2ff1b83d4e71224a7552046,1,0,1,0
mitmengine-master,reference_fingerprints/pcaps/browsers/computer-OS_X-Yosemite-chrome-14.0,c9673768c5326cc028b4c88f8d6872497a8110ab6be8458f12f57ceb660fd426,1,0,1,0
mitmengine-master,reference_fingerprints/pcaps/browsers/computer-OS_X-Yosemite-chrome-16.0,f62a643142796c9968fd2aab150f1a883ab5d79f0ad643dd9c70d883c8773a0a,1,0,1,0
mitmengine-master,reference_fingerprints/pcaps/browsers/computer-OS_X-Yosemite-chrome-17.0,c0b9b0beb66cb2295349f173ab1b4afc6e01ebeac94b6373af117352a9fb76ae,1,0,1,0
mitmengine-master,reference_fingerprints/pcaps/browsers/computer-OS_X-Yosemite-chrome-18.0,559feae036379a6e119fdc7047c4742b58abf1317b80dc4684f4e40812871199,1,0,1,0
mitmengine-master,reference_fingerprints/pcaps/browsers/computer-OS_X-Yosemite-chrome-19.0,12e54c0f14cc10a062949dac999407bde9e1a31e38dda65ce4f675195bc74294,1,0,1,0
mitmengine-master,reference_fingerprints/pcaps/browsers/computer-OS_X-Yosemite-chrome-20.0,19af4f260e757bca4e56266a131850c145576b3af64542a44bf50f252f3577b2,1,0,1,0
mitmengine-master,reference_fingerprints/pcaps/browsers/computer-OS_X-Yosemite-chrome-21.0,4ac659f2573b77e186d4006867bdcea5d4b9f8e87d5fd98373466d5bf03f3d43,1,0,1,0
mitmengine-master,reference_fingerprints/pcaps/browsers/computer-OS_X-Yosemite-chrome-22.0,c2254c18ff375fb101f255dfb8235eeb24b0d8a6462166c005fd0c138cc27134,1,0,1,0
mitmengine-master,reference_fingerprints/pcaps/browsers/computer-OS_X-Yosemite-chrome-23.0,01b68d1844d986dd6484f70d6b16dfda4a273ab9701e029fecda935ac897f1a6,1,0,1,0
mitmengine-master,reference_fingerprints/pcaps/browsers/computer-OS_X-Yosemite-chrome-24.0,f7d591dc3d2e444e21cc41adb27a2dd6b641d310014dce8ed1f5da58981eedc4,1,0,1,0
mitmengine-master,reference_fingerprints/pcaps/browsers/computer-OS_X-Yosemite-chrome-25.0,4b76a7c9e280154e2ab6aa3bcec3151c2c68f788484698618c8d84b816d87d64,1,0,1,0
mitmengine-master,reference_fingerprints/pcaps/browsers/computer-OS_X-Yosemite-chrome-26.0,2f778ed8c5f84d7902b09d0440d0108562f99a44842457eed50f93702557fd4b,1,0,1,0
mitmengine-master,reference_fingerprints/pcaps/browsers/computer-OS_X-Yosemite-chrome-27.0,bca95f1f75158da6ede02e54915c27dbd845ca465a9395881eb0dee637c9859b,1,0,1,0
mitmengine-master,reference_fingerprints/pcaps/browsers/computer-OS_X-Yosemite-chrome-28.0,bb992ae1328f762b8c6aa7229f7bc75fdf20c807f9889433e0a8d6fa1d290bf5,1,0,1,0
mitmengine-master,reference_fingerprints/pcaps/browsers/computer-OS_X-Yosemite-chrome-29.0,2e6e9e4fd92855d644b2d91c01ac7c279d7dc26421a767435cadc534d3685468,1,0,1,0
mitmengine-master,reference_fingerprints/pcaps/browsers/computer-OS_X-Yosemite-chrome-30.0,468ab9bacb78e6fbfd415c82eefb2a001288d8ff1cba503f960a2ed71d9ee616,1,0,1,0
mitmengine-master,reference_fingerprints/pcaps/browsers/computer-OS_X-Yosemite-chrome-31.0,4a4b879d9ebdb6425a4de2ed229144519a07ff235b829efa609c9a9dad11bd1d,1,0,1,0
mitmengine-master,reference_fingerprints/pcaps/browsers/computer-OS_X-Yosemite-chrome-32.0,2998acfc7f82b01c2cf3cc877d7ff353b52bdfbf14cef94621e6d02d80cb25ac,1,0,1,0
mitmengine-master,reference_fingerprints/pcaps/browsers/computer-OS_X-Yosemite-chrome-33.0,768e312e2936ddbca9bcfbb089e1bf6be4325bbae51489b49e10634aa6aa8b7a,1,0,1,0
mitmengine-master,reference_fingerprints/pcaps/browsers/computer-OS_X-Yosemite-chrome-34.0,72c41418517745c383cd234d97971d27dc9451c35f528ed3b96b6f70bd41835e,1,0,1,0
mitmengine-master,reference_fingerprints/pcaps/browsers/computer-OS_X-Yosemite-chrome-35.0,851cd48a3cf71f62a3a7b5701159beefc03f22c89fad23e17f633f40e218fbc4,1,0,1,0
mitmengine-master,reference_fingerprints/pcaps/browsers/computer-OS_X-Yosemite-chrome-36.0,8ce6bb4988dc20a34072c6202c0e35a1c3cbd573137163dde2453d435326822f,1,0,1,0
mitmengine-master,reference_fingerprints/pcaps/browsers/computer-OS_X-Yosemite-chrome-37.0,daa62fd805685b8536c56ae58ece2bbf265aa67221af26e9351ea28f4423e3cd,1,0,1,0
mitmengine-master,reference_fingerprints/pcaps/browsers/computer-OS_X-Yosemite-chrome-38.0,6ccbb922d2ca3a013dc7c7bc4aeb34ea6166e18066a0954929d76d6ab8f95dd7,1,0,1,0
mitmengine-master,reference_fingerprints/pcaps/browsers/computer-OS_X-Yosemite-chrome-39.0,890f96a2c8e7fafdd6baf13a4980f0b79eda92e5fdbd0a90a1dbc93e95e06d73,1,0,1,0
mitmengine-master,reference_fingerprints/pcaps/browsers/computer-OS_X-Yosemite-chrome-40.0,7687a0aec6fa25d891903a639169bdb7c9de16a47f4756f6390d9e662a4ba9fe,1,0,1,0
mitmengine-master,reference_fingerprints/pcaps/browsers/computer-OS_X-Yosemite-chrome-41.0,6d1b638086edebe3016c17c52d292fae4e2cb08a2be69a056a09250ed40e63d9,1,0,1,0
mitmengine-master,reference_fingerprints/pcaps/browsers/computer-OS_X-Yosemite-chrome-42.0,2c8c7689f1744a18eb8b3beb155def3c3143f09704ca9dac46b13e923e1d4800,1,0,1,0
mitmengine-master,reference_fingerprints/pcaps/browsers/computer-OS_X-Yosemite-chrome-43.0,46bb19e344e1ed0ea7036c382384dfcfed69a357b67c2260e91e4d1c0643d297,1,0,1,0
mitmengine-master,reference_fingerprints/pcaps/browsers/computer-OS_X-Yosemite-chrome-44.0,75d263eec73535611ed29cba10c91882064d73193cf6fc2941f428af6f682430,1,0,1,0
mitmengine-master,reference_fingerprints/pcaps/browsers/computer-OS_X-Yosemite-chrome-45.0,a9599314d65179a8e6a684029cb35ef177ac1f2ad947eba6279e209b27463f1b,1,0,1,0
mitmengine-master,reference_fingerprints/pcaps/browsers/computer-OS_X-Yosemite-chrome-46.0,89135b1b77c81c3258e5c769740281d48547d7aa60d4064d43fe621af4982bcd,1,0,1,0
mitmengine-master,reference_fingerprints/pcaps/browsers/computer-OS_X-Yosemite-chrome-47.0,d0df2714ae9f07e091e64d825c6e28829d3ff04df0d0ad17662570c1a4ef20c5,1,0,1,0
mitmengine-master,reference_fingerprints/pcaps/browsers/computer-OS_X-Yosemite-firefox-10.0,4f5a1e72f6a21340f14ee024eedc195a78f973cf402c9adccb6459b06bc080f5,1,0,1,0
mitmengine-master,reference_fingerprints/pcaps/browsers/computer-OS_X-Yosemite-firefox-11.0,a5b528d864d397ea0be5668cbe50c52e5febd6cc52eebfaca3f7970f3f3e5901,1,0,1,0
mitmengine-master,reference_fingerprints/pcaps/browsers/computer-OS_X-Yosemite-firefox-12.0,9e0a903a74f1a504f0801d41ae9f324e9f2122d753acc15a416f131341e24264,1,0,1,0
mitmengine-master,reference_fingerprints/pcaps/browsers/computer-OS_X-Yosemite-firefox-13.0,10b7cd2f348cfb67ca7e27acc117d014b62e37ee68cba84f0abbd1e1000db680,1,0,1,0
mitmengine-master,reference_fingerprints/pcaps/browsers/computer-OS_X-Yosemite-firefox-14.0,45866746855cc31d23232bd1ec5ceed515486efe1d33dfe3d0db4a08761094b1,1,0,1,0
mitmengine-master,reference_fingerprints/pcaps/browsers/computer-OS_X-Yosemite-firefox-15.0,dcfaa59cf6c953fcf0f20d42343b6ed1b3f6031261e5c1470c0e068eb3f34ff5,1,0,1,0
mitmengine-master,reference_fingerprints/pcaps/browsers/computer-OS_X-Yosemite-firefox-16.0,efebd89f56f83d5077628c02bf3da197b6d179d8cec019a6584a3e84efd31d03,1,0,1,0
mitmengine-master,reference_fingerprints/pcaps/browsers/computer-OS_X-Yosemite-firefox-17.0,8db348eea74d6984cd1bdef665a5271239aea5be50eb9eb1e8fa7ed7dadc336c,1,0,1,0
mitmengine-master,reference_fingerprints/pcaps/browsers/computer-OS_X-Yosemite-firefox-18.0,dbd66607e64d2eeb462a5732226d1ed651f44b0fa990568138a0498c50822a1b,1,0,1,0
mitmengine-master,reference_fingerprints/pcaps/browsers/computer-OS_X-Yosemite-firefox-19.0,e6f30d847d64843fa3eaed9e785f525d1b0cb78c8cba5c476c949a5d7ed8539e,1,0,1,0
mitmengine-master,reference_fingerprints/pcaps/browsers/computer-OS_X-Yosemite-firefox-20.0,375056b88da6679830de23caf85009721a9c5c9a87800a101101e341ae984eb5,1,0,1,0
mitmengine-master,reference_fingerprints/pcaps/browsers/computer-OS_X-Yosemite-firefox-21.0,c3a6f5e6004a7bbfd776b7974c2f695425e60acbd3521c8424e68d0b80d30752,1,0,1,0
mitmengine-master,reference_fingerprints/pcaps/browsers/computer-OS_X-Yosemite-firefox-22.0,bfa9af7281f20394812a84320a88f51a6d8c8ac4a32bc4417098913517bb952b,1,0,1,0
mitmengine-master,reference_fingerprints/pcaps/browsers/computer-OS_X-Yosemite-firefox-23.0,5350baee38bb6b4c7ddd1965fb229d669040066f052b0ea57a534556d3355f83,1,0,1,0
mitmengine-master,reference_fingerprints/pcaps/browsers/computer-OS_X-Yosemite-firefox-24.0,439e52e3eb0f3b71371360fa985a04f7ca519141e901b50b296d48d2b0b43390,1,0,1,0
mitmengine-master,reference_fingerprints/pcaps/browsers/computer-OS_X-Yosemite-firefox-25.0,f39a9cd22af86724dd8d1c164002477065796b3f3da933aef61397cff64e2d94,1,0,1,0
mitmengine-master,reference_fingerprints/pcaps/browsers/computer-OS_X-Yosemite-firefox-26.0,a4fd00a38edea2e81757d4f8425bba47699a6fecba18fcc9386335847e72a571,1,0,1,0
mitmengine-master,reference_fingerprints/pcaps/browsers/computer-OS_X-Yosemite-firefox-27.0,23d0640cda7673f13e0c2070435acae882a6d5b6061add371fde7b92a8230e9d,1,0,1,0
mitmengine-master,reference_fingerprints/pcaps/browsers/computer-OS_X-Yosemite-firefox-28.0,bb88f9c42229ebc5faaab7abf5d201f3934be1a4f09496a919d3558d39f572c8,1,0,1,0
mitmengine-master,reference_fingerprints/pcaps/browsers/computer-OS_X-Yosemite-firefox-29.0,4fab5149d05b48d650df618a4cc1bbd9143b07603be3d2d629d1e7513e5f7b0f,1,0,1,0
mitmengine-master,reference_fingerprints/pcaps/browsers/computer-OS_X-Yosemite-firefox-3.6,77d77ad7efdc2dcaf4c513a578793eb7c61079663a59cb2d8d9cafba84158bce,1,0,1,0
mitmengine-master,reference_fingerprints/pcaps/browsers/computer-OS_X-Yosemite-firefox-30.0,27e01b5e0c3ed42f90f4ea24d071e7016dcb6178926d80e3b28dfe562172dfac,1,0,1,0
mitmengine-master,reference_fingerprints/pcaps/browsers/computer-OS_X-Yosemite-firefox-31.0,93b4003e8cc465ee17caff82e5c29c108bb60893267ea3774f230afc83fd3060,1,0,1,0
mitmengine-master,reference_fingerprints/pcaps/browsers/computer-OS_X-Yosemite-firefox-32.0,e8fc873fa92bd53b51f4efc7fa04692766bac428d80859257002a5b68a014123,1,0,1,0
mitmengine-master,reference_fingerprints/pcaps/browsers/computer-OS_X-Yosemite-firefox-33.0,232d7d6c55d27c6b1946af83aac3653323e25cc1915760710224617e41ac2d5e,1,0,1,0
mitmengine-master,reference_fingerprints/pcaps/browsers/computer-OS_X-Yosemite-firefox-34.0,ec9ce26830ce10f8684cc7d70dd8404d3dcc41561b99d7014cfd581883473ae3,1,0,1,0
mitmengine-master,reference_fingerprints/pcaps/browsers/computer-OS_X-Yosemite-firefox-35.0,040d4b0d01f26b854604206dc6052a833469c567efc9faa98d2e6dc9905f448a,1,0,1,0
mitmengine-master,reference_fingerprints/pcaps/browsers/computer-OS_X-Yosemite-firefox-36.0,4ea9a5dabcce6c2916b29ea1e8db4ae115130294887dcd4dd34c1c77ebeef3c3,1,0,1,0
mitmengine-master,reference_fingerprints/pcaps/browsers/computer-OS_X-Yosemite-firefox-37.0,875bdef852f26198fddce20479ea6aea9861e77304136f77bf7ae3f241033424,1,0,1,0
mitmengine-master,reference_fingerprints/pcaps/browsers/computer-OS_X-Yosemite-firefox-38.0,aefe2c96eb201a866041654fefaacd59686f72214fd7b3a9cefd7de4bffaad90,1,0,1,0
mitmengine-master,reference_fingerprints/pcaps/browsers/computer-OS_X-Yosemite-firefox-39.0,0223a4c9890b23439bc1a0b5f5bbd1aa52706b08ab09238a533290b298cf86cd,1,0,1,0
mitmengine-master,reference_fingerprints/pcaps/browsers/computer-OS_X-Yosemite-firefox-4.0,6e49f9eead984a430e89c932386c55f0dc27b408dd1958e3375b1891f974e130,1,0,1,0
mitmengine-master,reference_fingerprints/pcaps/browsers/computer-OS_X-Yosemite-firefox-40.0,f32dcda44ef4d11aa28f07184835b13bed799adcfe7b005a9a8b691e5c6434f6,1,0,1,0
mitmengine-master,reference_fingerprints/pcaps/browsers/computer-OS_X-Yosemite-firefox-41.0,948582136839e1ecfda7d8757efbbc447e167fde2bea9375606f704d9affd111,1,0,1,0
mitmengine-master,reference_fingerprints/pcaps/browsers/computer-OS_X-Yosemite-firefox-42.0,3cb835ba9274f421abe5ddd74b63e3a8104af24294e69498e08e8e98dead7961,1,0,1,0
mitmengine-master,reference_fingerprints/pcaps/browsers/computer-OS_X-Yosemite-firefox-43.0,fd3c244418286adc1d96ee40d9b78be4072d150810ab2a63330df06f8ef12f1d,1,0,1,0
mitmengine-master,reference_fingerprints/pcaps/browsers/computer-OS_X-Yosemite-firefox-5.0,4af00c1b8324f64f4128e704e439c533d03751d35022286cc652c51c28ec3b52,1,0,1,0
mitmengine-master,reference_fingerprints/pcaps/browsers/computer-OS_X-Yosemite-firefox-6.0,e6ec145f60db10ab0e9d8a60295d144ce7866352f4838baff006a4564bd88071,1,0,1,0
mitmengine-master,reference_fingerprints/pcaps/browsers/computer-OS_X-Yosemite-firefox-7.0,b0eff50aac783db5aba52f4dc19437b133f74c432733f5ae583899454776aee8,1,0,1,0
mitmengine-master,reference_fingerprints/pcaps/browsers/computer-OS_X-Yosemite-firefox-8.0,201acfe7dc9fe58e9fc7e94cbc8a80dd06d0d92aaf4c393822f9995d7a5f6654,1,0,1,0
mitmengine-master,reference_fingerprints/pcaps/browsers/computer-OS_X-Yosemite-firefox-9.0,351b5a9a4dcbe628f63a00be61e9fa2bc4665bc6aba3bf17d80228fc9480189c,1,0,1,0
mitmengine-master,reference_fingerprints/pcaps/browsers/computer-OS_X-Yosemite-opera-12.12,48337dcd6d6d39092bf381d4613118cc7650ca1c6b8e8d85b5ae828a70b853da,1,0,1,0
mitmengine-master,reference_fingerprints/pcaps/browsers/computer-OS_X-Yosemite-opera-12.14,6de82b712239d142b6f65c906425d1b761b11b5d82ac15f459310decc1550b2c,1,0,1,0
mitmengine-master,reference_fingerprints/pcaps/browsers/computer-OS_X-Yosemite-opera-12.15,528e76912084f10e56ba9d51e167bef10121170a15f9ca997dc2fc81b7fbf03d,1,0,1,0
mitmengine-master,reference_fingerprints/pcaps/browsers/computer-OS_X-Yosemite-opera-15,32fa2287cb6ed32893a4fc4e1c1b3cc6895a3e8a7156099124a2cdb90f02c0c8,1,0,1,0
mitmengine-master,reference_fingerprints/pcaps/browsers/computer-OS_X-Yosemite-opera-16,a2775e65b4f105faceca09b9ff7eef43a81bab7a4cbc4010bd8afc98750e1e55,1,0,1,0
mitmengine-master,reference_fingerprints/pcaps/browsers/computer-OS_X-Yosemite-opera-17,4a5992c0853579871b4c7170c1a83bb62ba05172cdcd3886eedc4bc1ab97f33f,1,0,1,0
mitmengine-master,reference_fingerprints/pcaps/browsers/computer-OS_X-Yosemite-opera-18,7ee5bb1d9993d7ecb7d2647d4a82f30e678e104f975ea08deae47a4c1ca402eb,1,0,1,0
mitmengine-master,reference_fingerprints/pcaps/browsers/computer-OS_X-Yosemite-opera-19,499f485f2e9c2459132a91bc8bf5c092c6c8491aa3943c0f009e784221fba9f9,1,0,1,0
mitmengine-master,reference_fingerprints/pcaps/browsers/computer-OS_X-Yosemite-opera-20,6e4c89e4260428727b2d39da1e479829e58d94ae04d1016b5c967639b37b0805,1,0,1,0
mitmengine-master,reference_fingerprints/pcaps/browsers/computer-OS_X-Yosemite-opera-21,4a33450996e5a506f3f9f1e448cc5463d861193d449f7ef902d051140ebc27bf,1,0,1,0
mitmengine-master,reference_fingerprints/pcaps/browsers/computer-OS_X-Yosemite-opera-22,e487e30bf30e5c65c5562fdad28cf58f7ca3a8d32470e574802bfe002e565fab,1,0,1,0
mitmengine-master,reference_fingerprints/pcaps/browsers/computer-OS_X-Yosemite-opera-23,74215e11aaa44d2b0e9f9dbeff4af8f6e0a99d603ef3cec4fe379ad4e7aebf2c,1,0,1,0
mitmengine-master,reference_fingerprints/pcaps/browsers/computer-OS_X-Yosemite-opera-24,75a5c13c673dd23f735f282f48635ab3ed21e64b4422b9dcee8400a4d570a8e1,1,0,1,0
mitmengine-master,reference_fingerprints/pcaps/browsers/computer-OS_X-Yosemite-opera-25,9406c29b184d10e051c0aeb3b25144dfe919c0acd674855a2bba15b46d47bc95,1,0,1,0
mitmengine-master,reference_fingerprints/pcaps/browsers/computer-OS_X-Yosemite-opera-26,3bde9218787d71ba2173bd58eb561b0d74720121c5c0d57292cc4c53893caca0,1,0,1,0
mitmengine-master,reference_fingerprints/pcaps/browsers/computer-OS_X-Yosemite-opera-27,8c66e7345bce0be39d71b4b41ecf11328cd9843d4d51a1df0fc62038e0dd488b,1,0,1,0
mitmengine-master,reference_fingerprints/pcaps/browsers/computer-OS_X-Yosemite-opera-28,5adcc9518420596c8169911a1740875c18c2328356fbae5445b8457c1835d35b,1,0,1,0
mitmengine-master,reference_fingerprints/pcaps/browsers/computer-OS_X-Yosemite-opera-29,3445ad275b78400f4438d0602f410e632612c42f785cdf69cb5a90e09196d3e6,1,0,1,0
mitmengine-master,reference_fingerprints/pcaps/browsers/computer-OS_X-Yosemite-opera-30,cdb88971cf4bc45127a131b94d7291d9d5ee3e8c9cc56a8126cba44d7d1f24e6,1,0,1,0
mitmengine-master,reference_fingerprints/pcaps/browsers/computer-OS_X-Yosemite-opera-31,8212b2993556c8b99911caa9f790af3ca2dc3a1bc92ce8c58cfad5cc81f03afb,1,0,1,0
mitmengine-master,reference_fingerprints/pcaps/browsers/computer-OS_X-Yosemite-opera-32,115e0807fffe3731d8261489570cf8a79d172b638317a8494b42fa6e2f13e4c8,1,0,1,0
mitmengine-master,reference_fingerprints/pcaps/browsers/computer-OS_X-Yosemite-opera-33,4636ba54576fdf57eaa67ad7fd99f1699fe075ed860a737ce57bb4fb5e9ec32b,1,0,1,0
mitmengine-master,reference_fingerprints/pcaps/browsers/computer-OS_X-Yosemite-opera-34,7459f770cf0bfdfc1c1b820d6635ac93a3c0f8a09be87e1e4ac26481ea180332,1,0,1,0
mitmengine-master,reference_fingerprints/pcaps/browsers/computer-OS_X-Yosemite-opera-35,68d785b7d9ab2c010bd6fbe985fee98ad2d1dc01022dacd35a4d1d2bd09b8863,1,0,1,0
mitmengine-master,reference_fingerprints/pcaps/browsers/computer-OS_X-Yosemite-safari-8.0,8e2ff4b9f0bf1f4b67d2c93ad1a0a23b7bcdd321d545051851e003026d74f33e,1,0,1,0
mitmengine-master,reference_fingerprints/pcaps/browsers/computer-Windows-10-chrome-37.0,61c878d1a9c4916d7f645b2f414a5701cccc3fcb48a7968b728d746e61c3c4d5,1,0,1,0
mitmengine-master,reference_fingerprints/pcaps/browsers/computer-Windows-10-chrome-38.0,1f659213e11d5742b399a89a9a2e88243e1ff4a672d46b804d0930f3a323bb4c,1,0,1,0
mitmengine-master,reference_fingerprints/pcaps/browsers/computer-Windows-10-chrome-39.0,e5962efaab89a048e4a13fdf93696b8076d4e948a7dd5e86f62e028578826c91,1,0,1,0
mitmengine-master,reference_fingerprints/pcaps/browsers/computer-Windows-10-chrome-40.0,266b40a95c4438c7dea6b5ed0e166b575a32f140cf3c9a608cf791fd50bfbf16,1,0,1,0
mitmengine-master,reference_fingerprints/pcaps/browsers/computer-Windows-10-chrome-41.0,e26678c4e9a433feb5eb7beb5bab360d0d1ab8c159e6a1d85b2bb5fabc1a2d6b,1,0,1,0
mitmengine-master,reference_fingerprints/pcaps/browsers/computer-Windows-10-chrome-42.0,4d8c0e9fd5be39f2e3ab566c456925fc404bde0f4533182948d392a0d95d01f2,1,0,1,0
mitmengine-master,reference_fingerprints/pcaps/browsers/computer-Windows-10-chrome-43.0,626991a7226e23b1de49c2120048f680083db114787a05b73f342ad5ca1f2280,1,0,1,0
mitmengine-master,reference_fingerprints/pcaps/browsers/computer-Windows-10-chrome-44.0,f5a015cbd2c87d3d01d03220c4bd2745d67b9522b58816342c33abc8af94f3ef,1,0,1,0
mitmengine-master,reference_fingerprints/pcaps/browsers/computer-Windows-10-chrome-45.0,1f2dfde0e4c19c14ffe870e5ba47ec2a44c8dfadf8828625bd2707840d079783,1,0,1,0
mitmengine-master,reference_fingerprints/pcaps/browsers/computer-Windows-10-chrome-46.0,0ba4eda08b71e782f2d5401c9a6f2e53ee387386b576787c6f162009d5960382,1,0,1,0
mitmengine-master,reference_fingerprints/pcaps/browsers/computer-Windows-10-chrome-47.0,781fe60d26b6fd6319e92600760e4f02c7898f25bc99b4c639963dbebf10899e,1,0,1,0
mitmengine-master,reference_fingerprints/pcaps/browsers/computer-Windows-10-edge-12.0,9a950abd87c54ed26a7d53ff43ae93dfa8d6058c85db94d12600a1421a427988,1,0,1,0
mitmengine-master,reference_fingerprints/pcaps/browsers/computer-Windows-10-firefox-32.0,a0b79fb2edef43a491ddd6a531e1b63b01a495bf00a624df52d735fe75e65469,1,0,1,0
mitmengine-master,reference_fingerprints/pcaps/browsers/computer-Windows-10-firefox-33.0,dcc69eda1a9e862de54a82b01ceded410144faab19a75f724be7ca87cd2677c5,1,0,1,0
mitmengine-master,reference_fingerprints/pcaps/browsers/computer-Windows-10-firefox-34.0,58dbee53dd09a394624140ccd13ba9e71013a9cbc06d4fb00e52b790119d8bfd,1,0,1,0
mitmengine-master,reference_fingerprints/pcaps/browsers/computer-Windows-10-firefox-35.0,d44bc11644abf5491200a32aefe8c5744c5588f52d7599c66164d2e99304e871,1,0,1,0
mitmengine-master,reference_fingerprints/pcaps/browsers/computer-Windows-10-firefox-36.0,5d1425ed16ced5aac7409ad1f26e9daf5732e0c1403749cc3bc0ef21d65f4ee3,1,0,1,0
mitmengine-master,reference_fingerprints/pcaps/browsers/computer-Windows-10-firefox-37.0,3fe4e2b2ab8f19b82603de454d93808234eab361b6a1b9aff8b8c6d38b64f588,1,0,1,0
mitmengine-master,reference_fingerprints/pcaps/browsers/computer-Windows-10-firefox-38.0,6d711d9115e9a6613cf363a79bd08a7aacbaccf293d4299f74dd9186080e99b8,1,0,1,0
mitmengine-master,reference_fingerprints/pcaps/browsers/computer-Windows-10-firefox-39.0,b5715ac34e6b70b6c5fa8fbf1b8f99abc00cf2a4e471f11597b95ccf1fec1deb,1,0,1,0
mitmengine-master,reference_fingerprints/pcaps/browsers/computer-Windows-10-firefox-40.0,28d8511b5f3eca55d7e1603cda6b573cad803e9d9084b77f4d7d5dbcdd726134,1,0,1,0
mitmengine-master,reference_fingerprints/pcaps/browsers/computer-Windows-10-firefox-41.0,d7335d782bbe65f0cd74e05b6e9e0241f404bebf91d4be5fe0b46cb5ee099a01,1,0,1,0
mitmengine-master,reference_fingerprints/pcaps/browsers/computer-Windows-10-firefox-42.0,b038524a5dc2dfdc69f360b0f653f3e4377abf0eadb91e51ec6ae5912a5069f6,1,0,1,0
mitmengine-master,reference_fingerprints/pcaps/browsers/computer-Windows-10-firefox-43.0,82ef445aaf1a3879ef3442de15fb4a587c3c79832150f19035c9813590b233d7,1,0,1,0
mitmengine-master,reference_fingerprints/pcaps/browsers/computer-Windows-10-ie-11.0,96cc9bccb985781b7f4e0fb13092f38be6c525bb48d4f307ab6a99df5c188464,1,0,1,0
mitmengine-master,reference_fingerprints/pcaps/browsers/computer-Windows-7-chrome-14.0,4a8a51b61ed216f3ff6421b348197a8d3adc322492cea3b7d49812d3f5c2fcbe,1,0,1,0
mitmengine-master,reference_fingerprints/pcaps/browsers/computer-Windows-7-chrome-15.0,19db1bbda8c57ec69d0231a602e1dbf510b0d77328c979020ad37d11cd45166e,1,0,1,0
mitmengine-master,reference_fingerprints/pcaps/browsers/computer-Windows-7-chrome-16.0,1298ce2029bf231a20923972bf493af48b949aab8c486dda02be50ffb345931e,1,0,1,0
mitmengine-master,reference_fingerprints/pcaps/browsers/computer-Windows-7-chrome-17.0,21db9498509e3dd83f4c7410e668e4e9a0db241397984609ac5a8a1c184ea308,1,0,1,0
mitmengine-master,reference_fingerprints/pcaps/browsers/computer-Windows-7-chrome-18.0,f9dd3152adc7d608eeff10bebb8472ad5ef32d6e82b98af03f4adf254ea5351f,1,0,1,0
mitmengine-master,reference_fingerprints/pcaps/browsers/computer-Windows-7-chrome-19.0,7c199f1d66d09f27fa0ba6e44881248fa9aa3de4590a6189d7b7eaf1f4799e70,1,0,1,0
mitmengine-master,reference_fingerprints/pcaps/browsers/computer-Windows-7-chrome-20.0,12f86393a09712013a8dc4bdb4d8421dcf7e051fe8da4bbc6f8093c83b10206d,1,0,1,0
mitmengine-master,reference_fingerprints/pcaps/browsers/computer-Windows-7-chrome-21.0,31064b5b514c6b52e16165febd2fbc84b43b010a0fc6725b2e01f1f69331405f,1,0,1,0
mitmengine-master,reference_fingerprints/pcaps/browsers/computer-Windows-7-chrome-22.0,23fd6f60b692d9627e71fb53444846e0a315f0ece13f6bf7074727aa76f1340f,1,0,1,0
mitmengine-master,reference_fingerprints/pcaps/browsers/computer-Windows-7-chrome-23.0,30eaf7dcd3b7bdc403ceb4bcd7a92b4e0e54d37cbdd2c14ad77039b0ad4054cc,1,0,1,0
mitmengine-master,reference_fingerprints/pcaps/browsers/computer-Windows-7-chrome-24.0,af051b7545aa0167699af15a60f81f8f8a5dee2123f85bfd3134cc179c344bb0,1,0,1,0
mitmengine-master,reference_fingerprints/pcaps/browsers/computer-Windows-7-chrome-25.0,dbf04eb5c8f5bdd3d1ed0fa2f84dd48dca0d7397353c213c40ff0db5145608df,1,0,1,0
mitmengine-master,reference_fingerprints/pcaps/browsers/computer-Windows-7-chrome-26.0,27f4726982e500a3061b812692e7faea1c47b5dc18661abb4896fbd781d61022,1,0,1,0
mitmengine-master,reference_fingerprints/pcaps/browsers/computer-Windows-7-chrome-27.0,45dcc165296182fc39587eb04814f1435ae09ab28b701e3855a20821154083c4,1,0,1,0
mitmengine-master,reference_fingerprints/pcaps/browsers/computer-Windows-7-chrome-28.0,e464726f9e9658beb74fd96b11a1d616c9cbd584b176f57b5525fad1c3baf390,1,0,1,0
mitmengine-master,reference_fingerprints/pcaps/browsers/computer-Windows-7-chrome-29.0,041462de2c68c2b4136be544259ba62f6ba8801eb4539b5d13ee17022a280d8f,1,0,1,0
mitmengine-master,reference_fingerprints/pcaps/browsers/computer-Windows-7-chrome-30.0,4d7e9ca5f13a4fbc438d70f87993301cabf02faa14bc3149988eae598b516133,1,0,1,0
mitmengine-master,reference_fingerprints/pcaps/browsers/computer-Windows-7-chrome-31.0,60fef53767b868250e70e6ea55b2b10f66d0c9ddd1df783bbb571e11dce2242b,1,0,1,0
mitmengine-master,reference_fingerprints/pcaps/browsers/computer-Windows-7-chrome-32.0,f4f32bf23aabfbf01a6c928c2439b0575e5ff3ac58b818530dcc5aa6225e8f0e,1,0,1,0
mitmengine-master,reference_fingerprints/pcaps/browsers/computer-Windows-7-chrome-33.0,2633da180b160843fa1ce3e16a20d5b1842ac863dc351ae159f1b6f0a1e895ad,1,0,1,0
mitmengine-master,reference_fingerprints/pcaps/browsers/computer-Windows-7-chrome-34.0,da232193622eab921a678814b990dbd6a10493a74f695fda9638cf5e3c2307af,1,0,1,0
mitmengine-master,reference_fingerprints/pcaps/browsers/computer-Windows-7-chrome-35.0,a439de110781ee0e7bbbb6590e802065c1f9df1c454d887ffe4b080ff6b6175e,1,0,1,0
mitmengine-master,reference_fingerprints/pcaps/browsers/computer-Windows-7-chrome-36.0,5dee932c7d0ec7a4ecd7bfbe68af5c4f7560567072470d4c17df6c2022e3a8a3,1,0,1,0
mitmengine-master,reference_fingerprints/pcaps/browsers/computer-Windows-7-chrome-37.0,728f92c80b3411851e3f993bce681fa8b3e1ab8c94c3605c353a1887e82f80ef,1,0,1,0
mitmengine-master,reference_fingerprints/pcaps/browsers/computer-Windows-7-chrome-38.0,37f5b494f2e18bb5036c981838a365a590430c9937c8ec50159ffa1cec96e6ac,1,0,1,0
mitmengine-master,reference_fingerprints/pcaps/browsers/computer-Windows-7-chrome-39.0,f3383de7ff10c56ecabebb350ac7fa335a9ed5f7ff6e5f7bf6756fcaf8541060,1,0,1,0
mitmengine-master,reference_fingerprints/pcaps/browsers/computer-Windows-7-chrome-40.0,f2ee50d13c717a7f361a4e63b322f050d52a4da55001534f791489b8a7712d2d,1,0,1,0
mitmengine-master,reference_fingerprints/pcaps/browsers/computer-Windows-7-chrome-41.0,0e18c35c235542e443bf35635415d7db149b30f0909bfb7e06c9015991d1c9fe,1,0,1,0
mitmengine-master,reference_fingerprints/pcaps/browsers/computer-Windows-7-chrome-42.0,4370ea092f1eb98964552ecbf28bb684ec77a135fa48c176c822a12e1f43b6cb,1,0,1,0
mitmengine-master,reference_fingerprints/pcaps/browsers/computer-Windows-7-chrome-43.0,1ebb536ebf4fa18b5c7584aff020bb6b1e6c7c38f4fc57d7b8ce1f9497a5de8a,1,0,1,0
mitmengine-master,reference_fingerprints/pcaps/browsers/computer-Windows-7-chrome-44.0,5424668b116f463956bf860e7ba42c3ab3046a7aa64a059493f8e86d1992d490,1,0,1,0
mitmengine-master,reference_fingerprints/pcaps/browsers/computer-Windows-7-chrome-45.0,4d86dbc44dc44245d49b640e381724d36b90a94f0dbd59565df3dd910d8d2348,1,0,1,0
mitmengine-master,reference_fingerprints/pcaps/browsers/computer-Windows-7-chrome-46.0,4dfe6c58d0f3cf47ca108b41b24838e35f32fe9bca29832bbb019e654b7dff73,1,0,1,0
mitmengine-master,reference_fingerprints/pcaps/browsers/computer-Windows-7-chrome-47.0,7f120e83875084edda6f51931c605ebb9e6ecde57ec17472b69163b77fd50831,1,0,1,0
mitmengine-master,reference_fingerprints/pcaps/browsers/computer-Windows-7-firefox-10.0,596b278f9e254dab6118755601f254c444f22bb7619ee1d29d4fc2769deed5fa,1,0,1,0
mitmengine-master,reference_fingerprints/pcaps/browsers/computer-Windows-7-firefox-11.0,88d81592181ce0a0eea2150a3a8ef099a75a18f5cc44071558511207b5c39421,1,0,1,0
mitmengine-master,reference_fingerprints/pcaps/browsers/computer-Windows-7-firefox-12.0,d5549428f1563d359962da043a957ead87ae8d4c3ee502d54723147ba7f2b0d9,1,0,1,0
mitmengine-master,reference_fingerprints/pcaps/browsers/computer-Windows-7-firefox-13.0,8099967ca11457a4b35ef8a8b3cdbe905db9a3f2021c04a9311d637bf2c64f2c,1,0,1,0
mitmengine-master,reference_fingerprints/pcaps/browsers/computer-Windows-7-firefox-14.0,6e7ce111afad6013014252d70267c613c9a5c3fd355311aa3d27f93d48c09194,1,0,1,0
mitmengine-master,reference_fingerprints/pcaps/browsers/computer-Windows-7-firefox-15.0,d02ab8cf0df1bf2cb70e1d523e3387ee5070e56154cea313c714000afc81345c,1,0,1,0
mitmengine-master,reference_fingerprints/pcaps/browsers/computer-Windows-7-firefox-16.0,94f6c604fa65242db9eb8ed8ceea9914cc49defdb8cf079d34de9c0bc388e608,1,0,1,0
mitmengine-master,reference_fingerprints/pcaps/browsers/computer-Windows-7-firefox-17.0,9e6cd321469a7c7722b759df24930a2a2f51536dfbdce99fb5633836260ee952,1,0,1,0
mitmengine-master,reference_fingerprints/pcaps/browsers/computer-Windows-7-firefox-18.0,05b9e591289bc3027d45427735f67daa119f984af6dd2e06e842dc6b8e6811f4,1,0,1,0
mitmengine-master,reference_fingerprints/pcaps/browsers/computer-Windows-7-firefox-19.0,c900c3cdae6ef3cc679c46306e12a10378d64f10c29d170ad27a17a7a990fda1,1,0,1,0
mitmengine-master,reference_fingerprints/pcaps/browsers/computer-Windows-7-firefox-20.0,08439a5352d649ce6c9a64936feb51cac886f7e84742b6c0e14f127a7b23f72b,1,0,1,0
mitmengine-master,reference_fingerprints/pcaps/browsers/computer-Windows-7-firefox-21.0,73fc339bd82779d0712fa4551d930d02fe1652fb93a97ef1a09f1ab36d225da2,1,0,1,0
mitmengine-master,reference_fingerprints/pcaps/browsers/computer-Windows-7-firefox-22.0,66f70d55f337ce56cb8f26d0d6bf50151b01e5d889f3aa87a22554569c82d270,1,0,1,0
mitmengine-master,reference_fingerprints/pcaps/browsers/computer-Windows-7-firefox-23.0,ff85813ab18412be142a948eb00c4ba254e4263094f124ff33fdf24a35311811,1,0,1,0
mitmengine-master,reference_fingerprints/pcaps/browsers/computer-Windows-7-firefox-24.0,ccbbeb7d1120dd4ab6b2eb49acaa92d4e6e872fd83a64a6bbb6f746d8890bc55,1,0,1,0
mitmengine-master,reference_fingerprints/pcaps/browsers/computer-Windows-7-firefox-25.0,2ee7958bdfef45fe4dbaf19a9096c926bacff2b212027faae279b5d1aa7023ef,1,0,1,0
mitmengine-master,reference_fingerprints/pcaps/browsers/computer-Windows-7-firefox-26.0,f0d9a1b5973ec9e65a123699d9825471c1206fb7fac74a1a18660f740991d90a,1,0,1,0
mitmengine-master,reference_fingerprints/pcaps/browsers/computer-Windows-7-firefox-27.0,6b9cb56af66074f40c1922d412fff2d9ec7b4c426f7e9e95390ea8c3c9b726dc,1,0,1,0
mitmengine-master,reference_fingerprints/pcaps/browsers/computer-Windows-7-firefox-28.0,807b76973033f06186834ebcf9a4350d505efd68976b0a912e72d79eb5b9e6d1,1,0,1,0
mitmengine-master,reference_fingerprints/pcaps/browsers/computer-Windows-7-firefox-29.0,401981a85c96c3962ab01b627f85dddd07822e98141954cbcd5762fe512955ac,1,0,1,0
mitmengine-master,reference_fingerprints/pcaps/browsers/computer-Windows-7-firefox-3.6,2e0bf7fb80d87e2a0b9d83c598732f4da928b5244a2b3938cca2c566266eb989,1,0,1,0
mitmengine-master,reference_fingerprints/pcaps/browsers/computer-Windows-7-firefox-30.0,6c163b627b60ba106cd56c46f633a42fbb19b6b834347f026d486c64fdbdac67,1,0,1,0
mitmengine-master,reference_fingerprints/pcaps/browsers/computer-Windows-7-firefox-31.0,955a317dca2da69625f6b5b33a1e7d867a8d58a8ba8402ee31af368f9e800369,1,0,1,0
mitmengine-master,reference_fingerprints/pcaps/browsers/computer-Windows-7-firefox-32.0,b62398f51c0806082c3f31479b9c54d150ff414ce202e929bcfed8604d865da4,1,0,1,0
mitmengine-master,reference_fingerprints/pcaps/browsers/computer-Windows-7-firefox-33.0,bdaaae0ccbaccc93f828006a2460900e8438a1abf5eae909060c85fe5a8c17ac,1,0,1,0
mitmengine-master,reference_fingerprints/pcaps/browsers/computer-Windows-7-firefox-34.0,0ff2d192022bc6b5669fdacb1ef48dbcc8773c6b779c1f72b5f578221cf10907,1,0,1,0
mitmengine-master,reference_fingerprints/pcaps/browsers/computer-Windows-7-firefox-35.0,5a38ebb0de954045c775cfc2f2794e40a917d4ae7c395119cb68b393db529dcf,1,0,1,0
mitmengine-master,reference_fingerprints/pcaps/browsers/computer-Windows-7-firefox-36.0,f5b8be2c2b6561ce9e88e2d3054d2a5fb3686f1575172109cd0c1f95ddfaed38,1,0,1,0
mitmengine-master,reference_fingerprints/pcaps/browsers/computer-Windows-7-firefox-37.0,5ea526307d4749acb5ed9b043d062c9180b8627f5c948cbda00ab25ff9bf1918,1,0,1,0
mitmengine-master,reference_fingerprints/pcaps/browsers/computer-Windows-7-firefox-38.0,2bfbeb0bf21e27c584b5eaadab0b728cc9688b828b4ab10c4a44d9f5ac829768,1,0,1,0
mitmengine-master,reference_fingerprints/pcaps/browsers/computer-Windows-7-firefox-39.0,d93982c6972a680daf633ba597b22281ff57932d46a9c59efb87f40d4fb06433,1,0,1,0
mitmengine-master,reference_fingerprints/pcaps/browsers/computer-Windows-7-firefox-4.0,fcc8cd07467c4c74250ccba10c99f6fe2d18827b763addb492274f992ed913dd,1,0,1,0
mitmengine-master,reference_fingerprints/pcaps/browsers/computer-Windows-7-firefox-40.0,c6337f7f549114083bb4b9b6886eb506c55a5af8485486e92d99e4c7cb5eb67e,1,0,1,0
mitmengine-master,reference_fingerprints/pcaps/browsers/computer-Windows-7-firefox-41.0,18881ba2c8e7552dbc2b435cc7a404c977fca5461c523f5fead9de5da8581d46,1,0,1,0
mitmengine-master,reference_fingerprints/pcaps/browsers/computer-Windows-7-firefox-42.0,871916291b2db683584338c2d88d1fe4aa1137ea9b1bab5bd9d26f52f06adbf4,1,0,1,0
mitmengine-master,reference_fingerprints/pcaps/browsers/computer-Windows-7-firefox-43.0,b1b8d88b4a4e428242de288ec113fd3049a6e3b3e0f088ac1c2153e4c75c50c8,1,0,1,0
mitmengine-master,reference_fingerprints/pcaps/browsers/computer-Windows-7-firefox-5.0,e8fd354d14ba85e726feea548d751bfa604106e2760e23e0e9af3642d4d6dd78,1,0,1,0
mitmengine-master,reference_fingerprints/pcaps/browsers/computer-Windows-7-firefox-6.0,94edb993af1e1afe922024029db97a32bae731f828c49fc7e27cd2aedf72858e,1,0,1,0
mitmengine-master,reference_fingerprints/pcaps/browsers/computer-Windows-7-firefox-7.0,4458f6ce04355ed55e06c2ac549f6225a2d5c2c83c3d2ae7a1ed14d046270bec,1,0,1,0
mitmengine-master,reference_fingerprints/pcaps/browsers/computer-Windows-7-firefox-8.0,26090adc26c6dfe82dbc950ed622df1ce64e9c838e6fc2e6e58aa2b5ce764489,1,0,1,0
mitmengine-master,reference_fingerprints/pcaps/browsers/computer-Windows-7-firefox-9.0,f584e38621816063d60e5ed3f5ca86ab375b957aae380b32f98d290a599bc2dc,1,0,1,0
mitmengine-master,reference_fingerprints/pcaps/browsers/computer-Windows-7-ie-10.0,1505b3c761408115f9484a24fee49bfaf7f74415832ec6a63231e25caa2fec48,1,0,1,0
mitmengine-master,reference_fingerprints/pcaps/browsers/computer-Windows-7-ie-11.0,d6351d5aab9397079319f7d2350b06ece336fd67e747d2618d72bf88a9d865b3,1,0,1,0
mitmengine-master,reference_fingerprints/pcaps/browsers/computer-Windows-7-ie-8.0,dcc38a31aacadbbe05fc249cd7168a911745138d8d9c773be4af40e45e217311,1,0,1,0
mitmengine-master,reference_fingerprints/pcaps/browsers/computer-Windows-7-ie-9.0,1e3477abbc120a280fc105450f688b8714c618dfa957ac520c37dc60aae5b845,1,0,1,0
mitmengine-master,reference_fingerprints/pcaps/browsers/computer-Windows-7-opera-12.15,4840f1f5752438fb3f837186a34e87c98ee19b90bce85b7f9311da2a35ff6389,1,0,1,0
mitmengine-master,reference_fingerprints/pcaps/browsers/computer-Windows-7-opera-12.16,e984834bcd361c3b8419ced06481f7911aa02ecc5fe1bf7a260e2f940f53f4f2,1,0,1,0
mitmengine-master,reference_fingerprints/pcaps/browsers/computer-Windows-8-chrome-22.0,bf13934f2789cd86521c475f06c58938eeb49533b29190108be4e2eecd24b87f,1,0,1,0
mitmengine-master,reference_fingerprints/pcaps/browsers/computer-Windows-8-chrome-23.0,7c6f9fc595907a961727bf07154264d8743848893a7059d1199cabb70a6d11ef,1,0,1,0
mitmengine-master,reference_fingerprints/pcaps/browsers/computer-Windows-8-chrome-24.0,37f408f79ebd84e50a7bf1a28586a754ecb75ac429f678bb0d3438ce82b1f6c4,1,0,1,0
mitmengine-master,reference_fingerprints/pcaps/browsers/computer-Windows-8-chrome-25.0,d7f2313f70b7a10a98e51198424e53609342393ba998d2abf3080532ddb1becb,1,0,1,0
mitmengine-master,reference_fingerprints/pcaps/browsers/computer-Windows-8-chrome-26.0,ead1fe507fbf018f97e98f252991154f5d1dcb08dd7ebcd3afd961f38b6f5eda,1,0,1,0
mitmengine-master,reference_fingerprints/pcaps/browsers/computer-Windows-8-chrome-27.0,f73a74dfc375208b556c22f6923493936cd84cbd7a063ea2bc47345c4feba439,1,0,1,0
mitmengine-master,reference_fingerprints/pcaps/browsers/computer-Windows-8-chrome-28.0,6899b5a3fee20390e1f4defb32ab930063ecdb00e49e28d1a092886df7a1d05d,1,0,1,0
mitmengine-master,reference_fingerprints/pcaps/browsers/computer-Windows-8-chrome-29.0,3328b1ee0a8db1694bbbbd5474d1366ccdeb305ad28c1ff03e4156d12b8ecf98,1,0,1,0
mitmengine-master,reference_fingerprints/pcaps/browsers/computer-Windows-8-chrome-30.0,043ace7fffe878d7d7857ec8f03a3bb753fdecfbadbb187e825784d0822ba31c,1,0,1,0
mitmengine-master,reference_fingerprints/pcaps/browsers/computer-Windows-8-chrome-31.0,3e27884477f6ed61b0ddc2e25194c8329db5c4a069bb8b12f15c602dd18e5735,1,0,1,0
mitmengine-master,reference_fingerprints/pcaps/browsers/computer-Windows-8-chrome-32.0,90d1b9cc4611288efef9bd86fc37e8f2d0047445b0aa70aea6d9422631187d30,1,0,1,0
mitmengine-master,reference_fingerprints/pcaps/browsers/computer-Windows-8-chrome-33.0,0d21dc5198197970973b7a363810426dcad510896da60066a3b8f2df9558a7e7,1,0,1,0
mitmengine-master,reference_fingerprints/pcaps/browsers/computer-Windows-8-chrome-34.0,c496d2762ae98237dd29aa069435323b49da95fe32529248abb8dd7ef829500c,1,0,1,0
mitmengine-master,reference_fingerprints/pcaps/browsers/computer-Windows-8-chrome-35.0,95afc30a75753d139e06f8ecc2730228b0cee0ef9e3170a0dd136c99c130e472,1,0,1,0
mitmengine-master,reference_fingerprints/pcaps/browsers/computer-Windows-8-chrome-36.0,7189e052595cd05b9371b776b4aeb9be63140fa05a28414ee6a01c2584c27a52,1,0,1,0
mitmengine-master,reference_fingerprints/pcaps/browsers/computer-Windows-8-chrome-37.0,8006308d1498a0d32404d57c1eec628a5ee1c97526f3fa2b726c1f8d67098a00,1,0,1,0
mitmengine-master,reference_fingerprints/pcaps/browsers/computer-Windows-8-chrome-38.0,3483795b08aa12dc3d418b7589c776662f5fa0e5876e6c440a2379fc4e7dd4fe,1,0,1,0
mitmengine-master,reference_fingerprints/pcaps/browsers/computer-Windows-8-chrome-39.0,a9b64c1bd339afa58a2e19d7032d81fce8bc7f5a6f83afa8482d142a0d5d2d12,1,0,1,0
mitmengine-master,reference_fingerprints/pcaps/browsers/computer-Windows-8-chrome-40.0,f361a570ce08816b707700a02b4c7d7f09568cec0391b20e7cda0efe2840c662,1,0,1,0
mitmengine-master,reference_fingerprints/pcaps/browsers/computer-Windows-8-chrome-41.0,e9ed85b89812aebe4dee298f90f7f363ee20f347052c85914ba6664112e081e6,1,0,1,0
mitmengine-master,reference_fingerprints/pcaps/browsers/computer-Windows-8-chrome-42.0,359fb8c8568746e3d7d921cf8209c74479f0d185a617c4796230533a5c2af7ff,1,0,1,0
mitmengine-master,reference_fingerprints/pcaps/browsers/computer-Windows-8-chrome-43.0,8f9f6337b031ba954a250f2407e921f4017d68bb15e38f2511241fc8e530c208,1,0,1,0
mitmengine-master,reference_fingerprints/pcaps/browsers/computer-Windows-8-chrome-44.0,c0d043d9045e8efa35616099e7af3de711c8080759b97e9ec5f997c9008bf4ab,1,0,1,0
mitmengine-master,reference_fingerprints/pcaps/browsers/computer-Windows-8-chrome-45.0,3d692ada12a41aa91feaaf799758c02b065278bd99c993c6dda644229eafbbd7,1,0,1,0
mitmengine-master,reference_fingerprints/pcaps/browsers/computer-Windows-8-chrome-46.0,4c39741c20f022bf70017fafe3e7f06ac296a79a3f04e26469d4d9e47436b432,1,0,1,0
mitmengine-master,reference_fingerprints/pcaps/browsers/computer-Windows-8-chrome-47.0,d0e48c9c576619d8bcf0c855061acf9453a88b341fe111833d69835297f4d204,1,0,1,0
mitmengine-master,reference_fingerprints/pcaps/browsers/computer-Windows-8-firefox-16.0,8b1375d24b4d8bf1e5e7734ff291fb8c60735ce1044bfa0652b8e3328bc61913,1,0,1,0
mitmengine-master,reference_fingerprints/pcaps/browsers/computer-Windows-8-firefox-17.0,719123f36e5ee30167356daf883a8a42968367630dce865fe76969bced365953,1,0,1,0
mitmengine-master,reference_fingerprints/pcaps/browsers/computer-Windows-8-firefox-18.0,ba2f2cad72be74dd79a4e447d1e25abd99b40e675ab4efa37e14ac912bafa908,1,0,1,0
mitmengine-master,reference_fingerprints/pcaps/browsers/computer-Windows-8-firefox-19.0,aa838c31e7119255e28ddcb7cbe4a4ace10cab75f938b98d0e3cd044218d068c,1,0,1,0
mitmengine-master,reference_fingerprints/pcaps/browsers/computer-Windows-8-firefox-20.0,2ea3e742e00fe547e21a1f1605af67ab8cce3bb22b5c06d2049e6a3fd4f15d09,1,0,1,0
mitmengine-master,reference_fingerprints/pcaps/browsers/computer-Windows-8-firefox-21.0,3e827214f7faac45fe2094f7b1be23899cd8a5e2ed8100603b6ac891f789bc96,1,0,1,0
mitmengine-master,reference_fingerprints/pcaps/browsers/computer-Windows-8-firefox-22.0,c7c5da5b80ff7b1fdeb5442b3879006ea3d6b550bd368ce5f4596fd3f85ebf55,1,0,1,0
mitmengine-master,reference_fingerprints/pcaps/browsers/computer-Windows-8-firefox-23.0,e7b6a06c0b190dfa62fe1b0c45521ad8a569f19efd88e04f42217f1898cb4fcc,1,0,1,0
mitmengine-master,reference_fingerprints/pcaps/browsers/computer-Windows-8-firefox-24.0,2629fd1edeb5efd2d78d907831c3337eb0757ed98e88374f053c06aa454d3a86,1,0,1,0
mitmengine-master,reference_fingerprints/pcaps/browsers/computer-Windows-8-firefox-25.0,bb8698ed4c73239fac7249bae2b1acd58f207cd026949ebc4b3f7e1457beafa6,1,0,1,0
mitmengine-master,reference_fingerprints/pcaps/browsers/computer-Windows-8-firefox-26.0,8c9c9e33ef5092a54155063619c42b6e8dd5a4f0026bdfa06da245649834f244,1,0,1,0
mitmengine-master,reference_fingerprints/pcaps/browsers/computer-Windows-8-firefox-27.0,3935bc5b6609e1931fc7a279a5348a290e09c463d9a5715c8b5dd53701689b9b,1,0,1,0
mitmengine-master,reference_fingerprints/pcaps/browsers/computer-Windows-8-firefox-28.0,ac5ac60d4a7aa0ae2b999df550000d887ee47291755b48727c405050b6f8419d,1,0,1,0
mitmengine-master,reference_fingerprints/pcaps/browsers/computer-Windows-8-firefox-29.0,b32fac12a7adf1a9b1a5fe7d46dfe749116cdb817dea817d055a6bde6a32fd18,1,0,1,0
mitmengine-master,reference_fingerprints/pcaps/browsers/computer-Windows-8-firefox-30.0,310c09eadfc8fd350b1d3436c9b7b21b6209863e2f86d884884cd5e2d03931d0,1,0,1,0
mitmengine-master,reference_fingerprints/pcaps/browsers/computer-Windows-8-firefox-31.0,beea1b52b692d894b590b0b654f600456994eb64a5fcbb780eba8d8a8e1d6a42,1,0,1,0
mitmengine-master,reference_fingerprints/pcaps/browsers/computer-Windows-8-firefox-32.0,dae089462139805a6f7ff3f83f3f25551597f5fba4fe1064a424aecd5475bd80,1,0,1,0
mitmengine-master,reference_fingerprints/pcaps/browsers/computer-Windows-8-firefox-33.0,bf6573adde8504de568cd193231a553e9706481b7ce07b9e553809bb3630a89f,1,0,1,0
mitmengine-master,reference_fingerprints/pcaps/browsers/computer-Windows-8-firefox-34.0,e1cc55d9414acb8153e2f08509604cd0e8f7ea17b5f8bf84e2c9554503f28aba,1,0,1,0
mitmengine-master,reference_fingerprints/pcaps/browsers/computer-Windows-8-firefox-35.0,5d6a5814bf2bd3afb767cba814d5c87f58276738790488e1ac8de6b053cef511,1,0,1,0
mitmengine-master,reference_fingerprints/pcaps/browsers/computer-Windows-8-firefox-36.0,1aab4705d9e181cba00ae68aeedc06bec51095e89c4cbb976dce994aa7d70227,1,0,1,0
mitmengine-master,reference_fingerprints/pcaps/browsers/computer-Windows-8-firefox-37.0,5ff7a5b6434e2a7e77f007a909931d85acc9742210c85012b0bc16142c9b0fe4,1,0,1,0
mitmengine-master,reference_fingerprints/pcaps/browsers/computer-Windows-8-firefox-38.0,61c9eda9d6f28540f88946732f268c6197272aa6195c08b0150337dc1798667c,1,0,1,0
mitmengine-master,reference_fingerprints/pcaps/browsers/computer-Windows-8-firefox-39.0,5d4f84cabae263470bda9d2f12c170deb101d23e99efb4b21532a2aae76777a2,1,0,1,0
mitmengine-master,reference_fingerprints/pcaps/browsers/computer-Windows-8-firefox-40.0,6f1c202a61b9aba0e7da28140e7e008490017eee4455fad1b00b8f6e06d827a2,1,0,1,0
mitmengine-master,reference_fingerprints/pcaps/browsers/computer-Windows-8-firefox-41.0,acbccf7ed0105aa2c8f1a01d63b374034a4a81228d1de8191b7d487969596894,1,0,1,0
mitmengine-master,reference_fingerprints/pcaps/browsers/computer-Windows-8-firefox-42.0,43f1d6c34699609acc18b05f9c5ad5d1f99cc2dd9ecda088697b3bd9b237b7f4,1,0,1,0
mitmengine-master,reference_fingerprints/pcaps/browsers/computer-Windows-8-firefox-43.0,c29f32a8612b13804ae57b4efc905ff9c5cad7995504a6aaa9bcdc6aba0714a9,1,0,1,0
mitmengine-master,reference_fingerprints/pcaps/browsers/computer-Windows-8-ie-10.0,aba9c76c5060330aa60a191c4aef6033a1214c295e59a2c32133d58eb91f4871,1,0,1,0
mitmengine-master,reference_fingerprints/pcaps/browsers/computer-Windows-8-opera-12.15,46f199f1d8a25ecac219eb25bdb8696b9a85b1fbc3c95bf4554641946df89d7e,1,0,1,0
mitmengine-master,reference_fingerprints/pcaps/browsers/computer-Windows-8-opera-12.16,d5293ae589db258892c3889b7a09fc3e137373cff805d15097c4994ed18ba7c6,1,0,1,0
mitmengine-master,reference_fingerprints/pcaps/browsers/computer-Windows-8-opera-15,1dd55a2b6ae927e7c098bc31cdb6bfb93973b157249b0cac47d0339bd02a8f4f,1,0,1,0
mitmengine-master,reference_fingerprints/pcaps/browsers/computer-Windows-8-opera-16,125b37c44c86e8c0f13bbd3ba3460944e17efeb71c4fd784460a59532eb27b1c,1,0,1,0
mitmengine-master,reference_fingerprints/pcaps/browsers/computer-Windows-8-opera-17,296000d67cf55190f4e53760eac14147476ccf3b27a40bd0c6417f2f3d0cb959,1,0,1,0
mitmengine-master,reference_fingerprints/pcaps/browsers/computer-Windows-8-opera-18,87049b2fdc415cd325d62edc7798ec60a2ce089bda85706a2dabbca3be2843a0,1,0,1,0
mitmengine-master,reference_fingerprints/pcaps/browsers/computer-Windows-8-opera-19,00370d6fb56f836187ee72d20bf203a09a1895619d76b0d952e8ed14c6a91690,1,0,1,0
mitmengine-master,reference_fingerprints/pcaps/browsers/computer-Windows-8-opera-20,7b6bd16a58e9824570082d8fccac2e82ec1fcdcdb4a33239c0050f041a892257,1,0,1,0
mitmengine-master,reference_fingerprints/pcaps/browsers/computer-Windows-8-opera-21,d7156331563da2ea2580de79aec803a2a5fa84f530e07896ccf949b83e8de032,1,0,1,0
mitmengine-master,reference_fingerprints/pcaps/browsers/computer-Windows-8-opera-22,325a2027a97c377716d61e1eeb848e790d4aea625284d319cb07dc8978cdf84a,1,0,1,0
mitmengine-master,reference_fingerprints/pcaps/browsers/computer-Windows-8-opera-23,b7139486e4b61a74bc28d7bc4e1b240b1d41a9a66913bbf8bb2415c173334605,1,0,1,0
mitmengine-master,reference_fingerprints/pcaps/browsers/computer-Windows-8-opera-24,d20ffab0270850583d7b8a06f5299a7f0c8176ec23b90e7ce5063f1e47ad3379,1,0,1,0
mitmengine-master,reference_fingerprints/pcaps/browsers/computer-Windows-8-opera-25,92924c7752f3348ef391604bbb344700247b7cb168146d6f729828142b5ea2dd,1,0,1,0
mitmengine-master,reference_fingerprints/pcaps/browsers/computer-Windows-8-opera-26,156e20e67db90c542cd0361faa820b0fe178fd1c3bdad9a9ba98ecb3febbc766,1,0,1,0
mitmengine-master,reference_fingerprints/pcaps/browsers/computer-Windows-8-opera-27,ebb75f5b20f7eb333a9ed4bc57f51779ad19b6eea7539c6626283e3643c5dcfe,1,0,1,0
mitmengine-master,reference_fingerprints/pcaps/browsers/computer-Windows-8-opera-28,477dcf0392c002903c197eefdd29bac3e7392b18f0a6caf0a7587ab6bfb1c23a,1,0,1,0
mitmengine-master,reference_fingerprints/pcaps/browsers/computer-Windows-8-opera-29,6545307b03a0cb1111b841cf70d8074be8946c4abeaea8c8789ff3c9df5c209a,1,0,1,0
mitmengine-master,reference_fingerprints/pcaps/browsers/computer-Windows-8-opera-30,c79a9f14bc3cf4e58e71c3a55e9e689045ef3ec765e92a8b97fabfd43303b2a8,1,0,1,0
mitmengine-master,reference_fingerprints/pcaps/browsers/computer-Windows-8-opera-31,c1370f0d32b9dc23ea53305a09907cc10aac31a260676fe4f387b17461ceb5f1,1,0,1,0
mitmengine-master,reference_fingerprints/pcaps/browsers/computer-Windows-8-opera-32,467b613b94ef065c8c40deadca129affcc7bb3c5e5f27b1ae8d2baee61335ac6,1,0,1,0
mitmengine-master,reference_fingerprints/pcaps/browsers/computer-Windows-8-opera-33,c897a46801702dcc1b528c820ed3709f9e540fa145f15d301e9b628a1d1b8a09,1,0,1,0
mitmengine-master,reference_fingerprints/pcaps/browsers/computer-Windows-8-opera-34,7956c0e97337c792e97ed9f55f5604fb7150f84d47608e9784a0d7a2b32190c9,1,0,1,0
mitmengine-master,reference_fingerprints/pcaps/browsers/computer-Windows-8-opera-35,7bd1699962872279a15a1552f119e9020ee2dbd21581b4ca674f142a71ca3224,1,0,1,0
mitmengine-master,reference_fingerprints/pcaps/browsers/computer-Windows-8.1-chrome-22.0,b62f3f5678dc559c2edb364c33c2e35c28544679e2e7ba5ca218ee51b66e53f2,1,0,1,0
mitmengine-master,reference_fingerprints/pcaps/browsers/computer-Windows-8.1-chrome-23.0,3c4ed8eb34edf8bebd21b7c15c8cd101d1c09ce280db95cbb86847974d62d7a3,1,0,1,0
mitmengine-master,reference_fingerprints/pcaps/browsers/computer-Windows-8.1-chrome-24.0,fff46e3e6001a5f3f4ef8e0d2327f8be07c036a4ef87920e9c5f98a808b6a92f,1,0,1,0
mitmengine-master,reference_fingerprints/pcaps/browsers/computer-Windows-8.1-chrome-25.0,be063a2db7630cfedd38be4ace20114b57467cf19eb385d0f49f8c52177a4655,1,0,1,0
mitmengine-master,reference_fingerprints/pcaps/browsers/computer-Windows-8.1-chrome-26.0,89f8e17c2c253e2917a1c88274ae7e2d21d3ccb41f9aa272aa516bbf825d6a35,1,0,1,0
mitmengine-master,reference_fingerprints/pcaps/browsers/computer-Windows-8.1-chrome-27.0,677b8d8d71bc7a1bfd6d4e1e19317ad8e0acae5b53c5c5f6b49d74935145781f,1,0,1,0
mitmengine-master,reference_fingerprints/pcaps/browsers/computer-Windows-8.1-chrome-28.0,dd6963095c12012ac83de200adcbdd810e1ecb1dac50e0ed7ebdb4e892ff6f28,1,0,1,0
mitmengine-master,reference_fingerprints/pcaps/browsers/computer-Windows-8.1-chrome-29.0,ba12ae944cff5884d40bc63832dcc74ef911630a05a118e8382fc483bf86bc41,1,0,1,0
mitmengine-master,reference_fingerprints/pcaps/browsers/computer-Windows-8.1-chrome-30.0,c12210801d06d64513185c16b0a0d3000e66b2ba296a8dd0f12c4f14ea0635fa,1,0,1,0
mitmengine-master,reference_fingerprints/pcaps/browsers/computer-Windows-8.1-chrome-31.0,09fc8ecc4a5be53640283fccafd80f5a8d41c7eabe60cad8396bf66278a74942,1,0,1,0
mitmengine-master,reference_fingerprints/pcaps/browsers/computer-Windows-8.1-chrome-32.0,d45518f5000edbc0801ae08ff90c97da839159e7ba7023c61d2ef7af567d403c,1,0,1,0
mitmengine-master,reference_fingerprints/pcaps/browsers/computer-Windows-8.1-chrome-33.0,7b20b4e09a548bd6bad456028b7cf294fc138ca67abff5895585b83cda546f23,1,0,1,0
mitmengine-master,reference_fingerprints/pcaps/browsers/computer-Windows-8.1-chrome-34.0,a60523b741653884e061f35346505bf6fb88bb09d5697ac5654ba1a31d470c85,1,0,1,0
mitmengine-master,reference_fingerprints/pcaps/browsers/computer-Windows-8.1-chrome-35.0,13915e7dd2530b0e30595a6129ea136bc414d7e8bdc91d0c5a489ab0ee4551e9,1,0,1,0
mitmengine-master,reference_fingerprints/pcaps/browsers/computer-Windows-8.1-chrome-36.0,e76c29e3eb64d837292338ac97df4d8e3fc7460ae89c4e0f2bd3c73fa6bbb0c0,1,0,1,0
mitmengine-master,reference_fingerprints/pcaps/browsers/computer-Windows-8.1-chrome-37.0,dd1229530aaf452d83f262916d3351faf928617f246d5d2360c5c8301ea5a966,1,0,1,0
mitmengine-master,reference_fingerprints/pcaps/browsers/computer-Windows-8.1-chrome-38.0,edeb2b4185c026d4331a8aedd2207c83efe2cf4e2eb6c8337455683bb2b899fd,1,0,1,0
mitmengine-master,reference_fingerprints/pcaps/browsers/computer-Windows-8.1-chrome-39.0,1813cf851ce90aab7ca89bacc63a1abb1377da2add23e02ee23f06e7097932c0,1,0,1,0
mitmengine-master,reference_fingerprints/pcaps/browsers/computer-Windows-8.1-chrome-40.0,af15d73b670da5815154af29c21d51eff6578573ff8573c53186921a3e050628,1,0,1,0
mitmengine-master,reference_fingerprints/pcaps/browsers/computer-Windows-8.1-chrome-41.0,df5c452c4235e6db16fc743067fbcf17d4a41b27e7ec1bdeae438cac9e9fa0e6,1,0,1,0
mitmengine-master,reference_fingerprints/pcaps/browsers/computer-Windows-8.1-chrome-42.0,ce0b82b8fadbd8e20004e24db18db5140a65eebe36b2e3cc865fe03e4c65f7da,1,0,1,0
mitmengine-master,reference_fingerprints/pcaps/browsers/computer-Windows-8.1-chrome-43.0,b3dfbea279aa41dfa2d8c9cb49a1516c88c4d42268316ece28dc8ab638b8fd81,1,0,1,0
mitmengine-master,reference_fingerprints/pcaps/browsers/computer-Windows-8.1-chrome-44.0,af6e536443f6b7dcd77665c6bad898a01f6e5bdfa7001da5750b08e7aeabd8c9,1,0,1,0
mitmengine-master,reference_fingerprints/pcaps/browsers/computer-Windows-8.1-chrome-45.0,e0389da06bd7ee05a45d092832efe7356189eee2f5089660c0a55437f9d4f83b,1,0,1,0
mitmengine-master,reference_fingerprints/pcaps/browsers/computer-Windows-8.1-chrome-46.0,03dd588ff8f4097b31ce106c9149308fbfec33d2939c34611ac9ff43af22a741,1,0,1,0
mitmengine-master,reference_fingerprints/pcaps/browsers/computer-Windows-8.1-chrome-47.0,0a2c3b7789b7a2070a5f9e20fabc9639c720ae37408a56d1983b0c3559d586e8,1,0,1,0
mitmengine-master,reference_fingerprints/pcaps/browsers/computer-Windows-8.1-firefox-16.0,032259bdd173ba2d863c2540e6010fefb7b18f4c618fbc7e4cae817030466db9,1,0,1,0
mitmengine-master,reference_fingerprints/pcaps/browsers/computer-Windows-8.1-firefox-17.0,8b236d31182abe94c3b336b161b7fee8a4328cba6b1de9fc78cde0fe1cc7132c,1,0,1,0
mitmengine-master,reference_fingerprints/pcaps/browsers/computer-Windows-8.1-firefox-18.0,d4c30bc3a97c9ce54775cbd17c3d388f7db6cdf23a84aaa996cd756d2dbbd8ab,1,0,1,0
mitmengine-master,reference_fingerprints/pcaps/browsers/computer-Windows-8.1-firefox-19.0,cb94335aa719bf64aa846eadab9048860b6eedce77361005184c545ebd1fa708,1,0,1,0
mitmengine-master,reference_fingerprints/pcaps/browsers/computer-Windows-8.1-firefox-20.0,4cd606857ecd7efc246ada2e3ad3fd3bc0cfb9f2a7964bc62a7d1576ce5a31ec,1,0,1,0
mitmengine-master,reference_fingerprints/pcaps/browsers/computer-Windows-8.1-firefox-21.0,4646ddd6d35ac7c007b8ed0a6c97b21077ce406a0cadb50c349c51afc4badde2,1,0,1,0
mitmengine-master,reference_fingerprints/pcaps/browsers/computer-Windows-8.1-firefox-22.0,60f6a86ad6485482af3dfb137c418470d1f6e6e3e62c435ad12f0f093a242857,1,0,1,0
mitmengine-master,reference_fingerprints/pcaps/browsers/computer-Windows-8.1-firefox-23.0,4207e79355632556ebd53e1e678b8d62b5db18acb77ed8261e187f6b78f0e82c,1,0,1,0
mitmengine-master,reference_fingerprints/pcaps/browsers/computer-Windows-8.1-firefox-24.0,10525247da694b7a8d557d13461f61e7d483c562af9ea050f825b60497ee6d09,1,0,1,0
mitmengine-master,reference_fingerprints/pcaps/browsers/computer-Windows-8.1-firefox-25.0,d8dcceb03d6e25385fe0012677894f62d4cf44dfacb60a3197efcf864aa6b3b6,1,0,1,0
mitmengine-master,reference_fingerprints/pcaps/browsers/computer-Windows-8.1-firefox-26.0,798aa0ee1eab88053f1e8363706280c924458b1a0020b6b8e029051773e810a7,1,0,1,0
mitmengine-master,reference_fingerprints/pcaps/browsers/computer-Windows-8.1-firefox-27.0,38783dd5a01354662ed7ec8817c76c6b9f762b1d37d2f377619ee89cd2794a48,1,0,1,0
mitmengine-master,reference_fingerprints/pcaps/browsers/computer-Windows-8.1-firefox-28.0,d27216d59b04bb32e7dd1b8e45b4190e94acba6f9f2adf51d257d9545bfae642,1,0,1,0
mitmengine-master,reference_fingerprints/pcaps/browsers/computer-Windows-8.1-firefox-29.0,036cf76af394d34d6062b430b2457c1d76c89a77287356db227ccf11799864d5,1,0,1,0
mitmengine-master,reference_fingerprints/pcaps/browsers/computer-Windows-8.1-firefox-30.0,8d7f787339870f500e0390788a657fdffb78ef4d8081a236d26d426de91705d0,1,0,1,0
mitmengine-master,reference_fingerprints/pcaps/browsers/computer-Windows-8.1-firefox-31.0,84b48bb681606a450cdcd044c784fed7831961556d6e2f6e4fe825ca61cd2bb4,1,0,1,0
mitmengine-master,reference_fingerprints/pcaps/browsers/computer-Windows-8.1-firefox-32.0,b6dc385aa80cfed2a98a568a7a6708a59a5941d1fbeb0a9b33967fa37b0dfd12,1,0,1,0
mitmengine-master,reference_fingerprints/pcaps/browsers/computer-Windows-8.1-firefox-33.0,fe2038f36c6c8113a2c830cd89c789ddc992382b6de5ce0571531a3b3390e0de,1,0,1,0
mitmengine-master,reference_fingerprints/pcaps/browsers/computer-Windows-8.1-firefox-34.0,27d686c985ce1cf56c89bbf09b215bd92091499cdeae5f9972eb744c6f80b0bb,1,0,1,0
mitmengine-master,reference_fingerprints/pcaps/browsers/computer-Windows-8.1-firefox-35.0,74228059a4d54ca78f9ab6344038049fbba22debb9b7a4703ec1755f9d5f3bc1,1,0,1,0
mitmengine-master,reference_fingerprints/pcaps/browsers/computer-Windows-8.1-firefox-36.0,59307493078303caba16d0d001f2905648b882e4effc9474f7022bb81f64e686,1,0,1,0
mitmengine-master,reference_fingerprints/pcaps/browsers/computer-Windows-8.1-firefox-37.0,9018a02d8251766d4b249b7ccca264e3595cbd9195e22a72c7e3a9b57e7ab412,1,0,1,0
mitmengine-master,reference_fingerprints/pcaps/browsers/computer-Windows-8.1-firefox-38.0,eda8fa2d20d74351bb0a0c0ecc58e9af58a6542e31455df0be499af1babe4aec,1,0,1,0
mitmengine-master,reference_fingerprints/pcaps/browsers/computer-Windows-8.1-firefox-39.0,42fa8b67ad44529b775ae0bfb3d4f34f3a087bab851d57d2f9f1f8e13b3e2850,1,0,1,0
mitmengine-master,reference_fingerprints/pcaps/browsers/computer-Windows-8.1-firefox-40.0,edf37bcf06d7c2d6cc76e3fc2b82237f71d6746db760f54ec23e89b6821fbbea,1,0,1,0
mitmengine-master,reference_fingerprints/pcaps/browsers/computer-Windows-8.1-firefox-41.0,4db220f57cc150c194f58e9f03fc483d2353765a9cc1c9f23b56cb8a1b9ff4a6,1,0,1,0
mitmengine-master,reference_fingerprints/pcaps/browsers/computer-Windows-8.1-firefox-42.0,d29ee7cddbabc63adf0919e9b533a234cb0eec5827211d19cf019e8e40ee0712,1,0,1,0
mitmengine-master,reference_fingerprints/pcaps/browsers/computer-Windows-8.1-firefox-43.0,07d76c9edeb9106086bc3bf91f2c04cd4a6e750284f6f37457fb06ea32d4013e,1,0,1,0
mitmengine-master,reference_fingerprints/pcaps/browsers/computer-Windows-8.1-ie-11.0,5e70a2baadcf785ac2172b914658532e79776ca66eb6b87c3c72f8f7470498a9,1,0,1,0
mitmengine-master,reference_fingerprints/pcaps/browsers/computer-Windows-8.1-opera-12.15,28844c436d74d7c3f9bf91fa36e00da23e8106dddfb7cb6433a3fac2a5cee832,1,0,1,0
mitmengine-master,reference_fingerprints/pcaps/browsers/computer-Windows-8.1-opera-12.16,b9ee60660846278263f3fba59813661a580a8f3ed3d711150bfbce82033f4d1a,1,0,1,0
mitmengine-master,reference_fingerprints/pcaps/browsers/computer-Windows-XP-chrome-14.0,90ba779cc7dc0ff51dd215cbec572e21fb75c957e7d01c89d7197fd5c5ba810e,1,0,1,0
mitmengine-master,reference_fingerprints/pcaps/browsers/computer-Windows-XP-chrome-15.0,eafe4c45c96876724e686cee0c18e93f7f4890e3de228fb141607fe7ac464b65,1,0,1,0
mitmengine-master,reference_fingerprints/pcaps/browsers/computer-Windows-XP-chrome-16.0,d4dbce17f917d5ad41ed7b03d8cc06fa384f9ed73c3a9906c7622b5877a637ae,1,0,1,0
mitmengine-master,reference_fingerprints/pcaps/browsers/computer-Windows-XP-chrome-17.0,e8a6f9bd7f49675945ddedc1316feb94041a9facbb5b5f03a7908f9f98c4d94d,1,0,1,0
mitmengine-master,reference_fingerprints/pcaps/browsers/computer-Windows-XP-chrome-18.0,4573e1c38cf117ed78aed24b71f203c09a9a929720aa6cbd5ed1c8ce66ffe757,1,0,1,0
mitmengine-master,reference_fingerprints/pcaps/browsers/computer-Windows-XP-chrome-19.0,9f25e8149d308bc463d79cc607d8388b49514532f7aa958507eb7286e33efa2c,1,0,1,0
mitmengine-master,reference_fingerprints/pcaps/browsers/computer-Windows-XP-chrome-20.0,95a5652eb52417af7fe3487bfd0d60d7afab1c346a1695f3d3be5c6cab3de79f,1,0,1,0
mitmengine-master,reference_fingerprints/pcaps/browsers/computer-Windows-XP-chrome-21.0,ee931c9441a090f217f33111f9b1a7989ae8264e4e9e56d28133bedbef69fd4a,1,0,1,0
mitmengine-master,reference_fingerprints/pcaps/browsers/computer-Windows-XP-chrome-22.0,f9700dfd40a05690e07b6f89c7316518f1e1fd3fa57c9dd1152cd6a25bbc5af0,1,0,1,0
mitmengine-master,reference_fingerprints/pcaps/browsers/computer-Windows-XP-chrome-23.0,4bceb562a25df88a8a38b4c6d588b399df679dbf5ab5ad50e2810a930d8d9fdb,1,0,1,0
mitmengine-master,reference_fingerprints/pcaps/browsers/computer-Windows-XP-chrome-24.0,270d4f5899fe480ddc68d0b95cd750a67b582a8b40862f54256b152df12fc349,1,0,1,0
mitmengine-master,reference_fingerprints/pcaps/browsers/computer-Windows-XP-chrome-25.0,e3afeb140db847f7742d11eef28c2b730d5ee19862419e761f6f7610980a5ea9,1,0,1,0
mitmengine-master,reference_fingerprints/pcaps/browsers/computer-Windows-XP-chrome-26.0,c08a0704c3baf0f4ccd63f0ce9d53fbf850e9052cc10f37f42d54f10c4b4e2eb,1,0,1,0
mitmengine-master,reference_fingerprints/pcaps/browsers/computer-Windows-XP-chrome-27.0,097967245f745a50ce13a80c7b306dc603aaa09d0e2c10b332f32487ae75055d,1,0,1,0
mitmengine-master,reference_fingerprints/pcaps/browsers/computer-Windows-XP-chrome-28.0,91ffb302db188e40fd8fe5b5091bb134a79ed196700680e561e975d4436b34ca,1,0,1,0
mitmengine-master,reference_fingerprints/pcaps/browsers/computer-Windows-XP-chrome-29.0,c32a3a5f8742ee9cf0b7c58087b7f571b298bd8179277e869f0264e24c946afc,1,0,1,0
mitmengine-master,reference_fingerprints/pcaps/browsers/computer-Windows-XP-chrome-30.0,9f02ee07f411cf87b38362957ba032b1b48347a56b9aa1e61954d7b0c2d796c4,1,0,1,0
mitmengine-master,reference_fingerprints/pcaps/browsers/computer-Windows-XP-chrome-31.0,4f48f897ede85aa6b7ec1def6c4982e821970b1dd1dfe0395b82ca43b4ea86f0,1,0,1,0
mitmengine-master,reference_fingerprints/pcaps/browsers/computer-Windows-XP-chrome-32.0,37d39ce3599fce528b84541d241d39a6f50e1f1cc71562dda04ede7ac87dcf58,1,0,1,0
mitmengine-master,reference_fingerprints/pcaps/browsers/computer-Windows-XP-chrome-33.0,398d7042fa08a7c7fee82bb0cf3c2fb860ecefcc74e8f3eb3274716a556a64f5,1,0,1,0
mitmengine-master,reference_fingerprints/pcaps/browsers/computer-Windows-XP-chrome-34.0,91f8dcf94641dfb770d87152fb1b72c03651430d3a4af2db0cd45e5bcd41560a,1,0,1,0
mitmengine-master,reference_fingerprints/pcaps/browsers/computer-Windows-XP-chrome-35.0,d2d6075829fb3d45e429509833f896544e15135c54a339f6e7034a805322af9a,1,0,1,0
mitmengine-master,reference_fingerprints/pcaps/browsers/computer-Windows-XP-chrome-36.0,0f165c3d5223879e36aefe5afd2a6b8bbef512be023f1391586d8951c7fad35b,1,0,1,0
mitmengine-master,reference_fingerprints/pcaps/browsers/computer-Windows-XP-chrome-37.0,58ef2f38bfeeaf3ca1d7bec9b3febbdcd33e4b7a85e3acf498fcff1deff3b332,1,0,1,0
mitmengine-master,reference_fingerprints/pcaps/browsers/computer-Windows-XP-chrome-38.0,8cd336ee52afdbae83f44893da6445054c73196f54727fa9b4d76758d94aedd1,1,0,1,0
mitmengine-master,reference_fingerprints/pcaps/browsers/computer-Windows-XP-chrome-39.0,27e0c6dc83c19e9ce4ca270524450016c1151e0789cc4b0b8b9a204d2582fa62,1,0,1,0
mitmengine-master,reference_fingerprints/pcaps/browsers/computer-Windows-XP-chrome-40.0,936666c0b7083e9712f47a2d191eb6f311ae355609b8774e8ed750c7eb4dff94,1,0,1,0
mitmengine-master,reference_fingerprints/pcaps/browsers/computer-Windows-XP-chrome-41.0,78f3aaaf038462f32af44d74a39bbcbdcf622c5f5c80995a3614d9eecc1ba917,1,0,1,0
mitmengine-master,reference_fingerprints/pcaps/browsers/computer-Windows-XP-chrome-42.0,9afcd6fc3ea04a0c099f797b0a30a150f2f6e6db564d2f16d4a201120fb3efb9,1,0,1,0
mitmengine-master,reference_fingerprints/pcaps/browsers/computer-Windows-XP-chrome-43.0,a7a7566da079198a6f2e23c2cf83f6988d521c30bd9d3a295299456150f13796,1,0,1,0
mitmengine-master,reference_fingerprints/pcaps/browsers/computer-Windows-XP-chrome-44.0,416a718a7be975415c8a2a3ffaf8d462cc7307d65cf32f0ff37ae1e544305acc,1,0,1,0
mitmengine-master,reference_fingerprints/pcaps/browsers/computer-Windows-XP-chrome-45.0,e07bcd1e6d73bf6d1a54fa8b8b054f0942a3669995d05c67fe3c986e00f8c0c9,1,0,1,0
mitmengine-master,reference_fingerprints/pcaps/browsers/computer-Windows-XP-chrome-46.0,8f302d7d7e3ced36f22aa7ceae6c2e8a95e242094eefebdb97ca67b67f2a8e57,1,0,1,0
mitmengine-master,reference_fingerprints/pcaps/browsers/computer-Windows-XP-chrome-47.0,8851ec1e4a967358f7c5cabfccb749115e4f3535780d2669377a61509bbee592,1,0,1,0
mitmengine-master,reference_fingerprints/pcaps/browsers/computer-Windows-XP-firefox-10.0,85ec946134a06beded7c50b508a25feee7aa0f2e75712531c180d8e410eeda82,1,0,1,0
mitmengine-master,reference_fingerprints/pcaps/browsers/computer-Windows-XP-firefox-11.0,ef13d61114c56c7d71bd844d8f20439eeaa079acabf5c49f25fa6c75c9130526,1,0,1,0
mitmengine-master,reference_fingerprints/pcaps/browsers/computer-Windows-XP-firefox-12.0,1fba7d07666417ac18012c99c1d231027677aa548b38b6769884b04f056459cf,1,0,1,0
mitmengine-master,reference_fingerprints/pcaps/browsers/computer-Windows-XP-firefox-13.0,0d7eeed0eb93c248e6080719198421a916c3381bc695766a9682e0f16c16caea,1,0,1,0
mitmengine-master,reference_fingerprints/pcaps/browsers/computer-Windows-XP-firefox-14.0,d8bfea8205455048b07ee0ad6c265a8c4967670a2e05e178a68608ac905f9ebd,1,0,1,0
mitmengine-master,reference_fingerprints/pcaps/browsers/computer-Windows-XP-firefox-15.0,ed1fc3cbe58f468ebe08bf131e480779f09182b478b588bdd68ca9e08f0167cc,1,0,1,0
mitmengine-master,reference_fingerprints/pcaps/browsers/computer-Windows-XP-firefox-16.0,d236e8a18bcb45494d1b2641bc20c6c71f4eaf09ce7e7c0c2944e729535a1f08,1,0,1,0
mitmengine-master,reference_fingerprints/pcaps/browsers/computer-Windows-XP-firefox-17.0,cabdb64e5060a56d582605d451f5689ae2156080417a504d655ec9991ab9d771,1,0,1,0
mitmengine-master,reference_fingerprints/pcaps/browsers/computer-Windows-XP-firefox-18.0,144f68436c2415a80f98d2caa094d89aeeba1727c5d121aa47d997c6a1dcb4d6,1,0,1,0
mitmengine-master,reference_fingerprints/pcaps/browsers/computer-Windows-XP-firefox-19.0,75e91f232756171bc32fb15a1225f98b556aa539f3967d0b876a30619d6e2716,1,0,1,0
mitmengine-master,reference_fingerprints/pcaps/browsers/computer-Windows-XP-firefox-20.0,f4637fe38accb8df689a622b1ba75844dbb412ed7048a43e0aa94bcef5bfcc72,1,0,1,0
mitmengine-master,reference_fingerprints/pcaps/browsers/computer-Windows-XP-firefox-21.0,22422148fdf5216018e63dc04541a33c7ba4ec696bb189a7620f9d4dbdad90e4,1,0,1,0
mitmengine-master,reference_fingerprints/pcaps/browsers/computer-Windows-XP-firefox-22.0,670a9f17094c6bf9e7db82db1c40c43015174fff3781ef593364c97da46023ea,1,0,1,0
mitmengine-master,reference_fingerprints/pcaps/browsers/computer-Windows-XP-firefox-23.0,64023c65755631a1dd1ea8aa7ccc33bca9dfb139ef067366edb9dc1498f1d21c,1,0,1,0
mitmengine-master,reference_fingerprints/pcaps/browsers/computer-Windows-XP-firefox-24.0,3d3111080e85ec21cf855e4cf64ca25d586dcdfb8698ba8a047ebe2b27ca6c5c,1,0,1,0
mitmengine-master,reference_fingerprints/pcaps/browsers/computer-Windows-XP-firefox-25.0,6df0ff9114a58af32b3d79823687538b7972e1302b90599a140bd87bbb5e47ef,1,0,1,0
mitmengine-master,reference_fingerprints/pcaps/browsers/computer-Windows-XP-firefox-26.0,66caab98f76ac69abe46639096fcd43a29da14a2cb082b9d5909fd1ecdc16eed,1,0,1,0
mitmengine-master,reference_fingerprints/pcaps/browsers/computer-Windows-XP-firefox-27.0,3e569ff46fad649cca0310a841afaa3d8cfe351ce94ec509c3f37d85c2b98e62,1,0,1,0
mitmengine-master,reference_fingerprints/pcaps/browsers/computer-Windows-XP-firefox-28.0,5e7704ed80037e14f5d90107a73dde70e0ebd02158bb8cbb0366dfa19fa8f145,1,0,1,0
mitmengine-master,reference_fingerprints/pcaps/browsers/computer-Windows-XP-firefox-29.0,6b8936c349c7a872d62c5b1c89a2318463f5448bfa71d85b61d7758960f0d9df,1,0,1,0
mitmengine-master,reference_fingerprints/pcaps/browsers/computer-Windows-XP-firefox-3.6,9c8b6e9760656e0b66616529da3ce803d2643c71876867b157fdf7c1bb6f706a,1,0,1,0
mitmengine-master,reference_fingerprints/pcaps/browsers/computer-Windows-XP-firefox-30.0,8a83e8243a4a67033fb530feb7938080b5c27b24ac5df545724996c42618ccd3,1,0,1,0
mitmengine-master,reference_fingerprints/pcaps/browsers/computer-Windows-XP-firefox-31.0,78303d2422a5ddd74ef615e65a1bf7afe53b42ded5452a82c2db0b71578aa021,1,0,1,0
mitmengine-master,reference_fingerprints/pcaps/browsers/computer-Windows-XP-firefox-32.0,627402e0c0853c5aef49cbdd75f52f0996f884d545d171367e5b62d5771ebdcb,1,0,1,0
mitmengine-master,reference_fingerprints/pcaps/browsers/computer-Windows-XP-firefox-33.0,c38a8c7f85bd2383dc8ff2e257cb00083bda62aba5024aaab2943199b7f087fd,1,0,1,0
mitmengine-master,reference_fingerprints/pcaps/browsers/computer-Windows-XP-firefox-34.0,a79b9d3bfd978c7b2925977e700f389723231355049f3fce2972ee197e17fc37,1,0,1,0
mitmengine-master,reference_fingerprints/pcaps/browsers/computer-Windows-XP-firefox-35.0,77f97b80bf0e8410f6388a3d3bca8aca904ac74e88ea1e2467c25ff4f446bed9,1,0,1,0
mitmengine-master,reference_fingerprints/pcaps/browsers/computer-Windows-XP-firefox-36.0,bf0a12193169df6e92476ee73f091ce302a40bf178c1ac1f36767536624b834f,1,0,1,0
mitmengine-master,reference_fingerprints/pcaps/browsers/computer-Windows-XP-firefox-37.0,8fa203abfc1f96c25cdd32a27c027fba26d1625d8d3413cc3724ab4635ad9b7a,1,0,1,0
mitmengine-master,reference_fingerprints/pcaps/browsers/computer-Windows-XP-firefox-38.0,6f89ed77ff677df3d0a34b9e3df03936c4f6bbe958d023ed7dab6f3db75474bd,1,0,1,0
mitmengine-master,reference_fingerprints/pcaps/browsers/computer-Windows-XP-firefox-4.0,5b14687ef92cfb12a17eb29ac5275a0c46201e06ff82a95b1dd0b9809955b281,1,0,1,0
mitmengine-master,reference_fingerprints/pcaps/browsers/computer-Windows-XP-firefox-40.0,044fcb6614dbdab1e564a7864e3ced8ed1785025c91bb297ea7a87255cc85050,1,0,1,0
mitmengine-master,reference_fingerprints/pcaps/browsers/computer-Windows-XP-firefox-41.0,aa66f13b2977643d6904afbf237462e8529084c995f4596480700036d53bf671,1,0,1,0
mitmengine-master,reference_fingerprints/pcaps/browsers/computer-Windows-XP-firefox-42.0,ec859ce82e88c2680cbb875a8f1bde533729549be9fd6959c34507a061d1d9fc,1,0,1,0
mitmengine-master,reference_fingerprints/pcaps/browsers/computer-Windows-XP-firefox-43.0,b98ff176e962941e963074a4e23fe491b492967d92786549aa1dc44e9c4253aa,1,0,1,0
mitmengine-master,reference_fingerprints/pcaps/browsers/computer-Windows-XP-firefox-5.0,a5f0d4f81485d5da42eefac73a97e9b8642b480b34d90497535cc5a1ba911ebc,1,0,1,0
mitmengine-master,reference_fingerprints/pcaps/browsers/computer-Windows-XP-firefox-6.0,bec08a49296c5ab91b036e0ad558842e67b4cfe8391bf439f304f879b73d2b6f,1,0,1,0
mitmengine-master,reference_fingerprints/pcaps/browsers/computer-Windows-XP-firefox-7.0,8ff886986f91769f2723c97143718c41631bc8e79ba37f117f2b3bac5a26aafb,1,0,1,0
mitmengine-master,reference_fingerprints/pcaps/browsers/computer-Windows-XP-firefox-8.0,5eed83500f62afe816cabca15d859b958ba58469209ea5f7905e5036fd718463,1,0,1,0
mitmengine-master,reference_fingerprints/pcaps/browsers/computer-Windows-XP-firefox-9.0,26704136aee9b7aa6520166c1936edcc1ebf8a918108741e955a58929517a876,1,0,1,0
mitmengine-master,reference_fingerprints/pcaps/browsers/computer-Windows-XP-ie-6.0,9828ddabec3681b148b27fd38e21304c481d49e65c6f1b1fc749c3beb4569f6a,1,0,1,0
mitmengine-master,reference_fingerprints/pcaps/browsers/computer-Windows-XP-ie-7.0,7c20207587516c5189c29cce78a8ca829217c4e217b36b02ba395e6d95e9f3bb,1,0,1,0
mitmengine-master,reference_fingerprints/pcaps/browsers/computer-Windows-XP-opera-12.15,bdc3eaa49f52fa5a665a04aec7fc42f7536e8b0d0d9c4c9b5a9a1aef05db7c0d,1,0,1,0
mitmengine-master,reference_fingerprints/pcaps/browsers/computer-Windows-XP-opera-12.16,20bdf30af0a664d4c7fe74de37b04b8e5c0a263a97fa25373cfce3bbca1e6e88,1,0,1,0
mitmengine-master,reference_fingerprints/pcaps/browsers/iPad_3rd-ios-5.1-ipad-unk,94c0062300955bdc2f7739ff88edf9df86b195ba277892431d5fff74c2a9d74d,1,0,1,0
mitmengine-master,reference_fingerprints/pcaps/browsers/iPad_4th-ios-7.0-ipad-unk,1877a46ee93de565cf4b2ab1be5ac525e3a7d30ad57ace5c6e343d1a0ba7fcba,1,0,1,0
mitmengine-master,reference_fingerprints/pcaps/browsers/iPad_Air-ios-8.3-ipad-unk,587ede4806367294d06e1c1299273cac8da03771fc4114c44a9ad045a19bd8de,1,0,1,0
mitmengine-master,reference_fingerprints/pcaps/browsers/iPad_Air_2-ios-9.1-ipad-unk,95db1a12da2f9d9e602b7daa186179232bffe2b74c2b1eee0461738bd0f10a34,1,0,1,0
mitmengine-master,reference_fingerprints/pcaps/browsers/iPad_Mini-ios-7.0-ipad-unk,88b406226930eb69145862e8d1010241df62c04ae4969f90c84ff7276d2984b9,1,0,1,0
mitmengine-master,reference_fingerprints/pcaps/browsers/iPad_Mini_2-ios-8.3-ipad-unk,cf935840e183c8342ee2db80500da715672fb4fbc2b5f9996107c24c8999d22e,1,0,1,0
mitmengine-master,reference_fingerprints/pcaps/browsers/iPad_Mini_4-ios-9.1-ipad-unk,bfbb62ace43583efacb8b9efa640c7c3760bcc82152c46f26e6f90c83b475eaa,1,0,1,0
mitmengine-master,reference_fingerprints/pcaps/browsers/iPad_Pro-ios-9.1-ipad-unk,b78ec822f96129eef0e6ba82e6f24eb4f3a1ced16b9a02e94725b1be6d70ab63,1,0,1,0
mitmengine-master,reference_fingerprints/pcaps/browsers/iPhone_4S-ios-5.1-iphone-unk,bef2439671eb4624e7922273834e206b6fd15cfeb586494b4b104be55e03e3aa,1,0,1,0
mitmengine-master,reference_fingerprints/pcaps/browsers/iPhone_5-ios-6.0-iphone-unk,8ae6de1596213098485c441783629a3260a854d41ac8f239835e186590bce822,1,0,1,0
mitmengine-master,reference_fingerprints/pcaps/browsers/iPhone_5S-ios-7.0-iphone-unk,4a2ec198973d53bfcc14fa907d27860d24a940cf89946adc1390cf2fca79adcb,1,0,1,0
mitmengine-master,reference_fingerprints/pcaps/browsers/iPhone_6-ios-8.3-iphone-unk,92aaecf51edc22015c94c7991096f132786deb9ae047670f57c0bd5ae6629816,1,0,1,0
mitmengine-master,reference_fingerprints/pcaps/browsers/iPhone_6S-ios-9.1-iphone-unk,057434ed20a18e29f92bca2619f74f258d64284e2a0a2b587e97eab1e55f3499,1,0,1,0
mitmengine-master,reference_fingerprints/pcaps/browsers/iPhone_6S_Plus-ios-9.1-iphone-unk,07d977d0d2e6aa416cb55adc55af2f6eb86babd5b570f71f128dfcbbd2eb8c8c,1,0,1,0
mitmengine-master,reference_fingerprints/pcaps/browsers/iPhone_6_Plus-ios-8.3-iphone-unk,2e8f722e583f3a5f05b442be68b156c3c13662940b2f59a404ae368e5d79d53b,1,0,1,0
mitmengine-master,reference_fingerprints/pcaps/gnutls,319cef24b05c4034258daec3c49b9aaff6c48172ab45efe8a32c0d8485754e5e,0,2,3,0
mitmengine-master,reference_fingerprints/pcaps/gnutls/gnutls-2.12.23,d60a6f5c2c2895e769c1d1670c143893b4e1244cac8c90e0af4a77e85d6672aa,1,0,1,0
mitmengine-master,reference_fingerprints/pcaps/gnutls/gnutls-3.4.9,638c4cc6b19565eae5bf02d36ac65d7d06e6123523bf817f690048cc1b7ed9d2,2,0,2,0
mitmengine-master,reference_fingerprints/pcaps/middleboxes,c30f19e1ecae702c3ff6a1695b9182e4958ab971d23bce541a2fc765af9719d9,0,22,52,0
mitmengine-master,reference_fingerprints/pcaps/middleboxes/Sophos-Win-7-Chrome-47.0.256.111m,adda8a9d1efde415c3d6bc5123f04ecb6a31de7f07eec77a6e4e7201bc084142,1,0,1,0
mitmengine-master,reference_fingerprints/pcaps/middleboxes/Sophos-Win-7-Firefox-43.0.4,c81bfad63ef2c09198367387c26107d12c3128b33e530d12023a887fbfc9592d,1,0,1,0
mitmengine-master,reference_fingerprints/pcaps/middleboxes/Sophos-Win-7-IE-11,955f60028b67688ccfd8adc1ca8021b739528efe2f1cbc2c780d085a424516c5,1,0,1,0
mitmengine-master,reference_fingerprints/pcaps/middleboxes/SophosTagged-Win-7-IE-11,6871ce02d5003a1cbfd7d80ae6251a025754ec5f787e6d8a3189f594ed7015a7,1,0,1,0
mitmengine-master,reference_fingerprints/pcaps/middleboxes/SophosTagged2-Win-7-IE-11,b1aa99baae8b345891e112b86ea5886cc8287b9417dbc916eddfcf312ab518ce,1,0,1,0
mitmengine-master,reference_fingerprints/pcaps/middleboxes/barracuda,4c23daf6da6ed647f1c5dec90947ce3de0dab5c6462f3c5ccc29484664f752ca,0,2,5,0
mitmengine-master,reference_fingerprints/pcaps/middleboxes/barracuda/barracuda-chrome48,956257f3dcb83efa435e40828680211d597439e90473882086dbf7e3bfdb9a77,3,0,3,0
mitmengine-master,reference_fingerprints/pcaps/middleboxes/barracuda/barracuda-ie11,9b42398e798f7765536c1cdf92cec6a6cb6c57677563aedb1ad1404f85b77376,2,0,2,0
mitmengine-master,reference_fingerprints/pcaps/middleboxes/cisco-wsa,7660413488993f31acce05cb09fa9d1824dcc37b78e1d39c0987f8f4ef8e69e7,0,2,6,0
mitmengine-master,reference_fingerprints/pcaps/middleboxes/cisco-wsa/ciscoWSA-chrome48,b8dad70a2faa28915a7c8f9abf0a44a917e43ca269b260cdef9df4a60c7508c4,3,0,3,0
mitmengine-master,reference_fingerprints/pcaps/middleboxes/cisco-wsa/ciscoWSA-ie11,c783dfb73100309793c4d6b1226d603346a3158752b1a8a04978e119cce702ae,3,0,3,0
mitmengine-master,reference_fingerprints/pcaps/middleboxes/force-point,c5f567ede04f45e3416c8f10203ff0503ac6e2cde5b90e7150fdd824a78ec0ff,0,3,12,0
mitmengine-master,reference_fingerprints/pcaps/middleboxes/force-point/forcepoint-chrome48,c1209385df85710ddbd73b27e9a2e25e01d839afe7967d8c1b160331f5c14dd3,3,0,3,0
mitmengine-master,reference_fingerprints/pcaps/middleboxes/force-point/forcepoint-ie11,783c5a1d5cf7b71d4210c3c98ba728d1493ef94421cd3fb6003e4a341ac16f3b,3,0,3,0
mitmengine-master,reference_fingerprints/pcaps/middleboxes/force-point/round1,686e4e63a6728a6fcd5f106bf759708f6a8793815a74fa1b482c414cca0095f4,0,2,6,0
mitmengine-master,reference_fingerprints/pcaps/middleboxes/force-point/round1/forcepoint-chrome48,746dfc1b14eaeccf12c59eddaf5c8b7eb040f803b097217e27ccfe365aed3e11,3,0,3,0
mitmengine-master,reference_fingerprints/pcaps/middleboxes/force-point/round1/forcepoint-ie11,01b046864a046491552f0b35a759ca99a5c9a275a334177a88e463960f59e5c8,3,0,3,0
mitmengine-master,reference_fingerprints/pcaps/middleboxes/fortigate,5d500b0c4e4c7909f417ab426ddd4c7394da5de98adb7a4aea3a58ed038aaade,1,0,1,0
mitmengine-master,reference_fingerprints/pcaps/middleboxes/fortigate-ie,d84757f6a2beb39cd5a83e88d7ff7921d20fdbc193158b74c184a3bd349a5c26,1,0,1,0
mitmengine-master,reference_fingerprints/pcaps/middleboxes/fortinet-chrome-mac,8e0a4cb45793e3aa6167de86d98b57051e1640581cf33a06d8ccfef78af18328,1,0,1,0
mitmengine-master,reference_fingerprints/pcaps/middleboxes/juniper-vsrx,85cd0f4c14a0bdbaaa61e198840bf32aa9e012fabcd978630880c5c677e6f6d0,0,2,6,0
mitmengine-master,reference_fingerprints/pcaps/middleboxes/juniper-vsrx-medium,e6168b647b054f950be06022811719e7c63ff7d2105f1882acd810de97028802,1,0,1,0
mitmengine-master,reference_fingerprints/pcaps/middleboxes/juniper-vsrx-strong,52e455670b82ea9ec1f1a0dc328398f75497597c10e155251023a4793b6faee3,1,0,1,0
mitmengine-master,reference_fingerprints/pcaps/middleboxes/juniper-vsrx-weak,a06c23628836e7b3890e610aa7b4a716f35a7720778a0e9f272897b041e25890,1,0,1,0
mitmengine-master,reference_fingerprints/pcaps/middleboxes/juniper-vsrx/juniper-vsrx-chrome49,136bd95f1cfd6a328e0ad2b709d39da03c47c9f56aec2d2bb7693694921886ec,3,0,3,0
mitmengine-master,reference_fingerprints/pcaps/middleboxes/juniper-vsrx/juniper-vsrx-ie11,b0e55c74e1a90810a8589ef30b2cc1f229b383c4f6a92b2b331e33aa55028838,3,0,3,0
mitmengine-master,reference_fingerprints/pcaps/middleboxes/ms-threat_management_gateway,0c09060c0cb55e6800e2777957c07fda44f36a898914686df60df1782da7ce80,0,2,6,0
mitmengine-master,reference_fingerprints/pcaps/middleboxes/ms-threat_management_gateway/tmg-chrome48,0099722e0170aa6b6462a5ff35d9f6c7a053972d5ca93ff3bd602099d1a1058f,3,0,3,0
mitmengine-master,reference_fingerprints/pcaps/middleboxes/ms-threat_management_gateway/tmg-ie11,75e1c5323a1e66e1b2ed5e3afa2e75c47f058c2e20eb9c2c624ad6c5d9e292ab,3,0,3,0
mitmengine-master,reference_fingerprints/pcaps/middleboxes/windows-7-untangle-12.0.0-chrome-50,9cc3c238ecfea3a2c00b052eef1d2ad472ac91a690deddc16249f27935d0908c,1,0,1,0
mitmengine-master,reference_fingerprints/pcaps/middleboxes/windows-7-untangle-12.0.0-firefox-45,26000cf6b62047ce0a5b3d76be341cfadc3939ce5ab1c4fa502d7cc885e03cf9,1,0,1,0
mitmengine-master,reference_fingerprints/pcaps/middleboxes/windows-7-untangle-12.0.0-ie-8,949969a51603286a9e9b664a193f92a9d353f2de673e3c6f9bf7ee96cfb01653,1,0,1,0
mitmengine-master,reference_fingerprints/pcaps/middleboxes/windows-7-untangle-chrome-48,739cffacf86e42804762ab36e899eb43c062e39fa3a3875739a02e5e4d76a11f,1,0,1,0
mitmengine-master,reference_fingerprints/pcaps/middleboxes/windows-7-untangle-firefox-44,ed67b9ba097b084505963d6b13a716a2c3ffcf4c329736304f4521d99a41f2e2,1,0,1,0
mitmengine-master,reference_fingerprints/pcaps/middleboxes/windows-7-untangle-ie-11,a3194a07edf1630aeee63b8f2f60ec3ad79c837a415700f6d4a0e752d4a4b437,1,0,1,0
mitmengine-master,reference_fingerprints/pcaps/misc,9698c53e1488be3c92d81efa497a2d9986e50c6bf02cabb75af90c2610f4c919,0,250,280,0
mitmengine-master,reference_fingerprints/pcaps/misc/Sophos-Win-7-Chrome-47.0.256.111m,2848e080da40e910444a35ec5df4fabefc66ea0c42d8b051531acd9ac43b8aa4,1,0,1,0
mitmengine-master,reference_fingerprints/pcaps/misc/Sophos-Win-7-Firefox-43.0.4,d3c6286e93108c19421cd67e841f0195aab3a38265c32acf6cabe88d84444cc9,1,0,1,0
mitmengine-master,reference_fingerprints/pcaps/misc/Sophos-Win-7-IE-11,ee333a35f374f3a408d660052b94ba0848e589f48eab1a30d313e4589a50df85,1,0,1,0
mitmengine-master,reference_fingerprints/pcaps/misc/SophosTagged-Win-7-IE-11,cf6b630d81757240325d26955231a8ab52744cf958b2d936df2f4f891cedc625,1,0,1,0
mitmengine-master,reference_fingerprints/pcaps/misc/SophosTagged2-Win-7-IE-11,9cac3527232d776553a5c2c213c5e74d4fa4ebb6f9f1c607b691e10d366fcf4f,1,0,1,0
mitmengine-master,reference_fingerprints/pcaps/misc/ahnlabs-ie-8,dbd1bfbd873305dcaf52da066a7f65a6ea859a6f745c5b0b820038db126b9eb8,1,0,1,0
mitmengine-master,reference_fingerprints/pcaps/misc/ahnlabs-ie-8-2,555a1ad16eb1271835221ebec7629fadddb8ba1da0d9479580b4ea9741884a30,1,0,1,0
mitmengine-master,reference_fingerprints/pcaps/misc/avast-11-firefox,3a0a846e2d923ecbfff5e59e4531e19b0c68045294af17208cea36837e0d3bd5,1,0,1,0
mitmengine-master,reference_fingerprints/pcaps/misc/avast-11-ie8,3efa5769dd49379dedaaa3b4ff3449792be44f5bb5b3b6b4d9fbb1c970c91cdd,1,0,1,0
mitmengine-master,reference_fingerprints/pcaps/misc/avast-9-firefox,66a6b122a342dbfd0adff890116149934431e65b2b7399d8298fd4c4b1d8ef42,1,0,1,0
mitmengine-master,reference_fingerprints/pcaps/misc/avira-firefox,e34172ac47ca87ae64e01d506e2ffd21f77c4d6c042393071e5cf80a99b6dcb3,1,0,1,0
mitmengine-master,reference_fingerprints/pcaps/misc/barracuda,5e5726f938f848ceee06e51db4dfdaca9c5e8d85fddab394840a6130d11f4f2d,4,0,4,0
mitmengine-master,reference_fingerprints/pcaps/misc/bitdefender-firefox,41c108164dd5e05fa6253961a5e652c3653360985192da10fce157e69080f6ec,1,0,1,0
mitmengine-master,reference_fingerprints/pcaps/misc/blu-android-2.3-android-unk,f864e86848eb076f7b9511e495b134a8c428c350fb44259ff8818023ceee2a12,1,0,1,0
mitmengine-master,reference_fingerprints/pcaps/misc/bullguard-chrome,7f3852a71ee7414bc3d942816cf9ec2cb587024863e5847f0d36545e5a7e534f,1,0,1,0
mitmengine-master,reference_fingerprints/pcaps/misc/bullguard-firefox,a094589d82b40b9db074d62f2d4215a06ca41f5cbc6a0a5f0f46c8f4d164d4b1,1,0,1,0
mitmengine-master,reference_fingerprints/pcaps/misc/bullguard-ie,934919dd077ceda11c5a693348cb411aca8f5270c7e7a63481e136c2f3221cec,1,0,1,0
mitmengine-master,reference_fingerprints/pcaps/misc/cisco-wsa,68d1d32e02d8fa1e6a86908181a3bf5ff43c92ec1fd03c03ccb647ff2b885db3,4,0,4,0
mitmengine-master,reference_fingerprints/pcaps/misc/citrix-vpx,ea1d880ef88d1f5b3fc0792c2d46813922eb0ae1ce8aff5e700080c0868be1fb,2,0,2,0
mitmengine-master,reference_fingerprints/pcaps/misc/computer-windows-7-ie-10,8ed8e3005097a39038d99ab4fbdedaa3508b6b57771257bd0875d242d6b97fef,1,0,1,0
mitmengine-master,reference_fingerprints/pcaps/misc/computer-windows-7-ie-8,c3e675e885fb12eafdb79ec582baaa5ebd7277c44dbc11503c0003d6c7b07883,1,0,1,0
mitmengine-master,reference_fingerprints/pcaps/misc/computer-windows-7-ie-9,589e9684d15c58ad3258b353b4dd9b6d8a2bd2c605393d5fdc07c04651aa6bb5,1,0,1,0
mitmengine-master,reference_fingerprints/pcaps/misc/computer-windows-vista-ie-7,a63c4804f30bf7f7cb65a8e6941e6520d2ad36e3e1c20c5eecbe90a8d83a0a21,1,0,1,0
mitmengine-master,reference_fingerprints/pcaps/misc/computer-windows-vista-ie-8,5f10cc6a0c3de7b036fba4833e7e02cfafd00c2ffff6f705973f05d8f83201a8,1,0,1,0
mitmengine-master,reference_fingerprints/pcaps/misc/computer-windows-vista-ie-9,678a6947a236beaf813df117fd42779cd0eef2b8fc532d2c1ec77748f58971cf,1,0,1,0
mitmengine-master,reference_fingerprints/pcaps/misc/computer-windows-xp-ie-8,9fb74a66b63f96dac6f44addecd9341a5905a7e5189d51375f83d3372ed9ea62,1,0,1,0
mitmengine-master,reference_fingerprints/pcaps/misc/easy-hide-ip,530d327dc9cab4ef077c4ec48cc7cd7cd000afdb07d9f029b4fc4e243cc0150a,1,0,1,0
mitmengine-master,reference_fingerprints/pcaps/misc/ewust-windowsxp-chrome,f21cd968737d750ac42f7d5ba5e7030b059ddfce34d19f114d78d02416159c3d,1,0,1,0
mitmengine-master,reference_fingerprints/pcaps/misc/ewust-windowsxp-chrome2,7d12f2dd7acb33cdc27b5a6348bd8d344b57b3fb6c47099e143deed615843080,1,0,1,0
mitmengine-master,reference_fingerprints/pcaps/misc/ewust-windowsxp-chrome3,16844e92f18308de6148cf0e1f891bedeb68ba38746b1ac42a6a140641c7b5b8,1,0,1,0
mitmengine-master,reference_fingerprints/pcaps/misc/firefox-44,4cbedff1a13f8036868be8b2837e014d6dbf596a3ba0f64c5a548348f23bf944,1,0,1,0
mitmengine-master,reference_fingerprints/pcaps/misc/firefox-45,0400b16f1421a0071230387454e5886904e11175fcf93cca98e1e92731842f96,1,0,1,0
mitmengine-master,reference_fingerprints/pcaps/misc/firefox-46,9a1476c1d20446450179dc092cb2811a4100f443c9c6989c4e7eb428c7985f73,1,0,1,0
mitmengine-master,reference_fingerprints/pcaps/misc/firefox-mozilla,68064fdb20209764c0c8835aadf6491a12cfac976e5cd494aa56def963e1a0b5,1,0,1,0
mitmengine-master,reference_fingerprints/pcaps/misc/force-point,1a4f6bbebfedf3edc1c626b920d1087e2ce570d454d0818877a53ef2a9de8778,4,1,8,0
mitmengine-master,reference_fingerprints/pcaps/misc/force-point/round1,fc58773f01731e7803c55de47219bda1bb503c449b08dd4294d029fe3ef02efd,4,0,4,0
mitmengine-master,reference_fingerprints/pcaps/misc/fortigate,acb2b5ee80514e10a2eb49a361a87b5a697c1feedccd11799df6482bf783925b,2,0,2,0
mitmengine-master,reference_fingerprints/pcaps/misc/fortigate-ie,d6091f3d61a483e066a54187eb58fa95f0d8dc237ceb3bfcc33cd45bc7456cb4,1,0,1,0
mitmengine-master,reference_fingerprints/pcaps/misc/fortinet-chrome-mac,56b9d6fadbfee302d69b30bf1c994ef9fce27e4118667a454cf12f3ec941965c,1,0,1,0
mitmengine-master,reference_fingerprints/pcaps/misc/gnutls-3.4.9,b5799d39771f00fff7c4fb7356d6756d7ea559b5ee423569a24ded903282c636,2,0,2,0
mitmengine-master,reference_fingerprints/pcaps/misc/ios5,2277ed58cc001c96347a3df55f21f78a8ca514da47bfcf711b4d3047178a61c6,1,0,1,0
mitmengine-master,reference_fingerprints/pcaps/misc/ios6,9e713e5a79afc017f5630ad5f0a461dde52c646f27ba3f0af2443b103ae41a96,1,0,1,0
mitmengine-master,reference_fingerprints/pcaps/misc/ios7,577af1087b8f227f642ae3c9008e31e01025970d6c1ff7cf316c3c545c77da0f,1,0,1,0
mitmengine-master,reference_fingerprints/pcaps/misc/ios8,99f03b533492fc74bbac4367eba405320955d34d4ed38c349201458e86d7e825,1,0,1,0
mitmengine-master,reference_fingerprints/pcaps/misc/iphone6-iOS-9-chrome-47,340d95a88a2b8eb90f81433cc6fbc3c4ca147cb495043edd4bc6b0fa19f32fca,1,0,1,0
mitmengine-master,reference_fingerprints/pcaps/misc/iphone6-iOS-9-firefox-1.4,2c5815abeefa841bb1217220f711c92c8372b71d0a0def8c55bb64a71a3e0081,1,0,1,0
mitmengine-master,reference_fingerprints/pcaps/misc/iphone6-iOS-9-safari-9,91572fd2b64fc1279d52e230a185ad435e45924ee0ed4aebce413c4eb0a8e4fc,1,0,1,0
mitmengine-master,reference_fingerprints/pcaps/misc/juniper-vsrx,f66ba48f42264d44d927da7f40fd36d1968df76ca3a9078fe08adf0eea142e71,4,0,4,0
mitmengine-master,reference_fingerprints/pcaps/misc/juniper-vsrx-medium,e92a0780c54eca80187659bbce0dbccf4648c26b26839313e380c1832d441c9f,1,0,1,0
mitmengine-master,reference_fingerprints/pcaps/misc/juniper-vsrx-strong,3aa04cb3bd3617c69ef7bd011e17ea73613a8603d7397599ef312756ab8b80f5,1,0,1,0
mitmengine-master,reference_fingerprints/pcaps/misc/juniper-vsrx-weak,e1df1149f18b2107830ca7afaac4a0eb3811d1da61b7c3f9b1f5238fac4f49a7,1,0,1,0
mitmengine-master,reference_fingerprints/pcaps/misc/keep-my-family-secure,07a0d302bfb9c583e0cfb691c1e41990da0776237ffeceb204883d8b580188a6,1,0,1,0
mitmengine-master,reference_fingerprints/pcaps/misc/mac-10.11.4-360totalsecurity-1.1.2-chrome-49,27ee6f5a7e3f82cb4519c35a32ca8520a936394b98a100b15ca48107bcf54ffc,1,0,1,0
mitmengine-master,reference_fingerprints/pcaps/misc/mac-10.11.4-360totalsecurity-1.1.2-firefox-45,57323debc0a396a83a7b5f126f7f735d6a9e3cf65c6da8ae012b2b37fe4e4b1a,1,0,1,0
mitmengine-master,reference_fingerprints/pcaps/misc/mac-10.11.4-360totalsecurity-1.1.2-safari-9.1,72e910d549dd1ce01763310f28dc275b57c3170a1c2fe1dd8b9115fa32b78e75,1,0,1,0
mitmengine-master,reference_fingerprints/pcaps/misc/mac-10.11.4-avast-11.7-chrome-49,1d5cc381cd3a7063de0bfec7fbcd2f926bf94cc32ae26eb4cfddf5cc18546039,1,0,1,0
mitmengine-master,reference_fingerprints/pcaps/misc/mac-10.11.4-avast-11.7-firefox-45,414a4c928d491201877438fce38d2bec105d35a539a64f05f166f52c461ee185,1,0,1,0
mitmengine-master,reference_fingerprints/pcaps/misc/mac-10.11.4-avast-11.7-safari-9.1,3940adb871de20810e0601d53bfaf383676530f41221f2dadf011ccba7bb0476,1,0,1,0
mitmengine-master,reference_fingerprints/pcaps/misc/mac-10.11.4-avg-2015-chrome-49,69732397f16d2fea7ffa00a5ba0adae9b79c00ec1f3a5fadc9ec4a5b5ab5826a,1,0,1,0
mitmengine-master,reference_fingerprints/pcaps/misc/mac-10.11.4-avg-2015-firefox-45,8b029f0f04b747aecea380bdaf0c440696990fb1bef7c60491de4f16dc1924a3,1,0,1,0
mitmengine-master,reference_fingerprints/pcaps/misc/mac-10.11.4-avg-2015-safari-9.1,15bc7de39c432b566af37704c743858168bee89afbc63246dc816b7964028980,1,0,1,0
mitmengine-master,reference_fingerprints/pcaps/misc/mac-10.11.4-avira-3.2.5.5-chrome-49,1a92e4fc299e1986ec5c494c8465ce9231684ac26f63fc481550bfcc2e312101,1,0,1,0
mitmengine-master,reference_fingerprints/pcaps/misc/mac-10.11.4-avira-3.2.5.5-firefox-45,7b1db59e75d213577f2e37080e0871acf6ed613343ac59500392a19de1e16a8c,1,0,1,0
mitmengine-master,reference_fingerprints/pcaps/misc/mac-10.11.4-avira-3.2.5.5-safari-9.1,a723ce7c4397d409ff15e03a1e3509773bd12c243bb3dbe42a021a5885526446,1,0,1,0
mitmengine-master,reference_fingerprints/pcaps/misc/mac-10.11.4-bitdefender-4.0.3-mac-2016-chrome-49,2e49a43f7ae3d93391947716d99a07f6661474b6aa75d6dd6f791697d1d26485,1,0,1,0
mitmengine-master,reference_fingerprints/pcaps/misc/mac-10.11.4-bitdefender-4.0.3-mac-2016-firefox-45,2f44252e1657326a42447cfd7b709431a3c4bbde468e2d45058141c34c574190,1,0,1,0
mitmengine-master,reference_fingerprints/pcaps/misc/mac-10.11.4-bitdefender-4.0.3-mac-2016-safari-9.1,150aa7996154cd58a5b49dbd422c70efd3308a143fb03a94c585885cf6f19f3f,1,0,1,0
mitmengine-master,reference_fingerprints/pcaps/misc/mac-10.11.4-comodo-2.2.2.4-chrome-49,d969ba74ca3b315ec48a0e68fef03ffd6597e236600b4da246d936de9183c889,1,0,1,0
mitmengine-master,reference_fingerprints/pcaps/misc/mac-10.11.4-comodo-2.2.2.4-firefox-45,4f407ff9bf50f82581caf2fe6203453574f8aed92ac9b1bb08939c036afee5d2,1,0,1,0
mitmengine-master,reference_fingerprints/pcaps/misc/mac-10.11.4-comodo-2.2.2.4-safari-9.1,4c0596e32ddae698876c8979e68caf0ab137c6c9587eb3ddc80c3133e98c175a,1,0,1,0
mitmengine-master,reference_fingerprints/pcaps/misc/mac-10.11.4-dr-safety-1.2.0-chrome-49,ee223417ded387d6bf1e28c1144fa805b4fe6aa4a917f1c69dd0adc9ec922878,1,0,1,0
mitmengine-master,reference_fingerprints/pcaps/misc/mac-10.11.4-dr-safety-1.2.0-firefox-45,294dde5997f0e6ebe41c85affc128d7b6cc4fd4a9fff0bbb36b32c7fb3cc0428,1,0,1,0
mitmengine-master,reference_fingerprints/pcaps/misc/mac-10.11.4-dr-safety-1.2.0-safari-9.1,182cf75cffbf27a02eee21039e6c9ce0affd08bccd923cf4ceceaca8cbec6791,1,0,1,0
mitmengine-master,reference_fingerprints/pcaps/misc/mac-10.11.4-dr-web-11.0.0-chrome-49,c6872df6cc68d281be5b7a227793c795b12aa36209539cf6b2d288378be0561d,1,0,1,0
mitmengine-master,reference_fingerprints/pcaps/misc/mac-10.11.4-dr-web-11.0.0-firefox-45,9548338c589b32cee74d5d6301ad7aa28890def06db92e18af185849ca670464,1,0,1,0
mitmengine-master,reference_fingerprints/pcaps/misc/mac-10.11.4-dr-web-11.0.0-safari-9.1,4a85334999957bc331795ee6a242145d44ca9b359b001a9d1e7e922c913d161c,1,0,1,0
mitmengine-master,reference_fingerprints/pcaps/misc/mac-10.11.4-eset-6.1.12-chrome-49,d3c752da416aee10056454ff01a94b0deb9fc7194985b81ec73c6ea3b64ba412,1,0,1,0
mitmengine-master,reference_fingerprints/pcaps/misc/mac-10.11.4-eset-6.1.12-firefox-45,3e1e9ab1ae4d1f329ce8f224218fe5729191f627a8a55655e8bf544a53c7ec93,1,0,1,0
mitmengine-master,reference_fingerprints/pcaps/misc/mac-10.11.4-eset-6.1.12-safari-9.1,0dedbd13a579c3191e140f72db31582d8b50bebb5e8158e28257b5ea8c4fa84d,1,0,1,0
mitmengine-master,reference_fingerprints/pcaps/misc/mac-10.11.4-gdata-3.1-chrome-49,3f27e11aa038bc4d1caeb163dca07fa5c7e07bdd7c4238b2da813a7de0404d10,1,0,1,0
mitmengine-master,reference_fingerprints/pcaps/misc/mac-10.11.4-gdata-3.1-firefox-45,0d98d5f09c4cbecdc9b808f549c9f867d3a979f9c8b72dfb170e8eab59bd468c,1,0,1,0
mitmengine-master,reference_fingerprints/pcaps/misc/mac-10.11.4-gdata-3.1-safari-9.1,27adb283d3aec6315681a76b1cde6c3dc5889304abb5814f0c329dd246564c71,1,0,1,0
mitmengine-master,reference_fingerprints/pcaps/misc/mac-10.11.4-kaspersky-16.0.0-chrome-49,499d0ad4b1ccb8ecedf0a904e9765cf0cc05c54157918f80e5da8191b21f731d,1,0,1,0
mitmengine-master,reference_fingerprints/pcaps/misc/mac-10.11.4-kaspersky-16.0.0-firefox-45,366460ffc0b357e975f6171d797577eda9bbc80b941b00314d9c26999795a2c1,1,0,1,0
mitmengine-master,reference_fingerprints/pcaps/misc/mac-10.11.4-kaspersky-16.0.0-safari-9.1,72b7c05bd937f635dbb0a04564fe464cc8c458753ce35a879f9ba92f7ff367b5,1,0,1,0
mitmengine-master,reference_fingerprints/pcaps/misc/mac-10.11.4-mackeeper-3.9.2-chrome-49,b0b6ce6cffacbf4d5e7ccce710074e766686b63d024eb160076426939bcba397,1,0,1,0
mitmengine-master,reference_fingerprints/pcaps/misc/mac-10.11.4-mackeeper-3.9.2-firefox-45,cbbc3e66067f6de160bb7d9defe2c4eb8f1763ee5a7145738999a1c7ac4fc39d,1,0,1,0
mitmengine-master,reference_fingerprints/pcaps/misc/mac-10.11.4-mackeeper-3.9.2-safari-9.1,853b5af3c1373b9599a803c0e6bca7ad570e3a96d87c8a8eaf665db2e0934386,1,0,1,0
mitmengine-master,reference_fingerprints/pcaps/misc/mac-10.11.4-malwarebytes-1.1.3.72-chrome-49,edd074fbf5713d8ff462a3c43b96063cd246a3a9805510811cbd634601665c26,1,0,1,0
mitmengine-master,reference_fingerprints/pcaps/misc/mac-10.11.4-malwarebytes-1.1.3.72-firefox-45,fbefa41b820a5c1002d9fd7887005f77771e5bcc1fe23ecc0e6f059746c769f3,1,0,1,0
mitmengine-master,reference_fingerprints/pcaps/misc/mac-10.11.4-malwarebytes-1.1.3.72-safari-9.1,48658010077178729226be1282c8e401bd3618fbee84e1ba0649b29bf2275a86,1,0,1,0
mitmengine-master,reference_fingerprints/pcaps/misc/mac-10.11.4-mcafee-livesafe-3.8.0-chrome-49,fd06ccfec5ab540ed57997a4b2e5251b32d3f0eb7376637ec3e0c3bcf190e1e0,1,0,1,0
mitmengine-master,reference_fingerprints/pcaps/misc/mac-10.11.4-mcafee-livesafe-3.8.0-firefox-45,309a2f5f6d6fa39f991dfab680c5e8db567d1ebac1cd552892f3813226cde6d0,1,0,1,0
mitmengine-master,reference_fingerprints/pcaps/misc/mac-10.11.4-mcafee-livesafe-3.8.0-safari-9.1,afa6ae652c5cef10acac501f3e8d9008b8d843973b080aa2fd6b10601746f226,1,0,1,0
mitmengine-master,reference_fingerprints/pcaps/misc/mac-10.11.4-net-nanny-3.1.7-chrome-49,a75d0888441a4e345743341d9752b6224d994116168e8a5aa55e8cdba70c5bf9,1,0,1,0
mitmengine-master,reference_fingerprints/pcaps/misc/mac-10.11.4-net-nanny-3.1.7-firefox-45,df0dfc0e4e29442d7c30d2714bd5435a9851b401d815cb264688e9087f6426b0,1,0,1,0
mitmengine-master,reference_fingerprints/pcaps/misc/mac-10.11.4-net-nanny-3.1.7-safari-9.1,bea7109e2deff73d26a8dfe60d7e7f4a38bff585ca4615287e163b7627df846a,1,0,1,0
mitmengine-master,reference_fingerprints/pcaps/misc/mac-10.11.4-no-av-chrome-49,3abf32f5fb4d81bba9232fb4122cb44fd8127986a7f35295568b1b9b30992643,1,0,1,0
mitmengine-master,reference_fingerprints/pcaps/misc/mac-10.11.4-no-av-firefox-45,6fb989315fe310c46df6377a0c1b1c94a40814604eed4d7668cfb78e964a021b,1,0,1,0
mitmengine-master,reference_fingerprints/pcaps/misc/mac-10.11.4-no-av-safari-9.1,c83a7994e1d919ae2f9d3722b8aba1aa81789932f7ce5e4f78edfb62885c34a3,1,0,1,0
mitmengine-master,reference_fingerprints/pcaps/misc/mac-10.11.4-sophos-9.4.2-chrome-49,c657aa7c603dadb65534388412f59e8392213f5a2ba5e48850818e07a62e2c14,1,0,1,0
mitmengine-master,reference_fingerprints/pcaps/misc/mac-10.11.4-sophos-9.4.2-firefox-45,f03d046a464a518618ceb9db9826a346c51da18b0381a0d9394ea899d6003177,1,0,1,0
mitmengine-master,reference_fingerprints/pcaps/misc/mac-10.11.4-sophos-9.4.2-safari-9.1,1a29e368c7c2005b864a5e69ba1d505b38962771f03f7c4b9da9269096d120e2,1,0,1,0
mitmengine-master,reference_fingerprints/pcaps/misc/microsoft-security-firefox,61e476daf57942521003cdd4edc57911a2c0026124697f7001de9976ab6cd0f6,1,0,1,0
mitmengine-master,reference_fingerprints/pcaps/misc/ms-threat_management_gateway,6e92e3999a4ae61e23b3d228667bdca5f78741c99ecbb28e630bddaa93d75d66,4,0,4,0
mitmengine-master,reference_fingerprints/pcaps/misc/nexus5-android-6.0.1-chrome-47.0.2526.83,485f6724a87ab9572ab4e028c615b66cc01cbbd2c24bf1f6cb2a2574f459ee67,1,0,1,0
mitmengine-master,reference_fingerprints/pcaps/misc/nexus5-android-6.0.1-firefox-41.0.2,fbae5be7dfe0e94df0a592c7f00a279d7ffe9a19b1246fe21c3cd47aeed04b5b,1,0,1,0
mitmengine-master,reference_fingerprints/pcaps/misc/no-av-firefox,b6275d3681a3cfe6a3b985e4f60f026325f83d5bde2b4aba6728bc23332485d1,1,0,1,0
mitmengine-master,reference_fingerprints/pcaps/misc/no-av-ie-8,de7a99f42297cbfe376388c4b126a6a35068ac9bd9d14dbd416e5fc147efcec1,1,0,1,0
mitmengine-master,reference_fingerprints/pcaps/misc/no-av-windows7-firefox,cc2cc1542ea3e75ccd90bef3a08b19327d91156e4bc2ed7847b19f73b9f16b1a,1,0,1,0
mitmengine-master,reference_fingerprints/pcaps/misc/no-av-windows7-ie8,daa794b746b574f8cfed7a2324d743654179a34be5d8898ad8f141a64ef3ada3,1,0,1,0
mitmengine-master,reference_fingerprints/pcaps/misc/openssl-1_0_0b,83a6ec0cacb92f9acc9c5cea0d7b7bbfcff9b6c4a572c76dc2c811130a900feb,1,0,1,0
mitmengine-master,reference_fingerprints/pcaps/misc/openssl-1_0_1a,09f813af080f944fed74256e1abb2933e49c80f497090ada87590f11385fbb76,1,0,1,0
mitmengine-master,reference_fingerprints/pcaps/misc/protect-my-family,2597187e1073590348410fcec75b332cd1d1fbb4a61e78ea16886a5640b01a0b,1,0,1,0
mitmengine-master,reference_fingerprints/pcaps/misc/sophos-9.401-11-firefox,c693750c7ec5a972b012180e9f46e507a820836352ee895b3b27a8cce599bed3,1,0,1,0
mitmengine-master,reference_fingerprints/pcaps/misc/staffcop,2905e13e5fe381e2fc9209f67a4d623e9b9d9185173ae8895c2f99ce3b4e7c81,1,0,1,0
mitmengine-master,reference_fingerprints/pcaps/misc/tor-android,40b751eb34cfa5540484efb52d1e195920e5f3da36f5328d7cc93f93c8a1d9db,2,0,2,0
mitmengine-master,reference_fingerprints/pcaps/misc/tor-desktop,85f89e25431c19e45cc9bfc20444a5e88491199cb373b589b44ad847b5aa5295,2,0,2,0
mitmengine-master,reference_fingerprints/pcaps/misc/untangle-11.2.1-chrome-48.0,378f7c9c62e03d1ae976558bd8e9f085d724837b8e9b2d702fb749e09a5d7945,2,0,2,0
mitmengine-master,reference_fingerprints/pcaps/misc/untangle-11.2.1-firefox-44,36ddb3aed2c18432e95c96552bccb1a82f79b22c91786c8d3193af09d8acfe03,3,0,3,0
mitmengine-master,reference_fingerprints/pcaps/misc/untangle-11.2.1-ie-8,b899a1ee2af64258445eea5ac67f83e792981d586dc3f9670287b2463ce7ba50,2,0,2,0
mitmengine-master,reference_fingerprints/pcaps/misc/webtitan,52f5a093f66e64ade61dd42047fe100ec25009878a3d3df3bc6d8d222b781dd8,2,0,2,0
mitmengine-master,reference_fingerprints/pcaps/misc/windows-10-firefox-47-bluecoat-proxySG-6.6.4.2,9c567a60c5a45440962ac41ad44464217f33a1f2454fcc4180ab82487e139c0d,2,0,2,0
mitmengine-master,reference_fingerprints/pcaps/misc/windows-10-firefox-47-no-av,179b46a9f26f88220c9ade88f52033f9f8acd7194cc17b262f65b0ec9aaac359,1,0,1,0
mitmengine-master,reference_fingerprints/pcaps/misc/windows-7-360totalsecurity-8.2-chrome-49,65e86614e8ef0c00b4487a04b0b36b7e73f921dca7ce4fb34f429e58d1e8ac16,1,0,1,0
mitmengine-master,reference_fingerprints/pcaps/misc/windows-7-360totalsecurity-8.2-firefox-44,563cec4b4f6dad9cc50587c085a33f0313111a26e0be53b293cf1bcd83308fa8,1,0,1,0
mitmengine-master,reference_fingerprints/pcaps/misc/windows-7-360totalsecurity-8.2-ie-11,a3418c7835bdd607903dc37730e40a5ee51b3ce0add72e5832cbbfa01e305901,1,0,1,0
mitmengine-master,reference_fingerprints/pcaps/misc/windows-7-ahnlabv3internetsecurity-8.0.8.4-chrome-49,4b210baf9f26baab6040f222b01a348a41c0824039c4aa9ac62854acbed34f47,1,0,1,0
mitmengine-master,reference_fingerprints/pcaps/misc/windows-7-ahnlabv3internetsecurity-8.0.8.4-firefox-44,db873e4c3f1be14d845d20403997241a5903f40855e0a957ef69412ee3e12ad2,1,0,1,0
mitmengine-master,reference_fingerprints/pcaps/misc/windows-7-ahnlabv3internetsecurity-8.0.8.4-ie-11,a578f41d6312d752f79c843aa03a4c7244ebb075287b75c21df05565b8087714,1,0,1,0
mitmengine-master,reference_fingerprints/pcaps/misc/windows-7-avast-11.1.2253-chrome-49,e0b572b948a8e9a22053491030b84e7a251c38b4278a54b1aa5655d172e109d8,1,0,1,0
mitmengine-master,reference_fingerprints/pcaps/misc/windows-7-avast-11.1.2253-firefox-44,45acff98ec54796dfb40da2ae925f5dff99f82f5590dcaa74b24fbc390ffba85,1,0,1,0
mitmengine-master,reference_fingerprints/pcaps/misc/windows-7-avast-11.1.2253-ie-11,731c35f674e85bf91ce25ef35da5c628d41831bbb44115f225f7322436ac2517,1,0,1,0
mitmengine-master,reference_fingerprints/pcaps/misc/windows-7-avast-free-antivirus-10-chrome-48,671538c42a1bb5f4b2d33dbd39bfa382a8e4dbc0a6a5d2ee082be8ba485ed097,1,0,1,0
mitmengine-master,reference_fingerprints/pcaps/misc/windows-7-avast-free-antivirus-10-firefox-44,17d63e5e35af2700e48c06656ba0786e471924d074c0738e2617f1686d63fb49,1,0,1,0
mitmengine-master,reference_fingerprints/pcaps/misc/windows-7-avast-free-antivirus-10-ie-11,51e7b221dd2bde5eead5da670ff31e7b209559a4dc5a4c5d3832b6821333e04a,1,0,1,0
mitmengine-master,reference_fingerprints/pcaps/misc/windows-7-avast-free-antivirus-11.1-chrome-48,5c9914cf0058f03b28315d196654bb029762b4251ccf53ca45fe38d79e8f861f,1,0,1,0
mitmengine-master,reference_fingerprints/pcaps/misc/windows-7-avast-free-antivirus-11.1-firefox-44,7e3cd134e0ff3f79a3cac0537a1888e9e7f70256fecc52c8e175bcf354735435,1,0,1,0
mitmengine-master,reference_fingerprints/pcaps/misc/windows-7-avast-free-antivirus-11.1-ie-11,aaa8d7d74e1407c05741c8adee1fbbc9c5e5d63f928b40c946548d219146a217,1,0,1,0
mitmengine-master,reference_fingerprints/pcaps/misc/windows-7-avast-free-antivirus-7-chrome-48,f97b19b35ed2a589f78fabc8bbddb229d4ab53bec1029235f37ebdb46877f8c3,1,0,1,0
mitmengine-master,reference_fingerprints/pcaps/misc/windows-7-avast-free-antivirus-7-firefox-44,c81c396e0e5ac722aa2cd9dbd351654dbb043ade771c0d0b38dbae2c5186f13b,1,0,1,0
mitmengine-master,reference_fingerprints/pcaps/misc/windows-7-avast-free-antivirus-7-ie-11,4898ca5fae33b159c43d8cb0f5f90e7f57aba7a3a3dc28bb18413c5497841d71,1,0,1,0
mitmengine-master,reference_fingerprints/pcaps/misc/windows-7-avast-free-antivirus-9-chrome-48,ce70856476626a997332c3a705ec6a21f37a5515be01a5da7ac07be57bda14cb,1,0,1,0
mitmengine-master,reference_fingerprints/pcaps/misc/windows-7-avast-free-antivirus-9-firefox-44,2ef3372bb48fc7702a70f942fe191d905dca259fcd160ffe809e98e382e2fe7e,1,0,1,0
mitmengine-master,reference_fingerprints/pcaps/misc/windows-7-avast-free-antivirus-9-ie-11,326c89bb34de3819165350ab5170e4d9cf6e3045ba1c31f39ee08d40792d1862,1,0,1,0
mitmengine-master,reference_fingerprints/pcaps/misc/windows-7-avg-16.61.7538-chrome-49,f46eb948f037595803dd87a1a303ba89a4efa37f299d99f446bf59431fa5ddf9,1,0,1,0
mitmengine-master,reference_fingerprints/pcaps/misc/windows-7-avg-16.61.7538-firefox-44,61715da4bfe9eaf28e9fe6bf1ffaa4f9f087de93cd591a04e2ab83335ec0d608,1,0,1,0
mitmengine-master,reference_fingerprints/pcaps/misc/windows-7-avg-16.61.7538-ie-11,58c1a8fe5a98877b88f9e4831f623fad6bd0b5418abecd2354075f2f55be64be,1,0,1,0
mitmengine-master,reference_fingerprints/pcaps/misc/windows-7-avg-internet-security-2012-chrome-48,4f1c8a3d0156838126a683b39c61c2be527618537e94ac4121c5948756212c20,1,0,1,0
mitmengine-master,reference_fingerprints/pcaps/misc/windows-7-avg-internet-security-2012-firefox-44,bd3fabcd034c0eec025ce2675694cc6ebdc997515d13dad1a87c5953246c2c76,1,0,1,0
mitmengine-master,reference_fingerprints/pcaps/misc/windows-7-avg-internet-security-2012-ie-11,b2bd744a1019d03fb60d060c5911377694829d9fcd9ff63989694e1fbe99bf2e,1,0,1,0
mitmengine-master,reference_fingerprints/pcaps/misc/windows-7-avg-internet-security-2016-chrome-48,f0731641c1b3dd5e68a7863a904b3b818075f7c07c6ec290ac084d66ed01f1b8,1,0,1,0
mitmengine-master,reference_fingerprints/pcaps/misc/windows-7-avg-internet-security-2016-firefox-44,b98c2194cec9acb7cc53b06d588e292fe295b92f71463269c63c51c5dde350ef,1,0,1,0
mitmengine-master,reference_fingerprints/pcaps/misc/windows-7-avg-internet-security-2016-ie-11,8fc524dbb17da9d3342ee94f5959429ef689bf0fc33b3271e4b069c0c6ec8a0c,1,0,1,0
mitmengine-master,reference_fingerprints/pcaps/misc/windows-7-avg-zen-1.41-chrome-48,cead04f86eca78e2da7a87670c7b8537bc9d1488d863a0720a899ed52164476a,1,0,1,0
mitmengine-master,reference_fingerprints/pcaps/misc/windows-7-avg-zen-1.41-firefox-44,ec82d67060d22506e8564c79b2c24a3a20a991d9231ff5083a219b00c54b6bae,1,0,1,0
mitmengine-master,reference_fingerprints/pcaps/misc/windows-7-avg-zen-1.41-ie-11,c363f541db6a614339de097cd8c064fd286199ed82468c3983b7ad727ee65b6a,1,0,1,0
mitmengine-master,reference_fingerprints/pcaps/misc/windows-7-avira-free-antivirus-2016-chrome-48,e251fd9ff171a48bb8a351f0805f6ee474a9abba7d484a61798550063b14dd26,1,0,1,0
mitmengine-master,reference_fingerprints/pcaps/misc/windows-7-avira-free-antivirus-2016-firefox-44,cdec10c7844e666ed39873230915eef8b739d3a3baf2d36e8cf18515c77a4f35,1,0,1,0
mitmengine-master,reference_fingerprints/pcaps/misc/windows-7-avira-free-antivirus-2016-ie-11,290d51fca64d5dc85152b7cf3587668942de7c9892e846e51037aa28893aed5a,1,0,1,0
mitmengine-master,reference_fingerprints/pcaps/misc/windows-7-bitdefender-antivirus-free-2014-chrome-48,7ec653f71b59a435322c105baad870539acfa118793cb35a573abcff6bed093a,1,0,1,0
mitmengine-master,reference_fingerprints/pcaps/misc/windows-7-bitdefender-antivirus-free-2014-firefox-44,b8af08e958a8151ea8552513215582bb3340c963d4a08c01f0442f1ddf44c15f,1,0,1,0
mitmengine-master,reference_fingerprints/pcaps/misc/windows-7-bitdefender-antivirus-free-2014-ie-11,a67eca948d0f64b3efca2d7ea9a0fa0d873a7d7df3fbeecf01811e9ca4acf026,1,0,1,0
mitmengine-master,reference_fingerprints/pcaps/misc/windows-7-bitdefender-antivirus-plus-2012-chrome-48,924bb74d4ea47874c6a5bae40fa03898264f0fff48a41b4b1a8e26eef5c401fe,1,0,1,0
mitmengine-master,reference_fingerprints/pcaps/misc/windows-7-bitdefender-antivirus-plus-2012-firefox-44,672f4010775f2ed198134492966ba91922e61f5b6bd3b60227fa949e6eae3740,1,0,1,0
mitmengine-master,reference_fingerprints/pcaps/misc/windows-7-bitdefender-antivirus-plus-2012-ie-11,3d0166153465908f8a21e7ddd97e291f61f96eece6a4059f1dd8dc7d7353a60f,1,0,1,0
mitmengine-master,reference_fingerprints/pcaps/misc/windows-7-bitdefender-antivirus-plus-2015-chrome-48,63975c5ca33c8ac8745fdcb24945665f347975512015961f0ad0300dd6de002e,1,0,1,0
mitmengine-master,reference_fingerprints/pcaps/misc/windows-7-bitdefender-antivirus-plus-2015-firefox-44,a7db9dd51bb4376d726acdc3bf4c7ebc85c3ecf4f0f0ad429e8ff11b770993c1,1,0,1,0
mitmengine-master,reference_fingerprints/pcaps/misc/windows-7-bitdefender-antivirus-plus-2015-ie-11,6b32e266cff23aeb7ed5cd1621608dd4b2be43186d90c51b09a86e43c9f8e3ec,1,0,1,0
mitmengine-master,reference_fingerprints/pcaps/misc/windows-7-bitdefender-avplus-2013-chrome-48,feb6c4f45622adbc18d0120b5330ff38f417a2650c27715060ceb3c09928a1f5,1,0,1,0
mitmengine-master,reference_fingerprints/pcaps/misc/windows-7-bitdefender-avplus-2013-firefox-44,47cfaeb9ec34a39373570dd3603bc390d0e9eaba2b95b6d9427efdcc638e8e8c,1,0,1,0
mitmengine-master,reference_fingerprints/pcaps/misc/windows-7-bitdefender-avplus-2013-ie-11,1e0ca3bec756617528ed850c1ba42a74ed7dda39d12ac622b69408f488ab2974,1,0,1,0
mitmengine-master,reference_fingerprints/pcaps/misc/windows-7-bitdefender-avplus-2016-chrome-48,31e6b2c882fa3b4fbabd6834ab8912bf3ccc453b85ec111cb1ddc9d2c428ff4e,1,0,1,0
mitmengine-master,reference_fingerprints/pcaps/misc/windows-7-bitdefender-avplus-2016-firefox-44,a0c14fd3114cfab5301d3de33dffe975a7fb14a4c619456f9dd080af15c61c5d,1,0,1,0
mitmengine-master,reference_fingerprints/pcaps/misc/windows-7-bitdefender-avplus-2016-ie-11,99a69965acc4b94b3b2fc3ff586e38e86bc19539b2fd79f4a25a8f134d2d85af,1,0,1,0
mitmengine-master,reference_fingerprints/pcaps/misc/windows-7-bitdefender-avpro-2011-firefox-44,c201a216a5355f90fd6213385f9fd3a0d3ba4450251d654e583abfedf8d6928b,1,0,1,0
mitmengine-master,reference_fingerprints/pcaps/misc/windows-7-bitdefender-avpro-2011-ie-11,b02930d68f7a52f4df90e287ffc11421328c3960a88c0597bbb1b64fd01699ed,1,0,1,0
mitmengine-master,reference_fingerprints/pcaps/misc/windows-7-bitdefender-avpro-2011-test-ie-11,69b1332135d7e0a9503adfc1cdef4d5b8f9ead33a32f724702742f4ef05b7e9a,1,0,1,0
mitmengine-master,reference_fingerprints/pcaps/misc/windows-7-bitdefender-isecurity-2016-chrome-48,93e73e1149858434ddef939254ec0177c8e647f980fee4e096792fff77a00a84,1,0,1,0
mitmengine-master,reference_fingerprints/pcaps/misc/windows-7-bitdefender-isecurity-2016-firefox-44,7fc9cfbee0917159d14f2380937959d9bcae4350c48735269ab298fba8890f82,1,0,1,0
mitmengine-master,reference_fingerprints/pcaps/misc/windows-7-bitdefender-isecurity-2016-ie-11,1473a9ce951237697dca527fc92cefb7ea0e9db8f52c17f7ad18d2cd2576f21f,1,0,1,0
mitmengine-master,reference_fingerprints/pcaps/misc/windows-7-bitdefender-totalsecurity-2016-chrome-48,621820eca7d3dd7c80470453c055211cd76165cfaccb98fb8eeceffd18ca53f7,1,0,1,0
mitmengine-master,reference_fingerprints/pcaps/misc/windows-7-bitdefender-totalsecurity-2016-firefox-44,9e4fe649e1210e23fdfb822457bb4de68d42ea03b2a9ce49db39274b6ec2aada,1,0,1,0
mitmengine-master,reference_fingerprints/pcaps/misc/windows-7-bitdefender-totalsecurity-2016-ie-11,95094a9b523b797cfdd5dfc90c50fbbd39f065f3e5a8e9d86a20aeed887117ef,1,0,1,0
mitmengine-master,reference_fingerprints/pcaps/misc/windows-7-bullguard-16.0.317.1-chrome-48,0acdeb0a180158f8663eb3aec8332a1f672741e03799f019df05f5740b00bd67,1,0,1,0
mitmengine-master,reference_fingerprints/pcaps/misc/windows-7-bullguard-16.0.317.1-firefox-44,b508669eef62ad39f9cbd0391ef064fa8cde2f839e962b0d59568e515217e580,1,0,1,0
mitmengine-master,reference_fingerprints/pcaps/misc/windows-7-bullguard-16.0.317.1-ie-11,cc7bc80bc2efbfae311ae9600db2b134e30072b96a4daa80e1814148eeeaeb42,1,0,1,0
mitmengine-master,reference_fingerprints/pcaps/misc/windows-7-bullguard-internet-security-16-chrome-48,cb964e438fde8e8ac88421d0dd0c0d3f089735f447e80a3458ad934bb6e86e68,1,0,1,0
mitmengine-master,reference_fingerprints/pcaps/misc/windows-7-bullguard-internet-security-16-firefox-44,911bc48f99aded7cff85add7ef8bdcd286c3b12a7f17916b080302a200898164,1,0,1,0
mitmengine-master,reference_fingerprints/pcaps/misc/windows-7-bullguard-internet-security-16-ie-11,3059e2fef6f6d24e27e404ae6ba4dfcd1d4daa395884958947f358eeaea739cf,1,0,1,0
mitmengine-master,reference_fingerprints/pcaps/misc/windows-7-bullguard-premium-protection-16-ie-11,6684c33edfdbd0d51a71b42b373dd5541b4a4ce1cdea888a1dc11912f1eae842,1,0,1,0
mitmengine-master,reference_fingerprints/pcaps/misc/windows-7-chrome-52-bluecoat-proxySG-6.6.4.2,d1683fa4ea2c2a846efc92868bf0e0f18513eddac1bd24f26e8fc7d677790d98,1,0,1,0
mitmengine-master,reference_fingerprints/pcaps/misc/windows-7-cybersitter-11.13.1-chrome-50,e2e78cafec6b2eabf270e6dd622c2ce34864de915c6ba333ba506d1c226a671f,1,0,1,0
mitmengine-master,reference_fingerprints/pcaps/misc/windows-7-cybersitter-11.13.1-firefox-44,3262040eff80b463ccd49bf02be9522055cd44b3038a245862ac716eeb7a9d53,1,0,1,0
mitmengine-master,reference_fingerprints/pcaps/misc/windows-7-cybersitter-11.13.1-ie-11,43618012a11fc214be5a162584125874e69e978fc73c5d3a3c0dc5083f74bb8a,1,0,1,0
mitmengine-master,reference_fingerprints/pcaps/misc/windows-7-eset-nod32-antivirus-8-chrome-48,34ddf916df34d2a00f7b750c1f538b2ee9d1157e3fd1a54f5795e1070909107c,1,0,1,0
mitmengine-master,reference_fingerprints/pcaps/misc/windows-7-eset-nod32-antivirus-8-firefox-44,021a1f3b174b389688246ddc241d0cd569b0abc4674995728de7bd7366715fa7,1,0,1,0
mitmengine-master,reference_fingerprints/pcaps/misc/windows-7-eset-nod32-antivirus-8-ie-11,ec04ad58b57b22900d8cb751b868402fddacc87c5c9aa9f55f0ae4fde372eb81,1,0,1,0
mitmengine-master,reference_fingerprints/pcaps/misc/windows-7-eset-nod32-antivirus-9-chrome-48,c5a7b5821090038859d43b8c819197a8f81ffdcb975fd59652920b2fb01273a8,1,0,1,0
mitmengine-master,reference_fingerprints/pcaps/misc/windows-7-eset-nod32-antivirus-9-firefox-44,f2cabb4faaca82d9e0014b9fe52ee956fa47b952befce423589737b42ff91cde,1,0,1,0
mitmengine-master,reference_fingerprints/pcaps/misc/windows-7-eset-nod32-antivirus-9-ie-11,8995a205836c6ca32c7301ecd9c0e1aab8e8d3fe0bd582c3cfa679cb54b85d83,1,0,1,0
mitmengine-master,reference_fingerprints/pcaps/misc/windows-7-firefox-47-bluecoat-proxySG-6.6.4.2,ce19558c490d7bd711983bba378038bb30a69b17dddfdb61fc191a71b1946625,1,0,1,0
mitmengine-master,reference_fingerprints/pcaps/misc/windows-7-fsecuresafe-chrome-49,24367956931d2d845dee1bc3a778053267de29dd080ad4b426302f37b29ccf12,1,0,1,0
mitmengine-master,reference_fingerprints/pcaps/misc/windows-7-fsecuresafe-firefox-44,8c5ba0022b32500eb530cbb309f75ea569c8b1f16e0c97074ea912256c8fc135,1,0,1,0
mitmengine-master,reference_fingerprints/pcaps/misc/windows-7-fsecuresafe-ie-11,2e332ebba925cce3e851ea10b1fab9365a75d1640ea5c1cc271e8007810be0ab,1,0,1,0
mitmengine-master,reference_fingerprints/pcaps/misc/windows-7-gdata-25.1.0-chrome-50,3303caa71daffd635db97416631978b4a90114b996a8f3d5bac11adf4877528f,1,0,1,0
mitmengine-master,reference_fingerprints/pcaps/misc/windows-7-gdata-25.1.0-firefox-44,af195c1233189d0b20d95ee18b6d537ea903d0be1603b5c4a42ad001dccb6a03,1,0,1,0
mitmengine-master,reference_fingerprints/pcaps/misc/windows-7-gdata-25.1.0-ie-11,667882e52e03f31b3276c2c5b2af7941ab18fe456e07a0bc2325756a24784e0d,1,0,1,0
mitmengine-master,reference_fingerprints/pcaps/misc/windows-7-ie-11-no-av,a356a2e385bb7aa990fff3a1e64e24a4089bc9af3f55696f2d4b384136832ab8,1,0,1,0
mitmengine-master,reference_fingerprints/pcaps/misc/windows-7-ie-8-bluecoat-proxySG-6.6.4.2,6f131d979a174ae129b50db770a408aa1ca5a70a6a2627d393362a44b0431019,1,0,1,0
mitmengine-master,reference_fingerprints/pcaps/misc/windows-7-k7totalsecurity-chrome-48,ae7c50b8013e84479521c9ccf517ee66da20f50e3ff8b45c4e96fadfa959833b,1,0,1,0
mitmengine-master,reference_fingerprints/pcaps/misc/windows-7-k7totalsecurity-firefox-44,5eaa16dfe1acb093d61d61266d3d4c20e9b2f40d057a5597489dd05743b6917d,1,0,1,0
mitmengine-master,reference_fingerprints/pcaps/misc/windows-7-k7totalsecurity-ie-11,1fc1ed9e0f93392a804952525347cc686b954c06b505925e4391167d1b57a7b9,1,0,1,0
mitmengine-master,reference_fingerprints/pcaps/misc/windows-7-kaspersky-internet-security-16-ie-11,020fa78b521dc1de0f090295d327866db40fa7c98fffaf659d3cbde294b20a74,1,0,1,0
mitmengine-master,reference_fingerprints/pcaps/misc/windows-7-kaspersky-internet-security-2016-chrome-49,58c8180fd92fa65facd826464c26c2991542cbccc4fa7ebdf98f4cb45a1656c2,1,0,1,0
mitmengine-master,reference_fingerprints/pcaps/misc/windows-7-kaspersky-internet-security-2016-firefox-44,778a124a9a5b37b306585b13ff1fec01123830e4da8bfbe02997060b5ea33453,1,0,1,0
mitmengine-master,reference_fingerprints/pcaps/misc/windows-7-kaspersky-internet-security-2016-ie-11,d6ddc687e86e3e86ae3394c4f13660f11b653d9d5ab01dfce05809b90e451645,1,0,1,0
mitmengine-master,reference_fingerprints/pcaps/misc/windows-7-kaspersky-total-security-16-chrome-48,b34c74e9e19934cab73981a10df3cb832e463f568a31cfeba19a8a322bcb2150,1,0,1,0
mitmengine-master,reference_fingerprints/pcaps/misc/windows-7-kaspersky-total-security-16-firefox-44,dca1e95db87c51a062d8c2308d3b9cd51e4c05bc32408dba4880445dda39a339,1,0,1,0
mitmengine-master,reference_fingerprints/pcaps/misc/windows-7-kaspersky-total-security-16-ie-11,80b6367579487c3250cbc7b1c63ec582ec926ea5129323dfba859275b7b05261,1,0,1,0
mitmengine-master,reference_fingerprints/pcaps/misc/windows-7-kurupira-1.0.48-ie-11,ab3a62ff2b5686d25f9b5cff856532d1c4b0c58bf9e74b4b3cd739ef4b2a156f,1,0,1,0
mitmengine-master,reference_fingerprints/pcaps/misc/windows-7-malwarebytes-anti-malware-home-2.2-chrome-48,f4c4dc35926ed8bfc3a66a00504ae10d0ffb431e50849896537d680d9668c3c9,1,0,1,0
mitmengine-master,reference_fingerprints/pcaps/misc/windows-7-malwarebytes-anti-malware-home-2.2-firefox-44,208fe14fa301d99c33040ae2a2f4b690ba56d64bbd9d8764bdd36f1d280e99aa,1,0,1,0
mitmengine-master,reference_fingerprints/pcaps/misc/windows-7-malwarebytes-anti-malware-home-2.2-ie-11,9e0c693e789851aa1ad891ab5d33d1e308e4f88334001a6ccc61ec3f35f52ba9,1,0,1,0
mitmengine-master,reference_fingerprints/pcaps/misc/windows-7-netfilter-2,33b6360afb1b4992cca967261f09b391ae793aac22836b09ef5c6d2aca0ee4d8,1,0,1,0
mitmengine-master,reference_fingerprints/pcaps/misc/windows-7-netnanny-7.2.7-chrome-50,cba3aca4a944113982f20a20c148a953e9dfae8d0f86c9fd9bc3d78d6f1deeae,1,0,1,0
mitmengine-master,reference_fingerprints/pcaps/misc/windows-7-netnanny-7.2.7-firefox-44,b75278683aec163d460d3bf90aab76396e29aa426524bfd75d0ccf47d54584e4,1,0,1,0
mitmengine-master,reference_fingerprints/pcaps/misc/windows-7-netnanny-7.2.7-ie-11,3742f160713b0f0f049f5aa03d3ed4bc613879e734c5533c5d61145bf374ec17,1,0,1,0
mitmengine-master,reference_fingerprints/pcaps/misc/windows-7-no-av-chrome-48,46d470c6c1eefa2473772bca8a4f1d5aa5a67e1e0824fe49cc5ced38af786b3a,1,0,1,0
mitmengine-master,reference_fingerprints/pcaps/misc/windows-7-no-av-chrome-49,e24be74b47ad61a22c95d535a97212c8c0207bee45993b53f665827e97636ba3,1,0,1,0
mitmengine-master,reference_fingerprints/pcaps/misc/windows-7-no-av-chrome-50,177cc5f4d3fe899f1af65579d77ba82e871f9af96f9dd87816937fca0d3dd0a1,1,0,1,0
mitmengine-master,reference_fingerprints/pcaps/misc/windows-7-no-av-firefox-44,edc6fc64445d3c5284ae3b14559a093a6461255cfe6fa5bdab37b9baff50b036,1,0,1,0
mitmengine-master,reference_fingerprints/pcaps/misc/windows-7-no-av-ie-11,e072f112b31768b9725f5a5b962175f543f46b71484c70c1d94540292f363a89,1,0,1,0
mitmengine-master,reference_fingerprints/pcaps/misc/windows-7-pcpandora-7.0-chrome-49,1aec76dcc5f6a03349bfaaef1c59238e47c13bba5ac1a66e4b34520376c45cba,1,0,1,0
mitmengine-master,reference_fingerprints/pcaps/misc/windows-7-pcpandora-7.0-firefox-44,1d44b9f85ca4a6a6a5bbbdf40997527dd9ee207c31d58ac2a543b39e38babe76,1,0,1,0
mitmengine-master,reference_fingerprints/pcaps/misc/windows-7-pcpandora-7.0-ie-11,dc49d4173e791b3ffe2ebb70dfa2c2f9b11391d9265f17cec9da87ca0f00091a,1,0,1,0
mitmengine-master,reference_fingerprints/pcaps/misc/windows-7-tencentpcmanager-11.4-chrome-49,d667cdf1796a595492e6f1d3bae5f125dcf78770965c9f138ec76212b9d0ce12,1,0,1,0
mitmengine-master,reference_fingerprints/pcaps/misc/windows-7-tencentpcmanager-11.4-firefox-44,873013d598c4ed49f70ebbbf864ebe7cc732f22e39f4f55cd85feae7d784d2d1,1,0,1,0
mitmengine-master,reference_fingerprints/pcaps/misc/windows-7-tencentpcmanager-11.4-ie-11,ef76c1e0b8e40c23afd3ad8df14684b942ae0c1831849dc6f9ba9aa7a660886e,1,0,1,0
mitmengine-master,reference_fingerprints/pcaps/misc/windows-7-trendmicromaxsecurity-10.0-chrome-48,b5cc7a431ea55617247cb6ce2b873a9cbea31b13cf1d7b6ff7d950c998466238,1,0,1,0
mitmengine-master,reference_fingerprints/pcaps/misc/windows-7-trendmicromaxsecurity-10.0-firefox-44,bfb7f5cad53ae6429c90d4fbc0112078058a14f7308285013dbe28a01c7b60a0,1,0,1,0
mitmengine-master,reference_fingerprints/pcaps/misc/windows-7-trendmicromaxsecurity-10.0-ie-11,5bb61f6fbd75dd6687560042a773db89124c18d26338b479351026c357348e4b,1,0,1,0
mitmengine-master,reference_fingerprints/pcaps/misc/windows-7-untangle-12.0.0-chrome-50,bb12903a62e2810f9c1ca1fb9a4a5d7ec17da7cbeaee05b84f6fabcde3c098e0,1,0,1,0
mitmengine-master,reference_fingerprints/pcaps/misc/windows-7-untangle-12.0.0-firefox-45,da529fbd5d5a14fb22215591f17067feed62dbce9a901c2fb9e31ada98d3f42f,1,0,1,0
mitmengine-master,reference_fingerprints/pcaps/misc/windows-7-untangle-12.0.0-ie-8,3287125b6d33cc8c2d65863786a8b79eaba6d808d3b5e07cdfa21d9f3ded70b6,1,0,1,0
mitmengine-master,reference_fingerprints/pcaps/misc/windows-7-untangle-chrome-48,361c72effd5ef9ff665557f2004d0c37280287db47d0e7cf0d8c24284e6b4319,1,0,1,0
mitmengine-master,reference_fingerprints/pcaps/misc/windows-7-untangle-firefox-44,01649d4d900c59596a1879789592b1c1db51b3ef07f46378eee1b2491dc2ccd4,1,0,1,0
mitmengine-master,reference_fingerprints/pcaps/misc/windows-7-untangle-ie-11,3bb681fb87a19c6ef53b3abb860598dd5aeee262f58157cde6cce925f2c76bfe,1,0,1,0
mitmengine-master,reference_fingerprints/pcaps/misc/windows-7-windows-7-bitdefender-antivirus-plus-2014-chrome-49,7eaf552569bba6812797d634d67c7f320ee3394f6d7914503b0553014172e46b,1,0,1,0
mitmengine-master,reference_fingerprints/pcaps/misc/windows-7-windows-7-bitdefender-antivirus-plus-2014-firefox-44,b1ffd4ce0f414922a5cc175f6b72eeb3e7d2f8d0cfef34379b747e2af53e791b,1,0,1,0
mitmengine-master,reference_fingerprints/pcaps/misc/windows-7-windows-7-bitdefender-antivirus-plus-2014-ie-11,1a26c6b235bf7c01007f9332d2c295e9ca0977450032a901247c4171ad1c39c1,1,0,1,0
mitmengine-master,reference_fingerprints/pcaps/openssl,ac394be76f7b5e803bc114fc9003ee4a94b928f1358cef5b2a35f81b89263157,75,0,75,0
mitmengine-master,scripts,a05c17be455686d1f19ea5b88343fb68f489558e51da44c9996ee5cef5340dd7,5,0,5,0
mitmengine-master,testutil,770e5e901fcf41aa92115b11b2cda58d5bdae58abc17f3736ed393c80e9b3d2b,1,0,1,0
mitmproxy-main,.,e1a86e0c023eacedb1dad028f102bdfcdaaa3efd8ec72d29985d0d5590d06d24,13,7,1303,1
mitmproxy-main,.github,6aac1b0f63c0496e9631b55f522f48652f9764c04baffd1e1f2f974637e4a5cc,3,2,9,0
mitmproxy-main,.github/ISSUE_TEMPLATE,cb8c5acf61a952d2b63b78652b0957c287481690a5e28b579740aca553c8b924,3,0,3,0
mitmproxy-main,.github/workflows,b541d58d945879c8fa8bf237ccd835a01eb08889fd5ff1d61373927d30c29914,3,0,3,0
mitmproxy-main,docs,7f26552b4df684dd6dbad0e0640c013eb34b7ea916c5a8335f48b5e452a28ea6,7,4,165,1
mitmproxy-main,docs/bucketassets,a9c118eae6845c2b13f2e753b91c43bfe00aa89d42c0007c9e56139a5c757b36,2,0,2,0
mitmproxy-main,docs/raw,8ad5c537d399e2114b29796eb270dbbcea9c20c9d8e110b7111c8e145420935f,1,4,13,0
mitmproxy-main,docs/raw/_explicit.graffle,b77d9d1304e9e2f28158331c6fb96c08d447611a50a2e50535574255170bef41,3,0,3,0
mitmproxy-main,docs/raw/_explicit_https.graffle,926159fa1a577cf4bc0ca9b3705b5cc0c1946f846dd04f38cbe08c721670e153,3,0,3,0
mitmproxy-main,docs/raw/_transparent.graffle,38ef6e6817efb13d3784868b5cc68cdca33de02800216baca52dcf43b9a61101,3,0,3,0
mitmproxy-main,docs/raw/_transparent_https.graffle,08e179d014f95c9d2195eb3cc5610465edf2bf93ca0d45709839a03307456571,3,0,3,0
mitmproxy-main,docs/scripts,cb4afa09f6f6eb111e735e997212a2883d1ce4d7066d5f73e0a31b4f5a2770c5,5,2,14,0
mitmproxy-main,docs/scripts/clirecording,d094aca9dfcf20bdda57b37fef07693942c2e7f08717fa787ebe49d91bb8edb0,5,1,6,0
mitmproxy-main,docs/scripts/clirecording/docker,4f9cab3bf1e1ba96b2d34fc7e7f472720bb813b6083a807bf46b077de2203b9a,1,0,1,0
mitmproxy-main,docs/scripts/pdoc-template,20fa243ce79f57dcf004c86f3663a9f79f299c3b8fda378cff965e6194fa15b8,3,0,3,0
mitmproxy-main,docs/src,a32d2f6f33c60cf5fe6ddfe1fc6ecf50cee33284294b923ccb3ff63b14aa2b43,2,6,129,1
mitmproxy-main,docs/src/archetypes,86441f4194819e702735b6a6fcf6bb16a52e713a237d6d5fed1e11d0484aa978,1,0,1,0
mitmproxy-main,docs/src/assets,eb23de69a1158231a60e65a3bc41552ca3f63ce90d04a3c3d617bf4c99a27307,7,2,29,0
mitmproxy-main,docs/src/assets/css,f3d03c03cabf0a76416eb3ed237873e56a521aa862e52a5ce6bcbf6e80a6dcac,6,1,14,0
mitmproxy-main,docs/src/assets/css/components,c6684e9a70917344578721c98f49ad2658147c9d47bcf2b17380b649bf983be4,8,0,8,0
mitmproxy-main,docs/src/assets/recordings,798e55bb970ed007d74547aeaa1a677b82ce6b58d75e3b66a12655afba7a9dac,8,0,8,0
mitmproxy-main,docs/src/content,b324823b6fb1470517a1ee5adda0041be1452d37a9670604d7616fab986a29c0,2,8,61,0
mitmproxy-main,docs/src/content/addons,7d53321ace8298f4a74dbf4f84a28ea9edab8e940212496dc61adf42d12a1c39,8,0,8,0
mitmproxy-main,docs/src/content/api,0aa99d1c84613221e0bef1544f09983230edf512b4064ee2c1c8892b7515ecb3,17,0,17,0
mitmproxy-main,docs/src/content/cli-tutorials,349e503f0d4045c261e2ee842b4c6649e350fe959af35d8a92b6dced2cf0f947,6,0,6,0
mitmproxy-main,docs/src/content/concepts,93a3af5d547880b0cc7a9675d44c5ab0cfcb9b1a6b5531e07d716a88e10c5653,8,0,8,0
mitmproxy-main,docs/src/content/howto,04c5fbdcef301474182498c3bebed3fe6b2317e59d9534c6924bc0f7de38903d,7,0,7,0
mitmproxy-main,docs/src/content/overview,09567d9f076de68bdcebe885d1d77bd959864b8341ecac0746ccd3a7a7cacfc1,4,0,4,0
mitmproxy-main,docs/src/content/tutorials,62b2a8d3f5a73128ef8ddf8f1a8680fa86d7c97cbfeb381d08cd3942107f229b,3,0,3,0
mitmproxy-main,docs/src/content/web-tutorials,d9d85ad498205c2689e0528d9793cfa3376b29ca2202481d209557d901939d89,6,0,6,0
mitmproxy-main,docs/src/generated,5b2099efbf630e8c854b72161e25944f0b4fb21fb32bbb266cf705821b51010c,1,0,1,0
mitmproxy-main,docs/src/layouts,7243ae534534619f84bc584620435d669022bfe257cef6ae8d04c81198e504ab,1,3,12,0
mitmproxy-main,docs/src/layouts/_default,2d2817f8e5e6e11bac80d2a3621a13a2a02b6339a4842c0c066e52ed28badee8,2,0,2,0
mitmproxy-main,docs/src/layouts/partials,17aa0133775b7c44f89868da0416933f1dce1e52e2cf8ab89949aff7702d5d43,4,0,4,0
mitmproxy-main,docs/src/layouts/shortcodes,ef5d9d1bdbbda3a57de28f6101a1b94998206acf55474be182d8612514e1ea1d,5,0,5,0
mitmproxy-main,docs/src/static,5038d753544284abe3a15f7bcd6d47feb78223c2093ff8a1670ba9339b58e8da,3,4,24,0
mitmproxy-main,docs/src/static/schematics,a9bfd04c80665e7980313b7901252184e19b908466a9584337266d06545d2efc,12,0,12,0
mitmproxy-main,docs/src/static/screenshots,45d63a2501167cbd84ef5cff21a194ce7e901966641f9c69412f35a2109dfb96,2,0,2,0
mitmproxy-main,docs/src/static/transparent-vms,b57683a0c8f7d2c315f475ee5fb849e9b552035c3d047bf2c1a5411b9b5747a0,4,0,4,0
mitmproxy-main,docs/src/static/tute-highscores,5a93f14cb2c9a31c81de8a6b755314385ea01e35cf76a31e50ec1a866e6feda1,3,0,3,0
mitmproxy-main,examples,ffb5feee0d13e2fbdde3d3869bb42e67d1a1810a31afe25c8e58d15f63c8bf1f,2,2,73,0
mitmproxy-main,examples/addons,c91e63920f19d9024d0bdeff319dbc09b72cbc9e87a55a92b1a7191b2a99c709,30,0,30,0
mitmproxy-main,examples/contrib,e64395d310fd36fa99c88a3d770843b765dce281453433ecb88c6601af5b5af7,28,1,41,0
mitmproxy-main,examples/contrib/webscanner_helper,fe8146ecf2ef68c70b56fb2cae9087df25e3ed4959ec65140f3649baf821405c,13,0,13,0
mitmproxy-main,mitmproxy,eeca8b8068de03936096e0ae4200f6c69989543b6719e34441afd0118fe4d9cd,25,12,285,0
mitmproxy-main,mitmproxy/addons,1df2193519fb9b15aa4348c3dc3def6fc56b72e1ab8f62ee8e9a9940251033b4,42,1,55,0
mitmproxy-main,mitmproxy/addons/onboardingapp,5b0ed7fa732cbef4cc042dd816415362b2a4dfd480040b9bc2598b020590c544,1,2,13,0
mitmproxy-main,mitmproxy/addons/onboardingapp/static,4fd16a91262dad221ec91a9f0610e3fd87f7d73603a46ce9efb169e1412206da,2,1,4,0
mitmproxy-main,mitmproxy/addons/onboardingapp/static/images,cf70f81df8183edc7987cd0c95e556b8aabe16a143d1d198df3e7db8adeeeee4,2,0,2,0
mitmproxy-main,mitmproxy/addons/onboardingapp/templates,044a0745783cee781d65bb64a7dfe939f37239b12c03b08e71325018d469161a,2,1,8,0
mitmproxy-main,mitmproxy/addons/onboardingapp/templates/icons,04c3e2da2dde3f40750bca4b6776ab361daf8cd3e9d4e336dd0db85e31cc9b49,6,0,6,0
mitmproxy-main,mitmproxy/contentviews,cc024429f0fbd673fc636ba63870df85d899585bf0bdc6ad526174c690308cc6,21,1,24,0
mitmproxy-main,mitmproxy/contentviews/_view_image,637bdc581b0bf0e818023157e9bef822872a1ef16a62c00b2ad0b5deed38c9c6,3,0,3,0
mitmproxy-main,mitmproxy/contrib,8ddf2e4a60fccafee9a07b4f284774a81521faa19d2f90c70bff0fd77220c6cc,3,3,27,0
mitmproxy-main,mitmproxy/contrib/click,f797a58b1a097cf0fb514d705ac705a0bb8db03fae6094718ab52d25c4979ea9,2,0,2,0
mitmproxy-main,mitmproxy/contrib/kaitaistruct,a76192e01cf61457b80920235ed551588738ea44f235bb1d426a8c78c6b03c85,15,0,15,0
mitmproxy-main,mitmproxy/contrib/wbxml,00a415d88f813d5f7bc1ff63f8664ccfa1f7b726fe8233042aa3c890ac45f8c5,7,0,7,0
mitmproxy-main,mitmproxy/coretypes,52a2e4a9945d96e0bb306846e196acc8a63c7d5977ec761fdc27c6bbb269cbd5,4,0,4,0
mitmproxy-main,mitmproxy/io,700c9ffcfbcb7db5254378eea378765f1eab45c87cff3c47365b409028524c5e,5,0,5,0
mitmproxy-main,mitmproxy/net,4526fe41d85ef7de9d7e4117ba20b5e0bf043966c27b0d6d15a3c9a03d1b0758,7,2,25,0
mitmproxy-main,mitmproxy/net/dns,cdadf537b703e0cb3ab8e2ac05068ccb099bfb70a30b65305bb4c06d0e818cc8,7,0,7,0
mitmproxy-main,mitmproxy/net/http,e75b4ff727528c3d7c15fbc3f00c4f0778bfb87f38e5632305e3ed67f664ddd8,8,1,11,0
mitmproxy-main,mitmproxy/net/http/http1,aa9d9686e6656bdc13067bc33c03f10b6d08427143c5a3c5595b1f6d941d12cf,3,0,3,0
mitmproxy-main,mitmproxy/platform,f8e8b35587c08604ea9eb88271e56939b50be3f1d304e4b32fd1a30fee3a18c7,6,0,6,0
mitmproxy-main,mitmproxy/proxy,90ce0c9661e8755692bbe59343c5a87393148d827588f983ef50b0a599476331,11,1,35,0
mitmproxy-main,mitmproxy/proxy/layers,b412a03f49c92a75b431d4e01775720068e8f1925031ae0a27fb44cca0c6afad,7,2,24,0
mitmproxy-main,mitmproxy/proxy/layers/http,0e05587b9d0d7309bd5d1a7ae0cd47376e8513f151306ced0950bdc3950618ba,10,0,10,0
mitmproxy-main,mitmproxy/proxy/layers/quic,5917a475bb36815b3014ea070e8dd546918ced19b40074e6629c7b2e322ec421,7,0,7,0
mitmproxy-main,mitmproxy/script,20cfa9d27b39e20300307addb891380e38fdbf7c32293ce52d35c34d354afb22,2,0,2,0
mitmproxy-main,mitmproxy/test,9532c3a9194059b7d42c4264d1427904a743b559cfe3f5e5b0aa58bcf9331d4b,3,0,3,0
mitmproxy-main,mitmproxy/tools,465e0b513fdefc6277e48f3dfc61a2e26429a242933376512e8702e40ec3f8f8,4,2,55,0
mitmproxy-main,mitmproxy/tools/console,96354444a397c7bb6c14badc1ec96451c488a05d87ef24068f2c14d675281ee9,24,2,33,0
mitmproxy-main,mitmproxy/tools/console/commander,671db3093c2f35b7824ebf677b9ea030ca56633e3cf0f28a953862ddfa4d3288,2,0,2,0
mitmproxy-main,mitmproxy/tools/console/grideditor,acfeb794084012ff484ab74078eb622f555f416414f3846540ed315baf38233c,7,0,7,0
mitmproxy-main,mitmproxy/tools/web,41d10262d16f57a745182ac6adb92faf0255dbd2db0d9cb0ce857ef0242491f4,7,2,18,0
mitmproxy-main,mitmproxy/tools/web/static,3420ccc598417db3d82d213cc77ae50335e006b800c8906f0146f12460f1ae00,10,0,10,0
mitmproxy-main,mitmproxy/tools/web/templates,4342122e2d9fa70b03fe525b818347824b1228319b58f30999734e12179596ea,1,0,1,0
mitmproxy-main,mitmproxy/utils,018bde18bb8cc64082b767daaf265aaf517c65e9cc9754f8f8abef53b8da5246,15,1,19,0
mitmproxy-main,mitmproxy/utils/pyinstaller,726a981b0003611dafb3a19838c0521e6a9ee58adca4bc39716c6ad7e19998cd,4,0,4,0
mitmproxy-main,release,27850a9fb39b7f36a5a1a97da69f4d648e75fadfc7159ca5dc26bbfa65aa1e7f,8,4,33,0
mitmproxy-main,release/docker,a1390fb4ed7f4287c7e07dac8bd2990836d72d55a960a158da3490551eee571a,4,0,4,0
mitmproxy-main,release/installbuilder,5cea202c0c4ac1a4aea4593358b4b0a14a5d21b28ce8804dec14c9a77ed6b195,7,1,8,0
mitmproxy-main,release/installbuilder/setup,92889c4316dddd9b0c2350e2b80dea52a12be319bb80798d62f9f339cdce8468,1,0,1,0
mitmproxy-main,release/specs,d756ec2beec168560e24224c335a324f05461a02f853438011725bd14c6a5b43,9,0,9,0
mitmproxy-main,release/windows-installer,d344a6ac6cdea18d3f4ab4ccbfe680bb4bee7585c29651a6c4e04bc252bf9a12,1,1,4,0
mitmproxy-main,release/windows-installer/Assets,56b804d61ae31efc1e44b9781ca50f7b11aee7223126f6a092d8ef5a860318a3,3,0,3,0
mitmproxy-main,test,283c43638a6462baa988bdc5f1604814117059be7ee10c385f4443a111d23d1d,5,5,426,0
mitmproxy-main,test/bench,cd31e7141ce392d1c73cc3ae923883b9b48e7184e5c062ca271dd58f06a06871,5,0,5,0
mitmproxy-main,test/examples,7e9ad03960d6750f8f4936aac82cdfc8f3134788292c78a26bf075d607acecae,2,0,2,0
mitmproxy-main,test/helper_tools,862287c78600757511c756244b7fae4a766360bbd5fad4b389e1645af158e2f2,10,0,10,0
mitmproxy-main,test/mitmproxy,d6041e9ebc0fea29740ca2e6df3ac677c9c433f3999dfdfe2ff255271f2a9936,27,12,397,0
mitmproxy-main,test/mitmproxy/addons,3d343828ea070623c44bb21e5e4e0fa9769f0483cd1c242c8e63948bde153181,42,0,42,0
mitmproxy-main,test/mitmproxy/completion,06dc2b688e5663371813085341d7a32d89684879578307a79ceee37dcf282bad,3,1,4,0
mitmproxy-main,test/mitmproxy/completion/bbb,cc0fd2e080109ef64641acfcacba859063c14d83abbf0fcf1d1995f94a6fd373,1,0,1,0
mitmproxy-main,test/mitmproxy/contentviews,32b7d01656f5b6dcc028e69c78f3e9c478fb6eb07db2acc8879e8667d46f3092,22,7,67,0
mitmproxy-main,test/mitmproxy/contentviews/_view_image,e046983454b9c9ba66fc39db1e18f83eed7b5ccabc2ac4fea6b6f4199c9464e3,3,0,3,0
mitmproxy-main,test/mitmproxy/contentviews/test_css_data,0e7384dfb71be5a0db331c863d62c821b639fcb1665f3804d80b8122decd46bd,20,0,20,0
mitmproxy-main,test/mitmproxy/contentviews/test_grpc_data,268279d3ab4707ace620f71f77fe732c0d84db0687d85e83cbbf8dc09fd16400,3,0,3,0
mitmproxy-main,test/mitmproxy/contentviews/test_js_data,c20aa26f64774b700016c1cea2297ab7185bb1ee7fb1d11471bdf609543d7f23,2,0,2,0
mitmproxy-main,test/mitmproxy/contentviews/test_protobuf_data,2547ce6d7bfac698c27e677baaad2968dbedf15984d24c339486dec1a299208e,5,0,5,0
mitmproxy-main,test/mitmproxy/contentviews/test_wbxml_data,e0664f3cd6007b5096ca1f9295c915ccab68a06c0436af2cadf7594fdb774386,2,0,2,0
mitmproxy-main,test/mitmproxy/contentviews/test_xml_html_data,412f9bafc6f7f56e4f5d053a94441ce1e5a421b7766888e64c67b999b9b22ce4,10,0,10,0
mitmproxy-main,test/mitmproxy/coretypes,9543d6fc77ba961f6375f1079a33e65ddbc08d5fce66cbbc88234fde9dbe1cc8,4,0,4,0
mitmproxy-main,test/mitmproxy/data,0d30a8c11630f0741576c0dd3ccce24b5907f3e2b264373afa7186cdaef02f62,25,8,106,0
mitmproxy-main,test/mitmproxy/data/addonscripts,089530cd35388c58145687647ec1327ee5aa2bd2f3badc27edca8a803713f4d4,12,2,18,0
mitmproxy-main,test/mitmproxy/data/addonscripts/recorder,592c4fcb28b62b08b14220821ca1e280ade4ea25ffee1fafba4c6a655d599783,5,0,5,0
mitmproxy-main,test/mitmproxy/data/addonscripts/same_filename,e5792bd7f4cf3214045b454dfef7721147dc2058eca2348c93f57e3722f99a58,1,0,1,0
mitmproxy-main,test/mitmproxy/data/clientcert,417d45045a9ce5467646a903633b3c0482a1d5d96437622df55b1be146f042b1,5,0,5,0
mitmproxy-main,test/mitmproxy/data/confdir,c854ebbf2096b6c54bd36547cb44f10b38f9b77afc2d59bf1037f6583fcdbcfb,6,0,6,0
mitmproxy-main,test/mitmproxy/data/corrupted_har,4cb162ec5957a60e0679f1afd751023ca6564ade06219e12a2352cb8d6ab6aa1,2,0,2,0
mitmproxy-main,test/mitmproxy/data/flows,a630a6290fbb420cf0902a2be04cff9decb7b56420637b0142281aaea7d5a4c0,15,0,15,0
mitmproxy-main,test/mitmproxy/data/har_files,f78530b9c832028937aba5ca8821ffb503a10b2e181b06ce1f45d2193f8c4d5c,16,0,16,0
mitmproxy-main,test/mitmproxy/data/image_parser,6f1103e9db3b017394150cf491c727625178695df916dea6ff4626eedaa1d2c9,14,0,14,0
mitmproxy-main,test/mitmproxy/data/servercert,98209ca940b06e1baf43786a04d4e6649fc50b668a0a00c7fd3282eb548ece32,5,0,5,0
mitmproxy-main,test/mitmproxy/io,7d05ea16df891c464abba51ec82eb528305d835ed01400093632424bc3fae5b3,4,0,4,0
mitmproxy-main,test/mitmproxy/net,473b902feb93d14cf642158b47727c6c2a2a0d03cdfcf15faf79756934a64642,7,4,64,0
mitmproxy-main,test/mitmproxy/net/data,527c7ab3a318a267995687b95ddeda455344242cdcc1ec87f6b5647ecce816a1,11,2,38,0
mitmproxy-main,test/mitmproxy/net/data/clientcert,6b67add9548abd8a78710b0139c5db2ebd468cfc0f3561588f6a982398418d2c,4,0,4,0
mitmproxy-main,test/mitmproxy/net/data/verificationcerts,64019099151f3b5202e372b66b6d9db9e8badd89ff644fc99900ecefbc526942,23,0,23,0
mitmproxy-main,test/mitmproxy/net/dns,52fa39724b5a79901e86594949ffa534c63fd90b1d11d368fd5dfcbc451214d4,7,0,7,0
mitmproxy-main,test/mitmproxy/net/http,d3c6a92717cdd9e2e3c42a664fe6cb755dc35ff70a6307e84940ba614c0c985a,8,1,11,0
mitmproxy-main,test/mitmproxy/net/http/http1,0a116453346204d80e641528a317e9b827d9f6d397fc78ab56973f7d738691b3,3,0,3,0
mitmproxy-main,test/mitmproxy/net/tools,d6717fe33d3ccd5ca764ca868a234a5c6f6262555cce314a05e405569f85bb1b,1,0,1,0
mitmproxy-main,test/mitmproxy/platform,63ad5e498fa76e3dbc7b72379f178a6b5a6d35a38d353e22c8e38b40cbb30a29,1,0,1,0
mitmproxy-main,test/mitmproxy/proxy,896665d71fc3dd245fed2f9cd33ed5bfde328aaa531ecb6a6fe0a7c39f76ccfe,15,1,38,0
mitmproxy-main,test/mitmproxy/proxy/layers,09a5bb7ebf5c2f1da5f1657678113773c2458cabcb66978c3774f2dc5a35e1f7,9,2,23,0
mitmproxy-main,test/mitmproxy/proxy/layers/http,5ce15fa702be0aed960a4b714c6def19bfa27be7a4955332b8e85a35a3aeec98,7,0,7,0
mitmproxy-main,test/mitmproxy/proxy/layers/quic,a26f0737d484d41fb2f20307e39a038a216697c4afef5e0316c44155cf3e7e36,7,0,7,0
mitmproxy-main,test/mitmproxy/script,4eea64d482e770743d698fbf02aafb1aef2f0946c38f74d8e8f8b5a6ca051ef2,2,0,2,0
mitmproxy-main,test/mitmproxy/tools,1a8f93a9791c7ed765cbc68dd156bc69b87a55a64f00065bc493865b25ec1236,4,2,23,0
mitmproxy-main,test/mitmproxy/tools/console,83b138d58470f2dff1b37522ab8dc8edc781c5c01cc3434bf26083270ede7966,13,0,13,0
mitmproxy-main,test/mitmproxy/tools/web,ae12efcbc661d36c0a42d72b480ef14e8c506146b11d83d1535c58ef6398cce1,6,0,6,0
mitmproxy-main,test/mitmproxy/utils,0b6a7b0638a4c36d45c6844a43cdb382be6c374ca2f918656a0528c757ddbb66,15,0,15,0
mitmproxy-main,test/wg-test-client,f4f7d86452e9f6635205752ce44d22913abe3f65db4fd19660d7162ba051a37d,7,0,7,0
mitmproxy-main,web,491a2452885a5f88eebfd312191d7d94e6d9571dafa2018f217caef83a2b4bd7,12,3,299,0
mitmproxy-main,web/gen,cafaba29bd0778adf412b48a1d52e2975c1cef674ed2b5e088d9ddc298e9a908,6,0,6,0
mitmproxy-main,web/public,65cacd3123e4c5fdb2040724758ec40f455427c131627afeecaef7582389531a,0,1,1,0
mitmproxy-main,web/public/static,65cacd3123e4c5fdb2040724758ec40f455427c131627afeecaef7582389531a,1,0,1,0
mitmproxy-main,web/src,38446fe16b61b42a16e75e7693af47fa0e9cca76a5603049f6ca1156f6284d02,0,3,280,0
mitmproxy-main,web/src/css,c35308b418d76866a559034c61d0eee257856ccc1d5c98eaa49526232f6e87b6,18,0,18,0
mitmproxy-main,web/src/images,03b72c176c8d822b98e5abc86ee1e692dc20f60276bdc801dcb8d594e87c292f,12,1,17,0
mitmproxy-main,web/src/images/chrome-devtools,bcaf86e0423d633f259e29f34bae3cb90cf56fce857a130dd0648bb8d6228510,5,0,5,0
mitmproxy-main,web/src/js,cb3939bc5760f9bf5041bf693d88924026838292c624252b8ee9d84175ceba84,4,7,245,0
mitmproxy-main,web/src/js/__tests__,ce8d35402189f388920b82d40bcafe7a25bf638a76f5595d832124460db0b858,3,5,121,0
mitmproxy-main,web/src/js/__tests__/backends,7c7ad2b2381e4d53f6ee4636cef8598c64b38e111a2b0be9080d2bf0f04fa973,2,0,2,0
mitmproxy-main,web/src/js/__tests__/components,1a62f316e3bf64852cf5022d97a731ccde2cd9144ee9af4776171a426a97aac9,6,11,77,0
mitmproxy-main,web/src/js/__tests__/components/EventLog,34711723b3da9139d8d2de1ba4ee53aac85ae9e3cb41e138fca363548f060ad4,1,1,2,0
mitmproxy-main,web/src/js/__tests__/components/EventLog/__snapshots__,1f0f2c155a0e8b4bedc6f830e83a39ad839338184909c00caed99141f907aca5,1,0,1,0
mitmproxy-main,web/src/js/__tests__/components/FlowTable,706e9d6b25e99f4038d2d04aa611b78cf8fcf8fdcf4d019952f136b8b99c87fd,3,1,6,0
mitmproxy-main,web/src/js/__tests__/components/FlowTable/__snapshots__,c3f0eacb022c9592729250ad9fe0f40b605ece1ba6dbf07d06a4f3944aa04815,3,0,3,0
mitmproxy-main,web/src/js/__tests__/components/FlowView,07aac89fee0727bf9a0d570ddb4dba7c85223e3dce948771bdfb786c004f1972,1,0,1,0
mitmproxy-main,web/src/js/__tests__/components/Header,2f81e0e0ccef47e7a2df8e72d8f835f3c9d36108431a777cc14e70effc556d28,9,1,18,0
mitmproxy-main,web/src/js/__tests__/components/Header/__snapshots__,201dbc464659deef5ae8658ad8eb8f67d8214c74c879b2560461d91353717b44,9,0,9,0
mitmproxy-main,web/src/js/__tests__/components/Modal,3d3fb6ea9245c4ceb9f5bd2ef955a4f03be9a400f5e3f242a90266dc758dc8ef,3,1,6,0
mitmproxy-main,web/src/js/__tests__/components/Modal/__snapshots__,f00590b39d55eae80aa9016836577f76556cb856ed16498d7a24bd12b048d6bf,3,0,3,0
mitmproxy-main,web/src/js/__tests__/components/Modes,7b891be0d4a3bf7d27effea265c9e6bde0a2cadc28ea6e0744a21c0fcc6ed29e,3,1,6,0
mitmproxy-main,web/src/js/__tests__/components/Modes/__snapshots__,34999e543f966057b071e754bc085bb738750d44e79f4631ca7d97397d0f9756,3,0,3,0
mitmproxy-main,web/src/js/__tests__/components/__snapshots__,7cdf3f71eb10c62b300287ac49b06d7a5ec3497b7ccbf758d01492e47072d9bf,5,0,5,0
mitmproxy-main,web/src/js/__tests__/components/common,0e322b930b3191bf50852d29db2cf7417096942b2dd31792ab1404471bf88db3,6,1,12,0
mitmproxy-main,web/src/js/__tests__/components/common/__snapshots__,e1dca437fce5a08f1b5f90018701733f53632a5275fcc795367d571f92aadd59,6,0,6,0
mitmproxy-main,web/src/js/__tests__/components/contentviews,f65fb3c4136b0981fb0bdc30d3f7688b14a3eac71064c0af85d0dae569219a77,5,1,9,0
mitmproxy-main,web/src/js/__tests__/components/contentviews/__snapshots__,b5c6c02cee5e8a8b53ccadac317eb59310a95f27a30ca130793185e94608b0bc,4,0,4,0
mitmproxy-main,web/src/js/__tests__/components/editors,e059a7c0423a1668819a95e5346d8ec6289f3de94ce790ecb40bb6a6a02f0f63,2,1,4,0
mitmproxy-main,web/src/js/__tests__/components/editors/__snapshots__,c3f1d719befc63253ce4f42a17819ada97454a4a33c206196ad47d4a1fee986e,2,0,2,0
mitmproxy-main,web/src/js/__tests__/components/helpers,f1dd5763ab29b7bebdbdaeec19fe6d777eb2c1ef01d447cf46f55d648d11c936,2,0,2,0
mitmproxy-main,web/src/js/__tests__/ducks,41694047e8e28c349e8cbc5c5458d2c50b21960514145e5a41c819b345355f2d,10,3,29,0
mitmproxy-main,web/src/js/__tests__/ducks/flows,c99b55b4e406851b93a0dc76dcf4dc6ec254f02e72132bc74c558508c66a517e,4,0,4,0
mitmproxy-main,web/src/js/__tests__/ducks/modes,f5c746de3c038738c26ad541f2e635115aa78c9289df4aa4591a7105aa83f991,9,0,9,0
mitmproxy-main,web/src/js/__tests__/ducks/ui,604056865cfd6c1f2c6f86f220ee9404bcbeed9a14be02bb400b84b834b9912e,6,0,6,0
mitmproxy-main,web/src/js/__tests__/flow,083e3d824dd67bebc2b5300bfd31b30a9dcd22af47073b0ea77ccaa9efe96cc9,1,0,1,0
mitmproxy-main,web/src/js/__tests__/modes,376796e5f9c753f6b72a049ecae561f78e8a2c480f9f29e67fcec55240d14ffc,9,0,9,0
mitmproxy-main,web/src/js/backends,1787df7961507913c3428f6d57286cb38fcde557274f7bdbf83771d1ed01515d,3,0,3,0
mitmproxy-main,web/src/js/components,ad6dfd84dab1b67a92f475e9a7b900e2fc28a22ab037ab5e17ecaa26ca9a7082,9,10,69,0
mitmproxy-main,web/src/js/components/EventLog,47c77c10960e41b69bc20193e739209bede7a8a18a0e925505ff823fd8b460c5,1,0,1,0
mitmproxy-main,web/src/js/components/FlowTable,9604108eb7f11a4e0b9a1e9e7a018a054d42dae8322e0bd347f67e8db5e03c55,3,0,3,0
mitmproxy-main,web/src/js/components/FlowView,606899a573725a9ad52fed4f23ac2c692de375f79421bf5d33fcee3b0cc9bd28,10,0,10,0
mitmproxy-main,web/src/js/components/Header,679fc68975096daf15529e3383e9ca5f40592647b49a763d6ecd66631b5151f4,9,0,9,0
mitmproxy-main,web/src/js/components/Modal,1067e1a3269722cac1e40a709eccd2501766f234f9148bccecfc3bbc43e56ef0,5,0,5,0
mitmproxy-main,web/src/js/components/Modes,a8449cb067a53316973114c2e40dd39bae785a5fb55d6ce0c3cacd7d69745c39,13,0,13,0
mitmproxy-main,web/src/js/components/common,e4b2f7b2e480f40ef700863718387cc1c61bd9650170ee2044d28d902928c41d,8,0,8,0
mitmproxy-main,web/src/js/components/contentviews,0b09d283a1a05908053dd51119b09c524857ca5b5aac532103cde0abc166d630,6,0,6,0
mitmproxy-main,web/src/js/components/editors,b6335125d9f9406cdf4260ed30e9bdb7c884b6acfe36f893e93d49d306a54931,3,0,3,0
mitmproxy-main,web/src/js/components/helpers,e2f4a783a745658c495a2b4003250c8ed92c42a478f043437d332ea891a4edd9,2,0,2,0
mitmproxy-main,web/src/js/ducks,6f325461d949b1086f46db6b76afbe5ddde506cceb68729c79d1d860c4b1fe64,13,3,33,0
mitmproxy-main,web/src/js/ducks/flows,64e964555421b9caa16fed21c0486a7a3c68297931a08a12a7d5edb605b2d18d,4,0,4,0
mitmproxy-main,web/src/js/ducks/modes,b38e4edce8a7357e1943968d74adb3d917d9280c9982943a17da65a8e5c6865f,9,0,9,0
mitmproxy-main,web/src/js/ducks/ui,c58b0600c1871b13439e9ade33b9ab55e59f770681b9b37926f2421284c5ea2f,7,0,7,0
mitmproxy-main,web/src/js/filt,75aa869738a61a57f0d690df03170ee0d25f26a70ad8df9dbd01fec92ec0b0ef,4,0,4,0
mitmproxy-main,web/src/js/flow,4b506de01bc453052df30a6f6c152dea586d03e3ec8e1789413444ebf5b87847,2,0,2,0
mitmproxy-main,web/src/js/modes,cb5e66e56f317aeef3747fa58671b93917eb1eeaa1f58e69b705d4e6bde2931f,9,0,9,0
pion-dtls-main,.,f164bd80f73eb0246d58c695b056a8b11ba5959c5e9c13729b7cad802105dd2e,67,8,447,0
pion-dtls-main,.github,1a14d7de7fbb90d8f68bedbd964f4f33fddef7a0589a0c9c2b7814e283c38867,3,1,13,0
pion-dtls-main,.github/workflows,d4a2052e45812143d5e1596bd9ded113788e75374e7dd21cee1d968d29521bda,10,0,10,0
pion-dtls-main,.reuse,7c49da4f9375f64b9e5c39fcce1aa5fd868779981ae352b168c1f8016cf6cb33,1,0,1,0
pion-dtls-main,LICENSES,b2cf5288adaf18e8248b1e98d266771a1a5c9cbf8905423d1bf39e58629902de,2,0,2,0
pion-dtls-main,e2e,1e9eb0baf22acab5b45daf88c564fd470aa94d9bf8a08c8c87154ea691692569,5,0,5,0
pion-dtls-main,examples,327da3047a80a025065801f82ffc3c7b555510ee619ba797e3b368d1f47cd0ce,0,4,16,0
pion-dtls-main,examples/certificates,fe50fa6b6007004d265ee7f4a27bbaecddade551cf73c6ce5c7d23055d995fa7,5,0,5,0
pion-dtls-main,examples/dial,21767bc89a078fd9eaa3aa3773f9b3f50e776a14eb92d7a45e9e0d93376d9d1b,0,4,4,0
pion-dtls-main,examples/dial/cid,d33e3b6325b325517a386cef978eded74349a053c1a6ba69a372f7243fd81479,1,0,1,0
pion-dtls-main,examples/dial/psk,e3229f4f9ff20b0efbe25bad3f0c310222a64565940098b63f360dc736108e31,1,0,1,0
pion-dtls-main,examples/dial/selfsign,68fd8eed59c5d12745ea3ae8e2f094d0114446c29451d1cf37f3d62a5881ed25,1,0,1,0
pion-dtls-main,examples/dial/verify,85964ef8abd3aa113800f684f02199db562ee7b1254bb67b4828c63ba4949fef,1,0,1,0
pion-dtls-main,examples/listen,92ab8c67ed0fa2ca144a2164a11f2c309a1f9e6b06cc17d57d6eab659400afe0,0,5,5,0
pion-dtls-main,examples/listen/cid,73df8c8f720904181e7893e33f6e6afc360602cae51f2d21cb223e47963485f2,1,0,1,0
pion-dtls-main,examples/listen/psk,68b1c8574e0969f816fda01d00c51f7c6d78359cde208d2bace795d23ed12b26,1,0,1,0
pion-dtls-main,examples/listen/selfsign,2f66f80bfb519481e78cba8a2a1d4be4745eb7597f64c535a43ca1e1096a4eb9,1,0,1,0
pion-dtls-main,examples/listen/verify,47858406214b0f6e6f5f8083f97a26069ad031801c0402043ce3d1644ced66f0,1,0,1,0
pion-dtls-main,examples/listen/verify-brute-force-protection,cabeb99b60edf499d90e9dedbc1e1b95d9858445306a11b3d552d485dce7ab79,1,0,1,0
pion-dtls-main,examples/util,8a84b0934fe8dccf8f4a57d73d7ee77a70f6d098071275d9221904d27ae2a8f9,2,0,2,0
pion-dtls-main,internal,35793511be8d9847e51fdfb2b8f2e91d57cd3974c907cbf8647c365e3f1f0e4f,0,4,27,0
pion-dtls-main,internal/ciphersuite,c2937477c24ae62e2986338551287343a6af28c35c333279e719cac678ca7cd5,18,1,20,0
pion-dtls-main,internal/ciphersuite/types,3646fbd70670b5a9c8dee804f028827f4a8f676272e00e88a74e3ebda90b7473,2,0,2,0
pion-dtls-main,internal/closer,2319a46756076b204359301b0d0b013d391b926ca9b0d0af6556fbcfd25bcb29,1,0,1,0
pion-dtls-main,internal/net,eff68fdf885607cae4aa683536aeea70740b7018e6e5b0e5ceb4ae1bce5957dd,2,1,4,0
pion-dtls-main,internal/net/udp,e1fe146493e265088ca933cbb72a4eab5fb28c2becd9fb18bc258b2e47278021,2,0,2,0
pion-dtls-main,internal/util,6d942b640702c7df5c982c1287cb73b87aa4190d6dc4b08ed6c72980f1db47ea,2,0,2,0
pion-dtls-main,pkg,3ac65afc95dd8ad28e2d1ab5a3482362c5aa661ad3ed7a6d62499a7370bfad42,0,3,314,0
pion-dtls-main,pkg/crypto,cf506d98ace636d3e7ea56863acbb7cf5e59b867eed22a9305d444dfe7dc84dc,0,10,34,0
pion-dtls-main,pkg/crypto/ccm,91e20542585d613851140d43cd82ec8f9a070c37ad7a05720475e4a3c6b952bd,2,0,2,0
pion-dtls-main,pkg/crypto/ciphersuite,a2970d55d300dd9c07722a129744a31848e2015ed8d8c38ef5158bc49486f2af,12,0,12,0
pion-dtls-main,pkg/crypto/clientcertificate,1a4c5b00e8131551fc64d701207091c7b5b72defaa21b523712e8361ba847c02,1,0,1,0
pion-dtls-main,pkg/crypto/elliptic,e111ec7e08671be10e3359779300fa0fc470f6a1979aa59596547d445809d3dd,2,0,2,0
pion-dtls-main,pkg/crypto/fingerprint,19190934cfa1f743a0b5a9ba73ed183a74881fdc8cfa536c01128e3bca69b0ad,4,0,4,0
pion-dtls-main,pkg/crypto/hash,7d74607435fec7ad044121367f3965921cc6a25c78163b24c0e1cc8de8a1580f,2,0,2,0
pion-dtls-main,pkg/crypto/prf,d6d6dc3bb0068d03ecd1e030a04700c3595b53c35e69b2cb4b94e32e0de980ee,2,0,2,0
pion-dtls-main,pkg/crypto/selfsign,7082c6a4962ab8172124e2c35d150f07f2e7e7efc684c01723cc2ddd1e4b3914,1,0,1,0
pion-dtls-main,pkg/crypto/signature,fe5d15901d12c9d18b0990028eaa5561346f37392ab7540ec5ef46e42db9a23b,2,0,2,0
pion-dtls-main,pkg/crypto/signaturehash,e1429cfc12d94348a8e03f78c8e1a04e07d166502f7a43555fcf5d4a63f121e7,6,0,6,0
pion-dtls-main,pkg/net,1d9748e2381dbdcc7e2cfb541aabd786546d426d006c3ebe8ebfdbb14b36264d,1,0,1,0
pion-dtls-main,pkg/protocol,d663367a4bc2fb546ce74b2c0d397ebb4751f69597fc0e5063baf4ff95154ad9,9,4,279,0
pion-dtls-main,pkg/protocol/alert,2f8b147d358a6da28a3af0ccff2b3aaf5c0aee2e0587bf0e9224d47a94bb441e,2,0,2,0
pion-dtls-main,pkg/protocol/extension,f93fbc2b098478f17e94e616f1f2e9671491eb92002a6e9a5942f88ce3fe7b9a,35,1,37,0
pion-dtls-main,pkg/protocol/extension/testdata,503f88ce93379dde11226e92bbf28d74b332d91890bebc15388919d861ce2c36,0,1,2,0
pion-dtls-main,pkg/protocol/extension/testdata/fuzz,503f88ce93379dde11226e92bbf28d74b332d91890bebc15388919d861ce2c36,0,1,2,0
pion-dtls-main,pkg/protocol/extension/testdata/fuzz/FuzzCookieExtUnmarshal,503f88ce93379dde11226e92bbf28d74b332d91890bebc15388919d861ce2c36,2,0,2,0
pion-dtls-main,pkg/protocol/handshake,4723037b4d351ae789dc3f0d6c868014a7a80c419d174f46e8381f84671a2bd5,31,0,31,0
pion-dtls-main,pkg/protocol/recordlayer,20512bfa7342263bd59cfe66581f6b2014d498183bcdbd0d26f1affe1301a97a,5,1,200,0
pion-dtls-main,pkg/protocol/recordlayer/testdata,56ddc4b065007085c7d00fb4b13bc0a9165565921e8e89a498a3de2965db6699,0,1,195,0
pion-dtls-main,pkg/protocol/recordlayer/testdata/fuzz,56ddc4b065007085c7d00fb4b13bc0a9165565921e8e89a498a3de2965db6699,0,1,195,0
pion-dtls-main,pkg/protocol/recordlayer/testdata/fuzz/FuzzRecordLayer,56ddc4b065007085c7d00fb4b13bc0a9165565921e8e89a498a3de2965db6699,195,0,195,0
pion-dtls-main,testdata,2a15ae344da560f01d38b260516a3f5f7a5f9dd1b77d74313fe9fd5812ba1ef9,0,1,2,0
pion-dtls-main,testdata/seed,2a15ae344da560f01d38b260516a3f5f7a5f9dd1b77d74313fe9fd5812ba1ef9,2,0,2,0
probe-legacy-master,.,0edd6d9b582c50ad27c6e2a4e3360c181117420f47f016625f97ab58193cbf14,20,7,302,0
probe-legacy-master,.github,bef8911f65e30aa02047532991f03a44c3717ba62cbc8d61f099f2c2fca0738f,1,0,1,0
probe-legacy-master,data,2ec2864f093ff0b1f1aefb593b9c1981b7b6c7e093482eb635da59cc568d10e4,8,1,12,0
probe-legacy-master,data/decks,2e5f6d95f84c8cdb9d055878a6539fba8d1e2f7a6231bdaccec8a01a42fcc0b9,4,0,4,0
probe-legacy-master,docs,4a7aee2c1f3194026c8ef091c55f04dacb973bfe2630b0356bce77fccdf8c155,5,1,46,0
probe-legacy-master,docs/source,8c55ccb6c11fc460a5be144c9dbfd9b9d406b7b18f08b91edcae9559f5095703,10,5,41,0
probe-legacy-master,docs/source/_static,8d36fb3e47ad1169a95f5950f1d64d9cadeef20f15187bb7aa7f024d58f9f4df,1,1,2,0
probe-legacy-master,docs/source/_static/images,247ba300c1d90f98c599c670f33c0764ece21c2cfcbe5bd58ba65584366d5d63,1,0,1,0
probe-legacy-master,docs/source/api,56e41a2cbee5400ac5bb63816a7d6d40bc863d5c2a3d40bf9165d582e651622e,2,0,2,0
probe-legacy-master,docs/source/manual,c6b06e62b9e54533145bd3f24ce37f005ea2bc8f3c930e7384d66489f7db7e53,5,0,5,0
probe-legacy-master,docs/source/nettests,fdcb5fadee335bdd42e85c3674a8d7dde5c451b9dc465fa380abb6f7af5c3598,7,0,7,0
probe-legacy-master,docs/source/tests,4601f45e9606105d18704a3cc37e3df7e9332649faa1fbc725635c7f8eaea838,15,0,15,0
probe-legacy-master,ooni,6b662885a8c33693bf1cd17ef985d0cb0ce8e4e1753f545125dad384736a238a,14,11,189,0
probe-legacy-master,ooni/agent,6890f202649eb2ba0bb1d68d03e32fb7bdc49d1c552ae7bd5c9478049b7cd924,3,0,3,0
probe-legacy-master,ooni/common,626722fd55b1b9dc8dc2293385bc3c9fbb4873ace09c388d8fd0f5726a8796c0,5,0,5,0
probe-legacy-master,ooni/contrib,cd2f7293755eb173b221f29885ba8ac9fc0cc9cf205f8f2aa5879ae12a9c1191,2,1,8,0
probe-legacy-master,ooni/contrib/dateutil,838ec2a67e5e882a313b055941e8294ad230e09769cb811696888ee5ee01f587,2,1,6,0
probe-legacy-master,ooni/contrib/dateutil/tz,012f8742253f6f4aaf5d59f508312566a34bd2000b0c0ccdb4dcddbf5035762b,4,0,4,0
probe-legacy-master,ooni/deck,0f81f9424c3af3411ca2dd16022c89ad877abd81c2708d5bcaacaf447194b617,5,0,5,0
probe-legacy-master,ooni/kit,8c64cabf5ef68ffcd6c82f8e73e4d1d4b5542a652987fe90e891984de57e4b78,3,0,3,0
probe-legacy-master,ooni/nettests,d0b4b7685c4a68455fe8509bf8259b806ce9a7eda37c35865cc531a1dc746af4,1,6,57,0
probe-legacy-master,ooni/nettests/blocking,9d3f3ecbeb3eeb83fd3cabcca2694a97c205d0679defb8b6e4e49db168d7a3ea,11,0,11,0
probe-legacy-master,ooni/nettests/examples,2f13506c9e31931b632e9c644ec1b57c002f9095b1680463b8e116b520bb4725,13,0,13,0
probe-legacy-master,ooni/nettests/experimental,d7b39981dc37fda303e449ea21f0c81441d556285f5eeaece183a82c895edc3d,14,1,16,0
probe-legacy-master,ooni/nettests/experimental/bridge_reachability,6e03110bbfd14746666e50d6d10b97570d33631723b22150e6ee0d6dd9645c05,2,0,2,0
probe-legacy-master,ooni/nettests/manipulation,37b8540ebd0d53024565d5fca4bb55815c1fbc2e6c13e11683a8fb319de45c3e,7,0,7,0
probe-legacy-master,ooni/nettests/scanning,59a0c8ca65b08b85e9b08e1e55d97ee25136d178f02beeab74554613e29b62ea,2,0,2,0
probe-legacy-master,ooni/nettests/third_party,e68fa76c50117d03eeb5d93afd63d06c4f7dbb408a530c63b8f9192f8c99c1a6,7,0,7,0
probe-legacy-master,ooni/scripts,a9080364307d58bd7ed3825f51ead82616a5eab091e2446041899ff5bfec25f4,6,0,6,0
probe-legacy-master,ooni/templates,4100f61f418a0e43d5dde81bb473d7271fbf8f054c7aabb12b493d2781e830e0,6,0,6,0
probe-legacy-master,ooni/tests,da0252b216bb8b98ebdbfecf5c603f16471ae514b924884c53cec2d7152a0c8e,28,0,28,0
probe-legacy-master,ooni/ui,2b0a272b0d2c453175a6240676fc1ca1dd2052ba4ca3eadfd06c2d60f74c0816,3,1,47,0
probe-legacy-master,ooni/ui/web,de278c42f1313852c5fceb32b2bd284c5be003f8fd09d6f54fa3a3171cfcae87,3,1,44,0
probe-legacy-master,ooni/ui/web/client,32880355b478e750d59e5b275514f5b73832c6d625fa242fb348307c9741388f,13,2,41,0
probe-legacy-master,ooni/ui/web/client/favicons,382561f30c03516d534aac552d7157ca9c1574559fe7bb8eb18e0cf753d7c7de,14,0,14,0
probe-legacy-master,ooni/ui/web/client/fonts,48246f7936d10eb5843839b52bc7a714d0f7e10add7a3e4d7181c753269d5bee,14,0,14,0
probe-legacy-master,ooni/utils,3ba2218ec7840560f698f8cfeab19c993a7fd2dcc759eca6301bb1d38716b0d2,7,0,7,0
probe-legacy-master,scripts,b83c561803fb0fe442808297c7f90f8bd497ebb0f185e118120e32aa33c901f7,12,2,17,0
probe-legacy-master,scripts/set_caps,c04b0dd9c7f4ed319d83f25df4969fcbdd31fbab13b17b0b90a5ebead08319c5,2,1,4,0
probe-legacy-master,scripts/set_caps/test,48e8da0d5add37e96e0ca958ff4bcc15185927a810e931932a101f77482e46b8,1,1,2,0
probe-legacy-master,scripts/set_caps/test/ooni,3114ff5989a971b8a40710ddc9349182b3131e3688cd3fd47a87c086c7bb6f31,1,0,1,0
probe-legacy-master,scripts/systemd,03289fa643654e61d5fa98a1428ec7999eedc1ff444ea4d263eca5caf227449a,1,0,1,0
probe-legacy-master,secrets,4c0ae0218dd1e3b896e8e53d3fed33a69517fdd6a32921b1ae4732f437a77f15,1,0,1,0
probe-legacy-master,var,fdac439160de6a85f4be1b0caf8643e282c7a655b5b9a156b9fbfdc546d0d315,3,1,16,0
probe-legacy-master,var/example_inputs,efe2795b98c2eba38ccd87c00adbf66a4cf4c8726403ede76f8e44184106651a,13,0,13,0
qjs-master,.,0af8a71834ddc6dcbcd5c1b354f61855f1c7501ebb5cc05c5486c2c346cb6766,43,3,92,0
qjs-master,.github,8de67d2d7a21e30d7eb4e1262c17fb178454e04701d344536bf4c36d85082dab,0,1,1,0
qjs-master,.github/workflows,8de67d2d7a21e30d7eb4e1262c17fb178454e04701d344536bf4c36d85082dab,1,0,1,0
qjs-master,qjswasm,e6bb382b74b5fc3d29e35f76e1a1b92f47d3393fcaccfd5296582f6766c66c6a,7,0,7,0
qjs-master,testdata,c2e626c35cb4e4642c8053dd2f0cd146c64300f8b4263babafee968aa36b7b79,0,5,41,0
qjs-master,testdata/00_loader,5a6dfadd3ec5e525ecbeff0d7a2041d96465a2436ab5aabf16e636e917a7088a,0,5,5,0
qjs-master,testdata/00_loader/01_realname,5de072de0476cd408dc7c8ee7ec434425cab78f239a2d73432ee5896da62eff2,1,0,1,0
qjs-master,testdata/00_loader/02_autoindexjs,fb5ea504d945c9a71830817163838a253f71b0e2a8503d943ca59af23594fe0e,1,0,1,0
qjs-master,testdata/00_loader/03_autoindexmjs,0d5b8e1862ed49afcdf29e5aa9fb5d4b9746e94e8ecec7c009755996364c8939,1,0,1,0
qjs-master,testdata/00_loader/04_autoextjs,43d93ce5a70becc572f49eb46f332c7f7aa539a6e82b12e37f353e38d21f8354,1,0,1,0
qjs-master,testdata/00_loader/05_autoextmjs,64242c79e7c752b6dd1628c6dae6ff23bf020832beddbd401e53a97c24073182,1,0,1,0
qjs-master,testdata/01_global,42c225673a91e40d8be3b512add48f3844ad4b947ec75d5d7d4132c3d091ed2a,13,0,13,0
qjs-master,testdata/02_module,b03a11afe0c0ae9d5c64e77ec5fcdc43e81bb3765c2a5f3204be590a5f5a70e1,0,10,14,0
qjs-master,testdata/02_module/01_invalid_syntax,11af54db132355a2ba2f834cf108186254ce65eb572dffa867bbd49b2895649a,1,0,1,0
qjs-master,testdata/02_module/02_throw_error,28e4d620155c5901ef992172e69fef10c5d2f6f418c0a27c497eb431db1f1562,1,0,1,0
qjs-master,testdata/02_module/03_default_export_return_value,2924a7b3ea92a27b4cbdb1d95a008b6cc495142a1ba456203865cf11be5b36a6,1,0,1,0
qjs-master,testdata/02_module/04_without_default_export_return_undefined,b409730deb94d1d1bb646135cb76ba826d6fc611a656948c2fcf248683f58127,1,0,1,0
qjs-master,testdata/02_module/05_import_not_exist,90b1dfda129caba632734229977eaf71956546c07322f94c9f8c68e19062d92e,1,0,1,0
qjs-master,testdata/02_module/06_import_export,a269d22f789da1f41c0f23429cb906f6556072eadfddfa8fbd631831a2221cb9,3,0,3,0
qjs-master,testdata/02_module/07_export_fn_call,ef5d6eeda5bd5116e842abec6ce665b0e4345bdc66e7e42736641336a2038763,2,0,2,0
qjs-master,testdata/02_module/08_export_empty,90cfc9d0f3e45b0099084f273b279056ae3b6fee2ba6fd42c0121933905a2f15,1,0,1,0
qjs-master,testdata/02_module/09_side_effect,0d5ab26d0e2f6e6252a35d6777914021fa94abbab99b3f25acb48ce147fa82cf,2,0,2,0
qjs-master,testdata/02_module/10_export,c4b85fdf89cab0441f2417e184a5f6775835bdb25ac3f915b2e711591aa56703,1,0,1,0
qjs-master,testdata/03_compile,9fb308b38e557937f65eb2ae07cfa6546a03ad51470678b9b5058d6596c6e024,2,2,5,0
qjs-master,testdata/03_compile/01_global,d2b5036e309860d42807b94ec695a96071fd252fc97958da91bb645c7824bcfe,1,0,1,0
qjs-master,testdata/03_compile/02_module,ac832951231044aaa9489b877ff2c4dd4253f651246e5985ee8de3f099213360,2,0,2,0
qjs-master,testdata/04_load,a9beacd122f6894dbf03fb4a395d39a416fc45e03ad99b30fe35c19571b22c72,1,1,4,0
qjs-master,testdata/04_load/03_mixed,8352dd937a6e18e64233f3557db9e772ee10addd633e4fda2cc8b4eec8d13fc6,2,1,3,0
qjs-master,testdata/04_load/03_mixed/mod_c,924b701b11942179df6d8d8c59010b892dcac41d987c2bd50187efc976cd0c67,1,0,1,0
smux-master,.,115f7c775c21adfb1bb8cb2582239e46b2cfc7dd1459a3d649fd3d2f13446162,20,1,23,0
smux-master,assets,fcd6e2a3c5f35cf67d084ff12b998b3d400a46833037f721848692a3882532eb,3,0,3,0
