donor,path,sha256,size_bytes,file_type,language,classification,authority_status,semantic_record_ids,surface_disposition,surface_rationale
mitm-proxy,.DS_Store,3a8578ce12b3cd39423510c9d68c3058efc9857b295c9ec3d3572eedd545d598,6148,file,other,repository-administration,supporting-evidence,PR225-R022;PR225-M023,focused-module-repository-administration,focused module-level disposition
mitm-proxy,.air.toml,bcaeb023b232f468cd1f814da41ec43ceeabdefe1524e676e2f9cecba6f30c75,912,file,TOML,configuration,authoritative-source,PR225-R022;PR225-M023;PR225-F0001,focused-file-configuration,independent file-level semantic disposition
mitm-proxy,.gitignore,bd6cb355439b7f256d48e595cca8c04dc5b16bd9cfa020e59847c92000ff3a8d,579,file,other,repository-administration,supporting-evidence,PR225-R022;PR225-M023,focused-module-repository-administration,focused module-level disposition
mitm-proxy,README.md,a04e36962bbd9504de7197217c7232df50226a206dd2a9e4073f4d4bb7f4e83f,334,file,Markdown,documentation,supporting-evidence,PR225-R022;PR225-M023,focused-module-documentation,focused module-level disposition
mitm-proxy,ca.go,215b049efc9ce71c10b23b96f79b5858645bd75da5d9405f3c3c6049c6f96652,4792,file,Go,implementation,authoritative-source,PR225-R022;PR225-M023;PR225-F0002,focused-file-implementation,independent file-level semantic disposition
mitm-proxy,certs/ca-key.pem,05abec09d27d616de9628da67b1190e9c0f140e31b45566c0769bb33261d2a5f,3243,file,other,repository-administration,supporting-evidence,PR225-R022,accounted-supporting-repository-administration,supporting/admin/fixture/documentation surface explicitly accounted by donor record
mitm-proxy,certs/ca.pem,15f8f6dd18bf99b611f48d9a74b0bbcb0afe9118e082d2bc52c2c75271471e3b,1846,file,other,repository-administration,supporting-evidence,PR225-R022,accounted-supporting-repository-administration,supporting/admin/fixture/documentation surface explicitly accounted by donor record
mitm-proxy,conf.go,9cb7792ec26ef6d7ae24ce133dd2ce5ddd81cdf6611f5a213ffd7f196decf3d8,1414,file,Go,implementation,authoritative-source,PR225-R022;PR225-M023;PR225-F0003,focused-file-implementation,independent file-level semantic disposition
mitm-proxy,config.yaml,9f240a878308d5abb47c725190318c08b427a085c36c3fc1779006c3cdd5113f,246,file,YAML,configuration,authoritative-source,PR225-R022;PR225-M023;PR225-F0004,focused-file-configuration,independent file-level semantic disposition
mitm-proxy,go.mod,16992a856855698aaab634f3b2cf95bc103383f54e5013e6af8da9b4d97747d8,993,file,other,configuration,authoritative-source,PR225-R022;PR225-M023;PR225-F0005,focused-file-configuration,independent file-level semantic disposition
mitm-proxy,go.sum,dbf19ab834e2f4c8b8c89f83de040d634ca662d740a509874eaf0d7c51438b67,5411,file,other,configuration,authoritative-source,PR225-R022;PR225-M023;PR225-F0006,focused-file-configuration,independent file-level semantic disposition
mitm-proxy,logger.go,931e058cc6a3515eac3658acd7d2eed4f29cee8c8b4054a703d31e0274ab8d70,2387,file,Go,implementation,authoritative-source,PR225-R022;PR225-M023;PR225-F0007,focused-file-implementation,independent file-level semantic disposition
mitm-proxy,main.go,ba113c839f2e66c752386743326065b10b77d378af14dff9fd4d01d70b4fffe6,396,file,Go,implementation,authoritative-source,PR225-R022;PR225-M023;PR225-F0008,focused-file-implementation,independent file-level semantic disposition
mitm-proxy,proxy.go,e90ae31b098cacc2c924f339202dbcf6cfd987f389b4cc1f47a694c5938a0479,4846,file,Go,implementation,authoritative-source,PR225-R022;PR225-M023;PR225-F0009,focused-file-implementation,independent file-level semantic disposition
mitm-relay,.gitignore,669a93c2c8713f66580d6eda384b2552c47d0cfb1024ba237f6f77f32f256d38,25,file,other,repository-administration,supporting-evidence,PR225-R024;PR225-M025,focused-module-repository-administration,focused module-level disposition
mitm-relay,LICENSE,b40930bbcf80744c86c46a12bc9da056641d722716c378f5659b9e555ef833e1,11357,file,other,documentation,supporting-evidence,PR225-R024;PR225-M025,focused-module-documentation,focused module-level disposition
mitm-relay,README.md,4a83818971565376dd82df9df6d54f5148ac368d07788dc2151f589ae8099c91,10153,file,Markdown,documentation,supporting-evidence,PR225-R024;PR225-M025,focused-module-documentation,focused module-level disposition
mitm-relay,gen_certs.sh,a4627413ec4d8eebb16fe767c9860c76ba630d40bb2b7b5d34052b4010b1032c,217,file,Shell,script,authoritative-source,PR225-R024;PR225-M025;PR225-F0010,focused-file-script,independent file-level semantic disposition
mitm-relay,mitm_relay.py,375b6679205c7b31e7fb4dbd5fe959abb11c07f122aae73b0d2fc6c9526225e4,14470,file,Python,implementation,authoritative-source,PR225-R024;PR225-M025;PR225-F0011,focused-file-implementation,independent file-level semantic disposition
mitm-relay,sample_script.py,6fa07d3a10c07b501da864d8776199365a15701c9b0bb38dd39f3a33aacaa4ad,603,file,Python,implementation,authoritative-source,PR225-R024;PR225-M025;PR225-F0012,focused-file-implementation,independent file-level semantic disposition
routing-list,LICENSE,3972dc9744f6499f0f9b2dbf76696f2ae7ad8af9b23dde66d6af86c9dfb36986,35149,file,other,documentation,supporting-evidence,PR225-R034;PR225-M035,focused-module-documentation,focused module-level disposition
routing-list,README.md,94a5fb1a53ac8f8f6bb0296cb266538e89f3abf592780a7e66314cee6c783d7d,27,file,Markdown,documentation,supporting-evidence,PR225-R034;PR225-M035,focused-module-documentation,focused module-level disposition
routing-list,block,b4ba055b32802c6add3a7b1f33e1670271725f8fda0d06dc0ec4437cea880bb9,25,file,other,repository-administration,supporting-evidence,PR225-R034;PR225-M035,focused-module-repository-administration,focused module-level disposition
routing-list,custom_routing_rules,64891c16ecef311cb4ccaf03fa223e018c1e1ffd676f92ca75ae1db740e9638a,609,file,other,repository-administration,supporting-evidence,PR225-R034;PR225-M035,focused-module-repository-administration,focused module-level disposition
routing-list,custom_routing_rules_blacklist,c2369c7c3483a4b0bcb4842dab8f78daf909ab16545c82b2aa637421c56b267d,3014,file,other,repository-administration,supporting-evidence,PR225-R034;PR225-M035,focused-module-repository-administration,focused module-level disposition
routing-list,custom_routing_rules_whitelist,4a99bdd789849f52142a9ac8467c8f5ea587fe4257b6ad853b0fa4717b85a3b9,1853,file,other,repository-administration,supporting-evidence,PR225-R034;PR225-M035,focused-module-repository-administration,focused module-level disposition
routing-list,direct,d3b774a506d98bfff43ba2b3ffd1e4c9d499323f155760beee783c140641c54d,35,file,other,repository-administration,supporting-evidence,PR225-R034;PR225-M035,focused-module-repository-administration,focused module-level disposition
routing-list,proxy,5b27c48754973202615e37d6527633b8ce9330cbdf76b57067581fb70cff535a,24,file,other,repository-administration,supporting-evidence,PR225-R034;PR225-M035,focused-module-repository-administration,focused module-level disposition
routing-list,singbox_custom_ruleset_example.json,ba1d4008443b820edd50b948083580dbc228784db5da3951cc309d7d8ab098ae,581,file,JSON,configuration,authoritative-source,PR225-R034;PR225-M035;PR225-F0013,focused-file-configuration,independent file-level semantic disposition
routing-list,template,a1927c52a43a0ed289533b42f7de1b593274cf8de1294e169ad853adc090798b,90,file,other,repository-administration,supporting-evidence,PR225-R034;PR225-M035,focused-module-repository-administration,focused module-level disposition
sing-box-rules,.github/release-rule-set.sh,288cad4e71ba731ee2fac461529a23862c7e864eaa6bc873a9bfdd1dd4ae19ef,806,file,Shell,repository-administration,supporting-evidence,PR225-R026,accounted-supporting-repository-administration,supporting/admin/fixture/documentation surface explicitly accounted by donor record
sing-box-rules,.github/update_dependencies.sh,66b1846412a31e95a4fd7edbae870059a6dbe55408e64542670cca35e006c19e,148,file,Shell,repository-administration,supporting-evidence,PR225-R026,accounted-supporting-repository-administration,supporting/admin/fixture/documentation surface explicitly accounted by donor record
sing-box-rules,.github/workflows/release.yaml,a55c5927ea3dc7767aa7696b3c24b877c0eeeb10a182f5188c67d985209bc67d,2371,file,YAML,repository-administration,supporting-evidence,PR225-R026,accounted-supporting-repository-administration,supporting/admin/fixture/documentation surface explicitly accounted by donor record
sing-box-rules,.gitignore,6c485c8be6f9910a644d9596fc2d0433963529acca4af5d94b1fba652687a260,13,file,other,repository-administration,supporting-evidence,PR225-R026,accounted-supporting-repository-administration,supporting/admin/fixture/documentation surface explicitly accounted by donor record
sing-box-rules,README.md,1160ddaee3efb052033d83aca467dde51ebe7b7a6ba5c164cf19026c332b0aa8,631,file,Markdown,documentation,supporting-evidence,PR225-R026,accounted-supporting-documentation,supporting/admin/fixture/documentation surface explicitly accounted by donor record
sing-box-rules,sing-geoip/LICENSE,2f02b7486bcfa90d115c71a20437f3906b6fd5bef81c5dc0efd341399e89d0fd,674,file,other,documentation,supporting-evidence,PR225-R026;PR225-M027,focused-module-documentation,focused module-level disposition
sing-box-rules,sing-geoip/format.go,1ea0845592d540426588a2abc30feb36b06bf6d6562ba581a848940c9a040cb2,210,file,Go,implementation,authoritative-source,PR225-R026;PR225-M027;PR225-F0014,focused-file-implementation,independent file-level semantic disposition
sing-box-rules,sing-geoip/go.mod,ee356f8b6d82a1c5a0015c727835308d11b1f7b323ba30084234cd3793e6f508,839,file,other,configuration,authoritative-source,PR225-R026;PR225-M027;PR225-F0015,focused-file-configuration,independent file-level semantic disposition
sing-box-rules,sing-geoip/go.sum,1d70f0d1b618aae3d53500bc41c3fc1bc43f8d1302fed2826849342441f05c61,3618,file,other,configuration,authoritative-source,PR225-R026;PR225-M027;PR225-F0016,focused-file-configuration,independent file-level semantic disposition
sing-box-rules,sing-geoip/main.go,9646bef4e804fed9dd4da4e16b91ca043ccd83d9b4dda0a20ec3ad7111c90274,7129,file,Go,implementation,authoritative-source,PR225-R026;PR225-M027;PR225-F0017,focused-file-implementation,independent file-level semantic disposition
sing-box-rules,sing-geosite/LICENSE,2f02b7486bcfa90d115c71a20437f3906b6fd5bef81c5dc0efd341399e89d0fd,674,file,other,documentation,supporting-evidence,PR225-R026;PR225-M028,focused-module-documentation,focused module-level disposition
sing-box-rules,sing-geosite/format.go,1ea0845592d540426588a2abc30feb36b06bf6d6562ba581a848940c9a040cb2,210,file,Go,implementation,authoritative-source,PR225-R026;PR225-M028;PR225-F0018,focused-file-implementation,independent file-level semantic disposition
sing-box-rules,sing-geosite/go.mod,6a62b488fb9e8e37429dd9dd0529f33340f8799cf834b64aa21b2f2648b7736a,4401,file,other,configuration,authoritative-source,PR225-R026;PR225-M028;PR225-F0019,focused-file-configuration,independent file-level semantic disposition
sing-box-rules,sing-geosite/go.sum,9dc617fc7cf5e687378fbd130d647c70784019074c0a3cfc8c30c0f69deaff2f,19677,file,other,configuration,authoritative-source,PR225-R026;PR225-M028;PR225-F0020,focused-file-configuration,independent file-level semantic disposition
sing-box-rules,sing-geosite/main.go,7469b6c6d9b1ed0ebaee8b91507ee0d74e8f43785a52d277d663f2fe8b3c718c,8314,file,Go,implementation,authoritative-source,PR225-R026;PR225-M028;PR225-F0021,focused-file-implementation,independent file-level semantic disposition
sing-dns,.github/renovate.json,93a1651c9727c22d2301f0934605a2235bc9a4126038a4585cfdf923e121d4ea,349,file,JSON,repository-administration,supporting-evidence,PR225-R029,accounted-supporting-repository-administration,supporting/admin/fixture/documentation surface explicitly accounted by donor record
sing-dns,.github/update_dependencies.sh,c4c5f89f2fd7bfcbb33ed0bd674d23f6b06a3d0f7ade26f9f7601174c4bf1c0f,135,file,Shell,repository-administration,supporting-evidence,PR225-R029,accounted-supporting-repository-administration,supporting/admin/fixture/documentation surface explicitly accounted by donor record
sing-dns,.github/workflows/lint.yml,b580939cfbb00e1d50c90cd654cf1a2bed3c8f6462a3d20ff05b57b7b47fb341,730,file,YAML,repository-administration,supporting-evidence,PR225-R029,accounted-supporting-repository-administration,supporting/admin/fixture/documentation surface explicitly accounted by donor record
sing-dns,.github/workflows/test.yml,202d7fa6130fc083493b017dc92a003d7a2e8e36f921b708b06078812837f900,2321,file,YAML,repository-administration,supporting-evidence,PR225-R029,accounted-supporting-repository-administration,supporting/admin/fixture/documentation surface explicitly accounted by donor record
sing-dns,.gitignore,73b134205f4ed9e6350d789d3d067ea1a936ae377c04a1d47aab76a83065278f,27,file,other,repository-administration,supporting-evidence,PR225-R029;PR225-M031,focused-module-repository-administration,focused module-level disposition
sing-dns,.golangci.yml,6a2b6fe0867c925adf34fc14ca6f39d6eed459ed6161a8c1d259aa005b07e146,281,file,YAML,configuration,authoritative-source,PR225-R029;PR225-M031;PR225-F0022,focused-file-configuration,independent file-level semantic disposition
sing-dns,LICENSE,2f02b7486bcfa90d115c71a20437f3906b6fd5bef81c5dc0efd341399e89d0fd,674,file,other,documentation,supporting-evidence,PR225-R029;PR225-M031,focused-module-documentation,focused module-level disposition
sing-dns,Makefile,7bb06130de435e7bcb71c2ce2f56003f7a6fee8e6197573c114ee58c80475385,531,file,other,configuration,authoritative-source,PR225-R029;PR225-M031;PR225-F0023,focused-file-configuration,independent file-level semantic disposition
sing-dns,README.md,7760d99492808b696bcd7506e5523e05035bb1194aba8ccba9330c5c89ef7246,731,file,Markdown,documentation,supporting-evidence,PR225-R029;PR225-M031,focused-module-documentation,focused module-level disposition
sing-dns,client.go,b61ca9f4ff6cb09cbd46040fbb4f43b0ee76522ed675c4d1a7c12852e0a92712,20205,file,Go,implementation,authoritative-source,PR225-R029;PR225-M031;PR225-F0024,focused-file-implementation,independent file-level semantic disposition
sing-dns,client_options.go,13be6de58b2638b2a2c9c7c5b0e818b3e5832c8dffbd8ed16e52d6c5a3b752cc,159,file,Go,implementation,authoritative-source,PR225-R029;PR225-M031;PR225-F0025,focused-file-implementation,independent file-level semantic disposition
sing-dns,client_truncate.go,8cef42430af0698bd4005ea58d6fd8199b3e7ded1220a452d0117b0e490d72b7,746,file,Go,implementation,authoritative-source,PR225-R029;PR225-M031;PR225-F0026,focused-file-implementation,independent file-level semantic disposition
sing-dns,dialer.go,9b7c45a34a46aa7915bcffbc27369fcb6bce0d38d0b640af9a5f8a849e59591d,1498,file,Go,implementation,authoritative-source,PR225-R029;PR225-M031;PR225-F0027,focused-file-implementation,independent file-level semantic disposition
sing-dns,extension_edns0_subnet.go,52cf9703f31322a07f886dab4a5b97a58850c5a659e8a65ea60640ec20b60bac,1785,file,Go,implementation,authoritative-source,PR225-R029;PR225-M031;PR225-F0028,focused-file-implementation,independent file-level semantic disposition
sing-dns,go.mod,ab970db1263a78c7ad359fa5cbd7120a7ca5d99327f95792eac3dd5c0afa2c3d,977,file,other,configuration,authoritative-source,PR225-R029;PR225-M031;PR225-F0029,focused-file-configuration,independent file-level semantic disposition
sing-dns,go.sum,789025a429a5421c89ba800678939a28ebda6b15ab199c1c5f80af59f94063b5,4433,file,other,configuration,authoritative-source,PR225-R029;PR225-M031;PR225-F0030,focused-file-configuration,independent file-level semantic disposition
sing-dns,log.go,82f65aa1f9c408bc8e2aa2d512c5e18ca122ea5ac9d83319cc1288784d557689,2211,file,Go,implementation,authoritative-source,PR225-R029;PR225-M031;PR225-F0031,focused-file-implementation,independent file-level semantic disposition
sing-dns,quic/transport_http3.go,de70df415ec126b2bd7d54ce72a42703df03e79340c34a01e3bf801587351fd4,3352,file,Go,implementation,authoritative-source,PR225-R029;PR225-M030;PR225-F0032,focused-file-implementation,independent file-level semantic disposition
sing-dns,quic/transport_quic.go,ab816d3cad34a3510567c78558ef91134eecf0697cb80dbea1cafa8ab3bf2e5e,4902,file,Go,implementation,authoritative-source,PR225-R029;PR225-M030;PR225-F0033,focused-file-implementation,independent file-level semantic disposition
sing-dns,rcode.go,cf8d417fb90d135c80f4a7552add4fa620b5a1ad2fac7388988021cb7ffca6ec,772,file,Go,implementation,authoritative-source,PR225-R029;PR225-M031;PR225-F0034,focused-file-implementation,independent file-level semantic disposition
sing-dns,strategy.go,017d88307d8265fab23560f90b7e8ff6a7576f4eb3505d144076077ef2e6d961,192,file,Go,implementation,authoritative-source,PR225-R029;PR225-M031;PR225-F0035,focused-file-implementation,independent file-level semantic disposition
sing-dns,transport.go,44679c336c037de2675b6f711c8fc3349a251c8262d83630ff28393b1314c9f1,1713,file,Go,implementation,authoritative-source,PR225-R029;PR225-M031;PR225-F0036,focused-file-implementation,independent file-level semantic disposition
sing-dns,transport_hosts.go,57abf1fcf69f714a4090e140c2005376e4bcb94575267287128f9868ddbb296c,874,file,Go,implementation,authoritative-source,PR225-R029;PR225-M031;PR225-F0037,focused-file-implementation,independent file-level semantic disposition
sing-dns,transport_https.go,bb6a4a3a659f768f923021f1e99e6cc97c6532c32721b802e8a2dc7881600327,2858,file,Go,implementation,authoritative-source,PR225-R029;PR225-M031;PR225-F0038,focused-file-implementation,independent file-level semantic disposition
sing-dns,transport_local.go,4647500fcde58b54534bdc47321e52a400c777d825563bbe5588427660f74c56,2074,file,Go,implementation,authoritative-source,PR225-R029;PR225-M031;PR225-F0039,focused-file-implementation,independent file-level semantic disposition
sing-dns,transport_rcode.go,30cdcf664fc7f1bc8937d3f8d73b6e5ceaa8636cfb8b56b4dbb2a874a389ed46,1748,file,Go,implementation,authoritative-source,PR225-R029;PR225-M031;PR225-F0040,focused-file-implementation,independent file-level semantic disposition
sing-dns,transport_tcp.go,180241c15cd69e9f749975a7d03089e24467ae7ec7ef9c6f142910c6f2fbcc0e,2897,file,Go,implementation,authoritative-source,PR225-R029;PR225-M031;PR225-F0041,focused-file-implementation,independent file-level semantic disposition
sing-dns,transport_test.go,8c1d6f4cbb9c2d3575509a1344ea38c55bc6e0cf4f6d0b85150c3b1b6a4ebe19,1199,file,Go,test,authoritative-source,PR225-R029;PR225-M031;PR225-F0042,focused-file-test,independent file-level semantic disposition
sing-dns,transport_tls.go,360d804f16cf79f3a7b38b21abd90a6bdf2d3f9a32098915a77e0fec8017bae5,3043,file,Go,implementation,authoritative-source,PR225-R029;PR225-M031;PR225-F0043,focused-file-implementation,independent file-level semantic disposition
sing-dns,transport_udp.go,47afc36da2e967675cf3e61a40044b496958698be95f7aaa6c75a3689f68fcea,5670,file,Go,implementation,authoritative-source,PR225-R029;PR225-M031;PR225-F0044,focused-file-implementation,independent file-level semantic disposition
sing-mux,.github/renovate.json,93a1651c9727c22d2301f0934605a2235bc9a4126038a4585cfdf923e121d4ea,349,file,JSON,repository-administration,supporting-evidence,PR225-R032,accounted-supporting-repository-administration,supporting/admin/fixture/documentation surface explicitly accounted by donor record
sing-mux,.github/update_dependencies.sh,c4c5f89f2fd7bfcbb33ed0bd674d23f6b06a3d0f7ade26f9f7601174c4bf1c0f,135,file,Shell,repository-administration,supporting-evidence,PR225-R032,accounted-supporting-repository-administration,supporting/admin/fixture/documentation surface explicitly accounted by donor record
sing-mux,.github/workflows/lint.yml,d7c7b085849abb14ac9329d1b9d99800e320a932d8e8b6a9882b870402b9f918,774,file,YAML,repository-administration,supporting-evidence,PR225-R032,accounted-supporting-repository-administration,supporting/admin/fixture/documentation surface explicitly accounted by donor record
sing-mux,.github/workflows/test.yml,202d7fa6130fc083493b017dc92a003d7a2e8e36f921b708b06078812837f900,2321,file,YAML,repository-administration,supporting-evidence,PR225-R032,accounted-supporting-repository-administration,supporting/admin/fixture/documentation surface explicitly accounted by donor record
sing-mux,.gitignore,73b134205f4ed9e6350d789d3d067ea1a936ae377c04a1d47aab76a83065278f,27,file,other,repository-administration,supporting-evidence,PR225-R032;PR225-M033,focused-module-repository-administration,focused module-level disposition
sing-mux,.golangci.yml,6a2b6fe0867c925adf34fc14ca6f39d6eed459ed6161a8c1d259aa005b07e146,281,file,YAML,configuration,authoritative-source,PR225-R032;PR225-M033;PR225-F0045,focused-file-configuration,independent file-level semantic disposition
sing-mux,LICENSE,2f02b7486bcfa90d115c71a20437f3906b6fd5bef81c5dc0efd341399e89d0fd,674,file,other,documentation,supporting-evidence,PR225-R032;PR225-M033,focused-module-documentation,focused module-level disposition
sing-mux,Makefile,c1800d7f9cc2a000ff2320309304c06a904f018f0e60c30c6f7850fcf7cc5510,499,file,other,configuration,authoritative-source,PR225-R032;PR225-M033;PR225-F0046,focused-file-configuration,independent file-level semantic disposition
sing-mux,README.md,6298ab23ef879af84acd1ff91e6ecf705b9ab2ee1f5396e823d49c01c7269681,37,file,Markdown,documentation,supporting-evidence,PR225-R032;PR225-M033,focused-module-documentation,focused module-level disposition
sing-mux,brutal.go,9e7b0ffe66dc569aa27968111c5dd1dbab8668a785fd7688f6335f9cdef1b82d,1496,file,Go,implementation,authoritative-source,PR225-R032;PR225-M033;PR225-F0047,focused-file-implementation,independent file-level semantic disposition
sing-mux,brutal_linux.go,f32f53f1f8f5005537c4547be1f843c6da7e1f54d4cb4a5235fb603c4bf005bc,1491,file,Go,implementation,authoritative-source,PR225-R032;PR225-M033;PR225-F0048,focused-file-implementation,independent file-level semantic disposition
sing-mux,brutal_stub.go,6679a7aec8724697fa3cdaf21ef5026de7532cced2cc28b6fb36ecb9c6c71322,249,file,Go,implementation,authoritative-source,PR225-R032;PR225-M033;PR225-F0049,focused-file-implementation,independent file-level semantic disposition
sing-mux,client.go,14f156a8f0b67765ef877bd7f5f27b954a7a4d892c601ccd8b645f3f493e281d,6234,file,Go,implementation,authoritative-source,PR225-R032;PR225-M033;PR225-F0050,focused-file-implementation,independent file-level semantic disposition
sing-mux,client_conn.go,05cfc90bc9d1b7be55dad91f5b29c09fd632f41cbc357c984dffe9368fb38c23,9995,file,Go,implementation,authoritative-source,PR225-R032;PR225-M033;PR225-F0051,focused-file-implementation,independent file-level semantic disposition
sing-mux,client_conn_wait.go,70edbdaa0db6b1700a2f93343ac3b44eb27932fcf525516ee737ac1068f8c0b0,1720,file,Go,implementation,authoritative-source,PR225-R032;PR225-M033;PR225-F0052,focused-file-implementation,independent file-level semantic disposition
sing-mux,error.go,c853eb49bd00e1c87cc4da8e9eba93b97817470d3728abc829a52f69d3b5b4f2,859,file,Go,implementation,authoritative-source,PR225-R032;PR225-M033;PR225-F0053,focused-file-implementation,independent file-level semantic disposition
sing-mux,go.mod,862a24d85eed1bab60ea1ad2dfd371da35ba23805c48d518ddb611468fdb8564,275,file,other,configuration,authoritative-source,PR225-R032;PR225-M033;PR225-F0054,focused-file-configuration,independent file-level semantic disposition
sing-mux,go.sum,0d19a733ae627d91aa4b5de4129e4260db79d89a1fa8177acbb258c99f0b2a7d,3580,file,other,configuration,authoritative-source,PR225-R032;PR225-M033;PR225-F0055,focused-file-configuration,independent file-level semantic disposition
sing-mux,h2mux.go,69199f66f928d135c5829c4174b815920f104eecf164f1f80a3b218857570b77,5523,file,Go,implementation,authoritative-source,PR225-R032;PR225-M033;PR225-F0056,focused-file-implementation,independent file-level semantic disposition
sing-mux,h2mux_conn.go,4ff03148968a65cf625a4a7c52f7f8328a667421193ba2b6001e028025a768b5,1671,file,Go,implementation,authoritative-source,PR225-R032;PR225-M033;PR225-F0057,focused-file-implementation,independent file-level semantic disposition
sing-mux,padding.go,07806ea92bb07d0a4e5813889c2395210952bba8a1a9bf505a5e98a242cc42bc,5421,file,Go,implementation,authoritative-source,PR225-R032;PR225-M033;PR225-F0058,focused-file-implementation,independent file-level semantic disposition
sing-mux,protocol.go,339cc11139095f2080701e2f71b538cf722195541774d1e26ab84874dcc0c5d5,4010,file,Go,implementation,authoritative-source,PR225-R032;PR225-M033;PR225-F0059,focused-file-implementation,independent file-level semantic disposition
sing-mux,protocol_conn.go,a85c5e2aad78458529c9ac8df24fcdef09ec7b9490ce2ee4da8b70c415936546,1365,file,Go,implementation,authoritative-source,PR225-R032;PR225-M033;PR225-F0060,focused-file-implementation,independent file-level semantic disposition
sing-mux,server.go,3e7edbfb1c5641c0cea3f91885fa3b152970fb8d114eac6145dfea3afd079b7d,5601,file,Go,implementation,authoritative-source,PR225-R032;PR225-M033;PR225-F0061,focused-file-implementation,independent file-level semantic disposition
sing-mux,server_conn.go,f8020677eb0289a132e1fd88ca0bcaf4130d8648d1952d9e5abc431da35bf349,7061,file,Go,implementation,authoritative-source,PR225-R032;PR225-M033;PR225-F0062,focused-file-implementation,independent file-level semantic disposition
sing-mux,session.go,e9b005161f02e2f0514b9852211517636d5762b0d3e5e7ef851eabe5e6e95799,2922,file,Go,implementation,authoritative-source,PR225-R032;PR225-M033;PR225-F0063,focused-file-implementation,independent file-level semantic disposition
sni-bypass,.git/HEAD,28d25bf82af4c0e2b72f50959b2beb859e3e60b9630a5e8c603dad4ddb2b6e80,21,file,other,repository-administration,supporting-evidence,PR225-R001,accounted-supporting-repository-administration,supporting/admin/fixture/documentation surface explicitly accounted by donor record
sni-bypass,.git/config,9bec182c45437f66647d70840333dee853d6ed51df9081db0243486aafe9d5e4,302,file,other,repository-administration,supporting-evidence,PR225-R001,accounted-supporting-repository-administration,supporting/admin/fixture/documentation surface explicitly accounted by donor record
sni-bypass,.git/description,85ab6c163d43a17ea9cf7788308bca1466f1b0a8d1cc92e26e9bf63da4062aee,73,file,other,repository-administration,supporting-evidence,PR225-R001,accounted-supporting-repository-administration,supporting/admin/fixture/documentation surface explicitly accounted by donor record
sni-bypass,.git/hooks/applypatch-msg.sample,0223497a0b8b033aa58a3a521b8629869386cf7ab0e2f101963d328aa62193f7,478,file,other,repository-administration,supporting-evidence,PR225-R001,accounted-supporting-repository-administration,supporting/admin/fixture/documentation surface explicitly accounted by donor record
sni-bypass,.git/hooks/commit-msg.sample,efc1401b0e99d1ff51494d154d98b46c1e99059bcd8bf9f73cecde19fd3eb23b,1972,file,other,repository-administration,supporting-evidence,PR225-R001,accounted-supporting-repository-administration,supporting/admin/fixture/documentation surface explicitly accounted by donor record
sni-bypass,.git/hooks/fsmonitor-watchman.sample,9159720099ad5595b8e66645cbfd47763c1e920f46e0b50ae75e642bbec57ef0,4611,file,other,repository-administration,supporting-evidence,PR225-R001,accounted-supporting-repository-administration,supporting/admin/fixture/documentation surface explicitly accounted by donor record
sni-bypass,.git/hooks/post-update.sample,81765af2daef323061dcbc5e61fc16481cb74b3bac9ad8a174b186523586f6c5,189,file,other,repository-administration,supporting-evidence,PR225-R001,accounted-supporting-repository-administration,supporting/admin/fixture/documentation surface explicitly accounted by donor record
sni-bypass,.git/hooks/pre-applypatch.sample,e15c5b469ea3e0a695bea6f2c82bcf8e62821074939ddd85b77e0007ff165475,424,file,other,repository-administration,supporting-evidence,PR225-R001,accounted-supporting-repository-administration,supporting/admin/fixture/documentation surface explicitly accounted by donor record
sni-bypass,.git/hooks/pre-commit.sample,57185b7b9f05239d7ab52db045f5b89eb31348d7b2177eab214f5eb872e1971b,1649,file,other,repository-administration,supporting-evidence,PR225-R001,accounted-supporting-repository-administration,supporting/admin/fixture/documentation surface explicitly accounted by donor record
sni-bypass,.git/hooks/pre-merge-commit.sample,d3825a70337940ebbd0a5c072984e13245920cdf8898bd225c8d27a6dfc9cb53,416,file,other,repository-administration,supporting-evidence,PR225-R001,accounted-supporting-repository-administration,supporting/admin/fixture/documentation surface explicitly accounted by donor record
sni-bypass,.git/hooks/pre-push.sample,ecce9c7e04d3f5dd9d8ada81753dd1d549a9634b26770042b58dda00217d086a,1374,file,other,repository-administration,supporting-evidence,PR225-R001,accounted-supporting-repository-administration,supporting/admin/fixture/documentation surface explicitly accounted by donor record
sni-bypass,.git/hooks/pre-rebase.sample,4febce867790052338076f4e66cc47efb14879d18097d1d61c8261859eaaa7b3,4898,file,other,repository-administration,supporting-evidence,PR225-R001,accounted-supporting-repository-administration,supporting/admin/fixture/documentation surface explicitly accounted by donor record
sni-bypass,.git/hooks/pre-receive.sample,a4c3d2b9c7bb3fd8d1441c31bd4ee71a595d66b44fcf49ddb310252320169989,544,file,other,repository-administration,supporting-evidence,PR225-R001,accounted-supporting-repository-administration,supporting/admin/fixture/documentation surface explicitly accounted by donor record
sni-bypass,.git/hooks/prepare-commit-msg.sample,e9ddcaa4189fddd25ed97fc8c789eca7b6ca16390b2392ae3276f0c8e1aa4619,1492,file,other,repository-administration,supporting-evidence,PR225-R001,accounted-supporting-repository-administration,supporting/admin/fixture/documentation surface explicitly accounted by donor record
sni-bypass,.git/hooks/push-to-checkout.sample,a53d0741798b287c6dd7afa64aee473f305e65d3f49463bb9d7408ec3b12bf5f,2783,file,other,repository-administration,supporting-evidence,PR225-R001,accounted-supporting-repository-administration,supporting/admin/fixture/documentation surface explicitly accounted by donor record
sni-bypass,.git/hooks/sendemail-validate.sample,44ebfc923dc5466bc009602f0ecf067b9c65459abfe8868ddc49b78e6ced7a92,2308,file,other,repository-administration,supporting-evidence,PR225-R001,accounted-supporting-repository-administration,supporting/admin/fixture/documentation surface explicitly accounted by donor record
sni-bypass,.git/hooks/update.sample,8d5f2fa83e103cf08b57eaa67521df9194f45cbdbcb37da52ad586097a14d106,3650,file,other,repository-administration,supporting-evidence,PR225-R001,accounted-supporting-repository-administration,supporting/admin/fixture/documentation surface explicitly accounted by donor record
sni-bypass,.git/index,eec30df6f50607c79109b0f3803fae2939d7455a87e57deca80cee380b254835,297,file,other,repository-administration,supporting-evidence,PR225-R001,accounted-supporting-repository-administration,supporting/admin/fixture/documentation surface explicitly accounted by donor record
sni-bypass,.git/info/exclude,6671fe83b7a07c8932ee89164d1f2793b2318058eb8b98dc5c06ee0a5a3b0ec1,240,file,other,repository-administration,supporting-evidence,PR225-R001,accounted-supporting-repository-administration,supporting/admin/fixture/documentation surface explicitly accounted by donor record
sni-bypass,.git/logs/HEAD,1fdd7676b40d2b6068d69d8679a7958642214c2bc6eeafe6c14688fc27a6df3b,187,file,other,repository-administration,supporting-evidence,PR225-R001,accounted-supporting-repository-administration,supporting/admin/fixture/documentation surface explicitly accounted by donor record
sni-bypass,.git/logs/refs/heads/main,1fdd7676b40d2b6068d69d8679a7958642214c2bc6eeafe6c14688fc27a6df3b,187,file,other,repository-administration,supporting-evidence,PR225-R001,accounted-supporting-repository-administration,supporting/admin/fixture/documentation surface explicitly accounted by donor record
sni-bypass,.git/logs/refs/remotes/origin/HEAD,1fdd7676b40d2b6068d69d8679a7958642214c2bc6eeafe6c14688fc27a6df3b,187,file,other,repository-administration,supporting-evidence,PR225-R001,accounted-supporting-repository-administration,supporting/admin/fixture/documentation surface explicitly accounted by donor record
sni-bypass,.git/objects/pack/pack-ddb29902a87ef02f886c87edb0be1297c9a49fdf.idx,1c370d19cdc9e646510baac27b7ebf90b883fc6bcfca73b27b9dab9ad7ae368f,1212,file,other,repository-administration,supporting-evidence,PR225-R001,accounted-supporting-repository-administration,supporting/admin/fixture/documentation surface explicitly accounted by donor record
sni-bypass,.git/objects/pack/pack-ddb29902a87ef02f886c87edb0be1297c9a49fdf.pack,a969c5428e370014cdbbcfa0b517ce962c3f4ccb991a7f62c04a9a70e17e7907,16900,file,other,repository-administration,supporting-evidence,PR225-R001,accounted-supporting-repository-administration,supporting/admin/fixture/documentation surface explicitly accounted by donor record
sni-bypass,.git/objects/pack/pack-ddb29902a87ef02f886c87edb0be1297c9a49fdf.rev,9ff7eb91ff9463dae09288d453c74e135831f22603692d506e42cdf69253d8bd,72,file,other,repository-administration,supporting-evidence,PR225-R001,accounted-supporting-repository-administration,supporting/admin/fixture/documentation surface explicitly accounted by donor record
sni-bypass,.git/packed-refs,4451e7de240c479074832f5f0f2a1cd456d687f8002fcb20ecb00556f3c188ba,112,file,other,repository-administration,supporting-evidence,PR225-R001,accounted-supporting-repository-administration,supporting/admin/fixture/documentation surface explicitly accounted by donor record
sni-bypass,.git/refs/heads/main,9a441d9e54666c52efe8f546e7bfb49787dd8db526ff5657686e2b24522beb05,41,file,other,repository-administration,supporting-evidence,PR225-R001,accounted-supporting-repository-administration,supporting/admin/fixture/documentation surface explicitly accounted by donor record
sni-bypass,.git/refs/remotes/origin/HEAD,2bb6a24aa0fc6c484100f5d51a29bbad841cd2c755f5d93faa204e5dbb4eb2b4,30,file,other,repository-administration,supporting-evidence,PR225-R001,accounted-supporting-repository-administration,supporting/admin/fixture/documentation surface explicitly accounted by donor record
sni-bypass,.git/shallow,9a441d9e54666c52efe8f546e7bfb49787dd8db526ff5657686e2b24522beb05,41,file,other,repository-administration,supporting-evidence,PR225-R001,accounted-supporting-repository-administration,supporting/admin/fixture/documentation surface explicitly accounted by donor record
sni-bypass,LICENSE,230184f60bae2feaf244f10a8bac053c8ff33a183bcc365b4d8b876d2b7f4809,35823,file,other,documentation,supporting-evidence,PR225-R001;PR225-M002,focused-module-documentation,focused module-level disposition
sni-bypass,README.md,5770a58513c65327fbe3ff20c5ff46ef0682da0d868443a35b02902bff18bcb3,3551,file,Markdown,documentation,supporting-evidence,PR225-R001;PR225-M002,focused-module-documentation,focused module-level disposition
sni-bypass,sni-bypass-installer.sh,668d0f7ca3bfa2602f119c495305d4e932be4ea8a3e3b498ad1416ad0b98ab39,6819,file,Shell,script,authoritative-source,PR225-R001;PR225-M002;PR225-F0064,focused-file-script,independent file-level semantic disposition
sni-spoofing-go,.github/workflows/build.yml,e535e70f251b35af69b40f048f9495c2c04dc2262ab8793e3d10f8afe1d120cb,7438,file,YAML,repository-administration,supporting-evidence,PR225-R003,accounted-supporting-repository-administration,supporting/admin/fixture/documentation surface explicitly accounted by donor record
sni-spoofing-go,.gitignore,cfd798887107e74ad5db6ad7370ced15b66203dac75f63b15f7c53ca6465b413,218,file,other,repository-administration,supporting-evidence,PR225-R003;PR225-M014,focused-module-repository-administration,focused module-level disposition
sni-spoofing-go,Dockerfile,a8e2723e16fcb2a5c7dd4ea47bdb94ac7cd530cc9fd4b332ea62ffbb258963d8,541,file,Dockerfile,deployment,authoritative-source,PR225-R003;PR225-M014;PR225-F0065,focused-file-deployment,independent file-level semantic disposition
sni-spoofing-go,LICENSE,3972dc9744f6499f0f9b2dbf76696f2ae7ad8af9b23dde66d6af86c9dfb36986,35149,file,other,documentation,supporting-evidence,PR225-R003;PR225-M014,focused-module-documentation,focused module-level disposition
sni-spoofing-go,Makefile,7b7f6485f9203200a88a98e2a7805163436d412f30afda2ca93ab36a9588ef82,10236,file,other,configuration,authoritative-source,PR225-R003;PR225-M014;PR225-F0066,focused-file-configuration,independent file-level semantic disposition
sni-spoofing-go,README.md,8470288efb315dccd934fafaed194103dd05f10a246f2d1061f8248124c17c81,11576,file,Markdown,documentation,supporting-evidence,PR225-R003;PR225-M014,focused-module-documentation,focused module-level disposition
sni-spoofing-go,config.example.ini,3533588ea70a62e5e0945737f1e84b93b06947aa2dfe92a911b46b7031c9ff65,668,file,other,configuration,authoritative-source,PR225-R003;PR225-M014;PR225-F0067,focused-file-configuration,independent file-level semantic disposition
sni-spoofing-go,config/config.go,49ea7e1fe420b82b1bcbd5eca07f0c6c834f6f16c9621e64cdf9be945f7a7222,606,file,Go,implementation,authoritative-source,PR225-R003;PR225-M004;PR225-F0068,focused-file-implementation,independent file-level semantic disposition
sni-spoofing-go,config/connect.go,94ba7444ac84fc4b06a76d1a6faf07ed76951ac8a49adb835628a648d3075628,2592,file,Go,implementation,authoritative-source,PR225-R003;PR225-M004;PR225-F0069,focused-file-implementation,independent file-level semantic disposition
sni-spoofing-go,config/connect_test.go,ad2882a05b506926660308babef21800a97a7057eaca4d5a46761fb4c756c1b2,1929,file,Go,test,authoritative-source,PR225-R003;PR225-M004;PR225-F0070,focused-file-test,independent file-level semantic disposition
sni-spoofing-go,config/file.go,d25cae57e47d03fd3787452ab77d187d45fe4029357bd855fed5a5a4e7fc2d55,3353,file,Go,implementation,authoritative-source,PR225-R003;PR225-M004;PR225-F0071,focused-file-implementation,independent file-level semantic disposition
sni-spoofing-go,config/file_test.go,c89b023021c19fc170ec53436fc22288401348c974e579bf3209ebc0a8ce33d2,1427,file,Go,test,authoritative-source,PR225-R003;PR225-M004;PR225-F0072,focused-file-test,independent file-level semantic disposition
sni-spoofing-go,connection/monitor.go,d59243c70206087116c93b4fd9e6d636d5ac9f3f3ee3bb9537b490274d0485b2,743,file,Go,implementation,authoritative-source,PR225-R003;PR225-M005;PR225-F0073,focused-file-implementation,independent file-level semantic disposition
sni-spoofing-go,docs/MACOS_NATIVE_SUPPORT_SPEC_PLAN.md,f84eadca6cfc0e28b72310e8902b01d172a54049d94048d7827dcb3f77bcefe2,8803,file,Markdown,documentation,supporting-evidence,PR225-R003,accounted-supporting-documentation,supporting/admin/fixture/documentation surface explicitly accounted by donor record
sni-spoofing-go,go.mod,f3b698fc423120340b5c6feab43e6316ba82864a12d3502d3fd1886005201b9b,736,file,other,configuration,authoritative-source,PR225-R003;PR225-M014;PR225-F0074,focused-file-configuration,independent file-level semantic disposition
sni-spoofing-go,go.sum,87df660621aa0a41e6f060e6c79013ff761d66ac7921bfbf99752913e966689a,2267,file,other,configuration,authoritative-source,PR225-R003;PR225-M014;PR225-F0075,focused-file-configuration,independent file-level semantic disposition
sni-spoofing-go,gui/app.go,f15cfa09bb90e29006e4c9baed409c3e6a78130a7c324f15a882499ed926b5c1,4018,file,Go,implementation,authoritative-source,PR225-R003;PR225-M006;PR225-F0076,focused-file-implementation,independent file-level semantic disposition
sni-spoofing-go,gui/app_test.go,3b1bf93bd7bb001b5809a8083ebbf68de6a6c38fbf99bc405543a163d024a692,5661,file,Go,test,authoritative-source,PR225-R003;PR225-M006;PR225-F0077,focused-file-test,independent file-level semantic disposition
sni-spoofing-go,gui/build/appicon.png,28332a3b130d1970d208e40b7ab2c84f9ead10199f8c058e08e07fe21fe7ea49,132625,file,other,fixture,supporting-evidence,PR225-R003;PR225-M006,focused-module-fixture,focused module-level disposition
sni-spoofing-go,gui/build/darwin/Info.dev.plist,1e9e994d04bf36bee137e88876fd5ef646b2b8b8354030e4bb69fee1aff596e8,2318,file,other,repository-administration,supporting-evidence,PR225-R003;PR225-M006,focused-module-repository-administration,focused module-level disposition
sni-spoofing-go,gui/build/darwin/Info.plist,5ac2ee5f5d38ac7242df5e3d76d86af2ac004f52a6a4f0378c8a1ca36b3fc3b3,2178,file,other,repository-administration,supporting-evidence,PR225-R003;PR225-M006,focused-module-repository-administration,focused module-level disposition
sni-spoofing-go,gui/build/windows/icon.ico,6c6864842e732c1cb6e09a77a3801c9a511f0614879ce043ad7884095e676bca,21017,file,other,fixture,supporting-evidence,PR225-R003;PR225-M006,focused-module-fixture,focused module-level disposition
sni-spoofing-go,gui/build/windows/info.json,4de62dae9a86aa4c6048e304ba2a3f22bd2989d270561a92489c1456629661cf,356,file,JSON,configuration,authoritative-source,PR225-R003;PR225-M006;PR225-F0078,focused-file-configuration,independent file-level semantic disposition
sni-spoofing-go,gui/build/windows/installer/project.nsi,b480a6df8f8d0e99c20c9638d09a880c66c528a01f6dfa522731366555d6b42d,4862,file,other,deployment,authoritative-source,PR225-R003;PR225-M006;PR225-F0079,focused-file-deployment,independent file-level semantic disposition
sni-spoofing-go,gui/build/windows/installer/wails_tools.nsh,da6476a8767ea34f3436c2d854771ecc300e8c91d5e9f49108e051688d5b01fd,8294,file,other,deployment,authoritative-source,PR225-R003;PR225-M006;PR225-F0080,focused-file-deployment,independent file-level semantic disposition
sni-spoofing-go,gui/build/windows/wails.exe.manifest,9859463d27406aa13315ce66243d2caf866f169fc6e08d0fca6c22c19e4b3f80,1509,file,other,repository-administration,supporting-evidence,PR225-R003;PR225-M006,focused-module-repository-administration,focused module-level disposition
sni-spoofing-go,gui/frontend/dist/.gitkeep,e3b0c44298fc1c149afbf4c8996fb92427ae41e4649b934ca495991b7852b855,0,file,other,repository-administration,supporting-evidence,PR225-R003;PR225-M006,focused-module-repository-administration,focused module-level disposition
sni-spoofing-go,gui/frontend/index.html,08bee451fb83d4acf397c4345329701ffd8cee9fdc69860c77677ddbd41cf054,290,file,HTML,ui-or-product,authoritative-source,PR225-R003;PR225-M006;PR225-F0081,focused-file-ui-or-product,independent file-level semantic disposition
sni-spoofing-go,gui/frontend/package-lock.json,a4dba05f5ef43bda6b9a39cf734b0bda6f324e20292d3648a2e5123791e33d83,78229,file,JSON,configuration,authoritative-source,PR225-R003;PR225-M006;PR225-F0082,focused-file-configuration,independent file-level semantic disposition
sni-spoofing-go,gui/frontend/package.json,08d7c520cb23db00d55d42abfb860be7da202206d87684bc8a684206363ba9aa,693,file,JSON,configuration,authoritative-source,PR225-R003;PR225-M006;PR225-F0083,focused-file-configuration,independent file-level semantic disposition
sni-spoofing-go,gui/frontend/src/App.svelte,eef7f4d8bc655b9881d52d2ad7a5c7114e30686016fe5ecb861e67a91fcc51b3,18085,file,other,repository-administration,supporting-evidence,PR225-R003;PR225-M006,focused-module-repository-administration,focused module-level disposition
sni-spoofing-go,gui/frontend/src/i18n.ts,43ab98a3ced7a6eafd894d4303569e774c6837e582596f291517ea86fd2acdef,1071,file,TypeScript,implementation,authoritative-source,PR225-R003;PR225-M006;PR225-F0084,focused-file-implementation,independent file-level semantic disposition
sni-spoofing-go,gui/frontend/src/locales/en.json,6c9ecad072ca971df2dffc481d028459ede874ef8e6e65bd3152a8cdda3e7d1e,1612,file,JSON,configuration,authoritative-source,PR225-R003;PR225-M006;PR225-F0085,focused-file-configuration,independent file-level semantic disposition
sni-spoofing-go,gui/frontend/src/locales/fa.json,721f6d8536c9ab44a77f4a099621485e864d891b1792cf090d2eb0b172cd899f,2201,file,JSON,configuration,authoritative-source,PR225-R003;PR225-M006;PR225-F0086,focused-file-configuration,independent file-level semantic disposition
sni-spoofing-go,gui/frontend/src/logs.test.ts,2bab7240d8304d3a3d62b15bbd5a3d03a64a4f072f33092d8ea98a909522fad3,3915,file,TypeScript,test,authoritative-source,PR225-R003;PR225-M006;PR225-F0087,focused-file-test,independent file-level semantic disposition
sni-spoofing-go,gui/frontend/src/logs.ts,a317771d723a7a1370b1a26fa40908c0fee30ee092567536ae6dd62bce948116,1423,file,TypeScript,implementation,authoritative-source,PR225-R003;PR225-M006;PR225-F0088,focused-file-implementation,independent file-level semantic disposition
sni-spoofing-go,gui/frontend/src/main.ts,8d407d343bbbcd546c0f78176fa68ec2117fd2923869a961ed267cf46c5850f9,318,file,TypeScript,implementation,authoritative-source,PR225-R003;PR225-M006;PR225-F0089,focused-file-implementation,independent file-level semantic disposition
sni-spoofing-go,gui/frontend/src/style.css,22698e4432e98e996d23a9987905d26dbec2c205393e3923aaf5164673ef2cb2,1354,file,CSS,ui-or-product,authoritative-source,PR225-R003;PR225-M006;PR225-F0090,focused-file-ui-or-product,independent file-level semantic disposition
sni-spoofing-go,gui/frontend/src/vite-env.d.ts,cc9c01ab82cd866d596b11028637a284c3cca4b115d2aa5a02c31d2c59977fc1,71,file,TypeScript,implementation,authoritative-source,PR225-R003;PR225-M006;PR225-F0091,focused-file-implementation,independent file-level semantic disposition
sni-spoofing-go,gui/frontend/svelte.config.js,27b75e5640bb04cbbbdd131c7d7d0b27189d69080430f35d0ee9daad9ce99930,116,file,JavaScript,implementation,authoritative-source,PR225-R003;PR225-M006;PR225-F0092,focused-file-implementation,independent file-level semantic disposition
sni-spoofing-go,gui/frontend/tsconfig.json,f63e33c494f29796b1273f4ce5ff07fd2c922c1a2d55f6932edf41aca03515c9,454,file,JSON,configuration,authoritative-source,PR225-R003;PR225-M006;PR225-F0093,focused-file-configuration,independent file-level semantic disposition
sni-spoofing-go,gui/frontend/tsconfig.node.json,bb9fd8592a9e364641441219f10d84daae9ba2ca5cc85db798efad6913bb8257,233,file,JSON,configuration,authoritative-source,PR225-R003;PR225-M006;PR225-F0094,focused-file-configuration,independent file-level semantic disposition
sni-spoofing-go,gui/frontend/vite.config.ts,8ac54a7224bad96c6dc83d48a40839cf3e9f18db3a46fb837fd2d1934b8507c5,935,file,TypeScript,implementation,authoritative-source,PR225-R003;PR225-M006;PR225-F0095,focused-file-implementation,independent file-level semantic disposition
sni-spoofing-go,gui/frontend/vitest.config.ts,6682c814ecd7db771572c24392875e4a079799d3b929ce717716850336aed0a0,534,file,TypeScript,implementation,authoritative-source,PR225-R003;PR225-M006;PR225-F0096,focused-file-implementation,independent file-level semantic disposition
sni-spoofing-go,gui/go.mod,8d6e937b584c477b533327eaeb7309437d6281fa42c2ffaf08fa11b8bbfe34ab,2523,file,other,configuration,authoritative-source,PR225-R003;PR225-M006;PR225-F0097,focused-file-configuration,independent file-level semantic disposition
sni-spoofing-go,gui/go.sum,e0b50ce963d31e39cc193a36a3db63e8570b39c6e1d7273e35fc321b362c6e42,9130,file,other,configuration,authoritative-source,PR225-R003;PR225-M006;PR225-F0098,focused-file-configuration,independent file-level semantic disposition
sni-spoofing-go,gui/helper_mode.go,63347096560ef8044f8a98422ae9273e8c1410267c9755bdc61915ae4594db5f,1118,file,Go,implementation,authoritative-source,PR225-R003;PR225-M006;PR225-F0099,focused-file-implementation,independent file-level semantic disposition
sni-spoofing-go,gui/main.go,b00c61870c0ac71db01b79f4716e00421a7f5ce6bae007da66b8e8dfd8a50114,3502,file,Go,implementation,authoritative-source,PR225-R003;PR225-M006;PR225-F0100,focused-file-implementation,independent file-level semantic disposition
sni-spoofing-go,gui/main_test.go,eea1364989d087ce7f82a586c013c4c252bfc53cf1386265f5293a007d91a92e,1121,file,Go,test,authoritative-source,PR225-R003;PR225-M006;PR225-F0101,focused-file-test,independent file-level semantic disposition
sni-spoofing-go,gui/startup_verify.go,a23811fb028b505b26d6f55af81cdbbed0b61ea00a1e259d50e7aa55262c6b4e,260,file,Go,implementation,authoritative-source,PR225-R003;PR225-M006;PR225-F0102,focused-file-implementation,independent file-level semantic disposition
sni-spoofing-go,gui/startup_verify_bindings.go,c235a73282ad1ea810b1ee275fced3df3f1a0d4d29702f6a4c01ffc50f204632,78,file,Go,implementation,authoritative-source,PR225-R003;PR225-M006;PR225-F0103,focused-file-implementation,independent file-level semantic disposition
sni-spoofing-go,gui/wails.json,451bd95cffef7dc6e75ea3d2c19792d07e70a26ba7bd2b4ef44f673d85fec28d,328,file,JSON,configuration,authoritative-source,PR225-R003;PR225-M006;PR225-F0104,focused-file-configuration,independent file-level semantic disposition
sni-spoofing-go,guiapi/types.go,d3cca9d9d87cd14d2354540effe6cfb30a975fa70bd5ec7bf1b653ded02cfb3e,1878,file,Go,implementation,authoritative-source,PR225-R003;PR225-M007;PR225-F0105,focused-file-implementation,independent file-level semantic disposition
sni-spoofing-go,guiapi/validate.go,d3c90c2d53baca25d9802ded07f55562c7e542b9482772ffe9956e9e5b2bd464,3480,file,Go,implementation,authoritative-source,PR225-R003;PR225-M007;PR225-F0106,focused-file-implementation,independent file-level semantic disposition
sni-spoofing-go,helper/client.go,c1e6b3247421a752509a785f0d80bafc25252fbed972e11f4141b90c0398f222,4794,file,Go,implementation,authoritative-source,PR225-R003;PR225-M008;PR225-F0107,focused-file-implementation,independent file-level semantic disposition
sni-spoofing-go,helper/logpath.go,3e8ae83338e70d79a63b20e67b2b6501e98d7f2f3956ae783a9f7675e76234e1,1640,file,Go,implementation,authoritative-source,PR225-R003;PR225-M008;PR225-F0108,focused-file-implementation,independent file-level semantic disposition
sni-spoofing-go,helper/logpath_test.go,651289fed8de148565b1e9f92364eaf0da7c7428ae90430f3bfcfaa2b922e7fd,367,file,Go,test,authoritative-source,PR225-R003;PR225-M008;PR225-F0109,focused-file-test,independent file-level semantic disposition
sni-spoofing-go,helper/manager.go,cd51ff020b6118c10d5e9354bd86bc476f30193766fdc2d7c5fd6878bc838d20,5018,file,Go,implementation,authoritative-source,PR225-R003;PR225-M008;PR225-F0110,focused-file-implementation,independent file-level semantic disposition
sni-spoofing-go,helper/parentwatch/parentwatch.go,a13a4a2f276646f933203e7d1d0efb630ff3750bc8a484381c946483c6cd348b,139,file,Go,implementation,authoritative-source,PR225-R003;PR225-M008;PR225-F0111,focused-file-implementation,independent file-level semantic disposition
sni-spoofing-go,helper/parentwatch/parentwatch_unix.go,1571dbada07d7325fef0a89c13094ce1cffe3d964999a7a778f42a569b347525,549,file,Go,implementation,authoritative-source,PR225-R003;PR225-M008;PR225-F0112,focused-file-implementation,independent file-level semantic disposition
sni-spoofing-go,helper/parentwatch/parentwatch_windows.go,9b6abfcb8d6e0b30617764154340002842ba66d0ec5f0f57abcc696da3947f74,1729,file,Go,implementation,authoritative-source,PR225-R003;PR225-M008;PR225-F0113,focused-file-implementation,independent file-level semantic disposition
sni-spoofing-go,helper/protocol.go,60411d957f7aa34215f11ab9b3b7e2053bf34904e6362fad10cb81a9f94d5a63,1545,file,Go,implementation,authoritative-source,PR225-R003;PR225-M008;PR225-F0114,focused-file-implementation,independent file-level semantic disposition
sni-spoofing-go,helper/server.go,2a7af1c3e3c47cb17f54210e43e410a4b13139f8d504af395bb99fff2f404214,11297,file,Go,implementation,authoritative-source,PR225-R003;PR225-M008;PR225-F0115,focused-file-implementation,independent file-level semantic disposition
sni-spoofing-go,helper/server_test.go,1be171d4b57e76a0093160c48a605c11ba4f3b71e56e315f77c43ec17cbb08e2,232,file,Go,test,authoritative-source,PR225-R003;PR225-M008;PR225-F0116,focused-file-test,independent file-level semantic disposition
sni-spoofing-go,helper/spawn/event_other.go,0f100f62c010f6bd1e69642934836cce3695a379a2e1ff7fc9ce373ad336735d,242,file,Go,implementation,authoritative-source,PR225-R003;PR225-M008;PR225-F0117,focused-file-implementation,independent file-level semantic disposition
sni-spoofing-go,helper/spawn/event_windows.go,187ff8afa83fba432eb49ec5b31291e767c6064206c9c7836153201b5e5159ae,835,file,Go,implementation,authoritative-source,PR225-R003;PR225-M008;PR225-F0118,focused-file-implementation,independent file-level semantic disposition
sni-spoofing-go,helper/spawn/spawn.go,be80139ad75f54157a5d57ed7d23448c2a1a765b234c20fc9e77c4ad139dbe3b,899,file,Go,implementation,authoritative-source,PR225-R003;PR225-M008;PR225-F0119,focused-file-implementation,independent file-level semantic disposition
sni-spoofing-go,helper/spawn/spawn_darwin.go,d634946b13eb7f978e831c47123ad69132ca8931585d431d4bed3f26ab8f5d29,1313,file,Go,implementation,authoritative-source,PR225-R003;PR225-M008;PR225-F0120,focused-file-implementation,independent file-level semantic disposition
sni-spoofing-go,helper/spawn/spawn_linux.go,16febd8aa057714e1a12fe5e9ced9606091413ac6bdaf651b2a7a5448316fe59,495,file,Go,implementation,authoritative-source,PR225-R003;PR225-M008;PR225-F0121,focused-file-implementation,independent file-level semantic disposition
sni-spoofing-go,helper/spawn/spawn_windows.go,9448dda144b06b5435ff10c13cad6463badc50453cd4b9a836d8b4884874a006,951,file,Go,implementation,authoritative-source,PR225-R003;PR225-M008;PR225-F0122,focused-file-implementation,independent file-level semantic disposition
sni-spoofing-go,injection/bpf_darwin.go,099dba01a35ad7381218a00c552abed34fedfee09d4fca6cd0644c348b28a051,6377,file,Go,implementation,authoritative-source,PR225-R003;PR225-M009;PR225-F0123,focused-file-implementation,independent file-level semantic disposition
sni-spoofing-go,injection/bpf_darwin_test.go,ebcd9f692dd1bc8c2618b27efde8d6ae126ffd18c7b0e3b0e64a4288454581fb,4525,file,Go,test,authoritative-source,PR225-R003;PR225-M009;PR225-F0124,focused-file-test,independent file-level semantic disposition
sni-spoofing-go,injection/common.go,0728c319c27f29e702de084e3c7066121acc6653e121b57dd0820c58da6a575e,2004,file,Go,implementation,authoritative-source,PR225-R003;PR225-M009;PR225-F0125,focused-file-implementation,independent file-level semantic disposition
sni-spoofing-go,injection/injector_darwin.go,6558f02a4d468f832bdc5dabf06616c7f06e72db36245e3ac9b06b1d148e82bb,12404,file,Go,implementation,authoritative-source,PR225-R003;PR225-M009;PR225-F0126,focused-file-implementation,independent file-level semantic disposition
sni-spoofing-go,injection/injector_linux.go,2e2158c71a640ec33076f2fa46a08f3ab51b076c6882e3937e70dc83e3a64c93,18679,file,Go,implementation,authoritative-source,PR225-R003;PR225-M009;PR225-F0127,focused-file-implementation,independent file-level semantic disposition
sni-spoofing-go,injection/injector_linux_passive.go,99f4664ca2264e0dc37e28b8cf888a7fa2bcfa350f59689aa6e30f33518bdfcc,12571,file,Go,implementation,authoritative-source,PR225-R003;PR225-M009;PR225-F0128,focused-file-implementation,independent file-level semantic disposition
sni-spoofing-go,injection/injector_windows.go,187a38c275a06e51ff0c9391feb2207a1904f885cdb5cc588c142d438666f924,11953,file,Go,implementation,authoritative-source,PR225-R003;PR225-M009;PR225-F0129,focused-file-implementation,independent file-level semantic disposition
sni-spoofing-go,injection/injector_windows_passive.go,5e832111674c3da8dd17db386ab4a43ed4e081a60e561da63bcc88d94d1fc00c,10229,file,Go,implementation,authoritative-source,PR225-R003;PR225-M009;PR225-F0130,focused-file-implementation,independent file-level semantic disposition
sni-spoofing-go,injection/mtu.go,1c0112fc00650bcdab9967ec907b73b2580a8b9c9393f6eb9beb58a18544835b,1403,file,Go,implementation,authoritative-source,PR225-R003;PR225-M009;PR225-F0131,focused-file-implementation,independent file-level semantic disposition
sni-spoofing-go,injection/route_linux_test.go,2a3a335dff25cba28f88e58602d9778f0404d2a4fec2eb5e330628d865312b98,580,file,Go,test,authoritative-source,PR225-R003;PR225-M009;PR225-F0132,focused-file-test,independent file-level semantic disposition
sni-spoofing-go,injection/tcp_ack.go,0574bbe5084e5beb6deb9d59a36d56c0900b4c1faceeaac52b3be68a728f8332,1643,file,Go,implementation,authoritative-source,PR225-R003;PR225-M009;PR225-F0133,focused-file-implementation,independent file-level semantic disposition
sni-spoofing-go,injection/tcp_ack_test.go,b68f9d21c98e123234bc526dd25111135e7df9f8770a007af8dcec25f5698069,559,file,Go,test,authoritative-source,PR225-R003;PR225-M009;PR225-F0134,focused-file-test,independent file-level semantic disposition
sni-spoofing-go,injection/winfilter_expr.go,01abd9b8f36bb66d5fc5bd593032ba38140bf37bd97aedf0be05f2aa8c69d60b,1200,file,Go,implementation,authoritative-source,PR225-R003;PR225-M009;PR225-F0135,focused-file-implementation,independent file-level semantic disposition
sni-spoofing-go,injection/winfilter_expr_test.go,e5814d9148b4059b9396e02f5746ecb71cb45107baba20eb14ddcbafdb2726b8,1536,file,Go,test,authoritative-source,PR225-R003;PR225-M009;PR225-F0136,focused-file-test,independent file-level semantic disposition
sni-spoofing-go,injection/wrong_seq.go,8aaa5192c99fbf09a9a42cb6f8e6dfa63bc049d536bf25c16c45a6683475448c,2211,file,Go,implementation,authoritative-source,PR225-R003;PR225-M009;PR225-F0137,focused-file-implementation,independent file-level semantic disposition
sni-spoofing-go,main.go,2afd473642a9f8f24d7b45b8384b15083c0c90f95e9e6561e3d117f95cd06f3a,11648,file,Go,implementation,authoritative-source,PR225-R003;PR225-M014;PR225-F0138,focused-file-implementation,independent file-level semantic disposition
sni-spoofing-go,main_test.go,69e5cfca3755944a67b479284928ed0cf39583a8d489fc7dde898bd9b9a5a6c4,2408,file,Go,test,authoritative-source,PR225-R003;PR225-M014;PR225-F0139,focused-file-test,independent file-level semantic disposition
sni-spoofing-go,network/network.go,823f33c67558df2fd685c6a76b79aa21d24576b195de9179e24bed20c19bad1e,930,file,Go,implementation,authoritative-source,PR225-R003;PR225-M010;PR225-F0140,focused-file-implementation,independent file-level semantic disposition
sni-spoofing-go,packet/ch_fragment.go,1213c3a5a7098739d9932015a98830253421cc826465d3f5a987426ae2780c5a,4323,file,Go,implementation,authoritative-source,PR225-R003;PR225-M011;PR225-F0141,focused-file-implementation,independent file-level semantic disposition
sni-spoofing-go,packet/ch_fragment_test.go,6899fdfe0c1819ae5392addb13f9069b737d0f34d01f6ce5b25ee224ab7e0ced,4087,file,Go,test,authoritative-source,PR225-R003;PR225-M011;PR225-F0142,focused-file-test,independent file-level semantic disposition
sni-spoofing-go,packet/checksum_ipv4.go,1e75fea0d3a2e96473ccf429eeee48d25bde9824ad2d2cffd17e79b7ede8e98e,1555,file,Go,implementation,authoritative-source,PR225-R003;PR225-M011;PR225-F0143,focused-file-implementation,independent file-level semantic disposition
sni-spoofing-go,packet/clienthello_legacy.go,612c8fc358bcbdf9125d0204fb2dd83e8d4e3fd922fbf89311c9a31021d4c502,3910,file,Go,implementation,authoritative-source,PR225-R003;PR225-M011;PR225-F0144,focused-file-implementation,independent file-level semantic disposition
sni-spoofing-go,packet/clienthello_utls.go,1bd8f205804aad4a79fd1fd973469c533f101fe69befad09ba9d258f4053a08f,1141,file,Go,implementation,authoritative-source,PR225-R003;PR225-M011;PR225-F0145,focused-file-implementation,independent file-level semantic disposition
sni-spoofing-go,packet/packet_test.go,85b5d6f89aa8a4169433b890a7728e0dcf75dc06c145a528259e15fa38cc20e5,7178,file,Go,test,authoritative-source,PR225-R003;PR225-M011;PR225-F0146,focused-file-test,independent file-level semantic disposition
sni-spoofing-go,packet/tcp.go,3b995ad03bbe0b0e3e2af230582f9e331114d1e6a8cf020e868057280761228c,4709,file,Go,implementation,authoritative-source,PR225-R003;PR225-M011;PR225-F0147,focused-file-implementation,independent file-level semantic disposition
sni-spoofing-go,packet/utls_clienthello_id.go,981875e74872ba4949e36489becb989ced322b76ffda4cff5161bd08923abe65,4438,file,Go,implementation,authoritative-source,PR225-R003;PR225-M011;PR225-F0148,focused-file-implementation,independent file-level semantic disposition
sni-spoofing-go,privilege/privilege_unix.go,b50fedcf2be64e5597bb7f7cf0c1480b903c8ee3e664a306691426cd89355a67,917,file,Go,implementation,authoritative-source,PR225-R003;PR225-M012;PR225-F0149,focused-file-implementation,independent file-level semantic disposition
sni-spoofing-go,privilege/privilege_windows.go,ae089b16b54a2ae91acebe722c50903f9975ec89566ed22b2a6dbae8f875f8c7,1053,file,Go,implementation,authoritative-source,PR225-R003;PR225-M012;PR225-F0150,focused-file-implementation,independent file-level semantic disposition
sni-spoofing-go,proxy/dial_darwin.go,e3f095dc39d2f770aeb6377e476790d12c87034af287afc15d5eae0b7c7f0280,2399,file,Go,implementation,authoritative-source,PR225-R003;PR225-M013;PR225-F0151,focused-file-implementation,independent file-level semantic disposition
sni-spoofing-go,proxy/dial_linux.go,abb6429de61187f95d5c200e92363b289613453e77d419fd440d7b051d629a28,2115,file,Go,implementation,authoritative-source,PR225-R003;PR225-M013;PR225-F0152,focused-file-implementation,independent file-level semantic disposition
sni-spoofing-go,proxy/dial_windows.go,a6392546619a69be43cae30208bfdd1ca2b1b4bb630ba841e47edc969c7b7a1c,2726,file,Go,implementation,authoritative-source,PR225-R003;PR225-M013;PR225-F0153,focused-file-implementation,independent file-level semantic disposition
sni-spoofing-go,proxy/injector_mode.go,f6f1a069cac01fc92dfdcf86284ec97ecb08952a3f6fd0989d66acb93c66b347,713,file,Go,implementation,authoritative-source,PR225-R003;PR225-M013;PR225-F0154,focused-file-implementation,independent file-level semantic disposition
sni-spoofing-go,proxy/injector_mode_default.go,7a789422856153570ffcd23d20f953fca43e939454e1ee2857c68659dacc836b,381,file,Go,implementation,authoritative-source,PR225-R003;PR225-M013;PR225-F0155,focused-file-implementation,independent file-level semantic disposition
sni-spoofing-go,proxy/injector_mode_default_darwin.go,67ae9e89387a5846299679d8d2fa1669d943fa6c36bd841c184d50a186d538fb,329,file,Go,implementation,authoritative-source,PR225-R003;PR225-M013;PR225-F0156,focused-file-implementation,independent file-level semantic disposition
sni-spoofing-go,proxy/matrix.go,f5079914900a28adbe8a576b02ace3f08d55d2057e80d4ce28af10a5e2ae7d6f,13173,file,Go,implementation,authoritative-source,PR225-R003;PR225-M013;PR225-F0157,focused-file-implementation,independent file-level semantic disposition
sni-spoofing-go,proxy/matrix_test.go,7917bafa85e04c90c8b05b3c1cbb58a06c830f722ffb737149f82c2a30062fce,2853,file,Go,test,authoritative-source,PR225-R003;PR225-M013;PR225-F0158,focused-file-test,independent file-level semantic disposition
sni-spoofing-go,proxy/proxy.go,79038d0c39418d1e392ff42218a9564e540d42b2a5598e26a9ae4078a0774795,7969,file,Go,implementation,authoritative-source,PR225-R003;PR225-M013;PR225-F0159,focused-file-implementation,independent file-level semantic disposition
sni-spoofing-python,.gitignore,48b33f9f89ef24f8a66f461ea9278e7ecf21b4660c26088989d231e53c578724,4688,file,other,repository-administration,supporting-evidence,PR225-R015;PR225-M016,focused-module-repository-administration,focused module-level disposition
sni-spoofing-python,LICENSE,3972dc9744f6499f0f9b2dbf76696f2ae7ad8af9b23dde66d6af86c9dfb36986,35149,file,other,documentation,supporting-evidence,PR225-R015;PR225-M016,focused-module-documentation,focused module-level disposition
sni-spoofing-python,README.md,0f550527a8e20a90f574088d7740ad5dda7938a7767a874e5bb9cf560bc8c42a,297,file,Markdown,documentation,supporting-evidence,PR225-R015;PR225-M016,focused-module-documentation,focused module-level disposition
sni-spoofing-python,config.json,5b459636c97848f0ad1eea271d4f0af6a349a5da7026b31be50142456b9e2a24,146,file,JSON,configuration,authoritative-source,PR225-R015;PR225-M016;PR225-F0160,focused-file-configuration,independent file-level semantic disposition
sni-spoofing-python,fake_tcp.py,124b3ef2adb4fb6d21c49d089e5c38bdd2cd1dae080686be3e954950b4c113ce,8405,file,Python,implementation,authoritative-source,PR225-R015;PR225-M016;PR225-F0161,focused-file-implementation,independent file-level semantic disposition
sni-spoofing-python,injecter.py,4a5fd8e647554d3e8c5c381508d43bf7c2d5b4229e33a771171a229d41eac929,1243,file,Python,implementation,authoritative-source,PR225-R015;PR225-M016;PR225-F0162,focused-file-implementation,independent file-level semantic disposition
sni-spoofing-python,main.py,6695b4c5daa160fae89bbd4dd805e0a97925afddfd8c5b5ea8ab577ff9d883d3,10577,file,Python,implementation,authoritative-source,PR225-R015;PR225-M016;PR225-F0163,focused-file-implementation,independent file-level semantic disposition
sni-spoofing-python,monitor_connection.py,b73e7ee0565c18fad9c581619e6f3ab38159e62f1fd074f8effa11d6b8e8bacb,508,file,Python,implementation,authoritative-source,PR225-R015;PR225-M016;PR225-F0164,focused-file-implementation,independent file-level semantic disposition
sni-spoofing-python,requirements.txt,60b2e5e5da6d03ee80211416e1433baac04fa5c7d3d51ee5e77b3aede1bdea6c,16,file,other,documentation,supporting-evidence,PR225-R015;PR225-M016,focused-module-documentation,focused module-level disposition
sni-spoofing-python,utils/network_tools.py,797f3d84f0385e9a9a133c3ecb5c821793f48c64abcd813af1775f535582e29d,560,file,Python,implementation,authoritative-source,PR225-R015;PR225-M017;PR225-F0165,focused-file-implementation,independent file-level semantic disposition
sni-spoofing-python,utils/packet_templates.py,eb551a437113632171eb8c8922e8c21e6fe2ea4e78b753d5824ae303ddcbf148,4646,file,Python,implementation,authoritative-source,PR225-R015;PR225-M017;PR225-F0166,focused-file-implementation,independent file-level semantic disposition
snispf-hj,.git/HEAD,28d25bf82af4c0e2b72f50959b2beb859e3e60b9630a5e8c603dad4ddb2b6e80,21,file,other,repository-administration,supporting-evidence,PR225-R018,accounted-supporting-repository-administration,supporting/admin/fixture/documentation surface explicitly accounted by donor record
snispf-hj,.git/config,a2a2c089b754b86fea4fca547b5f7e2d78cb19b44683ca47ddfd06688acc1dc5,302,file,other,repository-administration,supporting-evidence,PR225-R018,accounted-supporting-repository-administration,supporting/admin/fixture/documentation surface explicitly accounted by donor record
snispf-hj,.git/description,85ab6c163d43a17ea9cf7788308bca1466f1b0a8d1cc92e26e9bf63da4062aee,73,file,other,repository-administration,supporting-evidence,PR225-R018,accounted-supporting-repository-administration,supporting/admin/fixture/documentation surface explicitly accounted by donor record
snispf-hj,.git/hooks/applypatch-msg.sample,0223497a0b8b033aa58a3a521b8629869386cf7ab0e2f101963d328aa62193f7,478,file,other,repository-administration,supporting-evidence,PR225-R018,accounted-supporting-repository-administration,supporting/admin/fixture/documentation surface explicitly accounted by donor record
snispf-hj,.git/hooks/commit-msg.sample,efc1401b0e99d1ff51494d154d98b46c1e99059bcd8bf9f73cecde19fd3eb23b,1972,file,other,repository-administration,supporting-evidence,PR225-R018,accounted-supporting-repository-administration,supporting/admin/fixture/documentation surface explicitly accounted by donor record
snispf-hj,.git/hooks/fsmonitor-watchman.sample,9159720099ad5595b8e66645cbfd47763c1e920f46e0b50ae75e642bbec57ef0,4611,file,other,repository-administration,supporting-evidence,PR225-R018,accounted-supporting-repository-administration,supporting/admin/fixture/documentation surface explicitly accounted by donor record
snispf-hj,.git/hooks/post-update.sample,81765af2daef323061dcbc5e61fc16481cb74b3bac9ad8a174b186523586f6c5,189,file,other,repository-administration,supporting-evidence,PR225-R018,accounted-supporting-repository-administration,supporting/admin/fixture/documentation surface explicitly accounted by donor record
snispf-hj,.git/hooks/pre-applypatch.sample,e15c5b469ea3e0a695bea6f2c82bcf8e62821074939ddd85b77e0007ff165475,424,file,other,repository-administration,supporting-evidence,PR225-R018,accounted-supporting-repository-administration,supporting/admin/fixture/documentation surface explicitly accounted by donor record
snispf-hj,.git/hooks/pre-commit.sample,57185b7b9f05239d7ab52db045f5b89eb31348d7b2177eab214f5eb872e1971b,1649,file,other,repository-administration,supporting-evidence,PR225-R018,accounted-supporting-repository-administration,supporting/admin/fixture/documentation surface explicitly accounted by donor record
snispf-hj,.git/hooks/pre-merge-commit.sample,d3825a70337940ebbd0a5c072984e13245920cdf8898bd225c8d27a6dfc9cb53,416,file,other,repository-administration,supporting-evidence,PR225-R018,accounted-supporting-repository-administration,supporting/admin/fixture/documentation surface explicitly accounted by donor record
snispf-hj,.git/hooks/pre-push.sample,ecce9c7e04d3f5dd9d8ada81753dd1d549a9634b26770042b58dda00217d086a,1374,file,other,repository-administration,supporting-evidence,PR225-R018,accounted-supporting-repository-administration,supporting/admin/fixture/documentation surface explicitly accounted by donor record
snispf-hj,.git/hooks/pre-rebase.sample,4febce867790052338076f4e66cc47efb14879d18097d1d61c8261859eaaa7b3,4898,file,other,repository-administration,supporting-evidence,PR225-R018,accounted-supporting-repository-administration,supporting/admin/fixture/documentation surface explicitly accounted by donor record
snispf-hj,.git/hooks/pre-receive.sample,a4c3d2b9c7bb3fd8d1441c31bd4ee71a595d66b44fcf49ddb310252320169989,544,file,other,repository-administration,supporting-evidence,PR225-R018,accounted-supporting-repository-administration,supporting/admin/fixture/documentation surface explicitly accounted by donor record
snispf-hj,.git/hooks/prepare-commit-msg.sample,e9ddcaa4189fddd25ed97fc8c789eca7b6ca16390b2392ae3276f0c8e1aa4619,1492,file,other,repository-administration,supporting-evidence,PR225-R018,accounted-supporting-repository-administration,supporting/admin/fixture/documentation surface explicitly accounted by donor record
snispf-hj,.git/hooks/push-to-checkout.sample,a53d0741798b287c6dd7afa64aee473f305e65d3f49463bb9d7408ec3b12bf5f,2783,file,other,repository-administration,supporting-evidence,PR225-R018,accounted-supporting-repository-administration,supporting/admin/fixture/documentation surface explicitly accounted by donor record
snispf-hj,.git/hooks/sendemail-validate.sample,44ebfc923dc5466bc009602f0ecf067b9c65459abfe8868ddc49b78e6ced7a92,2308,file,other,repository-administration,supporting-evidence,PR225-R018,accounted-supporting-repository-administration,supporting/admin/fixture/documentation surface explicitly accounted by donor record
snispf-hj,.git/hooks/update.sample,8d5f2fa83e103cf08b57eaa67521df9194f45cbdbcb37da52ad586097a14d106,3650,file,other,repository-administration,supporting-evidence,PR225-R018,accounted-supporting-repository-administration,supporting/admin/fixture/documentation surface explicitly accounted by donor record
snispf-hj,.git/index,b8d4ce503d15749da721c6e91787a65220956b47b651417367af8d40e33e487f,2471,file,other,repository-administration,supporting-evidence,PR225-R018,accounted-supporting-repository-administration,supporting/admin/fixture/documentation surface explicitly accounted by donor record
snispf-hj,.git/info/exclude,6671fe83b7a07c8932ee89164d1f2793b2318058eb8b98dc5c06ee0a5a3b0ec1,240,file,other,repository-administration,supporting-evidence,PR225-R018,accounted-supporting-repository-administration,supporting/admin/fixture/documentation surface explicitly accounted by donor record
snispf-hj,.git/logs/HEAD,59e9e9a68a20229a26be0f7726ed74c4c9f045d7a5ec81719e40a093b8f7b819,187,file,other,repository-administration,supporting-evidence,PR225-R018,accounted-supporting-repository-administration,supporting/admin/fixture/documentation surface explicitly accounted by donor record
snispf-hj,.git/logs/refs/heads/main,59e9e9a68a20229a26be0f7726ed74c4c9f045d7a5ec81719e40a093b8f7b819,187,file,other,repository-administration,supporting-evidence,PR225-R018,accounted-supporting-repository-administration,supporting/admin/fixture/documentation surface explicitly accounted by donor record
snispf-hj,.git/logs/refs/remotes/origin/HEAD,59e9e9a68a20229a26be0f7726ed74c4c9f045d7a5ec81719e40a093b8f7b819,187,file,other,repository-administration,supporting-evidence,PR225-R018,accounted-supporting-repository-administration,supporting/admin/fixture/documentation surface explicitly accounted by donor record
snispf-hj,.git/objects/pack/pack-cef3a84f249b581892a87c87ffb531fedf682a4d.idx,94ff2aa3d43c7186fc88924adf79a3cdb3f26c90eafff4939ca6e7590dfa80c8,1996,file,other,repository-administration,supporting-evidence,PR225-R018,accounted-supporting-repository-administration,supporting/admin/fixture/documentation surface explicitly accounted by donor record
snispf-hj,.git/objects/pack/pack-cef3a84f249b581892a87c87ffb531fedf682a4d.pack,b18b83ba024d72b1160db96e2c10ab3c4ae282b99d53307b99bc3c8b0f5e25a3,70449,file,other,repository-administration,supporting-evidence,PR225-R018,accounted-supporting-repository-administration,supporting/admin/fixture/documentation surface explicitly accounted by donor record
snispf-hj,.git/objects/pack/pack-cef3a84f249b581892a87c87ffb531fedf682a4d.rev,6bc1e02299fa6a770c01b4320d2a9ba70039d1e39e557b7403b23458c834d8d5,184,file,other,repository-administration,supporting-evidence,PR225-R018,accounted-supporting-repository-administration,supporting/admin/fixture/documentation surface explicitly accounted by donor record
snispf-hj,.git/packed-refs,7b4566986cb7e9880ad42f049dd71bf453f5858381e36a86ff81ffc536e072b3,112,file,other,repository-administration,supporting-evidence,PR225-R018,accounted-supporting-repository-administration,supporting/admin/fixture/documentation surface explicitly accounted by donor record
snispf-hj,.git/refs/heads/main,01b8036a5073ac66d85b8cb769abd1bbe536d38a7683fb288e9c6b1d02306b0c,41,file,other,repository-administration,supporting-evidence,PR225-R018,accounted-supporting-repository-administration,supporting/admin/fixture/documentation surface explicitly accounted by donor record
snispf-hj,.git/refs/remotes/origin/HEAD,2bb6a24aa0fc6c484100f5d51a29bbad841cd2c755f5d93faa204e5dbb4eb2b4,30,file,other,repository-administration,supporting-evidence,PR225-R018,accounted-supporting-repository-administration,supporting/admin/fixture/documentation surface explicitly accounted by donor record
snispf-hj,.git/refs/tags/v_0.4_beta,01b8036a5073ac66d85b8cb769abd1bbe536d38a7683fb288e9c6b1d02306b0c,41,file,other,repository-administration,supporting-evidence,PR225-R018,accounted-supporting-repository-administration,supporting/admin/fixture/documentation surface explicitly accounted by donor record
snispf-hj,.git/shallow,01b8036a5073ac66d85b8cb769abd1bbe536d38a7683fb288e9c6b1d02306b0c,41,file,other,repository-administration,supporting-evidence,PR225-R018,accounted-supporting-repository-administration,supporting/admin/fixture/documentation surface explicitly accounted by donor record
snispf-hj,.gitignore,392b80ec72c3a8043190354f36ec4bcf17d77353d4dc4a3fe2d8e61e57606037,185,file,other,repository-administration,supporting-evidence,PR225-R018;PR225-M019,focused-module-repository-administration,focused module-level disposition
snispf-hj,LICENSE,4196cc2d47d4479b95b17c7e93cf2ecf8f3918ef35a076d53ff2826e25f676e1,1087,file,other,documentation,supporting-evidence,PR225-R018;PR225-M019,focused-module-documentation,focused module-level disposition
snispf-hj,README.md,e2276c2d9a17661d83369373cd34e3198660c7e9c48c64dd657ec2cee89be4e1,17907,file,Markdown,documentation,supporting-evidence,PR225-R018;PR225-M019,focused-module-documentation,focused module-level disposition
snispf-hj,README_FA.md,457a77c4c742e9d32870d98b5256ea5444dce909495a5cbeaabb5c1386e4a900,20727,file,Markdown,documentation,supporting-evidence,PR225-R018;PR225-M019,focused-module-documentation,focused module-level disposition
snispf-hj,config.json,da387cba786ad876a0468b73d83e29e6f6808349afd0cff5aca9a5b034b3fa57,2542,file,JSON,configuration,authoritative-source,PR225-R018;PR225-M019;PR225-F0167,focused-file-configuration,independent file-level semantic disposition
snispf-hj,pyproject.toml,e8c3d6b9b5e504b73483a05605156207074c1c71cc45504f8aace8f29aed6402,1370,file,TOML,configuration,authoritative-source,PR225-R018;PR225-M019;PR225-F0168,focused-file-configuration,independent file-level semantic disposition
snispf-hj,run.py,9a67523932d78d7243089d6becebac2b6d36deb490a7d0001407e5c38c3f2020,280,file,Python,implementation,authoritative-source,PR225-R018;PR225-M019;PR225-F0169,focused-file-implementation,independent file-level semantic disposition
snispf-hj,sni_spoofing/__init__.py,4c7d03f306555ebd017d564650a6b9cf67fed4c75d83f50b33af9bde83f5f37d,120,file,Python,implementation,authoritative-source,PR225-R018;PR225-M020;PR225-F0170,focused-file-implementation,independent file-level semantic disposition
snispf-hj,sni_spoofing/bypass/__init__.py,1f738bdbe2017c92ebd7681b4a1a0096739e8fb53e68804db7bd9f07995429ba,400,file,Python,implementation,authoritative-source,PR225-R018;PR225-M020;PR225-F0171,focused-file-implementation,independent file-level semantic disposition
snispf-hj,sni_spoofing/bypass/base.py,a953bed0ed3ebdd118050034566cc3fb0e9777faa54d571c1cb7440e437f07e5,1274,file,Python,implementation,authoritative-source,PR225-R018;PR225-M020;PR225-F0172,focused-file-implementation,independent file-level semantic disposition
snispf-hj,sni_spoofing/bypass/combined.py,04be53b7b85e4d44357b5d8408934d3f3e7971cfbee291a7c75534edd9b7d598,5456,file,Python,implementation,authoritative-source,PR225-R018;PR225-M020;PR225-F0173,focused-file-implementation,independent file-level semantic disposition
snispf-hj,sni_spoofing/bypass/fake_sni.py,fc10e65e4d4dfebaec231090a5567ef9b0c16a45104415770a0152bcb94e4334,11797,file,Python,implementation,authoritative-source,PR225-R018;PR225-M020;PR225-F0174,focused-file-implementation,independent file-level semantic disposition
snispf-hj,sni_spoofing/bypass/fragment.py,9e201cd2b0a070dbf1e4f34d2111e916ede297ffa9753347be2ec8722e68b19a,2911,file,Python,implementation,authoritative-source,PR225-R018;PR225-M020;PR225-F0175,focused-file-implementation,independent file-level semantic disposition
snispf-hj,sni_spoofing/bypass/raw_injector.py,310a63dfd6760e4652260306277465177a595332dd2d9999d0ce0664942f8803,14816,file,Python,implementation,authoritative-source,PR225-R018;PR225-M020;PR225-F0176,focused-file-implementation,independent file-level semantic disposition
snispf-hj,sni_spoofing/cli.py,1fedfc032d42065c6e8d8f6e79944a0b6c62cc69001b358a05f50856bf235976,28154,file,Python,implementation,authoritative-source,PR225-R018;PR225-M020;PR225-F0177,focused-file-implementation,independent file-level semantic disposition
snispf-hj,sni_spoofing/forwarder.py,51cff92036edfa6d92d3e215a558942b3333199e2143be3a7e0c9651545f2b34,17968,file,Python,implementation,authoritative-source,PR225-R018;PR225-M020;PR225-F0178,focused-file-implementation,independent file-level semantic disposition
snispf-hj,sni_spoofing/ip_discovery.py,617a76d21baead0f30348cf223ac2ef504a11fbd43ccc7f5fe883bcc8eb7e481,16827,file,Python,implementation,authoritative-source,PR225-R018;PR225-M020;PR225-F0179,focused-file-implementation,independent file-level semantic disposition
snispf-hj,sni_spoofing/pool.py,ea0d7b42b13694f715ff8cdf7b6ac0e6ed0d77faee0f31c4cf8e8bac1b87850b,32099,file,Python,implementation,authoritative-source,PR225-R018;PR225-M020;PR225-F0180,focused-file-implementation,independent file-level semantic disposition
snispf-hj,sni_spoofing/scanner/__init__.py,5a72920b9f5a5e12d4d49b9a5c0369b293c876d5e5b879d9b08d8c8bd13a942d,869,file,Python,implementation,authoritative-source,PR225-R018;PR225-M020;PR225-F0181,focused-file-implementation,independent file-level semantic disposition
snispf-hj,sni_spoofing/scanner/domain_checker.py,4cfb33ed78284364ab1cac2a42d00e91c9933ebba6874fa4abcdce7fc211687a,14456,file,Python,implementation,authoritative-source,PR225-R018;PR225-M020;PR225-F0182,focused-file-implementation,independent file-level semantic disposition
snispf-hj,sni_spoofing/tls/__init__.py,4ddec9b3bd98eab2b60fa672c1cb1c42065d741155d8c83cfcabd72446687f63,14597,file,Python,implementation,authoritative-source,PR225-R018;PR225-M020;PR225-F0183,focused-file-implementation,independent file-level semantic disposition
snispf-hj,sni_spoofing/tls/fragment.py,688eac390b9f45659cb8ad0d1874873dc113b87477bbbd26c39d405728fe9d69,5699,file,Python,implementation,authoritative-source,PR225-R018;PR225-M020;PR225-F0184,focused-file-implementation,independent file-level semantic disposition
snispf-hj,sni_spoofing/utils/__init__.py,9beceeda6969df96658af5e190779e6c6cee57a75168137d1741e78d672fd8ba,3834,file,Python,implementation,authoritative-source,PR225-R018;PR225-M020;PR225-F0185,focused-file-implementation,independent file-level semantic disposition
snispf-hj,tests/__init__.py,e3b0c44298fc1c149afbf4c8996fb92427ae41e4649b934ca495991b7852b855,0,file,Python,test,authoritative-source,PR225-R018;PR225-M021;PR225-F0186,focused-file-test,independent file-level semantic disposition
snispf-hj,tests/test_tls.py,42d0355895b0a5002ba59973a1a1f634c8ee6e9c4ec01ff2130b392d6e0a7bd5,17928,file,Python,test,authoritative-source,PR225-R018;PR225-M021;PR225-F0187,focused-file-test,independent file-level semantic disposition
tt,README.md,ae660fadcb4661659eb3c69edc11f1ca3e683830785cb2a8d6e14e2555b3afde,836,file,Markdown,documentation,supporting-evidence,PR225-R132;PR225-M133,focused-module-documentation,focused module-level disposition
tt,go.mod,c9e58c4811d9db023343066af59fb68678816a751d5b35a5a09f3ddc231abbe8,117,file,other,configuration,authoritative-source,PR225-R132;PR225-M133;PR225-F0188,focused-file-configuration,independent file-level semantic disposition
tt,go.sum,670809674026b970eaf816b275eef9edbd22acd326faddc00f4e608345515437,308,file,other,configuration,authoritative-source,PR225-R132;PR225-M133;PR225-F0189,focused-file-configuration,independent file-level semantic disposition
tt,main.go,79d9523ac7867552f8ba18580433cba44f89eb06eb71deae4f0698e1fa9b9a93,39943,file,Go,implementation,authoritative-source,PR225-R132;PR225-M133;PR225-F0190,focused-file-implementation,independent file-level semantic disposition
tuic-impl,.github/workflows/docker.yaml,2fe726d91207b9d015b33023d205a89c33a7231973971ed6b14690d2788888be,1220,file,YAML,repository-administration,supporting-evidence,PR225-R134,accounted-supporting-repository-administration,supporting/admin/fixture/documentation surface explicitly accounted by donor record
tuic-impl,.gitignore,6e852fca40ec8660068513a346e43d064ff7d1881e0dd835b2ff0e25174827e4,38,file,other,repository-administration,supporting-evidence,PR225-R134;PR225-M135,focused-module-repository-administration,focused module-level disposition
tuic-impl,Cargo.toml,3bd70e30da7a4fcb30829364d70b400d8c8d34af5b4342f2e936e3d0cd89a6e8,75,file,TOML,configuration,authoritative-source,PR225-R134;PR225-M135;PR225-F0191,focused-file-configuration,independent file-level semantic disposition
tuic-impl,Dockerfile,7e2699bfa2ae17e8eb8074ff95020753893cefe4aea0599aa3b7a7982269fdc4,1171,file,Dockerfile,deployment,authoritative-source,PR225-R134;PR225-M135;PR225-F0192,focused-file-deployment,independent file-level semantic disposition
tuic-impl,LICENSE,3972dc9744f6499f0f9b2dbf76696f2ae7ad8af9b23dde66d6af86c9dfb36986,35149,file,other,documentation,supporting-evidence,PR225-R134;PR225-M135,focused-module-documentation,focused module-level disposition
tuic-impl,README.md,724ac8b97b8c929bbc9d829318b139c6ded596cdc0d7454eed0fa4f6dd947159,1829,file,Markdown,documentation,supporting-evidence,PR225-R134;PR225-M135,focused-module-documentation,focused module-level disposition
tuic-impl,tuic-client/Cargo.toml,98dc48fd0ccaf23ba97059635f99284f532eec48fd7571daecee9e5f27e69bb1,1993,file,TOML,configuration,authoritative-source,PR225-R134;PR225-M137;PR225-F0193,focused-file-configuration,independent file-level semantic disposition
tuic-impl,tuic-client/src/config.rs,0167017d3a16a3a612d4e4113bc6788295f81b625ea476bf5da9ea9dd797f79d,5971,file,Rust,implementation,authoritative-source,PR225-R134;PR225-M137;PR225-F0194,focused-file-implementation,independent file-level semantic disposition
tuic-impl,tuic-client/src/connection.rs,a75030193bde5f99b6b477245e697a76f29e4a493f8f7485bc3bf8ddca27567a,15443,file,Rust,implementation,authoritative-source,PR225-R134;PR225-M137;PR225-F0195,focused-file-implementation,independent file-level semantic disposition
tuic-impl,tuic-client/src/main.rs,a4304b39a65ac1a790615f2d545bbd7146340d5ff9046045d48b138dcf76d337,1841,file,Rust,implementation,authoritative-source,PR225-R134;PR225-M137;PR225-F0196,focused-file-implementation,independent file-level semantic disposition
tuic-impl,tuic-client/src/socks5.rs,ab4abf9781ae6ea899b1da3a7d78e6139cbc2f1be3db6c1eae635cb3174ce9b7,10636,file,Rust,implementation,authoritative-source,PR225-R134;PR225-M137;PR225-F0197,focused-file-implementation,independent file-level semantic disposition
tuic-impl,tuic-client/src/utils.rs,d1a2c0f2109d07ea29d262b1f898a567860024e0838d30b3e7641504002369b0,2579,file,Rust,implementation,authoritative-source,PR225-R134;PR225-M137;PR225-F0198,focused-file-implementation,independent file-level semantic disposition
tuic-impl,tuic-quinn/Cargo.toml,2192f011e96adb7e8e12ab49dd288a9234c941aa5c1b33e8778c41bc16764028,914,file,TOML,configuration,authoritative-source,PR225-R134;PR225-M138;PR225-F0199,focused-file-configuration,independent file-level semantic disposition
tuic-impl,tuic-quinn/README.md,0e55e6fc18b1d96a869a31a6f906d49eddd6f0eb8acf31d4aebc40affbb6ce95,881,file,Markdown,documentation,supporting-evidence,PR225-R134;PR225-M138,focused-module-documentation,focused module-level disposition
tuic-impl,tuic-quinn/src/lib.rs,b3e4db8089e5426dd673e9bf609966bbfa6138afd6a9308631f04b9a3d88bb40,18998,file,Rust,implementation,authoritative-source,PR225-R134;PR225-M138;PR225-F0200,focused-file-implementation,independent file-level semantic disposition
tuic-impl,tuic-server/Cargo.toml,28fd92467bc3630d9ddee96d5f811579cc47140a8bf381264e9ecf3dff1a0939,1615,file,TOML,configuration,authoritative-source,PR225-R134;PR225-M139;PR225-F0201,focused-file-configuration,independent file-level semantic disposition
tuic-impl,tuic-server/src/config.rs,1c85b6b5c5a42de8c821888392791371d793af14338da2cbf57158a6fa8869ef,4671,file,Rust,implementation,authoritative-source,PR225-R134;PR225-M139;PR225-F0202,focused-file-implementation,independent file-level semantic disposition
tuic-impl,tuic-server/src/main.rs,9f56b3094f345673703413a58771f0f313765b9e70ba4a076b27a530cbbc89d9,1684,file,Rust,implementation,authoritative-source,PR225-R134;PR225-M139;PR225-F0203,focused-file-implementation,independent file-level semantic disposition
tuic-impl,tuic-server/src/server.rs,8c9bb6e58e001790dd47d13876c1b03350103d27d5750c3623a6bc19ba6f4a44,21028,file,Rust,implementation,authoritative-source,PR225-R134;PR225-M139;PR225-F0204,focused-file-implementation,independent file-level semantic disposition
tuic-impl,tuic-server/src/utils.rs,ba4a99628d400e49831a207fcfe1dc86eea0248e8d2c68da66ffeea6a7fe373a,1691,file,Rust,implementation,authoritative-source,PR225-R134;PR225-M139;PR225-F0205,focused-file-implementation,independent file-level semantic disposition
tuic-impl,tuic/Cargo.toml,3c99d71deafb700e52f3e985fd3d8061583061984b3a5b96d516d9041af3c7ec,1191,file,TOML,configuration,authoritative-source,PR225-R134;PR225-M136;PR225-F0206,focused-file-configuration,independent file-level semantic disposition
tuic-impl,tuic/README.md,c7572f766c08290147414ff83f192ebdd7414eeac2a97cad299367a46cbb98ec,1417,file,Markdown,documentation,supporting-evidence,PR225-R134;PR225-M136,focused-module-documentation,focused module-level disposition
tuic-impl,tuic/SPEC.md,0e7042cb46634bda61351a7366f7478642183aa9af2f394b6a434ea1321363fa,7194,file,Markdown,documentation,supporting-evidence,PR225-R134;PR225-M136,focused-module-documentation,focused module-level disposition
tuic-impl,tuic/src/lib.rs,fe704e10af813084b0077213c574130c272284666dc59d126187b3c12da07cad,462,file,Rust,implementation,authoritative-source,PR225-R134;PR225-M136;PR225-F0207,focused-file-implementation,independent file-level semantic disposition
tuic-impl,tuic/src/marshal.rs,68f80d7e065f990e7254d34e8a549252c15e61d0183097fb8dc5a24132afede2,2773,file,Rust,implementation,authoritative-source,PR225-R134;PR225-M136;PR225-F0208,focused-file-implementation,independent file-level semantic disposition
tuic-impl,tuic/src/model/authenticate.rs,2a17b9b2742da0625be13fcfdf3ccf564d8839bbc8b2b940a11240b6598aacd3,2674,file,Rust,implementation,authoritative-source,PR225-R134;PR225-M136;PR225-F0209,focused-file-implementation,independent file-level semantic disposition
tuic-impl,tuic/src/model/connect.rs,2e0b240b03223b14e3090c7fa9148c81d3c59a373dada4dc12b90437a4857286,1798,file,Rust,implementation,authoritative-source,PR225-R134;PR225-M136;PR225-F0210,focused-file-implementation,independent file-level semantic disposition
tuic-impl,tuic/src/model/dissociate.rs,a85e411534128bc5227799483da787b891b7b5ba180e7573e723baa8d33bdbf3,1656,file,Rust,implementation,authoritative-source,PR225-R134;PR225-M136;PR225-F0211,focused-file-implementation,independent file-level semantic disposition
tuic-impl,tuic/src/model/heartbeat.rs,2ee49b83d318f476b683df4edd4cce7c5c43119f20e140bfea2716a90d058a68,1249,file,Rust,implementation,authoritative-source,PR225-R134;PR225-M136;PR225-F0212,focused-file-implementation,independent file-level semantic disposition
tuic-impl,tuic/src/model/mod.rs,75a4d24528434602d882286281fb8e26a2039dd40b3ea2bb8dc23b969279368f,13659,file,Rust,implementation,authoritative-source,PR225-R134;PR225-M136;PR225-F0213,focused-file-implementation,independent file-level semantic disposition
tuic-impl,tuic/src/model/packet.rs,119eedda0faba18294b53413ef8454b7b5070b345f1797b15ae9d5274aec02e8,6422,file,Rust,implementation,authoritative-source,PR225-R134;PR225-M136;PR225-F0214,focused-file-implementation,independent file-level semantic disposition
tuic-impl,tuic/src/protocol/authenticate.rs,de96e85652a1739bdb06f39eb42dfffec1034eadc541b1a5fac47737a14ab0ee,1354,file,Rust,implementation,authoritative-source,PR225-R134;PR225-M136;PR225-F0215,focused-file-implementation,independent file-level semantic disposition
tuic-impl,tuic/src/protocol/connect.rs,545f7a01a20e38c1aded4a59f3dcbf9f53f1fab70874471734dfae830b0bc139,889,file,Rust,implementation,authoritative-source,PR225-R134;PR225-M136;PR225-F0216,focused-file-implementation,independent file-level semantic disposition
tuic-impl,tuic/src/protocol/dissociate.rs,692954e8547b253655fa655488a0a33f600ad9965ea0c480bc5a7ac0f1dfb19d,909,file,Rust,implementation,authoritative-source,PR225-R134;PR225-M136;PR225-F0217,focused-file-implementation,independent file-level semantic disposition
tuic-impl,tuic/src/protocol/heartbeat.rs,509e075c2e1dd676f5495b6f2f1db44da6c5f7d736b26c6bc0c0769bcf53b406,600,file,Rust,implementation,authoritative-source,PR225-R134;PR225-M136;PR225-F0218,focused-file-implementation,independent file-level semantic disposition
tuic-impl,tuic/src/protocol/mod.rs,3ea46991ec536e79826104d12fde52df378407fc35151809b7e7a2261c09e9e9,5679,file,Rust,implementation,authoritative-source,PR225-R134;PR225-M136;PR225-F0219,focused-file-implementation,independent file-level semantic disposition
tuic-impl,tuic/src/protocol/packet.rs,3782aab9f130963bfc6f71ef51a5150d8449c4e3eabc5d4f775be11ecf0962e5,2693,file,Rust,implementation,authoritative-source,PR225-R134;PR225-M136;PR225-F0220,focused-file-implementation,independent file-level semantic disposition
tuic-impl,tuic/src/unmarshal.rs,b1c9b48cb13e2106340314be607af8601dde5a1e4ddeee469d5deb67e6f74a5a,9867,file,Rust,implementation,authoritative-source,PR225-R134;PR225-M136;PR225-F0221,focused-file-implementation,independent file-level semantic disposition
tuic-spec,.github/ISSUE_TEMPLATE/config.yml,1f103c6a9dd07cd13a9a6f17ace6b813f47747eb9cb7e00488cb2073caaf91bb,28,file,YAML,repository-administration,supporting-evidence,PR225-R140;PR225-M141,focused-module-repository-administration,focused module-level disposition
tuic-spec,.github/ISSUE_TEMPLATE/general.md,c98b536de74e5eb8ec69c83a476d0077912abc42506fd4bd121e4ca71e5e4815,431,file,Markdown,repository-administration,supporting-evidence,PR225-R140;PR225-M141,focused-module-repository-administration,focused module-level disposition
tuic-spec,.github/PULL_REQUEST_TEMPLATE.md,86bbc40d7f01b07523246adc0b269a63778449d679f312113db01ffacfb5b438,365,file,Markdown,repository-administration,supporting-evidence,PR225-R140;PR225-M141,focused-module-repository-administration,focused module-level disposition
tuic-spec,.gitignore,725409c1a6d9fa4ffe63e5b8855baed44c0645643dd79f9f7142b6504400f3e5,27,file,other,repository-administration,supporting-evidence,PR225-R140,accounted-supporting-repository-administration,supporting/admin/fixture/documentation surface explicitly accounted by donor record
tuic-spec,CODE_OF_CONDUCT.md,2ca2b65718159fd85d33c19d1fe6940415bc346023cd9a30d4a7595f1e728793,5541,file,Markdown,documentation,supporting-evidence,PR225-R140,accounted-supporting-documentation,supporting/admin/fixture/documentation surface explicitly accounted by donor record
tuic-spec,CONTRIBUTING.md,4b23b1c10e8cdff9bb8695d77cd51d48021f9559785cbf64fbe44a5ab8e8467a,2237,file,Markdown,documentation,supporting-evidence,PR225-R140,accounted-supporting-documentation,supporting/admin/fixture/documentation surface explicitly accounted by donor record
tuic-spec,LICENSE,3972dc9744f6499f0f9b2dbf76696f2ae7ad8af9b23dde66d6af86c9dfb36986,35149,file,other,documentation,supporting-evidence,PR225-R140,accounted-supporting-documentation,supporting/admin/fixture/documentation surface explicitly accounted by donor record
tuic-spec,README.md,a64298ddebe3a565d5cb8d16812ca52ea3280990bd618c549f6162538d777a77,3668,file,Markdown,documentation,supporting-evidence,PR225-R140,accounted-supporting-documentation,supporting/admin/fixture/documentation surface explicitly accounted by donor record
tuic-spec,SPEC.md,0e7042cb46634bda61351a7366f7478642183aa9af2f394b6a434ea1321363fa,7194,file,Markdown,documentation,supporting-evidence,PR225-R140,accounted-supporting-documentation,supporting/admin/fixture/documentation surface explicitly accounted by donor record
tun2socket,.gitignore,1d15bdb66e2d42cd0ecddeb6926d7a97dbf7a82a055067b7b9afc05112ee0437,6,file,other,repository-administration,supporting-evidence,PR225-R062;PR225-M064,focused-module-repository-administration,focused module-level disposition
tun2socket,LICENSE,fa7065454b3b2d10c813975e3690d83812ca29154714cd81de371578bd9fb796,1062,file,other,documentation,supporting-evidence,PR225-R062;PR225-M064,focused-module-documentation,focused module-level disposition
tun2socket,README.md,2f255f34faccfa824a0fd78ca9a8a7c0a4082279e36b21bb90af292223c502c6,130,file,Markdown,documentation,supporting-evidence,PR225-R062;PR225-M064,focused-module-documentation,focused module-level disposition
tun2socket,go.mod,d29eaecaab4dcb39e69e976280b2f80aa39808b49bcd111f4539504e944612dc,77,file,other,configuration,authoritative-source,PR225-R062;PR225-M064;PR225-F0222,focused-file-configuration,independent file-level semantic disposition
tun2socket,go.sum,6e4fb65f7240a93feaa0015fc7d1d52a39b73fe7f734b49ddaf27fae9edb0838,151,file,other,configuration,authoritative-source,PR225-R062;PR225-M064;PR225-F0223,focused-file-configuration,independent file-level semantic disposition
tun2socket,nat/nat.go,4e278edc216e0ed98dc6c2b46f332e11ad6a2ae27bf74f3a81458399d97a66b9,2974,file,Go,implementation,authoritative-source,PR225-R062;PR225-M063;PR225-F0224,focused-file-implementation,independent file-level semantic disposition
tun2socket,nat/table.go,296b6485fa6a58459aaac0d4197ff0cf54aa04131e954e1e7e4a4aed29d15123,1348,file,Go,implementation,authoritative-source,PR225-R062;PR225-M063;PR225-F0225,focused-file-implementation,independent file-level semantic disposition
tun2socket,nat/tcp.go,0390aecf1eaae06360d7fbcb9e690902df4968221a2eb54ca3ecabea416536d6,1421,file,Go,implementation,authoritative-source,PR225-R062;PR225-M063;PR225-F0226,focused-file-implementation,independent file-level semantic disposition
tun2socket,nat/udp.go,2bc3bab411548cfb83dbf83b1ec52efc7bf106a552fccd69c318c72a40a454bf,2774,file,Go,implementation,authoritative-source,PR225-R062;PR225-M063;PR225-F0227,focused-file-implementation,independent file-level semantic disposition
tun2socket,tcpip/address.go,588902360e9b96e9ccfb27d820ac1b25cfa9684ce9614f0351bc1929907102c3,346,file,Go,implementation,authoritative-source,PR225-R062;PR225-M065;PR225-F0228,focused-file-implementation,independent file-level semantic disposition
tun2socket,tcpip/icmp.go,4be7c63ad16df06cf932eb121a95e089f452cf49def525e00ae318d34e52f523,590,file,Go,implementation,authoritative-source,PR225-R062;PR225-M065;PR225-F0229,focused-file-implementation,independent file-level semantic disposition
tun2socket,tcpip/ip.go,a51d1496b45d287017e740bb737fef599891110849f02fd68b6708a6d8945215,2680,file,Go,implementation,authoritative-source,PR225-R062;PR225-M065;PR225-F0230,focused-file-implementation,independent file-level semantic disposition
tun2socket,tcpip/tcp.go,0a86bfe66f497ccb4fcbea42f527ec00890c1a5b4c107e53d627b70cb096fbb2,1096,file,Go,implementation,authoritative-source,PR225-R062;PR225-M065;PR225-F0231,focused-file-implementation,independent file-level semantic disposition
tun2socket,tcpip/tcpip.go,344de7fcea5be869f82f4060f7894caad92f62fdb6cf0bfecb5ade156430fb97,528,file,Go,implementation,authoritative-source,PR225-R062;PR225-M065;PR225-F0232,focused-file-implementation,independent file-level semantic disposition
tun2socket,tcpip/tcpip_amd64.go,83955e37c404b26aff79c85315a8c260f1393be8f3df20ee6e603002343b8f93,378,file,Go,implementation,authoritative-source,PR225-R062;PR225-M065;PR225-F0233,focused-file-implementation,independent file-level semantic disposition
tun2socket,tcpip/tcpip_amd64.s,fe0a9a33fb95856ac51c5cd30d233dc3b1180087ecc3489e149c5cb0e1ef0557,3406,file,other,repository-administration,supporting-evidence,PR225-R062;PR225-M065,focused-module-repository-administration,focused module-level disposition
tun2socket,tcpip/tcpip_amd64_test.go,90eacddb1aa557d2fbf23ff284778350bd44a63cf7404a77ca573561829e959f,856,file,Go,test,authoritative-source,PR225-R062;PR225-M065;PR225-F0234,focused-file-test,independent file-level semantic disposition
tun2socket,tcpip/tcpip_arm64.go,20f0204a5aa4a2ca2f2d7f3badf03558a7a1db7078f8ab6ff5413f6c133da2ce,345,file,Go,implementation,authoritative-source,PR225-R062;PR225-M065;PR225-F0235,focused-file-implementation,independent file-level semantic disposition
tun2socket,tcpip/tcpip_arm64.s,de37e5fc7e5cd9f2af92db988210f20645be986fa596337ab107963e6a6d596d,2773,file,other,repository-administration,supporting-evidence,PR225-R062;PR225-M065,focused-module-repository-administration,focused module-level disposition
tun2socket,tcpip/tcpip_arm64_test.go,9ab82f3582aa0b7844390c61364d8d89b815108db4e81ff40926167a06e1fd98,864,file,Go,test,authoritative-source,PR225-R062;PR225-M065;PR225-F0236,focused-file-test,independent file-level semantic disposition
tun2socket,tcpip/tcpip_compat.go,f64cf2bba0967c0700166aeb37c3b33049f9ec691ae2f9781f3aedb5ba5999b8,208,file,Go,implementation,authoritative-source,PR225-R062;PR225-M065;PR225-F0237,focused-file-implementation,independent file-level semantic disposition
tun2socket,tcpip/tcpip_compat_test.go,2acdd26a6b72c1c517f4d3b81c6730e8a7c7f26c4e0809523a925f1ca5e8e475,340,file,Go,test,authoritative-source,PR225-R062;PR225-M065;PR225-F0238,focused-file-test,independent file-level semantic disposition
tun2socket,tcpip/udp.go,d0b27c7557076ec99d5963bc6f1ed1a09c00cb570ade1a3ead2bbbdae5ba85bd,1068,file,Go,implementation,authoritative-source,PR225-R062;PR225-M065;PR225-F0239,focused-file-implementation,independent file-level semantic disposition
tun2socket,tun2socket.go,98883af1d6319bd875c197f0ffe58f1ed9acf46a7aed208fa4ac8a6d8d864d02,705,file,Go,implementation,authoritative-source,PR225-R062;PR225-M064;PR225-F0240,focused-file-implementation,independent file-level semantic disposition
udp-ring-queue,.gitignore,c231647ca8ee38e1655ad438b9d6c9bf9cc687dee56d57add69fd853e71800cb,18,file,other,repository-administration,supporting-evidence,PR225-R066;PR225-M068,focused-module-repository-administration,focused module-level disposition
udp-ring-queue,Cargo.lock,ed6675a4b5b0b937966cf40007a6558be1e5075a7e5afd9215890c5cdd127628,15516,file,other,configuration,authoritative-source,PR225-R066;PR225-M068;PR225-F0241,focused-file-configuration,independent file-level semantic disposition
udp-ring-queue,Cargo.toml,166ad92c0a1b89f780e93aea36d8f2aafb05b06caa78d92ef09357aca3876c40,71,file,TOML,configuration,authoritative-source,PR225-R066;PR225-M068;PR225-F0242,focused-file-configuration,independent file-level semantic disposition
udp-ring-queue,README.md,c0cf82841bbcc7f4863715a40b201236c3a864bf3217f432aee48ff13cb28279,683,file,Markdown,documentation,supporting-evidence,PR225-R066;PR225-M068,focused-module-documentation,focused module-level disposition
udp-ring-queue,receiver/Cargo.toml,9ecc49697657d8b2399a9811d61b7e77feeea9b41e05624ab4e4596195e597c0,683,file,TOML,configuration,authoritative-source,PR225-R066;PR225-M067;PR225-F0243,focused-file-configuration,independent file-level semantic disposition
udp-ring-queue,receiver/src/logger.rs,0a754795baea04f13d200d93352fbcb7f930953a863f1a8ee47546a9a726976e,4204,file,Rust,implementation,authoritative-source,PR225-R066;PR225-M067;PR225-F0244,focused-file-implementation,independent file-level semantic disposition
udp-ring-queue,receiver/src/main.rs,f0a6af1790607ade1930df0d237e80ec5fdf23513b3390674d69c17402c30b2e,1803,file,Rust,implementation,authoritative-source,PR225-R066;PR225-M067;PR225-F0245,focused-file-implementation,independent file-level semantic disposition
udp-ring-queue,receiver/src/pipeline.rs,e399cb1061808dd2bb98db7d6214332920b1bda3d74e1cbb6250d7028a8c7254,9021,file,Rust,implementation,authoritative-source,PR225-R066;PR225-M067;PR225-F0246,focused-file-implementation,independent file-level semantic disposition
udp-ring-queue,receiver/src/workers.rs,f63f879ad7fb575acf03eb7fcf3c369f0d86b679a66e642c8847cf36c68feaba,4984,file,Rust,implementation,authoritative-source,PR225-R066;PR225-M067;PR225-F0247,focused-file-implementation,independent file-level semantic disposition
udp-ring-queue,sender/Cargo.toml,435aa551fa4602b5f9c6d3dba77ad60f3dd32906aac62a6111f4a9abd095d6f3,218,file,TOML,configuration,authoritative-source,PR225-R066;PR225-M069;PR225-F0248,focused-file-configuration,independent file-level semantic disposition
udp-ring-queue,sender/src/main.rs,17d9afab9a24b27e84634cc97ce6e8f547b0ee370d9d68a13aa062efd4d3201c,1750,file,Rust,implementation,authoritative-source,PR225-R066;PR225-M069;PR225-F0249,focused-file-implementation,independent file-level semantic disposition
udp-ring-queue,sender/src/udp_ingestor.rs,e3d5c6fc758986017fa24fc0996f9172d182a573a68fcc559691e1385cf0d1c3,4649,file,Rust,implementation,authoritative-source,PR225-R066;PR225-M069;PR225-F0250,focused-file-implementation,independent file-level semantic disposition
udp-ring-queue,sender/src/udp_sender.rs,df321286932c95eec3f24bea5ae256ddf6248fdbe01906570deb3ee8fb972043,2991,file,Rust,implementation,authoritative-source,PR225-R066;PR225-M069;PR225-F0251,focused-file-implementation,independent file-level semantic disposition
udp-ring-queue,shared/Cargo.toml,e5fbb2cc1091d975f95b2fd13b8b1980b617bed8b55d9dab1d5792856b9efb68,155,file,TOML,configuration,authoritative-source,PR225-R066;PR225-M070;PR225-F0252,focused-file-configuration,independent file-level semantic disposition
udp-ring-queue,shared/src/lib.rs,ac3bc780b1fb501ef80c1fecb4cb0a95c0a363fa78a210ee0487851359d1639c,3028,file,Rust,implementation,authoritative-source,PR225-R066;PR225-M070;PR225-F0253,focused-file-implementation,independent file-level semantic disposition
udp-ring-queue,shared/src/types.rs,8db2c1a5ac2d0e23897ab1c23be51c7496fff0211c2e1c960c79be1e530a6b1e,2679,file,Rust,implementation,authoritative-source,PR225-R066;PR225-M070;PR225-F0254,focused-file-implementation,independent file-level semantic disposition
uptimeflare,.dockerignore,36730a31f41340549317bb25f6b81c0c6c567bce84f1c196f287fdf19e123163,412,file,other,repository-administration,supporting-evidence,PR225-R071;PR225-M077,focused-module-repository-administration,focused module-level disposition
uptimeflare,.eslintrc.json,a15c84769d3cb64b4b06fc19422ced73d10f6ada2d68a4b3239777d260df00d9,646,file,JSON,configuration,authoritative-source,PR225-R071;PR225-M077;PR225-F0255,focused-file-configuration,independent file-level semantic disposition
uptimeflare,.github/FUNDING.yml,662360b198beb39a4f9abb2ca79146306eff0dfacb5cbdab28665db1e6e0b65d,39,file,YAML,repository-administration,supporting-evidence,PR225-R071,accounted-supporting-repository-administration,supporting/admin/fixture/documentation surface explicitly accounted by donor record
uptimeflare,.github/workflows/deploy.yml,82734e636ac4a226e1b7067b8218a3445b32483cd569729f3458aa0bf6270156,4522,file,YAML,repository-administration,supporting-evidence,PR225-R071,accounted-supporting-repository-administration,supporting/admin/fixture/documentation surface explicitly accounted by donor record
uptimeflare,.github/workflows/issue_translate.yml,babd729007b6c25ef74e1813f6ff9066e4e675bc3cff649d434a4e6e4dd7053d,774,file,YAML,repository-administration,supporting-evidence,PR225-R071,accounted-supporting-repository-administration,supporting/admin/fixture/documentation surface explicitly accounted by donor record
uptimeflare,.github/workflows/sync.yaml,af08e3361c5a4bdf6cf4129b780ee4f8b75f8b2e0ab7af80c79f497200539967,1951,file,YAML,repository-administration,supporting-evidence,PR225-R071,accounted-supporting-repository-administration,supporting/admin/fixture/documentation surface explicitly accounted by donor record
uptimeflare,.gitignore,36730a31f41340549317bb25f6b81c0c6c567bce84f1c196f287fdf19e123163,412,file,other,repository-administration,supporting-evidence,PR225-R071;PR225-M077,focused-module-repository-administration,focused module-level disposition
uptimeflare,.prettierrc.yaml,1cbc986e18c2ba3d9af3bcc817f82aef27fdd6427667a1881045fc822bfcd506,79,file,YAML,configuration,authoritative-source,PR225-R071;PR225-M077;PR225-F0256,focused-file-configuration,independent file-level semantic disposition
uptimeflare,.terraform.lock.hcl,09d7cfb91b0f65d8c86ceda00bfa969eaadcb91dddf783184837dcf79a964027,964,file,other,repository-administration,supporting-evidence,PR225-R071;PR225-M077,focused-module-repository-administration,focused module-level disposition
uptimeflare,Dockerfile,729eaf3d7f812b64fc96cd1fdbc2fcf6aa87c5b1ba78d0eca3230bb0db959778,639,file,Dockerfile,deployment,authoritative-source,PR225-R071;PR225-M077;PR225-F0257,focused-file-deployment,independent file-level semantic disposition
uptimeflare,LICENSE,c71d239df91726fc519c6eb72d318ec65820627232b2f796219e87dcf35d0ab4,11357,file,other,documentation,supporting-evidence,PR225-R071;PR225-M077,focused-module-documentation,focused module-level disposition
uptimeflare,README.md,b05d533efee7043d08ea2cca21f7205aa38bdfec7f0370b9a9e43ad3aeadc8d0,4160,file,Markdown,documentation,supporting-evidence,PR225-R071;PR225-M077,focused-module-documentation,focused module-level disposition
uptimeflare,README_zh-CN.md,4cde035fba4fa22f349f09e4156840ae5341d8624e2f5de7e73eac4996e305a8,1735,file,Markdown,documentation,supporting-evidence,PR225-R071;PR225-M077,focused-module-documentation,focused module-level disposition
uptimeflare,components/DetailBar.tsx,285d2a8d22f940e0552bb8b49322a0c4c138f07804b3e10b6e8239ba09641165,4762,file,TypeScript JSX,ui-or-product,authoritative-source,PR225-R071;PR225-M072;PR225-F0258,focused-file-ui-or-product,independent file-level semantic disposition
uptimeflare,components/DetailChart.tsx,1a7532ca6dd0764abe5bcea516e7a9b119b608eeed48018091791187721a0752,1977,file,TypeScript JSX,ui-or-product,authoritative-source,PR225-R071;PR225-M072;PR225-F0259,focused-file-ui-or-product,independent file-level semantic disposition
uptimeflare,components/Footer.tsx,6cd48ada0858503df344c3b9ce22e141251da967163702f34863585b5ab7172c,590,file,TypeScript JSX,ui-or-product,authoritative-source,PR225-R071;PR225-M072;PR225-F0260,focused-file-ui-or-product,independent file-level semantic disposition
uptimeflare,components/Header.tsx,f0c905370e5b2d1ff47b6590deac893ca5ce64b289df42c147c05bc05242aefa,1615,file,TypeScript JSX,ui-or-product,authoritative-source,PR225-R071;PR225-M072;PR225-F0261,focused-file-ui-or-product,independent file-level semantic disposition
uptimeflare,components/MaintenanceAlert.tsx,e3ea917df764389d3f1bb8e374e31037ffa54c8df73775453e11590f324252a0,2924,file,TypeScript JSX,ui-or-product,authoritative-source,PR225-R071;PR225-M072;PR225-F0262,focused-file-ui-or-product,independent file-level semantic disposition
uptimeflare,components/MonitorDetail.tsx,23887f77f42fdfc57f5f8028501e7751d000268419bdec7a95c5ba2913f4ade6,3098,file,TypeScript JSX,ui-or-product,authoritative-source,PR225-R071;PR225-M072;PR225-F0263,focused-file-ui-or-product,independent file-level semantic disposition
uptimeflare,components/MonitorList.tsx,78e135f3c116aa0238c51fdaa8b372dc776d74a64c4da1436ea55a70347aebcd,3918,file,TypeScript JSX,ui-or-product,authoritative-source,PR225-R071;PR225-M072;PR225-F0264,focused-file-ui-or-product,independent file-level semantic disposition
uptimeflare,components/NoIncidents.tsx,8967737a9a3c5205f016963f9464bf410d80a1767e6fa1e7df32d5eca9f7c7d8,770,file,TypeScript JSX,ui-or-product,authoritative-source,PR225-R071;PR225-M072;PR225-F0265,focused-file-ui-or-product,independent file-level semantic disposition
uptimeflare,components/NoSsr.tsx,90d819cb03d13e965fe3b6f94d21e5fbfdf1ea4808340f72a9c2100a3753ad1a,458,file,TypeScript JSX,ui-or-product,authoritative-source,PR225-R071;PR225-M072;PR225-F0266,focused-file-ui-or-product,independent file-level semantic disposition
uptimeflare,components/OverallStatus.tsx,b0865bd64ac4fd6f8593195b4de591ec20f9c8c2629afb1cf3d96a9d21d14326,4816,file,TypeScript JSX,ui-or-product,authoritative-source,PR225-R071;PR225-M072;PR225-F0267,focused-file-ui-or-product,independent file-level semantic disposition
uptimeflare,deploy.tf,da91d79c9c6c648383c91b1190328d52fbe6d8964f5ebfcba5b78dad2d86fb4d,2476,file,other,repository-administration,supporting-evidence,PR225-R071;PR225-M077,focused-module-repository-administration,focused module-level disposition
uptimeflare,deploy/init_d1.py,559850ef8e3e621612790689f7ded6428806bbe6e8d110f12eb20e84a3d792f2,2245,file,Python,implementation,authoritative-source,PR225-R071;PR225-M073;PR225-F0268,focused-file-implementation,independent file-level semantic disposition
uptimeflare,deploy/migrate_kv.py,0d0dd30a6ae8e2d7d1b6e697fac95b77c067cb79e2e181f9b73f344ca08d9554,2947,file,Python,implementation,authoritative-source,PR225-R071;PR225-M073;PR225-F0269,focused-file-implementation,independent file-level semantic disposition
uptimeflare,docs/desktop.png,1da00cd73328fafe73ead9b6a2fe338b20da18eb74963612c0e39182683a0b41,451926,file,other,fixture,supporting-evidence,PR225-R071,accounted-supporting-fixture,supporting/admin/fixture/documentation surface explicitly accounted by donor record
uptimeflare,entrypoint.sh,d7e59a7539c17a352b442021ab46c3d358cc690328b3a1e4577c718e0edc1d11,730,file,Shell,script,authoritative-source,PR225-R071;PR225-M077;PR225-F0270,focused-file-script,independent file-level semantic disposition
uptimeflare,env.d.ts,e5539f73719ef98d9bb804afefefeca6edbdee9ecebcb7d1cf950b782115407c,125,file,TypeScript,implementation,authoritative-source,PR225-R071;PR225-M077;PR225-F0271,focused-file-implementation,independent file-level semantic disposition
uptimeflare,init.sql,436c932738c15335d9913f038b9458c5352710d4026aa4f51045201ecac0229b,101,file,other,repository-administration,supporting-evidence,PR225-R071;PR225-M077,focused-module-repository-administration,focused module-level disposition
uptimeflare,locales/de-DE/common.json,aab7dbce4d4f45e2b5ee1d2177d9414c02f93bf70e37acb263c47c5f4093bd1a,1812,file,JSON,configuration,authoritative-source,PR225-R071;PR225-M074;PR225-F0272,focused-file-configuration,independent file-level semantic disposition
uptimeflare,locales/en/common.json,b6795537ac8c071ed778b2a225ac6a000489de41b09a183a1cbb64806be21ba0,1738,file,JSON,configuration,authoritative-source,PR225-R071;PR225-M074;PR225-F0273,focused-file-configuration,independent file-level semantic disposition
uptimeflare,locales/fr-FR/common.json,833b0ad9b971b9d079d828c8259e2388b15ee77585ba44a281d07bc0b70e3a62,1942,file,JSON,configuration,authoritative-source,PR225-R071;PR225-M074;PR225-F0274,focused-file-configuration,independent file-level semantic disposition
uptimeflare,locales/zh-CN/common.json,d0aa153ab39cae5a93553f97d7594978af9a63288ec6c1d5620703b12688694a,1677,file,JSON,configuration,authoritative-source,PR225-R071;PR225-M074;PR225-F0275,focused-file-configuration,independent file-level semantic disposition
uptimeflare,locales/zh-TW/common.json,fa874d65dd8ef644228708a7bc859ac8390d3816f8ac208afe541b8f570f26e1,1741,file,JSON,configuration,authoritative-source,PR225-R071;PR225-M074;PR225-F0276,focused-file-configuration,independent file-level semantic disposition
uptimeflare,middleware.ts,2caee7cbfd7dbf2d80b15f99d0d5645063514c7c3f418ecb680a838b719b8d0a,889,file,TypeScript,implementation,authoritative-source,PR225-R071;PR225-M077;PR225-F0277,focused-file-implementation,independent file-level semantic disposition
uptimeflare,next.config.js,dd334d0cd298315a00c4be53df5049fb3a1e79231beb3bd29945862c1a50acbe,382,file,JavaScript,implementation,authoritative-source,PR225-R071;PR225-M077;PR225-F0278,focused-file-implementation,independent file-level semantic disposition
uptimeflare,package-lock.json,f28d1ff44a5482de5d6e681547dd17419c99303460d76e10130d8bd1a9c4d95b,599591,file,JSON,configuration,authoritative-source,PR225-R071;PR225-M077;PR225-F0279,focused-file-configuration,independent file-level semantic disposition
uptimeflare,package.json,454f6af337df4611820c7cf31d4cec480e6227c5c4f7d8baa4a77709bbe3b471,1284,file,JSON,configuration,authoritative-source,PR225-R071;PR225-M077;PR225-F0280,focused-file-configuration,independent file-level semantic disposition
uptimeflare,pages/_app.tsx,fb4f68eeaa928efbcefdfac60596d33bc84e90b89e3084f5b7b826c792cd577f,404,file,TypeScript JSX,ui-or-product,authoritative-source,PR225-R071;PR225-M075;PR225-F0281,focused-file-ui-or-product,independent file-level semantic disposition
uptimeflare,pages/_document.tsx,5945972e6cef7daf07a8cd6c05aa77242c6ee2c3fc0fba02d73a08496ae96edc,349,file,TypeScript JSX,ui-or-product,authoritative-source,PR225-R071;PR225-M075;PR225-F0282,focused-file-ui-or-product,independent file-level semantic disposition
uptimeflare,pages/api/badge.ts,c49c6362bdace97ed97ca56fd4837b527e14adcdaad3ab6cf70623b58d351d46,1962,file,TypeScript,implementation,authoritative-source,PR225-R071;PR225-M075;PR225-F0283,focused-file-implementation,independent file-level semantic disposition
uptimeflare,pages/api/data.ts,479b828018fceb48a1f438c912343524125e8b2d2cc338e87af4c76b165e2032,1517,file,TypeScript,implementation,authoritative-source,PR225-R071;PR225-M075;PR225-F0284,focused-file-implementation,independent file-level semantic disposition
uptimeflare,pages/incidents.tsx,c59f01e7cd0d8af3a17cd161e7c2e2b79626fdee26748548d9645812fba2b9af,4934,file,TypeScript JSX,ui-or-product,authoritative-source,PR225-R071;PR225-M075;PR225-F0285,focused-file-ui-or-product,independent file-level semantic disposition
uptimeflare,pages/index.tsx,62254d7847a3fd4b66cf908aed32cf78078fc81a88f2edb79a236ee596025fc3,2768,file,TypeScript JSX,ui-or-product,authoritative-source,PR225-R071;PR225-M075;PR225-F0286,focused-file-ui-or-product,independent file-level semantic disposition
uptimeflare,postcss.config.js,a9a77115bd77de774c1ddfb022a285cd965714f8897411ace7a331c8e7f911a6,342,file,JavaScript,implementation,authoritative-source,PR225-R071;PR225-M077;PR225-F0287,focused-file-implementation,independent file-level semantic disposition
uptimeflare,proxy/.gitignore,16d30e4462189fb14dd611bdb708c510630c576a1f35b9383e89a4352da36c97,13,file,other,repository-administration,supporting-evidence,PR225-R071;PR225-M076,focused-module-repository-administration,focused module-level disposition
uptimeflare,proxy/api/index.js,328980c71721fd01e1082f8654c21c29d4514f6b9d6d00151ea6c6b208f49b15,5215,file,JavaScript,implementation,authoritative-source,PR225-R071;PR225-M076;PR225-F0288,focused-file-implementation,independent file-level semantic disposition
uptimeflare,proxy/package-lock.json,d2334bd50d0b2e7a56d1a1f3b03ac4e7758e6d844bd6abcbd0fec1013702a02e,48376,file,JSON,configuration,authoritative-source,PR225-R071;PR225-M076;PR225-F0289,focused-file-configuration,independent file-level semantic disposition
uptimeflare,proxy/package.json,bd62aec12810c9d5d68ab36c4992e38cd12c14e3bf786849f26064435892c676,230,file,JSON,configuration,authoritative-source,PR225-R071;PR225-M076;PR225-F0290,focused-file-configuration,independent file-level semantic disposition
uptimeflare,proxy/vercel.json,3d11c8f29774fd92ae9e9c160c025f8b5e060cf88d01afe8c189ecf1f706938a,77,file,JSON,configuration,authoritative-source,PR225-R071;PR225-M076;PR225-F0291,focused-file-configuration,independent file-level semantic disposition
uptimeflare,public/favicon.png,d3e378ac86e353d19603d9ab2dacb60bb21ff7c1e7302bc5e6d26c2577318d27,31765,file,other,fixture,supporting-evidence,PR225-R071,accounted-supporting-fixture,supporting/admin/fixture/documentation surface explicitly accounted by donor record
uptimeflare,public/logo.svg,069bea4da704c624a73f8167af78a8b43914de8a064803f331497b1e5f309f9c,152776,file,other,repository-administration,supporting-evidence,PR225-R071,accounted-supporting-repository-administration,supporting/admin/fixture/documentation surface explicitly accounted by donor record
uptimeflare,styles/Header.module.css,cfc08f03e2cead823f74173fe341ed83c2b19b064ae6635e3a7fd93c4748c277,866,file,CSS,ui-or-product,authoritative-source,PR225-R071;PR225-M078;PR225-F0292,focused-file-ui-or-product,independent file-level semantic disposition
uptimeflare,tsconfig.json,e4fee4661cd5b1a16818c6ceb50cc56cde3531ab731bb549defe7c75c30c07ee,571,file,JSON,configuration,authoritative-source,PR225-R071;PR225-M077;PR225-F0293,focused-file-configuration,independent file-level semantic disposition
uptimeflare,types/config.ts,8aa896dbe6f61ac1f6881fadacb540f2742931ee3af07b653ffbacbb97fcca43,4098,file,TypeScript,implementation,authoritative-source,PR225-R071;PR225-M079;PR225-F0294,focused-file-implementation,independent file-level semantic disposition
uptimeflare,uptime.config.full.ts,c3b218b44737db6257b33565b1442519855e4bade47316d889c00514eb281503,9346,file,TypeScript,implementation,authoritative-source,PR225-R071;PR225-M077;PR225-F0295,focused-file-implementation,independent file-level semantic disposition
uptimeflare,uptime.config.ts,ca63a9db0cf33b4d721b80f944404da4aaaad4520e03f61c96e2c01592dacaf4,5979,file,TypeScript,implementation,authoritative-source,PR225-R071;PR225-M077;PR225-F0296,focused-file-implementation,independent file-level semantic disposition
uptimeflare,util/color.ts,1dcbafcddf42f3a90a59525b002f1bd47b9fc36e1e7bd292e9ebcad3f7140de6,404,file,TypeScript,implementation,authoritative-source,PR225-R071;PR225-M080;PR225-F0297,focused-file-implementation,independent file-level semantic disposition
uptimeflare,util/i18n.ts,f1f4009056b565a766a06d1cf762d504587efaa1984af5e0f1b57aff995070ce,862,file,TypeScript,implementation,authoritative-source,PR225-R071;PR225-M080;PR225-F0298,focused-file-implementation,independent file-level semantic disposition
uptimeflare,util/iata.ts,e111318154047a1f6b8d2e9c8312c08c1d13fad7b7c88d6e02b5e0bd0c107d94,123206,file,TypeScript,implementation,authoritative-source,PR225-R071;PR225-M080;PR225-F0299,focused-file-implementation,independent file-level semantic disposition
uptimeflare,worker/.gitignore,2e0d40579e9267402eea886c0cb346edd956e5d33746fe09c043474aaed63bc3,2131,file,other,repository-administration,supporting-evidence,PR225-R071;PR225-M081,focused-module-repository-administration,focused module-level disposition
uptimeflare,worker/.prettierrc.yaml,1cbc986e18c2ba3d9af3bcc817f82aef27fdd6427667a1881045fc822bfcd506,79,file,YAML,configuration,authoritative-source,PR225-R071;PR225-M081;PR225-F0300,focused-file-configuration,independent file-level semantic disposition
uptimeflare,worker/package-lock.json,323d92382537666b899c1004ad6d2d88eb70bf7d744eff525612ae743e7497db,87211,file,JSON,configuration,authoritative-source,PR225-R071;PR225-M081;PR225-F0301,focused-file-configuration,independent file-level semantic disposition
uptimeflare,worker/package.json,650c17a2b0006362e943833c6b90fb301c1317d14ee1f9ce7488ca288587161f,408,file,JSON,configuration,authoritative-source,PR225-R071;PR225-M081;PR225-F0302,focused-file-configuration,independent file-level semantic disposition
uptimeflare,worker/src/index.ts,0fc201814bbbac73a241a86800be52af84371759c5fc88cd48419f63ea942db2,10179,file,TypeScript,implementation,authoritative-source,PR225-R071;PR225-M081;PR225-F0303,focused-file-implementation,independent file-level semantic disposition
uptimeflare,worker/src/monitor.ts,d78f104104cbbe26c7b30a5de24f82fd9c67a58e7bbe85319442b2436a921f2d,13736,file,TypeScript,implementation,authoritative-source,PR225-R071;PR225-M081;PR225-F0304,focused-file-implementation,independent file-level semantic disposition
uptimeflare,worker/src/store.ts,11c731c11a879c868d28bcd9f5080da19b63ea02ad9bd28f140f24e7a4e764f7,7672,file,TypeScript,implementation,authoritative-source,PR225-R071;PR225-M081;PR225-F0305,focused-file-implementation,independent file-level semantic disposition
uptimeflare,worker/src/util.ts,8ee17cd45c94c43a3093b6c14ab282a1b19505b9751a246e177c5e1bd5dabbc1,6224,file,TypeScript,implementation,authoritative-source,PR225-R071;PR225-M081;PR225-F0306,focused-file-implementation,independent file-level semantic disposition
uptimeflare,worker/tsconfig.json,d96357436f3c5800020d954f9ba78fe8c49ad18f555a9d7eab60b25c3fc381e0,454,file,JSON,configuration,authoritative-source,PR225-R071;PR225-M081;PR225-F0307,focused-file-configuration,independent file-level semantic disposition
uptimeflare,worker/wrangler.toml,3073e47458b34d5f0a6591f489766f4ae5280385d1423558c380dc4763031a9d,257,file,TOML,configuration,authoritative-source,PR225-R071;PR225-M081;PR225-F0308,focused-file-configuration,independent file-level semantic disposition
uptimeflare,wrangler.toml,f653e13bd17e61b6c6c7a9933efa78942b107d089cf49adb4e94cda15592fe69,228,file,TOML,configuration,authoritative-source,PR225-R071;PR225-M077;PR225-F0309,focused-file-configuration,independent file-level semantic disposition
utls,.github/workflows/go.yml,42333974cc8f425cf64be851116ab2f8c54edcf0bbfe073e593d455f76208596,690,file,YAML,repository-administration,supporting-evidence,PR225-R082,accounted-supporting-repository-administration,supporting/admin/fixture/documentation surface explicitly accounted by donor record
utls,.travis.yml,7c0dffb6a2e6e3de1c830d234b1b4f001ccdd407ddac9edfd10389a4f3880e10,391,file,YAML,configuration,authoritative-source,PR225-R082;PR225-M098;PR225-F0310,focused-file-configuration,independent file-level semantic disposition
utls,CONTRIBUTING.md,496f23b4b03b4f35e1ced68b8d96aa27ca4a8121b635eb2f4f2832becfaccdab,968,file,Markdown,documentation,supporting-evidence,PR225-R082;PR225-M098,focused-module-documentation,focused module-level disposition
utls,CONTRIBUTORS_GUIDE.md,24fd2a40958b78f7780962d8fd514bfd59d613ee89f0388901d11e5b9de6a3e5,3549,file,Markdown,documentation,supporting-evidence,PR225-R082;PR225-M098,focused-module-documentation,focused module-level disposition
utls,LICENSE,2d36597f7117c38b006835ae7f537487207d8ec407aa9d9980794b2030cbc067,1479,file,other,documentation,supporting-evidence,PR225-R082;PR225-M098,focused-module-documentation,focused module-level disposition
utls,README.md,3f56ac9de132bf10c7d3ab17a886a7bd09c838378e3a3af9992e167f17652f5a,15498,file,Markdown,documentation,supporting-evidence,PR225-R082;PR225-M098,focused-module-documentation,focused module-level disposition
utls,SECURITY.md,efc42e1aa0d62f78b0197e5811e4f905cd85cc5a29c1d853e1224b30109bcb99,590,file,Markdown,documentation,supporting-evidence,PR225-R082;PR225-M098,focused-module-documentation,focused module-level disposition
utls,alert.go,95b0aab666e8a08a2c56191e0ed96a804be83b4e2d7475d4d1e7c4eb9f8b6b6c,4398,file,Go,implementation,authoritative-source,PR225-R082;PR225-M098;PR225-F0311,focused-file-implementation,independent file-level semantic disposition
utls,auth.go,0dbca3323587cccd982cfed72c7f7ddd6582fecba634aa62beb5eefae1204e3d,10294,file,Go,implementation,authoritative-source,PR225-R082;PR225-M098;PR225-F0312,focused-file-implementation,independent file-level semantic disposition
utls,auth_test.go,cb0a2f86e9a0318c26a00fe280d3fc0ff1cad615f4dfaf8880a4f993c43b9482,7287,file,Go,test,authoritative-source,PR225-R082;PR225-M098;PR225-F0313,focused-file-test,independent file-level semantic disposition
utls,cache.go,3a9502ab6ed2c77b57a2408990dc64c47f1e0527657ef46d0abe530a8e75f52f,3511,file,Go,implementation,authoritative-source,PR225-R082;PR225-M098;PR225-F0314,focused-file-implementation,independent file-level semantic disposition
utls,cache_test.go,5c7aa005b819ce8ad266f6e93f0b94441da3835ebb4abd6b1413d3d1170cefc9,2643,file,Go,test,authoritative-source,PR225-R082;PR225-M098;PR225-F0315,focused-file-test,independent file-level semantic disposition
utls,cipher_suites.go,1e2881dc3fe81df91adee2fd3fc080b289d8b3bdbf410cbb52d16f9b10b3217b,26548,file,Go,implementation,authoritative-source,PR225-R082;PR225-M098;PR225-F0316,focused-file-implementation,independent file-level semantic disposition
utls,common.go,cd216b813b2436540e6c8b66a1d76ee58274ddb57981a36f768664f31bd611fe,67524,file,Go,implementation,authoritative-source,PR225-R082;PR225-M098;PR225-F0317,focused-file-implementation,independent file-level semantic disposition
utls,common_string.go,ecef8026406ce1eac8546bf6ae568f377cac71dadb485ab476315c4bfde9b7df,3456,file,Go,implementation,authoritative-source,PR225-R082;PR225-M098;PR225-F0318,focused-file-implementation,independent file-level semantic disposition
utls,conn.go,af67f8af9883076a98e2727a5849d467eca760feff175e05d1c1844786d1adce,53646,file,Go,implementation,authoritative-source,PR225-R082;PR225-M098;PR225-F0319,focused-file-implementation,independent file-level semantic disposition
utls,conn_test.go,4e3b5a1f5dd0112d1115c5158fdb566b5e8814c589dbf4f2af09fe5e7602f3a1,10844,file,Go,test,authoritative-source,PR225-R082;PR225-M098;PR225-F0320,focused-file-test,independent file-level semantic disposition
utls,defaults.go,96a350c958188672244c1285d115a4847b73fb012e5ca585057b044786699c60,4334,file,Go,implementation,authoritative-source,PR225-R082;PR225-M098;PR225-F0321,focused-file-implementation,independent file-level semantic disposition
utls,dicttls/LICENSE,ac089a3cb515b32ba1c8c2b401646527f55815a9022013693d515f2e2e4fb6ec,1498,file,other,documentation,supporting-evidence,PR225-R082;PR225-M094,focused-module-documentation,focused module-level disposition
utls,dicttls/README.md,5c02a37c30760d4af6f6c8c0c0b95e8f1cec3b525dbd900faa60a51ebbe4b582,603,file,Markdown,documentation,supporting-evidence,PR225-R082;PR225-M094,focused-module-documentation,focused module-level disposition
utls,dicttls/alerts.go,8784054974bb66f498d58b69f48d7f5284efdcc01db4fe5ddef3a63d2f2a646a,4398,file,Go,implementation,authoritative-source,PR225-R082;PR225-M094;PR225-F0322,focused-file-implementation,independent file-level semantic disposition
utls,dicttls/authorization_data_formats.go,86f09e0c2547d6e14c4c870ccd1d4978624d0fb24f8401383564d00dd6ae0315,1097,file,Go,implementation,authoritative-source,PR225-R082;PR225-M094;PR225-F0323,focused-file-implementation,independent file-level semantic disposition
utls,dicttls/cachedinformationtype_values.go,96000280792b9cd933e8a5b98ae467d2e1ed62535b7db86840c616e5e55fc43c,451,file,Go,implementation,authoritative-source,PR225-R082;PR225-M094;PR225-F0324,focused-file-implementation,independent file-level semantic disposition
utls,dicttls/certificate_compression_algorithm_ids.go,b2eab80278aa179000442686e8fd8258183eb482c5e0aa335316e115b1a902d7,522,file,Go,implementation,authoritative-source,PR225-R082;PR225-M094;PR225-F0325,focused-file-implementation,independent file-level semantic disposition
utls,dicttls/certificate_status_types.go,df69968231908e6d88b9bdcdc880ff6d50e16ac3776e20bc0ff1cf5eede42e1d,444,file,Go,implementation,authoritative-source,PR225-R082;PR225-M094;PR225-F0326,focused-file-implementation,independent file-level semantic disposition
utls,dicttls/certificte_types.go,59ba21c37061510971de99b3f3bc8e9a572971a2f2d0fdb5ab551395263d914d,593,file,Go,implementation,authoritative-source,PR225-R082;PR225-M094;PR225-F0327,focused-file-implementation,independent file-level semantic disposition
utls,dicttls/cipher_suites.go,9ddaf5b351a07107c4474c5bf5b200e5e03a7de5a0332b5708c02803c1833c20,55813,file,Go,implementation,authoritative-source,PR225-R082;PR225-M094;PR225-F0328,focused-file-implementation,independent file-level semantic disposition
utls,dicttls/clientcertificatetype_identifiers.go,060fa9f3b3fdf8b92fb5efa7cd44385df154aee2ee80928af84c51e062c52feb,1494,file,Go,implementation,authoritative-source,PR225-R082;PR225-M094;PR225-F0329,focused-file-implementation,independent file-level semantic disposition
utls,dicttls/comp_meth_ids.go,f6c9079088b7854da6d073a20e338ba3ec6141447dcfc2aa6f57ec445d1212be,409,file,Go,implementation,authoritative-source,PR225-R082;PR225-M094;PR225-F0330,focused-file-implementation,independent file-level semantic disposition
utls,dicttls/contenttype.go,ac89d47467631d66cb0739d2fd47c699803e570a3b9ca9236fc4cea41a675fbc,884,file,Go,implementation,authoritative-source,PR225-R082;PR225-M094;PR225-F0331,focused-file-implementation,independent file-level semantic disposition
utls,dicttls/ec_curve_types.go,a33a7cafda9d0e6ee447621834adaa9a1f82f937ee28bd9ac64c8964a3124c19,499,file,Go,implementation,authoritative-source,PR225-R082;PR225-M094;PR225-F0332,focused-file-implementation,independent file-level semantic disposition
utls,dicttls/ec_point_formats.go,84cbe01db7d7dbbfc84ba3bd9e65b3c0128d114882d3935aad2d1585feca415a,586,file,Go,implementation,authoritative-source,PR225-R082;PR225-M094;PR225-F0333,focused-file-implementation,independent file-level semantic disposition
utls,dicttls/exttype_values.go,6c22e2da466622e92275dad79c4b2bd429a0c9448c0602d9341608e41e105bd0,9481,file,Go,implementation,authoritative-source,PR225-R082;PR225-M094;PR225-F0334,focused-file-implementation,independent file-level semantic disposition
utls,dicttls/handshaketype.go,092979632e7d24a952e6ecc47e71a1ee59c05a0b13b8d590563b1f4820ea207d,3236,file,Go,implementation,authoritative-source,PR225-R082;PR225-M086;PR225-F0335,focused-file-implementation,independent file-level semantic disposition
utls,dicttls/hashalgorithm.go,b7de62f071c8df3108917120983d24ccb2b7dacfe851f3516475754ea5dcfe1f,851,file,Go,implementation,authoritative-source,PR225-R082;PR225-M094;PR225-F0336,focused-file-implementation,independent file-level semantic disposition
utls,dicttls/heartbeat_message_types.go,590e4d86628431b9d2e5df71de6754130e825ad98499417931a4d56b1967f958,447,file,Go,implementation,authoritative-source,PR225-R082;PR225-M094;PR225-F0337,focused-file-implementation,independent file-level semantic disposition
utls,dicttls/heartbeat_mode.go,cddc9beefb52e5876ce65c3c66408c1d13dffe773ae827a6a96933f4e7ff67b7,472,file,Go,implementation,authoritative-source,PR225-R082;PR225-M094;PR225-F0338,focused-file-implementation,independent file-level semantic disposition
utls,dicttls/hpke_aead_identifiers.go,474bc4fb0443cf04c1ff24806216c2dd282a75e54cfdcb8a19169c66397446bb,580,file,Go,implementation,authoritative-source,PR225-R082;PR225-M094;PR225-F0339,focused-file-implementation,independent file-level semantic disposition
utls,dicttls/hpke_kdf_identifiers.go,c28efbb3887683d15ede8b0c1372c73a782d490b9180fea1378912c03642cf1d,534,file,Go,implementation,authoritative-source,PR225-R082;PR225-M094;PR225-F0340,focused-file-implementation,independent file-level semantic disposition
utls,dicttls/hpke_kem_identifiers.go,6716d23789803cddd88e269bfae5a19d3b65bd6ce338e068de033a063ac8cf3a,1720,file,Go,implementation,authoritative-source,PR225-R082;PR225-M094;PR225-F0341,focused-file-implementation,independent file-level semantic disposition
utls,dicttls/psk_key_exchange_mode.go,89859d538cb4495986191b396f4e158b48fbacbc8bd6af9b77911263b397df8c,415,file,Go,implementation,authoritative-source,PR225-R082;PR225-M089;PR225-F0342,focused-file-implementation,independent file-level semantic disposition
utls,dicttls/quic_frame_types.go,f70d1f8c278d78832b569f305defd03eff62d0419a74951606402b59475b9bae,3684,file,Go,implementation,authoritative-source,PR225-R082;PR225-M090;PR225-F0343,focused-file-implementation,independent file-level semantic disposition
utls,dicttls/quic_transport_error_codes.go,7291eb4c2ca206f357a177aeacd6658543b2714c84de34a9c3c5f7b8ac3220a2,2888,file,Go,implementation,authoritative-source,PR225-R082;PR225-M090;PR225-F0344,focused-file-implementation,independent file-level semantic disposition
utls,dicttls/quic_transport_parameters.go,36f446045bd06403aec27202cb027073886c3b879799ac8d28095b524535a45c,4698,file,Go,implementation,authoritative-source,PR225-R082;PR225-M090;PR225-F0345,focused-file-implementation,independent file-level semantic disposition
utls,dicttls/signaturealgorithm.go,660400d80ebc52749ae58d08286fe67f44db3e77889547bdca2362b9529d713d,1266,file,Go,implementation,authoritative-source,PR225-R082;PR225-M094;PR225-F0346,focused-file-implementation,independent file-level semantic disposition
utls,dicttls/signaturescheme.go,94cd76aece96a01150b0831418168a8f28b093617e9e46403b502612a0c0d543,5062,file,Go,implementation,authoritative-source,PR225-R082;PR225-M094;PR225-F0347,focused-file-implementation,independent file-level semantic disposition
utls,dicttls/supplemental_data_formats.go,174dc03af03b7c3be901710c334fa5c3d75cd6d5d6d4573f7b764bcc83a414d6,498,file,Go,implementation,authoritative-source,PR225-R082;PR225-M094;PR225-F0348,focused-file-implementation,independent file-level semantic disposition
utls,dicttls/supported_groups.go,c03c91f5c10577090297dc68dc3c87a332ab7234f89189f7f93356810b554b10,6387,file,Go,implementation,authoritative-source,PR225-R082;PR225-M094;PR225-F0349,focused-file-implementation,independent file-level semantic disposition
utls,dicttls/usermappingtype_values.go,52d9d963402cb23dd5ba34274d945b6f4e1d579619e8275d886e3de38d9b8395,363,file,Go,implementation,authoritative-source,PR225-R082;PR225-M094;PR225-F0350,focused-file-implementation,independent file-level semantic disposition
utls,ech.go,ff53ff77949a01f1be2c45b1147133ac9324f8d7b18e9f044b96150f47e04b42,18735,file,Go,implementation,authoritative-source,PR225-R082;PR225-M083;PR225-F0351,focused-file-implementation,independent file-level semantic disposition
utls,ech_test.go,7b06353991391fa1d233fbf3162c8340cd90ede934b374819b83745487834f2d,2019,file,Go,test,authoritative-source,PR225-R082;PR225-M083;PR225-F0352,focused-file-test,independent file-level semantic disposition
utls,example_test.go,0c1c065aea98125a16fe59fe30df13e57400179fa5b3c2503fb3b98dcc99457d,8006,file,Go,test,authoritative-source,PR225-R082;PR225-M098;PR225-F0353,focused-file-test,independent file-level semantic disposition
utls,examples/ech/main.go,91ab7a937108f6f58e5a7471d850790ef92c3c704d16d136c4930daf9c5d947b,3603,file,Go,implementation,authoritative-source,PR225-R082;PR225-M095;PR225-F0354,focused-file-implementation,independent file-level semantic disposition
utls,examples/old/examples.go,b2fb9f6ad87fcc20cbe79632ace3dd25d5779d6c2481ee3d1902bb5f1bc6a22d,14947,file,Go,implementation,authoritative-source,PR225-R082;PR225-M095;PR225-F0355,focused-file-implementation,independent file-level semantic disposition
utls,examples/tls-resumption/main.go,a79dcbcf9e61443e7530cceb5cf0fa0f6ce30060710ab9cd738ba2eda32e0ece,5841,file,Go,implementation,authoritative-source,PR225-R082;PR225-M095;PR225-F0356,focused-file-implementation,independent file-level semantic disposition
utls,fipsonly/fipsonly.go,1456dc44b9b98752310983486e114ccb9ebab205af007f307953b6c572233669,904,file,Go,implementation,authoritative-source,PR225-R082;PR225-M096;PR225-F0357,focused-file-implementation,independent file-level semantic disposition
utls,fipsonly/fipsonly_test.go,7d919680f275124c44f17530119258b676240fb4de0facac678731662060ecc5,377,file,Go,test,authoritative-source,PR225-R082;PR225-M096;PR225-F0358,focused-file-test,independent file-level semantic disposition
utls,generate_cert.go,c4eca7cd7a7e96de36adfbdf58d62aefade21e28e0334d0610a8c22517957dc4,4947,file,Go,implementation,authoritative-source,PR225-R082;PR225-M098;PR225-F0359,focused-file-implementation,independent file-level semantic disposition
utls,go.mod,94d7f4353d809f36c82b13dfc7603c193b6a89a1767945fb7c8441ca0c206829,344,file,other,configuration,authoritative-source,PR225-R082;PR225-M098;PR225-F0360,focused-file-configuration,independent file-level semantic disposition
utls,go.sum,d4daed33ef335a900f1ee5fdeb1f240335587e5a94e1acc0384bc657dd8d1b36,976,file,other,configuration,authoritative-source,PR225-R082;PR225-M098;PR225-F0361,focused-file-configuration,independent file-level semantic disposition
utls,handshake_client.go,b1ede154557dfc2232fd14937071231082534c048a5a1a6b2241f854d3722522,42448,file,Go,implementation,authoritative-source,PR225-R082;PR225-M086;PR225-F0362,focused-file-implementation,independent file-level semantic disposition
utls,handshake_client_test.go,dd639b85dd221fb9968550fd0256e08547258d158c99ce1be43bf0e2506ec9b0,91770,file,Go,test,authoritative-source,PR225-R082;PR225-M086;PR225-F0363,focused-file-test,independent file-level semantic disposition
utls,handshake_client_tls13.go,3fed39a7d5ce8758063a5011243026ea6300575d896a7b5a97ec5b2efb781722,34378,file,Go,implementation,authoritative-source,PR225-R082;PR225-M086;PR225-F0364,focused-file-implementation,independent file-level semantic disposition
utls,handshake_messages.go,e4e967eaf9c6c57330e5297d428e13301dd43997e3b75e0417755ecbad5afedb,54976,file,Go,implementation,authoritative-source,PR225-R082;PR225-M086;PR225-F0365,focused-file-implementation,independent file-level semantic disposition
utls,handshake_messages_test.go,b9a6da73aa174c26187de0fb39beab2f88bcc1b0562f39f2e2ebc61804b75f3a,17054,file,Go,test,authoritative-source,PR225-R082;PR225-M086;PR225-F0366,focused-file-test,independent file-level semantic disposition
utls,handshake_server.go,8ce398bd135bd42b03fb2af14700e41525c1e215c7460839c3f8c2df64f34966,30130,file,Go,implementation,authoritative-source,PR225-R082;PR225-M086;PR225-F0367,focused-file-implementation,independent file-level semantic disposition
utls,handshake_server_test.go,f1d38280a3264556c0cfaa3a12abbe909c164256def54ed5b888b3526a9764c4,67487,file,Go,test,authoritative-source,PR225-R082;PR225-M086;PR225-F0368,focused-file-test,independent file-level semantic disposition
utls,handshake_server_tls13.go,5e8e24312426f56f86a6bf7a555571b4fa5566a9d36da174823e1151cbbbab20,35668,file,Go,implementation,authoritative-source,PR225-R082;PR225-M086;PR225-F0369,focused-file-implementation,independent file-level semantic disposition
utls,handshake_test.go,ec346a050ec4edf1c186aca12e87bed84d008c1dbaec70b95c9fba82de24cc49,33579,file,Go,test,authoritative-source,PR225-R082;PR225-M086;PR225-F0370,focused-file-test,independent file-level semantic disposition
utls,handshake_unix_test.go,2ea090e21bb6aa2a092ec1cda332a818f16c8b2eb03148e1782a675e281ce644,328,file,Go,test,authoritative-source,PR225-R082;PR225-M086;PR225-F0371,focused-file-test,independent file-level semantic disposition
utls,internal/boring/notboring.go,74a6fbdc124cd8f36b81a800999cfca749166adf7a6d491f62634d5d3bc5c74b,337,file,Go,implementation,authoritative-source,PR225-R082;PR225-M097;PR225-F0372,focused-file-implementation,independent file-level semantic disposition
utls,internal/byteorder/byteorder.go,c31dade373ba9a6970fdec0943cdf95b2a8ae1f0e057fdd581e50165aca26fbb,3550,file,Go,implementation,authoritative-source,PR225-R082;PR225-M097;PR225-F0373,focused-file-implementation,independent file-level semantic disposition
utls,internal/fips140tls/fipstls.go,ccb9b65dccfdf0157f363b9faca9998857b4fafff681c5cc64e846aab4283203,59,file,Go,implementation,authoritative-source,PR225-R082;PR225-M097;PR225-F0374,focused-file-implementation,independent file-level semantic disposition
utls,internal/helper/typeconv.go,23e0fa1bde5c607e3e67c33e77d76c9590d51ddeedbd474292221f5227fdb3cc,460,file,Go,implementation,authoritative-source,PR225-R082;PR225-M097;PR225-F0375,focused-file-implementation,independent file-level semantic disposition
utls,internal/hkdf/hkdf.go,b4931e5c11a216a4625111e5c2322c54e9dbd1e63288a1c9416418f568b79009,417,file,Go,implementation,authoritative-source,PR225-R082;PR225-M097;PR225-F0376,focused-file-implementation,independent file-level semantic disposition
utls,internal/hpke/hpke.go,0a1d5733b452bc0a82a19d83b56aedb57082a98e71769205023f1902d1ce9355,8784,file,Go,implementation,authoritative-source,PR225-R082;PR225-M097;PR225-F0377,focused-file-implementation,independent file-level semantic disposition
utls,internal/quicvarint/protocol/protocol.go,cdd8bcdcf3e198b128b4f409a337b76837d5b4d87d866bfdede3ecdcaa72cb13,4250,file,Go,implementation,authoritative-source,PR225-R082;PR225-M097;PR225-F0378,focused-file-implementation,independent file-level semantic disposition
utls,internal/quicvarint/varint.go,4f33f8863ff19768c0f868b47053ca5f046ed6b88ceb4224834e402d91a460e8,3458,file,Go,implementation,authoritative-source,PR225-R082;PR225-M097;PR225-F0379,focused-file-implementation,independent file-level semantic disposition
utls,internal/tls12/tls12.go,5a48194e340455f3fcd51d0027f582e00f6e8b13ee67f26581b13f4d796ecca7,1959,file,Go,implementation,authoritative-source,PR225-R082;PR225-M097;PR225-F0380,focused-file-implementation,independent file-level semantic disposition
utls,internal/tls13/tls13.go,cf55e8015fc575a39ed193b25f2b62d75ee009520269979d6fb64c42289c706e,6669,file,Go,implementation,authoritative-source,PR225-R082;PR225-M097;PR225-F0381,focused-file-implementation,independent file-level semantic disposition
utls,internal/tls13/u_tls13.go,6d3c6e9dfd52c6b866b154a25cc97b104183cad1c86e2c33a83bbde4f55def94,595,file,Go,implementation,authoritative-source,PR225-R082;PR225-M097;PR225-F0382,focused-file-implementation,independent file-level semantic disposition
utls,key_agreement.go,db368fa743f1842bda6b5f3e2ec7ce0dab4270aabaf3215af4b30dd397670783,12131,file,Go,implementation,authoritative-source,PR225-R082;PR225-M098;PR225-F0383,focused-file-implementation,independent file-level semantic disposition
utls,key_schedule.go,e0f27b2938eabad61e7494d825a608573cff9ec71f90937ae4bba9503c78f843,3131,file,Go,implementation,authoritative-source,PR225-R082;PR225-M098;PR225-F0384,focused-file-implementation,independent file-level semantic disposition
utls,key_schedule_test.go,6a12bca5eb09eb6cee718a151f0d4b6477731482c756a2bbf17c301c19e1f19c,5113,file,Go,test,authoritative-source,PR225-R082;PR225-M098;PR225-F0385,focused-file-test,independent file-level semantic disposition
utls,link_test.go,daf548449f209204ec097d65c2201c1e7f06c24c557086b706a39ea004426904,2453,file,Go,test,authoritative-source,PR225-R082;PR225-M098;PR225-F0386,focused-file-test,independent file-level semantic disposition
utls,logo.png,b99013d55cbcd9b0c42f1136e29c0cc96a550d08cc30c905e0ec93c80fbc5332,23577,file,other,fixture,supporting-evidence,PR225-R082;PR225-M098,focused-module-fixture,focused module-level disposition
utls,logo_small.png,23f539d79b632d4701b72de00efe6c739e9876ec6841f12f5c239fb2d7833de0,2028,file,other,fixture,supporting-evidence,PR225-R082;PR225-M098,focused-module-fixture,focused module-level disposition
utls,prf.go,2a0d206325923c76695860f5338249042dc65d785900271eaa0e396e4f6ce6e0,9386,file,Go,implementation,authoritative-source,PR225-R082;PR225-M098;PR225-F0387,focused-file-implementation,independent file-level semantic disposition
utls,prf_test.go,5d9dd8556fc5d51b2fe966a65ab7ed5a40ae435334e293ba4815cef3c9b87a9d,5843,file,Go,test,authoritative-source,PR225-R082;PR225-M098;PR225-F0388,focused-file-test,independent file-level semantic disposition
utls,quic.go,6c296d74fe43e61e274e49da01f459e07a41a70554eb740c4551e1022a429530,15421,file,Go,implementation,authoritative-source,PR225-R082;PR225-M090;PR225-F0389,focused-file-implementation,independent file-level semantic disposition
utls,quic_test.go,f56b6e084ea4141f703b0eb211d79e68e2f8c2590888f3bca385081a8006bd1c,21137,file,Go,test,authoritative-source,PR225-R082;PR225-M090;PR225-F0390,focused-file-test,independent file-level semantic disposition
utls,testdata/Client-TLSv10-ClientCert-ECDSA-ECDSA,2af2dbabca75edabc84f9fb9ed1a7e6c234c956b10c3df4fe090f0bce3ce8c5f,10386,file,other,repository-administration,supporting-evidence,PR225-R082,accounted-supporting-repository-administration,supporting/admin/fixture/documentation surface explicitly accounted by donor record
utls,testdata/Client-TLSv10-ClientCert-ECDSA-RSA,f261c9e76625eba325c3ba19b6acaedfb33f9153cff12b00d7690321be0499bb,10701,file,other,repository-administration,supporting-evidence,PR225-R082,accounted-supporting-repository-administration,supporting/admin/fixture/documentation surface explicitly accounted by donor record
utls,testdata/Client-TLSv10-ClientCert-Ed25519,a62032fa4087dcf05f647342bbbed84392eca8726d0143f49d1cb2c3a2b8620f,8456,file,other,repository-administration,supporting-evidence,PR225-R082,accounted-supporting-repository-administration,supporting/admin/fixture/documentation surface explicitly accounted by donor record
utls,testdata/Client-TLSv10-ClientCert-RSA-ECDSA,33ba893af14340375b41d569bfbc6873a27f67b16450d4144f43a476e6f59e30,10297,file,other,repository-administration,supporting-evidence,PR225-R082,accounted-supporting-repository-administration,supporting/admin/fixture/documentation surface explicitly accounted by donor record
utls,testdata/Client-TLSv10-ClientCert-RSA-RSA,1099c0432bc2522d997ae8a48e765ceb8f7d8902a88dac6b6c3d06ce696f46e6,10615,file,other,repository-administration,supporting-evidence,PR225-R082,accounted-supporting-repository-administration,supporting/admin/fixture/documentation surface explicitly accounted by donor record
utls,testdata/Client-TLSv10-ECDHE-ECDSA-AES,827772114e6017a91f83187b5b343e446d08caa2cd2154c1393db2b5aba0adfb,6984,file,other,repository-administration,supporting-evidence,PR225-R082,accounted-supporting-repository-administration,supporting/admin/fixture/documentation surface explicitly accounted by donor record
utls,testdata/Client-TLSv10-ECDHE-RSA-AES,26a7ff3aef86cd9971d1313453b950f9b116a810f5a14f588692edc8f5a2466d,7301,file,other,repository-administration,supporting-evidence,PR225-R082,accounted-supporting-repository-administration,supporting/admin/fixture/documentation surface explicitly accounted by donor record
utls,testdata/Client-TLSv10-Ed25519,e3b0c44298fc1c149afbf4c8996fb92427ae41e4649b934ca495991b7852b855,0,file,other,repository-administration,supporting-evidence,PR225-R082,accounted-supporting-repository-administration,supporting/admin/fixture/documentation surface explicitly accounted by donor record
utls,testdata/Client-TLSv10-ExportKeyingMaterial,80e6d8ca283e5b029070f84821edc40543aae4bc50e18337abaea1cc55da8988,7301,file,other,repository-administration,supporting-evidence,PR225-R082,accounted-supporting-repository-administration,supporting/admin/fixture/documentation surface explicitly accounted by donor record
utls,testdata/Client-TLSv10-RSA-RC4,1ba0c050fb81df23faba1486ba90800b2abaaf302c317b28834c42e5ae451315,6508,file,other,repository-administration,supporting-evidence,PR225-R082,accounted-supporting-repository-administration,supporting/admin/fixture/documentation surface explicitly accounted by donor record
utls,testdata/Client-TLSv11-ECDHE-ECDSA-AES,547b46db070c25b2255876a8d9137170c912289005e1ae05c2951cb5f43bc030,7138,file,other,repository-administration,supporting-evidence,PR225-R082,accounted-supporting-repository-administration,supporting/admin/fixture/documentation surface explicitly accounted by donor record
utls,testdata/Client-TLSv11-ECDHE-RSA-AES,012a3fe0148ea5fc5b8d19d1b24fb67b07732cd174da2c9d506a6bf6b27bc4c3,7454,file,other,repository-administration,supporting-evidence,PR225-R082,accounted-supporting-repository-administration,supporting/admin/fixture/documentation surface explicitly accounted by donor record
utls,testdata/Client-TLSv11-Ed25519,e3b0c44298fc1c149afbf4c8996fb92427ae41e4649b934ca495991b7852b855,0,file,other,repository-administration,supporting-evidence,PR225-R082,accounted-supporting-repository-administration,supporting/admin/fixture/documentation surface explicitly accounted by donor record
utls,testdata/Client-TLSv11-RSA-RC4,69d2f3185a6ab5c5867908d3459c55b4f79fa5c6b0c3a4f1cc4ae20752934322,6508,file,other,repository-administration,supporting-evidence,PR225-R082,accounted-supporting-repository-administration,supporting/admin/fixture/documentation surface explicitly accounted by donor record
utls,testdata/Client-TLSv12-AES128-GCM-SHA256,05a47d3577244541b2a9f2a30ed03277c4913c9bce0e98e965c4740faeeb45f9,6650,file,other,repository-administration,supporting-evidence,PR225-R082,accounted-supporting-repository-administration,supporting/admin/fixture/documentation surface explicitly accounted by donor record
utls,testdata/Client-TLSv12-AES128-SHA256,93dca1d53907d4d1857dec81486d693e6688966264f1b218d2357f3450e35354,7369,file,other,repository-administration,supporting-evidence,PR225-R082,accounted-supporting-repository-administration,supporting/admin/fixture/documentation surface explicitly accounted by donor record
utls,testdata/Client-TLSv12-AES256-GCM-SHA384,4223c8efea09454878318553fbbf00aac735efbee4cdb799dd150c8c0fb48067,6650,file,other,repository-administration,supporting-evidence,PR225-R082,accounted-supporting-repository-administration,supporting/admin/fixture/documentation surface explicitly accounted by donor record
utls,testdata/Client-TLSv12-ALPN,d7f7011919ebe0bedbc2d4d505af2e123412a3eb0a928f9aae485aa7058d4534,7054,file,other,repository-administration,supporting-evidence,PR225-R082,accounted-supporting-repository-administration,supporting/admin/fixture/documentation surface explicitly accounted by donor record
utls,testdata/Client-TLSv12-ALPN-NoMatch,a3eca15168789ecebd503af1fa5c3955aff08888e9c8ad388c464f8353b3d354,6891,file,other,repository-administration,supporting-evidence,PR225-R082,accounted-supporting-repository-administration,supporting/admin/fixture/documentation surface explicitly accounted by donor record
utls,testdata/Client-TLSv12-ClientCert-ECDSA-ECDSA,9a89eaf148c732bc65cf5236d99e746b85b4fbf95f9a4654b07180219c933a07,10778,file,other,repository-administration,supporting-evidence,PR225-R082,accounted-supporting-repository-administration,supporting/admin/fixture/documentation surface explicitly accounted by donor record
utls,testdata/Client-TLSv12-ClientCert-ECDSA-RSA,bc47ef02f7e24c334b3476415d65979be6c898e89fdac52cca473b8e0bddb31d,10756,file,other,repository-administration,supporting-evidence,PR225-R082,accounted-supporting-repository-administration,supporting/admin/fixture/documentation surface explicitly accounted by donor record
utls,testdata/Client-TLSv12-ClientCert-Ed25519,1cf113169d5002e4d1334d3749105d4734274b835f0fd96056bef9de0b5fbb99,9183,file,other,repository-administration,supporting-evidence,PR225-R082,accounted-supporting-repository-administration,supporting/admin/fixture/documentation surface explicitly accounted by donor record
utls,testdata/Client-TLSv12-ClientCert-RSA-AES256-GCM-SHA384,81bb9c5233b15d51d380885b6e2150110174456b9a7736ddd5c7d5f84adedaa2,10606,file,other,repository-administration,supporting-evidence,PR225-R082,accounted-supporting-repository-administration,supporting/admin/fixture/documentation surface explicitly accounted by donor record
utls,testdata/Client-TLSv12-ClientCert-RSA-ECDSA,3a89a91b24759f9e2f74f16ed1f99b221cc0de008a5eb277d38e14773bd3e37c,10692,file,other,repository-administration,supporting-evidence,PR225-R082,accounted-supporting-repository-administration,supporting/admin/fixture/documentation surface explicitly accounted by donor record
utls,testdata/Client-TLSv12-ClientCert-RSA-RSA,ce07c666b07af21f23a1cb221f18e35a40e2038482309f7d4c0a3aa67b47b00b,10606,file,other,repository-administration,supporting-evidence,PR225-R082,accounted-supporting-repository-administration,supporting/admin/fixture/documentation surface explicitly accounted by donor record
utls,testdata/Client-TLSv12-ClientCert-RSA-RSAPKCS1v15,985c1035193b1b7497b7bf78fdca65c8f8606289cfd8485f869b2529d97b99f9,10371,file,other,repository-administration,supporting-evidence,PR225-R082,accounted-supporting-repository-administration,supporting/admin/fixture/documentation surface explicitly accounted by donor record
utls,testdata/Client-TLSv12-ClientCert-RSA-RSAPSS,ab587e5847519257f645f5b6d88bdd53f6aaebea3654c6e7ebe602ed2ef2830e,10993,file,other,repository-administration,supporting-evidence,PR225-R082,accounted-supporting-repository-administration,supporting/admin/fixture/documentation surface explicitly accounted by donor record
utls,testdata/Client-TLSv12-ECDHE-ECDSA-AES,dae38515cc8f2f899183bfe7ac15718a0de35f967ec7e72e3584943db04bf3fe,7139,file,other,repository-administration,supporting-evidence,PR225-R082,accounted-supporting-repository-administration,supporting/admin/fixture/documentation surface explicitly accounted by donor record
utls,testdata/Client-TLSv12-ECDHE-ECDSA-AES-GCM,ec7957c9c2beef349b5518483dc7de5cbbb19bef3d7ee824d503ee35892aeacf,6736,file,other,repository-administration,supporting-evidence,PR225-R082,accounted-supporting-repository-administration,supporting/admin/fixture/documentation surface explicitly accounted by donor record
utls,testdata/Client-TLSv12-ECDHE-ECDSA-AES128-SHA256,565ebc58c3bab49812fd0dc97af1083c486b57385cdfb6163eb0bdbda88dab5c,7456,file,other,repository-administration,supporting-evidence,PR225-R082,accounted-supporting-repository-administration,supporting/admin/fixture/documentation surface explicitly accounted by donor record
utls,testdata/Client-TLSv12-ECDHE-ECDSA-AES256-GCM-SHA384,84183d8231ff078fd1956dd9511013f18921049ba6296684b37163eed89e5410,6737,file,other,repository-administration,supporting-evidence,PR225-R082,accounted-supporting-repository-administration,supporting/admin/fixture/documentation surface explicitly accounted by donor record
utls,testdata/Client-TLSv12-ECDHE-ECDSA-CHACHA20-POLY1305,4d9525d3d1b46009482fc992893676a87621b53ba17fb695296ce886ba08ef21,6348,file,other,repository-administration,supporting-evidence,PR225-R082,accounted-supporting-repository-administration,supporting/admin/fixture/documentation surface explicitly accounted by donor record
utls,testdata/Client-TLSv12-ECDHE-RSA-AES,9dd4c72becbecdd0219c98b8116a6da65f92657dbd35e6bb5d2a4d7a87e3599e,7456,file,other,repository-administration,supporting-evidence,PR225-R082,accounted-supporting-repository-administration,supporting/admin/fixture/documentation surface explicitly accounted by donor record
utls,testdata/Client-TLSv12-ECDHE-RSA-AES128-SHA256,f626e846658370e233b73015e33e61f21ddba92c5bcba0f7b3298dc59c34b2e7,7772,file,other,repository-administration,supporting-evidence,PR225-R082,accounted-supporting-repository-administration,supporting/admin/fixture/documentation surface explicitly accounted by donor record
utls,testdata/Client-TLSv12-ECDHE-RSA-CHACHA20-POLY1305,0347911a115af4222f35880af91feb3454592b8bcb56594e8a8d6c1a2e8b6b1f,6664,file,other,repository-administration,supporting-evidence,PR225-R082,accounted-supporting-repository-administration,supporting/admin/fixture/documentation surface explicitly accounted by donor record
utls,testdata/Client-TLSv12-Ed25519,0c0ead076b954213461747bb64a73c05006cf4418b725e87339e6296dadcf0f9,5160,file,other,repository-administration,supporting-evidence,PR225-R082,accounted-supporting-repository-administration,supporting/admin/fixture/documentation surface explicitly accounted by donor record
utls,testdata/Client-TLSv12-ExportKeyingMaterial,8df37196abff31db9b8c8717a956cd931169945a372c5a21838a605d8a6cc18a,6895,file,other,repository-administration,supporting-evidence,PR225-R082,accounted-supporting-repository-administration,supporting/admin/fixture/documentation surface explicitly accounted by donor record
utls,testdata/Client-TLSv12-P256-ECDHE,fa8d03c124a5f165392b21303b086165169043fea6007eaa42a17fd0a5349372,7461,file,other,repository-administration,supporting-evidence,PR225-R082,accounted-supporting-repository-administration,supporting/admin/fixture/documentation surface explicitly accounted by donor record
utls,testdata/Client-TLSv12-RSA-RC4,6ea6db4087f9d2998113b89a72dc74c72d5c12891a14ae8f7aac0ab94077f80e,6508,file,other,repository-administration,supporting-evidence,PR225-R082,accounted-supporting-repository-administration,supporting/admin/fixture/documentation surface explicitly accounted by donor record
utls,testdata/Client-TLSv12-RenegotiateOnce,60f27154e6df5f280bc7b10aee3bbf98db84454846b7c4722a0552639ee87086,18818,file,other,repository-administration,supporting-evidence,PR225-R082,accounted-supporting-repository-administration,supporting/admin/fixture/documentation surface explicitly accounted by donor record
utls,testdata/Client-TLSv12-RenegotiateTwice,e4a532d9e32f00f36de2a700a9399e80324dde8391fdd95979fa33292e72c5e1,26486,file,other,repository-administration,supporting-evidence,PR225-R082,accounted-supporting-repository-administration,supporting/admin/fixture/documentation surface explicitly accounted by donor record
utls,testdata/Client-TLSv12-RenegotiateTwiceRejected,16fc580030287c2ada0af8d28954428923aa22768c789ffc080ea91c8ebdf49c,19055,file,other,repository-administration,supporting-evidence,PR225-R082,accounted-supporting-repository-administration,supporting/admin/fixture/documentation surface explicitly accounted by donor record
utls,testdata/Client-TLSv12-RenegotiationRejected,48a635c78602a0c990eae515d69a082aef3d980cdbd3e0818da2f0142dfc7631,7192,file,other,repository-administration,supporting-evidence,PR225-R082,accounted-supporting-repository-administration,supporting/admin/fixture/documentation surface explicitly accounted by donor record
utls,testdata/Client-TLSv12-SCT,6e495439f0ad0257396740512f78e3276d8ddaf673bacb5d6e6ec9093f938154,8709,file,other,repository-administration,supporting-evidence,PR225-R082,accounted-supporting-repository-administration,supporting/admin/fixture/documentation surface explicitly accounted by donor record
utls,testdata/Client-TLSv12-UTLS-AES128-GCM-SHA256-Chrome-58,fe2a9685b758925f7ac5885ea064cc5de58261b50fab17e47596997d9311b92d,6495,file,other,repository-administration,supporting-evidence,PR225-R082,accounted-supporting-repository-administration,supporting/admin/fixture/documentation surface explicitly accounted by donor record
utls,testdata/Client-TLSv12-UTLS-AES128-GCM-SHA256-Chrome-70,17cc58d6b2c279c4bb17caa5036bf563c8bc2a976ac2d0000cacc21f4d48c2be,7916,file,other,repository-administration,supporting-evidence,PR225-R082,accounted-supporting-repository-administration,supporting/admin/fixture/documentation surface explicitly accounted by donor record
utls,testdata/Client-TLSv12-UTLS-AES128-GCM-SHA256-Firefox-55,e3b0c44298fc1c149afbf4c8996fb92427ae41e4649b934ca495991b7852b855,0,file,other,repository-administration,supporting-evidence,PR225-R082,accounted-supporting-repository-administration,supporting/admin/fixture/documentation surface explicitly accounted by donor record
utls,testdata/Client-TLSv12-UTLS-AES128-GCM-SHA256-Golang-0,3e2c5227c41efd9e8aae9143cc34b111d6aacfb109a07697a5dbe20af3dcda7a,6596,file,other,repository-administration,supporting-evidence,PR225-R082,accounted-supporting-repository-administration,supporting/admin/fixture/documentation surface explicitly accounted by donor record
utls,testdata/Client-TLSv12-UTLS-ECDHE-ECDSA-AES128-GCM-SHA256-Chrome-58,e3b0c44298fc1c149afbf4c8996fb92427ae41e4649b934ca495991b7852b855,0,file,other,repository-administration,supporting-evidence,PR225-R082,accounted-supporting-repository-administration,supporting/admin/fixture/documentation surface explicitly accounted by donor record
utls,testdata/Client-TLSv12-UTLS-ECDHE-ECDSA-AES128-GCM-SHA256-Chrome-58setclienthello,e3b0c44298fc1c149afbf4c8996fb92427ae41e4649b934ca495991b7852b855,0,file,other,repository-administration,supporting-evidence,PR225-R082,accounted-supporting-repository-administration,supporting/admin/fixture/documentation surface explicitly accounted by donor record
utls,testdata/Client-TLSv12-UTLS-ECDHE-ECDSA-AES128-GCM-SHA256-Chrome-70,e3b0c44298fc1c149afbf4c8996fb92427ae41e4649b934ca495991b7852b855,0,file,other,repository-administration,supporting-evidence,PR225-R082,accounted-supporting-repository-administration,supporting/admin/fixture/documentation surface explicitly accounted by donor record
utls,testdata/Client-TLSv12-UTLS-ECDHE-ECDSA-AES128-GCM-SHA256-Firefox-55,057cd23e5f70fdb492ba00e7fc9fc023633ceb503fed60a406be4360eac0aaf9,6506,file,other,repository-administration,supporting-evidence,PR225-R082,accounted-supporting-repository-administration,supporting/admin/fixture/documentation surface explicitly accounted by donor record
utls,testdata/Client-TLSv12-UTLS-ECDHE-ECDSA-AES128-GCM-SHA256-Firefox-63,2b83a6aa92b19237a11a90cb9d7cb6c97b1c8d65ed6f989e760663adf116d179,8003,file,other,repository-administration,supporting-evidence,PR225-R082,accounted-supporting-repository-administration,supporting/admin/fixture/documentation surface explicitly accounted by donor record
utls,testdata/Client-TLSv12-UTLS-ECDHE-ECDSA-AES128-GCM-SHA256-Golang-0,b3c4d1a003d10831cd3938b89783797a239ecb4cec0e625f0ef5f0bca6ef8e82,6745,file,other,repository-administration,supporting-evidence,PR225-R082,accounted-supporting-repository-administration,supporting/admin/fixture/documentation surface explicitly accounted by donor record
utls,testdata/Client-TLSv12-UTLS-ECDHE-ECDSA-AES128-SHA-Firefox-55,fbac9c24dff4d14949af8e345bb42bffb14edd8ff00ac6dff516e690138b3ab9,6911,file,other,repository-administration,supporting-evidence,PR225-R082,accounted-supporting-repository-administration,supporting/admin/fixture/documentation surface explicitly accounted by donor record
utls,testdata/Client-TLSv12-UTLS-ECDHE-ECDSA-AES128-SHA-Firefox-63,71add4a9db271791b7f37ded34c3d6f2dbd37ac235098f3f6607051227b2f96a,8404,file,other,repository-administration,supporting-evidence,PR225-R082,accounted-supporting-repository-administration,supporting/admin/fixture/documentation surface explicitly accounted by donor record
utls,testdata/Client-TLSv12-UTLS-ECDHE-ECDSA-AES128-SHA-Golang-0,16187072e590038470015b97eba8cf922400f0e78242d17ac40960493ef32a08,7149,file,other,repository-administration,supporting-evidence,PR225-R082,accounted-supporting-repository-administration,supporting/admin/fixture/documentation surface explicitly accounted by donor record
utls,testdata/Client-TLSv12-UTLS-ECDHE-ECDSA-AES256-GCM-SHA256-Chrome-70,e3b0c44298fc1c149afbf4c8996fb92427ae41e4649b934ca495991b7852b855,0,file,other,repository-administration,supporting-evidence,PR225-R082,accounted-supporting-repository-administration,supporting/admin/fixture/documentation surface explicitly accounted by donor record
utls,testdata/Client-TLSv12-UTLS-ECDHE-ECDSA-AES256-SHA-Firefox-55,d4eee856dcd09cd7d699e3faf1934a253a94bf00a0a95d1f73746325ed6b617f,6911,file,other,repository-administration,supporting-evidence,PR225-R082,accounted-supporting-repository-administration,supporting/admin/fixture/documentation surface explicitly accounted by donor record
utls,testdata/Client-TLSv12-UTLS-ECDHE-ECDSA-AES256-SHA-Firefox-63,c24203210e02b6d305fe34398df891db9fcb4e13853a2fe40f0c01d7d31e5f75,8406,file,other,repository-administration,supporting-evidence,PR225-R082,accounted-supporting-repository-administration,supporting/admin/fixture/documentation surface explicitly accounted by donor record
utls,testdata/Client-TLSv12-UTLS-ECDHE-ECDSA-AES256-SHA-Golang-0,62a87486413a8a945b32f6e43219dfb27243ddb626e1ffdaf4810e08c1d52028,7148,file,other,repository-administration,supporting-evidence,PR225-R082,accounted-supporting-repository-administration,supporting/admin/fixture/documentation surface explicitly accounted by donor record
utls,testdata/Client-TLSv12-UTLS-ECDHE-ECDSA-CHACHA20-POLY1305-Firefox-55,2d769a774eefb95b017171e2f54c66137b0c86b32f4fd66d103377c0a0afe610,6350,file,other,repository-administration,supporting-evidence,PR225-R082,accounted-supporting-repository-administration,supporting/admin/fixture/documentation surface explicitly accounted by donor record
utls,testdata/Client-TLSv12-UTLS-ECDHE-ECDSA-CHACHA20-POLY1305-Firefox-63,08304d74ecc737102cde12a248df1a4992545799a3d09a3a4cbadf1d25b1e466,7845,file,other,repository-administration,supporting-evidence,PR225-R082,accounted-supporting-repository-administration,supporting/admin/fixture/documentation surface explicitly accounted by donor record
utls,testdata/Client-TLSv12-UTLS-ECDHE-ECDSA-CHACHA20-POLY1305-Golang-0,342cc5f0f07c962cd0c450d4c1b844fababdd7d5998ca0fa7c6d4c4632a2fd58,6420,file,other,repository-administration,supporting-evidence,PR225-R082,accounted-supporting-repository-administration,supporting/admin/fixture/documentation surface explicitly accounted by donor record
utls,testdata/Client-TLSv12-UTLS-ECDHE-RSA-AES128-GCM-SHA256-Chrome-58,d74fd13cf744fc3a83c16240852eb54e1e7d405dd999468d24ec8a3280292b60,6898,file,other,repository-administration,supporting-evidence,PR225-R082,accounted-supporting-repository-administration,supporting/admin/fixture/documentation surface explicitly accounted by donor record
utls,testdata/Client-TLSv12-UTLS-ECDHE-RSA-AES128-GCM-SHA256-Chrome-58-fingerprinted,cca2259b6c037c736bea607eb07071881988cdaf3594df492f5ab51dfbfd9770,6894,file,other,repository-administration,supporting-evidence,PR225-R082;PR225-M085,focused-module-repository-administration,focused module-level disposition
utls,testdata/Client-TLSv12-UTLS-ECDHE-RSA-AES128-GCM-SHA256-Chrome-58setclienthello,9991036d1365a5db1c29d40587376b1730e544c92ee7a0212685f3a47dd00e0f,7460,file,other,repository-administration,supporting-evidence,PR225-R082,accounted-supporting-repository-administration,supporting/admin/fixture/documentation surface explicitly accounted by donor record
utls,testdata/Client-TLSv12-UTLS-ECDHE-RSA-AES128-GCM-SHA256-Chrome-70,efd42e1ac67b88ffd96ef6d0cdae9bb23e1d07a463d6c1b66c60c993bc46659d,8319,file,other,repository-administration,supporting-evidence,PR225-R082,accounted-supporting-repository-administration,supporting/admin/fixture/documentation surface explicitly accounted by donor record
utls,testdata/Client-TLSv12-UTLS-ECDHE-RSA-AES128-GCM-SHA256-Chrome-70-EmptyServerName,feeae3bad527a08542ab181424ba4f06587fca47591ca06ed7b70fd9ec71d9e2,8319,file,other,repository-administration,supporting-evidence,PR225-R082,accounted-supporting-repository-administration,supporting/admin/fixture/documentation surface explicitly accounted by donor record
utls,testdata/Client-TLSv12-UTLS-ECDHE-RSA-AES128-GCM-SHA256-Chrome-70-OmitSNI,452b37a36f83f848619cea0bd72de4f3f496bfdf775d15c7f1d0534dd0e046ea,8319,file,other,repository-administration,supporting-evidence,PR225-R082,accounted-supporting-repository-administration,supporting/admin/fixture/documentation surface explicitly accounted by donor record
utls,testdata/Client-TLSv12-UTLS-ECDHE-RSA-AES128-GCM-SHA256-Chrome-70-ServerNameIP,5cc2357e1760d7be9d7d1ba8c99edafd7deb1ecdc2906bdffdc5e5e310d5cb08,8319,file,other,repository-administration,supporting-evidence,PR225-R082,accounted-supporting-repository-administration,supporting/admin/fixture/documentation surface explicitly accounted by donor record
utls,testdata/Client-TLSv12-UTLS-ECDHE-RSA-AES128-GCM-SHA256-Firefox-55,e8cf08ad7bce6208f0149713c8407b7442feb077804bed81ce657574975eda92,6824,file,other,repository-administration,supporting-evidence,PR225-R082,accounted-supporting-repository-administration,supporting/admin/fixture/documentation surface explicitly accounted by donor record
utls,testdata/Client-TLSv12-UTLS-ECDHE-RSA-AES128-GCM-SHA256-Firefox-63,11f9e0f0188d7329d1cc55f3c9237ee808d11bafe607a3e820c6ed55e7a8c35e,8319,file,other,repository-administration,supporting-evidence,PR225-R082,accounted-supporting-repository-administration,supporting/admin/fixture/documentation surface explicitly accounted by donor record
utls,testdata/Client-TLSv12-UTLS-ECDHE-RSA-AES128-GCM-SHA256-Golang-0,db878947e920b98954ab092ccf7b53b046fef09eeb6d5771671aa260834e353a,7062,file,other,repository-administration,supporting-evidence,PR225-R082,accounted-supporting-repository-administration,supporting/admin/fixture/documentation surface explicitly accounted by donor record
utls,testdata/Client-TLSv12-UTLS-ECDHE-RSA-AES128-SHA-Chrome-58,86ce5455b142499e3cfe93d7e8cc039fc7f86692820e94daae0c8dd8a78f9441,7301,file,other,repository-administration,supporting-evidence,PR225-R082,accounted-supporting-repository-administration,supporting/admin/fixture/documentation surface explicitly accounted by donor record
utls,testdata/Client-TLSv12-UTLS-ECDHE-RSA-AES128-SHA-Chrome-70,f41be70a6f932ac4f5ed1b37bb3fe4503ed1c1c8182087f9c33c435d26b926fb,8722,file,other,repository-administration,supporting-evidence,PR225-R082,accounted-supporting-repository-administration,supporting/admin/fixture/documentation surface explicitly accounted by donor record
utls,testdata/Client-TLSv12-UTLS-ECDHE-RSA-AES128-SHA-Firefox-55,7cdabc605a5f49c461c315eb182324ec279441a40ce242e19faa5e38cad6c186,7227,file,other,repository-administration,supporting-evidence,PR225-R082,accounted-supporting-repository-administration,supporting/admin/fixture/documentation surface explicitly accounted by donor record
utls,testdata/Client-TLSv12-UTLS-ECDHE-RSA-AES128-SHA-Firefox-63,679019985eeaa5129739136f49335524a0cbe44e9f39682ea7a4e6e7d1b85a7a,8722,file,other,repository-administration,supporting-evidence,PR225-R082,accounted-supporting-repository-administration,supporting/admin/fixture/documentation surface explicitly accounted by donor record
utls,testdata/Client-TLSv12-UTLS-ECDHE-RSA-AES128-SHA-Golang-0,dcb6593bc24e7c9e287e39f0becaa9267d11bfdaa3c830e307cd4862af568fb1,7465,file,other,repository-administration,supporting-evidence,PR225-R082,accounted-supporting-repository-administration,supporting/admin/fixture/documentation surface explicitly accounted by donor record
utls,testdata/Client-TLSv12-UTLS-ECDHE-RSA-AES256-SHA-Chrome-58,6dcef251a2cfa274fbc9d6be6cba317eb3c9faa77da37273cb224c15b2dad4ab,7301,file,other,repository-administration,supporting-evidence,PR225-R082,accounted-supporting-repository-administration,supporting/admin/fixture/documentation surface explicitly accounted by donor record
utls,testdata/Client-TLSv12-UTLS-ECDHE-RSA-AES256-SHA-Chrome-70,02f84d6a9b2e51fc1aac3925e73a161bf33ead2598b9b83ac72ee7c466772245,8722,file,other,repository-administration,supporting-evidence,PR225-R082,accounted-supporting-repository-administration,supporting/admin/fixture/documentation surface explicitly accounted by donor record
utls,testdata/Client-TLSv12-UTLS-ECDHE-RSA-AES256-SHA-Firefox-55,1b7eefa2bdd38fa4fae6f258997f0a16a1c6bf0df1353544d1156f8c75da79b2,7227,file,other,repository-administration,supporting-evidence,PR225-R082,accounted-supporting-repository-administration,supporting/admin/fixture/documentation surface explicitly accounted by donor record
utls,testdata/Client-TLSv12-UTLS-ECDHE-RSA-AES256-SHA-Firefox-63,3a31aa0c5c18d4f1c1a8b0b2cab1ea2c55509f66c671f3e9221b24dd0b9b9329,8722,file,other,repository-administration,supporting-evidence,PR225-R082,accounted-supporting-repository-administration,supporting/admin/fixture/documentation surface explicitly accounted by donor record
utls,testdata/Client-TLSv12-UTLS-ECDHE-RSA-AES256-SHA-Golang-0,c88bb3381cd9933ce07b298ace7d897aa24c6baffe1a05779772c28c56307be4,7465,file,other,repository-administration,supporting-evidence,PR225-R082,accounted-supporting-repository-administration,supporting/admin/fixture/documentation surface explicitly accounted by donor record
utls,testdata/Client-TLSv12-UTLS-ECDHE-RSA-CHACHA20-POLY1305-Chrome-58,7bd33543474984a614b56ffd406ce91159f47e49a5c1d46d10fb56844c53c672,6740,file,other,repository-administration,supporting-evidence,PR225-R082,accounted-supporting-repository-administration,supporting/admin/fixture/documentation surface explicitly accounted by donor record
utls,testdata/Client-TLSv12-UTLS-ECDHE-RSA-CHACHA20-POLY1305-Chrome-70,8636d5ab1187a43e7b66deb203671a2730fb2f8edd83d1a8ddd214d89b743915,8161,file,other,repository-administration,supporting-evidence,PR225-R082,accounted-supporting-repository-administration,supporting/admin/fixture/documentation surface explicitly accounted by donor record
utls,testdata/Client-TLSv12-UTLS-ECDHE-RSA-CHACHA20-POLY1305-Firefox-55,ae696c71d16be581d4400fc39c63c983d7e911197f3bde7f10e9f16c69679319,6666,file,other,repository-administration,supporting-evidence,PR225-R082,accounted-supporting-repository-administration,supporting/admin/fixture/documentation surface explicitly accounted by donor record
utls,testdata/Client-TLSv12-UTLS-ECDHE-RSA-CHACHA20-POLY1305-Firefox-63,80848998fc1427ccf37aef66e7c45cd7ecc669c663f6d11964ae934e901b3769,8161,file,other,repository-administration,supporting-evidence,PR225-R082,accounted-supporting-repository-administration,supporting/admin/fixture/documentation surface explicitly accounted by donor record
utls,testdata/Client-TLSv12-UTLS-ECDHE-RSA-CHACHA20-POLY1305-Golang-0,5f41c2490948ca4e2d70d9352e27ccc6fe699429d724377753f8ce9cb17220b6,6736,file,other,repository-administration,supporting-evidence,PR225-R082,accounted-supporting-repository-administration,supporting/admin/fixture/documentation surface explicitly accounted by donor record
utls,testdata/Client-TLSv12-UTLS-setclienthello-ECDHE-RSA-AES128-GCM-SHA256-Chrome-58,a603bd4cbb6437c62f31b4a6afcb9284541d5e1653672ccdc692231498558d40,6898,file,other,repository-administration,supporting-evidence,PR225-R082,accounted-supporting-repository-administration,supporting/admin/fixture/documentation surface explicitly accounted by donor record
utls,testdata/Client-TLSv12-X25519-ECDHE,1c939b7497112fda69220789703929c2e1599cb623a9776e3d1de3b5c9f6f1f4,6984,file,other,repository-administration,supporting-evidence,PR225-R082,accounted-supporting-repository-administration,supporting/admin/fixture/documentation surface explicitly accounted by donor record
utls,testdata/Client-TLSv13-AES128-SHA256,75265aa17e7a92b732a90e2313209ed5de4320e3c09713301e404dac142b29e9,7012,file,other,repository-administration,supporting-evidence,PR225-R082,accounted-supporting-repository-administration,supporting/admin/fixture/documentation surface explicitly accounted by donor record
utls,testdata/Client-TLSv13-AES256-SHA384,90a8eb37bcd6af7c5f52173da6552f16dd82ddc4b43bb2508640a579ed0ecfd0,7170,file,other,repository-administration,supporting-evidence,PR225-R082,accounted-supporting-repository-administration,supporting/admin/fixture/documentation surface explicitly accounted by donor record
utls,testdata/Client-TLSv13-ALPN,c749ec3276bac700ccf4f702fa1aaa60cae37e1e65f153999460ee91be84e644,7171,file,other,repository-administration,supporting-evidence,PR225-R082,accounted-supporting-repository-administration,supporting/admin/fixture/documentation surface explicitly accounted by donor record
utls,testdata/Client-TLSv13-CHACHA20-SHA256,d7159eedae9bdf7c8885d56a170631028c88857dca07304204fd0f096bf7f194,7012,file,other,repository-administration,supporting-evidence,PR225-R082,accounted-supporting-repository-administration,supporting/admin/fixture/documentation surface explicitly accounted by donor record
utls,testdata/Client-TLSv13-ClientCert-ECDSA-RSA,c86f5270fee0e236fc2a9a75089509ad9fd0840961ac6da465b0d068b0869f40,10886,file,other,repository-administration,supporting-evidence,PR225-R082,accounted-supporting-repository-administration,supporting/admin/fixture/documentation surface explicitly accounted by donor record
utls,testdata/Client-TLSv13-ClientCert-Ed25519,86afe1fe4ee226407793e9deeafb22cc1e9ef383c8a7b60128ba322abe5f3590,9534,file,other,repository-administration,supporting-evidence,PR225-R082,accounted-supporting-repository-administration,supporting/admin/fixture/documentation surface explicitly accounted by donor record
utls,testdata/Client-TLSv13-ClientCert-RSA-ECDSA,3e6e9f08a30c134e3503b1fe10bf1fca38b982cdb0867eca80d2f31f2064d426,10483,file,other,repository-administration,supporting-evidence,PR225-R082,accounted-supporting-repository-administration,supporting/admin/fixture/documentation surface explicitly accounted by donor record
utls,testdata/Client-TLSv13-ClientCert-RSA-RSAPSS,9c5f987476b8e3d1aae9d1dbcd4cc5d856bbac1de2db4038e2a8da08139b764e,11198,file,other,repository-administration,supporting-evidence,PR225-R082,accounted-supporting-repository-administration,supporting/admin/fixture/documentation surface explicitly accounted by donor record
utls,testdata/Client-TLSv13-ECDSA,b36a37e5c830e387b9e0d73d4e0fd5c28ed5a6d1ae6139c63fb6e13610df3038,6696,file,other,repository-administration,supporting-evidence,PR225-R082,accounted-supporting-repository-administration,supporting/admin/fixture/documentation surface explicitly accounted by donor record
utls,testdata/Client-TLSv13-Ed25519,218c5454ef0f4ca3313ad9b2b27a0989f05c025fe14e939122bf09d796a5ac52,5277,file,other,repository-administration,supporting-evidence,PR225-R082,accounted-supporting-repository-administration,supporting/admin/fixture/documentation surface explicitly accounted by donor record
utls,testdata/Client-TLSv13-ExportKeyingMaterial,aedf52ecbf4d33a14bca4fa887fee27a65f23f79833b9a22a2e661dfafcc3879,7012,file,other,repository-administration,supporting-evidence,PR225-R082,accounted-supporting-repository-administration,supporting/admin/fixture/documentation surface explicitly accounted by donor record
utls,testdata/Client-TLSv13-HelloRetryRequest,46f3469d195bf5ed808d03c9cb935dd0836b14f4baa6cde137abcd7cb9f9216a,9120,file,other,repository-administration,supporting-evidence,PR225-R082,accounted-supporting-repository-administration,supporting/admin/fixture/documentation surface explicitly accounted by donor record
utls,testdata/Client-TLSv13-KeyUpdate,c2909511694e3bf76a8ed95c49053bbfb63178825b1ce6e9cfc9a7958109d53c,7755,file,other,repository-administration,supporting-evidence,PR225-R082,accounted-supporting-repository-administration,supporting/admin/fixture/documentation surface explicitly accounted by donor record
utls,testdata/Client-TLSv13-P256-ECDHE,5c887aa44c5dbf63f464a68f6a1da4e815310583b977987023d139b6b4f62fdc,7261,file,other,repository-administration,supporting-evidence,PR225-R082,accounted-supporting-repository-administration,supporting/admin/fixture/documentation surface explicitly accounted by donor record
utls,testdata/Client-TLSv13-UTLS-HelloRetryRequest-Chrome-70,4c4e01193378f0e4b0d8399431ff73ce77372d089a837f6ca39be482c6e3ab9b,11564,file,other,repository-administration,supporting-evidence,PR225-R082,accounted-supporting-repository-administration,supporting/admin/fixture/documentation surface explicitly accounted by donor record
utls,testdata/Client-TLSv13-UTLS-TLS_AES_128_GCM_SHA256-Chrome-70,2f40214a5988a0185b7220f7a8b7cd8d57de1ce8b610cb9a0a0c2dc15da3157f,8278,file,other,repository-administration,supporting-evidence,PR225-R082,accounted-supporting-repository-administration,supporting/admin/fixture/documentation surface explicitly accounted by donor record
utls,testdata/Client-TLSv13-UTLS-TLS_AES_128_GCM_SHA256-Chrome-70-fingerprinted,e2b25f8153f26a02042bf838110546038f9c97f6d41abf8d046728b2ee42f95f,8278,file,other,repository-administration,supporting-evidence,PR225-R082;PR225-M085,focused-module-repository-administration,focused module-level disposition
utls,testdata/Client-TLSv13-UTLS-TLS_AES_128_GCM_SHA256-Firefox-63,79fb1172bb44a60807900679d67e9326a3ee97030a30aca7ed03efe8ad2e4dfa,8278,file,other,repository-administration,supporting-evidence,PR225-R082,accounted-supporting-repository-administration,supporting/admin/fixture/documentation surface explicitly accounted by donor record
utls,testdata/Client-TLSv13-UTLS-TLS_AES_128_GCM_SHA256-raw-capture-fingerprinted,1e1cd044711c1cf90d55db1623f8caedfd8cd4e5e2d8ec1ad3f5a3bf927a41cb,8278,file,other,repository-administration,supporting-evidence,PR225-R082;PR225-M085,focused-module-repository-administration,focused module-level disposition
utls,testdata/Client-TLSv13-UTLS-TLS_AES_256_GCM_SHA384-Chrome-70,fa9f96278532b1646d62eb76cfc36ff70c454bb34cb702875c22d7e074abc9a7,8436,file,other,repository-administration,supporting-evidence,PR225-R082,accounted-supporting-repository-administration,supporting/admin/fixture/documentation surface explicitly accounted by donor record
utls,testdata/Client-TLSv13-UTLS-TLS_AES_256_GCM_SHA384-Firefox-63,ccfd7f187fdd5a2198d3a28ed77e9aa392f5d7e19b356316d11a137a3803b409,8436,file,other,repository-administration,supporting-evidence,PR225-R082,accounted-supporting-repository-administration,supporting/admin/fixture/documentation surface explicitly accounted by donor record
utls,testdata/Client-TLSv13-UTLS-TLS_CHACHA20_POLY1305_SHA256-Chrome-70,d69305f55277f6bf1e8ca4148abe88ec6d358a7e0a95c996ac80ed862eb708c3,8278,file,other,repository-administration,supporting-evidence,PR225-R082,accounted-supporting-repository-administration,supporting/admin/fixture/documentation surface explicitly accounted by donor record
utls,testdata/Client-TLSv13-UTLS-TLS_CHACHA20_POLY1305_SHA256-Firefox-63,cde8a0f9b75ffa1e68c7cc17b493be9187dcfab6aa1088739e122c13af410d2c,8278,file,other,repository-administration,supporting-evidence,PR225-R082,accounted-supporting-repository-administration,supporting/admin/fixture/documentation surface explicitly accounted by donor record
utls,testdata/Client-TLSv13-X25519-ECDHE,2c487e8b1c868e0052d89f68a6c8232ec038b6e9a4388914160e7c314ac5f1ef,6943,file,other,repository-administration,supporting-evidence,PR225-R082,accounted-supporting-repository-administration,supporting/admin/fixture/documentation surface explicitly accounted by donor record
utls,testdata/ClientHello-JSON-Chrome102.json,bd596477ca82426cdcf2fe060e2ac6d0ef0c0eb4fdadb08049206cbf180bfad0,2058,file,JSON,configuration,authoritative-source,PR225-R082;PR225-M087;PR225-F0391,focused-file-configuration,independent file-level semantic disposition
utls,testdata/ClientHello-JSON-Edge106.json,c37082fef875176787fda3fccd4f1663dc1c7ab296539e771bd388215dc5e34c,1980,file,JSON,configuration,authoritative-source,PR225-R082;PR225-M087;PR225-F0392,focused-file-configuration,independent file-level semantic disposition
utls,testdata/ClientHello-JSON-Firefox105.json,bc3e6acc20c5e5fbbb61c97758c6eb57f695d011b03ca6373987bee81d895d4c,2137,file,JSON,configuration,authoritative-source,PR225-R082;PR225-M087;PR225-F0393,focused-file-configuration,independent file-level semantic disposition
utls,testdata/ClientHello-JSON-iOS14.json,a51a2b6acc47d104fe5270ae572b8d6e63212c281282655c3f29662427c01fb3,2358,file,JSON,configuration,authoritative-source,PR225-R082;PR225-M087;PR225-F0394,focused-file-configuration,independent file-level semantic disposition
utls,testdata/Server-TLSv10-ECDHE-ECDSA-AES,54ce34bd96490e30184668e4a432429bd4bbd17e5a2c543d730f867726d16c2f,6006,file,other,repository-administration,supporting-evidence,PR225-R082,accounted-supporting-repository-administration,supporting/admin/fixture/documentation surface explicitly accounted by donor record
utls,testdata/Server-TLSv10-ExportKeyingMaterial,280386279b342f2d0432b858544a3abd4ed5e9c13af4c3a30c279a9abf34f40b,7035,file,other,repository-administration,supporting-evidence,PR225-R082,accounted-supporting-repository-administration,supporting/admin/fixture/documentation surface explicitly accounted by donor record
utls,testdata/Server-TLSv10-RSA-3DES,6ab39a3e2928c903f6d1de4b0aadf82266d95b756ba11dd817b1f4d0a5d2788f,5546,file,other,repository-administration,supporting-evidence,PR225-R082,accounted-supporting-repository-administration,supporting/admin/fixture/documentation surface explicitly accounted by donor record
utls,testdata/Server-TLSv10-RSA-AES,d345eb4fc589f7acd0c22bfb9c301b2cc8b2fd55c5da248de17bd2e8240a0fda,5775,file,other,repository-administration,supporting-evidence,PR225-R082,accounted-supporting-repository-administration,supporting/admin/fixture/documentation surface explicitly accounted by donor record
utls,testdata/Server-TLSv10-RSA-RC4,068f0ee5201c025f9275f72f3b6c77deb5d1248cddfbfd867c767f7272bddbb1,5311,file,other,repository-administration,supporting-evidence,PR225-R082,accounted-supporting-repository-administration,supporting/admin/fixture/documentation surface explicitly accounted by donor record
utls,testdata/Server-TLSv11-FallbackSCSV,cf764200f78e0cb35ebdc3651ebf10d54797031c151daf7c9e91945dbb30b535,758,file,other,repository-administration,supporting-evidence,PR225-R082,accounted-supporting-repository-administration,supporting/admin/fixture/documentation surface explicitly accounted by donor record
utls,testdata/Server-TLSv11-RSA-RC4,0f409b307fc9f880db2390db5d6259f691531486f22a7ae0f76992024a3227cb,5311,file,other,repository-administration,supporting-evidence,PR225-R082,accounted-supporting-repository-administration,supporting/admin/fixture/documentation surface explicitly accounted by donor record
utls,testdata/Server-TLSv12-ALPN,f815131e1eda505bd2e701c9127b702eefea480b1c364f02895432a0862f3900,6957,file,other,repository-administration,supporting-evidence,PR225-R082,accounted-supporting-repository-administration,supporting/admin/fixture/documentation surface explicitly accounted by donor record
utls,testdata/Server-TLSv12-ALPN-Fallback,8cce1f13d11d6825c24b92f636d18415452d7e5cbd78fa8f90f44470a0750823,6890,file,other,repository-administration,supporting-evidence,PR225-R082,accounted-supporting-repository-administration,supporting/admin/fixture/documentation surface explicitly accounted by donor record
utls,testdata/Server-TLSv12-ALPN-NoMatch,09272db8edd2ffc8839d691192d5fc9318b64df781489ac97c9810617fb36180,985,file,other,repository-administration,supporting-evidence,PR225-R082,accounted-supporting-repository-administration,supporting/admin/fixture/documentation surface explicitly accounted by donor record
utls,testdata/Server-TLSv12-ALPN-NotConfigured,03c02e487d8fabb84b12873fd72f37f38b9a96d6a3e47a8f80306ade1b9c653a,6881,file,other,repository-administration,supporting-evidence,PR225-R082,accounted-supporting-repository-administration,supporting/admin/fixture/documentation surface explicitly accounted by donor record
utls,testdata/Server-TLSv12-ClientAuthRequestedAndECDSAGiven,5e69447ea0f45029086f468aabf67191ae066bdb4ea525396431c820bea93488,9723,file,other,repository-administration,supporting-evidence,PR225-R082,accounted-supporting-repository-administration,supporting/admin/fixture/documentation surface explicitly accounted by donor record
utls,testdata/Server-TLSv12-ClientAuthRequestedAndEd25519Given,22789f84be14804b2f761fc33141745945606b1258b606f269eb7c593d86adf6,8371,file,other,repository-administration,supporting-evidence,PR225-R082,accounted-supporting-repository-administration,supporting/admin/fixture/documentation surface explicitly accounted by donor record
utls,testdata/Server-TLSv12-ClientAuthRequestedAndGiven,f3f2cec63a1d7f9cad522f47b6ac01dd4d1853c57932888f4fa6459b58befe2d,9636,file,other,repository-administration,supporting-evidence,PR225-R082,accounted-supporting-repository-administration,supporting/admin/fixture/documentation surface explicitly accounted by donor record
utls,testdata/Server-TLSv12-ClientAuthRequestedAndPKCS1v15Given,e423dc39f6f421ee669260789588d5decf680adea30527933b7f3a24d781e686,9636,file,other,repository-administration,supporting-evidence,PR225-R082,accounted-supporting-repository-administration,supporting/admin/fixture/documentation surface explicitly accounted by donor record
utls,testdata/Server-TLSv12-ClientAuthRequestedNotGiven,a6df130dc53af63432c1128ed9f95bee7bce68afacd4b0d2ef677c71f2c296f6,6473,file,other,repository-administration,supporting-evidence,PR225-R082,accounted-supporting-repository-administration,supporting/admin/fixture/documentation surface explicitly accounted by donor record
utls,testdata/Server-TLSv12-ECDHE-ECDSA-AES,d69a300ba51dd7153bb6d25732f0a2f60b3ff14d380c51cd3c553ad4cc05a636,6403,file,other,repository-administration,supporting-evidence,PR225-R082,accounted-supporting-repository-administration,supporting/admin/fixture/documentation surface explicitly accounted by donor record
utls,testdata/Server-TLSv12-Ed25519,95191671e7cc457cdd0b627e2307fc4858866723eb4685cc657e3e3a01b8ee81,4352,file,other,repository-administration,supporting-evidence,PR225-R082,accounted-supporting-repository-administration,supporting/admin/fixture/documentation surface explicitly accounted by donor record
utls,testdata/Server-TLSv12-ExportKeyingMaterial,7f7f7162cd98d14b3cb0fd49649abd2cb1ad11cb1517846eafb616841ac3068b,7368,file,other,repository-administration,supporting-evidence,PR225-R082,accounted-supporting-repository-administration,supporting/admin/fixture/documentation surface explicitly accounted by donor record
utls,testdata/Server-TLSv12-IssueTicket,521e4d46bb968e17f09340f959f79102015315e23adb2f0a67eb77301af87bb0,6880,file,other,repository-administration,supporting-evidence,PR225-R082;PR225-M093,focused-module-repository-administration,focused module-level disposition
utls,testdata/Server-TLSv12-IssueTicketPreDisable,fa3f994ce55c52a0a9559b378992f83842932929e9beb7e0a603c2cad87e4b83,6880,file,other,repository-administration,supporting-evidence,PR225-R082;PR225-M093,focused-module-repository-administration,focused module-level disposition
utls,testdata/Server-TLSv12-P256,7f495ae5829cbde2f8ed55245ad183abaec584285bdf5b214cbd86cca20735c5,6397,file,other,repository-administration,supporting-evidence,PR225-R082,accounted-supporting-repository-administration,supporting/admin/fixture/documentation surface explicitly accounted by donor record
utls,testdata/Server-TLSv12-RSA-3DES,5130ebc797a1cd4be271571091c6dca47cb3751c3cc4176c606ed983d5e48381,5916,file,other,repository-administration,supporting-evidence,PR225-R082,accounted-supporting-repository-administration,supporting/admin/fixture/documentation surface explicitly accounted by donor record
utls,testdata/Server-TLSv12-RSA-AES,80c5975a9020e35af49e4a8f94a6f94c3b6c995f58dbee4d03edcb3a500633c5,6232,file,other,repository-administration,supporting-evidence,PR225-R082,accounted-supporting-repository-administration,supporting/admin/fixture/documentation surface explicitly accounted by donor record
utls,testdata/Server-TLSv12-RSA-AES-GCM,e4f12251d1e083f5ab2a2c08c95365242939d53031bb01154c999d7fdd763b89,6182,file,other,repository-administration,supporting-evidence,PR225-R082,accounted-supporting-repository-administration,supporting/admin/fixture/documentation surface explicitly accounted by donor record
utls,testdata/Server-TLSv12-RSA-AES256-GCM-SHA384,170782716adbf48f7a4d653a76ad01a333b068623426bd7c550c68951ad91de3,6182,file,other,repository-administration,supporting-evidence,PR225-R082,accounted-supporting-repository-administration,supporting/admin/fixture/documentation surface explicitly accounted by donor record
utls,testdata/Server-TLSv12-RSA-RC4,16bba6edde23a13edfb3544a6f3e05ec4bba57dddc84394cc970c0b8ce05197b,5615,file,other,repository-administration,supporting-evidence,PR225-R082,accounted-supporting-repository-administration,supporting/admin/fixture/documentation surface explicitly accounted by donor record
utls,testdata/Server-TLSv12-RSA-RSAPKCS1v15,0207641f4df07b8817266ff10e62253b42b64ef9841ff361c896a92a7261937d,5854,file,other,repository-administration,supporting-evidence,PR225-R082,accounted-supporting-repository-administration,supporting/admin/fixture/documentation surface explicitly accounted by donor record
utls,testdata/Server-TLSv12-RSA-RSAPSS,f27b0148670f15f85ee1c8f6a3fe7cef866d101bfff4c0218724b3cb5ff2437d,5856,file,other,repository-administration,supporting-evidence,PR225-R082,accounted-supporting-repository-administration,supporting/admin/fixture/documentation surface explicitly accounted by donor record
utls,testdata/Server-TLSv12-Resume,9b2fac54a128593feef4e2ed50d423d5d5b8b780789167ff71fdd6bc690a2c66,4043,file,other,repository-administration,supporting-evidence,PR225-R082,accounted-supporting-repository-administration,supporting/admin/fixture/documentation surface explicitly accounted by donor record
utls,testdata/Server-TLSv12-ResumeDisabled,3427f82d71a8ee83778d87aacc185efa05edf2dee932ff5f16b837b9511f0fd0,6952,file,other,repository-administration,supporting-evidence,PR225-R082,accounted-supporting-repository-administration,supporting/admin/fixture/documentation surface explicitly accounted by donor record
utls,testdata/Server-TLSv12-SNI,5fc4bf4b12d44c829e7b2e1a50db8793bfe91af773a95158fc4edd41a2c11834,6315,file,other,repository-administration,supporting-evidence,PR225-R082,accounted-supporting-repository-administration,supporting/admin/fixture/documentation surface explicitly accounted by donor record
utls,testdata/Server-TLSv12-SNI-GetCertificate,1c504819a9ff8478140c0eea57d074e8d37b614bb0279b0430aa3b069a881be7,6315,file,other,repository-administration,supporting-evidence,PR225-R082,accounted-supporting-repository-administration,supporting/admin/fixture/documentation surface explicitly accounted by donor record
utls,testdata/Server-TLSv12-SNI-GetCertificateNotFound,12fbf919e0a702aba2cb5e5b934c3cde16cfc13c6738428167f18685e08ff77d,6315,file,other,repository-administration,supporting-evidence,PR225-R082,accounted-supporting-repository-administration,supporting/admin/fixture/documentation surface explicitly accounted by donor record
utls,testdata/Server-TLSv12-X25519,f150df7ee1ed04e5361715d91e4c958dc6a06a1ce327e81f665c2f1be423d2c7,6079,file,other,repository-administration,supporting-evidence,PR225-R082,accounted-supporting-repository-administration,supporting/admin/fixture/documentation surface explicitly accounted by donor record
utls,testdata/Server-TLSv13-AES128-SHA256,9eebeceea040ecf6bd0871924ac3741a81dfb7f0f71ae28bfd0cc0a5786b8b8a,7456,file,other,repository-administration,supporting-evidence,PR225-R082,accounted-supporting-repository-administration,supporting/admin/fixture/documentation surface explicitly accounted by donor record
utls,testdata/Server-TLSv13-AES256-SHA384,75f8159aed2c19c3675f2ed73ca8daea25438fe60b879321b375aaff4dc2d421,7693,file,other,repository-administration,supporting-evidence,PR225-R082,accounted-supporting-repository-administration,supporting/admin/fixture/documentation surface explicitly accounted by donor record
utls,testdata/Server-TLSv13-ALPN,140ec35d213fd3df1d05832e95f54b44b1c5ed68e7ba6fd8be608aac9d38e263,7682,file,other,repository-administration,supporting-evidence,PR225-R082,accounted-supporting-repository-administration,supporting/admin/fixture/documentation surface explicitly accounted by donor record
utls,testdata/Server-TLSv13-ALPN-Fallback,690b4c15175fb21d2a588c418650c00d558a5f88ee2c3f2ad5b6943bbd0a3076,7615,file,other,repository-administration,supporting-evidence,PR225-R082,accounted-supporting-repository-administration,supporting/admin/fixture/documentation surface explicitly accounted by donor record
utls,testdata/Server-TLSv13-ALPN-NoMatch,1092e2891ab4e40057a3c8a3fc97222129d61ed9870f5e7378a4394cda61cb16,1306,file,other,repository-administration,supporting-evidence,PR225-R082,accounted-supporting-repository-administration,supporting/admin/fixture/documentation surface explicitly accounted by donor record
utls,testdata/Server-TLSv13-ALPN-NotConfigured,a493525f804537a83fc74db7cd38c30185b370b88703dcc2b7fda35f6adb9a07,7606,file,other,repository-administration,supporting-evidence,PR225-R082,accounted-supporting-repository-administration,supporting/admin/fixture/documentation surface explicitly accounted by donor record
utls,testdata/Server-TLSv13-CHACHA20-SHA256,d74f480ad5202bfb9cade7a807778ec2edccade33722153452f1a701e86af13d,7456,file,other,repository-administration,supporting-evidence,PR225-R082,accounted-supporting-repository-administration,supporting/admin/fixture/documentation surface explicitly accounted by donor record
utls,testdata/Server-TLSv13-ClientAuthRequestedAndECDSAGiven,eb20867cbd90220dc2cc34c68d9feb65954dae3fd27f702f5d43e89f46c6f882,14008,file,other,repository-administration,supporting-evidence,PR225-R082,accounted-supporting-repository-administration,supporting/admin/fixture/documentation surface explicitly accounted by donor record
utls,testdata/Server-TLSv13-ClientAuthRequestedAndEd25519Given,b02807396eb690677a59c77aecae86ce1e9c81f474687c97cb8cbe63ae53cf55,11545,file,other,repository-administration,supporting-evidence,PR225-R082,accounted-supporting-repository-administration,supporting/admin/fixture/documentation surface explicitly accounted by donor record
utls,testdata/Server-TLSv13-ClientAuthRequestedAndGiven,8fc00b8e77395dc6a87f00fb043cec4772c9c5e39c8c2860589c6e32adfe9088,13759,file,other,repository-administration,supporting-evidence,PR225-R082,accounted-supporting-repository-administration,supporting/admin/fixture/documentation surface explicitly accounted by donor record
utls,testdata/Server-TLSv13-ClientAuthRequestedNotGiven,6abe9dd46c4d86fae980bf146e4d96d5c840797c35b09d701ea06ebbd8ffa91f,7931,file,other,repository-administration,supporting-evidence,PR225-R082,accounted-supporting-repository-administration,supporting/admin/fixture/documentation surface explicitly accounted by donor record
utls,testdata/Server-TLSv13-ECDHE-ECDSA-AES,1c67f41039feec77fb4e5c7e7056bd2249cbabc77e795f9422554db1ab28f7ff,7140,file,other,repository-administration,supporting-evidence,PR225-R082,accounted-supporting-repository-administration,supporting/admin/fixture/documentation surface explicitly accounted by donor record
utls,testdata/Server-TLSv13-Ed25519,5bb79951385944b5c66f2f7d76ac39563a8f7c84baf9a135fc64fd4fd13f90d3,5721,file,other,repository-administration,supporting-evidence,PR225-R082,accounted-supporting-repository-administration,supporting/admin/fixture/documentation surface explicitly accounted by donor record
utls,testdata/Server-TLSv13-ExportKeyingMaterial,d186342b7c64f641fc5298384b7698ca927f8cf384a904ee3fa66da992e017d9,7523,file,other,repository-administration,supporting-evidence,PR225-R082,accounted-supporting-repository-administration,supporting/admin/fixture/documentation surface explicitly accounted by donor record
utls,testdata/Server-TLSv13-HelloRetryRequest,5c2df9c30a2737265befcb964ad8871c0953580489b31084d25a9096f2a1bf74,9382,file,other,repository-administration,supporting-evidence,PR225-R082,accounted-supporting-repository-administration,supporting/admin/fixture/documentation surface explicitly accounted by donor record
utls,testdata/Server-TLSv13-IssueTicket,2bf800a84b2bd94f5d64dfe69e5162e4bb9eb3e2082662973bbc09d5c6fb0b7f,7523,file,other,repository-administration,supporting-evidence,PR225-R082;PR225-M093,focused-module-repository-administration,focused module-level disposition
utls,testdata/Server-TLSv13-IssueTicketPreDisable,3cc870efdfe81ce531758deb5ee0c2a3c84f882379d510777dbce42a526a3fcd,7523,file,other,repository-administration,supporting-evidence,PR225-R082;PR225-M093,focused-module-repository-administration,focused module-level disposition
utls,testdata/Server-TLSv13-KeySharePreference,6a90685229398ce9994c4c23bb61e710f571b6eeefe3b9830f15d8adfc488bb6,7768,file,other,repository-administration,supporting-evidence,PR225-R082,accounted-supporting-repository-administration,supporting/admin/fixture/documentation surface explicitly accounted by donor record
utls,testdata/Server-TLSv13-P256,00c63ed31c09a22517f55c1759ace10fbe66f3863083d9e5811c693c7a3b02ff,7766,file,other,repository-administration,supporting-evidence,PR225-R082,accounted-supporting-repository-administration,supporting/admin/fixture/documentation surface explicitly accounted by donor record
utls,testdata/Server-TLSv13-RSA-RSAPSS,c4fd33a372913af4c26ed90d2d9850286df6b3aefc5e9743ec6061c0ce06c24a,7369,file,other,repository-administration,supporting-evidence,PR225-R082,accounted-supporting-repository-administration,supporting/admin/fixture/documentation surface explicitly accounted by donor record
utls,testdata/Server-TLSv13-RSA-RSAPSS-TooSmall,52d1f37fd31922d942bab33ba6dc98feaf46e73121fc323665e8ea88148baeb3,1067,file,other,repository-administration,supporting-evidence,PR225-R082,accounted-supporting-repository-administration,supporting/admin/fixture/documentation surface explicitly accounted by donor record
utls,testdata/Server-TLSv13-Resume,76576326960c41393536c94d3593e17d13f1c511b81c08f224d63c8b9fdb92fe,4440,file,other,repository-administration,supporting-evidence,PR225-R082,accounted-supporting-repository-administration,supporting/admin/fixture/documentation surface explicitly accounted by donor record
utls,testdata/Server-TLSv13-Resume-HelloRetryRequest,d01cfc4cc6604587e8ad710a2fd03239adb1b0cff0a9c83bbc84bf2e51a8d742,7089,file,other,repository-administration,supporting-evidence,PR225-R082,accounted-supporting-repository-administration,supporting/admin/fixture/documentation surface explicitly accounted by donor record
utls,testdata/Server-TLSv13-ResumeDisabled,d6112a6370d25570dfc309fa4bed20f6fbb85df29a4262c8a1eadcf0841869a6,7602,file,other,repository-administration,supporting-evidence,PR225-R082,accounted-supporting-repository-administration,supporting/admin/fixture/documentation surface explicitly accounted by donor record
utls,testdata/Server-TLSv13-X25519,492f73e2f44d63be4676574a4ccd9af5b4275e605bb5d46a929fafcea7ee27af,7448,file,other,repository-administration,supporting-evidence,PR225-R082,accounted-supporting-repository-administration,supporting/admin/fixture/documentation surface explicitly accounted by donor record
utls,testdata/example-cert.pem,c0e6d056e7bb46ef45fae41d3bd85305a6dcd281fd59afb007af6c89b3de7f38,587,file,other,repository-administration,supporting-evidence,PR225-R082,accounted-supporting-repository-administration,supporting/admin/fixture/documentation surface explicitly accounted by donor record
utls,testdata/example-key.pem,4280dcaf02ddf203cc1e3179b872f2e2f130662437b2f525bb24dfab4e7fade3,227,file,other,repository-administration,supporting-evidence,PR225-R082,accounted-supporting-repository-administration,supporting/admin/fixture/documentation surface explicitly accounted by donor record
utls,testenv/testenv.go,4f5fb67e39656adb8aa45241fdee6786ac6536d09cd7162eec785aa0737e356e,11099,file,Go,implementation,authoritative-source,PR225-R082;PR225-M099;PR225-F0395,focused-file-implementation,independent file-level semantic disposition
utls,testenv/testenv_cgo.go,6841990073da76c7a98f689a4b8638ef2b5c433c731103a07ad506b6ffe1724a,239,file,Go,implementation,authoritative-source,PR225-R082;PR225-M099;PR225-F0396,focused-file-implementation,independent file-level semantic disposition
utls,testenv/testenv_notunix.go,e437b1faed93a8dfc9fe3f785595ba7525b4dd25808778e3d86642460074bf7d,418,file,Go,implementation,authoritative-source,PR225-R082;PR225-M099;PR225-F0397,focused-file-implementation,independent file-level semantic disposition
utls,testenv/testenv_notwin.go,30a45efb11ce2870e33dd6115b3a55713faec93050b1fcc7f1050e358154fbd0,376,file,Go,implementation,authoritative-source,PR225-R082;PR225-M099;PR225-F0398,focused-file-implementation,independent file-level semantic disposition
utls,testenv/testenv_unix.go,30d121b2136fd2ab6673806e8b712a8845e84ff19fa086378c66c80975c81543,485,file,Go,implementation,authoritative-source,PR225-R082;PR225-M099;PR225-F0399,focused-file-implementation,independent file-level semantic disposition
utls,testenv/testenv_windows.go,b86d7598cedc29d418f4cffe9639fee65246778b3cb6fd767415f6e498f86ec1,1047,file,Go,implementation,authoritative-source,PR225-R082;PR225-M099;PR225-F0400,focused-file-implementation,independent file-level semantic disposition
utls,ticket.go,5f779ecdc015fbe850ff07506642c9da60095563feeb6bb9319d95d81885efac,13401,file,Go,implementation,authoritative-source,PR225-R082;PR225-M093;PR225-F0401,focused-file-implementation,independent file-level semantic disposition
utls,ticket_test.go,e84d93fb5b9ee8c0481cead1cdeac4afd64f9b3ebdd3892e52a427283042ffd2,287,file,Go,test,authoritative-source,PR225-R082;PR225-M093;PR225-F0402,focused-file-test,independent file-level semantic disposition
utls,tls.go,02b87cd1380096321eec670c07031039f99509e205b061bb6c1320157c30c918,12570,file,Go,implementation,authoritative-source,PR225-R082;PR225-M098;PR225-F0403,focused-file-implementation,independent file-level semantic disposition
utls,tls_test.go,d00cc6760494fa17657c55390fad45e0be97502d1b7996674183680d2d65cb21,65932,file,Go,test,authoritative-source,PR225-R082;PR225-M098;PR225-F0404,focused-file-test,independent file-level semantic disposition
utls,u_alias.go,352a339f03e8c021db50a7690302beaeda408596f9381dc43d0cf7927de096fb,1505,file,Go,implementation,authoritative-source,PR225-R082;PR225-M098;PR225-F0405,focused-file-implementation,independent file-level semantic disposition
utls,u_clienthello_json.go,03aa006e56a5b3d7dafbbd3f13a4d2b3a91017ef7d9eab42eb25271b68e68d94,5355,file,Go,implementation,authoritative-source,PR225-R082;PR225-M087;PR225-F0406,focused-file-implementation,independent file-level semantic disposition
utls,u_clienthello_json_test.go,3efd74e5a3344731baaeeef56a3d87a0bfabd1b9be5e62278039f18d2438493b,4950,file,Go,test,authoritative-source,PR225-R082;PR225-M087;PR225-F0407,focused-file-test,independent file-level semantic disposition
utls,u_common.go,e42122a474d87d7b6ad959532c0e0f32e39a9514f714fa25a4a3f62d8113e545,29410,file,Go,implementation,authoritative-source,PR225-R082;PR225-M098;PR225-F0408,focused-file-implementation,independent file-level semantic disposition
utls,u_common_test.go,46d0a1f468be0ae28dfdd98c6d37437fc930f4914d0abafb136e0d80006068ae,687,file,Go,test,authoritative-source,PR225-R082;PR225-M098;PR225-F0409,focused-file-test,independent file-level semantic disposition
utls,u_conn.go,0f2ec1cd1b540d27f0cc81348a5bf9679a95ca36d02287fd157f36bae044e3ce,30889,file,Go,implementation,authoritative-source,PR225-R082;PR225-M098;PR225-F0410,focused-file-implementation,independent file-level semantic disposition
utls,u_conn_test.go,ac7c3fc6bfc2f610dc8aff44c7ecc7771c8dfd8a228877fcefdc142f5c45cfcf,27431,file,Go,test,authoritative-source,PR225-R082;PR225-M098;PR225-F0411,focused-file-test,independent file-level semantic disposition
utls,u_ech.go,3d77903ea0bb91203185bbc4e79b2e8d7b47b4faf760097eb0b79125814f819f,10612,file,Go,implementation,authoritative-source,PR225-R082;PR225-M083;PR225-F0412,focused-file-implementation,independent file-level semantic disposition
utls,u_ech_test.go,254f7e3784ba46114254aa24a3f0389f38ca57ac5c2d5e8081b9098351106e15,3588,file,Go,test,authoritative-source,PR225-R082;PR225-M083;PR225-F0413,focused-file-test,independent file-level semantic disposition
utls,u_fingerprinter.go,6c58a9821809111d1dae37a9f9912c4c36036b97e5f43806335f106ed0504dee,3016,file,Go,implementation,authoritative-source,PR225-R082;PR225-M085;PR225-F0414,focused-file-implementation,independent file-level semantic disposition
utls,u_fingerprinter_test.go,6ca7c91f5b3d05865fd0a655eb0101425761730db55058cf7788030ae678cd89,30569,file,Go,test,authoritative-source,PR225-R082;PR225-M085;PR225-F0415,focused-file-test,independent file-level semantic disposition
utls,u_handshake_client.go,d3cd2f1f75a260bcebcf447da4e1aa61a0ceb0755c57c0b78e21b5188eff20b8,20618,file,Go,implementation,authoritative-source,PR225-R082;PR225-M086;PR225-F0416,focused-file-implementation,independent file-level semantic disposition
utls,u_handshake_messages.go,fc2fdbd35366813c037a7f2ba9193b196bed79d3fd02f01579e25f269c1da68b,3859,file,Go,implementation,authoritative-source,PR225-R082;PR225-M086;PR225-F0417,focused-file-implementation,independent file-level semantic disposition
utls,u_hpke.go,d450c3e908a7c5549f64ba9222175465df90f5fd0fb123cb85a941cf61b7d6ee,941,file,Go,implementation,authoritative-source,PR225-R082;PR225-M098;PR225-F0418,focused-file-implementation,independent file-level semantic disposition
utls,u_key_schedule.go,465a4e214654f36e531204e00b6422079b2ebd5d20e4396fc2ea038a3897bba7,770,file,Go,implementation,authoritative-source,PR225-R082;PR225-M098;PR225-F0419,focused-file-implementation,independent file-level semantic disposition
utls,u_parrots.go,539e821a53eda1ab6acbfd1661d2ba0a9f8c87a27938709a85b7b69788971648,102415,file,Go,implementation,authoritative-source,PR225-R082;PR225-M088;PR225-F0420,focused-file-implementation,independent file-level semantic disposition
utls,u_parrots_test.go,307e0a085e13d2fb7e18ae346f6f84ea9624bcf0a7e1407221f0a0caa3e3922e,4217,file,Go,test,authoritative-source,PR225-R082;PR225-M088;PR225-F0421,focused-file-test,independent file-level semantic disposition
utls,u_pre_shared_key.go,b8ee20e097f0f915d11c38ad20107324402b51f65c55e3ff1c5d128c29e7e215,15134,file,Go,implementation,authoritative-source,PR225-R082;PR225-M098;PR225-F0422,focused-file-implementation,independent file-level semantic disposition
utls,u_prng.go,e1c740dfc333aff0aa7652ae1f423cd71b44eb3f5dd3bf19135ecafdb9ec93c6,4714,file,Go,implementation,authoritative-source,PR225-R082;PR225-M098;PR225-F0423,focused-file-implementation,independent file-level semantic disposition
utls,u_public.go,6b215fb0460dadec4b5be5504b596d3c05dcb9e6d78c89dc1526d52e603f09c0,26966,file,Go,implementation,authoritative-source,PR225-R082;PR225-M098;PR225-F0424,focused-file-implementation,independent file-level semantic disposition
utls,u_quic.go,8a8dbd4285d88418b999f39bfc90ba09fcaa462fee7e98a80dfeaf07471b902f,7125,file,Go,implementation,authoritative-source,PR225-R082;PR225-M090;PR225-F0425,focused-file-implementation,independent file-level semantic disposition
utls,u_quic_transport_parameters.go,85150e0e72098cf850abb64af9769de8f533e8bc8e1820cf07907c02f44b382b,7903,file,Go,implementation,authoritative-source,PR225-R082;PR225-M090;PR225-F0426,focused-file-implementation,independent file-level semantic disposition
utls,u_quic_transport_parameters_test.go,991ecb10e0143719eb0d598489463d4408bcea422d836f8570fe8a4cb156d027,1758,file,Go,test,authoritative-source,PR225-R082;PR225-M090;PR225-F0427,focused-file-test,independent file-level semantic disposition
utls,u_roller.go,d79d2f10df33539bc9c90b6f4aaf9e56120741f6d4340b7f20e7931d44faf411,2729,file,Go,implementation,authoritative-source,PR225-R082;PR225-M091;PR225-F0428,focused-file-implementation,independent file-level semantic disposition
utls,u_session_controller.go,cbc44f98b0dbdb179fb4989627d8edd890a87140ddcd5aa3957206f6e913272d,17244,file,Go,implementation,authoritative-source,PR225-R082;PR225-M091;PR225-F0429,focused-file-implementation,independent file-level semantic disposition
utls,u_session_ticket.go,a26972fc01c2b863853b5c4509eb0e420d63c777284f2880281fddbf2dd209d5,2226,file,Go,implementation,authoritative-source,PR225-R082;PR225-M092;PR225-F0430,focused-file-implementation,independent file-level semantic disposition
utls,u_tls_extensions.go,2a087a02b64f4ae08bdb017ee3fa5a35a71063aad58c998ccb5adeb21030e7ab,56483,file,Go,implementation,authoritative-source,PR225-R082;PR225-M084;PR225-F0431,focused-file-implementation,independent file-level semantic disposition
v2raya-scoop,.editorconfig,5f8af2b5cf4d8ffa12782bf41c34412a6770132fa2c5a21c12c33c118b8edd9b,420,file,other,repository-administration,supporting-evidence,PR225-R056;PR225-M060,focused-module-repository-administration,focused module-level disposition
v2raya-scoop,.gitattributes,e51f3699dd68b10850a6d62e1a500b68a87ee79f061023cea5bfa76f6b5978c1,84,file,other,repository-administration,supporting-evidence,PR225-R056;PR225-M060,focused-module-repository-administration,focused module-level disposition
v2raya-scoop,.github/ISSUE_TEMPLATE/Bug_report.md,da60181560c20bf23064631793f78ffc35e84f913dd649950b770717ed4701b3,1237,file,Markdown,repository-administration,supporting-evidence,PR225-R056,accounted-supporting-repository-administration,supporting/admin/fixture/documentation surface explicitly accounted by donor record
v2raya-scoop,.github/ISSUE_TEMPLATE/Package_request.md,deebad9bef9d01414c7bcb91dfb694bd8dd4b09c77b4e7dc1d5ef14e7535f859,733,file,Markdown,repository-administration,supporting-evidence,PR225-R056,accounted-supporting-repository-administration,supporting/admin/fixture/documentation surface explicitly accounted by donor record
v2raya-scoop,.github/issue_template.md,502d0f36c92802f3f9620cd4868bf7a5e24d82280b360a7ba00ad18d6942a244,332,file,Markdown,repository-administration,supporting-evidence,PR225-R056,accounted-supporting-repository-administration,supporting/admin/fixture/documentation surface explicitly accounted by donor record
v2raya-scoop,.github/pull_request_template.md,e598d4305c504b20be8bf437752c2e9747b9406820a676c00fd592483ca508b6,665,file,Markdown,repository-administration,supporting-evidence,PR225-R056,accounted-supporting-repository-administration,supporting/admin/fixture/documentation surface explicitly accounted by donor record
v2raya-scoop,.github/workflows/ci.yml,50c5e7da6d3f66fe221a3e136626c5f1b0c4bb68f54f0af3a150ba491dbfbc6e,1238,file,YAML,repository-administration,supporting-evidence,PR225-R056,accounted-supporting-repository-administration,supporting/admin/fixture/documentation surface explicitly accounted by donor record
v2raya-scoop,.github/workflows/excavator.yml,57901bf63784c75e8441460c44326e954da002b507c0e89f61cfe46fab7ff082,2363,file,YAML,repository-administration,supporting-evidence,PR225-R056,accounted-supporting-repository-administration,supporting/admin/fixture/documentation surface explicitly accounted by donor record
v2raya-scoop,.github/workflows/issue_comment.yml,39ae0b8e4bc00c759b61cf7faa745fa13ec0d80858b8ee9c049e2f581a46c4d7,415,file,YAML,repository-administration,supporting-evidence,PR225-R056,accounted-supporting-repository-administration,supporting/admin/fixture/documentation surface explicitly accounted by donor record
v2raya-scoop,.github/workflows/issues.yml,ed9b9b8b3c8a08db769bd220e4110f367f220715ff5e0dbf7c094ccaf91539a4,459,file,YAML,repository-administration,supporting-evidence,PR225-R056,accounted-supporting-repository-administration,supporting/admin/fixture/documentation surface explicitly accounted by donor record
v2raya-scoop,.github/workflows/pull_request.yml,77b203dcefa2c013966b765c5a6c19fc04f484b3b357a7dbfc440cbb44ea8d72,344,file,YAML,repository-administration,supporting-evidence,PR225-R056,accounted-supporting-repository-administration,supporting/admin/fixture/documentation surface explicitly accounted by donor record
v2raya-scoop,.gitignore,e8b9b6a96e2c4397c43370e66e4d802e9b1399e8af781c0ab23add580b1684cf,58,file,other,repository-administration,supporting-evidence,PR225-R056;PR225-M060,focused-module-repository-administration,focused module-level disposition
v2raya-scoop,.markdownlint.json,e197f56eb921c4809019df97346b4971dfdc7e4f05c790dfa62ce1d12afad7c0,157,file,JSON,configuration,authoritative-source,PR225-R056;PR225-M060;PR225-F0432,focused-file-configuration,independent file-level semantic disposition
v2raya-scoop,.vscode/extensions.json,557d1c7179a849f315776a5aef7f8abf0231c3084d9c8737348b07ffcfcb6671,109,file,JSON,configuration,authoritative-source,PR225-R056;PR225-M057;PR225-F0433,focused-file-configuration,independent file-level semantic disposition
v2raya-scoop,.vscode/settings.json,4f221627cf955aaeccbf445e0aae13c07c8cd0dd86dad217537a41ee28346351,780,file,JSON,configuration,authoritative-source,PR225-R056;PR225-M057;PR225-F0434,focused-file-configuration,independent file-level semantic disposition
v2raya-scoop,LICENSE,f4e7f373b9b996950337e8d41a4a2939c2d90b7725e9baf3d5084a22717ad328,7169,file,other,documentation,supporting-evidence,PR225-R056;PR225-M060,focused-module-documentation,focused module-level disposition
v2raya-scoop,README.md,5b60f40b17211097b0233ae4aabb61d4f2c6a8f62af3aa170bc4f83fbc731a3e,3057,file,Markdown,documentation,supporting-evidence,PR225-R056;PR225-M060,focused-module-documentation,focused module-level disposition
v2raya-scoop,README_zh.md,f0580b2ecf6197e8a1bb274302737bd1cfca34f6ce2d477ae46aa87f43b89e96,3062,file,Markdown,documentation,supporting-evidence,PR225-R056;PR225-M060,focused-module-documentation,focused module-level disposition
v2raya-scoop,Scoop-Bucket.Tests.ps1,db27b8356910f44d607e98feb7bbfbb2f139e22825b5a40e516d278ad0b43926,129,file,PowerShell,script,authoritative-source,PR225-R056;PR225-M060;PR225-F0435,focused-file-script,independent file-level semantic disposition
v2raya-scoop,bin/auto-pr.ps1,b7b2459bc45d1283d3632b782a874df7e614d9780aec23b84e189e84b81edb1a,388,file,PowerShell,script,authoritative-source,PR225-R056;PR225-M058;PR225-F0436,focused-file-script,independent file-level semantic disposition
v2raya-scoop,bin/checkurls.ps1,505f6acfd2c430a41a2a7aaece1143ec8a78ff554b93a95ed940ace1ffa7c857,279,file,PowerShell,script,authoritative-source,PR225-R056;PR225-M058;PR225-F0437,focused-file-script,independent file-level semantic disposition
v2raya-scoop,bin/checkver.ps1,34bfdbd1e9c9806aea69fa81594dd49c58190988c707a45660ccff734bbd01f8,276,file,PowerShell,script,authoritative-source,PR225-R056;PR225-M058;PR225-F0438,focused-file-script,independent file-level semantic disposition
v2raya-scoop,bin/formatjson.ps1,dc2ac65e3ba50a1541ed9b224ce89ee69dbcae966fef9614001db405ed9d93f9,284,file,PowerShell,script,authoritative-source,PR225-R056;PR225-M058;PR225-F0439,focused-file-script,independent file-level semantic disposition
v2raya-scoop,bin/missing-checkver.ps1,5efde1271b35fe9896880c0efeff3bcf3f49e6373b8c2911a2fdb3da72df7537,300,file,PowerShell,script,authoritative-source,PR225-R056;PR225-M058;PR225-F0440,focused-file-script,independent file-level semantic disposition
v2raya-scoop,bin/test.ps1,6ac3794d180013cb969988f2053127e5999467738bfc1504897c33d604080c73,459,file,PowerShell,script,authoritative-source,PR225-R056;PR225-M058;PR225-F0441,focused-file-script,independent file-level semantic disposition
v2raya-scoop,bucket/v2ray-rules-dat.json,d21d481d0a49312ec5928914ae353c4f6e324078440b0b9b4c90fb29ef84c086,2803,file,JSON,configuration,authoritative-source,PR225-R056;PR225-M059;PR225-F0442,focused-file-configuration,independent file-level semantic disposition
v2raya-scoop,bucket/v2raya-git.json,ccd3107e3d5a8a6fbc6ca2d214b1ac58de94360fdbf2d3b5852eccc1c394081e,5951,file,JSON,configuration,authoritative-source,PR225-R056;PR225-M059;PR225-F0443,focused-file-configuration,independent file-level semantic disposition
v2raya-scoop,bucket/v2raya-np.json,4ad794d6dde912c4715308b318d7f3735e0cd937b4762e30f5e75e6e401618d8,3299,file,JSON,configuration,authoritative-source,PR225-R056;PR225-M059;PR225-F0444,focused-file-configuration,independent file-level semantic disposition
v2raya-scoop,bucket/v2raya-unstable-np.json,5c8c6d094ed8c8cf3b4abc9d88e72b57d5c3e69b43e73f0e9e1e0cec223141e1,3899,file,JSON,configuration,authoritative-source,PR225-R056;PR225-M059;PR225-F0445,focused-file-configuration,independent file-level semantic disposition
v2raya-scoop,bucket/v2raya-unstable.json,3c94fb00437bc219cffd4417cbd5a261b8175ebf57dc900edef60bdc52c479ce,4086,file,JSON,configuration,authoritative-source,PR225-R056;PR225-M059;PR225-F0446,focused-file-configuration,independent file-level semantic disposition
v2raya-scoop,bucket/v2raya.json,6c8a751e013116884a4f3ee63e1587b5805a755a624e3cca0510ee719b1e1e0f,3048,file,JSON,configuration,authoritative-source,PR225-R056;PR225-M059;PR225-F0447,focused-file-configuration,independent file-level semantic disposition
v2raya-scoop,bucket/xray.json,21cd1d9368b15a41ef9a54134959f048537098f350ad0813c62f39e0f02deabe,1178,file,JSON,configuration,authoritative-source,PR225-R056;PR225-M059;PR225-F0448,focused-file-configuration,independent file-level semantic disposition
v2raya-scoop,scripts/.gitkeep,0d486e97a72a9d503928d2bbd59285c9f757992d8df104fd560ceaa94d60c6bd,176,file,other,script,authoritative-source,PR225-R056;PR225-M061;PR225-F0449,focused-file-script,independent file-level semantic disposition
v2raya-scoop,scripts/V2rayaUtils.psm1,5be3ffe0d7c018652351c4eef14e3ec60b15e90c79dd10cb6ef3bbc0a02adc93,1594,file,other,script,authoritative-source,PR225-R056;PR225-M061;PR225-F0450,focused-file-script,independent file-level semantic disposition
v2raya-scoop,scripts/v2raya/add-startup.reg,c8f0e3920cd68c1c0e895fb293b34c18bc4d9581fbdfaf0342ff42721680d76f,128,file,other,script,authoritative-source,PR225-R056;PR225-M061;PR225-F0451,focused-file-script,independent file-level semantic disposition
v2raya-scoop,scripts/v2raya/remove-startup.reg,20de5d9e423e594318a4cb281f330c272a1f65b92f2b1c3ff32ee6aa9e46c869,119,file,other,script,authoritative-source,PR225-R056;PR225-M061;PR225-F0452,focused-file-script,independent file-level semantic disposition
v2raya-scoop,scripts/v2raya/reset-passwd-v2raya-np.ps1,cf96c78ac6dc9aea948df23f1cdda3cfd4d4bb6bc050e467e1e88eae10e4fbb2,404,file,PowerShell,script,authoritative-source,PR225-R056;PR225-M061;PR225-F0453,focused-file-script,independent file-level semantic disposition
v2raya-scoop,scripts/v2raya/reset-passwd-v2raya.ps1,aa66a2b097e02eb4446904691b815282164dcb23fd3127260b161e271cfec831,477,file,PowerShell,script,authoritative-source,PR225-R056;PR225-M061;PR225-F0454,focused-file-script,independent file-level semantic disposition
v2raya-scoop,scripts/v2raya/start-v2raya.ps1,a36776a70275721bdc74e3b72fce1a2e300a0a0976c6d23e3ee0fc15712df871,245,file,PowerShell,script,authoritative-source,PR225-R056;PR225-M061;PR225-F0455,focused-file-script,independent file-level semantic disposition
v2raya-scoop,scripts/v2raya/stop-v2raya.ps1,9fc2b1ef8a925b625673bdd3729ab3502cf4ef8865b674aca69d196bc584ff94,69,file,PowerShell,script,authoritative-source,PR225-R056;PR225-M061;PR225-F0456,focused-file-script,independent file-level semantic disposition
v2rayng,.github/ISSUE_TEMPLATE/bug_cn.md,faf3f645f78db165ff657514f024e4375a6f98ad678e64a6effa787f9afa2440,710,file,Markdown,repository-administration,supporting-evidence,PR225-R036,accounted-supporting-repository-administration,supporting/admin/fixture/documentation surface explicitly accounted by donor record
v2rayng,.github/ISSUE_TEMPLATE/config.yml,80bd49206b75640bcc3bfbe31b5dd683fc187ffbd7e499b37f2a7ddc5efe22a1,197,file,YAML,repository-administration,supporting-evidence,PR225-R036,accounted-supporting-repository-administration,supporting/admin/fixture/documentation surface explicitly accounted by donor record
v2rayng,.github/dependabot.yml,d5f5778c7fee9b964754631b4ca2c28a74270a1c541897a0f96454a7efebc45a,116,file,YAML,repository-administration,supporting-evidence,PR225-R036,accounted-supporting-repository-administration,supporting/admin/fixture/documentation surface explicitly accounted by donor record
v2rayng,.github/workflows/build.yml,28b42b79495c9310435c0947188c30f808142b85a7ebcbce659b0b6e911b8a2f,4296,file,YAML,repository-administration,supporting-evidence,PR225-R036,accounted-supporting-repository-administration,supporting/admin/fixture/documentation surface explicitly accounted by donor record
v2rayng,.github/workflows/fastlane.yml,838690fe42466d1a7a347907b36109148c4bdef9f85e9427b6c1b9856193e8c0,343,file,YAML,repository-administration,supporting-evidence,PR225-R036,accounted-supporting-repository-administration,supporting/admin/fixture/documentation surface explicitly accounted by donor record
v2rayng,.gitignore,359ad4b218613db74a1121916b83f5ba03be1367fb5a00dd44746e97c9a6449f,864,file,other,repository-administration,supporting-evidence,PR225-R036;PR225-M055,focused-module-repository-administration,focused module-level disposition
v2rayng,.gitmodules,c7506ea9e8b273ae87eef654fffb7e77e2a0c11e9502af094d9410ec40678829,220,file,other,repository-administration,supporting-evidence,PR225-R036;PR225-M055,focused-module-repository-administration,focused module-level disposition
v2rayng,CR.md,91a9cc22213f9c9884ed1f5581551b9ee5531f7f5aadfe942378ec39d0600596,2885,file,Markdown,documentation,supporting-evidence,PR225-R036;PR225-M055,focused-module-documentation,focused module-level disposition
v2rayng,LICENSE,8ceb4b9ee5adedde47b31e975c1d90c73ad27b6b165a1dcd80c7c545eb65b903,35147,file,other,documentation,supporting-evidence,PR225-R036;PR225-M055,focused-module-documentation,focused module-level disposition
v2rayng,README.md,0153524721222cb50f59c194b283d277f78970cc6d05565a09ec09d9e6099dff,2362,file,Markdown,documentation,supporting-evidence,PR225-R036;PR225-M055,focused-module-documentation,focused module-level disposition
v2rayng,V2rayNG/app/build.gradle.kts,0d8222abef64baa09d5d746413e14d1ad477204023bf883b9bbb32d55fe75741,6077,file,other,configuration,authoritative-source,PR225-R036;PR225-M054;PR225-F0457,focused-file-configuration,independent file-level semantic disposition
v2rayng,V2rayNG/app/proguard-rules.pro,56fd960cf225f6ca40f982b13a5dbb0d8bc3dfde13ff76422825c6070d0a1890,750,file,other,repository-administration,supporting-evidence,PR225-R036;PR225-M054,focused-module-repository-administration,focused module-level disposition
v2rayng,V2rayNG/app/src/dev/res/values/strings.xml,a496adcc45cea4c274d9ef81f0dd854bbf8d766ca2e2c0dfeee9a333ae77bed3,124,file,XML,ui-or-product,authoritative-source,PR225-R036;PR225-M048;PR225-F0458,focused-file-ui-or-product,independent file-level semantic disposition
v2rayng,V2rayNG/app/src/fdroid/res/values/strings.xml,e9c5a55d441ff80f82b5d27a0766a46d58168fbb1b6afe32ea91fc0015d9ff16,140,file,XML,ui-or-product,authoritative-source,PR225-R036;PR225-M048;PR225-F0459,focused-file-ui-or-product,independent file-level semantic disposition
v2rayng,V2rayNG/app/src/fdroid/res/xml/shortcuts.xml,8c60282194db174b3a16ca723b491b0be6375b548122e999b375233fc791ccb3,2826,file,XML,repository-administration,supporting-evidence,PR225-R036,accounted-supporting-repository-administration,supporting/admin/fixture/documentation surface explicitly accounted by donor record
v2rayng,V2rayNG/app/src/main/AndroidManifest.xml,7ff448329c380b10fdb4fc0d8f1e9b753c3b1719e50bd2f4cda7f6b0e8384a71,12036,file,XML,repository-administration,supporting-evidence,PR225-R036;PR225-M054,focused-module-repository-administration,focused module-level disposition
v2rayng,V2rayNG/app/src/main/assets/custom_routing_black,67ed291e6a2305bf861263d0f560eb104768461924044ad185bab41a97fd431a,2878,file,other,repository-administration,supporting-evidence,PR225-R036;PR225-M054,focused-module-repository-administration,focused module-level disposition
v2rayng,V2rayNG/app/src/main/assets/custom_routing_global,8201030c207fc82e5a46d57aaa9d0dae7ba18e9b758fc136dc9b700e0487c2c2,438,file,other,repository-administration,supporting-evidence,PR225-R036;PR225-M054,focused-module-repository-administration,focused module-level disposition
v2rayng,V2rayNG/app/src/main/assets/custom_routing_white,ca2b9d02b2c1fdff704b54f3d557efd3fc3a289cfb77c53104877941006b0cd0,1822,file,other,repository-administration,supporting-evidence,PR225-R036;PR225-M054,focused-module-repository-administration,focused module-level disposition
v2rayng,V2rayNG/app/src/main/assets/custom_routing_white_iran,34fd9e3a33db2e25e17a8937c94619eede65f882c09b11e76ef1be32b10769c8,594,file,other,repository-administration,supporting-evidence,PR225-R036;PR225-M054,focused-module-repository-administration,focused module-level disposition
v2rayng,V2rayNG/app/src/main/assets/custom_routing_white_russia,8c7dfeb767aa6a87319b4a72c5a6a14175123321c4868726b2fffa6dbbff51dc,696,file,other,repository-administration,supporting-evidence,PR225-R036;PR225-M054,focused-module-repository-administration,focused module-level disposition
v2rayng,V2rayNG/app/src/main/assets/open_source_licenses.html,db8ab34135a2912e6d74511c9052fdf628ed1dd0937f65d0445f178c70b0e06b,51253,file,HTML,ui-or-product,authoritative-source,PR225-R036;PR225-M054;PR225-F0460,focused-file-ui-or-product,independent file-level semantic disposition
v2rayng,V2rayNG/app/src/main/assets/proxy_package_name,ad8e17b73ab7726a765f19826702f2d81b0973cdabde9f5610d845c181c52226,9487,file,other,repository-administration,supporting-evidence,PR225-R036;PR225-M054,focused-module-repository-administration,focused module-level disposition
v2rayng,V2rayNG/app/src/main/assets/v2ray_config.json,fa7a99e6b18b837576d1aeaa3bfeb75217b589cede2790419bf1440cd4523269,1749,file,JSON,configuration,authoritative-source,PR225-R036;PR225-M054;PR225-F0461,focused-file-configuration,independent file-level semantic disposition
v2rayng,V2rayNG/app/src/main/assets/v2ray_config_with_tun.json,4943f6db7f6704af356ac9580265ae54eff3009d1d9ba6f7f9a326a883a4c9ef,2006,file,JSON,configuration,authoritative-source,PR225-R036;PR225-M054;PR225-F0462,focused-file-configuration,independent file-level semantic disposition
v2rayng,V2rayNG/app/src/main/ic_launcher-web.png,756fd268343e16794922a0d2792bb94f302531e894cef1d8d666e84e5d35ee99,11854,file,other,fixture,supporting-evidence,PR225-R036;PR225-M054,focused-module-fixture,focused module-level disposition
v2rayng,V2rayNG/app/src/main/java/com/v2ray/ang/AngApplication.kt,caef1c61d9681e91d840cc70f1c3b966b4ebca2ae7288fb45377cde692f51ca0,1355,file,Kotlin,implementation,authoritative-source,PR225-R036;PR225-M049;PR225-F0463,focused-file-implementation,independent file-level semantic disposition
v2rayng,V2rayNG/app/src/main/java/com/v2ray/ang/AppConfig.kt,daed6d7b6574f0aff0958c23e7f7f0cea1b836f07e46a63536b02b5fd84ee3b0,13305,file,Kotlin,implementation,authoritative-source,PR225-R036;PR225-M049;PR225-F0464,focused-file-implementation,independent file-level semantic disposition
v2rayng,V2rayNG/app/src/main/java/com/v2ray/ang/contracts/BaseAdapterListener.kt,59d7e244a24dad071d8ad96e2a130d36efb9403c08c5dfd35ef4222b6cfff9cc,1143,file,Kotlin,implementation,authoritative-source,PR225-R036;PR225-M037;PR225-F0465,focused-file-implementation,independent file-level semantic disposition
v2rayng,V2rayNG/app/src/main/java/com/v2ray/ang/contracts/MainAdapterListener.kt,82a3081acd5feeccb3e5abdde50b72d4ef5f75e7cbca4106872aac651df7ebb2,324,file,Kotlin,implementation,authoritative-source,PR225-R036;PR225-M037;PR225-F0466,focused-file-implementation,independent file-level semantic disposition
v2rayng,V2rayNG/app/src/main/java/com/v2ray/ang/contracts/ServiceControl.kt,6897f77cc1c27bd18ea8fa434b1a4c65986c5013c6c8cce492504e81283ea33e,538,file,Kotlin,implementation,authoritative-source,PR225-R036;PR225-M037;PR225-F0467,focused-file-implementation,independent file-level semantic disposition
v2rayng,V2rayNG/app/src/main/java/com/v2ray/ang/contracts/Tun2SocksControl.kt,47e16134bbbad1322e260c7e1f26d2734f34f047652b2ce52d5036fba8ff07a1,511,file,Kotlin,implementation,authoritative-source,PR225-R036;PR225-M037;PR225-F0468,focused-file-implementation,independent file-level semantic disposition
v2rayng,V2rayNG/app/src/main/java/com/v2ray/ang/core/CoreConfigContextBuilder.kt,6295e136efde9527c03751a5e7de4ee12a74d8cbd538419f7afe539e6c2f9a67,9105,file,Kotlin,implementation,authoritative-source,PR225-R036;PR225-M038;PR225-F0469,focused-file-implementation,independent file-level semantic disposition
v2rayng,V2rayNG/app/src/main/java/com/v2ray/ang/core/CoreConfigManager.kt,5d47ed3960b8a23acf4a4be085b9d544b1ce61e96b5efcb45946b17370925413,39177,file,Kotlin,implementation,authoritative-source,PR225-R036;PR225-M038;PR225-F0470,focused-file-implementation,independent file-level semantic disposition
v2rayng,V2rayNG/app/src/main/java/com/v2ray/ang/core/CoreNativeManager.kt,5b959ba1598154d182589df1fecb35f5db67f825a1a397e9c78fa3575fcad745,3250,file,Kotlin,implementation,authoritative-source,PR225-R036;PR225-M038;PR225-F0471,focused-file-implementation,independent file-level semantic disposition
v2rayng,V2rayNG/app/src/main/java/com/v2ray/ang/core/CoreOutboundBuilder.kt,4bcc3e3bd18a8b0e596574857d2fd59d7e67543bff72848b94ed17f3d8aac69e,30239,file,Kotlin,implementation,authoritative-source,PR225-R036;PR225-M038;PR225-F0472,focused-file-implementation,independent file-level semantic disposition
v2rayng,V2rayNG/app/src/main/java/com/v2ray/ang/core/CoreServiceManager.kt,4ddf00ebec48b8beda45753edc1a3493a130b39400ce3ebe5c18232fac32c495,20858,file,Kotlin,implementation,authoritative-source,PR225-R036;PR225-M038;PR225-F0473,focused-file-implementation,independent file-level semantic disposition
v2rayng,V2rayNG/app/src/main/java/com/v2ray/ang/dto/AppInfo.kt,2bc9c096c50279c2ccdfcdebf0513e5e63732851d540ef73b6fb8ebd86cdfbdd,226,file,Kotlin,implementation,authoritative-source,PR225-R036;PR225-M039;PR225-F0474,focused-file-implementation,independent file-level semantic disposition
v2rayng,V2rayNG/app/src/main/java/com/v2ray/ang/dto/CertSha256.kt,e3d47396f3a28d7f638f74c8306b4f06885bf5ea859eef5a2b7a4b4e26eae63c,272,file,Kotlin,implementation,authoritative-source,PR225-R036;PR225-M039;PR225-F0475,focused-file-implementation,independent file-level semantic disposition
v2rayng,V2rayNG/app/src/main/java/com/v2ray/ang/dto/CheckUpdateResult.kt,c61c0e35ef710401d37aa4c28e706e31d042c0fc4ad3b46771a47001b9397184,269,file,Kotlin,implementation,authoritative-source,PR225-R036;PR225-M039;PR225-F0476,focused-file-implementation,independent file-level semantic disposition
v2rayng,V2rayNG/app/src/main/java/com/v2ray/ang/dto/ConfigResult.kt,7d7983173b36698afdc79bb3acbc87748b2c12aaf5f0a050b2d83adf7604ec3d,175,file,Kotlin,implementation,authoritative-source,PR225-R036;PR225-M039;PR225-F0477,focused-file-implementation,independent file-level semantic disposition
v2rayng,V2rayNG/app/src/main/java/com/v2ray/ang/dto/CoreConfigContext.kt,34066c287ce220d5a1e1b0d1bb2dcf47f02c70a0815eea6d493e14953d50d889,523,file,Kotlin,implementation,authoritative-source,PR225-R036;PR225-M039;PR225-F0478,focused-file-implementation,independent file-level semantic disposition
v2rayng,V2rayNG/app/src/main/java/com/v2ray/ang/dto/GitHubRelease.kt,08df915f4ba2fcef5265fb45eea50445146d4b5785476334bca0f822322ce04c,588,file,Kotlin,implementation,authoritative-source,PR225-R036;PR225-M039;PR225-F0479,focused-file-implementation,independent file-level semantic disposition
v2rayng,V2rayNG/app/src/main/java/com/v2ray/ang/dto/GroupMapItem.kt,1d93af39faeee67ad38c374d198a2b8640c160a18b4e6f14ac928c7e409e085d,98,file,Kotlin,implementation,authoritative-source,PR225-R036;PR225-M039;PR225-F0480,focused-file-implementation,independent file-level semantic disposition
v2rayng,V2rayNG/app/src/main/java/com/v2ray/ang/dto/IPAPIInfo.kt,b7dde6aec1f3a04a1da819fc860b22b835957ee055f21b8af5626e23448602df,441,file,Kotlin,implementation,authoritative-source,PR225-R036;PR225-M039;PR225-F0481,focused-file-implementation,independent file-level semantic disposition
v2rayng,V2rayNG/app/src/main/java/com/v2ray/ang/dto/OutboundTrafficStat.kt,93522b5ab2bdc3957e12e6c11772744ffe1d200646ff67f861816d67b0da2e89,129,file,Kotlin,implementation,authoritative-source,PR225-R036;PR225-M039;PR225-F0482,focused-file-implementation,independent file-level semantic disposition
v2rayng,V2rayNG/app/src/main/java/com/v2ray/ang/dto/RealPingEvent.kt,147204d1a76721f4e784fcbe37ef30b70629dbb39d77ca34016a05dd37f22fcf,441,file,Kotlin,implementation,authoritative-source,PR225-R036;PR225-M039;PR225-F0483,focused-file-implementation,independent file-level semantic disposition
v2rayng,V2rayNG/app/src/main/java/com/v2ray/ang/dto/SubscriptionUpdateResult.kt,12f318623fb0b220a3753f19ff275008a2a29709891c42031e1dee9b4152d58d,856,file,Kotlin,implementation,authoritative-source,PR225-R036;PR225-M039;PR225-F0484,focused-file-implementation,independent file-level semantic disposition
v2rayng,V2rayNG/app/src/main/java/com/v2ray/ang/dto/TestServiceMessage.kt,b7b291b386499063e1f5de7a1bc0367405ec12892032f158a083e39078f928e0,208,file,Kotlin,implementation,authoritative-source,PR225-R036;PR225-M039;PR225-F0485,focused-file-implementation,independent file-level semantic disposition
v2rayng,V2rayNG/app/src/main/java/com/v2ray/ang/dto/UrlContentRequest.kt,5dbda5773fbb4b909caf5cc9d1086c29b8d7a6af6322dd8cc0713139ae7875b0,249,file,Kotlin,implementation,authoritative-source,PR225-R036;PR225-M039;PR225-F0486,focused-file-implementation,independent file-level semantic disposition
v2rayng,V2rayNG/app/src/main/java/com/v2ray/ang/dto/V2rayConfig.kt,511ebb1faf8654203f8574995838b568e6b4970cd33e7e616bc72fc6b9dff8ee,19134,file,Kotlin,implementation,authoritative-source,PR225-R036;PR225-M039;PR225-F0487,focused-file-implementation,independent file-level semantic disposition
v2rayng,V2rayNG/app/src/main/java/com/v2ray/ang/dto/VmessQRCode.kt,ff4ff1c190c074244879b10f41bb2dca1ce2829877462798ea2184c4da5d17ed,525,file,Kotlin,implementation,authoritative-source,PR225-R036;PR225-M039;PR225-F0488,focused-file-implementation,independent file-level semantic disposition
v2rayng,V2rayNG/app/src/main/java/com/v2ray/ang/dto/entities/AssetUrlCache.kt,1e5d1d4a96284f3ec58f8a34077c6cbb0ac604a57fc33558e247304497f44071,116,file,Kotlin,implementation,authoritative-source,PR225-R036;PR225-M039;PR225-F0489,focused-file-implementation,independent file-level semantic disposition
v2rayng,V2rayNG/app/src/main/java/com/v2ray/ang/dto/entities/AssetUrlItem.kt,bc2a870d0e8b44078b3e951d7e0c77c936043c785a70361ee282cff3e0d7f373,238,file,Kotlin,implementation,authoritative-source,PR225-R036;PR225-M039;PR225-F0490,focused-file-implementation,independent file-level semantic disposition
v2rayng,V2rayNG/app/src/main/java/com/v2ray/ang/dto/entities/ProfileItem.kt,a3f3cf8cb67eab4524d90c2d7e33903de2cd45ce64bc72064b3f2d2b71c33810,4405,file,Kotlin,implementation,authoritative-source,PR225-R036;PR225-M039;PR225-F0491,focused-file-implementation,independent file-level semantic disposition
v2rayng,V2rayNG/app/src/main/java/com/v2ray/ang/dto/entities/RulesetItem.kt,f6b0d00572fa29164c48a82b3dc05e7e99e21909724dc2639e543f0a1ef707fa,407,file,Kotlin,implementation,authoritative-source,PR225-R036;PR225-M039;PR225-F0492,focused-file-implementation,independent file-level semantic disposition
v2rayng,V2rayNG/app/src/main/java/com/v2ray/ang/dto/entities/ServerAffiliationInfo.kt,409de1ff87b54be067911761ebb6f3c0623a4b64586b6923d1651a48b193aee4,267,file,Kotlin,implementation,authoritative-source,PR225-R036;PR225-M039;PR225-F0493,focused-file-implementation,independent file-level semantic disposition
v2rayng,V2rayNG/app/src/main/java/com/v2ray/ang/dto/entities/ServersCache.kt,2594b582ef9c4381e2250d5a6639727a27ba8472dc854370e8f393b5730e2eb3,113,file,Kotlin,implementation,authoritative-source,PR225-R036;PR225-M039;PR225-F0494,focused-file-implementation,independent file-level semantic disposition
v2rayng,V2rayNG/app/src/main/java/com/v2ray/ang/dto/entities/SubscriptionCache.kt,c399068990967e4f82d2e2126ee1008698a716f99950796bb6923ebdd28ea766,128,file,Kotlin,implementation,authoritative-source,PR225-R036;PR225-M039;PR225-F0495,focused-file-implementation,independent file-level semantic disposition
v2rayng,V2rayNG/app/src/main/java/com/v2ray/ang/dto/entities/SubscriptionItem.kt,bf7797437a9cef2e0c050e4e3bb32f7d4d96e3a19967bc635fc668f3644be43f,536,file,Kotlin,implementation,authoritative-source,PR225-R036;PR225-M039;PR225-F0496,focused-file-implementation,independent file-level semantic disposition
v2rayng,V2rayNG/app/src/main/java/com/v2ray/ang/dto/entities/WebDavConfig.kt,392dca84f859e55d476898b3c004ba8ec8549207fa659f622da92364adb320f5,227,file,Kotlin,implementation,authoritative-source,PR225-R036;PR225-M039;PR225-F0497,focused-file-implementation,independent file-level semantic disposition
v2rayng,V2rayNG/app/src/main/java/com/v2ray/ang/enums/BalancerStrategyType.kt,b29b106e3b6339d4a4539bc99e025b8456f973cdcd3019e39f7d075955e6eec0,1083,file,Kotlin,implementation,authoritative-source,PR225-R036;PR225-M040;PR225-F0498,focused-file-implementation,independent file-level semantic disposition
v2rayng,V2rayNG/app/src/main/java/com/v2ray/ang/enums/CoreResolvedType.kt,200ffb81dde43f96d6ead7a853069a876cc50d56591cc8b2e93a94f789ff8950,159,file,Kotlin,implementation,authoritative-source,PR225-R036;PR225-M040;PR225-F0499,focused-file-implementation,independent file-level semantic disposition
v2rayng,V2rayNG/app/src/main/java/com/v2ray/ang/enums/EConfigType.kt,fb3f88ade71b1f9b17c8c650defba68edea0fbafc5385b0312aeb471caadb7c8,701,file,Kotlin,implementation,authoritative-source,PR225-R036;PR225-M040;PR225-F0500,focused-file-implementation,independent file-level semantic disposition
v2rayng,V2rayNG/app/src/main/java/com/v2ray/ang/enums/Language.kt,6ca95ddd57c1636b2466372058b3dc8f248ed7458ca9a2b721f273de213a2845,433,file,Kotlin,implementation,authoritative-source,PR225-R036;PR225-M040;PR225-F0501,focused-file-implementation,independent file-level semantic disposition
v2rayng,V2rayNG/app/src/main/java/com/v2ray/ang/enums/NetworkType.kt,c80d30bf012136d82ec74f18e382b447130bf167c20eee7f94553413c2ab4515,380,file,Kotlin,implementation,authoritative-source,PR225-R036;PR225-M040;PR225-F0502,focused-file-implementation,independent file-level semantic disposition
v2rayng,V2rayNG/app/src/main/java/com/v2ray/ang/enums/NotificationChannelType.kt,978740022a47806f85f5ad4c9071e8636c0b46831a1689544b1af8deb8cbc2db,583,file,Kotlin,implementation,authoritative-source,PR225-R036;PR225-M040;PR225-F0503,focused-file-implementation,independent file-level semantic disposition
v2rayng,V2rayNG/app/src/main/java/com/v2ray/ang/enums/PermissionType.kt,3090a94fe6f7ce02466e3ed1655b7376935639c9a39628a2a9a939cebdd0dc0b,906,file,Kotlin,implementation,authoritative-source,PR225-R036;PR225-M040;PR225-F0504,focused-file-implementation,independent file-level semantic disposition
v2rayng,V2rayNG/app/src/main/java/com/v2ray/ang/enums/RoutingType.kt,1dd752640e0957cc62c654b51f6f884a0663782b60b96310b9c79c4d18831a11,594,file,Kotlin,implementation,authoritative-source,PR225-R036;PR225-M040;PR225-F0505,focused-file-implementation,independent file-level semantic disposition
v2rayng,V2rayNG/app/src/main/java/com/v2ray/ang/enums/VpnInterfaceAddressConfig.kt,898fde424b98dc2a89c6c9c015712cd1ce2ea6b5e37da406bc4af929e6dad454,1792,file,Kotlin,implementation,authoritative-source,PR225-R036;PR225-M040;PR225-F0506,focused-file-implementation,independent file-level semantic disposition
v2rayng,V2rayNG/app/src/main/java/com/v2ray/ang/extension/_Ext.kt,e66e8bc4cb36e2a91f577d1fc3991a44b9e8d1f52a778081b122d2f12cc6c5cf,6598,file,Kotlin,implementation,authoritative-source,PR225-R036;PR225-M041;PR225-F0507,focused-file-implementation,independent file-level semantic disposition
v2rayng,V2rayNG/app/src/main/java/com/v2ray/ang/fmt/CustomFmt.kt,fe9867a8f7dcd926280c531a00ce0ef95458371810d2b6416c7191c4cdee1e42,874,file,Kotlin,implementation,authoritative-source,PR225-R036;PR225-M042;PR225-F0508,focused-file-implementation,independent file-level semantic disposition
v2rayng,V2rayNG/app/src/main/java/com/v2ray/ang/fmt/FmtBase.kt,ba13522d717bee1a668d839f9c6ac937b7c706a27fbb27c6b7010282951371cb,7488,file,Kotlin,implementation,authoritative-source,PR225-R036;PR225-M042;PR225-F0509,focused-file-implementation,independent file-level semantic disposition
v2rayng,V2rayNG/app/src/main/java/com/v2ray/ang/fmt/Hysteria2Fmt.kt,38365d1a1b8fd883db0f1d6284a65708aec43c6d3831b3d696fe5226c89afdb0,4040,file,Kotlin,implementation,authoritative-source,PR225-R036;PR225-M042;PR225-F0510,focused-file-implementation,independent file-level semantic disposition
v2rayng,V2rayNG/app/src/main/java/com/v2ray/ang/fmt/ShadowsocksFmt.kt,23057dd29f8e1a44da51fbb61885f143a58225b692b02c531004e091b3c2737c,4331,file,Kotlin,implementation,authoritative-source,PR225-R036;PR225-M042;PR225-F0511,focused-file-implementation,independent file-level semantic disposition
v2rayng,V2rayNG/app/src/main/java/com/v2ray/ang/fmt/SocksFmt.kt,e9d1031a54d31893837674120d032e4fef5ffb75e7561d88ce976314c3492862,1801,file,Kotlin,implementation,authoritative-source,PR225-R036;PR225-M042;PR225-F0512,focused-file-implementation,independent file-level semantic disposition
v2rayng,V2rayNG/app/src/main/java/com/v2ray/ang/fmt/TrojanFmt.kt,d6428df6626eabdad5e4694183ceaeb489e5e0183f94d90ecaba9c37a09eea8c,1652,file,Kotlin,implementation,authoritative-source,PR225-R036;PR225-M042;PR225-F0513,focused-file-implementation,independent file-level semantic disposition
v2rayng,V2rayNG/app/src/main/java/com/v2ray/ang/fmt/VlessFmt.kt,963a188c5b557085b8c76025250ddd9f41b37f25b0e076e73dc90608a347b0cb,1503,file,Kotlin,implementation,authoritative-source,PR225-R036;PR225-M042;PR225-F0514,focused-file-implementation,independent file-level semantic disposition
v2rayng,V2rayNG/app/src/main/java/com/v2ray/ang/fmt/VmessFmt.kt,b2c0a0be4a74bfcfacfcf5a89b1038ae2b8b2a76495439ff619613326b9d1e03,6012,file,Kotlin,implementation,authoritative-source,PR225-R036;PR225-M042;PR225-F0515,focused-file-implementation,independent file-level semantic disposition
v2rayng,V2rayNG/app/src/main/java/com/v2ray/ang/fmt/WireguardFmt.kt,c3fe753457c8b1e6887ad1592f94a5dce3b44634ad928b2919b3e591d9e3c3b3,4775,file,Kotlin,implementation,authoritative-source,PR225-R036;PR225-M042;PR225-F0516,focused-file-implementation,independent file-level semantic disposition
v2rayng,V2rayNG/app/src/main/java/com/v2ray/ang/handler/AngConfigManager.kt,03c0fe4afe854248e1069f409c19483ab98c53786e63fa1d5da1f61756049eaa,24468,file,Kotlin,implementation,authoritative-source,PR225-R036;PR225-M043;PR225-F0517,focused-file-implementation,independent file-level semantic disposition
v2rayng,V2rayNG/app/src/main/java/com/v2ray/ang/handler/CertificateFingerprintManager.kt,ea4ed8e6ce367d3675df085caa66cc8b9dcb62954129bd71e9122acfb7596ec6,2806,file,Kotlin,implementation,authoritative-source,PR225-R036;PR225-M043;PR225-F0518,focused-file-implementation,independent file-level semantic disposition
v2rayng,V2rayNG/app/src/main/java/com/v2ray/ang/handler/MmkvManager.kt,1bd412e886f9afc11c8f99b8bf5a0f5eee723589f41920d9781cb2ed8f392160,21484,file,Kotlin,implementation,authoritative-source,PR225-R036;PR225-M043;PR225-F0519,focused-file-implementation,independent file-level semantic disposition
v2rayng,V2rayNG/app/src/main/java/com/v2ray/ang/handler/NotificationManager.kt,22ef9da4d0319e08fde6e030e71ab2880cfd528e7bcf7b55639131b3a1a54f0b,10729,file,Kotlin,implementation,authoritative-source,PR225-R036;PR225-M043;PR225-F0520,focused-file-implementation,independent file-level semantic disposition
v2rayng,V2rayNG/app/src/main/java/com/v2ray/ang/handler/SettingsChangeManager.kt,e8e953b632e4058ceb9d1bc07a5e680627231268866254c8cd8be76ab92944d4,862,file,Kotlin,implementation,authoritative-source,PR225-R036;PR225-M043;PR225-F0521,focused-file-implementation,independent file-level semantic disposition
v2rayng,V2rayNG/app/src/main/java/com/v2ray/ang/handler/SettingsManager.kt,149072e0b78c85c928a485f0f56823f1c1f6170fb78fe435a3eaa2559ea6f760,22411,file,Kotlin,implementation,authoritative-source,PR225-R036;PR225-M043;PR225-F0522,focused-file-implementation,independent file-level semantic disposition
v2rayng,V2rayNG/app/src/main/java/com/v2ray/ang/handler/SpeedtestManager.kt,c5c0fd5d7af2d4ec9dfa3e8b5846b4b72853b981a89b556af5b3bebec50c8327,2895,file,Kotlin,implementation,authoritative-source,PR225-R036;PR225-M043;PR225-F0523,focused-file-implementation,independent file-level semantic disposition
v2rayng,V2rayNG/app/src/main/java/com/v2ray/ang/handler/SubscriptionUpdater.kt,698205a3566a890c2f77cffc35f4455d2fecf284c1537d9028f810a8242e0701,7131,file,Kotlin,implementation,authoritative-source,PR225-R036;PR225-M043;PR225-F0524,focused-file-implementation,independent file-level semantic disposition
v2rayng,V2rayNG/app/src/main/java/com/v2ray/ang/handler/UpdateCheckerManager.kt,1982f65f01656c2fabf9312eeee52e4d401fa138c09dc4c8ca9ae6e30970a43e,3751,file,Kotlin,implementation,authoritative-source,PR225-R036;PR225-M043;PR225-F0525,focused-file-implementation,independent file-level semantic disposition
v2rayng,V2rayNG/app/src/main/java/com/v2ray/ang/handler/WebDavManager.kt,223b9f47b085f9486edc2801858e2d238a8bf5867bc251882318140faafce5d7,7810,file,Kotlin,implementation,authoritative-source,PR225-R036;PR225-M043;PR225-F0526,focused-file-implementation,independent file-level semantic disposition
v2rayng,V2rayNG/app/src/main/java/com/v2ray/ang/helper/CustomDividerItemDecoration.kt,4926ba6334bf18413fa3285209a23c52013101aefde48f0ad8ca7536927ee50e,2166,file,Kotlin,implementation,authoritative-source,PR225-R036;PR225-M044;PR225-F0527,focused-file-implementation,independent file-level semantic disposition
v2rayng,V2rayNG/app/src/main/java/com/v2ray/ang/helper/FileChooserHelper.kt,9e91e2638856ca4d43798968ca6f376d34607d57785d637c66af40255a81fba7,3301,file,Kotlin,implementation,authoritative-source,PR225-R036;PR225-M044;PR225-F0528,focused-file-implementation,independent file-level semantic disposition
v2rayng,V2rayNG/app/src/main/java/com/v2ray/ang/helper/ItemTouchHelperAdapter.kt,310cb5a8d8825352c998cec217cf0391f1820216de99280e0850c37d4457605d,2008,file,Kotlin,implementation,authoritative-source,PR225-R036;PR225-M044;PR225-F0529,focused-file-implementation,independent file-level semantic disposition
v2rayng,V2rayNG/app/src/main/java/com/v2ray/ang/helper/ItemTouchHelperViewHolder.kt,b215c8c336cb0fa7d970f1ca473e21b7bd719ee1572afd17b05718eaf38c56a4,1220,file,Kotlin,implementation,authoritative-source,PR225-R036;PR225-M044;PR225-F0530,focused-file-implementation,independent file-level semantic disposition
v2rayng,V2rayNG/app/src/main/java/com/v2ray/ang/helper/MmkvPreferenceDataStore.kt,b4bca737cc70528a929d525b1dd07876c7a76522294de2033fccba66129c09dd,3040,file,Kotlin,implementation,authoritative-source,PR225-R036;PR225-M044;PR225-F0531,focused-file-implementation,independent file-level semantic disposition
v2rayng,V2rayNG/app/src/main/java/com/v2ray/ang/helper/PermissionHelper.kt,9de489be7ed583a4a2763ccea5af4c95dec2a472046f9a3ef55778fd41b014f0,1746,file,Kotlin,implementation,authoritative-source,PR225-R036;PR225-M044;PR225-F0532,focused-file-implementation,independent file-level semantic disposition
v2rayng,V2rayNG/app/src/main/java/com/v2ray/ang/helper/QRCodeScannerHelper.kt,a9c7bc053b15a074cea52eab346268e2f4197c5e1c1b28cb6c805c71ddb3f669,1355,file,Kotlin,implementation,authoritative-source,PR225-R036;PR225-M044;PR225-F0533,focused-file-implementation,independent file-level semantic disposition
v2rayng,V2rayNG/app/src/main/java/com/v2ray/ang/helper/SimpleItemTouchHelperCallback.kt,0327e013ef0951cdda3dc558649f46fccf4048f56633285461de4783d83b967b,5833,file,Kotlin,implementation,authoritative-source,PR225-R036;PR225-M044;PR225-F0534,focused-file-implementation,independent file-level semantic disposition
v2rayng,V2rayNG/app/src/main/java/com/v2ray/ang/receiver/BootReceiver.kt,8828e7d854638a010cffce8a2ed93aac1930d22e3b6cea0f701f179f92b984d2,1589,file,Kotlin,implementation,authoritative-source,PR225-R036;PR225-M045;PR225-F0535,focused-file-implementation,independent file-level semantic disposition
v2rayng,V2rayNG/app/src/main/java/com/v2ray/ang/receiver/TaskerReceiver.kt,adc08bee32e77c99ce7a2698fa8c14c53c2ff6ca0e6954cf3f3ccca176c4ad39,1627,file,Kotlin,implementation,authoritative-source,PR225-R036;PR225-M045;PR225-F0536,focused-file-implementation,independent file-level semantic disposition
v2rayng,V2rayNG/app/src/main/java/com/v2ray/ang/receiver/WidgetProvider.kt,ce75f5560577f09da29fcb651dafcb02de563d661f1bd646a3ef365b55598296,4416,file,Kotlin,implementation,authoritative-source,PR225-R036;PR225-M045;PR225-F0537,focused-file-implementation,independent file-level semantic disposition
v2rayng,V2rayNG/app/src/main/java/com/v2ray/ang/service/CoreProxyOnlyService.kt,530d0c73cccf1f1babb80f0f166afc7f98747558adea0ece0693712cc01a9d99,2428,file,Kotlin,implementation,authoritative-source,PR225-R036;PR225-M050;PR225-F0538,focused-file-implementation,independent file-level semantic disposition
v2rayng,V2rayNG/app/src/main/java/com/v2ray/ang/service/CoreTestService.kt,402ac02330622432f55e9d88a363924c5f2add2488dbf4e31479371af22e1c52,5068,file,Kotlin,implementation,authoritative-source,PR225-R036;PR225-M050;PR225-F0539,focused-file-implementation,independent file-level semantic disposition
v2rayng,V2rayNG/app/src/main/java/com/v2ray/ang/service/CoreVpnService.kt,9c722f231e694886562c8d7fef1e943db8652b1853c3b515b9922ff6c7d58e32,14734,file,Kotlin,implementation,authoritative-source,PR225-R036;PR225-M050;PR225-F0540,focused-file-implementation,independent file-level semantic disposition
v2rayng,V2rayNG/app/src/main/java/com/v2ray/ang/service/DialerNativeService.kt,5056c804e80738e5075ff370f3735cb884eb27870ab814337a0cf4f9f42955c1,31590,file,Kotlin,implementation,authoritative-source,PR225-R036;PR225-M050;PR225-F0541,focused-file-implementation,independent file-level semantic disposition
v2rayng,V2rayNG/app/src/main/java/com/v2ray/ang/service/DialerWebviewService.kt,989b1266bb6d95de6b43a3b3ddd9dc11596c0b6dda433d07fde49c2ddc063d61,2155,file,Kotlin,implementation,authoritative-source,PR225-R036;PR225-M050;PR225-F0542,focused-file-implementation,independent file-level semantic disposition
v2rayng,V2rayNG/app/src/main/java/com/v2ray/ang/service/IDialerService.kt,1af379adc4e78c11f5e443da0a9343293fac331e7b856c0afbc207f908a294d9,158,file,Kotlin,implementation,authoritative-source,PR225-R036;PR225-M050;PR225-F0543,focused-file-implementation,independent file-level semantic disposition
v2rayng,V2rayNG/app/src/main/java/com/v2ray/ang/service/ProcessService.kt,07cbad98c188ef8decb57611168b20e9ff7cae751273fb8e9f722910e078a85e,1489,file,Kotlin,implementation,authoritative-source,PR225-R036;PR225-M050;PR225-F0544,focused-file-implementation,independent file-level semantic disposition
v2rayng,V2rayNG/app/src/main/java/com/v2ray/ang/service/QSTileService.kt,c7eb8860d1bb915cf0e7107260d7d567b186a2aaf59c29fbed7c52c3718a7c9a,3874,file,Kotlin,implementation,authoritative-source,PR225-R036;PR225-M050;PR225-F0545,focused-file-implementation,independent file-level semantic disposition
v2rayng,V2rayNG/app/src/main/java/com/v2ray/ang/service/RealPingWorkerService.kt,78b0e01e67815dc950c1333baa84edde17c8d32156ee4d98051abd5e7807ddd0,3623,file,Kotlin,implementation,authoritative-source,PR225-R036;PR225-M050;PR225-F0546,focused-file-implementation,independent file-level semantic disposition
v2rayng,V2rayNG/app/src/main/java/com/v2ray/ang/service/TProxyService.kt,55b7e34be4e9b98e9f2b99e4f6fd98b345cf2d3185ac015d1f9c883b62bca6ae,4154,file,Kotlin,implementation,authoritative-source,PR225-R036;PR225-M050;PR225-F0547,focused-file-implementation,independent file-level semantic disposition
v2rayng,V2rayNG/app/src/main/java/com/v2ray/ang/ui/AboutActivity.kt,70f8d0c47699bfb0ac637ddccec2490c0224c9582037abb63ae1be6023d2d165,1794,file,Kotlin,ui-or-product,authoritative-source,PR225-R036;PR225-M051;PR225-F0548,focused-file-ui-or-product,independent file-level semantic disposition
v2rayng,V2rayNG/app/src/main/java/com/v2ray/ang/ui/AppPickerActivity.kt,2d1decd8bb0d04104792b5a59d0693ed11f0601b6a305c476128fa970e566eeb,6694,file,Kotlin,ui-or-product,authoritative-source,PR225-R036;PR225-M051;PR225-F0549,focused-file-ui-or-product,independent file-level semantic disposition
v2rayng,V2rayNG/app/src/main/java/com/v2ray/ang/ui/AppSelectorAdapter.kt,5bf434e745c96a9f29a138e3ef19d0fd0d2dc7df65dd080fbec4ec3b441888fa,2107,file,Kotlin,ui-or-product,authoritative-source,PR225-R036;PR225-M051;PR225-F0550,focused-file-ui-or-product,independent file-level semantic disposition
v2rayng,V2rayNG/app/src/main/java/com/v2ray/ang/ui/BackupActivity.kt,a3a1509c0a1b9393a9249872451e8d23d63df740e35acd477530c1b478173335,11685,file,Kotlin,ui-or-product,authoritative-source,PR225-R036;PR225-M051;PR225-F0551,focused-file-ui-or-product,independent file-level semantic disposition
v2rayng,V2rayNG/app/src/main/java/com/v2ray/ang/ui/BaseActivity.kt,c300b68b5345a7237dbe5fa50a08b431a4c84c2c406d76226595d601d440704d,9362,file,Kotlin,ui-or-product,authoritative-source,PR225-R036;PR225-M051;PR225-F0552,focused-file-ui-or-product,independent file-level semantic disposition
v2rayng,V2rayNG/app/src/main/java/com/v2ray/ang/ui/BaseFragment.kt,7936c7adb4da6b08ac13285a8a0a241a79c999d58ab3ab17c7d7e7c857189293,1995,file,Kotlin,ui-or-product,authoritative-source,PR225-R036;PR225-M051;PR225-F0553,focused-file-ui-or-product,independent file-level semantic disposition
v2rayng,V2rayNG/app/src/main/java/com/v2ray/ang/ui/CheckUpdateActivity.kt,79e327694d996196ea4e064c721204767fa07fa38d7d789d9b5e6f2e27bb9851,2965,file,Kotlin,ui-or-product,authoritative-source,PR225-R036;PR225-M051;PR225-F0554,focused-file-ui-or-product,independent file-level semantic disposition
v2rayng,V2rayNG/app/src/main/java/com/v2ray/ang/ui/GroupPagerAdapter.kt,eac87ab46c6c793302245bc6a47a18228822ed94351f382488903c97769ac024,880,file,Kotlin,ui-or-product,authoritative-source,PR225-R036;PR225-M051;PR225-F0555,focused-file-ui-or-product,independent file-level semantic disposition
v2rayng,V2rayNG/app/src/main/java/com/v2ray/ang/ui/GroupServerFragment.kt,ff1f479f4f7fc79852f985ef90e5a4f838ad4cad82cdba86aadb47ab15b710da,12654,file,Kotlin,ui-or-product,authoritative-source,PR225-R036;PR225-M051;PR225-F0556,focused-file-ui-or-product,independent file-level semantic disposition
v2rayng,V2rayNG/app/src/main/java/com/v2ray/ang/ui/HelperBaseActivity.kt,3559c25e18142ce6de2c5019e96589f765cf367e7094aa984216c6f011cd1fd7,3285,file,Kotlin,ui-or-product,authoritative-source,PR225-R036;PR225-M051;PR225-F0557,focused-file-ui-or-product,independent file-level semantic disposition
v2rayng,V2rayNG/app/src/main/java/com/v2ray/ang/ui/LogcatActivity.kt,1fef69e0ba9cc97dbda5a204a167dfa284b893760962d902ed2bfd00cfdf4baf,5736,file,Kotlin,ui-or-product,authoritative-source,PR225-R036;PR225-M051;PR225-F0558,focused-file-ui-or-product,independent file-level semantic disposition
v2rayng,V2rayNG/app/src/main/java/com/v2ray/ang/ui/LogcatRecyclerAdapter.kt,a57a59903f2f5088f9b65ec5fcaf34be50d8664c16fb17b04e4d014fdb007f37,1894,file,Kotlin,ui-or-product,authoritative-source,PR225-R036;PR225-M051;PR225-F0559,focused-file-ui-or-product,independent file-level semantic disposition
v2rayng,V2rayNG/app/src/main/java/com/v2ray/ang/ui/MainActivity.kt,1d1b0d5a37fd08545586dd1f835116c85aa46d47ea1cf95237008bf7bb95fd4c,23433,file,Kotlin,ui-or-product,authoritative-source,PR225-R036;PR225-M051;PR225-F0560,focused-file-ui-or-product,independent file-level semantic disposition
v2rayng,V2rayNG/app/src/main/java/com/v2ray/ang/ui/MainRecyclerAdapter.kt,5fb37e268aebee9dedf22d64702faad0159ab85607ade9386ce83764ed64a995,8872,file,Kotlin,ui-or-product,authoritative-source,PR225-R036;PR225-M051;PR225-F0561,focused-file-ui-or-product,independent file-level semantic disposition
v2rayng,V2rayNG/app/src/main/java/com/v2ray/ang/ui/PerAppProxyActivity.kt,b6149aba8110bfcd82153874e280fe6a8f3b755f39646a35e5a527165f9a3305,11098,file,Kotlin,ui-or-product,authoritative-source,PR225-R036;PR225-M051;PR225-F0562,focused-file-ui-or-product,independent file-level semantic disposition
v2rayng,V2rayNG/app/src/main/java/com/v2ray/ang/ui/PerAppProxyAdapter.kt,c7d4af6b6d4e26a987a8b825f194e38c7da5ea1b53332be932e744244ace31e6,2609,file,Kotlin,ui-or-product,authoritative-source,PR225-R036;PR225-M051;PR225-F0563,focused-file-ui-or-product,independent file-level semantic disposition
v2rayng,V2rayNG/app/src/main/java/com/v2ray/ang/ui/RoutingEditActivity.kt,65c5710e72961001d09b289947e20ab573945f9d4ffa5553e3e6a1ddfef784fa,7476,file,Kotlin,ui-or-product,authoritative-source,PR225-R036;PR225-M051;PR225-F0564,focused-file-ui-or-product,independent file-level semantic disposition
v2rayng,V2rayNG/app/src/main/java/com/v2ray/ang/ui/RoutingSettingActivity.kt,1790d9efca3df725a9ed942e02640f5ec05d3674077dfe47bd15a4f7834d52ac,8518,file,Kotlin,ui-or-product,authoritative-source,PR225-R036;PR225-M051;PR225-F0565,focused-file-ui-or-product,independent file-level semantic disposition
v2rayng,V2rayNG/app/src/main/java/com/v2ray/ang/ui/RoutingSettingRecyclerAdapter.kt,bcc40f1433c2a86175fa225182b6a05f4965dd496dab63cd23bfc6ab3db3504b,2987,file,Kotlin,ui-or-product,authoritative-source,PR225-R036;PR225-M051;PR225-F0566,focused-file-ui-or-product,independent file-level semantic disposition
v2rayng,V2rayNG/app/src/main/java/com/v2ray/ang/ui/ScScannerActivity.kt,18eb4f5eec3028b42af6725a20180516bc2001025841e7338bfbde7fcfd1bd9d,1000,file,Kotlin,ui-or-product,authoritative-source,PR225-R036;PR225-M051;PR225-F0567,focused-file-ui-or-product,independent file-level semantic disposition
v2rayng,V2rayNG/app/src/main/java/com/v2ray/ang/ui/ScStartActivity.kt,e78ca2573db685fbfc1f18e557c7e5c338ba86f1dd8589cffac0a1509cc10b80,483,file,Kotlin,ui-or-product,authoritative-source,PR225-R036;PR225-M051;PR225-F0568,focused-file-ui-or-product,independent file-level semantic disposition
v2rayng,V2rayNG/app/src/main/java/com/v2ray/ang/ui/ScStopActivity.kt,74a2bbd7d3042d4061a9623d3df090f11c52f80788225090b5ec7917193d427d,469,file,Kotlin,ui-or-product,authoritative-source,PR225-R036;PR225-M051;PR225-F0569,focused-file-ui-or-product,independent file-level semantic disposition
v2rayng,V2rayNG/app/src/main/java/com/v2ray/ang/ui/ScSwitchActivity.kt,8bc9e252895767984089667a15f23a1cfeca7a429ffd98d8d9dfaf848ce28618,549,file,Kotlin,ui-or-product,authoritative-source,PR225-R036;PR225-M051;PR225-F0570,focused-file-ui-or-product,independent file-level semantic disposition
v2rayng,V2rayNG/app/src/main/java/com/v2ray/ang/ui/ScannerActivity.kt,d6f61cf5692e7b4e9179e2ffb2f3d9c81b6b692cf128bed8bc8fe74be181cfc4,3340,file,Kotlin,ui-or-product,authoritative-source,PR225-R036;PR225-M051;PR225-F0571,focused-file-ui-or-product,independent file-level semantic disposition
v2rayng,V2rayNG/app/src/main/java/com/v2ray/ang/ui/ServerActivity.kt,c19f353e06ff10027d2c50770d8c5166eefb9ee9309d1caf50ad8e1902a0d41f,35113,file,Kotlin,ui-or-product,authoritative-source,PR225-R036;PR225-M051;PR225-F0572,focused-file-ui-or-product,independent file-level semantic disposition
v2rayng,V2rayNG/app/src/main/java/com/v2ray/ang/ui/ServerCustomConfigActivity.kt,a921b9b8ee502341f375d9b70f590402a8ef04bfc6dd0febb552fd10bc815760,4826,file,Kotlin,ui-or-product,authoritative-source,PR225-R036;PR225-M051;PR225-F0573,focused-file-ui-or-product,independent file-level semantic disposition
v2rayng,V2rayNG/app/src/main/java/com/v2ray/ang/ui/ServerGroupActivity.kt,9cad6c1488d386046865b494e4506325ad24b3ed26394e92b091c6a291d09bed,5848,file,Kotlin,ui-or-product,authoritative-source,PR225-R036;PR225-M051;PR225-F0574,focused-file-ui-or-product,independent file-level semantic disposition
v2rayng,V2rayNG/app/src/main/java/com/v2ray/ang/ui/ServerProxyChainActivity.kt,67e69704d91d9fa7b3518d189ec47df8f02c088903f6fba8b9b3dc21a54d5527,7441,file,Kotlin,ui-or-product,authoritative-source,PR225-R036;PR225-M051;PR225-F0575,focused-file-ui-or-product,independent file-level semantic disposition
v2rayng,V2rayNG/app/src/main/java/com/v2ray/ang/ui/ServerProxyChainMemberAdapter.kt,66e3aafdbb82adb46cb3f44958225511daf37d26a16622b58d35ff4f85f8a946,5008,file,Kotlin,ui-or-product,authoritative-source,PR225-R036;PR225-M051;PR225-F0576,focused-file-ui-or-product,independent file-level semantic disposition
v2rayng,V2rayNG/app/src/main/java/com/v2ray/ang/ui/SettingsActivity.kt,de45c074bf41a668aa4cd17e0cf69268b11b29dc564ecc9a0d34989d92324dfc,13331,file,Kotlin,ui-or-product,authoritative-source,PR225-R036;PR225-M051;PR225-F0577,focused-file-ui-or-product,independent file-level semantic disposition
v2rayng,V2rayNG/app/src/main/java/com/v2ray/ang/ui/SubEditActivity.kt,10e36dc365d2fbd715c46bfaa84f4587145a557c9647ad36bdc4101a52d9b3c3,8208,file,Kotlin,ui-or-product,authoritative-source,PR225-R036;PR225-M051;PR225-F0578,focused-file-ui-or-product,independent file-level semantic disposition
v2rayng,V2rayNG/app/src/main/java/com/v2ray/ang/ui/SubSettingActivity.kt,110d948b63fb077c0e6bd1f79c6d42c9f64138d3c2c0f69aa39d28d5c648658e,6363,file,Kotlin,ui-or-product,authoritative-source,PR225-R036;PR225-M051;PR225-F0579,focused-file-ui-or-product,independent file-level semantic disposition
v2rayng,V2rayNG/app/src/main/java/com/v2ray/ang/ui/SubSettingRecyclerAdapter.kt,474158fc3a6956390b3268e5d77d838238db84e00e6c7b5785efc60033980204,3885,file,Kotlin,ui-or-product,authoritative-source,PR225-R036;PR225-M051;PR225-F0580,focused-file-ui-or-product,independent file-level semantic disposition
v2rayng,V2rayNG/app/src/main/java/com/v2ray/ang/ui/TaskerActivity.kt,7835d14826bf417c252a9a145be68ec2dbae0f9588da658663da76e8d171f9f6,3651,file,Kotlin,ui-or-product,authoritative-source,PR225-R036;PR225-M051;PR225-F0581,focused-file-ui-or-product,independent file-level semantic disposition
v2rayng,V2rayNG/app/src/main/java/com/v2ray/ang/ui/UrlSchemeActivity.kt,50c85b0a8ad56b549d96cd72e2025838303c2972701eeb624cc6f3a43356f585,3130,file,Kotlin,ui-or-product,authoritative-source,PR225-R036;PR225-M051;PR225-F0582,focused-file-ui-or-product,independent file-level semantic disposition
v2rayng,V2rayNG/app/src/main/java/com/v2ray/ang/ui/UserAssetActivity.kt,bc81d3bd72f6818e5899743963f02954157e51a158772158aaafb08625501253,8691,file,Kotlin,ui-or-product,authoritative-source,PR225-R036;PR225-M051;PR225-F0583,focused-file-ui-or-product,independent file-level semantic disposition
v2rayng,V2rayNG/app/src/main/java/com/v2ray/ang/ui/UserAssetAdapter.kt,f0de4b7b87ea121a87660276e24fbfa318d67b7810215a0f4c57e7c4fd61e0ef,2672,file,Kotlin,ui-or-product,authoritative-source,PR225-R036;PR225-M051;PR225-F0584,focused-file-ui-or-product,independent file-level semantic disposition
v2rayng,V2rayNG/app/src/main/java/com/v2ray/ang/ui/UserAssetUrlActivity.kt,b53942c895e4be05222e426e7c6b21410209006b294b26573a86343e3de35d6f,4970,file,Kotlin,ui-or-product,authoritative-source,PR225-R036;PR225-M051;PR225-F0585,focused-file-ui-or-product,independent file-level semantic disposition
v2rayng,V2rayNG/app/src/main/java/com/v2ray/ang/util/AppManagerUtil.kt,885ce8b0470865c8dacb0708730c73eafaf50f3b583f566b9d2ef16c2d70d0c8,1467,file,Kotlin,implementation,authoritative-source,PR225-R036;PR225-M052;PR225-F0586,focused-file-implementation,independent file-level semantic disposition
v2rayng,V2rayNG/app/src/main/java/com/v2ray/ang/util/HttpUtil.kt,2bdbe2aa8aa36289f452f05ec05c936eec2981ae1fd0f50ebc58c60ccb377b0e,11636,file,Kotlin,implementation,authoritative-source,PR225-R036;PR225-M052;PR225-F0587,focused-file-implementation,independent file-level semantic disposition
v2rayng,V2rayNG/app/src/main/java/com/v2ray/ang/util/JsonUtil.kt,48c8f7ac4b486f369e76ccd0426db53370ab5000eaded04c2bc734c3e67ef24b,2985,file,Kotlin,implementation,authoritative-source,PR225-R036;PR225-M052;PR225-F0588,focused-file-implementation,independent file-level semantic disposition
v2rayng,V2rayNG/app/src/main/java/com/v2ray/ang/util/LogUtil.kt,efb529f496906ca083828d696654fec1114851a9b7523473dcd2ef651b6981e8,2906,file,Kotlin,implementation,authoritative-source,PR225-R036;PR225-M052;PR225-F0589,focused-file-implementation,independent file-level semantic disposition
v2rayng,V2rayNG/app/src/main/java/com/v2ray/ang/util/MessageUtil.kt,6b807375c39af7f137c64ebfd415537a58ad106be241adf36233ff82c8c83ae0,2992,file,Kotlin,implementation,authoritative-source,PR225-R036;PR225-M052;PR225-F0590,focused-file-implementation,independent file-level semantic disposition
v2rayng,V2rayNG/app/src/main/java/com/v2ray/ang/util/MyContextWrapper.kt,174a5c73e28f3ce1dfdf0291aef97166a569a6fc97c1858014fdb89c5d1d3db0,1167,file,Kotlin,implementation,authoritative-source,PR225-R036;PR225-M052;PR225-F0591,focused-file-implementation,independent file-level semantic disposition
v2rayng,V2rayNG/app/src/main/java/com/v2ray/ang/util/NotificationHelper.kt,b6ec694419fc71ad9b82b064a4f34884dc62d710aa2d02f6859ddf57f89957dd,5731,file,Kotlin,implementation,authoritative-source,PR225-R036;PR225-M052;PR225-F0592,focused-file-implementation,independent file-level semantic disposition
v2rayng,V2rayNG/app/src/main/java/com/v2ray/ang/util/PackageUidResolver.kt,e1624ccc870d1b992b1c3389a63573c2db1a2dc62deef37ad02a4e54eabd89e8,1771,file,Kotlin,implementation,authoritative-source,PR225-R036;PR225-M052;PR225-F0593,focused-file-implementation,independent file-level semantic disposition
v2rayng,V2rayNG/app/src/main/java/com/v2ray/ang/util/QRCodeDecoder.kt,bbc59e53ffe3c7f6a39fb3a96a283b03e80968e26a48e7369170e0faec470ba0,4129,file,Kotlin,implementation,authoritative-source,PR225-R036;PR225-M052;PR225-F0594,focused-file-implementation,independent file-level semantic disposition
v2rayng,V2rayNG/app/src/main/java/com/v2ray/ang/util/Utils.kt,65b5db7cf79dc0db1d57b35eda5eac44384b101606a240204f72c346d7072df1,19873,file,Kotlin,implementation,authoritative-source,PR225-R036;PR225-M052;PR225-F0595,focused-file-implementation,independent file-level semantic disposition
v2rayng,V2rayNG/app/src/main/java/com/v2ray/ang/util/ZipUtil.kt,3962431f74bc0c6ca3c76ab37bf0f21d1bae68f34f3705d25dbf2e69169c81eb,3993,file,Kotlin,implementation,authoritative-source,PR225-R036;PR225-M052;PR225-F0596,focused-file-implementation,independent file-level semantic disposition
v2rayng,V2rayNG/app/src/main/java/com/v2ray/ang/viewmodel/LogcatViewModel.kt,c4b02cf0e675846c7fa10ec149031b9feaf7d472a02f3b5585d847749d7baae0,1883,file,Kotlin,implementation,authoritative-source,PR225-R036;PR225-M053;PR225-F0597,focused-file-implementation,independent file-level semantic disposition
v2rayng,V2rayNG/app/src/main/java/com/v2ray/ang/viewmodel/MainViewModel.kt,93fb03bd43d8e652212d2c1b623e6e1544624b3ddcc64882b08eb65326a13c2a,16246,file,Kotlin,implementation,authoritative-source,PR225-R036;PR225-M053;PR225-F0598,focused-file-implementation,independent file-level semantic disposition
v2rayng,V2rayNG/app/src/main/java/com/v2ray/ang/viewmodel/PerAppProxyViewModel.kt,d56b30b4baf1a7fe5b90d05bae2c991d5fbfbc14b7fef23229486d1b84eaa4c8,1619,file,Kotlin,implementation,authoritative-source,PR225-R036;PR225-M053;PR225-F0599,focused-file-implementation,independent file-level semantic disposition
v2rayng,V2rayNG/app/src/main/java/com/v2ray/ang/viewmodel/RoutingSettingsViewModel.kt,d012b009ce7823bd94614a01a162423ed714b8b7671bcabaecb848fdc601cb3a,945,file,Kotlin,implementation,authoritative-source,PR225-R036;PR225-M053;PR225-F0600,focused-file-implementation,independent file-level semantic disposition
v2rayng,V2rayNG/app/src/main/java/com/v2ray/ang/viewmodel/SubscriptionsViewModel.kt,af662f690275964bd5dfe90a77eec11c7b4a8110977256bfdfe6d408137f4509,1635,file,Kotlin,implementation,authoritative-source,PR225-R036;PR225-M053;PR225-F0601,focused-file-implementation,independent file-level semantic disposition
v2rayng,V2rayNG/app/src/main/java/com/v2ray/ang/viewmodel/UserAssetViewModel.kt,8759efb5878bed902cc146906cb1485642dfdf9a4f048d66c044414722e093a8,4028,file,Kotlin,implementation,authoritative-source,PR225-R036;PR225-M053;PR225-F0602,focused-file-implementation,independent file-level semantic disposition
v2rayng,V2rayNG/app/src/main/res/color/color_highlight_material.xml,ba6d1f239773a56639eb8725825e38fb39acba9bf963b523b3b42a85e7efb818,364,file,XML,repository-administration,supporting-evidence,PR225-R036,accounted-supporting-repository-administration,supporting/admin/fixture/documentation surface explicitly accounted by donor record
v2rayng,V2rayNG/app/src/main/res/drawable-hdpi/ic_stat_direct.png,8ce7312649b3c852ef28697b8350e9e5b8d4773ee4cf6351d52b6b5a1e6621f1,964,file,other,fixture,supporting-evidence,PR225-R036,accounted-supporting-fixture,supporting/admin/fixture/documentation surface explicitly accounted by donor record
v2rayng,V2rayNG/app/src/main/res/drawable-hdpi/ic_stat_name.png,fd5e1f8fcba4c6b27554bd77f6fe6118e797da1e302f58f84bba78649f6c0e76,389,file,other,fixture,supporting-evidence,PR225-R036,accounted-supporting-fixture,supporting/admin/fixture/documentation surface explicitly accounted by donor record
v2rayng,V2rayNG/app/src/main/res/drawable-hdpi/ic_stat_proxy.png,fc195ac1f5b793e4d9833d96a384b5ad24115e56ab66a819221e2e503e810900,1216,file,other,fixture,supporting-evidence,PR225-R036,accounted-supporting-fixture,supporting/admin/fixture/documentation surface explicitly accounted by donor record
v2rayng,V2rayNG/app/src/main/res/drawable-mdpi/ic_stat_direct.png,a623732351d7bf529a0dda6df570977a224a9d56cf048f02fa0755d2f1abd975,739,file,other,fixture,supporting-evidence,PR225-R036,accounted-supporting-fixture,supporting/admin/fixture/documentation surface explicitly accounted by donor record
v2rayng,V2rayNG/app/src/main/res/drawable-mdpi/ic_stat_name.png,e71f2a17efed495b7c033017fc6da7e4958713c79632d2c90cbb038dc8718dc4,279,file,other,fixture,supporting-evidence,PR225-R036,accounted-supporting-fixture,supporting/admin/fixture/documentation surface explicitly accounted by donor record
v2rayng,V2rayNG/app/src/main/res/drawable-mdpi/ic_stat_name_black.png,9da37a725e7ef283ad0f69a02ef0a053d942178e03c4b8a53738d1b0cbf408cd,386,file,other,fixture,supporting-evidence,PR225-R036,accounted-supporting-fixture,supporting/admin/fixture/documentation surface explicitly accounted by donor record
v2rayng,V2rayNG/app/src/main/res/drawable-mdpi/ic_stat_proxy.png,9b53b3a2a4f46e6cf0f83e76122b2ee04adbf5b8eae69c0705f445494ec27309,882,file,other,fixture,supporting-evidence,PR225-R036,accounted-supporting-fixture,supporting/admin/fixture/documentation surface explicitly accounted by donor record
v2rayng,V2rayNG/app/src/main/res/drawable-night/ic_about_24dp.xml,f4af284e33b05938f118b5ab06e7346df28db481f19cf797264c59edc10ae027,938,file,XML,repository-administration,supporting-evidence,PR225-R036,accounted-supporting-repository-administration,supporting/admin/fixture/documentation surface explicitly accounted by donor record
v2rayng,V2rayNG/app/src/main/res/drawable-night/ic_action_done.xml,e4e9d0d8ef4c4e2cf0d701e7597611bfe79323209c359b8241f46916ca7dffdb,326,file,XML,repository-administration,supporting-evidence,PR225-R036,accounted-supporting-repository-administration,supporting/admin/fixture/documentation surface explicitly accounted by donor record
v2rayng,V2rayNG/app/src/main/res/drawable-night/ic_add_24dp.xml,703f61f9b49898edad21cbb5f0a59ae904a9ffe2f74d62c660b03c5c2474938e,310,file,XML,repository-administration,supporting-evidence,PR225-R036,accounted-supporting-repository-administration,supporting/admin/fixture/documentation surface explicitly accounted by donor record
v2rayng,V2rayNG/app/src/main/res/drawable-night/ic_backup_24dp.xml,d58d309b3e3ff0de23f162f17cc5124b236f6437cfbffcc4b9b1c6b580714033,785,file,XML,repository-administration,supporting-evidence,PR225-R036,accounted-supporting-repository-administration,supporting/admin/fixture/documentation surface explicitly accounted by donor record
v2rayng,V2rayNG/app/src/main/res/drawable-night/ic_check_update_24dp.xml,7105d444e75c4a0be495aab3e3e4393ab4bcf25e41fea4224e5f8e50c5073960,582,file,XML,repository-administration,supporting-evidence,PR225-R036,accounted-supporting-repository-administration,supporting/admin/fixture/documentation surface explicitly accounted by donor record
v2rayng,V2rayNG/app/src/main/res/drawable-night/ic_cloud_download_24dp.xml,9e827eda6457cf0c7815a51d243fac7c89854f11df924995136d7dff314500a0,458,file,XML,repository-administration,supporting-evidence,PR225-R036,accounted-supporting-repository-administration,supporting/admin/fixture/documentation surface explicitly accounted by donor record
v2rayng,V2rayNG/app/src/main/res/drawable-night/ic_copy.xml,dd31c3e98d17580ee0cceab4aae12b80a0ed66ab130bffe77a83cdd6e80cce6a,438,file,XML,repository-administration,supporting-evidence,PR225-R036,accounted-supporting-repository-administration,supporting/admin/fixture/documentation surface explicitly accounted by donor record
v2rayng,V2rayNG/app/src/main/res/drawable-night/ic_delete_24dp.xml,ecdc5a58b144fb55178d1d7fe7508179fd9ec8c78689d0d3b5570223a38693a9,501,file,XML,repository-administration,supporting-evidence,PR225-R036,accounted-supporting-repository-administration,supporting/admin/fixture/documentation surface explicitly accounted by donor record
v2rayng,V2rayNG/app/src/main/res/drawable-night/ic_description_24dp.xml,ea074e1b72a8cc1deeaf65077e9c6268cd63fafdad6f2a94c2c2414371500d50,433,file,XML,repository-administration,supporting-evidence,PR225-R036,accounted-supporting-repository-administration,supporting/admin/fixture/documentation surface explicitly accounted by donor record
v2rayng,V2rayNG/app/src/main/res/drawable-night/ic_edit_24dp.xml,31eba144926d9eb2b2323c56286d10762f09881179b565477f9910e1e2453706,441,file,XML,repository-administration,supporting-evidence,PR225-R036,accounted-supporting-repository-administration,supporting/admin/fixture/documentation surface explicitly accounted by donor record
v2rayng,V2rayNG/app/src/main/res/drawable-night/ic_fab_check.xml,d0c8690205d987434b8659b31e21a4506ff7deb80d81914cfadd12a458bf4831,320,file,XML,repository-administration,supporting-evidence,PR225-R036,accounted-supporting-repository-administration,supporting/admin/fixture/documentation surface explicitly accounted by donor record
v2rayng,V2rayNG/app/src/main/res/drawable-night/ic_feedback_24dp.xml,76ebb5a88898003ea48f1e0564c6b0c3058933f02570f4bfbf34de60aa4530c6,859,file,XML,repository-administration,supporting-evidence,PR225-R036,accounted-supporting-repository-administration,supporting/admin/fixture/documentation surface explicitly accounted by donor record
v2rayng,V2rayNG/app/src/main/res/drawable-night/ic_file_24dp.xml,439c2145b1e5a1c0b6cf6b1d4fdaab2b0e0c39dc5b6a26dfc1f232873cd63659,812,file,XML,repository-administration,supporting-evidence,PR225-R036,accounted-supporting-repository-administration,supporting/admin/fixture/documentation surface explicitly accounted by donor record
v2rayng,V2rayNG/app/src/main/res/drawable-night/ic_image_24dp.xml,620bc7dc1c0e2d3e57a94160d2e1053b2afd1b1a45155f8d48ae962e79c0c8a2,1153,file,XML,repository-administration,supporting-evidence,PR225-R036,accounted-supporting-repository-administration,supporting/admin/fixture/documentation surface explicitly accounted by donor record
v2rayng,V2rayNG/app/src/main/res/drawable-night/ic_lock_24dp.xml,46c9c0d1cc3b31828e98e86299f7528a8395f2ae4e5b79f258105e2442688d22,770,file,XML,repository-administration,supporting-evidence,PR225-R036,accounted-supporting-repository-administration,supporting/admin/fixture/documentation surface explicitly accounted by donor record
v2rayng,V2rayNG/app/src/main/res/drawable-night/ic_logcat_24dp.xml,a5b040fcf9208f0183c461c6c57d92143eae23d47f1d33199a85a4de633843cb,674,file,XML,repository-administration,supporting-evidence,PR225-R036,accounted-supporting-repository-administration,supporting/admin/fixture/documentation surface explicitly accounted by donor record
v2rayng,V2rayNG/app/src/main/res/drawable-night/ic_more_vert_24dp.xml,48c5bd102e412e0c194cda9b6dafbfa24d2cb1be58231b149ccefddf3ba5a791,457,file,XML,repository-administration,supporting-evidence,PR225-R036,accounted-supporting-repository-administration,supporting/admin/fixture/documentation surface explicitly accounted by donor record
v2rayng,V2rayNG/app/src/main/res/drawable-night/ic_outline_filter_alt_24.xml,5139c9695137d71c6ae4c96eb3acaf9aefe460ef9d35b30ceafc8e4bfe9f6238,492,file,XML,repository-administration,supporting-evidence,PR225-R036,accounted-supporting-repository-administration,supporting/admin/fixture/documentation surface explicitly accounted by donor record
v2rayng,V2rayNG/app/src/main/res/drawable-night/ic_per_apps_24dp.xml,6b212dcf4c64941921b577a752e1f9913cda52e0d3872d8c70b1c0d29566ba50,430,file,XML,repository-administration,supporting-evidence,PR225-R036,accounted-supporting-repository-administration,supporting/admin/fixture/documentation surface explicitly accounted by donor record
v2rayng,V2rayNG/app/src/main/res/drawable-night/ic_play_24dp.xml,8c18a2dd668ce6f9b9aa68d865a66f075ff9b7f537693c3eca21e771abd0a215,532,file,XML,repository-administration,supporting-evidence,PR225-R036,accounted-supporting-repository-administration,supporting/admin/fixture/documentation surface explicitly accounted by donor record
v2rayng,V2rayNG/app/src/main/res/drawable-night/ic_privacy_24dp.xml,fda6ed656be4b2ba76d60664bee09a2af05477fda0522dc567aedb478644ce71,1253,file,XML,repository-administration,supporting-evidence,PR225-R036,accounted-supporting-repository-administration,supporting/admin/fixture/documentation surface explicitly accounted by donor record
v2rayng,V2rayNG/app/src/main/res/drawable-night/ic_promotion_24dp.xml,c0860aef5a467e437eabd4069af1963898053d0ab4306703967432a15b25ab5b,1840,file,XML,repository-administration,supporting-evidence,PR225-R036,accounted-supporting-repository-administration,supporting/admin/fixture/documentation surface explicitly accounted by donor record
v2rayng,V2rayNG/app/src/main/res/drawable-night/ic_restore_24dp.xml,19095a90a4782e50eda571093b607cd6d3bad8a4a162476d355395f98b6e213a,681,file,XML,repository-administration,supporting-evidence,PR225-R036,accounted-supporting-repository-administration,supporting/admin/fixture/documentation surface explicitly accounted by donor record
v2rayng,V2rayNG/app/src/main/res/drawable-night/ic_routing_24dp.xml,d39ee43cdcdfc5a9def5019866a561828748526e8a23cd2a8763710e67aa48c7,707,file,XML,repository-administration,supporting-evidence,PR225-R036,accounted-supporting-repository-administration,supporting/admin/fixture/documentation surface explicitly accounted by donor record
v2rayng,V2rayNG/app/src/main/res/drawable-night/ic_save_24dp.xml,309ebe9d490ebceb4c23fae67408b6ec9c6e7d13cd19c3e9be955bd7ac7c6fc6,443,file,XML,repository-administration,supporting-evidence,PR225-R036,accounted-supporting-repository-administration,supporting/admin/fixture/documentation surface explicitly accounted by donor record
v2rayng,V2rayNG/app/src/main/res/drawable-night/ic_scan_24dp.xml,7d948ed3f242ef89c7695b43b1da23d756d020402fe8e17d6f0a5386f0947673,915,file,XML,repository-administration,supporting-evidence,PR225-R036,accounted-supporting-repository-administration,supporting/admin/fixture/documentation surface explicitly accounted by donor record
v2rayng,V2rayNG/app/src/main/res/drawable-night/ic_select_all_24dp.xml,e23e802c40ee3577ca09f181e1e8a6f11612e8d1c278c7567034b82765ca9a29,698,file,XML,repository-administration,supporting-evidence,PR225-R036,accounted-supporting-repository-administration,supporting/admin/fixture/documentation surface explicitly accounted by donor record
v2rayng,V2rayNG/app/src/main/res/drawable-night/ic_settings_24dp.xml,21357b956e90406fadbdde904707cf3baa8c73ab53c8dae5bb1525fe5a02ce3e,2417,file,XML,repository-administration,supporting-evidence,PR225-R036,accounted-supporting-repository-administration,supporting/admin/fixture/documentation surface explicitly accounted by donor record
v2rayng,V2rayNG/app/src/main/res/drawable-night/ic_share_24dp.xml,2a9882c5b864b1e1945046f3e6c84ae695609ea1dc7979cda26ecd0a19beb18f,706,file,XML,repository-administration,supporting-evidence,PR225-R036,accounted-supporting-repository-administration,supporting/admin/fixture/documentation surface explicitly accounted by donor record
v2rayng,V2rayNG/app/src/main/res/drawable-night/ic_source_code_24dp.xml,ab3bdc9e8780e2c1b20bcd3457edf5d28deb1b9c2315c5a76b5cb460a40b94dc,500,file,XML,repository-administration,supporting-evidence,PR225-R036,accounted-supporting-repository-administration,supporting/admin/fixture/documentation surface explicitly accounted by donor record
v2rayng,V2rayNG/app/src/main/res/drawable-night/ic_stop_24dp.xml,9a92718024a3d445ff77db840d0b3a05999b86945199ab38b5e217207650a469,401,file,XML,repository-administration,supporting-evidence,PR225-R036,accounted-supporting-repository-administration,supporting/admin/fixture/documentation surface explicitly accounted by donor record
v2rayng,V2rayNG/app/src/main/res/drawable-night/ic_subscriptions_24dp.xml,01dc54ab8d18e43ff6f2af28ee067c3de6aa6e69abb7be6d659ae8d33da212ea,567,file,XML,repository-administration,supporting-evidence,PR225-R036,accounted-supporting-repository-administration,supporting/admin/fixture/documentation surface explicitly accounted by donor record
v2rayng,V2rayNG/app/src/main/res/drawable-night/ic_telegram_24dp.xml,f83479167a50bed7f2e458bedef422f591e4ca2c8809fbcbd2d45300755edd88,1075,file,XML,repository-administration,supporting-evidence,PR225-R036,accounted-supporting-repository-administration,supporting/admin/fixture/documentation surface explicitly accounted by donor record
v2rayng,V2rayNG/app/src/main/res/drawable-night/nav_header_bg.png,a47d2557ee88786bac33a8f81623f4a91cddd17b68ce9620a15006b09093bc59,11934,file,other,fixture,supporting-evidence,PR225-R036,accounted-supporting-fixture,supporting/admin/fixture/documentation surface explicitly accounted by donor record
v2rayng,V2rayNG/app/src/main/res/drawable-xhdpi/ic_stat_direct.png,65dba23739fa687e4cc43170791e9c3ea7e4ea8bdefdbfcf441b5be8e69258b2,1144,file,other,fixture,supporting-evidence,PR225-R036,accounted-supporting-fixture,supporting/admin/fixture/documentation surface explicitly accounted by donor record
v2rayng,V2rayNG/app/src/main/res/drawable-xhdpi/ic_stat_name.png,be4b438bfe1901b995c6d2f8b298e75058a18ebdd59f6bd5c679cb20a99e3a7f,494,file,other,fixture,supporting-evidence,PR225-R036,accounted-supporting-fixture,supporting/admin/fixture/documentation surface explicitly accounted by donor record
v2rayng,V2rayNG/app/src/main/res/drawable-xhdpi/ic_stat_name_black.png,f9b7cb5f6c536ff564c563f0926939ef994e73bfd92c06fe4b592e246763b836,679,file,other,fixture,supporting-evidence,PR225-R036,accounted-supporting-fixture,supporting/admin/fixture/documentation surface explicitly accounted by donor record
v2rayng,V2rayNG/app/src/main/res/drawable-xhdpi/ic_stat_proxy.png,5d97b305891a45cc8e4599eaa3dba26a55e5163884439c90a8e8b9405c87941d,1535,file,other,fixture,supporting-evidence,PR225-R036,accounted-supporting-fixture,supporting/admin/fixture/documentation surface explicitly accounted by donor record
v2rayng,V2rayNG/app/src/main/res/drawable-xxhdpi/ic_stat_direct.png,8d4861acdc9ba13231e422f44b048214b176ee363c4ed9d918f67e7c8ce91eff,1507,file,other,fixture,supporting-evidence,PR225-R036,accounted-supporting-fixture,supporting/admin/fixture/documentation surface explicitly accounted by donor record
v2rayng,V2rayNG/app/src/main/res/drawable-xxhdpi/ic_stat_name.png,a3c3479d6a35ec309cfc14b5657e461fcf7ef8f508092df7a21a3369fb001c38,698,file,other,fixture,supporting-evidence,PR225-R036,accounted-supporting-fixture,supporting/admin/fixture/documentation surface explicitly accounted by donor record
v2rayng,V2rayNG/app/src/main/res/drawable-xxhdpi/ic_stat_name_black.png,3c37295db122fdd073e04c7747aae25a2f95b11be82fa6be56406d12b6f84694,984,file,other,fixture,supporting-evidence,PR225-R036,accounted-supporting-fixture,supporting/admin/fixture/documentation surface explicitly accounted by donor record
v2rayng,V2rayNG/app/src/main/res/drawable-xxhdpi/ic_stat_proxy.png,c586cd9c8f11be2cf53917d1ce6185863cbdabe0ce4d938d246edb2c70d52f48,2333,file,other,fixture,supporting-evidence,PR225-R036,accounted-supporting-fixture,supporting/admin/fixture/documentation surface explicitly accounted by donor record
v2rayng,V2rayNG/app/src/main/res/drawable-xxxhdpi/ic_stat_direct.png,18a3312aa5472b96d90ae953d061be37dd0f3ab83300772725496a46bab544e0,1915,file,other,fixture,supporting-evidence,PR225-R036,accounted-supporting-fixture,supporting/admin/fixture/documentation surface explicitly accounted by donor record
v2rayng,V2rayNG/app/src/main/res/drawable-xxxhdpi/ic_stat_name.png,bfbbb0e18c461f62845fd0e6241f1eb4f0fc26a9928415066deafcdc48eb751a,867,file,other,fixture,supporting-evidence,PR225-R036,accounted-supporting-fixture,supporting/admin/fixture/documentation surface explicitly accounted by donor record
v2rayng,V2rayNG/app/src/main/res/drawable-xxxhdpi/ic_stat_name_black.png,3d430b3950220d401c249f8d0c18e6985ef01e2e0a9aa7757d2dab1653a12a2b,1380,file,other,fixture,supporting-evidence,PR225-R036,accounted-supporting-fixture,supporting/admin/fixture/documentation surface explicitly accounted by donor record
v2rayng,V2rayNG/app/src/main/res/drawable-xxxhdpi/ic_stat_proxy.png,31c7d125bf5e66ed4eb894d4845597dabebeeaf4b249b96864691a2c01476e02,3199,file,other,fixture,supporting-evidence,PR225-R036,accounted-supporting-fixture,supporting/admin/fixture/documentation surface explicitly accounted by donor record
v2rayng,V2rayNG/app/src/main/res/drawable/custom_divider.xml,e0e13bcc89bc845c81419d7b157c690f51f4b848ff5a2eaf6c0b11b562052b88,401,file,XML,ui-or-product,authoritative-source,PR225-R036;PR225-M046;PR225-F0603,focused-file-ui-or-product,independent file-level semantic disposition
v2rayng,V2rayNG/app/src/main/res/drawable/ic_about_24dp.xml,80889bd83752b97b0686b003e2262fa3aa48892a9afdb2d501e9cedbc140c09a,938,file,XML,ui-or-product,authoritative-source,PR225-R036;PR225-M046;PR225-F0604,focused-file-ui-or-product,independent file-level semantic disposition
v2rayng,V2rayNG/app/src/main/res/drawable/ic_action_done.xml,8c9c4c0499c870336435829a240a54fd5fa0113efa613646bee01cf4ae84d821,326,file,XML,ui-or-product,authoritative-source,PR225-R036;PR225-M046;PR225-F0605,focused-file-ui-or-product,independent file-level semantic disposition
v2rayng,V2rayNG/app/src/main/res/drawable/ic_add_24dp.xml,a60e539eaba2d0e9c2872b0cbf995d4413e3323f6dbc20d0ba4b32bbd3b855a6,310,file,XML,ui-or-product,authoritative-source,PR225-R036;PR225-M046;PR225-F0606,focused-file-ui-or-product,independent file-level semantic disposition
v2rayng,V2rayNG/app/src/main/res/drawable/ic_arrow_drop_down.xml,2a33e8ad80833d461004d9d7cf37d4ab8990df7bb90ec49cc4e369809fef6968,341,file,XML,ui-or-product,authoritative-source,PR225-R036;PR225-M046;PR225-F0607,focused-file-ui-or-product,independent file-level semantic disposition
v2rayng,V2rayNG/app/src/main/res/drawable/ic_backup_24dp.xml,6e8a87536563458d8213f0d3c0d9502a96d06313fd540bae87c71a2aa00c6197,785,file,XML,ui-or-product,authoritative-source,PR225-R036;PR225-M046;PR225-F0608,focused-file-ui-or-product,independent file-level semantic disposition
v2rayng,V2rayNG/app/src/main/res/drawable/ic_check_update_24dp.xml,87b84fd47d389b66fdabfe593f5edb3a66aaf72fb58868452133b8419d095c3d,554,file,XML,ui-or-product,authoritative-source,PR225-R036;PR225-M046;PR225-F0609,focused-file-ui-or-product,independent file-level semantic disposition
v2rayng,V2rayNG/app/src/main/res/drawable/ic_circle.xml,63a0296ab6a933566938af64abbcc3787d2c764e833941589fcba353d591a925,229,file,XML,ui-or-product,authoritative-source,PR225-R036;PR225-M046;PR225-F0610,focused-file-ui-or-product,independent file-level semantic disposition
v2rayng,V2rayNG/app/src/main/res/drawable/ic_cloud_download_24dp.xml,484f1fc1e77a719f7a0d11d31a3d34cd7b2a0f95a51ef84e48ba2b395ea7ad72,458,file,XML,ui-or-product,authoritative-source,PR225-R036;PR225-M046;PR225-F0611,focused-file-ui-or-product,independent file-level semantic disposition
v2rayng,V2rayNG/app/src/main/res/drawable/ic_copy.xml,4d8c3133c9a3c8e4d1aae7970987e1367b98fc33bae6e9d62f5b315e81005ec4,438,file,XML,ui-or-product,authoritative-source,PR225-R036;PR225-M046;PR225-F0612,focused-file-ui-or-product,independent file-level semantic disposition
v2rayng,V2rayNG/app/src/main/res/drawable/ic_delete_24dp.xml,34c41b2121f6a6899897b97a144a34192fb1474c6c6251d06d14328aeb3a71b3,501,file,XML,ui-or-product,authoritative-source,PR225-R036;PR225-M046;PR225-F0613,focused-file-ui-or-product,independent file-level semantic disposition
v2rayng,V2rayNG/app/src/main/res/drawable/ic_description_24dp.xml,e255375735f59ce40ee1e11a55a49e312e278cba407f4fefd0d494c94ec8b89b,433,file,XML,ui-or-product,authoritative-source,PR225-R036;PR225-M046;PR225-F0614,focused-file-ui-or-product,independent file-level semantic disposition
v2rayng,V2rayNG/app/src/main/res/drawable/ic_edit_24dp.xml,3c6d0ab4e8b4a58a9e2b86090ce2b27e0972b965d148734a7c5aadbbffea546c,441,file,XML,ui-or-product,authoritative-source,PR225-R036;PR225-M046;PR225-F0615,focused-file-ui-or-product,independent file-level semantic disposition
v2rayng,V2rayNG/app/src/main/res/drawable/ic_fab_check.xml,ee72353694519bf4115307598da9ff09aa5b687f4c69ddc2e88bcf0577011240,320,file,XML,ui-or-product,authoritative-source,PR225-R036;PR225-M046;PR225-F0616,focused-file-ui-or-product,independent file-level semantic disposition
v2rayng,V2rayNG/app/src/main/res/drawable/ic_feedback_24dp.xml,d424d65111fa41de16453374c75cb3e4e464d92b0fe297319ecdaddfae55a679,859,file,XML,ui-or-product,authoritative-source,PR225-R036;PR225-M046;PR225-F0617,focused-file-ui-or-product,independent file-level semantic disposition
v2rayng,V2rayNG/app/src/main/res/drawable/ic_file_24dp.xml,02c29ce7eba7481ef8fc00f9f0be3de729c189d89a06192a27c156e5510e8785,812,file,XML,ui-or-product,authoritative-source,PR225-R036;PR225-M046;PR225-F0618,focused-file-ui-or-product,independent file-level semantic disposition
v2rayng,V2rayNG/app/src/main/res/drawable/ic_image_24dp.xml,b1b4384a9f82d9aa6f63b13c7e6459a7fdcda20a825d23421bd42bfd409afe73,1153,file,XML,ui-or-product,authoritative-source,PR225-R036;PR225-M046;PR225-F0619,focused-file-ui-or-product,independent file-level semantic disposition
v2rayng,V2rayNG/app/src/main/res/drawable/ic_lock_24dp.xml,295a33d217f3f998e08a34874a1aec66938fbe1eefbbc59c73c2664d86b00b02,770,file,XML,ui-or-product,authoritative-source,PR225-R036;PR225-M046;PR225-F0620,focused-file-ui-or-product,independent file-level semantic disposition
v2rayng,V2rayNG/app/src/main/res/drawable/ic_logcat_24dp.xml,23b9fbd03715a1c931fda0b7e81df5ce15b4840c90a29f601b2e5f25eb6edc79,674,file,XML,ui-or-product,authoritative-source,PR225-R036;PR225-M046;PR225-F0621,focused-file-ui-or-product,independent file-level semantic disposition
v2rayng,V2rayNG/app/src/main/res/drawable/ic_more_vert_24dp.xml,8df003c30ad630a75f980bc3162d391c0bd2a703468b12e772088bc603b37b77,457,file,XML,ui-or-product,authoritative-source,PR225-R036;PR225-M046;PR225-F0622,focused-file-ui-or-product,independent file-level semantic disposition
v2rayng,V2rayNG/app/src/main/res/drawable/ic_outline_filter_alt_24.xml,fd64330b225e500f5cb0e9f316317fb28727fd96415227df9de70857db0f3cd8,492,file,XML,ui-or-product,authoritative-source,PR225-R036;PR225-M046;PR225-F0623,focused-file-ui-or-product,independent file-level semantic disposition
v2rayng,V2rayNG/app/src/main/res/drawable/ic_per_apps_24dp.xml,c60c2f0a666224c944c911f3f01040b5b323ea83b34e588c2a9b0163f56b76d3,430,file,XML,ui-or-product,authoritative-source,PR225-R036;PR225-M046;PR225-F0624,focused-file-ui-or-product,independent file-level semantic disposition
v2rayng,V2rayNG/app/src/main/res/drawable/ic_play_24dp.xml,8c18a2dd668ce6f9b9aa68d865a66f075ff9b7f537693c3eca21e771abd0a215,532,file,XML,ui-or-product,authoritative-source,PR225-R036;PR225-M046;PR225-F0625,focused-file-ui-or-product,independent file-level semantic disposition
v2rayng,V2rayNG/app/src/main/res/drawable/ic_privacy_24dp.xml,277aba867fe9171057b5a9a05820932c5b969a4f2d87a5e0ca343e363179d721,1253,file,XML,ui-or-product,authoritative-source,PR225-R036;PR225-M046;PR225-F0626,focused-file-ui-or-product,independent file-level semantic disposition
v2rayng,V2rayNG/app/src/main/res/drawable/ic_promotion_24dp.xml,7d978bde0a86820c5cacbe6dbd7cfb7e6b586ef5b5c93c7dcc7d5cd095aea9a5,1840,file,XML,ui-or-product,authoritative-source,PR225-R036;PR225-M046;PR225-F0627,focused-file-ui-or-product,independent file-level semantic disposition
v2rayng,V2rayNG/app/src/main/res/drawable/ic_qu_scan_24dp.xml,c55a1dde30c89d524dd6b886040baedaac317d92c6e23271f329a68c613e273f,1323,file,XML,ui-or-product,authoritative-source,PR225-R036;PR225-M046;PR225-F0628,focused-file-ui-or-product,independent file-level semantic disposition
v2rayng,V2rayNG/app/src/main/res/drawable/ic_qu_start_24dp.xml,5cfa7ae95a5ddf57243fcdf47ebb13bb77f450a82b0e6a0345364acb60aeec0e,732,file,XML,ui-or-product,authoritative-source,PR225-R036;PR225-M046;PR225-F0629,focused-file-ui-or-product,independent file-level semantic disposition
v2rayng,V2rayNG/app/src/main/res/drawable/ic_qu_stop_24dp.xml,0a578c8ff6da1f38a0a2d15e5080737de1c9376623c44b22556a01ba01825ebb,601,file,XML,ui-or-product,authoritative-source,PR225-R036;PR225-M046;PR225-F0630,focused-file-ui-or-product,independent file-level semantic disposition
v2rayng,V2rayNG/app/src/main/res/drawable/ic_qu_switch_24dp.xml,87a976098604f1d4dba8a6c55399650e52e42fdbb6419cbc57ab19a25ae8e2b4,1295,file,XML,ui-or-product,authoritative-source,PR225-R036;PR225-M046;PR225-F0631,focused-file-ui-or-product,independent file-level semantic disposition
v2rayng,V2rayNG/app/src/main/res/drawable/ic_restore_24dp.xml,e13d6e6e35017ea1a24fe5416542c3e8f16b6e5b5ff78c9c9cb1bd7dae3debf0,681,file,XML,ui-or-product,authoritative-source,PR225-R036;PR225-M046;PR225-F0632,focused-file-ui-or-product,independent file-level semantic disposition
v2rayng,V2rayNG/app/src/main/res/drawable/ic_rounded_corner_active.xml,1cef4235f7b786beeb9b704443986426bc65547da22416f782368816b194b9c9,332,file,XML,ui-or-product,authoritative-source,PR225-R036;PR225-M046;PR225-F0633,focused-file-ui-or-product,independent file-level semantic disposition
v2rayng,V2rayNG/app/src/main/res/drawable/ic_rounded_corner_inactive.xml,26963e0647444b91c7f8f78159f8f4ccc7b16fc32472c0e2a379cc930206af9b,334,file,XML,ui-or-product,authoritative-source,PR225-R036;PR225-M046;PR225-F0634,focused-file-ui-or-product,independent file-level semantic disposition
v2rayng,V2rayNG/app/src/main/res/drawable/ic_routing_24dp.xml,86886fa514a005eae7284d674246f6027aa0fe1e6872abd09064003fa6f70acd,707,file,XML,ui-or-product,authoritative-source,PR225-R036;PR225-M046;PR225-F0635,focused-file-ui-or-product,independent file-level semantic disposition
v2rayng,V2rayNG/app/src/main/res/drawable/ic_save_24dp.xml,c9fe16af959df4afdbacec01938c61bf4bcc0341046bd157f2721c0748ed1805,443,file,XML,ui-or-product,authoritative-source,PR225-R036;PR225-M046;PR225-F0636,focused-file-ui-or-product,independent file-level semantic disposition
v2rayng,V2rayNG/app/src/main/res/drawable/ic_scan_24dp.xml,6ff84bfcf80d64915bba83fc0f5afbbef1d43dbf40c5620a8093551bd807ade7,915,file,XML,ui-or-product,authoritative-source,PR225-R036;PR225-M046;PR225-F0637,focused-file-ui-or-product,independent file-level semantic disposition
v2rayng,V2rayNG/app/src/main/res/drawable/ic_select_all_24dp.xml,53ec86e26ef965b7360896df584c5a6e5b199e8f6364b7a26e01efc061684b20,698,file,XML,ui-or-product,authoritative-source,PR225-R036;PR225-M046;PR225-F0638,focused-file-ui-or-product,independent file-level semantic disposition
v2rayng,V2rayNG/app/src/main/res/drawable/ic_settings_24dp.xml,011797169477798a262716fd70e88675e34846cad5f52c616f805baa07122def,2413,file,XML,ui-or-product,authoritative-source,PR225-R036;PR225-M046;PR225-F0639,focused-file-ui-or-product,independent file-level semantic disposition
v2rayng,V2rayNG/app/src/main/res/drawable/ic_share_24dp.xml,c722e077a9d3463f473b7e24cba992f7a72d3b5aec743d8d5ff1d2dccf4965b6,706,file,XML,ui-or-product,authoritative-source,PR225-R036;PR225-M046;PR225-F0640,focused-file-ui-or-product,independent file-level semantic disposition
v2rayng,V2rayNG/app/src/main/res/drawable/ic_source_code_24dp.xml,01881fc9134e798efbae2e0fe716764b1ec0d8803a175f292e9684c9c67f791c,500,file,XML,ui-or-product,authoritative-source,PR225-R036;PR225-M046;PR225-F0641,focused-file-ui-or-product,independent file-level semantic disposition
v2rayng,V2rayNG/app/src/main/res/drawable/ic_stop_24dp.xml,9a92718024a3d445ff77db840d0b3a05999b86945199ab38b5e217207650a469,401,file,XML,ui-or-product,authoritative-source,PR225-R036;PR225-M046;PR225-F0642,focused-file-ui-or-product,independent file-level semantic disposition
v2rayng,V2rayNG/app/src/main/res/drawable/ic_subscriptions_24dp.xml,b591168ea7edf64f4aa8775aa9859d1a854c7e6b810277c9bce5bf0f264f7cb4,567,file,XML,ui-or-product,authoritative-source,PR225-R036;PR225-M046;PR225-F0643,focused-file-ui-or-product,independent file-level semantic disposition
v2rayng,V2rayNG/app/src/main/res/drawable/ic_telegram_24dp.xml,1f262951f7845539329dc7ed8d7acb388e487ab16c41ccf14b56696192d09ea7,1075,file,XML,ui-or-product,authoritative-source,PR225-R036;PR225-M046;PR225-F0644,focused-file-ui-or-product,independent file-level semantic disposition
v2rayng,V2rayNG/app/src/main/res/drawable/license_24px.xml,a1f76835ead4689be3a066ca69d2184c758412d6ff4968e7f462dbd694c346bb,978,file,XML,ui-or-product,authoritative-source,PR225-R036;PR225-M046;PR225-F0645,focused-file-ui-or-product,independent file-level semantic disposition
v2rayng,V2rayNG/app/src/main/res/drawable/nav_header_bg.png,cacb2b75c0ad6d6865339e83c8f20ea91d09d42724670c3b2ab6ac47b0db87ad,12134,file,other,fixture,supporting-evidence,PR225-R036;PR225-M046,focused-module-fixture,focused module-level disposition
v2rayng,V2rayNG/app/src/main/res/font/montserrat_thin.ttf,13b843ab4d5acd6d99d06a88bbc492bd3ffb0d55b01f159c34a0a6237cb2f148,151968,file,other,repository-administration,supporting-evidence,PR225-R036,accounted-supporting-repository-administration,supporting/admin/fixture/documentation surface explicitly accounted by donor record
v2rayng,V2rayNG/app/src/main/res/layout/activity_about.xml,63142146e1cfe2bae831dd4f98c024ee2b764eeeeb942984fee2e8b215e52fb5,7502,file,XML,ui-or-product,authoritative-source,PR225-R036;PR225-M047;PR225-F0646,focused-file-ui-or-product,independent file-level semantic disposition
v2rayng,V2rayNG/app/src/main/res/layout/activity_app_picker.xml,4972f310ab82d705bf5d146b34b238c75e77ee6d6226410cedf7e39b8187faff,426,file,XML,ui-or-product,authoritative-source,PR225-R036;PR225-M047;PR225-F0647,focused-file-ui-or-product,independent file-level semantic disposition
v2rayng,V2rayNG/app/src/main/res/layout/activity_backup.xml,4d7af1e4222f1d2936bdbcdbb5f7dfa829e1704c8fcab31f1b7c40156556ae99,6169,file,XML,ui-or-product,authoritative-source,PR225-R036;PR225-M047;PR225-F0648,focused-file-ui-or-product,independent file-level semantic disposition
v2rayng,V2rayNG/app/src/main/res/layout/activity_base.xml,1e2e1ff6e98a420bc50613ef39e49fd6c896fe2ff2db5d354c375d396d545648,1546,file,XML,ui-or-product,authoritative-source,PR225-R036;PR225-M047;PR225-F0649,focused-file-ui-or-product,independent file-level semantic disposition
v2rayng,V2rayNG/app/src/main/res/layout/activity_bypass_list.xml,c3da7e88f5ab70dcaaf5d5b818cbf9372c2c207beabaf9b0f279c5cb5bba66c7,4190,file,XML,ui-or-product,authoritative-source,PR225-R036;PR225-M047;PR225-F0650,focused-file-ui-or-product,independent file-level semantic disposition
v2rayng,V2rayNG/app/src/main/res/layout/activity_check_update.xml,4dcca8337428afcc5e2bba99437113fa48db96e70d6bf88badfc9558939001a5,3356,file,XML,ui-or-product,authoritative-source,PR225-R036;PR225-M047;PR225-F0651,focused-file-ui-or-product,independent file-level semantic disposition
v2rayng,V2rayNG/app/src/main/res/layout/activity_logcat.xml,702fbeaa1cd9c19769b4ee5aaba997e0d02802a0bf216ee503bbca4fe8841a2c,972,file,XML,ui-or-product,authoritative-source,PR225-R036;PR225-M047;PR225-F0652,focused-file-ui-or-product,independent file-level semantic disposition
v2rayng,V2rayNG/app/src/main/res/layout/activity_main.xml,64ba2f90c5cc1b154f43b557ce2df7ea520bc29c43af28c3265214a2aaed6381,6003,file,XML,ui-or-product,authoritative-source,PR225-R036;PR225-M047;PR225-F0653,focused-file-ui-or-product,independent file-level semantic disposition
v2rayng,V2rayNG/app/src/main/res/layout/activity_none.xml,48e80416314318479811cb04c1bd8417ac4212efceaef7cfda4709403f339ad2,198,file,XML,ui-or-product,authoritative-source,PR225-R036;PR225-M047;PR225-F0654,focused-file-ui-or-product,independent file-level semantic disposition
v2rayng,V2rayNG/app/src/main/res/layout/activity_routing_edit.xml,f5300d6039c012b0b12164eb97393013ba685e56109d1234a9ee4da369988fac,10899,file,XML,ui-or-product,authoritative-source,PR225-R036;PR225-M047;PR225-F0655,focused-file-ui-or-product,independent file-level semantic disposition
v2rayng,V2rayNG/app/src/main/res/layout/activity_routing_setting.xml,f0b8a6aaf52e625b9e6444d0f84bb494685cdbbebf71e7d587e0252540279311,2902,file,XML,ui-or-product,authoritative-source,PR225-R036;PR225-M047;PR225-F0656,focused-file-ui-or-product,independent file-level semantic disposition
v2rayng,V2rayNG/app/src/main/res/layout/activity_server_custom_config.xml,8af9666efb5353c36e1456cd3dd03701d9f40c7878997304ffce10d5a5e5263f,2996,file,XML,ui-or-product,authoritative-source,PR225-R036;PR225-M047;PR225-F0657,focused-file-ui-or-product,independent file-level semantic disposition
v2rayng,V2rayNG/app/src/main/res/layout/activity_server_group.xml,54d1ac5087ac36387d971b72b846d3cbc2193bc6a7aa48d73c19415825795766,4061,file,XML,ui-or-product,authoritative-source,PR225-R036;PR225-M047;PR225-F0658,focused-file-ui-or-product,independent file-level semantic disposition
v2rayng,V2rayNG/app/src/main/res/layout/activity_server_hysteria2.xml,5593c568cbfbaf42cff2baafa3c5879038a88265e6bb8739d6c2d527ab43ef7b,4951,file,XML,ui-or-product,authoritative-source,PR225-R036;PR225-M047;PR225-F0659,focused-file-ui-or-product,independent file-level semantic disposition
v2rayng,V2rayNG/app/src/main/res/layout/activity_server_proxy_chain.xml,e8b30f937e59430becd24e58a568cb29c7ca8f23d14e2b6d2697fa36d290d004,3120,file,XML,ui-or-product,authoritative-source,PR225-R036;PR225-M047;PR225-F0660,focused-file-ui-or-product,independent file-level semantic disposition
v2rayng,V2rayNG/app/src/main/res/layout/activity_server_shadowsocks.xml,d6b043115eb9dbd2d556c7327baec12c564bdaa3915d166283eaa6742af9e7d1,2494,file,XML,ui-or-product,authoritative-source,PR225-R036;PR225-M047;PR225-F0661,focused-file-ui-or-product,independent file-level semantic disposition
v2rayng,V2rayNG/app/src/main/res/layout/activity_server_socks.xml,9161b4e11ca3d53bf702c6df1c9e54ad15094323529c6e7f77f265d2155c52f7,2235,file,XML,ui-or-product,authoritative-source,PR225-R036;PR225-M047;PR225-F0662,focused-file-ui-or-product,independent file-level semantic disposition
v2rayng,V2rayNG/app/src/main/res/layout/activity_server_trojan.xml,6576091019b593ccc0a6a71fa95f970c31ee75877cc48cf8300125648201dd80,1673,file,XML,ui-or-product,authoritative-source,PR225-R036;PR225-M047;PR225-F0663,focused-file-ui-or-product,independent file-level semantic disposition
v2rayng,V2rayNG/app/src/main/res/layout/activity_server_vless.xml,43e1ae0d37d3aa1be910709f3b39d687eeb6ee487634c5465903f0dd8fa6bd85,3178,file,XML,ui-or-product,authoritative-source,PR225-R036;PR225-M047;PR225-F0664,focused-file-ui-or-product,independent file-level semantic disposition
v2rayng,V2rayNG/app/src/main/res/layout/activity_server_vmess.xml,7e844ef0d9d542e0de7e52a0f56d3e1eeb563362df48ea74f1f060f3d52270b1,2488,file,XML,ui-or-product,authoritative-source,PR225-R036;PR225-M047;PR225-F0665,focused-file-ui-or-product,independent file-level semantic disposition
v2rayng,V2rayNG/app/src/main/res/layout/activity_server_wireguard.xml,442c48240bcfd01a43d4f03a8cb42a9db6497076f8dd95d896b20a06d9b6bc7b,5156,file,XML,ui-or-product,authoritative-source,PR225-R036;PR225-M047;PR225-F0666,focused-file-ui-or-product,independent file-level semantic disposition
v2rayng,V2rayNG/app/src/main/res/layout/activity_settings.xml,d690b65d1cc3acbfa6092bc435cbf589a3fb71bcb1dedc514f32b7099ab1ea6a,634,file,XML,ui-or-product,authoritative-source,PR225-R036;PR225-M047;PR225-F0667,focused-file-ui-or-product,independent file-level semantic disposition
v2rayng,V2rayNG/app/src/main/res/layout/activity_sub_edit.xml,8821cc9a7284651488a7c06bd3c6d2abe6363786c4fcb6554e5323da3214283b,12193,file,XML,ui-or-product,authoritative-source,PR225-R036;PR225-M047;PR225-F0668,focused-file-ui-or-product,independent file-level semantic disposition
v2rayng,V2rayNG/app/src/main/res/layout/activity_sub_setting.xml,3b11fa75fb67eebe7421122696c399c44b196898184ba9216af34e7d942cb6e4,641,file,XML,ui-or-product,authoritative-source,PR225-R036;PR225-M047;PR225-F0669,focused-file-ui-or-product,independent file-level semantic disposition
v2rayng,V2rayNG/app/src/main/res/layout/activity_tasker.xml,15a2f849f804d39309b9ef7b95ef2934914cd6ac7c9752a29ac8b3d141ee0b5e,1851,file,XML,ui-or-product,authoritative-source,PR225-R036;PR225-M047;PR225-F0670,focused-file-ui-or-product,independent file-level semantic disposition
v2rayng,V2rayNG/app/src/main/res/layout/activity_user_asset.xml,e0ac9ce3d297ba8227828db6c3170fa121075d4e3c1c539c9efcac19c20de03a,2942,file,XML,ui-or-product,authoritative-source,PR225-R036;PR225-M047;PR225-F0671,focused-file-ui-or-product,independent file-level semantic disposition
v2rayng,V2rayNG/app/src/main/res/layout/activity_user_asset_url.xml,ff84f6f22809698fcb2a2fd50452de330ce4628f5f1309ec2a5564e24acef0a8,3174,file,XML,ui-or-product,authoritative-source,PR225-R036;PR225-M047;PR225-F0672,focused-file-ui-or-product,independent file-level semantic disposition
v2rayng,V2rayNG/app/src/main/res/layout/dialog_config_filter.xml,8d7c2260ce45745ee3a60d731b5599cf245212c7052fb6384dc035281b80c35f,1671,file,XML,ui-or-product,authoritative-source,PR225-R036;PR225-M047;PR225-F0673,focused-file-ui-or-product,independent file-level semantic disposition
v2rayng,V2rayNG/app/src/main/res/layout/dialog_webdav.xml,ab1bf6bcc37358ed294f86949a77a151aa199b9505e84ee141cfa3cb1303f9c8,1658,file,XML,ui-or-product,authoritative-source,PR225-R036;PR225-M047;PR225-F0674,focused-file-ui-or-product,independent file-level semantic disposition
v2rayng,V2rayNG/app/src/main/res/layout/fragment_group_server.xml,923c1d320193e4511efed4c2038f5eab42d464d93c4430bb6d5e9cba79212a90,700,file,XML,ui-or-product,authoritative-source,PR225-R036;PR225-M047;PR225-F0675,focused-file-ui-or-product,independent file-level semantic disposition
v2rayng,V2rayNG/app/src/main/res/layout/item_qrcode.xml,df4204c13bf46746572f713d7bb2c86250229e151d6b09827a2518cb66b6f2ff,637,file,XML,ui-or-product,authoritative-source,PR225-R036;PR225-M047;PR225-F0676,focused-file-ui-or-product,independent file-level semantic disposition
v2rayng,V2rayNG/app/src/main/res/layout/item_recycler_bypass_list.xml,9b9e69f1bfc4e453e737be13c906dcf62691656501d42b08938181118b65204c,1851,file,XML,ui-or-product,authoritative-source,PR225-R036;PR225-M047;PR225-F0677,focused-file-ui-or-product,independent file-level semantic disposition
v2rayng,V2rayNG/app/src/main/res/layout/item_recycler_footer.xml,b7ec9b7c3d1f3a66c7af8dea2c060a652a901b774f920324cb22c940b4b8cd2b,1051,file,XML,ui-or-product,authoritative-source,PR225-R036;PR225-M047;PR225-F0678,focused-file-ui-or-product,independent file-level semantic disposition
v2rayng,V2rayNG/app/src/main/res/layout/item_recycler_logcat.xml,46442ea7fda4fdb624d51e3ac393d89ebe22b5a3651e2c2487047c12175dffde,1217,file,XML,ui-or-product,authoritative-source,PR225-R036;PR225-M047;PR225-F0679,focused-file-ui-or-product,independent file-level semantic disposition
v2rayng,V2rayNG/app/src/main/res/layout/item_recycler_main.xml,a0a0f22f2f26610825b863e5042a90261db1d97d1dd2f1aba3c36b91e13513d5,10315,file,XML,ui-or-product,authoritative-source,PR225-R036;PR225-M047;PR225-F0680,focused-file-ui-or-product,independent file-level semantic disposition
v2rayng,V2rayNG/app/src/main/res/layout/item_recycler_proxy_chain_member.xml,c8666f338026f3c269911ff02d3381321804442460580c362eea84bd8f8e0573,3490,file,XML,ui-or-product,authoritative-source,PR225-R036;PR225-M047;PR225-F0681,focused-file-ui-or-product,independent file-level semantic disposition
v2rayng,V2rayNG/app/src/main/res/layout/item_recycler_routing_setting.xml,12418b53e9b127a8d62925997d9985eec3d09bd3fe66d1cef49532e64a697378,4567,file,XML,ui-or-product,authoritative-source,PR225-R036;PR225-M047;PR225-F0682,focused-file-ui-or-product,independent file-level semantic disposition
v2rayng,V2rayNG/app/src/main/res/layout/item_recycler_sub_setting.xml,ac21dad745fd99e0b32f1e01bea51617ab9d6312cdff8a58855b8a47deb127c3,7743,file,XML,ui-or-product,authoritative-source,PR225-R036;PR225-M047;PR225-F0683,focused-file-ui-or-product,independent file-level semantic disposition
v2rayng,V2rayNG/app/src/main/res/layout/item_recycler_user_asset.xml,156c12794891dbe4f9a35bf77ba23695c575653406664d99ed9d75cf38ed896a,3529,file,XML,ui-or-product,authoritative-source,PR225-R036;PR225-M047;PR225-F0684,focused-file-ui-or-product,independent file-level semantic disposition
v2rayng,V2rayNG/app/src/main/res/layout/layout_address_port.xml,6b9a247823f979eab52decc03e7b9defd14f6968c876766811b841a0ac85ec8f,2460,file,XML,ui-or-product,authoritative-source,PR225-R036;PR225-M047;PR225-F0685,focused-file-ui-or-product,independent file-level semantic disposition
v2rayng,V2rayNG/app/src/main/res/layout/layout_tls.xml,214c595de23c6fa8ce0bdbbbcaf4c67eedc267ee8261baa0a9ea894d4e94fe68,9763,file,XML,ui-or-product,authoritative-source,PR225-R036;PR225-M047;PR225-F0686,focused-file-ui-or-product,independent file-level semantic disposition
v2rayng,V2rayNG/app/src/main/res/layout/layout_tls_hysteria2.xml,c6ea9830f4e135a8d654ee734e191dac0e14ea5e5dbb7951f3b8f2531512c0a0,3683,file,XML,ui-or-product,authoritative-source,PR225-R036;PR225-M047;PR225-F0687,focused-file-ui-or-product,independent file-level semantic disposition
v2rayng,V2rayNG/app/src/main/res/layout/layout_transport.xml,b493ad9acbacc1d2c4b428c94e492aa82ff6106eb001d572b7c3e8e6a8a34071,7717,file,XML,ui-or-product,authoritative-source,PR225-R036;PR225-M047;PR225-F0688,focused-file-ui-or-product,independent file-level semantic disposition
v2rayng,V2rayNG/app/src/main/res/layout/nav_header.xml,0b3e5d8ea1ef34bab3ab9888ae15d126dfbc9ba82daf87d6a314ab56d753e65e,788,file,XML,ui-or-product,authoritative-source,PR225-R036;PR225-M047;PR225-F0689,focused-file-ui-or-product,independent file-level semantic disposition
v2rayng,V2rayNG/app/src/main/res/layout/preference_with_help_link.xml,e894c007e868b877c4c7c232b674fa86970f2b9660e68a37cc6b2a33e1909cd5,527,file,XML,ui-or-product,authoritative-source,PR225-R036;PR225-M047;PR225-F0690,focused-file-ui-or-product,independent file-level semantic disposition
v2rayng,V2rayNG/app/src/main/res/layout/widget_switch.xml,b860a5bd5d8571e82231c08a6457108952440395c86f468ffdb8c28debb68fab,1189,file,XML,ui-or-product,authoritative-source,PR225-R036;PR225-M047;PR225-F0691,focused-file-ui-or-product,independent file-level semantic disposition
v2rayng,V2rayNG/app/src/main/res/menu/action_server.xml,23a582be3c423b6081e28b750b2f0970d0eed002ff787bcf00e9445aed678d51,540,file,XML,repository-administration,supporting-evidence,PR225-R036,accounted-supporting-repository-administration,supporting/admin/fixture/documentation surface explicitly accounted by donor record
v2rayng,V2rayNG/app/src/main/res/menu/action_sub_setting.xml,0e93bec40b1aad0ee12ca9b5f1ee4cb1d9908252f0107b689f24e402650c0fb9,532,file,XML,repository-administration,supporting-evidence,PR225-R036,accounted-supporting-repository-administration,supporting/admin/fixture/documentation surface explicitly accounted by donor record
v2rayng,V2rayNG/app/src/main/res/menu/menu_app_picker.xml,c8f694e966f0f85ad580f13ee2597f96dbb8e34120aafa23da390ea144df9e11,822,file,XML,repository-administration,supporting-evidence,PR225-R036,accounted-supporting-repository-administration,supporting/admin/fixture/documentation surface explicitly accounted by donor record
v2rayng,V2rayNG/app/src/main/res/menu/menu_asset.xml,20b23d9d799e3660e920efa94e39a9bb342da6991412ed698cd231d728614464,1047,file,XML,repository-administration,supporting-evidence,PR225-R036,accounted-supporting-repository-administration,supporting/admin/fixture/documentation surface explicitly accounted by donor record
v2rayng,V2rayNG/app/src/main/res/menu/menu_bypass_list.xml,e1f8a714f2cceeb3cf37d7330bf502e8c4aa5e31d13bcf75cdbb8e467d8fc4d1,1434,file,XML,repository-administration,supporting-evidence,PR225-R036,accounted-supporting-repository-administration,supporting/admin/fixture/documentation surface explicitly accounted by donor record
v2rayng,V2rayNG/app/src/main/res/menu/menu_drawer.xml,d88a1b3eefdc1d4a506f774e66cb80f1552749fab331b5043df37801bb860358,2205,file,XML,repository-administration,supporting-evidence,PR225-R036,accounted-supporting-repository-administration,supporting/admin/fixture/documentation surface explicitly accounted by donor record
v2rayng,V2rayNG/app/src/main/res/menu/menu_logcat.xml,0bcb5d3eb337edc1669b0c8742efd0f18434a4285ee670ec61eccbe31cb2c6e8,964,file,XML,repository-administration,supporting-evidence,PR225-R036,accounted-supporting-repository-administration,supporting/admin/fixture/documentation surface explicitly accounted by donor record
v2rayng,V2rayNG/app/src/main/res/menu/menu_main.xml,6dece804004a096c70f9f8d78832db36b51ac6d36a53e519be6f6196966ad933,4657,file,XML,repository-administration,supporting-evidence,PR225-R036,accounted-supporting-repository-administration,supporting/admin/fixture/documentation surface explicitly accounted by donor record
v2rayng,V2rayNG/app/src/main/res/menu/menu_routing_setting.xml,12b77576997152b99933a39b18b3ac397381b559365e30c5a4f126a19abc28da,1068,file,XML,repository-administration,supporting-evidence,PR225-R036,accounted-supporting-repository-administration,supporting/admin/fixture/documentation surface explicitly accounted by donor record
v2rayng,V2rayNG/app/src/main/res/menu/menu_scanner.xml,779b7f06e8cec9dbb1b6f665085f44efada77b26c44aedc7085144e1af6b0abd,480,file,XML,repository-administration,supporting-evidence,PR225-R036,accounted-supporting-repository-administration,supporting/admin/fixture/documentation surface explicitly accounted by donor record
v2rayng,V2rayNG/app/src/main/res/mipmap-anydpi-v26/ic_banner.xml,a58e4f71d6611aba17cba04b93ee07a6baa347211e1590f687fd730d6d4e3604,341,file,XML,repository-administration,supporting-evidence,PR225-R036,accounted-supporting-repository-administration,supporting/admin/fixture/documentation surface explicitly accounted by donor record
v2rayng,V2rayNG/app/src/main/res/mipmap-anydpi-v26/ic_launcher.xml,c06d3ba767ff8aa8bce751d09474dc52ba7b70bf1084e76a5526beeab10f8e66,336,file,XML,repository-administration,supporting-evidence,PR225-R036,accounted-supporting-repository-administration,supporting/admin/fixture/documentation surface explicitly accounted by donor record
v2rayng,V2rayNG/app/src/main/res/mipmap-anydpi-v26/ic_launcher_round.xml,715b6a560bb886bf9f4923502f556eaf83ceb076c5f99df492047e6685b71f31,267,file,XML,repository-administration,supporting-evidence,PR225-R036,accounted-supporting-repository-administration,supporting/admin/fixture/documentation surface explicitly accounted by donor record
v2rayng,V2rayNG/app/src/main/res/mipmap-hdpi/ic_launcher.png,6c84ad747cdf50d8f694fdc5a643749456bb6f583d3b551f567c9b5e3befe31f,1236,file,other,fixture,supporting-evidence,PR225-R036,accounted-supporting-fixture,supporting/admin/fixture/documentation surface explicitly accounted by donor record
v2rayng,V2rayNG/app/src/main/res/mipmap-hdpi/ic_launcher_foreground.png,51b066b9cf67df3ba03d3f4fb7a144c95f7fe342c2e11e5c4e028a2dd985393b,877,file,other,fixture,supporting-evidence,PR225-R036,accounted-supporting-fixture,supporting/admin/fixture/documentation surface explicitly accounted by donor record
v2rayng,V2rayNG/app/src/main/res/mipmap-mdpi/ic_launcher.png,51b7d060e1fdcc7bd7f6f2a1c6dae29113422d408a560d4c354b3b171fe7bfa4,910,file,other,fixture,supporting-evidence,PR225-R036,accounted-supporting-fixture,supporting/admin/fixture/documentation surface explicitly accounted by donor record
v2rayng,V2rayNG/app/src/main/res/mipmap-mdpi/ic_launcher_foreground.png,4e269ea9ebc3b84b9fa7e0cd5c7e2eb0d64e6fb65db52f54f27d8b86ef4d8bed,582,file,other,fixture,supporting-evidence,PR225-R036,accounted-supporting-fixture,supporting/admin/fixture/documentation surface explicitly accounted by donor record
v2rayng,V2rayNG/app/src/main/res/mipmap-mdpi/ic_launcher_round.png,913acdd8deec7e28f61e09a4e7dc8a1fb0fa81f122008deeebebcd82ea4df225,1913,file,other,fixture,supporting-evidence,PR225-R036,accounted-supporting-fixture,supporting/admin/fixture/documentation surface explicitly accounted by donor record
v2rayng,V2rayNG/app/src/main/res/mipmap-xhdpi/ic_banner.png,1339ceee762dab30a069ede8d04a7264179cc5023c466581b72463c721108fb6,3878,file,other,fixture,supporting-evidence,PR225-R036,accounted-supporting-fixture,supporting/admin/fixture/documentation surface explicitly accounted by donor record
v2rayng,V2rayNG/app/src/main/res/mipmap-xhdpi/ic_banner_foreground.png,d881cbb54a7aaaa25af58fd977cc8e52f2290b810cb811cf53e93f0cf94ff8a9,3395,file,other,fixture,supporting-evidence,PR225-R036,accounted-supporting-fixture,supporting/admin/fixture/documentation surface explicitly accounted by donor record
v2rayng,V2rayNG/app/src/main/res/mipmap-xhdpi/ic_launcher.png,1b56b5d2b9819be38eeb7b78f94de9002356a8ff1a211e86b68f4c3d2d72a1f2,1667,file,other,fixture,supporting-evidence,PR225-R036,accounted-supporting-fixture,supporting/admin/fixture/documentation surface explicitly accounted by donor record
v2rayng,V2rayNG/app/src/main/res/mipmap-xhdpi/ic_launcher_foreground.png,03e6c4443c36f538f6bf40cbdfcd6b498e839b4a2870647c9ca662cfd2d5cdb1,1159,file,other,fixture,supporting-evidence,PR225-R036,accounted-supporting-fixture,supporting/admin/fixture/documentation surface explicitly accounted by donor record
v2rayng,V2rayNG/app/src/main/res/mipmap-xhdpi/ic_launcher_round.png,8a4d2de26ef3bf1af18ab14e2233fb34334dc2967a4ad47816bf60b85debee55,4248,file,other,fixture,supporting-evidence,PR225-R036,accounted-supporting-fixture,supporting/admin/fixture/documentation surface explicitly accounted by donor record
v2rayng,V2rayNG/app/src/main/res/mipmap-xxhdpi/ic_launcher.png,4690cd9918969a103b6e9ec066119d52ace7614224093dd6f8f390744807ae94,2548,file,other,fixture,supporting-evidence,PR225-R036,accounted-supporting-fixture,supporting/admin/fixture/documentation surface explicitly accounted by donor record
v2rayng,V2rayNG/app/src/main/res/mipmap-xxhdpi/ic_launcher_foreground.png,4dad6f2dfa99c6e2729d72ede20f8e4d87600b876d101798918a09959d66732b,1887,file,other,fixture,supporting-evidence,PR225-R036,accounted-supporting-fixture,supporting/admin/fixture/documentation surface explicitly accounted by donor record
v2rayng,V2rayNG/app/src/main/res/mipmap-xxhdpi/ic_launcher_round.png,1866754a1364b439d7f6e8d8c1d0d212cf069e783d2d11973670eea212a88cb4,6689,file,other,fixture,supporting-evidence,PR225-R036,accounted-supporting-fixture,supporting/admin/fixture/documentation surface explicitly accounted by donor record
v2rayng,V2rayNG/app/src/main/res/mipmap-xxxhdpi/ic_launcher.png,a98bb00971497b571952e35691e0a5403f0dd734dc0fb223ee88f981d28d5afd,3595,file,other,fixture,supporting-evidence,PR225-R036,accounted-supporting-fixture,supporting/admin/fixture/documentation surface explicitly accounted by donor record
v2rayng,V2rayNG/app/src/main/res/mipmap-xxxhdpi/ic_launcher_foreground.png,2f1d03e561edaadf52ca4fbf3d417feb7521e9421b93bf5f403abafb3505b528,2715,file,other,fixture,supporting-evidence,PR225-R036,accounted-supporting-fixture,supporting/admin/fixture/documentation surface explicitly accounted by donor record
v2rayng,V2rayNG/app/src/main/res/mipmap-xxxhdpi/ic_launcher_round.png,dbdd5d0adb18defef70d5298ff3df4fc5022c9b52540d5454900c0a9277b628d,9693,file,other,fixture,supporting-evidence,PR225-R036,accounted-supporting-fixture,supporting/admin/fixture/documentation surface explicitly accounted by donor record
v2rayng,V2rayNG/app/src/main/res/raw/licenses.xml,301a420e8e7688ef294dadd183cbf4a0098add51d1051d3fab679276d05b7b7a,1668,file,XML,documentation,supporting-evidence,PR225-R036,accounted-supporting-documentation,supporting/admin/fixture/documentation surface explicitly accounted by donor record
v2rayng,V2rayNG/app/src/main/res/values-ar/strings.xml,78baf57095d89f7069248cedad5f5c3b91345f5ceda0d0a1e55a67a5d5799111,33065,file,XML,repository-administration,supporting-evidence,PR225-R036,accounted-supporting-repository-administration,supporting/admin/fixture/documentation surface explicitly accounted by donor record
v2rayng,V2rayNG/app/src/main/res/values-bn/strings.xml,29c3824c8d215bb67ddcfe9207490bce58ca379d9ac5d4d798330a07b03c5435,39293,file,XML,repository-administration,supporting-evidence,PR225-R036,accounted-supporting-repository-administration,supporting/admin/fixture/documentation surface explicitly accounted by donor record
v2rayng,V2rayNG/app/src/main/res/values-bqi-rIR/strings.xml,a5b54af9384924342bc3a35159cabcb88241bf208a31205e4d4bd2d30f2dc303,36350,file,XML,repository-administration,supporting-evidence,PR225-R036,accounted-supporting-repository-administration,supporting/admin/fixture/documentation surface explicitly accounted by donor record
v2rayng,V2rayNG/app/src/main/res/values-fa/strings.xml,82f8f9ef6291e7a03bb19736a21146f6cb2bff20f8e45bd044ddffb893c9b74e,36128,file,XML,repository-administration,supporting-evidence,PR225-R036,accounted-supporting-repository-administration,supporting/admin/fixture/documentation surface explicitly accounted by donor record
v2rayng,V2rayNG/app/src/main/res/values-night/colors.xml,2bfd7a012fb32ac0dc8a6bcc25115255230741236d5ab1373a57a2c9e549ce6a,2200,file,XML,repository-administration,supporting-evidence,PR225-R036,accounted-supporting-repository-administration,supporting/admin/fixture/documentation surface explicitly accounted by donor record
v2rayng,V2rayNG/app/src/main/res/values-night/themes.xml,baebeeb9339f7a9cd4538c0a3c8f4f9739f5079a0c92df1224b9ca1d1422c4e1,478,file,XML,repository-administration,supporting-evidence,PR225-R036,accounted-supporting-repository-administration,supporting/admin/fixture/documentation surface explicitly accounted by donor record
v2rayng,V2rayNG/app/src/main/res/values-ru/strings.xml,44df24ec0f82a98a567895d9db3d9b56d11c2b29486eed081a9bc2d319c126de,39825,file,XML,repository-administration,supporting-evidence,PR225-R036,accounted-supporting-repository-administration,supporting/admin/fixture/documentation surface explicitly accounted by donor record
v2rayng,V2rayNG/app/src/main/res/values-sw360dp-v13/values-preference.xml,2112ddd042fc6dccb8a3371246b5580c1d53c06f0dc35f153fbd79208fef5bd1,356,file,XML,repository-administration,supporting-evidence,PR225-R036,accounted-supporting-repository-administration,supporting/admin/fixture/documentation surface explicitly accounted by donor record
v2rayng,V2rayNG/app/src/main/res/values-vi/strings.xml,0ff019b973e538265ec057cc69204a0ea0963133adb6f544191e64152b198976,31968,file,XML,repository-administration,supporting-evidence,PR225-R036,accounted-supporting-repository-administration,supporting/admin/fixture/documentation surface explicitly accounted by donor record
v2rayng,V2rayNG/app/src/main/res/values-zh-rCN/strings.xml,fd2698ea3bc190993d611877412d77d2d166a5333ca7180fbd7dbfe57583e672,29252,file,XML,repository-administration,supporting-evidence,PR225-R036,accounted-supporting-repository-administration,supporting/admin/fixture/documentation surface explicitly accounted by donor record
v2rayng,V2rayNG/app/src/main/res/values-zh-rTW/strings.xml,93b7826ff617352da9ac854e5bdeb25f81f5b441be3b65b3570fb8e61364d48e,28974,file,XML,repository-administration,supporting-evidence,PR225-R036,accounted-supporting-repository-administration,supporting/admin/fixture/documentation surface explicitly accounted by donor record
v2rayng,V2rayNG/app/src/main/res/values/arrays.xml,1c887fb67004a732ed5091bde73a5e4ce52baa46a04ad0db51b674f05ec5bc5c,6430,file,XML,ui-or-product,authoritative-source,PR225-R036;PR225-M048;PR225-F0692,focused-file-ui-or-product,independent file-level semantic disposition
v2rayng,V2rayNG/app/src/main/res/values/attrs.xml,816145a96e6cadc5396b7d3de14fe5e00ac2d77280445162e5edc5dabe417690,196,file,XML,ui-or-product,authoritative-source,PR225-R036;PR225-M048;PR225-F0693,focused-file-ui-or-product,independent file-level semantic disposition
v2rayng,V2rayNG/app/src/main/res/values/colors.xml,a5aec71ac90da9dbdf68bf5b5911b604e7b4e13938f0771bc26f5e09508c9097,2450,file,XML,ui-or-product,authoritative-source,PR225-R036;PR225-M048;PR225-F0694,focused-file-ui-or-product,independent file-level semantic disposition
v2rayng,V2rayNG/app/src/main/res/values/dimens.xml,f1e7a91fa7f667029d99e95ef74d08dbeac03c253c6c607f077f9ea01ad69f87,507,file,XML,ui-or-product,authoritative-source,PR225-R036;PR225-M048;PR225-F0695,focused-file-ui-or-product,independent file-level semantic disposition
v2rayng,V2rayNG/app/src/main/res/values/ic_banner_background.xml,6bc2fe107b29868206d862d8544323597820a9255852b0f52fb868c44be7e9f4,118,file,XML,ui-or-product,authoritative-source,PR225-R036;PR225-M048;PR225-F0696,focused-file-ui-or-product,independent file-level semantic disposition
v2rayng,V2rayNG/app/src/main/res/values/ic_launcher_background.xml,cd40bafe618ff506f4088778b135cb4faa15f25e0c9b475e22d730c74b7be115,120,file,XML,ui-or-product,authoritative-source,PR225-R036;PR225-M048;PR225-F0697,focused-file-ui-or-product,independent file-level semantic disposition
v2rayng,V2rayNG/app/src/main/res/values/strings.xml,3583cc8537c85b6867a034a1d4e154b4ef8b2863f4641dddfc1b2e6d412da834,30046,file,XML,ui-or-product,authoritative-source,PR225-R036;PR225-M048;PR225-F0698,focused-file-ui-or-product,independent file-level semantic disposition
v2rayng,V2rayNG/app/src/main/res/values/themes.xml,6bee02be3f1aed550cd80714c23388c9a9c2e1de565dd16891a6cb8f10457848,4241,file,XML,ui-or-product,authoritative-source,PR225-R036;PR225-M048;PR225-F0699,focused-file-ui-or-product,independent file-level semantic disposition
v2rayng,V2rayNG/app/src/main/res/xml/app_widget_provider.xml,1bc8f7f6c8e1327b79545e380f9140b62d0fe507dd15687e34d9caa3a4ab74f3,277,file,XML,repository-administration,supporting-evidence,PR225-R036,accounted-supporting-repository-administration,supporting/admin/fixture/documentation surface explicitly accounted by donor record
v2rayng,V2rayNG/app/src/main/res/xml/cache_paths.xml,fe97b12b713862950187876fb74d3d6edc78fbe9231541c4b074ed2b5927a714,113,file,XML,repository-administration,supporting-evidence,PR225-R036,accounted-supporting-repository-administration,supporting/admin/fixture/documentation surface explicitly accounted by donor record
v2rayng,V2rayNG/app/src/main/res/xml/network_security_config.xml,c4096aeb4d98af49534b1667444bf4f635e35f95b6055272033b9d0fa648cd11,411,file,XML,repository-administration,supporting-evidence,PR225-R036,accounted-supporting-repository-administration,supporting/admin/fixture/documentation surface explicitly accounted by donor record
v2rayng,V2rayNG/app/src/main/res/xml/pref_settings.xml,fb6541ea0bf9962a717eebe002dc409dd7885aa0d13ea0c9f7aabf0f7ed01f68,13060,file,XML,repository-administration,supporting-evidence,PR225-R036,accounted-supporting-repository-administration,supporting/admin/fixture/documentation surface explicitly accounted by donor record
v2rayng,V2rayNG/app/src/main/res/xml/shortcuts.xml,a6fc982aa86c61bac666e1d641535f008e86e75d3e40ccfbc79201ebaf13ce78,2614,file,XML,repository-administration,supporting-evidence,PR225-R036,accounted-supporting-repository-administration,supporting/admin/fixture/documentation surface explicitly accounted by donor record
v2rayng,V2rayNG/app/src/pre_release/res/values/strings.xml,69e200e15f07d35a56034e37a5f4d7ad842c0174950653f782c9148ca628c6cf,134,file,XML,ui-or-product,authoritative-source,PR225-R036;PR225-M048;PR225-F0700,focused-file-ui-or-product,independent file-level semantic disposition
v2rayng,V2rayNG/app/src/test/java/com/v2ray/ang/HttpUtilTest.kt,d6c01ba2d4a9c20d7ae0b08fe9be4b624c28b1377488e2d27b99b6132a4d3c44,1624,file,Kotlin,test,authoritative-source,PR225-R036;PR225-M049;PR225-F0701,focused-file-test,independent file-level semantic disposition
v2rayng,V2rayNG/app/src/test/java/com/v2ray/ang/UtilsTest.kt,99d05d4e5e8f2572db9b8b9e37c2c92659ff07111f1570ca85eb7a79cfbc09a6,2319,file,Kotlin,test,authoritative-source,PR225-R036;PR225-M049;PR225-F0702,focused-file-test,independent file-level semantic disposition
v2rayng,V2rayNG/app/src/test/java/com/v2ray/ang/fmt/ShadowsocksFmtTest.kt,7be1d0c503e446bf849194e739d888267d3512d83fe5c92edfbaae0914043699,12831,file,Kotlin,test,authoritative-source,PR225-R036;PR225-M042;PR225-F0703,focused-file-test,independent file-level semantic disposition
v2rayng,V2rayNG/build.gradle.kts,0c9907b1b5e6408ab7c8d92949182c2df4d9a5c58c1adf3534d4639ebeafc40f,360,file,other,configuration,authoritative-source,PR225-R036;PR225-M054;PR225-F0704,focused-file-configuration,independent file-level semantic disposition
v2rayng,V2rayNG/gradle.properties,ae4b20a4801a7f11ba41c2e1bb6d17c8fb210a4dbe3639fec154c4ee1bc48f6f,1763,file,other,configuration,authoritative-source,PR225-R036;PR225-M054;PR225-F0705,focused-file-configuration,independent file-level semantic disposition
v2rayng,V2rayNG/gradle/libs.versions.toml,ec37f97b3329b596c98c4f663f7cc1e21cbbf20a2a87c3902214f32644f5d931,4439,file,TOML,configuration,authoritative-source,PR225-R036;PR225-M054;PR225-F0706,focused-file-configuration,independent file-level semantic disposition
v2rayng,V2rayNG/gradle/wrapper/gradle-wrapper.jar,e996d452d2645e70c01c11143ca2d3742734a28da2bf61f25c82bdc288c9e637,59203,file,other,repository-administration,supporting-evidence,PR225-R036;PR225-M054,focused-module-repository-administration,focused module-level disposition
v2rayng,V2rayNG/gradle/wrapper/gradle-wrapper.properties,1322437abc21f4fb83c5f9d17b66c702e08666a8c50fcd47773f6d288badb0b3,232,file,other,configuration,authoritative-source,PR225-R036;PR225-M054;PR225-F0707,focused-file-configuration,independent file-level semantic disposition
v2rayng,V2rayNG/gradlew,63135287117a1e6d12c84580f1f49c61d1ba02218ecd28660605e97f976e7d65,5766,file,other,repository-administration,supporting-evidence,PR225-R036;PR225-M054,focused-module-repository-administration,focused module-level disposition
v2rayng,V2rayNG/gradlew.bat,c46a27c79007746de5922b17abb6230d64ad8b1ba3ad1585ee5c6543c2a9b129,2674,file,other,script,authoritative-source,PR225-R036;PR225-M054;PR225-F0708,focused-file-script,independent file-level semantic disposition
v2rayng,V2rayNG/settings.gradle.kts,0af64fae0dd7a659aa6c4a05ff7ed672cae3de10b779be5592974b742ad4fb80,581,file,other,configuration,authoritative-source,PR225-R036;PR225-M054;PR225-F0709,focused-file-configuration,independent file-level semantic disposition
v2rayng,compile-hevtun.sh,64daa90f07b8e8d36368769b11821a15f1767cc7203b40b413624ed1a91222d6,1115,file,Shell,script,authoritative-source,PR225-R036;PR225-M055;PR225-F0710,focused-file-script,independent file-level semantic disposition
v2rayng,docs/AGENTS.md,e1480857bd72641ae9fb61155ffadad4550793d2001b194f9ceb244d106a1ae5,4227,file,Markdown,documentation,supporting-evidence,PR225-R036,accounted-supporting-documentation,supporting/admin/fixture/documentation surface explicitly accounted by donor record
v2rayng,fastlane/metadata/android/en-US/full_description.txt,cd8cfea239a866cad90c59bb2c1521aef37cc14024d4f7d1febd6e2799acdd94,1833,file,other,documentation,supporting-evidence,PR225-R036,accounted-supporting-documentation,supporting/admin/fixture/documentation surface explicitly accounted by donor record
v2rayng,fastlane/metadata/android/en-US/images/icon.png,756fd268343e16794922a0d2792bb94f302531e894cef1d8d666e84e5d35ee99,11854,file,other,fixture,supporting-evidence,PR225-R036,accounted-supporting-fixture,supporting/admin/fixture/documentation surface explicitly accounted by donor record
v2rayng,fastlane/metadata/android/en-US/short_description.txt,366a2ebc232c8e4cdb032bec67d79fdfb11b6a01a3a4e37fadfcbbeef952168b,61,file,other,documentation,supporting-evidence,PR225-R036,accounted-supporting-documentation,supporting/admin/fixture/documentation surface explicitly accounted by donor record
v2rayng,fastlane/metadata/android/en-US/title.txt,79fdc1f266c67441613904c5721eb41536ad3ee7c457839c64d8ed263948d3dc,8,file,other,documentation,supporting-evidence,PR225-R036,accounted-supporting-documentation,supporting/admin/fixture/documentation surface explicitly accounted by donor record
warpscanner-android,LICENSE,3972dc9744f6499f0f9b2dbf76696f2ae7ad8af9b23dde66d6af86c9dfb36986,35149,file,other,documentation,supporting-evidence,PR225-R100,accounted-supporting-documentation,supporting/admin/fixture/documentation surface explicitly accounted by donor record
warpscanner-android,README.md,cb04d07e156262a57594c346acda6214e9b36bfd3b3b51e31031c0ac0bc93d66,1168,file,Markdown,documentation,supporting-evidence,PR225-R100,accounted-supporting-documentation,supporting/admin/fixture/documentation surface explicitly accounted by donor record
warpscanner-android,android-flet/v0.1.1/AndroidManifest.xml,d2b91d76a1e956a540477fe2f283ac64ee0f497a00ecbd8a1e7b8364ca8c1168,2866,file,XML,repository-administration,supporting-evidence,PR225-R100;PR225-M102,focused-module-repository-administration,focused module-level disposition
warpscanner-android,android-flet/v0.1.1/WarpScanner/README.md,4bfb2900e50ca8cd7b6c2ea436ffecdc15745ad6538448d8468b5724d64d3562,1371,file,Markdown,documentation,supporting-evidence,PR225-R100;PR225-M102,focused-module-documentation,focused module-level disposition
warpscanner-android,android-flet/v0.1.1/WarpScanner/pyproject.toml,aaabeaa07f0cb386fc82a995ab5d9bd1f4dc107265966ad44b675aa0dc3fce04,1075,file,TOML,configuration,authoritative-source,PR225-R100;PR225-M102;PR225-F0711,focused-file-configuration,independent file-level semantic disposition
warpscanner-android,android-flet/v0.1.1/WarpScanner/src/assets/icon.png,038535bb42fd81a997e4fae6d249bfbb593127b74a83915e8d64a7fa51c1a48c,99288,file,other,fixture,supporting-evidence,PR225-R100;PR225-M102,focused-module-fixture,focused module-level disposition
warpscanner-android,android-flet/v0.1.1/WarpScanner/src/assets/splash_android.png,038535bb42fd81a997e4fae6d249bfbb593127b74a83915e8d64a7fa51c1a48c,99288,file,other,fixture,supporting-evidence,PR225-R100;PR225-M102,focused-module-fixture,focused module-level disposition
warpscanner-android,android-flet/v0.1.1/WarpScanner/src/main.py,eef60bd01459a2a22db87210478b34195c0be6a69e279d0ec06ff35b69a75ed4,65435,file,Python,implementation,authoritative-source,PR225-R100;PR225-M102;PR225-F0712,focused-file-implementation,independent file-level semantic disposition
warpscanner-android,android-flet/v0.1.1/kotlin/MainActivity.kt,0e33e5c96d66000a6b9667de3369f39ca670e2847ab0512ba8aa61c9f030698a,5414,file,Kotlin,implementation,authoritative-source,PR225-R100;PR225-M102;PR225-F0713,focused-file-implementation,independent file-level semantic disposition
warpscanner-android,android-flet/v0.1.1/kotlin/PermissionCallback.kt,27b56209af9d5568149acd2f7856be755a2a93813fec46ca86654bc18e3a29fd,164,file,Kotlin,implementation,authoritative-source,PR225-R100;PR225-M102;PR225-F0714,focused-file-implementation,independent file-level semantic disposition
warpscanner-android,android-flet/v0.1.1/kotlin/PermissionHelper.kt,e2628c4133dfffed62b6275376f7f44f2c4d94f50d4ded95db56a3fad98d8a70,3117,file,Kotlin,implementation,authoritative-source,PR225-R100;PR225-M102;PR225-F0715,focused-file-implementation,independent file-level semantic disposition
warpscanner-android,android-flet/v0.1.1/kotlin/PermissionUtils.kt,73f603d5e88c49d929fef2fecdbbd18237d6d2b25d8f2abf90bf458a5cd04902,9181,file,Kotlin,implementation,authoritative-source,PR225-R100;PR225-M102;PR225-F0716,focused-file-implementation,independent file-level semantic disposition
warpscanner-android,android-flet/v0.1.3/AndroidManifest.xml,d2b91d76a1e956a540477fe2f283ac64ee0f497a00ecbd8a1e7b8364ca8c1168,2866,file,XML,repository-administration,supporting-evidence,PR225-R100;PR225-M102,focused-module-repository-administration,focused module-level disposition
warpscanner-android,android-flet/v0.1.3/WarpScanner/README.md,4bfb2900e50ca8cd7b6c2ea436ffecdc15745ad6538448d8468b5724d64d3562,1371,file,Markdown,documentation,supporting-evidence,PR225-R100;PR225-M102,focused-module-documentation,focused module-level disposition
warpscanner-android,android-flet/v0.1.3/WarpScanner/pyproject.toml,619a304a44f8bb08e094a9f0f351345d79a37e17df749578f72b94125b222b77,1075,file,TOML,configuration,authoritative-source,PR225-R100;PR225-M102;PR225-F0717,focused-file-configuration,independent file-level semantic disposition
warpscanner-android,android-flet/v0.1.3/WarpScanner/src/assets/icon.png,038535bb42fd81a997e4fae6d249bfbb593127b74a83915e8d64a7fa51c1a48c,99288,file,other,fixture,supporting-evidence,PR225-R100;PR225-M102,focused-module-fixture,focused module-level disposition
warpscanner-android,android-flet/v0.1.3/WarpScanner/src/assets/splash_android.png,038535bb42fd81a997e4fae6d249bfbb593127b74a83915e8d64a7fa51c1a48c,99288,file,other,fixture,supporting-evidence,PR225-R100;PR225-M102,focused-module-fixture,focused module-level disposition
warpscanner-android,android-flet/v0.1.3/WarpScanner/src/main.py,4aa81c134ecf5dbeca287ee41478fd925416bef3344c2b5064890161f4d80d77,66069,file,Python,implementation,authoritative-source,PR225-R100;PR225-M102;PR225-F0718,focused-file-implementation,independent file-level semantic disposition
warpscanner-android,android-flet/v0.1.3/kotlin/MainActivity.kt,2dc4686c4264e4858312cee2ebe5b647b6700cbbecaba841e88240a871889031,8792,file,Kotlin,implementation,authoritative-source,PR225-R100;PR225-M102;PR225-F0719,focused-file-implementation,independent file-level semantic disposition
warpscanner-android,android-flet/v0.1.3/kotlin/PermissionCallback.kt,27b56209af9d5568149acd2f7856be755a2a93813fec46ca86654bc18e3a29fd,164,file,Kotlin,implementation,authoritative-source,PR225-R100;PR225-M102;PR225-F0720,focused-file-implementation,independent file-level semantic disposition
warpscanner-android,android-flet/v0.1.3/kotlin/PermissionHelper.kt,e2628c4133dfffed62b6275376f7f44f2c4d94f50d4ded95db56a3fad98d8a70,3117,file,Kotlin,implementation,authoritative-source,PR225-R100;PR225-M102;PR225-F0721,focused-file-implementation,independent file-level semantic disposition
warpscanner-android,android-flet/v0.1.3/kotlin/PermissionUtils.kt,73f603d5e88c49d929fef2fecdbbd18237d6d2b25d8f2abf90bf458a5cd04902,9181,file,Kotlin,implementation,authoritative-source,PR225-R100;PR225-M102;PR225-F0722,focused-file-implementation,independent file-level semantic disposition
warpscanner-android,android-toga/v0.0.1.py,cb8976cbb0de6b936559eb0eaac3881c381eb4d70e904e364f1691aa9ff806ba,82673,file,Python,implementation,authoritative-source,PR225-R100;PR225-M101;PR225-F0723,focused-file-implementation,independent file-level semantic disposition
warpscanner-android,android-toga/v0.0.2/v0.0.2.py,d0c9e757e888004896dcf754c5411fe40aa13d9d1e63a7d5f8f49eb046b216cc,85585,file,Python,implementation,authoritative-source,PR225-R100;PR225-M101;PR225-F0724,focused-file-implementation,independent file-level semantic disposition
warpscanner-android,android-toga/v0.0.3/java/.MainActivity.java.swp,f2e9e6e2aa2144d1e61ae0c42f9abc5d463c83237a38daec0ee84963f052e0e5,16384,file,other,repository-administration,supporting-evidence,PR225-R100;PR225-M101,focused-module-repository-administration,focused module-level disposition
warpscanner-android,android-toga/v0.0.3/java/DrawHandlerView.java,9ade56f9f86e4c17ec43901efd3fff686e3cc303c1dad5c990eca52cdd3fca58,467,file,Java,implementation,authoritative-source,PR225-R100;PR225-M101;PR225-F0725,focused-file-implementation,independent file-level semantic disposition
warpscanner-android,android-toga/v0.0.3/java/IDrawHandler.java,5502d5c34ce29236a917c1b2d9624bc150dcf69f77da1de5f68df917cef2af5c,124,file,Java,implementation,authoritative-source,PR225-R100;PR225-M101;PR225-F0726,focused-file-implementation,independent file-level semantic disposition
warpscanner-android,android-toga/v0.0.3/java/IPythonApp.java,ff254c66ca36608c9724a6cd2c13bc36d36c9764e53f946755a429a8deecdc34,605,file,Java,implementation,authoritative-source,PR225-R100;PR225-M101;PR225-F0727,focused-file-implementation,independent file-level semantic disposition
warpscanner-android,android-toga/v0.0.3/java/MainActivity.java,76f23670155e6753b2324ce98be2e23b8c9a98efc981bd42c2653279fb70c1b4,6939,file,Java,implementation,authoritative-source,PR225-R100;PR225-M101;PR225-F0728,focused-file-implementation,independent file-level semantic disposition
warpscanner-android,android-toga/v0.0.3/java/PermissionUtils.java,f585fc8ed912134210091c9384d398f058d78931c7001f860e09cf808200e4d1,818,file,Java,implementation,authoritative-source,PR225-R100;PR225-M101;PR225-F0729,focused-file-implementation,independent file-level semantic disposition
warpscanner-android,android-toga/v0.0.3/v0.0.3.py,422bec99299f39a4c45298bf85c3a3e93a02f9d8b64141004a5fc7c0dfe05e3e,86139,file,Python,implementation,authoritative-source,PR225-R100;PR225-M101;PR225-F0730,focused-file-implementation,independent file-level semantic disposition
warpscanner-android,android-toga/v0.0.4/java/.MainActivity.java.swp,f2e9e6e2aa2144d1e61ae0c42f9abc5d463c83237a38daec0ee84963f052e0e5,16384,file,other,repository-administration,supporting-evidence,PR225-R100;PR225-M101,focused-module-repository-administration,focused module-level disposition
warpscanner-android,android-toga/v0.0.4/java/DrawHandlerView.java,9ade56f9f86e4c17ec43901efd3fff686e3cc303c1dad5c990eca52cdd3fca58,467,file,Java,implementation,authoritative-source,PR225-R100;PR225-M101;PR225-F0731,focused-file-implementation,independent file-level semantic disposition
warpscanner-android,android-toga/v0.0.4/java/IDrawHandler.java,5502d5c34ce29236a917c1b2d9624bc150dcf69f77da1de5f68df917cef2af5c,124,file,Java,implementation,authoritative-source,PR225-R100;PR225-M101;PR225-F0732,focused-file-implementation,independent file-level semantic disposition
warpscanner-android,android-toga/v0.0.4/java/IPythonApp.java,ff254c66ca36608c9724a6cd2c13bc36d36c9764e53f946755a429a8deecdc34,605,file,Java,implementation,authoritative-source,PR225-R100;PR225-M101;PR225-F0733,focused-file-implementation,independent file-level semantic disposition
warpscanner-android,android-toga/v0.0.4/java/MainActivity.java,02c990c5cf28618a2126deedc0214d0b9b3839ae1e4bfba52a2f759b893287aa,7244,file,Java,implementation,authoritative-source,PR225-R100;PR225-M101;PR225-F0734,focused-file-implementation,independent file-level semantic disposition
warpscanner-android,android-toga/v0.0.4/java/PermissionUtils.java,f585fc8ed912134210091c9384d398f058d78931c7001f860e09cf808200e4d1,818,file,Java,implementation,authoritative-source,PR225-R100;PR225-M101;PR225-F0735,focused-file-implementation,independent file-level semantic disposition
warpscanner-android,android-toga/v0.0.4/java/VersionChecker.java,9c0c43a5fae88002932efdccd8091c7c1857b548b5f797b1eda7b93ac91bb38c,2856,file,Java,implementation,authoritative-source,PR225-R100;PR225-M101;PR225-F0736,focused-file-implementation,independent file-level semantic disposition
warpscanner-android,android-toga/v0.0.4/java/tt,bbdf7b8c3cc5267ca09e667e50c5eaa0b7ae206093870a151f5dc8759467486d,3,file,other,repository-administration,supporting-evidence,PR225-R100;PR225-M101,focused-module-repository-administration,focused module-level disposition
warpscanner-android,android-toga/v0.0.4/v0.0.4.py,dff3ad01100fccc3ea56831de99f21526e5deb2972aab9d59acc06de8965bce2,86713,file,Python,implementation,authoritative-source,PR225-R100;PR225-M101;PR225-F0737,focused-file-implementation,independent file-level semantic disposition
warpscanner-android,android-toga/v0.0.5/java/.MainActivity.java.swp,f2e9e6e2aa2144d1e61ae0c42f9abc5d463c83237a38daec0ee84963f052e0e5,16384,file,other,repository-administration,supporting-evidence,PR225-R100;PR225-M101,focused-module-repository-administration,focused module-level disposition
warpscanner-android,android-toga/v0.0.5/java/DrawHandlerView.java,9ade56f9f86e4c17ec43901efd3fff686e3cc303c1dad5c990eca52cdd3fca58,467,file,Java,implementation,authoritative-source,PR225-R100;PR225-M101;PR225-F0738,focused-file-implementation,independent file-level semantic disposition
warpscanner-android,android-toga/v0.0.5/java/IDrawHandler.java,5502d5c34ce29236a917c1b2d9624bc150dcf69f77da1de5f68df917cef2af5c,124,file,Java,implementation,authoritative-source,PR225-R100;PR225-M101;PR225-F0739,focused-file-implementation,independent file-level semantic disposition
warpscanner-android,android-toga/v0.0.5/java/IPythonApp.java,ff254c66ca36608c9724a6cd2c13bc36d36c9764e53f946755a429a8deecdc34,605,file,Java,implementation,authoritative-source,PR225-R100;PR225-M101;PR225-F0740,focused-file-implementation,independent file-level semantic disposition
warpscanner-android,android-toga/v0.0.5/java/LTRConfig.java,5f004a27e3f8436de4840475a80d24f79349a9539a415e7ca3ee863a2cd2e4e1,936,file,Java,implementation,authoritative-source,PR225-R100;PR225-M101;PR225-F0741,focused-file-implementation,independent file-level semantic disposition
warpscanner-android,android-toga/v0.0.5/java/LoggingConfig.java,bd5333e8c48127fa3d0c6904f566962aa8bab04a02d96dc7ac5ff397a27ac213,1193,file,Java,implementation,authoritative-source,PR225-R100;PR225-M101;PR225-F0742,focused-file-implementation,independent file-level semantic disposition
warpscanner-android,android-toga/v0.0.5/java/MainActivity.java,b4233356752ed1a6ea085631c6b670ceb077696b66224463a2f5308900944528,8245,file,Java,implementation,authoritative-source,PR225-R100;PR225-M101;PR225-F0743,focused-file-implementation,independent file-level semantic disposition
warpscanner-android,android-toga/v0.0.5/java/PermissionUtils.java,f585fc8ed912134210091c9384d398f058d78931c7001f860e09cf808200e4d1,818,file,Java,implementation,authoritative-source,PR225-R100;PR225-M101;PR225-F0744,focused-file-implementation,independent file-level semantic disposition
warpscanner-android,android-toga/v0.0.5/java/VersionChecker.java,9c0c43a5fae88002932efdccd8091c7c1857b548b5f797b1eda7b93ac91bb38c,2856,file,Java,implementation,authoritative-source,PR225-R100;PR225-M101;PR225-F0745,focused-file-implementation,independent file-level semantic disposition
warpscanner-android,android-toga/v0.0.5/v0.0.5.py,0feed1f9427ffda9e9bcf4213cc93931120ce0cfc5485f54bbf30ccf63911a0b,87859,file,Python,implementation,authoritative-source,PR225-R100;PR225-M101;PR225-F0746,focused-file-implementation,independent file-level semantic disposition
warpscanner-android,android-toga/v0.0.6/AndroidManifest.xml,4a4e2fac7950b67e0a3f1d5c66127f803d9b1eaaedbc250c1118c89730e28002,2010,file,XML,repository-administration,supporting-evidence,PR225-R100;PR225-M101,focused-module-repository-administration,focused module-level disposition
warpscanner-android,android-toga/v0.0.6/java/.MainActivity.java.swp,f2e9e6e2aa2144d1e61ae0c42f9abc5d463c83237a38daec0ee84963f052e0e5,16384,file,other,repository-administration,supporting-evidence,PR225-R100;PR225-M101,focused-module-repository-administration,focused module-level disposition
warpscanner-android,android-toga/v0.0.6/java/DrawHandlerView.java,9ade56f9f86e4c17ec43901efd3fff686e3cc303c1dad5c990eca52cdd3fca58,467,file,Java,implementation,authoritative-source,PR225-R100;PR225-M101;PR225-F0747,focused-file-implementation,independent file-level semantic disposition
warpscanner-android,android-toga/v0.0.6/java/IDrawHandler.java,5502d5c34ce29236a917c1b2d9624bc150dcf69f77da1de5f68df917cef2af5c,124,file,Java,implementation,authoritative-source,PR225-R100;PR225-M101;PR225-F0748,focused-file-implementation,independent file-level semantic disposition
warpscanner-android,android-toga/v0.0.6/java/IPythonApp.java,ff254c66ca36608c9724a6cd2c13bc36d36c9764e53f946755a429a8deecdc34,605,file,Java,implementation,authoritative-source,PR225-R100;PR225-M101;PR225-F0749,focused-file-implementation,independent file-level semantic disposition
warpscanner-android,android-toga/v0.0.6/java/LTRConfig.java,5f004a27e3f8436de4840475a80d24f79349a9539a415e7ca3ee863a2cd2e4e1,936,file,Java,implementation,authoritative-source,PR225-R100;PR225-M101;PR225-F0750,focused-file-implementation,independent file-level semantic disposition
warpscanner-android,android-toga/v0.0.6/java/LoggingConfig.java,bd5333e8c48127fa3d0c6904f566962aa8bab04a02d96dc7ac5ff397a27ac213,1193,file,Java,implementation,authoritative-source,PR225-R100;PR225-M101;PR225-F0751,focused-file-implementation,independent file-level semantic disposition
warpscanner-android,android-toga/v0.0.6/java/MainActivity.java,9ff139db58b0e619104454d7869f1e63f03652fe24730a16dc791a222998b935,10560,file,Java,implementation,authoritative-source,PR225-R100;PR225-M101;PR225-F0752,focused-file-implementation,independent file-level semantic disposition
warpscanner-android,android-toga/v0.0.6/java/PermissionUtils.java,5f995fd90365990ecbf6a00b1f5d118af739d34e0d6d75b1aa7621eaa6ea4784,1578,file,Java,implementation,authoritative-source,PR225-R100;PR225-M101;PR225-F0753,focused-file-implementation,independent file-level semantic disposition
warpscanner-android,android-toga/v0.0.6/java/VersionChecker.java,736630aee2a8e1f52bf70bf3c6e940426144f94d1cb0cad4edc0a0f355f617ce,4041,file,Java,implementation,authoritative-source,PR225-R100;PR225-M101;PR225-F0754,focused-file-implementation,independent file-level semantic disposition
warpscanner-android,android-toga/v0.0.6/v0.0.6.py,d565b418befe7ccaee07071cfebf9b9481263b6ea23110edb050d4ef2bdf4a7f,89448,file,Python,implementation,authoritative-source,PR225-R100;PR225-M101;PR225-F0755,focused-file-implementation,independent file-level semantic disposition
warpscanner-android,android-toga/v0.0.7/java/.MainActivity.java.swp,f2e9e6e2aa2144d1e61ae0c42f9abc5d463c83237a38daec0ee84963f052e0e5,16384,file,other,repository-administration,supporting-evidence,PR225-R100;PR225-M101,focused-module-repository-administration,focused module-level disposition
warpscanner-android,android-toga/v0.0.7/java/DrawHandlerView.java,9ade56f9f86e4c17ec43901efd3fff686e3cc303c1dad5c990eca52cdd3fca58,467,file,Java,implementation,authoritative-source,PR225-R100;PR225-M101;PR225-F0756,focused-file-implementation,independent file-level semantic disposition
warpscanner-android,android-toga/v0.0.7/java/IDrawHandler.java,5502d5c34ce29236a917c1b2d9624bc150dcf69f77da1de5f68df917cef2af5c,124,file,Java,implementation,authoritative-source,PR225-R100;PR225-M101;PR225-F0757,focused-file-implementation,independent file-level semantic disposition
warpscanner-android,android-toga/v0.0.7/java/IPythonApp.java,ff254c66ca36608c9724a6cd2c13bc36d36c9764e53f946755a429a8deecdc34,605,file,Java,implementation,authoritative-source,PR225-R100;PR225-M101;PR225-F0758,focused-file-implementation,independent file-level semantic disposition
warpscanner-android,android-toga/v0.0.7/java/LTRConfig.java,5f004a27e3f8436de4840475a80d24f79349a9539a415e7ca3ee863a2cd2e4e1,936,file,Java,implementation,authoritative-source,PR225-R100;PR225-M101;PR225-F0759,focused-file-implementation,independent file-level semantic disposition
warpscanner-android,android-toga/v0.0.7/java/LoggingConfig.java,bd5333e8c48127fa3d0c6904f566962aa8bab04a02d96dc7ac5ff397a27ac213,1193,file,Java,implementation,authoritative-source,PR225-R100;PR225-M101;PR225-F0760,focused-file-implementation,independent file-level semantic disposition
warpscanner-android,android-toga/v0.0.7/java/MainActivity.java,466cd1e451e8d6f25f638d79b8f06b9b6a9b83094130b305503ff20671cc79fd,10669,file,Java,implementation,authoritative-source,PR225-R100;PR225-M101;PR225-F0761,focused-file-implementation,independent file-level semantic disposition
warpscanner-android,android-toga/v0.0.7/java/PermissionUtils.java,5f995fd90365990ecbf6a00b1f5d118af739d34e0d6d75b1aa7621eaa6ea4784,1578,file,Java,implementation,authoritative-source,PR225-R100;PR225-M101;PR225-F0762,focused-file-implementation,independent file-level semantic disposition
warpscanner-android,android-toga/v0.0.7/java/VersionChecker.java,d466150f35f7bcf0a79dbe26562762728ae5a6586f61f3a23d53ad06d10926cd,4041,file,Java,implementation,authoritative-source,PR225-R100;PR225-M101;PR225-F0763,focused-file-implementation,independent file-level semantic disposition
warpscanner-android,android-toga/v0.0.7/v0.0.7.py,fd4aa112a6e9610fbe9d85aa92b1984f2d7dbaad35ff7ce81065d6714530cb43,89156,file,Python,implementation,authoritative-source,PR225-R100;PR225-M101;PR225-F0764,focused-file-implementation,independent file-level semantic disposition
warpscanner-android,android-toga/v0.0.8/java/.MainActivity.java.swp,f2e9e6e2aa2144d1e61ae0c42f9abc5d463c83237a38daec0ee84963f052e0e5,16384,file,other,repository-administration,supporting-evidence,PR225-R100;PR225-M101,focused-module-repository-administration,focused module-level disposition
warpscanner-android,android-toga/v0.0.8/java/DrawHandlerView.java,9ade56f9f86e4c17ec43901efd3fff686e3cc303c1dad5c990eca52cdd3fca58,467,file,Java,implementation,authoritative-source,PR225-R100;PR225-M101;PR225-F0765,focused-file-implementation,independent file-level semantic disposition
warpscanner-android,android-toga/v0.0.8/java/IDrawHandler.java,5502d5c34ce29236a917c1b2d9624bc150dcf69f77da1de5f68df917cef2af5c,124,file,Java,implementation,authoritative-source,PR225-R100;PR225-M101;PR225-F0766,focused-file-implementation,independent file-level semantic disposition
warpscanner-android,android-toga/v0.0.8/java/IPythonApp.java,ff254c66ca36608c9724a6cd2c13bc36d36c9764e53f946755a429a8deecdc34,605,file,Java,implementation,authoritative-source,PR225-R100;PR225-M101;PR225-F0767,focused-file-implementation,independent file-level semantic disposition
warpscanner-android,android-toga/v0.0.8/java/LTRConfig.java,5f004a27e3f8436de4840475a80d24f79349a9539a415e7ca3ee863a2cd2e4e1,936,file,Java,implementation,authoritative-source,PR225-R100;PR225-M101;PR225-F0768,focused-file-implementation,independent file-level semantic disposition
warpscanner-android,android-toga/v0.0.8/java/LoggingConfig.java,bd5333e8c48127fa3d0c6904f566962aa8bab04a02d96dc7ac5ff397a27ac213,1193,file,Java,implementation,authoritative-source,PR225-R100;PR225-M101;PR225-F0769,focused-file-implementation,independent file-level semantic disposition
warpscanner-android,android-toga/v0.0.8/java/MainActivity.java,466cd1e451e8d6f25f638d79b8f06b9b6a9b83094130b305503ff20671cc79fd,10669,file,Java,implementation,authoritative-source,PR225-R100;PR225-M101;PR225-F0770,focused-file-implementation,independent file-level semantic disposition
warpscanner-android,android-toga/v0.0.8/java/PermissionUtils.java,5f995fd90365990ecbf6a00b1f5d118af739d34e0d6d75b1aa7621eaa6ea4784,1578,file,Java,implementation,authoritative-source,PR225-R100;PR225-M101;PR225-F0771,focused-file-implementation,independent file-level semantic disposition
warpscanner-android,android-toga/v0.0.8/java/VersionChecker.java,21951cfbc5f752b16fef11c997124d67a32471f003021206226ba8d99ee10c78,4041,file,Java,implementation,authoritative-source,PR225-R100;PR225-M101;PR225-F0772,focused-file-implementation,independent file-level semantic disposition
warpscanner-android,android-toga/v0.0.8/java/j,01ba4719c80b6fe911b091a7c05124b64eeece964e09c058ef8f9805daca546b,1,file,other,repository-administration,supporting-evidence,PR225-R100;PR225-M101,focused-module-repository-administration,focused module-level disposition
warpscanner-android,android-toga/v0.0.8/v0.0.8.py,446233b4d641aea2a5f3fd8ed647a651d3860211607638f82623ec05b482fd3c,89273,file,Python,implementation,authoritative-source,PR225-R100;PR225-M101;PR225-F0773,focused-file-implementation,independent file-level semantic disposition
warpscanner-android,android-toga/v0.0.9/java/.MainActivity.java.swp,f2e9e6e2aa2144d1e61ae0c42f9abc5d463c83237a38daec0ee84963f052e0e5,16384,file,other,repository-administration,supporting-evidence,PR225-R100;PR225-M101,focused-module-repository-administration,focused module-level disposition
warpscanner-android,android-toga/v0.0.9/java/DrawHandlerView.java,9ade56f9f86e4c17ec43901efd3fff686e3cc303c1dad5c990eca52cdd3fca58,467,file,Java,implementation,authoritative-source,PR225-R100;PR225-M101;PR225-F0774,focused-file-implementation,independent file-level semantic disposition
warpscanner-android,android-toga/v0.0.9/java/IDrawHandler.java,5502d5c34ce29236a917c1b2d9624bc150dcf69f77da1de5f68df917cef2af5c,124,file,Java,implementation,authoritative-source,PR225-R100;PR225-M101;PR225-F0775,focused-file-implementation,independent file-level semantic disposition
warpscanner-android,android-toga/v0.0.9/java/IPythonApp.java,ff254c66ca36608c9724a6cd2c13bc36d36c9764e53f946755a429a8deecdc34,605,file,Java,implementation,authoritative-source,PR225-R100;PR225-M101;PR225-F0776,focused-file-implementation,independent file-level semantic disposition
warpscanner-android,android-toga/v0.0.9/java/LTRConfig.java,5f004a27e3f8436de4840475a80d24f79349a9539a415e7ca3ee863a2cd2e4e1,936,file,Java,implementation,authoritative-source,PR225-R100;PR225-M101;PR225-F0777,focused-file-implementation,independent file-level semantic disposition
warpscanner-android,android-toga/v0.0.9/java/LoggingConfig.java,bd5333e8c48127fa3d0c6904f566962aa8bab04a02d96dc7ac5ff397a27ac213,1193,file,Java,implementation,authoritative-source,PR225-R100;PR225-M101;PR225-F0778,focused-file-implementation,independent file-level semantic disposition
warpscanner-android,android-toga/v0.0.9/java/MainActivity.java,466cd1e451e8d6f25f638d79b8f06b9b6a9b83094130b305503ff20671cc79fd,10669,file,Java,implementation,authoritative-source,PR225-R100;PR225-M101;PR225-F0779,focused-file-implementation,independent file-level semantic disposition
warpscanner-android,android-toga/v0.0.9/java/PermissionUtils.java,5f995fd90365990ecbf6a00b1f5d118af739d34e0d6d75b1aa7621eaa6ea4784,1578,file,Java,implementation,authoritative-source,PR225-R100;PR225-M101;PR225-F0780,focused-file-implementation,independent file-level semantic disposition
warpscanner-android,android-toga/v0.0.9/java/VersionChecker.java,6013ad49e62283163fecc47cd39caf84e281233d1b270b508328682c15b546ff,4041,file,Java,implementation,authoritative-source,PR225-R100;PR225-M101;PR225-F0781,focused-file-implementation,independent file-level semantic disposition
warpscanner-android,android-toga/v0.0.9/v0.0.9.py,46c0678b50c43c5b8345cd9c59185be6b4ef5ff97e774eb09925296e9b1096ea,89321,file,Python,implementation,authoritative-source,PR225-R100;PR225-M101;PR225-F0782,focused-file-implementation,independent file-level semantic disposition
warpscanner-android,android-toga/v0.1.0/WarpScanner/AndroidManifest.xml,d2b91d76a1e956a540477fe2f283ac64ee0f497a00ecbd8a1e7b8364ca8c1168,2866,file,XML,repository-administration,supporting-evidence,PR225-R100;PR225-M101,focused-module-repository-administration,focused module-level disposition
warpscanner-android,android-toga/v0.1.0/WarpScanner/WarpScanner/README.md,4bfb2900e50ca8cd7b6c2ea436ffecdc15745ad6538448d8468b5724d64d3562,1371,file,Markdown,documentation,supporting-evidence,PR225-R100;PR225-M101,focused-module-documentation,focused module-level disposition
warpscanner-android,android-toga/v0.1.0/WarpScanner/WarpScanner/pyproject.toml,aaabeaa07f0cb386fc82a995ab5d9bd1f4dc107265966ad44b675aa0dc3fce04,1075,file,TOML,configuration,authoritative-source,PR225-R100;PR225-M101;PR225-F0783,focused-file-configuration,independent file-level semantic disposition
warpscanner-android,android-toga/v0.1.0/WarpScanner/WarpScanner/src/assets/icon.png,038535bb42fd81a997e4fae6d249bfbb593127b74a83915e8d64a7fa51c1a48c,99288,file,other,fixture,supporting-evidence,PR225-R100;PR225-M101,focused-module-fixture,focused module-level disposition
warpscanner-android,android-toga/v0.1.0/WarpScanner/WarpScanner/src/assets/splash_android.png,038535bb42fd81a997e4fae6d249bfbb593127b74a83915e8d64a7fa51c1a48c,99288,file,other,fixture,supporting-evidence,PR225-R100;PR225-M101,focused-module-fixture,focused module-level disposition
warpscanner-android,android-toga/v0.1.0/WarpScanner/WarpScanner/src/main.py,3580953e1e2b4d70d13c59f7a5cb2bc38ee79b2421df720b20c9cf935a5b6dba,60692,file,Python,implementation,authoritative-source,PR225-R100;PR225-M101;PR225-F0784,focused-file-implementation,independent file-level semantic disposition
warpscanner-android,android-toga/v0.1.0/WarpScanner/kotlin/MainActivity.kt,0e33e5c96d66000a6b9667de3369f39ca670e2847ab0512ba8aa61c9f030698a,5414,file,Kotlin,implementation,authoritative-source,PR225-R100;PR225-M101;PR225-F0785,focused-file-implementation,independent file-level semantic disposition
warpscanner-android,android-toga/v0.1.0/WarpScanner/kotlin/PermissionCallback.kt,27b56209af9d5568149acd2f7856be755a2a93813fec46ca86654bc18e3a29fd,164,file,Kotlin,implementation,authoritative-source,PR225-R100;PR225-M101;PR225-F0786,focused-file-implementation,independent file-level semantic disposition
warpscanner-android,android-toga/v0.1.0/WarpScanner/kotlin/PermissionHelper.kt,e2628c4133dfffed62b6275376f7f44f2c4d94f50d4ded95db56a3fad98d8a70,3117,file,Kotlin,implementation,authoritative-source,PR225-R100;PR225-M101;PR225-F0787,focused-file-implementation,independent file-level semantic disposition
warpscanner-android,android-toga/v0.1.0/WarpScanner/kotlin/PermissionUtils.kt,73f603d5e88c49d929fef2fecdbbd18237d6d2b25d8f2abf90bf458a5cd04902,9181,file,Kotlin,implementation,authoritative-source,PR225-R100;PR225-M101;PR225-F0788,focused-file-implementation,independent file-level semantic disposition
warpscanner-android,android-toga/v0.1.0/n,01ba4719c80b6fe911b091a7c05124b64eeece964e09c058ef8f9805daca546b,1,file,other,repository-administration,supporting-evidence,PR225-R100;PR225-M101,focused-module-repository-administration,focused module-level disposition
warpscanner-android,android-toga/version.txt,d0b4f9120ba026c00fa23cb84b4e1620a2e6436592e58155a5151653179572c0,7,file,other,documentation,supporting-evidence,PR225-R100;PR225-M101,focused-module-documentation,focused module-level disposition
wintun,.clang-format,ea197904d7d43f8e50b66b9bd29bc13187ce709e1dce2fbc68f380b39918072e,3429,file,other,repository-administration,supporting-evidence,PR225-R103,accounted-supporting-repository-administration,supporting/admin/fixture/documentation surface explicitly accounted by donor record
wintun,.editorconfig,d3536ea669065b1809a6fda52328fdac52d10025bb995dcc9f0eca3ce2541be2,125,file,other,repository-administration,supporting-evidence,PR225-R103,accounted-supporting-repository-administration,supporting/admin/fixture/documentation surface explicitly accounted by donor record
wintun,.gitignore,461c2eaa46095412e2b6310cf88ae1d67967e6ed68e4507762f1e5caf3122d17,293,file,other,repository-administration,supporting-evidence,PR225-R103,accounted-supporting-repository-administration,supporting/admin/fixture/documentation surface explicitly accounted by donor record
wintun,COPYING,624fe2613ad475b6f312635bc712b82100c49d9f2f8280e1e732fefbffaa9ec6,18161,file,other,repository-administration,supporting-evidence,PR225-R103,accounted-supporting-repository-administration,supporting/admin/fixture/documentation surface explicitly accounted by donor record
wintun,README.md,139e762683c64cea2b4f80108fc54dfc47c98d4190e07d0436d2d5a114fbcbbc,13577,file,Markdown,documentation,supporting-evidence,PR225-R103,accounted-supporting-documentation,supporting/admin/fixture/documentation surface explicitly accounted by donor record
wintun,api/adapter.c,38d885f5019b83c3f2a0aceda2c874e41abf6332960a2205f9d752b30f43883c,33673,file,C,implementation,authoritative-source,PR225-R103;PR225-M104;PR225-F0789,focused-file-implementation,independent file-level semantic disposition
wintun,api/adapter.h,24ae94e001419e0f591e7a825666fbe195c6bdaf893d5dabb4d56369b3e0df89,3892,file,C/C++ header,implementation,authoritative-source,PR225-R103;PR225-M104;PR225-F0790,focused-file-implementation,independent file-level semantic disposition
wintun,api/adapter_win7.h,c8abc4427980c3bbc9cff78f77dcd367a49033c3a4e538ca605b1dffa4d4c891,12501,file,C/C++ header,implementation,authoritative-source,PR225-R103;PR225-M104;PR225-F0791,focused-file-implementation,independent file-level semantic disposition
wintun,api/api.vcxproj,b95d5696c0922a6f903b8d7b724b5986e8aa605eb09661cc18a84a0dbe1f7b7d,5624,file,other,repository-administration,supporting-evidence,PR225-R103;PR225-M104,focused-module-repository-administration,focused module-level disposition
wintun,api/api.vcxproj.filters,e89a875f48b7286783a729954712a86c445657b453b9de5b597b9f419c3da62d,3067,file,other,repository-administration,supporting-evidence,PR225-R103;PR225-M104,focused-module-repository-administration,focused module-level disposition
wintun,api/driver.c,67aaa39c2ec1230ab3fcbf1d989a033f6be7918502535f0ad32701918b69e600,18491,file,C,implementation,authoritative-source,PR225-R103;PR225-M104;PR225-F0792,focused-file-implementation,independent file-level semantic disposition
wintun,api/driver.h,80300634852d485d28a6ecfbd9cc248f75a61c33bb9780aa205b10bc392d0404,821,file,C/C++ header,implementation,authoritative-source,PR225-R103;PR225-M104;PR225-F0793,focused-file-implementation,independent file-level semantic disposition
wintun,api/exports.def,5ff47842d94fe4bae05bc0179fc84cde5378d43ad96ccad91f096c72a5451508,332,file,other,repository-administration,supporting-evidence,PR225-R103;PR225-M104,focused-module-repository-administration,focused module-level disposition
wintun,api/extract-driverver.js,f720b5613568c7eb092ea5a641aac35115ddd87fccdcf7038203a294c52e33f4,747,file,JavaScript,implementation,authoritative-source,PR225-R103;PR225-M104;PR225-F0794,focused-file-implementation,independent file-level semantic disposition
wintun,api/logger.c,4e0e6cdf27f60150108ef6765746f2a51e03351e547a632f618706787fb8a03d,3725,file,C,implementation,authoritative-source,PR225-R103;PR225-M104;PR225-F0795,focused-file-implementation,independent file-level semantic disposition
wintun,api/logger.h,44bddcdf6e1fd5e31932940ecdbc3f436ae8161bc09bfa5ac1a9117bf667a1fc,5268,file,C/C++ header,implementation,authoritative-source,PR225-R103;PR225-M104;PR225-F0796,focused-file-implementation,independent file-level semantic disposition
wintun,api/main.c,735c1b9f4e8187d9fcdade495252136138764119d80e6f1a42c8dae96e9ec820,3803,file,C,implementation,authoritative-source,PR225-R103;PR225-M104;PR225-F0797,focused-file-implementation,independent file-level semantic disposition
wintun,api/main.h,377404e2c516781f571d3a59bb04b6946621f81cfd255be8e340b20ccab6ec72,867,file,C/C++ header,implementation,authoritative-source,PR225-R103;PR225-M104;PR225-F0798,focused-file-implementation,independent file-level semantic disposition
wintun,api/namespace.c,d16f0266b5f65cea20329ff845aec3288e8586c1a9c419f4cf853c7aa575274c,4094,file,C,implementation,authoritative-source,PR225-R103;PR225-M104;PR225-F0799,focused-file-implementation,independent file-level semantic disposition
wintun,api/namespace.h,5e9dbf3fa404b4cd95f6e6bebde0e9532cd2268515b1529b083ecbbb7d72ee49,573,file,C/C++ header,implementation,authoritative-source,PR225-R103;PR225-M104;PR225-F0800,focused-file-implementation,independent file-level semantic disposition
wintun,api/nci.def,423c3df1cf118c46ada5bdbb2269011bdcbd738449e4f21467a88f5b7ee7b4d6,68,file,other,repository-administration,supporting-evidence,PR225-R103;PR225-M104,focused-module-repository-administration,focused module-level disposition
wintun,api/nci.h,32dc6027f82713c8c32bfef17c0e5d2c03b6470456b32284157917931fa78584,661,file,C/C++ header,implementation,authoritative-source,PR225-R103;PR225-M104;PR225-F0801,focused-file-implementation,independent file-level semantic disposition
wintun,api/ntdll.h,1f9061d26a107131866f232632ceb55ee6d8616cb290e94505adf89fdf0c442b,1765,file,C/C++ header,implementation,authoritative-source,PR225-R103;PR225-M104;PR225-F0802,focused-file-implementation,independent file-level semantic disposition
wintun,api/registry.c,f75899f5d58f1613384844b6bdae53d75fbad31621725b8ed4188e0e18e9a79c,4448,file,C,implementation,authoritative-source,PR225-R103;PR225-M104;PR225-F0803,focused-file-implementation,independent file-level semantic disposition
wintun,api/registry.h,4fab659e5e6b1043a53a4a0c2f11ed99854e6d504ee9159cd39e7cbcb1eaa5a7,3530,file,C/C++ header,implementation,authoritative-source,PR225-R103;PR225-M104;PR225-F0804,focused-file-implementation,independent file-level semantic disposition
wintun,api/resource.c,f1e48b8decaa7961d3470e9caf645baddeaf2c79fa807d38daffca32547f6cc2,3906,file,C,implementation,authoritative-source,PR225-R103;PR225-M104;PR225-F0805,focused-file-implementation,independent file-level semantic disposition
wintun,api/resource.h,b2245a52b734969f0f42c63cb500ee4e27944754e88581a2d7d5833651b41149,1701,file,C/C++ header,implementation,authoritative-source,PR225-R103;PR225-M104;PR225-F0806,focused-file-implementation,independent file-level semantic disposition
wintun,api/resources.rc,e331d172847b213897a3852b3660818d419265610bce5cf6460a1a823be9d65c,2039,file,other,repository-administration,supporting-evidence,PR225-R103;PR225-M104,focused-module-repository-administration,focused module-level disposition
wintun,api/rundll32.c,9b6124a9405c8d03f9e4ebd4b318f2fdba4859aef9d3350057fb4c044fe05756,12640,file,C,implementation,authoritative-source,PR225-R103;PR225-M104;PR225-F0807,focused-file-implementation,independent file-level semantic disposition
wintun,api/rundll32.h,c00fba25fed5297d8e2eccb0b5488863d783c90857a8bf9f724d6183970572b2,704,file,C/C++ header,implementation,authoritative-source,PR225-R103;PR225-M104;PR225-F0808,focused-file-implementation,independent file-level semantic disposition
wintun,api/session.c,d0f9ff17ef3c9c4919afbce5027a7166f4da56e2218a606ad0d2c49d9af7e82c,10479,file,C,implementation,authoritative-source,PR225-R103;PR225-M104;PR225-F0809,focused-file-implementation,independent file-level semantic disposition
wintun,api/wintun.h,821241878730c6df1ceb7311004b4fb05ce66a119d8682eb074f733a218e3184,10162,file,C/C++ header,implementation,authoritative-source,PR225-R103;PR225-M104;PR225-F0810,focused-file-implementation,independent file-level semantic disposition
wintun,driver/driver.vcxproj,9bcd6111404d1f14208c2e33e7b806dda73b2e3364c5e481842f23228f54de4e,1985,file,other,repository-administration,supporting-evidence,PR225-R103;PR225-M105,focused-module-repository-administration,focused module-level disposition
wintun,driver/driver.vcxproj.filters,9b433cb718dede18db826ec754e107cc477ddb447bd98b95c5e427afa9422067,1278,file,other,repository-administration,supporting-evidence,PR225-R103;PR225-M105,focused-module-repository-administration,focused module-level disposition
wintun,driver/undocumented.h,3d27d757d649a4ff6f551aa94ebd0652821e928d536f03f9cd7c043146c6fcbe,1224,file,C/C++ header,implementation,authoritative-source,PR225-R103;PR225-M105;PR225-F0811,focused-file-implementation,independent file-level semantic disposition
wintun,driver/wintun.c,4d21df3f0be8370055af516a185ec77a5e5b1d9dc7a6d7c5668bbec2bbef18bf,60678,file,C,implementation,authoritative-source,PR225-R103;PR225-M105;PR225-F0812,focused-file-implementation,independent file-level semantic disposition
wintun,driver/wintun.inf,d8fc74b0767771412b7279027e65a81ac9020c24260b01e50f5d719e0f21ad9b,1768,file,other,repository-administration,supporting-evidence,PR225-R103;PR225-M105,focused-module-repository-administration,focused module-level disposition
wintun,driver/wintun.rc,e47fbf20fada07f60f7467af8bf90c9731e4e21586342d9d5822eae216330925,1125,file,other,repository-administration,supporting-evidence,PR225-R103;PR225-M105,focused-module-repository-administration,focused module-level disposition
wintun,example/example.c,1ae897432f53b3e9a9361617311e2e35e02f9859c44945b1c70f27c0124f4e98,12204,file,C,implementation,authoritative-source,PR225-R103;PR225-M106;PR225-F0813,focused-file-implementation,independent file-level semantic disposition
wintun,example/example.vcxproj,0f26d6eecaddf6d14394a0a6cdca4f093648784afaf8de33d48259c13d18c7e8,1641,file,other,repository-administration,supporting-evidence,PR225-R103;PR225-M106,focused-module-repository-administration,focused module-level disposition
wintun,example/example.vcxproj.filters,af2a4bdbed8c960f6978c3d8a1e776043073c8ef14950f085bb5f5861affc650,506,file,other,repository-administration,supporting-evidence,PR225-R103;PR225-M106,focused-module-repository-administration,focused module-level disposition
wintun,prebuilt-binaries-license.txt,9aaf948856ce8845a762121306039ef09d0eeb4d9e4f4c355647d4081e818087,5347,file,other,documentation,supporting-evidence,PR225-R103,accounted-supporting-documentation,supporting/admin/fixture/documentation surface explicitly accounted by donor record
wintun,setupapihost/host.c,1cac7a315c035a20b397f816e5e71034a1086b5f9f8a6786a7d21a37cd747522,5950,file,C,implementation,authoritative-source,PR225-R103;PR225-M107;PR225-F0814,focused-file-implementation,independent file-level semantic disposition
wintun,setupapihost/host_win7.h,9d3254ff44613584215aeaa761c0c58353621b95a08ab3403993c2df9bb145ad,3822,file,C/C++ header,implementation,authoritative-source,PR225-R103;PR225-M107;PR225-F0815,focused-file-implementation,independent file-level semantic disposition
wintun,setupapihost/setupapihost.vcxproj,d1238a9036ef081ec6ab7164432e7809fe5cbc83606b90fb64a42178924e39d3,1583,file,other,repository-administration,supporting-evidence,PR225-R103;PR225-M107,focused-module-repository-administration,focused module-level disposition
wintun,wintun.proj,40eb69dc8f488785d890f2c29009353049db8be81f24b1682e73b25322fc4d69,5409,file,other,repository-administration,supporting-evidence,PR225-R103,accounted-supporting-repository-administration,supporting/admin/fixture/documentation surface explicitly accounted by donor record
wintun,wintun.props,bdca9961665f64beb3d236611a9ab07772d4d105d9713a7ad5781ed5cb91c614,7494,file,other,repository-administration,supporting-evidence,PR225-R103,accounted-supporting-repository-administration,supporting/admin/fixture/documentation surface explicitly accounted by donor record
wintun,wintun.sln,606aeb3e77f11a52942533266ecd1703f53f9b7249a0eea310cbfd6a371259e6,6736,file,other,repository-administration,supporting-evidence,PR225-R103,accounted-supporting-repository-administration,supporting/admin/fixture/documentation surface explicitly accounted by donor record
wireguard-go,.github/workflows/test.yml,a545f933794efaf2a6bdf3ff40909c3785dfda98457924ee1113f105fef9ed91,2347,file,YAML,repository-administration,supporting-evidence,PR225-R108,accounted-supporting-repository-administration,supporting/admin/fixture/documentation surface explicitly accounted by donor record
wireguard-go,.gitignore,eae694fdf2de9ff918b6f08ef39c14ede3e1cd824dacd8bed14ead04e2098ef7,13,file,other,repository-administration,supporting-evidence,PR225-R108;PR225-M115,focused-module-repository-administration,focused module-level disposition
wireguard-go,LICENSE,91276db973f25602d1aa43491f59cbc84cb88e6f151e1d0cc82a755563ce0195,1023,file,other,documentation,supporting-evidence,PR225-R108;PR225-M115,focused-module-documentation,focused module-level disposition
wireguard-go,Makefile,db8cc30fdacd00debc82b30251a8eefe516f4aef51f6b97a02fe988f0b8347db,827,file,other,configuration,authoritative-source,PR225-R108;PR225-M115;PR225-F0816,focused-file-configuration,independent file-level semantic disposition
wireguard-go,README.md,b194ee68acff15abc540c4b191cddbadccfc87ac3ef804daacedd92b0628e12f,3913,file,Markdown,documentation,supporting-evidence,PR225-R108;PR225-M115,focused-module-documentation,focused module-level disposition
wireguard-go,cmd/check-lockorder/analysis.go,4fe4010ddda4e2da0173771cdaafdc120023316eed0a855444fcef050d950b9d,8551,file,Go,implementation,authoritative-source,PR225-R108;PR225-M109;PR225-F0817,focused-file-implementation,independent file-level semantic disposition
wireguard-go,cmd/check-lockorder/graph.go,e5caac01b58d23fe026e5615d92e817227782c0d46776609281f2c7580b6712e,6805,file,Go,implementation,authoritative-source,PR225-R108;PR225-M109;PR225-F0818,focused-file-implementation,independent file-level semantic disposition
wireguard-go,cmd/check-lockorder/inventory.go,dcffe641cb47dad34182061979414b052d7e70b8fb02c5cfdab1f74ada6daf01,3638,file,Go,implementation,authoritative-source,PR225-R108;PR225-M109;PR225-F0819,focused-file-implementation,independent file-level semantic disposition
wireguard-go,cmd/check-lockorder/main.go,c1a3dc45af301439ecba4412861649fac932f6a3f031e1da8325b2b5897ecbfb,2528,file,Go,implementation,authoritative-source,PR225-R108;PR225-M109;PR225-F0820,focused-file-implementation,independent file-level semantic disposition
wireguard-go,cmd/check-lockorder/registry.go,ee6ba602f43f6583166a78e2cbb134f812dfc93b4ba18906fab08bfe6f7c3816,6834,file,Go,implementation,authoritative-source,PR225-R108;PR225-M109;PR225-F0821,focused-file-implementation,independent file-level semantic disposition
wireguard-go,cmd/check-lockorder/resolve.go,57f784e5d6e3d559d2f635a1835b6d9f4c61765e1d031e9e2329336c5f71a70c,8670,file,Go,implementation,authoritative-source,PR225-R108;PR225-M109;PR225-F0822,focused-file-implementation,independent file-level semantic disposition
wireguard-go,cmd/check-lockorder/verbose.go,22a4acdece595de44d66c11d45cb4f0a87ba595cafed037da25befde89990ad7,1748,file,Go,implementation,authoritative-source,PR225-R108;PR225-M109;PR225-F0823,focused-file-implementation,independent file-level semantic disposition
wireguard-go,conn/bind_std.go,f35ae079963490e1b0c03a1ee8b0428386118c096573ab9bf17a0ec3187b225e,14121,file,Go,implementation,authoritative-source,PR225-R108;PR225-M110;PR225-F0824,focused-file-implementation,independent file-level semantic disposition
wireguard-go,conn/bind_std_test.go,8c0c935deb572264a8d57a4fb5b8b6ef5fb2e18f04230d87dbcd72eb85c28a62,5819,file,Go,test,authoritative-source,PR225-R108;PR225-M110;PR225-F0825,focused-file-test,independent file-level semantic disposition
wireguard-go,conn/bind_windows.go,818913ac9bdaafcb9f8ab3fffdb7917a4d14e82a8b6bf0aedab53e84247ce2e6,15083,file,Go,implementation,authoritative-source,PR225-R108;PR225-M110;PR225-F0826,focused-file-implementation,independent file-level semantic disposition
wireguard-go,conn/bindtest/bindtest.go,8e092e2b4bec650491c43dedc4aa46d2f789a2297943aba209358bb1a6106fd2,3246,file,Go,implementation,authoritative-source,PR225-R108;PR225-M110;PR225-F0827,focused-file-implementation,independent file-level semantic disposition
wireguard-go,conn/boundif_android.go,c9245c84a04da4857c20dd0cf869765ed2bce1fe7c6b7ad441854fd380d997b2,610,file,Go,implementation,authoritative-source,PR225-R108;PR225-M110;PR225-F0828,focused-file-implementation,independent file-level semantic disposition
wireguard-go,conn/conn.go,180aa88bc889d94f7871da68413f54edf6cccc677aae1fd63bd75ebce7f9da16,6111,file,Go,implementation,authoritative-source,PR225-R108;PR225-M110;PR225-F0829,focused-file-implementation,independent file-level semantic disposition
wireguard-go,conn/conn_test.go,c202270fc83bb2cf53421047878d5f40f8ee6f7fc55b0b3494d795b1ec456390,489,file,Go,test,authoritative-source,PR225-R108;PR225-M110;PR225-F0830,focused-file-test,independent file-level semantic disposition
wireguard-go,conn/control_default.go,8da1a15f3827124f80079e1424013ec5372fb3ff8eb955b89839a7cbebfc9053,1328,file,Go,implementation,authoritative-source,PR225-R108;PR225-M110;PR225-F0831,focused-file-implementation,independent file-level semantic disposition
wireguard-go,conn/control_linux.go,bae39e50804f6b1fecb591ec59f3ba127cc3ef25648dd8cfda291a0418010f4f,4564,file,Go,implementation,authoritative-source,PR225-R108;PR225-M110;PR225-F0832,focused-file-implementation,independent file-level semantic disposition
wireguard-go,conn/control_linux_test.go,f2169f80daad755fc9928370df84cf7bf031263d950e78419427446c5d41a7c2,7384,file,Go,test,authoritative-source,PR225-R108;PR225-M110;PR225-F0833,focused-file-test,independent file-level semantic disposition
wireguard-go,conn/controlfns.go,65ab3397d68126c8251a9bb1e0ec409e280d34cbd0e66a86ff9a741b9baa67a0,1382,file,Go,implementation,authoritative-source,PR225-R108;PR225-M110;PR225-F0834,focused-file-implementation,independent file-level semantic disposition
wireguard-go,conn/controlfns_linux.go,6a89a74fd58c1fb6abe1deb7bad186bc3bcd4a8ba94b987f77d306730a46842c,2097,file,Go,implementation,authoritative-source,PR225-R108;PR225-M110;PR225-F0835,focused-file-implementation,independent file-level semantic disposition
wireguard-go,conn/controlfns_unix.go,eaf7b3e9acc6f4161d72a518556ff871087027ea7ba22e26a8a25fdcbb4c2222,808,file,Go,implementation,authoritative-source,PR225-R108;PR225-M110;PR225-F0836,focused-file-implementation,independent file-level semantic disposition
wireguard-go,conn/controlfns_windows.go,d96321016c262647dcae2889ab5d1b3f4620ea243e34089b9d05739d2cbf603e,544,file,Go,implementation,authoritative-source,PR225-R108;PR225-M110;PR225-F0837,focused-file-implementation,independent file-level semantic disposition
wireguard-go,conn/default.go,b9c313bbefdbaed43a5175291226e4790ad9f7ececc5a485be754c48d6f78940,192,file,Go,implementation,authoritative-source,PR225-R108;PR225-M110;PR225-F0838,focused-file-implementation,independent file-level semantic disposition
wireguard-go,conn/erraddrinuse.go,f4b4308bf8205990adeaf4c86496748731e1d67ec9679b4db392a049a8292d1c,206,file,Go,implementation,authoritative-source,PR225-R108;PR225-M110;PR225-F0839,focused-file-implementation,independent file-level semantic disposition
wireguard-go,conn/errors_default.go,ca58f17103ecf9926ef1645fb96b362130b32ae376e87fb955fb696f2f038377,198,file,Go,implementation,authoritative-source,PR225-R108;PR225-M110;PR225-F0840,focused-file-implementation,independent file-level semantic disposition
wireguard-go,conn/errors_linux.go,277134726e46240849d31bebd9e323dc3d284457d187d36dbcf68fdcac82d3a6,757,file,Go,implementation,authoritative-source,PR225-R108;PR225-M110;PR225-F0841,focused-file-implementation,independent file-level semantic disposition
wireguard-go,conn/features_default.go,6b98f91f7228aa9d716a9fa0a89d7703bf4ffc88dc01408f4f6091c2e76c1729,250,file,Go,implementation,authoritative-source,PR225-R108;PR225-M110;PR225-F0842,focused-file-implementation,independent file-level semantic disposition
wireguard-go,conn/features_linux.go,1b907adb41a17ffdbaf19210a1a5c0e2ed61f9ab2e64ccf464528a8ba072d9b6,838,file,Go,implementation,authoritative-source,PR225-R108;PR225-M110;PR225-F0843,focused-file-implementation,independent file-level semantic disposition
wireguard-go,conn/mark_default.go,a00eec2c8039ac5fbacbcc77e675007108f0b0c3f647827508f4844ee33ec335,224,file,Go,implementation,authoritative-source,PR225-R108;PR225-M110;PR225-F0844,focused-file-implementation,independent file-level semantic disposition
wireguard-go,conn/mark_unix.go,e3b16abb1978a213e001cc214c1b14814bc6188d01d429c0a6c5fc2bbbb46b1d,1159,file,Go,implementation,authoritative-source,PR225-R108;PR225-M110;PR225-F0845,focused-file-implementation,independent file-level semantic disposition
wireguard-go,conn/winrio/rio_windows.go,6e6495fd404cd0e5bbc114eb18b09b09b1491f01bf603f40b11c06138998f1a2,7611,file,Go,implementation,authoritative-source,PR225-R108;PR225-M110;PR225-F0846,focused-file-implementation,independent file-level semantic disposition
wireguard-go,device/aead_arm.go,dc5a2b2b86ce73e8fb5cb82448636aecf575aa98a5a71e1dea611b88d43bae5d,916,file,Go,implementation,authoritative-source,PR225-R108;PR225-M111;PR225-F0847,focused-file-implementation,independent file-level semantic disposition
wireguard-go,device/aead_other.go,ea633d98585c69699270957e5867ddf2b8c25f92d4d3d7f28bd420c44606456f,302,file,Go,implementation,authoritative-source,PR225-R108;PR225-M111;PR225-F0848,focused-file-implementation,independent file-level semantic disposition
wireguard-go,device/allowedips.go,9377105e769db3e2dc8775c9f00efc8fe48a81716b9d93905ca2ce873d7eb65b,11922,file,Go,implementation,authoritative-source,PR225-R108;PR225-M111;PR225-F0849,focused-file-implementation,independent file-level semantic disposition
wireguard-go,device/allowedips_cidrtest_test.go,8719fa9987d69f503a76693af11f3db0744acfac107b016fd841e624c181a1e2,4874,file,Go,test,authoritative-source,PR225-R108;PR225-M111;PR225-F0850,focused-file-test,independent file-level semantic disposition
wireguard-go,device/allowedips_rand_test.go,0543526387f48c37f5067c0cbeff0df2b8db6d29eb346965674c9725d1c7ffff,2942,file,Go,test,authoritative-source,PR225-R108;PR225-M111;PR225-F0851,focused-file-test,independent file-level semantic disposition
wireguard-go,device/allowedips_test.go,d417c77fdb3073035c43c6ad961afa12c39e7ab88e86b05d3779c386f5822ecc,6174,file,Go,test,authoritative-source,PR225-R108;PR225-M111;PR225-F0852,focused-file-test,independent file-level semantic disposition
wireguard-go,device/bind_test.go,7a9ccae8a85475ce36cb5585b1eb8caa5b34a8afd39e19af0a30d34e83579b5e,1041,file,Go,test,authoritative-source,PR225-R108;PR225-M111;PR225-F0853,focused-file-test,independent file-level semantic disposition
wireguard-go,device/channels.go,e0b0d59fa97dafe3918fb05154a4502f36a3da265bc715b4ea4e070e20c0f452,4239,file,Go,implementation,authoritative-source,PR225-R108;PR225-M111;PR225-F0854,focused-file-implementation,independent file-level semantic disposition
wireguard-go,device/channels_test.go,ca674b5aa34486e08cf9d6574f813dbd7876581741b89337c71814691c9eb061,1828,file,Go,test,authoritative-source,PR225-R108;PR225-M111;PR225-F0855,focused-file-test,independent file-level semantic disposition
wireguard-go,device/constants.go,8c29af655d8e42ff05b6ea3d3f60a1a4ddbc8ffdd74cb2740e9c509de6f90ef1,1341,file,Go,implementation,authoritative-source,PR225-R108;PR225-M111;PR225-F0856,focused-file-implementation,independent file-level semantic disposition
wireguard-go,device/cookie.go,612b4c78dac4a5bae4f2cfcf3ca713bafad915e80f92c4fd71334b6376097d3f,4535,file,Go,implementation,authoritative-source,PR225-R108;PR225-M111;PR225-F0857,focused-file-implementation,independent file-level semantic disposition
wireguard-go,device/cookie_test.go,6fd693dd4a5c680f2d4a9f7507f77c07f2a5502ff1c77a11d79fc41671a9c5ee,6076,file,Go,test,authoritative-source,PR225-R108;PR225-M111;PR225-F0858,focused-file-test,independent file-level semantic disposition
wireguard-go,device/deadlock_test.go,34f73cdff75f795956b52f91622f0ad749434d3d7da535436213891faf5baaf9,3541,file,Go,test,authoritative-source,PR225-R108;PR225-M111;PR225-F0859,focused-file-test,independent file-level semantic disposition
wireguard-go,device/device.go,4bfcddfe06e9da732d31e777ab44e7975be3ed09471027845a9ddca479f88e0d,20537,file,Go,implementation,authoritative-source,PR225-R108;PR225-M111;PR225-F0860,focused-file-implementation,independent file-level semantic disposition
wireguard-go,device/device_test.go,0b2e037c13b9e3963bacb90d48a5ed2c48a71f3927c458c6467d9893c47cd993,12571,file,Go,test,authoritative-source,PR225-R108;PR225-M111;PR225-F0861,focused-file-test,independent file-level semantic disposition
wireguard-go,device/devicestate_string.go,46e2a3e40ff77bac348d68f723a5b00879e278972ef67709129cf6adcb9004e9,446,file,Go,implementation,authoritative-source,PR225-R108;PR225-M111;PR225-F0862,focused-file-implementation,independent file-level semantic disposition
wireguard-go,device/endpoint_test.go,e8ffded5d23ced02b61b750e957b0a2c7c3b6f2d7299bb1c2fb70189b838306f,992,file,Go,test,authoritative-source,PR225-R108;PR225-M111;PR225-F0863,focused-file-test,independent file-level semantic disposition
wireguard-go,device/indextable.go,d8d8fdf19ff82ee724f05cc0ecd2f2b1755bb08aed92a80fdb7f83c66291b7e0,1795,file,Go,implementation,authoritative-source,PR225-R108;PR225-M111;PR225-F0864,focused-file-implementation,independent file-level semantic disposition
wireguard-go,device/ip.go,7cc6243ba6f0cd810b23426665a417e081f2d9e7c020d83d95326e858d5c9761,380,file,Go,implementation,authoritative-source,PR225-R108;PR225-M111;PR225-F0865,focused-file-implementation,independent file-level semantic disposition
wireguard-go,device/kdf_test.go,f4add376182da4bc985c03e9b621005427a0155fde35a41e540b92ea8cb295a2,2197,file,Go,test,authoritative-source,PR225-R108;PR225-M111;PR225-F0866,focused-file-test,independent file-level semantic disposition
wireguard-go,device/keypair.go,61fd1564e6b1bfb1b55e9611588316e9e9d1790bc08b4b24e8c5bf39339047f3,1023,file,Go,implementation,authoritative-source,PR225-R108;PR225-M111;PR225-F0867,focused-file-implementation,independent file-level semantic disposition
wireguard-go,device/logger.go,56347f4ed4323cd1624951c9cead919c8340a543e8f70cc64efa84cb588e64b2,1255,file,Go,implementation,authoritative-source,PR225-R108;PR225-M111;PR225-F0868,focused-file-implementation,independent file-level semantic disposition
wireguard-go,device/lookup_peer_test.go,b24474841e44d92c3f803840bc72e7ba559662a14b292d55410961e197b3f39e,829,file,Go,test,authoritative-source,PR225-R108;PR225-M111;PR225-F0869,focused-file-test,independent file-level semantic disposition
wireguard-go,device/lookup_test.go,5a3b6e25c001d7258c1c110bcf4447a1539b26c2c9dac74f614f760c6c061042,4881,file,Go,test,authoritative-source,PR225-R108;PR225-M111;PR225-F0870,focused-file-test,independent file-level semantic disposition
wireguard-go,device/noise-helpers.go,0f9b202c335f282f59f466573ab113d76cede961e586f3299ca08df4fcc0cf36,2363,file,Go,implementation,authoritative-source,PR225-R108;PR225-M111;PR225-F0871,focused-file-implementation,independent file-level semantic disposition
wireguard-go,device/noise-protocol.go,13607bfa9c8b54c7e5c60df1d05abb039a1fded0cdb6a1d0229ec142f2fe59d8,18830,file,Go,implementation,authoritative-source,PR225-R108;PR225-M111;PR225-F0872,focused-file-implementation,independent file-level semantic disposition
wireguard-go,device/noise-types.go,ce4f396e159d8fd1b329c42e4b40d5dd4d76e258ec343127a2b33134021f25a1,1601,file,Go,implementation,authoritative-source,PR225-R108;PR225-M111;PR225-F0873,focused-file-implementation,independent file-level semantic disposition
wireguard-go,device/noise_test.go,f1e3f11c1f07a89403b8f6670a5bc75cb9e9cedaa0e1cc671d2705e88e156b78,4422,file,Go,test,authoritative-source,PR225-R108;PR225-M111;PR225-F0874,focused-file-test,independent file-level semantic disposition
wireguard-go,device/peer.go,3e17fbd21d31787deb4ad80e6849dec8c0d503d28dc5add18fcaf09e9c341404,10124,file,Go,implementation,authoritative-source,PR225-R108;PR225-M111;PR225-F0875,focused-file-implementation,independent file-level semantic disposition
wireguard-go,device/pools.go,57859dbfb90941197be9efd0ad363a0571aa8d7b71da8aee6cbe4abae075f9f4,3200,file,Go,implementation,authoritative-source,PR225-R108;PR225-M111;PR225-F0876,focused-file-implementation,independent file-level semantic disposition
wireguard-go,device/pools_test.go,ccefce6f55ad8dd39d75f1742109e68b524ad42b14c2c2a207472172c32f0d83,3032,file,Go,test,authoritative-source,PR225-R108;PR225-M111;PR225-F0877,focused-file-test,independent file-level semantic disposition
wireguard-go,device/queueconstants_android.go,215215ab2ed8144407d0f016ddfad1ec6c760073757a2d1fb1428c519725708c,448,file,Go,implementation,authoritative-source,PR225-R108;PR225-M111;PR225-F0878,focused-file-implementation,independent file-level semantic disposition
wireguard-go,device/queueconstants_default.go,7219791995b46b0050218e5600804f8d12ed790e3101a0e3b60e50a0ad94819f,543,file,Go,implementation,authoritative-source,PR225-R108;PR225-M111;PR225-F0879,focused-file-implementation,independent file-level semantic disposition
wireguard-go,device/queueconstants_ios.go,365e2eee0e9cfe3720bbb96d9c15a100688f814310fa29ff1975dabb3037f0e8,585,file,Go,implementation,authoritative-source,PR225-R108;PR225-M111;PR225-F0880,focused-file-implementation,independent file-level semantic disposition
wireguard-go,device/queueconstants_windows.go,b26a5862e71f82ace2be0428ec6a0e2df786809d654e4cd7dc63958f5709321f,429,file,Go,implementation,authoritative-source,PR225-R108;PR225-M111;PR225-F0881,focused-file-implementation,independent file-level semantic disposition
wireguard-go,device/race_disabled_test.go,68046649a8af82fb402f2b97a2481c1beabafd7f7be562751438b4be1a1b91ab,163,file,Go,test,authoritative-source,PR225-R108;PR225-M111;PR225-F0882,focused-file-test,independent file-level semantic disposition
wireguard-go,device/race_enabled_test.go,673ffc3802e681f876301da91b5d7583bb7ef7ec5290c308a887a260d7db2f97,161,file,Go,test,authoritative-source,PR225-R108;PR225-M111;PR225-F0883,focused-file-test,independent file-level semantic disposition
wireguard-go,device/receive.go,c80843bb193331fdbd1472670f5c63d1fda48d920bd5657031f20c57c5cffe62,14739,file,Go,implementation,authoritative-source,PR225-R108;PR225-M111;PR225-F0884,focused-file-implementation,independent file-level semantic disposition
wireguard-go,device/send.go,33c3f3f9b3ad7ce1c18eae14f2aebddabdd3d894ac0878c23783efa2317922bc,17272,file,Go,implementation,authoritative-source,PR225-R108;PR225-M111;PR225-F0885,focused-file-implementation,independent file-level semantic disposition
wireguard-go,device/sessionstate_test.go,cbdf710d853291c5000580a1d5b0fc552ba42c8e92a594ff10953e1334ae9ff7,2727,file,Go,test,authoritative-source,PR225-R108;PR225-M111;PR225-F0886,focused-file-test,independent file-level semantic disposition
wireguard-go,device/sticky_default.go,edc05e9c59bdf3cfaf61915113e2135c482090352e62380ac16e018c2e47c423,241,file,Go,implementation,authoritative-source,PR225-R108;PR225-M111;PR225-F0887,focused-file-implementation,independent file-level semantic disposition
wireguard-go,device/sticky_linux.go,19fdd44e0f73babd066e9f8c18405a9341a02365b68e509b133f36e238315aa7,5639,file,Go,implementation,authoritative-source,PR225-R108;PR225-M111;PR225-F0888,focused-file-implementation,independent file-level semantic disposition
wireguard-go,device/timers.go,ab568d8acc878cbe91c22663852a74d419157f2b7a28eafcca7a8130a6362c86,7902,file,Go,implementation,authoritative-source,PR225-R108;PR225-M111;PR225-F0889,focused-file-implementation,independent file-level semantic disposition
wireguard-go,device/tun.go,392b880ffb9ac58c28c2a79a6b91105c3a53bd093c3e0644508dc0347b141769,1201,file,Go,implementation,authoritative-source,PR225-R108;PR225-M111;PR225-F0890,focused-file-implementation,independent file-level semantic disposition
wireguard-go,device/uapi.go,5639725efaf13d32905caaa4b64e145220cdeebf48b025e7ddf337874e2c6bbe,11740,file,Go,implementation,authoritative-source,PR225-R108;PR225-M111;PR225-F0891,focused-file-implementation,independent file-level semantic disposition
wireguard-go,format_test.go,c1b45ee2d2569e8c71ca1cadf1e19491434c2f091670b8663a21559fa62ae49d,1025,file,Go,test,authoritative-source,PR225-R108;PR225-M115;PR225-F0892,focused-file-test,independent file-level semantic disposition
wireguard-go,go.mod,030189dbb919a71e0e215b0661a34e28115d9798fd27deb65a7953088f627b93,500,file,other,configuration,authoritative-source,PR225-R108;PR225-M115;PR225-F0893,focused-file-configuration,independent file-level semantic disposition
wireguard-go,go.sum,69ddb50ae27b49a99bb51e948060e3a422b1cf8271d6ce8f886572da485e8837,2199,file,other,configuration,authoritative-source,PR225-R108;PR225-M115;PR225-F0894,focused-file-configuration,independent file-level semantic disposition
wireguard-go,ipc/namedpipe/file.go,acb0913872446c7a61fa201c1616827c487b28b283dd3b582aff1dff80fc1e09,6505,file,Go,implementation,authoritative-source,PR225-R108;PR225-M112;PR225-F0895,focused-file-implementation,independent file-level semantic disposition
wireguard-go,ipc/namedpipe/namedpipe.go,03c346de5934277756169d39bca4378a78b312032d4d748e5b50baccc067df77,12747,file,Go,implementation,authoritative-source,PR225-R108;PR225-M112;PR225-F0896,focused-file-implementation,independent file-level semantic disposition
wireguard-go,ipc/namedpipe/namedpipe_test.go,6d1cb81d2a740f101a4f01865fd64fe97881e7a6ce5f088055fa0955242d0c9a,13583,file,Go,test,authoritative-source,PR225-R108;PR225-M112;PR225-F0897,focused-file-test,independent file-level semantic disposition
wireguard-go,ipc/uapi_bsd.go,d53fa471b34a39409d2271cc098b774bd3609c2edc7a4a303bc090e809c1843d,2606,file,Go,implementation,authoritative-source,PR225-R108;PR225-M112;PR225-F0898,focused-file-implementation,independent file-level semantic disposition
wireguard-go,ipc/uapi_fake.go,aeece3adbdfecdfe64f912fde3f44f223829afbef3e9638c029050fcc854e948,361,file,Go,implementation,authoritative-source,PR225-R108;PR225-M112;PR225-F0899,focused-file-implementation,independent file-level semantic disposition
wireguard-go,ipc/uapi_linux.go,4d410498e8a4ee75d9ddda543bac0849d044ef8e84e485202bf26177be8ab126,2288,file,Go,implementation,authoritative-source,PR225-R108;PR225-M112;PR225-F0900,focused-file-implementation,independent file-level semantic disposition
wireguard-go,ipc/uapi_tamago.go,8f400d319369d52017ad0f6ad5c83ea41e4fae0b445ba046fb2b3dea1f792983,313,file,Go,implementation,authoritative-source,PR225-R108;PR225-M112;PR225-F0901,focused-file-implementation,independent file-level semantic disposition
wireguard-go,ipc/uapi_unix.go,392628cfe8e67cdb88436cef368165e3f966318df36f9b6bd8253c56a7aeab36,1428,file,Go,implementation,authoritative-source,PR225-R108;PR225-M112;PR225-F0902,focused-file-implementation,independent file-level semantic disposition
wireguard-go,ipc/uapi_windows.go,63ba6cf418cfe6d2b0f099628096a0448a9b0274b54c705492cc47f6b236cd57,1735,file,Go,implementation,authoritative-source,PR225-R108;PR225-M112;PR225-F0903,focused-file-implementation,independent file-level semantic disposition
wireguard-go,main.go,88a7c580465cec64bb3dfbe4878df21dd12f22d5738dafe031f3d25a9de9a68c,6151,file,Go,implementation,authoritative-source,PR225-R108;PR225-M115;PR225-F0904,focused-file-implementation,independent file-level semantic disposition
wireguard-go,main_windows.go,e4f10af53de5931f4f03f2daf0ac3b3829f82d7784c9cee7dc46f541eeab3ff0,2087,file,Go,implementation,authoritative-source,PR225-R108;PR225-M115;PR225-F0905,focused-file-implementation,independent file-level semantic disposition
wireguard-go,ratelimiter/ratelimiter.go,28e3a86aefc7d40fa8b2882d59684b43f42439e746ace54d8fe59002d1866ef0,2617,file,Go,implementation,authoritative-source,PR225-R108;PR225-M113;PR225-F0906,focused-file-implementation,independent file-level semantic disposition
wireguard-go,ratelimiter/ratelimiter_test.go,1b8a17160b18bf9ff9bd9793764eeb651fbe471eb52aed88778e7a7878acb5b8,2558,file,Go,test,authoritative-source,PR225-R108;PR225-M113;PR225-F0907,focused-file-test,independent file-level semantic disposition
wireguard-go,replay/replay.go,4b850bfae6b55c752c7015ef61bf31af6f5cda437b3d719320f2c6b5c78215d2,1720,file,Go,implementation,authoritative-source,PR225-R108;PR225-M114;PR225-F0908,focused-file-implementation,independent file-level semantic disposition
wireguard-go,replay/replay_test.go,5fdc65bf45edec7d991ac48eec9af209990878443b1a481c0957eb5c2ec6e1c4,2805,file,Go,test,authoritative-source,PR225-R108;PR225-M114;PR225-F0909,focused-file-test,independent file-level semantic disposition
wireguard-go,rwcancel/rwcancel.go,5f660ac7dc7081a4b2994b58b6c65815df65d0ab7e4d3ff9c4038972d93f4b92,2271,file,Go,implementation,authoritative-source,PR225-R108;PR225-M116;PR225-F0910,focused-file-implementation,independent file-level semantic disposition
wireguard-go,rwcancel/rwcancel_stub.go,45babcf7a0253c6fb4357ca30456581e5a79e86854e804fe31f4380b80d99b0c,151,file,Go,implementation,authoritative-source,PR225-R108;PR225-M116;PR225-F0911,focused-file-implementation,independent file-level semantic disposition
wireguard-go,tai64n/tai64n.go,697dcbc70c98c91a9337e4754b4a1596612d34d1ad0e453d09bd2004cc6e951d,858,file,Go,implementation,authoritative-source,PR225-R108;PR225-M117;PR225-F0912,focused-file-implementation,independent file-level semantic disposition
wireguard-go,tai64n/tai64n_test.go,b0b195b0fd38ea598c09ae64d1651756b7ff874f7b846857aa9da4ae01ab1b35,1187,file,Go,test,authoritative-source,PR225-R108;PR225-M117;PR225-F0913,focused-file-test,independent file-level semantic disposition
wireguard-go,tests/netns.sh,2ff3d5c34b062721c9d06430c1921d5e3cc677946dba4ab671ecac17a217f60e,18704,file,Shell,test,authoritative-source,PR225-R108;PR225-M118;PR225-F0914,focused-file-test,independent file-level semantic disposition
wireguard-go,tsasm/arm/README.md,08fa54b6092f23977f76b2191ac2816af1292fed4e5f44a7676203b527a45b01,10220,file,Markdown,documentation,supporting-evidence,PR225-R108;PR225-M119,focused-module-documentation,focused module-level disposition
wireguard-go,tsasm/arm/chacha20/chacha20_arm.go,c026cb1599310d336a0f3b698680767d784492c485f6d7f49d49dcf826949c68,3763,file,Go,implementation,authoritative-source,PR225-R108;PR225-M119;PR225-F0915,focused-file-implementation,independent file-level semantic disposition
wireguard-go,tsasm/arm/chacha20/chacha20_arm.s,afe6f389e2cb2c1af669e07e94b32379b82b6fc072318dd34b023efadf2a3590,40719,file,other,repository-administration,supporting-evidence,PR225-R108;PR225-M119,focused-module-repository-administration,focused module-level disposition
wireguard-go,tsasm/arm/chacha20/chacha20_test.go,7acfc98f9ba267a8c15e6764dd02a2fa1cc4f87634e1d0bf14798c00ce0e08ed,3248,file,Go,test,authoritative-source,PR225-R108;PR225-M119;PR225-F0916,focused-file-test,independent file-level semantic disposition
wireguard-go,tsasm/arm/chacha20poly1305/aead_compat_test.go,d29012ed22057960e5788f9addccc8ba1fe232d5c921af03ed9f81a977b281b6,8344,file,Go,test,authoritative-source,PR225-R108;PR225-M119;PR225-F0917,focused-file-test,independent file-level semantic disposition
wireguard-go,tsasm/arm/chacha20poly1305/chacha20poly1305.go,3b131156d6df4d581f145c93f71a2289df6da39c7d0340c3703cef976acc16a2,3569,file,Go,implementation,authoritative-source,PR225-R108;PR225-M119;PR225-F0918,focused-file-implementation,independent file-level semantic disposition
wireguard-go,tsasm/arm/poly1305/bench_test.go,24add06ce43878070b44670eb559e3ad1bcdfd67ba9c930b7127c38e2857dda5,826,file,Go,test,authoritative-source,PR225-R108;PR225-M119;PR225-F0919,focused-file-test,independent file-level semantic disposition
wireguard-go,tsasm/arm/poly1305/poly1305_arm.go,4bd3cf0720e0b290a5429463ae63fac8d140178dd2879ac83825a881c0fedbac,2861,file,Go,implementation,authoritative-source,PR225-R108;PR225-M119;PR225-F0920,focused-file-implementation,independent file-level semantic disposition
wireguard-go,tsasm/arm/poly1305/poly1305_arm.s,f610b6a0c0a4af0c8728622bb771186007c77bb02ee09285deae6ce2e53caafc,31251,file,other,repository-administration,supporting-evidence,PR225-R108;PR225-M119,focused-module-repository-administration,focused module-level disposition
wireguard-go,tsasm/arm/poly1305/poly1305_test.go,c9b3396d16acad91ecc851bb1cf4d54620afb97e4b98c7391e038a7e0de1af04,1892,file,Go,test,authoritative-source,PR225-R108;PR225-M119;PR225-F0921,focused-file-test,independent file-level semantic disposition
wireguard-go,tsasm/arm/regen/.gitignore,70a213afeabe5ac38ae4c88b2c7002ce5068b91a3e57a032245ab809dc6fa460,8,file,other,repository-administration,supporting-evidence,PR225-R108;PR225-M119,focused-module-repository-administration,focused module-level disposition
wireguard-go,tsasm/arm/regen/arm_arch.h,c143c20f6fb646c63dbaca33320d951867943cd9656c08250c9a75c55fc50ad4,279,file,C/C++ header,implementation,authoritative-source,PR225-R108;PR225-M119;PR225-F0922,focused-file-implementation,independent file-level semantic disposition
wireguard-go,tsasm/arm/regen/neon_encode.pl,05da3ebc654dfc6359f470182ef08d6248851f11f055d098b6684fcb327fe87e,50381,file,other,repository-administration,supporting-evidence,PR225-R108;PR225-M119,focused-module-repository-administration,focused module-level disposition
wireguard-go,tsasm/arm/regen/neon_encode_test.go,dbc3eea66d1e963ecc7c04f678d8e437ee37861b522e8f8a5e2a8405a480627c,3473,file,Go,test,authoritative-source,PR225-R108;PR225-M119;PR225-F0923,focused-file-test,independent file-level semantic disposition
wireguard-go,tsasm/arm/regen/neon_encode_test.pl,82ed41d1d37dd74945d85e0f86910de4319d45b110c0753d998488ae5c442fb8,2787,file,other,repository-administration,supporting-evidence,PR225-R108;PR225-M119,focused-module-repository-administration,focused module-level disposition
wireguard-go,tsasm/arm/regen/plan9-xlate.pl,509888e3c86c898a7164328d692720897b9c461243f71827970e95546b44487d,74090,file,other,repository-administration,supporting-evidence,PR225-R108;PR225-M119,focused-module-repository-administration,focused module-level disposition
wireguard-go,tsasm/arm/regen/regen.sh,3e10e9bc1622cd70b13639ab5495a98ea94feb523fdd178be1c56e2f8a0b3262,4597,file,Shell,script,authoritative-source,PR225-R108;PR225-M119;PR225-F0924,focused-file-script,independent file-level semantic disposition
wireguard-go,tsasm/arm/regen/regen_test.go,dd6ec6d80029ee104fefea101c1d4816f4074a112de14cae260f9b6d6775932b,4369,file,Go,test,authoritative-source,PR225-R108;PR225-M119;PR225-F0925,focused-file-test,independent file-level semantic disposition
wireguard-go,tun/alignment_windows_test.go,57e8e58c3a9fb3cdf7bc0a26983f7848a77e92ebd02703527aa177de6a42dcc1,1969,file,Go,test,authoritative-source,PR225-R108;PR225-M120;PR225-F0926,focused-file-test,independent file-level semantic disposition
wireguard-go,tun/checksum.go,5a87cc19401c44a64cdc73d4d89768ceae825c584c11d23b33127a1b8e1e7b46,28226,file,Go,implementation,authoritative-source,PR225-R108;PR225-M120;PR225-F0927,focused-file-implementation,independent file-level semantic disposition
wireguard-go,tun/checksum_amd64.go,88b21eec84b27ec876970c329d4e887d29fbdd3be70103edf7d7b4212582a4d6,541,file,Go,implementation,authoritative-source,PR225-R108;PR225-M120;PR225-F0928,focused-file-implementation,independent file-level semantic disposition
wireguard-go,tun/checksum_amd64_test.go,8e28b8686912adc80785e41fb6b755c13ff695408d50f16c7eb9d4a0bbbfe9fa,771,file,Go,test,authoritative-source,PR225-R108;PR225-M120;PR225-F0929,focused-file-test,independent file-level semantic disposition
wireguard-go,tun/checksum_generated_amd64.go,fb537ec745c379975595ae28c69f779d0e0d767d0fd1e80073b1529960100e6c,594,file,Go,implementation,authoritative-source,PR225-R108;PR225-M120;PR225-F0930,focused-file-implementation,independent file-level semantic disposition
wireguard-go,tun/checksum_generated_amd64.s,983e4f30fb0170c8956cdaa1443c7851157dab763a81c9ec43eeca770d945744,17941,file,other,repository-administration,supporting-evidence,PR225-R108;PR225-M120,focused-module-repository-administration,focused module-level disposition
wireguard-go,tun/checksum_generic.go,a9d997d61292cc58b11193156f643771a93543b3a37d328328182ae377bd1b61,345,file,Go,implementation,authoritative-source,PR225-R108;PR225-M120;PR225-F0931,focused-file-implementation,independent file-level semantic disposition
wireguard-go,tun/checksum_generic_test.go,60c1c4b08e5434496663b9598bb09a4e4efc9a0ff0716cd9bfa717dd08163ae8,453,file,Go,test,authoritative-source,PR225-R108;PR225-M120;PR225-F0932,focused-file-test,independent file-level semantic disposition
wireguard-go,tun/checksum_test.go,b36a3a74750d03ee5a9d6650e5973d495f35638aacbcd639c827e7b4786f1c33,13185,file,Go,test,authoritative-source,PR225-R108;PR225-M120;PR225-F0933,focused-file-test,independent file-level semantic disposition
wireguard-go,tun/errors.go,8b211d882ca35080c4510e4a4feba970f8fb582a472ae507704c92c7a69715fb,261,file,Go,implementation,authoritative-source,PR225-R108;PR225-M120;PR225-F0934,focused-file-implementation,independent file-level semantic disposition
wireguard-go,tun/generate_amd64.go,81cbe8661951fa09dd4d149a1459c4d520bb4ef47d154004a53b36e9ceb34f44,19020,file,Go,implementation,authoritative-source,PR225-R108;PR225-M120;PR225-F0935,focused-file-implementation,independent file-level semantic disposition
wireguard-go,tun/netstack/examples/http_client.go,57c3cc9c4cd5f9ff452011b80717ace728e6d21e87ad67e6bc51645ed495f025,1183,file,Go,implementation,authoritative-source,PR225-R108;PR225-M120;PR225-F0936,focused-file-implementation,independent file-level semantic disposition
wireguard-go,tun/netstack/examples/http_server.go,2586492bc2f6661f173e245aba76e129d052dd826f5590428aad3e9429403741,1325,file,Go,implementation,authoritative-source,PR225-R108;PR225-M120;PR225-F0937,focused-file-implementation,independent file-level semantic disposition
wireguard-go,tun/netstack/examples/ping_client.go,b704b83bfed1648367c6137a13f0fd791b6a2d5e5ef77517dbaf2f976f773037,1862,file,Go,implementation,authoritative-source,PR225-R108;PR225-M120;PR225-F0938,focused-file-implementation,independent file-level semantic disposition
wireguard-go,tun/netstack/tun.go,e8c8ac8093f7d635a4b0a7b959801d6e73d5d28444293d52206bd3e2e274b03b,26240,file,Go,implementation,authoritative-source,PR225-R108;PR225-M120;PR225-F0939,focused-file-implementation,independent file-level semantic disposition
wireguard-go,tun/offload.go,ab4a3405ee8b95c20f9c98dc383374171a1ab3ea3ce64c5b0f8b6cd7e50c5fe2,7432,file,Go,implementation,authoritative-source,PR225-R108;PR225-M120;PR225-F0940,focused-file-implementation,independent file-level semantic disposition
wireguard-go,tun/offload_linux.go,b8bfee41de26358728fcf01ed6001950641ae72840621a5a03fd1457e3b2953d,30850,file,Go,implementation,authoritative-source,PR225-R108;PR225-M120;PR225-F0941,focused-file-implementation,independent file-level semantic disposition
wireguard-go,tun/offload_linux_test.go,c1924eced6963983bfb3421d973ab68058983f9b847a3cd0b61686fbd60d9860,27172,file,Go,test,authoritative-source,PR225-R108;PR225-M120;PR225-F0942,focused-file-test,independent file-level semantic disposition
wireguard-go,tun/offload_test.go,9eb93d7d65f44df004f6e1f8e7370acb4b48f95f3e429530e9de3a4900b11f71,3071,file,Go,test,authoritative-source,PR225-R108;PR225-M120;PR225-F0943,focused-file-test,independent file-level semantic disposition
wireguard-go,tun/operateonfd.go,9a96482e3726d04e44d9c1ff2281dc3e10caaf8f235a9494dddfafb3dce42238,510,file,Go,implementation,authoritative-source,PR225-R108;PR225-M120;PR225-F0944,focused-file-implementation,independent file-level semantic disposition
wireguard-go,tun/tun.go,daa5d88bb63497f0262b4f581e272e3af7d02772fb321b946d527f0b776073ae,2455,file,Go,implementation,authoritative-source,PR225-R108;PR225-M120;PR225-F0945,focused-file-implementation,independent file-level semantic disposition
wireguard-go,tun/tun_darwin.go,79b567f3f461f49e0bacd84951ad16d3dbc83d53f96ce1acb1cffd69abea244a,6354,file,Go,implementation,authoritative-source,PR225-R108;PR225-M120;PR225-F0946,focused-file-implementation,independent file-level semantic disposition
wireguard-go,tun/tun_freebsd.go,69bada88df062d0ddb738d95bf2eb6a535b5df4e3b1bbf76fd3e6a154b791a0b,9831,file,Go,implementation,authoritative-source,PR225-R108;PR225-M120;PR225-F0947,focused-file-implementation,independent file-level semantic disposition
wireguard-go,tun/tun_linux.go,7357ed203ed64218a9073329138e87d69f7f7707a32bb8622a4e91c4cf0697ac,15827,file,Go,implementation,authoritative-source,PR225-R108;PR225-M120;PR225-F0948,focused-file-implementation,independent file-level semantic disposition
wireguard-go,tun/tun_openbsd.go,565af9505174c836fa6c6e3dcdeb48a41aaa59c322e0cdda8d80b73b821a6f07,5991,file,Go,implementation,authoritative-source,PR225-R108;PR225-M120;PR225-F0949,focused-file-implementation,independent file-level semantic disposition
wireguard-go,tun/tun_plan9.go,6beb267ce29478b97a28f954ca959c0a39a5d31bbb4cc644137814a274e228ed,3077,file,Go,implementation,authoritative-source,PR225-R108;PR225-M120;PR225-F0950,focused-file-implementation,independent file-level semantic disposition
wireguard-go,tun/tun_windows.go,c1b04048e3087530b868f3250aac088791b8c68c8a9aa01c9ca404aa8736f290,5970,file,Go,implementation,authoritative-source,PR225-R108;PR225-M120;PR225-F0951,focused-file-implementation,independent file-level semantic disposition
wireguard-go,tun/tuntest/tuntest.go,5993a1a923f2c2c68a14eb7a6943034f616d7ce585569e1c76ee66dbad0509c5,3577,file,Go,implementation,authoritative-source,PR225-R108;PR225-M120;PR225-F0952,focused-file-implementation,independent file-level semantic disposition
wireguard-go,version.go,0c25c3e59e832c950d01da7040cf732942b51b1becb52037b24482b7339a07d8,45,file,Go,implementation,authoritative-source,PR225-R108;PR225-M115;PR225-F0953,focused-file-implementation,independent file-level semantic disposition
wormhole,.gitignore,7a02cff4d2cfaeb237161d747b66015295eb92eac30c5fbf42f122e338ac8d5b,19,file,other,repository-administration,supporting-evidence,PR225-R121;PR225-M128,focused-module-repository-administration,focused module-level disposition
wormhole,LICENSE,937b094f0e293079ff54a949b9007fc5b693ee143162b80eaa818a7c4a969d8b,10765,file,other,documentation,supporting-evidence,PR225-R121;PR225-M128,focused-module-documentation,focused module-level disposition
wormhole,Makefile,d95d3175010faee7809b2014b50ab95f88b5b18946f0bdd9ba7a889b6eb47e22,1973,file,other,configuration,authoritative-source,PR225-R121;PR225-M128;PR225-F0954,focused-file-configuration,independent file-level semantic disposition
wormhole,README.md,edea692c6e8729aa3089cef80fc168711a3b8dfff7d1d5196e2ea0a1d8047fc6,7132,file,Markdown,documentation,supporting-evidence,PR225-R121;PR225-M128,focused-module-documentation,focused module-level disposition
wormhole,cli/cli.go,7d5c87894b0dc51f70309a786e35d2595f8766356fb47289adfaafad08b33da6,10336,file,Go,implementation,authoritative-source,PR225-R121;PR225-M122;PR225-F0955,focused-file-implementation,independent file-level semantic disposition
wormhole,cli/cli_test.go,9b35218d7d730daa46bb4302f620c146830a334972d9dc30cefb37f3178e23d7,3572,file,Go,test,authoritative-source,PR225-R121;PR225-M122;PR225-F0956,focused-file-test,independent file-level semantic disposition
wormhole,cli/opts.go,bbfebc7226f1be38814768b48fef147e2de6deeeaf94ee981fba5cd8fa9e9b15,1332,file,Go,implementation,authoritative-source,PR225-R121;PR225-M122;PR225-F0957,focused-file-implementation,independent file-level semantic disposition
wormhole,client/client.go,4afdde3bcfb4e483d147b7d47036e61f0db845431658de9c7ae0d395f260a568,4170,file,Go,implementation,authoritative-source,PR225-R121;PR225-M123;PR225-F0958,focused-file-implementation,independent file-level semantic disposition
wormhole,functional_test.go,7259704dcb7680c1eb97694fd5fbeb3f323183869e37ad84c2e107f9dac4b597,13210,file,Go,test,authoritative-source,PR225-R121;PR225-M128;PR225-F0959,focused-file-test,independent file-level semantic disposition
wormhole,main/wormhole/wormhole.go,927294ddf60c975598108b76b62e2551b1b3e0f05e79362c9a4f1e89525e2f3e,93,file,Go,implementation,authoritative-source,PR225-R121;PR225-M124;PR225-F0960,focused-file-implementation,independent file-level semantic disposition
wormhole,main/wormholed/wormholed.go,ec243df9701d5565ec135888549fe67c8eda68928e83bc43ad420122b6b02a1c,99,file,Go,implementation,authoritative-source,PR225-R121;PR225-M124;PR225-F0961,focused-file-implementation,independent file-level semantic disposition
wormhole,mysql/Dockerfile,b89f6cf50ebd165d80059ee869b0b0a0cede96954822827dca61d0247f81c9e8,240,file,Dockerfile,deployment,authoritative-source,PR225-R121;PR225-M125;PR225-F0962,focused-file-deployment,independent file-level semantic disposition
wormhole,mysql/Makefile,8d6e068b5480e15eb405d8f4f25784913dadf3363563a9f1e392297452585b2b,88,file,other,configuration,authoritative-source,PR225-R121;PR225-M125;PR225-F0963,focused-file-configuration,independent file-level semantic disposition
wormhole,pkg/netaddr/LICENSE,746b0529189f523225da60016d5870560a5b79873fe8001bbc94e85061e12a7d,1394,file,other,documentation,supporting-evidence,PR225-R121;PR225-M126,focused-module-documentation,focused module-level disposition
wormhole,pkg/netaddr/ip.go,a66c252747e9dd174b5661a931a7742d864a8148020cd1bebc7d0611996e49bb,1688,file,Go,implementation,authoritative-source,PR225-R121;PR225-M126;PR225-F0964,focused-file-implementation,independent file-level semantic disposition
wormhole,pkg/proxy/LICENSE,cfc7749b96f63bd31c3c42b5c471bf756814053e847c10f3eb003417bc523d30,11358,file,other,documentation,supporting-evidence,PR225-R121;PR225-M126,focused-module-documentation,focused module-level disposition
wormhole,pkg/proxy/config/api.go,b787d8588daf7021cb4344b5a9f2d05801154264ed9d89222dd2ef2b5aa88928,5446,file,Go,implementation,authoritative-source,PR225-R121;PR225-M126;PR225-F0965,focused-file-implementation,independent file-level semantic disposition
wormhole,pkg/proxy/config/api_test.go,9ae26bd8a06dfced99d8aded1b68ab563474cd22e55b62c599fbbc335f4b473c,8766,file,Go,test,authoritative-source,PR225-R121;PR225-M126;PR225-F0966,focused-file-test,independent file-level semantic disposition
wormhole,pkg/proxy/config/config.go,385bebdba254cfa1a72f0cda1534328f2ea9ce77dd5ed8708f60b73dab9914c4,8481,file,Go,implementation,authoritative-source,PR225-R121;PR225-M126;PR225-F0967,focused-file-implementation,independent file-level semantic disposition
wormhole,pkg/proxy/config/config_test.go,89a6186013a38c3fe3c150541d9455fd6b37a8c9d6587cdfcf598aba4f2b8957,9556,file,Go,test,authoritative-source,PR225-R121;PR225-M126;PR225-F0968,focused-file-test,independent file-level semantic disposition
wormhole,pkg/proxy/config/doc.go,b1bf6f73eebb786f5a99974ed67938f51a0e0b0ae08967e9d2bdc19b94218995,1334,file,Go,implementation,authoritative-source,PR225-R121;PR225-M126;PR225-F0969,focused-file-implementation,independent file-level semantic disposition
wormhole,pkg/proxy/config/etcd.go,eec1daf647d824839f6ccd615cdf47b42c6e3c8b7c8927d01bc5618b25f1f8e3,8347,file,Go,implementation,authoritative-source,PR225-R121;PR225-M126;PR225-F0970,focused-file-implementation,independent file-level semantic disposition
wormhole,pkg/proxy/config/file.go,4ebe595c730c24d8b54e3eb0f2e814d66d7092864730babf0278437222a11f2a,3959,file,Go,implementation,authoritative-source,PR225-R121;PR225-M126;PR225-F0971,focused-file-implementation,independent file-level semantic disposition
wormhole,pkg/proxy/doc.go,da19d23b7216c613e3c3fa3d25289672a8445703b29e67e64f64124e864595b6,649,file,Go,implementation,authoritative-source,PR225-R121;PR225-M126;PR225-F0972,focused-file-implementation,independent file-level semantic disposition
wormhole,pkg/proxy/loadbalancer.go,2358e18753bc51726d62509e6fbdb0c4420231d68b124372bd0f8c539f3a4b7c,965,file,Go,implementation,authoritative-source,PR225-R121;PR225-M126;PR225-F0973,focused-file-implementation,independent file-level semantic disposition
wormhole,pkg/proxy/proxier.go,eba65ca4fd1a81142451690226a1a9827abbe95243826a3141d146b6309221f9,15968,file,Go,implementation,authoritative-source,PR225-R121;PR225-M126;PR225-F0974,focused-file-implementation,independent file-level semantic disposition
wormhole,pkg/proxy/proxier_test.go,b0ca3d39fc5be64a70e9a2470b7039cfc9a3878fcae0384e1d334b8a5a6484d0,11372,file,Go,test,authoritative-source,PR225-R121;PR225-M126;PR225-F0975,focused-file-test,independent file-level semantic disposition
wormhole,pkg/proxy/roundrobin.go,5472d50a171cdf24cc35be5a809c39509d243df5ac9cf778227ca846cfbecaf8,3390,file,Go,implementation,authoritative-source,PR225-R121;PR225-M126;PR225-F0976,focused-file-implementation,independent file-level semantic disposition
wormhole,pkg/proxy/roundrobin_test.go,2ade1f1facad46ae47349badb13ca456fffcdf2d407d38003ea62eb471e914b8,6783,file,Go,test,authoritative-source,PR225-R121;PR225-M126;PR225-F0977,focused-file-test,independent file-level semantic disposition
wormhole,pkg/proxy/udp_server.go,38454dbad827e9c7553b89e239281eca31cd3d661adb0440cb9b0c979871627e,1215,file,Go,implementation,authoritative-source,PR225-R121;PR225-M126;PR225-F0978,focused-file-implementation,independent file-level semantic disposition
wormhole,pong/.gitignore,5a6a28fc1600ea141d7b39125822c1d51fb166abe5628e7fc1f99a9b02f5d52c,5,file,other,repository-administration,supporting-evidence,PR225-R121;PR225-M127,focused-module-repository-administration,focused module-level disposition
wormhole,pong/Dockerfile,e8f090d467d41dc94ff49a41dbec92a3529b27c03a49ea955d9692f8ce9e1490,271,file,Dockerfile,deployment,authoritative-source,PR225-R121;PR225-M127;PR225-F0979,focused-file-deployment,independent file-level semantic disposition
wormhole,pong/Makefile,b45c362f00f833b272acb4bc67abff841ceab13b7832d312bdf6afa43dbffa17,122,file,other,configuration,authoritative-source,PR225-R121;PR225-M127;PR225-F0980,focused-file-configuration,independent file-level semantic disposition
wormhole,pong/pong.go,272cae716a3674776b79bff97e21fd182143e395b4ee65a43cfa0b2554bbf0dc,890,file,Go,implementation,authoritative-source,PR225-R121;PR225-M127;PR225-F0981,focused-file-implementation,independent file-level semantic disposition
wormhole,server/api.go,1cb16d6b26959a4194037f6e1eafa8adae04550371328961262e4c7b414b088c,2721,file,Go,implementation,authoritative-source,PR225-R121;PR225-M129;PR225-F0982,focused-file-implementation,independent file-level semantic disposition
wormhole,server/echo.go,f30509ad33719554e7ded415c4b593c55e1c235df69bcca49c03e19eb04666bb,735,file,Go,implementation,authoritative-source,PR225-R121;PR225-M129;PR225-F0983,focused-file-implementation,independent file-level semantic disposition
wormhole,server/opts.go,f0f8cd5b5cbc694adc393d1b2a24e025a8d02e86324c75a4db58ea3261c052aa,3001,file,Go,implementation,authoritative-source,PR225-R121;PR225-M129;PR225-F0984,focused-file-implementation,independent file-level semantic disposition
wormhole,server/segment.go,60133fd5af4839921a2fef20f56a36c03c3a82afbb8a7459aff0edec2d7b2d3a,9626,file,Go,implementation,authoritative-source,PR225-R121;PR225-M129;PR225-F0985,focused-file-implementation,independent file-level semantic disposition
wormhole,server/segment_test.go,328d06f2f13ea373357c9fb3fd4b6408b2773fda617e94a038616ce607b45cbe,1126,file,Go,test,authoritative-source,PR225-R121;PR225-M129;PR225-F0986,focused-file-test,independent file-level semantic disposition
wormhole,server/server.go,dd090dd700d6302f42eaded9936f187b97ee0f860505e1902b1c00be2f935b8f,1343,file,Go,implementation,authoritative-source,PR225-R121;PR225-M129;PR225-F0987,focused-file-implementation,independent file-level semantic disposition
wormhole,server/tunnel.go,d02c0c426c036d348388cab397ac0889323891f0611d06088ff1759c52d41123,17408,file,Go,implementation,authoritative-source,PR225-R121;PR225-M129;PR225-F0988,focused-file-implementation,independent file-level semantic disposition
wormhole,utils/utils.go,a15ffa4f4ea63608d8b010de35730cf43235bb0705f0f26b48850ebe6e306b9c,4313,file,Go,implementation,authoritative-source,PR225-R121;PR225-M130;PR225-F0989,focused-file-implementation,independent file-level semantic disposition
wormhole,utils/utils_test.go,a62313b39813746090025ac5f9547352ad74d984534be8508acc3e56140e97df,2029,file,Go,test,authoritative-source,PR225-R121;PR225-M130;PR225-F0990,focused-file-test,independent file-level semantic disposition
wormhole,wordpress/Dockerfile,27de69da62e939bb671542d431128ae641b8a753f5805db995129be746e4fbf0,326,file,Dockerfile,deployment,authoritative-source,PR225-R121;PR225-M131;PR225-F0991,focused-file-deployment,independent file-level semantic disposition
wormhole,wordpress/Makefile,8c6c8e6efea2f7492f01e57852d20d0a97110f2eec40be9dc376973bd0262d6f,104,file,other,configuration,authoritative-source,PR225-R121;PR225-M131;PR225-F0992,focused-file-configuration,independent file-level semantic disposition
