path,size_bytes,mode,sha256
.editorconfig,324,0o644,264e8eb9942700c5ce405b5ad198751cdc81c2d3357b694380ba340aa99a467c
.gitattributes,180,0o644,6c423df62312035eadb610168b153d361b391e8a72c0ba0a83cef4f5a9726be9
.github/workflows/ci.yml,9794,0o644,cd6aa84496902f568a9f5f44e7bcd477ec87932b8d02fe3364d423a99298b0eb
.github/workflows/release.yml,22439,0o644,68d68e61e6c2fba8089feabfc5b9099fe40385900e0f6b8e0770138be4a0b019
.gitignore,558,0o644,d83b664450f354c279595cab9977ffd30569925288c38bc58089ffa25ecd3f5f
.go-version,7,0o644,14c5f0cdd5bd79e9272abe3b788316012cd6bcabc5e4980f27634b2413857758
.graphifyignore,490,0o644,23b518b291b04181c153f5f6760644916609f1d9b6a218214a69069e7bbca74a
.nvmrc,8,0o644,177d20030d4dcc37eae9ef92865ec54dadce60e8f19e9a34a5d4f37502195a36
CONTEXT.md,6566,0o644,89427264b9bcb8955e558c20330682e67ba8c3cd88eced8e6434b796036664ff
DESIGN.md,6550,0o644,6fd8e3189e4d189386023dbf9ac9006c3de7d373a081e476393a2feadabf3779
GEMINI.md,3119,0o644,a6af9b5e4aa24c5bb4291511d1d83103839a03fc6654cdf6f360e1e914222087
LICENSE,32282,0o644,8c393979c3dca5c3c523e0607b5e43f2cd9fceaec62d5fa6c5d530d909d09c4e
Makefile,17554,0o644,dc938c25f1cb7ab0ddad1dc2d7e4d64e31e10f21ee64f5ecad56ce1f1d7b63aa
PRODUCT.md,13814,0o644,d3dea8845c737a5399186df129316ca75be715376df1200c60994c2d1d0de81c
README.md,12897,0o644,6c95cab2627beec4e6d9eb1cbcc622ec9cd6116dba33b42d396c906c9c872d8f
deploy/installer.wxs,855,0o644,4dd9219d46f05b3d5360afe89f8052b9ba1744375bbe5e2a10e6ce6847f1eb13
deploy/relays/README.md,3238,0o644,64db15e64976df0039e8dd5bf99190e3f82dad89a4533294c03d9b613d7347ee
deploy/relays/cloudflare/bpb_worker.js,5149,0o644,9743ec90e4c1431a5eacf4b2b80bc76c9e19adad6dd6e22a5f7578e2d47bd3c0
deploy/relays/cloudflare/worker.mjs,632,0o644,3ef8c70eb139985354a22cd6013d0bbc85f9db6e2b6c02d4558815232d0d036d
deploy/relays/cloudflare/worker_contract.mjs,666,0o644,74cbf695cab7847ee4fe2b34b18cf0112a1971780b341a7f1dce3e6a9231b43b
deploy/relays/cloudflare/worker_contract.test.mjs,6562,0o644,9d4b174a0323a302f3bccda9e13888afea04c2992eb122e0338ec1ab270c5daf
deploy/relays/cloudflare/wrangler.toml,960,0o644,d9ce97a2a39fdf72a8c305ec8d19a763b1712ed70ade6ef33a4a949ecf9b0a6e
deploy/relays/cloudflare/zeus_worker.js,17600,0o644,b567eee3465ee53182e7daf6fedd3ee13d5a26e961d17ce95b303f1214a4d1ef
deploy/relays/cloudflare_worker.js,5296,0o644,5159741042183839bd4b0bf4d871b5ada31c33740b5f61304197c72bb8ba5261
deploy/relays/cloudflare_worker.test.mjs,2169,0o644,ed324037dde51c20ad07c49c1dfc1de5bd852d4bccd27b6a48b1dc083030ca89
deploy/relays/fixed_http_contract.mjs,2641,0o644,79dbb77f20fc0d7ec2a644cc861f2fdcf4f5f61f9bcce749f63bc65f56b3cf7c
deploy/relays/fixed_http_contract.test.mjs,1936,0o644,1f368402beeedb747d366473ee7957fb603e05516e14e314b8453614ce3eceaa
deploy/relays/google_apps_script.js,3064,0o644,7c116660244db632a4cf2164bd44019c2da96bafa5a918deb742a86dd7ccc1b6
deploy/server-bootstrap/l2tp-ipsec-installer.sh,217,0o644,d867cb349b57f22f8fd95658f58c0d71a2189bd0a6d7567250b239c0d959ca69
deploy/server-bootstrap/nginx_proxy.conf,211,0o644,3b9081510de0fa2c3c8effefc213ff8ed29b24aef232ea9f4f6905f234e77684
deploy/server-bootstrap/x-ui-pro.sh,194,0o644,5b939551a61dc72b35822385978aaf7c2b0c6f91393ba6c1c4e75eb52b6a7028
deploy/templates/README.md,684,0o644,c84d3a50024d8e9922601c25f59b322f0157f9b9b232aa35f91586cd7630ccfe
deploy/templates/apps-script-relay/Code.gs,5368,0o644,cf0eaee6f2279e1ca5967bb0b8ba7abcc8277ea4a10a96955e4cd7b43d777553
deploy/templates/cloudflare-worker/doh_proxy_worker.js,29929,0o644,ee3c172fa7659a5aea96feb75ff31b8ee0e8f658e79d648255014fa6a2750680
deploy/templates/cloudflare-worker/ip_security_analyzer_worker.js,53508,0o644,d45726c4f90211c93ef63644fb4254467ee8d0430fac45db46be489272b12f2f
deploy/templates/cloudflare-worker/nova_relay_worker.js,10253,0o644,c20e75d4751e66eeb18902ffbb80afe80a729359d83f910a559a6d55f3859741
deploy/templates/cloudflare-worker/worker.js,5494,0o644,0d344d3c9d9832b131d5b9b904276913afc46673327ae2159a4fd0ddf4dd8d5f
deploy/templates/cloudflare-worker/wrangler.toml,730,0o644,d388be58b9e3da1bae2ed48d7a88d4cd08f0bf3ec99a1e7aeacbb92c1f998503
deploy/templates/telegram-bot/bot.py,8713,0o644,5d7c6836f401aebecf482c40a3eef12d9eaf8ebb7d099f778afc326e70da5409
deploy/templates/telegram-bot/remote_action.py,3257,0o644,6512f30679f6f1bcd66fe7777508cf5da8caa027b8180663f2c6b77d82325352
deploy/templates/telegram-bot/remote_action_test.py,2498,0o644,af4781ce43c3871ea2b656b5c2781f81d8e547754e540b632e25c55323a3e166
deploy/templates/vercel-relay/README.md,37784,0o644,24a4f7b02d75af5c96e47f4c2a1f7c53fc0ae0a95d8b521df293eb05c05aeb6b
deploy/templates/vercel-relay/api/index.js,2939,0o644,5eb30694a19ce6abffc9e213ca5d3b8eb3825ef73e3bbb492546435130f46518
deploy/templates/vercel-relay/api/index.test.mjs,2047,0o644,a5f52edd28bbf8289cd62be6d905021f2d758cc9b91efb762873a0d24c0d60d9
deploy/templates/vercel-relay/package.json,206,0o644,883bc6eddbcf67c6e8b9321d7dbc8d23265652051711da6321cd955ec0b3f4fe
deploy/templates/vercel-relay/vercel.json,241,0o644,071c1ae1da67322eed9fdb50206b6923c31f4d3177db07862d097dd1abe8ad9b
docs/README.md,1818,0o644,99e0dba13e10ef2cc2f9ced44d49e7dacee30beb10c6bcebce05d245196806d8
docs/adr/0001-own-daemon-background-lifetime.md,848,0o644,300f0f72a98fa3c07f9f8cc62730a245f5450c1c01333a501cb5753200cd81d7
docs/adr/0002-use-durable-transactional-host-network-mutations.md,905,0o644,17ec07282be8e4e3848e84da95a32d5fa81c27d540559576487f2515f2097e6a
docs/adr/0003-separate-runtime-engines-from-proxy-test-cores.md,906,0o644,2e23e802f6355dd7c836c073439edc6fe16915501e26020b7886bc7dc3944d6e
docs/adr/0004-terminal-stream-event-owns-ffi-callback-lifetime.md,863,0o644,49565016c3d548408578a779493e2987252e30c11e0943a1432f0c974450f37f
docs/adr/0005-own-typed-secret-safe-job-intents.md,954,0o644,c553c02b9d16a2b48f507689c0454ca511e68c59e7f709b3b436b79e2aa2635e
docs/adr/0006-own-evasion-config-and-capability-truth.md,989,0o644,c2bc4fc99afef8082bba8fad312c09b2a631d2bd15224ae06f55f8571137534a
docs/adr/0007-own-proxy-qualification-orchestration.md,850,0o644,02de9aa4a1007898d5b041d42a28319425b5696c624e1d767e09012050fcf49d
docs/adr/0008-prove-scanner-liveness-before-retirement.md,933,0o644,9f49e0541836105b76aeeb41bb1edf739607f0184cb9a05e06313d10484acccf
docs/adr/0009-keep-mobilebind-adapter-only.md,964,0o644,e7b1cc4eacc397a3de69b78419dec3200b711a6e3208de47be2cf3901373ddc7
docs/adr/0010-gate-native-dormant-surface-retirement.md,1020,0o644,5b916d30807b75fab48e7a2eefde123c8f6aa1e652aff46b2f877d6c07b0b42f
docs/adr/0011-own-operational-capability-truth.md,1263,0o644,1ad3bb11e37c787ac5542f0d5d8caf487fdc78c6871695e973539e625ab54afe
docs/adr/0012-own-subscription-ingestion.md,1425,0o644,c25506084b549059332a710b9cf7665c44b770e2907e181c69913c662ecb1952
docs/adr/0013-use-served-routes-as-route-truth.md,1175,0o644,5d3c0906db9020976a25d916e9083b2be20d54698ec85677d508fc4324e33c2a
docs/adr/0014-retire-proven-unconsumed-internal-source.md,1318,0o644,0ef45ffdee2a39b94d3b0a9d1bf628fc062065f05c0fcd47e7c5620e2600268f
docs/adr/0015-organize-live-source-under-src-and-dependency-bands.md,2877,0o644,ecba970162dbcb945a1fabc1ed05304418d7f6263f99c5dbfce002323b0018af
docs/adr/0016-prefer-deep-modules-over-package-count.md,2339,0o644,1819aff0680793d15812813ea6a3317c1bbac0102bc0a3e0779b79f3416c41c1
docs/adr/0017-keep-cross-host-source-and-bundles-truthful.md,2909,0o644,a49cd3366c22325759e74de27c510a0186d9b60e8f6af8cd581bc7c21dca1653
docs/adr/0018-keep-current-mobile-delivery-android-only.md,1842,0o644,cce94534eb385e39a6f16aea4107fa8ff71febe63b84b4a38c0123066d165898
docs/adr/0019-own-governance-authority-discovery.md,1919,0o644,1e690da47a7e441aead408913e7961cf4eb8536c62b3e7fd69bd9fc19661e0fd
docs/adr/0020-keep-repository-tooling-surface-explicit.md,1923,0o644,9fecb7415cd2bb27c3c5da16cf2726d4f4cb50c47f76848f6e47137ad225d736
docs/adr/0021-keep-windivert-external-until-supply-chain-governed.md,2166,0o644,7e111659e9822874bda6066272052cc54286c04873f3434cc3a38d9509af8ec3
docs/adr/0022-own-release-admission.md,3094,0o644,c5af195134b35647ce6f592cd0582a76d1729f2805a8c00355ef57b01e926189
docs/adr/0023-flatten-support-trees-preserve-semantic-depth.md,3362,0o644,141369ac235137b35646e866ef8a77f8506f33f5b9a9b6238f6e52d3d5447693
docs/api/README.md,7319,0o644,a4140d7737a88dd7460ab817501d3a2a55a579eeed620d4212207f159051424f
docs/api/current-routes.md,2552,0o644,5d6b0a10638fe9dc515ddd632458a539673bb84eb76411158397e78cb1e97bb6
docs/architecture/evasion-protocols.md,5090,0o644,8f0246aade5ffdc65a28617cdfc2bbd4dc7675f995fa33bdc3f00424e28ee719
docs/architecture/go-server.md,13143,0o644,06e8e279543fc4124ddc458cad0ccba45f43199002c4cb375aa372b38fdebf91
docs/architecture/graphify.md,1785,0o644,0308dc98c23757049c903e3d4a5dc84b6f9fc229782c5ab1bff9ef205a74d684
docs/architecture/multi-platform-client.md,3959,0o644,b174ec38db8f24dc5cba31a91f3f82c11c28096aa1765eaa791ce52c24b801c1
docs/architecture/overview.md,8594,0o644,62f3eca3644d289ea96f19e05be5f13187f71aa4820f9e6a9935e8853d57c069
docs/architecture/repository-layout.md,8850,0o644,c1ff36c3401063b866fdc48a8ceb81bcb688b19b5a506f75d86faf407b29983a
docs/architecture/rust-core.md,7922,0o644,73c7d481bc7e38a0bcef16aa2e2cbdeacaec6f71cce64be794bbd5984394f8f4
docs/architecture/security-and-concurrency.md,3884,0o644,09f62a98bfaba426a3b5569da4ed30c1d0a0d860d8563eabc66335bd4de62fab
docs/architecture/tor-protocol-conformance.md,2620,0o644,1019f91306d78bfdea92723393752195a8b6ca762d6c4084af366d204ce2984a
docs/assets/dashboard.png,87186,0o644,3636f6ab8380c178d075e52de1c976d96504e7271000569287e2b8960761e056
docs/assets/diagnostics.png,93914,0o644,dd1a75cd2e5fa6bab01ed56227e331233320340937320ccc75c905f53e61184b
docs/assets/proxy-manager.png,91397,0o644,ea0fb6fec3d3689e27a9d2d732bb65a31b6f187fb5a3ff174ecd8633aff1cd62
docs/assets/scan-results.png,90303,0o644,fb1a1b48df78581ec3ba112646199de3750dae6115f6b612caecb15bdb45e6a5
docs/audit/2026-08-07-graphify-hardening-audit.md,16852,0o644,e51bda182f6198f5b7f18de4f6fb267b7cc7e4d21c4243713e85d41f10dd3046
docs/audit/2026-08-07-project-audit.md,6153,0o644,aa3b5325ea4123eb6beb6961967422cbe0358b5c763eca93e629eea90f44f5a7
docs/audit/2026-08-08-historical-value-convergence.md,8232,0o644,add9be2a3b35a770a367780149af53ffd81756aa833416039f4d995a4eb3578f
docs/audit/README.md,582,0o644,88925d3ae3167bbd1d09a1fd20af83bd3204ddc441dd061c990164c1eeaf1eb0
docs/audit/change-manifest.csv,1395337,0o644,e0cd15ad39bb0d34624f384c6db6c580fab3823b4c12d829d07f7c829e623283
docs/audit/change-summary.json,445,0o644,ace4da88c439b937313b31c09fb9ba0cad2038d703e0146ca46913235a28f786
docs/audit/current-inventory/files.csv,287327,0o644,95f397d8eb3dc4793daf4888695b2ceb05afcc579cbfbc5aacbae0fa6ec64938
docs/audit/current-inventory/summary.json,60,0o644,ad1f0b828bc4e5c872566dd94fd54c9a3b25deae3230ad7842641452d3a2bb88
docs/audit/graphify-first-party-analysis.md,6889,0o644,6d7bd49df6ed9ff0b60516811ab8389a71df393c7afb6d63cb889acc91959c21
docs/audit/inventory/README.md,2565,0o644,bf09265d94c5c0ac91805307d6332a07d0101c0cb5f0d07df10d9bcc9fb09a80
docs/audit/inventory/duplicates.csv,21647,0o644,b0af83cf2c78668d7d46dfdea906fec30d142451ad8c608dd85228301c558fa0
docs/audit/inventory/duplicates.json,30106,0o644,433aaca91dbbc0a930718e71fc05fbc476ccead4ac8744f1dfb2409738df42d8
docs/audit/inventory/files.csv,1482051,0o644,473dd66d2ed3e259971736ea581dff93c89366319b93f60df58a8c11267c3f97
docs/audit/inventory/files.json,3154180,0o644,45fd829837f60ed1ebe7687550f7ae4a98eb60c4f63b76959b15f6ffbbb4a081
docs/audit/inventory/summary.json,7257,0o644,4e436b41d8f51c8fcc2aa8bd72e58bbedfa6ebc5873b615b5c650c97661604c8
docs/audit/inventory/tree.txt,235813,0o644,4222fd4fd60a2fac483df3330756d441ec0bd6a5141ceee1f82043d6701a0166
docs/audit/removed-artifacts-summary.json,307,0o644,bd2f6a424c68183a469532ffc83e0239b7b251b71c34dc2481fcc66cbabc0c0e
docs/audit/removed-artifacts.csv,1066994,0o644,05784475be6ae781b991cc7015c099e3bd57c2f6746669db83ed0a4c8918f8d6
docs/convergence/DONOR_ABSORPTION_CONVERGENCE.md,2070,0o644,d7751bc4e44df539c89cf7955c9ee24c6ec8bbe69ca314fe92df1b7f220509b2
docs/convergence/second-order-pass-221.md,2409,0o644,460e2e1dda154aed58900f2d9755bd4e744a40cea8859da2c049fa974a1a8667
docs/current-system.md,25530,0o644,d59cbab166f8b99022b88ef8f8fed201a2792502f3ca9d4a00e52b7a8beff612
docs/excluded/README.md,1057,0o644,71f1ecbfe4c08030610e3fe917375ddfe52844aba8515f154fbb7de0b9653636
docs/excluded/dns_scanner.md,203,0o644,7395e89d4aae352f9c12b54af1720fcb9377c3cfdfcb580904b1480ac1332b97
docs/excluded/freenet_git.md,179,0o644,e2791abd21d88bdb422ad4c159d711a67a2c340c2ac7328e0f17631a9907a7e1
docs/excluded/freenet_p2p.md,217,0o644,40910650c42c37fe74fe1066cbe3b064e937bdee3fdd32a3bdbc3420069a817f
docs/excluded/mihomo.md,201,0o644,4770511735c609a83709927383ac05128d7207e00b0d8450531eb69a3bc175e6
docs/excluded/multinode_processor.md,184,0o644,a79d36e9d6af69cb52252ad8729708e31e12646f4355b16d30625aa6c250d401
docs/excluded/nahan1_worker.md,2162,0o644,14394096d202e8d80eebc40171faa423f9dedecbf4d19856f146db5a9b4e111e
docs/excluded/netflow.md,176,0o644,75dee9feaf19eeb0f0091ab6307462fa02515a0a0285b5096dcab6e454a10824
docs/excluded/node_http_mitm.md,167,0o644,01306437862c3d12586e43d9f7f12fab5fba059df2dafd2a80f743a0c309997a
docs/excluded/panel_docusaurus.md,141,0o644,33fe8c45f4e503e4abbd9f0e79e964ff4356cd0a61aba4311e76f52a886017c5
docs/excluded/proxy_yoinker.md,156,0o644,e71f830dc543da219e39168a498d3b423e814e04d577f95346e082c5839c7565
docs/excluded/tailscale_tizen.md,168,0o644,a9c089602c041a07e359024c69d3ea4da42aaade936de04572b36ba23ca97010
docs/excluded/terraform_tailscale.md,198,0o644,159fcdd00e8e299f612714a2b9fe71c8fef82d5d36a4a8072bc38f25ca5b9ff9
docs/excluded/v2ray_client.md,1604,0o644,fc7f8dd3e586636b2becd04fb7ca14177ebaa6711e9805955d9326a5153a961b
docs/excluded/v2ray_for_doprax.md,816,0o644,1f721a5027c8875dae83289b65a7dcac878c6267eeca2e25a19d861a0e5ed6ec
docs/excluded/v2ray_rules_dat.md,222,0o644,05050917f55ae7fd3724ba8580429dc674073073a542903e6debb274c3b495d8
docs/future-extensions.md,2259,0o644,4cdd2bb06bb0f7a7e56b037a1a6971caaac202cb638100fd6f4f39bd9d9efb14
docs/guides/building.md,5629,0o644,301e967f293b09a2201623daae50ff9f4d17120d653bc27cabad1850377aa8fb
docs/guides/cli-reference.md,4315,0o644,1fbb903790ae85267b59d108d672778a8cda9c1e0b5dca37bef8f9c0c8432166
docs/guides/development.md,10304,0o644,19eb98422170a048d4f68b28b93aaac9eb00fbbad92f8e950ba965540c2c5f78
docs/guides/quickstart.md,7720,0o644,053a4933701440ff3be9f783bf3d5dc1b1e4b7e869b4defe48d984c04dde1fdf
docs/guides/validation.md,11989,0o644,a01d5bbd5981ad7badbf0838fd38c9496cf5599f861c2063fb45e21fe7733cfb
docs/plans/2026-07-29-001-refactor-luminet-consolidation-roadmap-plan.md,76236,0o644,a0c60b017ef92c2fd5f381128abf3eb1824bf2e005aa888d9de61886035393c9
docs/plans/2026-07-29-lossless-consolidation-goal.md,2843,0o644,162c2e90ca092fcfdeef6f3178d6b94b66ee77b9f9f36af9033826317e07ee8a
docs/plans/2026-08-03-luminet-go-control-plane-refactoring.md,7638,0o644,7c3b114bd5c446f5aea164d3bb2b7762cd79530308acbe14db03c097f59e5a6c
docs/plans/2026-08-07-repository-recovery-plan.md,3378,0o644,cbc87dcc376018344c06ccfac48e3593435e00189d2edf437556a47720a02fd0
docs/plans/2026-08-07-runtime-hardening-plan.md,14863,0o644,fbb59ec0d6389d24d6ce16252baa2a980fa078ccaaee82cc6bbd145cb674446f
docs/plans/2026-08-08-repository-topology-reconstruction.md,2473,0o644,1045b5c7dd6cb7704d9e32f17bc41582298c02cb779a6250b14d5027e7a8f4bf
docs/plans/deep-module-opportunities.md,3344,0o644,7d9d402fe72c43c073b5bdb828afaa60800e8f93d3b03e6deff8bf69a93613c0
docs/plans/package-layout-and-runtime-flows.md,11247,0o644,a1ce48c8047a71d35bf83e672099955a3f01c58db70d121fb257ca44adc631f0
docs/plans/subsystems-and-operational-pillars.md,4319,0o644,c38b1b09b975d641120acab2c4ae80239f3c16855a63c94c11a88c6878c8b8d0
docs/porting/README.md,476,0o644,bfcebc171a43d3defca9617c64f8c5f9b4b55689cfa351f6e6b2ddf6d8636311
docs/porting/archive/LumiNet_Legacy_Windows_Native_UI.md,10592,0o644,6fc36b57021cf7e4fad2a5cb290081cfdede8d3319b01fb42a4c6084ec19a618
docs/porting/archive/LumiNet_Master_Porting_Compendium.md,249095,0o644,31ed572420921fa64fd772b8af1ca3089e6875a685d937b434740acf130d802e
docs/porting/archive/LumiNet_Porting_Investigation_Report.md,140047,0o644,c5a41acce08b9b2e2990a993c0fc924f9c45cf9670db4f6916fa2e8c6ce9362f
docs/porting/archive/PORTING_CATALOG.md,68962,0o644,0303ac1e44fa9dc8944aa098e4292ce7ded9a0d8f6b45627f50ab3770d16e270
docs/porting/archive/README.md,1666,0o644,6ebe0bbaace0d61f88d2b16cb05c1df21859a6b39f934985702367c22e99d1f9
docs/porting/archive/Tor_Porting_Investigation_Report.md,10277,0o644,f2dfc69b276118bd36f53df575ee0844311fad0fae02682965efcc726c18b996
docs/porting/archive/porting_progress.json,17494,0o644,a75b74e27975baa52aeebfa17a5b3a65fa825b8e8d8cc85e693046c66a7a0a20
docs/porting/archive/screenshot_control.png,320954,0o644,59bb5f9ac232f225093b312e62326ed124b6c2e45c2e98d2d1bf0bb8c55afead
docs/porting/archive/screenshot_covert.png,264286,0o644,2e894b942c62d22258bf85f88b8d8f55d35c4af508516a8242469b49f4dda390
docs/porting/archive/screenshot_diagnose.png,265566,0o644,4d9828c86f331e6e9b3580cf2372720e78c887dc401accc61165052d5c57164f
docs/porting/archive/screenshot_evaluate.png,308822,0o644,24e07bf35810d3f92bcb9f792b9916a0564575cd651f9c3cab7222e35a6f67ef
docs/porting/archive/screenshot_operate.png,271237,0o644,b2820e67d83356cdd70b6961bccf21d285f66a0a09f7bdf4beec3ff06305aae3
docs/porting/archive/screenshot_overview.png,310372,0o644,957eef94ea669b4ecd74822724ce2737863514be434c0887d629d2b13673f077
docs/porting/archive/screenshot_scan.png,269634,0o644,0cc503dd36e23b4f1328297c4a716f8ecba8e6d4d434d099f930c740c0066af2
docs/product-strategy.md,6134,0o644,e6127efbf090684ba8dcc978b5d046fbf7a5c58aa3ce849cec0abf32530ea1c8
docs/runbooks/operations.md,5362,0o644,b49ec03fc35f18a33c53d34f41069babf1943ec0ede21d4c04e574d72fa41179
docs/runbooks/tpm-migration.md,3409,0o644,20c761af5c538ac274835590077482920d4239144febb27f95303e93de4c0f60
go.work,155,0o644,d9362907b0bf9533c74acf1da39cd4f4f03d57463c753693f2395a27ab502f90
go.work.sum,53354,0o644,94c5b12ff4f5132aad1779d5d1c3b480393a6a06310f918729ecc7051626c8cd
governance/audit/f14-f18-closure.csv,1593,0o644,e135619e0cfb77141e13026949543f6865d1e4921f990c84acc407de4944adac
governance/audit/f14-f18-closure.md,2529,0o644,2cf32242f2c23dee3ac1b4caa8a1626a4405d842d80dd2e51c422f7ca928dbb8
governance/audit/refactor-pass-audit.md,14430,0o644,9ff243cb91d3bde2abd82d368234c8adba71a547aa6ac3e1a680bf9b14100d51
governance/audit/refactor-pass-coverage.csv,4119,0o644,a683e702246fb96bde7cd80dcf53d68a5ac440105c695b910f868944704ccbe5
governance/audit/refactor-pass-findings.csv,12243,0o644,1bf4e32837e25da3c17358f6075bb543119abb39b0e8e33b83a2076dd000b51e
governance/audit/refactor-pass-refactor-plan.md,8852,0o644,e3b9e67c26b0e2c277ed9546ce5c40c59ea3aaffa1a54a1bd76adf104ea21173
governance/audit/refactor-pass-remediation.csv,3244,0o644,75852a2a5c27ecc2f7052e668ce7e4b4b25988e46e1272dd6bf2f99192ca4206
governance/audit/refactor-pass-rust-ffi-rfc.md,3425,0o644,119284a4c8979c71830f969a46f25851f397d60f8685dbd5e5ad12019c91a690
governance/audit/refactor-pass-validation.md,4963,0o644,e968d38e2c35634bd68fa725fa2f448f1355affb9019ef2c49609b9e018fa730
governance/audit/rust-ffi-abi-before.json,6408,0o644,2dffe8a9b1ca86319fc1a9183422b5f3fffd045db3dc26e2637c9b238e1c2a60
governance/conductor/abi/manifest-v1.json,854,0o644,5f6a1d7e144b5b4c566345d7bf0d4759aca7968ca31033e9af9607e7ad3449e9
governance/conductor/abi/schema-v1.json,766,0o644,b476ae9e79328e02490ffc017ce443381a30bb72082186359fbcebb7cb1a104d
governance/conductor/go-style.md,375,0o644,e76103c7fb3c4b243e1e41b6e851e16215f05ec61514cee9fd82a4d3bcee0af4
governance/conductor/index.md,245,0o644,0d209d20c7f900f973ead573e144887b6809e8556914bf3decc2b210e56f329b
governance/conductor/preservation-ledger/families.v1.json,27704,0o644,c06875838de3def9514accd2a9eac25763eb32b5d5641d26ed5b944b9f6ed514
governance/conductor/preservation-ledger/schema-v1.json,5823,0o644,4d9c902593223e1ebdc5bd0d23daf0b0acfc7e3c1a95d3c370c088c5f7da3763
governance/conductor/product-guidelines.md,1311,0o644,5ab12faa1b3c70bd08f74de12d5aafd7b1ec9bc0964f8c3380698e7c9261ec52
governance/conductor/product.md,2011,0o644,d28d7bd712ebf194bec029525eccb0f2cd881e66e68753d128d477e39b2325e9
governance/conductor/provenance-ledger/README.md,3001,0o644,48a2f0d7811db33653170c20564a2aa38b749c058f212e5c9aa5fe942f38c342
governance/conductor/provenance-ledger/raw/snapshots/source-luminet-repository.v1.json,447,0o644,ed7e9a676b19057f12dbb537bc505a2962a37ed1c60b1cef442b2482813fe0d2
governance/conductor/provenance-ledger/schema-v1.json,3041,0o644,e6dbc616c97a7be28686e043934753f11cfbb31ee52ec8c9b523b724ca7c6d10
governance/conductor/provenance-ledger/sources.v1.jsonl,884,0o644,4f170863c76012b5e1e862520e386d2801e52c9f5ad236fa80e6c73360c34a64
governance/conductor/tech-stack.md,1977,0o644,eacf4500e0bee87d7646b626c11105d2d53135b7090ad7e4c2b24e68ea4ea42d
governance/conductor/workflow.md,1789,0o644,40fac494f65ec8747403972fc4316bb44e9ef11a6b183920b85d23d2be6ec311
governance/convergence/README.md,6281,0o644,afb41f5a855701017e7e45104bcda2cfa7950b667f25682b4618bd72c995e6d4
governance/convergence/adoption-ledger.csv,554021,0o644,1104117ea7c95e244bee53b4062120ebf332d40fc154b6298291a2189b8ac79d
governance/convergence/eighth-order-adoption-ledger.csv,362674,0o644,b021bd932fc5e89a7befd221f46b27d8402d0b884cc3b6b4316f60bda8d585a8
governance/convergence/eighth-order-baseline-files.csv,326397,0o644,f61eaaa6e4bfc4a25d63626822ecd648a5a8308b7db584e2eabc87b6168ac01f
governance/convergence/eighth-order-directories.csv,116336,0o644,88c1106fe515c52b3e381a269089037d235a9797ac21297cb7bb34fa1c8169e3
governance/convergence/eighth-order-donors.csv,8374,0o644,b8e66d0ceae1db56b2e1f96a0ab3101c6a105dfdfd1b8a04da2422792accf98f
governance/convergence/eighth-order-license-map.csv,5199,0o644,b271b053788c241c1a61dd7f342d1b0fb6bf81018c46223c27cf8eda75237bbc
governance/convergence/eighth-order-modules.csv,94230,0o644,3deac0b65971bee68dafebacb50a9fa8354eef50d4f966edb4fe7cc12be8f38c
governance/convergence/eighth-order-omission-audit.md,3462,0o644,fa9afcffb898e02ea203305e9936a4df3342bae2ca7af60f770d1f0d056f153c
governance/convergence/eighth-order-peer-synthesis.md,19986,0o644,64dfd5d0fc24a53ad6b2ea2a5b763fb0f4b8a060c5f243f5029b71632c34131d
governance/convergence/eighth-order-source-identity.md,3815,0o644,eac0acaac96831d01b789519f285622e8d29d2f5484bee9455f7d7982f8160ad
governance/convergence/eighth-order-supersession-map.csv,1613,0o644,f47a0c2c0f27b454d7409563dd452733e5a745dc914c96de299ca372139c0ad8
governance/convergence/eighth-order-surfaces.csv,1281219,0o644,2eda6180f84da2c8f4b04428e31076cc7de9deff9f550103560ce5276dac2f8d
governance/convergence/eighth-order-symbols.csv,1962698,0o644,438360df564bd267c031b26c72141d8238251d2f3286a6809b971eaef79a1498
governance/convergence/eighth-order-target-delta.csv,15012,0o644,4076acf5b1ae70d70579f6fe9bca2d69fa4345f1785d0cde1a44f32de16b0d7f
governance/convergence/eighth-order-target-repairs.csv,4532,0o644,4271ab2007c94bb242cafd34a348ca2d4db6a32fe771fd322a522a7683d97239
governance/convergence/eighth-order-validation.md,8486,0o644,b304321a7325d0e2a1d44252ecb659aad89593b46b3f537c4243b78516af2532
governance/convergence/fifth-order-adoption-ledger.csv,14020,0o644,2fde07a52ec1b15efe175d7f0af66603aec3014b357a19f9711fbe0bd4bfcd18
governance/convergence/fifth-order-baseline-files.csv,300859,0o644,dc330606d4b326899aecf377aba8b208fb903264d6db4806b47fbe3878f07b37
governance/convergence/fifth-order-promotion-review.csv,25256,0o644,46f12bc5623f1046b299010a7f16aa70b02a5bf3cfa2680852fa4836573552d5
governance/convergence/fifth-order-target-delta.csv,16610,0o644,08062578e5cca69626cb0cde9d64dc867ecc37be8df72f541bb24336aab7c8ce
governance/convergence/fifth-order-validation.md,8890,0o644,b48b9f681667fa8504ac47a94e49fc45d8ade1dc63f40383cb6477534efee1bb
governance/convergence/final-pass-adoption-ledger.csv,684692,0o644,03040ccbc5085060b4a523a5f16d199120b84c442d7b9e518d711e03178cd8e9
governance/convergence/final-pass-baseline-files.csv,332356,0o644,308f956307d14b77236985d886ba08c3e1bbbe8795c31c0ca634d3c99f444e60
governance/convergence/final-pass-directories.csv,80361,0o644,36c742961e1602e48933fa79d5878c6278481ea391ec7d523d7851f6bb54030f
governance/convergence/final-pass-donors.csv,15722,0o644,35a39a4d645e0510831545d508e4d328a080fee7551cd215b2deb3a9392da5d6
governance/convergence/final-pass-high-level-plane-audit.csv,14712,0o644,71470e80200d4214ccb65bb18dc4b6b43b9df1194536fc9e84c70af531bc8f71
governance/convergence/final-pass-license-map.csv,6147,0o644,cc6580f5cce66decd6197ff31bbf86bfcdc3e661c473b1abbda71b8b2f31ad77
governance/convergence/final-pass-modules.csv,118757,0o644,0fdc7b55bf9dce64484e09f6a418265d22672608649cf8108f296da4dc02729c
governance/convergence/final-pass-omission-audit.md,15179,0o644,281685e891c7232e31143d3e9c7949c3e68df48f779669a167c6d8848d3719c7
governance/convergence/final-pass-peer-synthesis.md,20408,0o644,da5aab73ac5c3eb130991c8921ff733a82b489b6f0682e4d93ef222a64db6240
governance/convergence/final-pass-semantic-revalidation.csv,9977,0o644,a1aa27b1b997b156c07b1e97b1e27d12b84f86ede9f44f493ae921f058e7d053
governance/convergence/final-pass-signals.csv,10763512,0o644,4598bf96f348f86da198e6c0382539aa25b9956f8f9cd2eeaf33255dd0009433
governance/convergence/final-pass-supersession-map.csv,3824,0o644,c31a95f23ffc74a68f499f19711cee8c4db180f7029a78a87bd906d7857d26ff
governance/convergence/final-pass-surfaces.csv,2237559,0o644,b9277596106b0fcd8981cd9822c002085e8af72a891f69b86cc8ab64e6be46b0
governance/convergence/final-pass-symbols.csv,1303539,0o644,039d5d7b1390f829266bc217b9fdf81500ed2616dc3045d3d1c9d66025862483
governance/convergence/final-pass-target-delta.csv,13208,0o644,2201bc52847d6810425809d56406f83cebfd7f73aeee50d4ba78fc233d6fd1c3
governance/convergence/final-pass-target-repairs.csv,4148,0o644,c3e85448223039a94fe00eed03664803488b4aec9cb94b4555088e84df6b755e
governance/convergence/final-pass-validation.md,5424,0o644,2ae279b47e6dcc9c37bd3c716c0a7a6a2861e3260aab727acd0dacd23efeaed8
governance/convergence/fourth-order-adoption-ledger.csv,14459,0o644,40da30b7375ac46322250c5aeda2e9959a7b5bffc48b5ce88cca0aaf44d756d1
governance/convergence/fourth-order-baseline-files.csv,297268,0o644,22e4c5bdc7754d309f865682cd8e1e52c2786b30c0a21af930208d63ab433bdf
governance/convergence/fourth-order-directory-review.csv,104268,0o644,4da50bb340a09a868abe5a8ff01d61e2c037858fe8eeeafde5bb7c572410b9bf
governance/convergence/fourth-order-donor-review.csv,3260,0o644,54888dd9cf9bb7fca118d84a095eaedbb6c55f31eb35124e0b9ad17756a5f75b
governance/convergence/fourth-order-module-review.csv,47663,0o644,b9a7f2b3fedc4152f1cdf6a00dd36f6cf9992304d6b43fec197fbe6ff85102a6
governance/convergence/fourth-order-omission-audit.md,2278,0o644,5560b3ad3dfe22d93b1fc80db03fd85e78e428ff803227ad583fbf73c524eed0
governance/convergence/fourth-order-semantic-reversal.csv,68977,0o644,640e13666d90821f857e04f920dce181ea213d0475a6fae9dd617905a48afbfd
governance/convergence/fourth-order-supersession-map.csv,5233,0o644,cebf0d014076c21355e385c2ba6f5bf9de21d9d85127295cfc84e7557f7fd0ae
governance/convergence/fourth-order-surface-review.csv,1869411,0o644,2b61acc9d792aa3ce5b5afff6eef16eb693282c8f50de7f40f71ed5605b427e7
governance/convergence/fourth-order-symbol-review.csv,3376010,0o644,6318c349af6fd3a18eb00f839024f79fc21fe5690b098393a5016ea5dd81bcdc
governance/convergence/fourth-order-target-delta.csv,15502,0o644,2196e605d9b400321c1e97579c05d112f442cb93d8f48d804d0c550887b9d70d
governance/convergence/fourth-order-target-repairs.csv,1744,0o644,247ec9eaf8ab2f3bab4581355a16e1c449eac8aee353fb7dbfa77d6db859ecb9
governance/convergence/fourth-order-validation.md,74384,0o644,3114cf87678b90de7447c3749febd0c95368213988a75aa23ed14c538b383fa4
governance/convergence/ninth-order-adoption-ledger.csv,138666,0o644,09231444c5044bd83a1dadd9b1364eb3a0e1b414c6b49a7170c531dd8d7205b8
governance/convergence/ninth-order-baseline-files.csv,329112,0o644,a1315b8a4310c9f02bc3a3338a3021a19aa61a94ecb4a2515a483e1b78e329d5
governance/convergence/ninth-order-directories.csv,40073,0o644,0f3a37f0c44251aa351ea30bca6f295e26da9edd323701afa72338016ce977b6
governance/convergence/ninth-order-donors.csv,7061,0o644,81bc105f0b47b86f11f78e172a80f451f5c058d466954fddd98af78d3f4842cc
governance/convergence/ninth-order-license-map.csv,2501,0o644,b9b520e881e4e7ff29e94039481c574f5dedfd054c79ee2cf9b0241f6093a42f
governance/convergence/ninth-order-modules.csv,24372,0o644,de783279ad3fd9fb8b9d4d914df28177afee9cf64d2ba87e70aec43d2778e30c
governance/convergence/ninth-order-omission-audit.md,3024,0o644,b1c2963b90ecb45664c70016b79e7db43149bb6de38c47859167c4116f2e09ea
governance/convergence/ninth-order-peer-synthesis.md,2375,0o644,695c979c8aaf0443236e286969f3e4bc290eed17276777cb39a3bccf7654a941
governance/convergence/ninth-order-source-identity.md,3467,0o644,913bbae2c56058124ab44129598ac5edbbc2835cd20e5307ff472be3d5d577c5
governance/convergence/ninth-order-supersession-map.csv,1661,0o644,f990d923c60343116b23a6b948b7f7730d3beca2d6e6a0a641aeb1c9d9b5b842
governance/convergence/ninth-order-surfaces.csv,403856,0o644,8ef968e019fe80fc2c6170e723eeb99ea3f90f323d61903e25463f6ed621dc68
governance/convergence/ninth-order-symbols.csv,1826864,0o644,054563e572bc4938201b11c4b47ea28cf8ad6424fbabdc4de09cb5f88b0d5e8d
governance/convergence/ninth-order-target-delta.csv,14509,0o644,f775ee6155f6ffd0d148dc18efada35ab25689bafbb74cee9d788a34f56f9fdf
governance/convergence/ninth-order-target-repairs.csv,1713,0o644,a0eda21b70dd083b096365d13fc48ed268a813ea73a13057174d142afe2b7842
governance/convergence/ninth-order-validation.md,5837,0o644,283a07a778d463df5a273a65ee4e8b5691706c9f8f46ce10abd0a254996a4b06
governance/convergence/peer-adoption-ledger.csv,2119628,0o644,3707e1eb5b4087e7a63c4c35776ccd06df5608fe5209ea2b89db3162a5b7912a
governance/convergence/peer-corpora.csv,3114,0o644,6ae9e10d8e7fd5fd2d84e1426ad86d28bd5726aaa82bbaf5453bbba179fbecb3
governance/convergence/peer-directories.csv,29118,0o644,82e57f5b65a9a0439f7263cfb62877b46c36d179d19e56fcf622877ab4594af8
governance/convergence/peer-donors.csv,1932,0o644,550e1ec511ee9cbe3c4d691861cc2a268fca1f55367e1ec5d98c7978419d15af
governance/convergence/peer-modules.csv,19727,0o644,e008fe866c9499632490f4ad2b2ac7c9d199d693140f2465dbbd8ceb9c1c6d59
governance/convergence/peer-reference-reversal.csv,25492,0o644,2a563a205512c7898efa8a6e50118cdbb892b0f0e71f452f6b468763dda01823
governance/convergence/peer-surfaces.csv,905567,0o644,c892aec9a91813172702b1f8b00db7cb2d0fd098234a680a2b6786ea85722f53
governance/convergence/peer-symbols.csv,1788838,0o644,02eb4250b28b68c587d9c812b0e09954ed4f5cb8e731f60ee320ab266f7a332f
governance/convergence/peer-target-delta.csv,33063,0o644,03ac7777e9bad7d49392ca6cd81a0da12ec88542f3fa2bcbacc88cea3173ade8
governance/convergence/peer-target-repairs.csv,1639,0o644,948459b0f25879c79277c15746cbeceb10d1ded890d733486a193309848badc7
governance/convergence/peer-validation.md,78576,0o644,160c53b2b6a02e5363031b660efe34feb4724e0e655e2e9ac05e9bca0f708bf0
governance/convergence/post-refactor-117-adoption-ledger.csv,4274412,0o644,31e1f61f60e4088b9d6f63b6323e6bda714fd489efd54dffd9bf9d6bfeef76db
governance/convergence/post-refactor-117-baseline-files.csv,333650,0o644,824b66a2a2b8f4d5d75f837ab94d8e48b6ba19a5a3907c83bf4f0f721fae0925
governance/convergence/post-refactor-117-directories.csv,429041,0o644,79ff989d0d8616c6ae0024124a606d08283a26ded43af5bc0ed6d178837c182e
governance/convergence/post-refactor-117-donors.csv,42407,0o644,6150bab8f804a4c27a8583dcf13006cdbda0436441fd3c127f7b42f59f0ff72e
governance/convergence/post-refactor-117-final-report.md,4786,0o644,263aeca4e9acfc1b2653675c340d8b9cb9d8c863dccee36596ccc6bb3f13db72
governance/convergence/post-refactor-117-high-level-plane-audit.csv,3117,0o644,cb4d1d99c88b28b1cf25589655c7667d07a18590ba3144ac176b22c5528d1e43
governance/convergence/post-refactor-117-historical-evidence-anchors.md,40415,0o644,c351e4a8e58c2aa714a06d2d382f191ffe5e6fb4f6bcce7861122b1349deb540
governance/convergence/post-refactor-117-historical-resolutions.csv,3673,0o644,2c398fa353d61786c38f5441f44e54594d8b222cf3fb83deffca2489f42ebd32
governance/convergence/post-refactor-117-historical-schema-normalizations.csv,30191,0o644,e514ecde78669b37fb460c423208b89cfcc78a069d68e7b4d882c122040f517b
governance/convergence/post-refactor-117-license-map.csv,15508,0o644,117c0c264ddc2bdf2031898d0a1cfbb01973fd876301ce75467ded4463c1d424
governance/convergence/post-refactor-117-modules.csv,1240481,0o644,2105c529119830fc115858a3448df4a08a8452ca0e88f49f7ed88baeedb19786
governance/convergence/post-refactor-117-nested-archives.csv,2962,0o644,00aba9b8304dc5bfc2276c71bbb05c6d3ec0a7c4097a2baecdbc96ee0fac261c
governance/convergence/post-refactor-117-new-adoption-ledger.csv,1223209,0o644,ec85b6f1229fc7d41de1f6adf45e0860cde10f67e98862706c4dcae2fe19d62a
governance/convergence/post-refactor-117-new-directories.csv,88736,0o644,ff590c446093c5f64f76d1bbacb11a9c453e2202e31cff16d7de2282f284a5af
governance/convergence/post-refactor-117-new-donors.csv,7946,0o644,d2af2c40697ab4d257634d85acaaa539b2469579798938af74a093d6b9cb6c7a
governance/convergence/post-refactor-117-new-license-map.csv,2595,0o644,1dbe8d9e26e60cb426a4f42de91eacb821ed88d24f14012362e46de97932b86f
governance/convergence/post-refactor-117-new-modules.csv,294509,0o644,299f3160d37a36340199766016d83f80f044cfabdf17e0add759c4690cd06f83
governance/convergence/post-refactor-117-new-surfaces.csv,1949757,0o644,392a5cc3cfebe456d69424764c994652360d36136fe2501defb6883268a4dc41
governance/convergence/post-refactor-117-new-symbols.csv,3287445,0o644,7547dc9ede76bdc022e5f467cecab299ff5a381968b88a11fa9ac866e55edc8e
governance/convergence/post-refactor-117-omission-audit.md,4108,0o644,475c4fe5273802b4f2613b6951f0a4865c06e54fdf19ae285bf4af941da21eb4
governance/convergence/post-refactor-117-operator-runbook.md,2258,0o644,7286fdb88e9c549e718a30b62d06e490487ec4e3874d5d5306a2f10004e9f944
governance/convergence/post-refactor-117-overlap-provenance.csv,951,0o644,a8fac897941b7d2df5e633c41b53019c6fe8b1834e57c98141903fd2721f9d1c
governance/convergence/post-refactor-117-peer-synthesis.md,3837,0o644,713ff5b9617884b9da50f1d7d05f2a45363c5470f2247392bff819f60d72e53d
governance/convergence/post-refactor-117-semantic-anchors.md,22701,0o644,a1be95f958e269660bf99de14c5abc7ec5567257cd22bac76ab7ee0a43f30221
governance/convergence/post-refactor-117-strict-adoption-ledger.csv,4276378,0o644,54abc1f3c4dbed21f47531d07e5ce6dd46e8d8a02eed89c975c4694c4ccaf616
governance/convergence/post-refactor-117-summary.json,448,0o644,05580914ad7ec3a317617ad8f4aa51b3edfe5d71d2f6a95b99399675eb7a31bb
governance/convergence/post-refactor-117-supersession-map.csv,12401,0o644,068414cadf66c504d645810556d1a275b93171417b73a97b02a97e823cbe67cf
governance/convergence/post-refactor-117-surfaces.csv,7930031,0o644,469435afcd254f950ef64251e7095ba0666e6cb3c9d4f241c30c9e99672a3c38
governance/convergence/post-refactor-117-symbols.csv,7200095,0o644,13e9642b98efbb7b7def5a708dc0fc988b96c828760202cab477896e8d417bd9
governance/convergence/post-refactor-117-target-delta.csv,11448,0o644,28e42c5c0454f9393b41a57eba1f68bdc6642d5d4d5fe93fdcde0c230679dbaf
governance/convergence/post-refactor-117-target-repairs.csv,4316,0o644,1bfc6a6dd47de96abe4c13416cf04f75934fefe1ac6c0114d10a57cb066ffdaa
governance/convergence/post-refactor-117-validation.md,3575,0o644,81a079b73e52e9005ae1186956a26246077c1148392cec82e5f4e581113a6d8b
governance/convergence/post-refactor-137-adoption-ledger.csv,4845161,0o644,09f3e963bafe07e7806f92493d875495f6d9d496bc3a6ace3908c3eddd54f237
governance/convergence/post-refactor-137-baseline-files.csv,338682,0o644,fed7c627bc4fbf94c0b5878aa98a2527277bf0c31043ad0f25878681f38eb86b
governance/convergence/post-refactor-137-directories.csv,479358,0o644,0bbbf6c9bbaa75c8b01670dd38affb5f22f53d68187afc8c3b2be58e2716b33f
governance/convergence/post-refactor-137-donors.csv,50314,0o644,c73b7761292260d6ae59facdc9255404ac541cd8a8ecdfd244e0344e980a5988
governance/convergence/post-refactor-137-final-report.md,4112,0o644,166b2d919523197ed59d9f57a7139c0b84e8756a4d2f808725ed1e2299c367c9
governance/convergence/post-refactor-137-high-level-plane-audit.csv,4037,0o644,cb61aaa9137d0baf605e4c4dddb035078b49431117661c55469986e9073ec4b0
governance/convergence/post-refactor-137-historical-evidence-anchors.md,40415,0o644,c351e4a8e58c2aa714a06d2d382f191ffe5e6fb4f6bcce7861122b1349deb540
governance/convergence/post-refactor-137-historical-resolutions.csv,3673,0o644,2c398fa353d61786c38f5441f44e54594d8b222cf3fb83deffca2489f42ebd32
governance/convergence/post-refactor-137-historical-schema-normalizations.csv,30191,0o644,e514ecde78669b37fb460c423208b89cfcc78a069d68e7b4d882c122040f517b
governance/convergence/post-refactor-137-license-map.csv,18218,0o644,8f5d5fcea9e7760241f9c0c8c0d27c80ab490b1e0d39254e083c87bd15ce589f
governance/convergence/post-refactor-137-modules.csv,1373649,0o644,51ecbbfa8bab0ca75eee0cf1bfe37e51a7f819135720cdeb887d3c6dac1ad8a7
governance/convergence/post-refactor-137-nested-archives.csv,219,0o644,89852fc23d7615081c53edb9320cc0cfe272cce054c3573847d87713f09201d9
governance/convergence/post-refactor-137-new-adoption-ledger.csv,571157,0o644,45b88ee8591d20fce015f4a1ad82a382757c0d2b3ee3d51c13b0eb1307eb6ac3
governance/convergence/post-refactor-137-new-directories.csv,50364,0o644,8d5c58cc3c7ec5cbb6f6bab81f67bfb556d22ec2b8309be5b4affa6b2425f7e5
governance/convergence/post-refactor-137-new-donors.csv,8082,0o644,2063a0fb8495058987607b387f432c70b9b3628c4a3ddc69b6d697a520b33743
governance/convergence/post-refactor-137-new-license-map.csv,2758,0o644,e40e00b38a88d820acd33af139157338721eea76b8a79db6c916ec5761024dc4
governance/convergence/post-refactor-137-new-modules.csv,133279,0o644,c81f3f6ae4bba05d1617fb3a44f12bdf0be9c2974069e663a73ee4937b256640
governance/convergence/post-refactor-137-new-surfaces.csv,2384461,0o644,f8049df77eb2a7d8bf5cd92c93eefa78846927c637cc34aeaedd0474a4a4c008
governance/convergence/post-refactor-137-new-symbols.csv,3342119,0o644,34f77197d2bdf7fbcc9f1e7276def7a605c1cf071e450481afc853a5f6a245df
governance/convergence/post-refactor-137-omission-audit.md,3845,0o644,0fda54b190e2111ee4524644177aceb1bb024f4d4a6071e1f1d5abf3ef2bb9a9
governance/convergence/post-refactor-137-operator-runbook.md,2200,0o644,2384edb2a17b459e7a5ee1c7651e6c4668cc9ef1d082e02a17e6b2748505870c
governance/convergence/post-refactor-137-overlap-provenance.csv,4462,0o644,5f4fa38c57200d4313328bf1eec9502887cbc2ced259b493f937b36b1dae84cf
governance/convergence/post-refactor-137-peer-synthesis.md,3717,0o644,e992c2d5782cb76a5f1bb01cd20acc9941c06fd1c1d5f3ad4feb240e20ce6581
governance/convergence/post-refactor-137-semantic-anchors.md,19927,0o644,c93876f9252f86406a5ff5e09fbac4513d74b06ffceec713f8fe5750ae342c71
governance/convergence/post-refactor-137-strict-adoption-ledger.csv,4847127,0o644,23082e9b75441a7a67a90c7273278cda53ad8d743a45cf5323c768cdd3295d29
governance/convergence/post-refactor-137-summary.json,569,0o644,b73864eeb65264aa1ce231fa5c22e8dac5a4647272a109bc5ce14b42e03997b6
governance/convergence/post-refactor-137-supersession-map.csv,15224,0o644,d5b2dd6be734329e5de353e54435c198cb8ba783062b0fa2b715a04feee6055c
governance/convergence/post-refactor-137-surfaces.csv,10314380,0o644,c3de26ca7b242fc9e50d9eb438a746c2bbf72ffbc4efff1063247fcaf65d6b51
governance/convergence/post-refactor-137-symbols.csv,10542180,0o644,2c6dad667318acdd09bac1bb9c2f713396ae03e02470bf7cfc186272be63b723
governance/convergence/post-refactor-137-target-delta.csv,8475,0o644,26af87c60180a809c5a1d3dc006e5a45fa948bad4f1deb3705a132bb19828eb7
governance/convergence/post-refactor-137-target-repairs.csv,6208,0o644,9ff62ca8a18f2c7c2ebd8d0b835fcd5c0f67a6ce2c393d7e4bc02240cd6fde50
governance/convergence/post-refactor-137-validation.md,2752,0o644,93811aa03625c2a3745603f78d2495a97936db00f0e9fdeaf7bea47f6511a70c
governance/convergence/post-refactor-141-adoption-ledger.csv,5206078,0o644,fab5a1675ea8d628d1d6af1a3714abd1fa916a0e9b174c254ea748e502b95a03
governance/convergence/post-refactor-141-baseline-files.csv,343430,0o644,83c79cbe9251f8f941cb79016c4ce5d59a2ccb59d7a9d63863f7216d6a8fd2b5
governance/convergence/post-refactor-141-directories.csv,545121,0o644,e0cc0769af44e2898ca225c0585f6c2a04241f92db99bf9e2831d94675ece78c
governance/convergence/post-refactor-141-donors.csv,52417,0o644,dd8d70fd4a0e070c681c8843520b455acd776229d17ef5938a7e95c8152c2204
governance/convergence/post-refactor-141-final-report.md,4452,0o644,6ecdbe205133895f983f8a741ee3b4949d975d4e96647baae4da64d97fdf469e
governance/convergence/post-refactor-141-high-level-plane-audit.csv,5233,0o644,316aec493958e74e1d9074807e1cc670b6ca804d07174508f6468d2e3e0b53aa
governance/convergence/post-refactor-141-historical-evidence-anchors.md,40415,0o644,c351e4a8e58c2aa714a06d2d382f191ffe5e6fb4f6bcce7861122b1349deb540
governance/convergence/post-refactor-141-historical-resolutions.csv,3673,0o644,2c398fa353d61786c38f5441f44e54594d8b222cf3fb83deffca2489f42ebd32
governance/convergence/post-refactor-141-historical-schema-normalizations.csv,30191,0o644,e514ecde78669b37fb460c423208b89cfcc78a069d68e7b4d882c122040f517b
governance/convergence/post-refactor-141-license-map.csv,18879,0o644,19a0791d434960ed5855ad498360b195e8b8da2f9b5c0563d8621591c778f32b
governance/convergence/post-refactor-141-modules.csv,1450244,0o644,461bfbc5f829a3e5cba28976b5c0071a17a620c227c093d46ad99481c1d29a64
governance/convergence/post-refactor-141-nested-archives.csv,16686,0o644,a6f236d9b375ae81294cfea447ceea289e3a2eabd2c3879bf6d3049bf14246fb
governance/convergence/post-refactor-141-new-adoption-ledger.csv,361325,0o644,27d178aa0b8f8c47fdc9b46ca07666c8372dc7edbeae6f35d9840043cb113062
governance/convergence/post-refactor-141-new-directories.csv,65810,0o644,f3ea72f30ffaceb3e3f14ac9357a08466d0f6b456837e8864854dbc0fb0b04c3
governance/convergence/post-refactor-141-new-donors.csv,2141,0o644,7906ba336c31afe1a6dc1c6d9ddb89023adcc7258fbb312edeeb8e35b729d376
governance/convergence/post-refactor-141-new-license-map.csv,709,0o644,e159ecdc4613b6c76d58d4b781f589fb5230d738cd40f9044f4af671332030fa
governance/convergence/post-refactor-141-new-modules.csv,76706,0o644,a199e4563a8e5043cade54024acb672b2dd46d0e4df616343dad55f54b9f601b
governance/convergence/post-refactor-141-new-surfaces.csv,1870758,0o644,6fe2d3872567bf42fc3a077ac047d5155d73b81122b580151a127f6c2a164d0e
governance/convergence/post-refactor-141-new-symbols.csv,4404944,0o644,2724d7c793f1c01f366fcf0c4440b96abedbb676138c228027b662bc12e92377
governance/convergence/post-refactor-141-omission-audit.md,911,0o644,a82d44c2213ec73fe304a7cf9e276b66d46198562e55af1f90e3a720c666abd0
governance/convergence/post-refactor-141-operator-runbook.md,725,0o644,6b7bc96f0c9d14e3e642e82bbae860d0f7d636f8a57480ae38825ecddfaf0a1e
governance/convergence/post-refactor-141-overlap-provenance.csv,1425,0o644,dcef6f16b3270daaff682559d2e95518875e964009b961c0785e720a0b963d66
governance/convergence/post-refactor-141-peer-synthesis.md,1224,0o644,d29aa989983cd21dffafb51d6ef7ad5a9879097211ec8588fef34d391d745733
governance/convergence/post-refactor-141-semantic-anchors.md,14216,0o644,4962112e32d549a0da4629fe96ba0563a092f4a821387d890bb3087c9d5d82bf
governance/convergence/post-refactor-141-strict-adoption-ledger.csv,5208044,0o644,1d58cf3a62849ca0444313a0765a96fc9a33c9e64f28e6e0f5863d93e93167f2
governance/convergence/post-refactor-141-summary.json,571,0o644,0bdc6ac4dddf4cd1505b2c16baf4b9ff3f3ab4331659caf8861da7359613db51
governance/convergence/post-refactor-141-supersession-map.csv,17742,0o644,6e005e262e2f570086157b4caa77cbf551f80bdd41b891fecddaf81a21ca77fb
governance/convergence/post-refactor-141-surfaces.csv,12185026,0o644,ef22a3965115daa16b51d3b3a2d5187a4de2cd845121fd209f06f8ffbba07e4a
governance/convergence/post-refactor-141-symbols.csv,14947090,0o644,709156d3df82aff475316728b5d476ec895056f40d0171c6a1e79b6e7cfa4666
governance/convergence/post-refactor-141-target-delta.csv,7375,0o644,04a3d880e536fe46c6cbca8edaf14a08c14313dc34f341bfdf5ac5406d2b9fcd
governance/convergence/post-refactor-141-target-repairs.csv,6925,0o644,bc11edb5ee9e7daf2377a6f7a97f42cfd998d37fa87f8ff115b6b32f88a07cb8
governance/convergence/post-refactor-141-validation.md,3918,0o644,327ab314d9e2c0cce92b839495475e28f664cb2058e5866c69fcdb0e86bd4718
governance/convergence/post-refactor-160-baseline-files.csv,348006,0o644,3aabed9dbb13f23f7bdf3f5913eb1bd7fd4af243c20a4a7eab3493ae0499bcd0
governance/convergence/post-refactor-160-capability-counts.csv,1811,0o644,f00ad1f63bfbcd65ba8f6cf508b5d66c22769b097241d8df892801aff3a0cf0c
governance/convergence/post-refactor-160-directories.csv,95439,0o644,7fbd05da421d57e92f253fe404e01261a0308d17c1a1c3bdcd79a3cf3484bb97
governance/convergence/post-refactor-160-donor-decisions.csv,5179,0o644,914179f9174e2c1c84e0d6001f690aca901f4d34eef0bd465a967549ce572247
governance/convergence/post-refactor-160-final-report.md,8051,0o644,e4be9fbaae05af59818fc66902e3839f5c99996353dc29ffa917852795d5a9f1
governance/convergence/post-refactor-160-hash-overlaps.csv,105304,0o644,231632aa42bc17c7f3678148be4cf61057d5f9bc9e0f7722559e69cb6b9ba8e7
governance/convergence/post-refactor-160-high-level-plane-audit.csv,3917,0o644,64e7aeeca29158e331a32e06d8c4f5e010027020321722aa255a70a34be713d0
governance/convergence/post-refactor-160-mechanism-symbol-hotspots.csv,494377,0o644,049ff43881d5c8d335589613e6f367ab673fbc0a5f3de77c78e93e22974d59e5
governance/convergence/post-refactor-160-modules.csv,5102,0o644,ad2d79d2d1e2514d33a09f249e53052701d2fba4e20dfbcbcd2c0b740332ffe4
governance/convergence/post-refactor-160-nested-archives.csv,293,0o644,29bd3c85039c5b04a8ec61806be107b96fbc65031770e9fe7cc72e8b433bbdf4
governance/convergence/post-refactor-160-new-adoption-ledger.csv,410617,0o644,bdd6d4db0a3f7b2c04e821eea6bf4387d45eea9fa1ab093544ca9200b258b377
governance/convergence/post-refactor-160-new-donors.csv,2826,0o644,b6091a04dbcd8e7c7eda6e3ba59386163ed328b824fba53f1feda1e75e7680e0
governance/convergence/post-refactor-160-omission-audit.md,6138,0o644,4dca0d02c655601789ee19e82ffeedee55798f5f349b2852616fb4051613a2b9
governance/convergence/post-refactor-160-summary.json,1058,0o644,fb03951ea99c8c2550bd686228b61518de10274bf5b4949d972de38ac7e959a9
governance/convergence/post-refactor-160-surface-accountability.csv,2761364,0o644,4498a65d1e5800f9c7199224d7c5d5efe82d422e6de8e0ba7077e05e744d96af
governance/convergence/post-refactor-160-symbols.csv,10039609,0o644,9f46a83e3646e46acd9d1e8a2b796d58ee6f5caf7853062ee5e76e36ab96ccf0
governance/convergence/post-refactor-160-target-decisions.csv,1587,0o644,350f062c2aca1c8489549e78f007aaa5d61e13a137b8def8f4d93124c6dcec9f
governance/convergence/post-refactor-160-target-delta.csv,17315,0o644,5d8f284a504d6fe64e0e11fc135f0115faa1954a10bf44349ddd8af7f7b4314e
governance/convergence/post-refactor-160-validation.md,4345,0o644,855416dba69536bc8041a7b0cfff59006d58271c720868dcd40ff5246c7583c4
governance/convergence/post-refactor-180-adoption-ledger.csv,240312,0o644,57a4f2bd27799a9f1a409917fc173f4d8470df422b2d556b625486939a954aac
governance/convergence/post-refactor-180-archive-safety.csv,3172,0o644,720e472ceb9d5bcf4a6cf1d40699773f3e3d4594484b88e328c27a3079500a53
governance/convergence/post-refactor-180-baseline-files.csv,352562,0o644,3a8b136b37e3531e08419889113de050f46dcd528cf048069841426c3817ea8f
governance/convergence/post-refactor-180-capability-counts.csv,7846,0o644,3155f6fa152eff6e5e27a477eeeda6a7fd2f6a00ff55e4b1439d52bf7f8ad891
governance/convergence/post-refactor-180-directories.csv,46556,0o644,2772107620d7884579fa81b5a60a61646e30a93c617226e157fec762dcc33e96
governance/convergence/post-refactor-180-final-report.md,17799,0o644,0b9682c7db6e772adf831d306aaa1cf18e329ca1fa27055cdd62b06ca01a751e
governance/convergence/post-refactor-180-license-map.csv,3344,0o644,9dc467438a6113b7c9da6e6447f90437310383ea75ceee3edd19988b3911d24b
governance/convergence/post-refactor-180-modules.csv,13447,0o644,570fd3021438569a113d09abaa5687427a38fcd12642671054b5815fdaada04c
governance/convergence/post-refactor-180-nested-archive-contents.csv,24820,0o644,33a540ad3457c452d131f6fa1ac29db38018a8ecf03fc50023868e9158821a2d
governance/convergence/post-refactor-180-new-donors.csv,5455,0o644,1890da821d06beb3b1d1ae8e668a56d52530a3145a7a3aff85ed633d911816f9
governance/convergence/post-refactor-180-omission-audit.md,2633,0o644,e180d22bef358c5fd9f6fa0030e2c2346a64a18ce67cc826a9a2e915afc77a0e
governance/convergence/post-refactor-180-peer-analysis.md,5759,0o644,9f260ae237f2408162b15384d6934b7b4062ba89b7ba7540b19c956b21dc0b9e
governance/convergence/post-refactor-180-summary.json,345,0o644,f5fe73f6edb405b1beb58a45513d3e053eee008a293e0061fcd96cb34ea7c49b
governance/convergence/post-refactor-180-surface-accountability.csv,1285563,0o644,efd5b3a022ab7a2c70c634c132542165da00d9674bc7e8bb5cb3c50c0d078262
governance/convergence/post-refactor-180-symbols.csv,5039501,0o644,0e92e5118e319efa4b2f4ae36f6693ee87f00d37e0d273edb2ef21bf2be04e12
governance/convergence/post-refactor-180-target-delta.csv,10472,0o644,067b045c56167f01004d7e0558be0c120d1a244b5b4104e9740799e92872114a
governance/convergence/post-refactor-180-validation.md,11281,0o644,f6afa5d2bb2eb54b5f1d319b5223b0c9f33cfdc50899ff9edfdc9dfbe4e21aa3
governance/convergence/post-refactor-220-adoption-ledger.csv,21229,0o644,34ddf306df921a3fe5b9cc139c5d35ef36a194fccb1fc3f19cd4c84f33317c83
governance/convergence/post-refactor-220-baseline-files.csv,355241,0o644,f304ac7b685c547c3567d00d3458c4d507909f4b391d534a0b6177d83ed3165e
governance/convergence/post-refactor-220-cross-wave-accountability.csv,9347,0o644,5d54efb24f054b40df2e800fa55f6b1890aa7b4eda814c058b70097c5ce852e6
governance/convergence/post-refactor-220-final-report.md,12454,0o644,05ddb4d435ba49616affa3ca166b2d7658159b09d3599e21cb1dfaa3b27387dd
governance/convergence/post-refactor-220-high-level-plane-audit.csv,3088,0o644,abeb5ae884222bc89d17527645ba91108ccd517242e68e162ada6710e7d142f7
governance/convergence/post-refactor-220-omission-audit.md,9852,0o644,5f7fd0695a1cd21bcfbce08b5835b9389996c02cef07ea853ccb1f6fd097b1ef
governance/convergence/post-refactor-220-peer-synthesis.md,7907,0o644,7793c2fa10f0f45d2264010568e1055706004d8fe955ed8cf8c6f861e3287da8
governance/convergence/post-refactor-220-summary.json,1044,0o644,0555ca050cd95c67b6684ffe845d8339e26a63e39173edb5dcd6b9b64f65857c
governance/convergence/post-refactor-220-target-delta.csv,26264,0o644,297b3b73d0e3eb84af1463f7a02e13a5ee45d14764eee17ec49b62ab4ff2d323
governance/convergence/post-refactor-220-validation.md,8098,0o644,8ac68cd8b23fe3cc4ae66ba9e8c51b5ac04ba121ee8dd61b595757140c0aa070
governance/convergence/post-refactor-222-adoption-ledger.csv,83165,0o644,ff44a33440879be3a99fb7809ea62e037104c62f332ba895b5ab7896f580a5f3
governance/convergence/post-refactor-222-architecture.md,4509,0o644,2fd7e1257f8012395a7cf119717a5b9c8e6c8d4b624a69d2014f81107d4a7a37
governance/convergence/post-refactor-222-archive-accountability.csv,5077,0o644,1bcac5d1a107c7a6e5cca1fe4b8077651eb2bad06f32c44798b0588eb40fca3c
governance/convergence/post-refactor-222-baseline-files.csv,361354,0o644,4b93090ffcb88ade3b3607808d07842748c74d53b142e137568449d796fb5715
governance/convergence/post-refactor-222-cross-wave-accountability.csv,6982,0o644,f145acc149b8b100d0a3d286bd47e97c8b4ef83116da7ede18ee1c29a5c43a59
governance/convergence/post-refactor-222-final-report.md,10123,0o644,f35f29ee375fbf74ffcafc8c38f292bf62f9897e90e7047ae3a9591c6c838178
governance/convergence/post-refactor-222-omission-audit.md,5036,0o644,415b87df38177a0ccc0fac5f25fbda1edbb63d65ef86cf6c41bd64278cf437b8
governance/convergence/post-refactor-222-operator-runbook.md,4429,0o644,f5993974131cf12f22b5d1dc764c964897b946f5fb0dab9e2c7212f8a9c06146
governance/convergence/post-refactor-222-peer-synthesis.md,9136,0o644,8891847ca3ec5bf19299294f39e59a7d0b001d995fb400fa5ede1d376257222f
governance/convergence/post-refactor-222-security-model.md,6291,0o644,110d974f9e200c7925c94c73dc1b296617aba403f9b6cf5012fd4c8f94d26ea9
governance/convergence/post-refactor-222-state-and-trust-map.md,2206,0o644,c16b8c82a1d2d31351c79f2b9bdbc4b5f7051e2147a498b457de044cd5e873c5
governance/convergence/post-refactor-222-summary.json,1072,0o644,1da72cd99152565019430e05bdd6d299f16fdce4492ddbe1b40e14ec4de5761c
governance/convergence/post-refactor-222-surface-accountability.csv,1805001,0o644,62ceb109be72361d7a90504fc38aa81befbe313fcc8ebe8d68d85a39ae7d248a
governance/convergence/post-refactor-222-symbols.csv,2758150,0o644,d39cac65af31b33e84e04a6286ccf9879a195dd9b54b5f86c79e011861a3ce9c
governance/convergence/post-refactor-222-target-delta.csv,19110,0o644,7289e8eb3f584e670de12e9daa882cabed33cd7773a2dbf24ca5615954e39083
governance/convergence/post-refactor-222-universe-accountability.csv,17354,0o644,b401efb8f8166403959a5a5a78b0377000cade07eaf9d9fdb57986f1c1f35422
governance/convergence/post-refactor-222-validation.md,6407,0o644,0cc2778df82837ce03f0a62b80fbefc94866c20658078ca24f1973ba8381862c
governance/convergence/post-refactor-222-verify.py,12403,0o644,bb32a9453f7c9f5cd4b2303470a2c92c78bfacefaf5094d4b2d96cea89b56c42
governance/convergence/post-refactor-223-adoption-ledger.csv,58640,0o644,dd13d5b9879af14929381684239b9a8bdcb92719ad5d496a2715c2240aca99e1
governance/convergence/post-refactor-223-architecture.md,2289,0o644,b7d2979b9cdde0d7b6cd38979366a6183e166079cd5d12d75d7d05d4d8c498c6
governance/convergence/post-refactor-223-archive-accountability.csv,2122,0o644,3df1716fc1e1f363d8f1a8934dd9fa943047294b174775d063fac4e13d22faf7
governance/convergence/post-refactor-223-baseline-files.csv,366447,0o644,935869617cb7ea24bed83218b291ffd8a49ed244781ab13a884b118e0b065c3f
governance/convergence/post-refactor-223-final-report.md,3165,0o644,e940f5f17cceabd7855b5f56112362e8ac4522dffa7bc833b9f1c382c7b37d00
governance/convergence/post-refactor-223-omission-audit.md,3727,0o644,0a8ec077053b5c81ee0be48034ea81e91bc2f1f879b630f15fe0d31e1d2d62e5
governance/convergence/post-refactor-223-operator-runbook.md,1301,0o644,2311ad4ba0ea9c2ca8e6eb7332dc1f6eebe2de5104dd867845c7bc8de998991a
governance/convergence/post-refactor-223-peer-synthesis.md,1644,0o644,67b8025dcf3d63402194f5fb8cd6f3f253f42b288a017cf76072f9c3ad6dee7f
governance/convergence/post-refactor-223-security-model.md,1660,0o644,9ddd6ef3e8256cd546b366af017a77d7d7d12beddd4f52992b11c8e02fd1a908
governance/convergence/post-refactor-223-summary.json,2242,0o644,f8190c9615b872c967278f98f5f13c13fb0fec6c04e54e1289d629c815d511d2
governance/convergence/post-refactor-223-surface-accountability.csv,2940037,0o644,8cdd2b3f9ea913d96e6ca9cf8dc3f730ba8d6416dde9a983929092b560dd5d4b
governance/convergence/post-refactor-223-symbols.csv,10404283,0o644,025fcd97305ee172f3a7255411abd40c389ce54b08c58238ded2b7c7e0e3583c
governance/convergence/post-refactor-223-target-delta.csv,21331,0o644,456db7b0a33ec15334c2eae42ce80b2ccc8421aa430e1013b4c9622f2231c2b6
governance/convergence/post-refactor-223-validation.md,4065,0o644,3ee0882ec5dd339a699da563eedba334405d75d5895f1ca38402ba798bc79628
governance/convergence/post-refactor-224-adoption-ledger.csv,59441,0o644,819f9784401b75d091fe86d36dfe4a36a9f5ffdd3e75f8ef092651b5a171281d
governance/convergence/post-refactor-224-architecture.md,3633,0o644,097ba1c4077fe368db424fc0425486e44e2d025de19d6b923fc3e8c15d705866
governance/convergence/post-refactor-224-archive-accountability.csv,2526,0o644,3e9ec2b7e01e709f1480a46c19f78232078c38f82bcc46fa03a3b44b0b3cf03e
governance/convergence/post-refactor-224-baseline-files.csv,370561,0o644,a2e4f7043018de6aa85b37fd1b71c8301712a01b0680171e354c8a135aae2d33
governance/convergence/post-refactor-224-directories.csv,19195,0o644,ff3da6cb06bd99ea333c1f63605faed3b7dfc4a7336f73b9129ac53bf3021764
governance/convergence/post-refactor-224-evidence-summary.json,325,0o644,c3914d54f2a1782c622a27e86a5213c4db2a26316212497b33f1b1873f83157b
governance/convergence/post-refactor-224-omission-audit.md,3720,0o644,4177ea565c268e7a6e2e6afda1ea4630b31824cae84259dc58abea388e109ff6
governance/convergence/post-refactor-224-operator-runbook.md,1750,0o644,39e23db3e0c332e13b952434bd77c345a94e47742a219037c7c76a4ecd02e329
governance/convergence/post-refactor-224-peer-synthesis.md,3017,0o644,88161838095505943add1b80aa0472539c248ca6d43829f41a619adb9077a617
governance/convergence/post-refactor-224-security-model.md,3396,0o644,71e6e3ed8c25d85bc3bea4dde98b5a78d97188986a89258e20fc392cd5a8ba26
governance/convergence/post-refactor-224-state-and-trust-map.md,2083,0o644,573c3b1f15d68e3455fe7fa49ff5cd2b287627f48a4abcfbc27c7fdda69fafce
governance/convergence/post-refactor-224-surface-accountability.csv,326017,0o644,3b741364ce24850ca1ca35c795ad15a2b303077daed97b93a950e4225fde02a9
governance/convergence/post-refactor-224-symbols.csv,346239,0o644,761449298e703962e58535c040cb0e0547f690909e09971ec74eb53fc19689fb
governance/convergence/post-refactor-224-target-delta.csv,24616,0o644,e292b95ac30e2f154c93f5812ab4016897f88164f713da1baaa83dcc202a3dee
governance/convergence/post-refactor-224-validation.md,6967,0o644,d5a0d33a84cbc3b488490b23ab3b640752c062fc03a52d72448eedf1e36a1f0f
governance/convergence/post-refactor-224-wave22-preset-baseline.json,542,0o644,4359e7dc0c73ab0091fa37140f1b43851778c116bac3ff02c5b7bc45236ba66f
governance/convergence/post-refactor-225-adoption-ledger.csv,1615569,0o644,98a83785f39f0be7f9c865e5c1c4be0fb14845c550ee5e4f72064c1455298e31
governance/convergence/post-refactor-225-all-history-module-audit.csv,49252,0o644,d0b9f65b42b0fac86bcfc1c336ce89d71e7ad7a1f6d4b00ce04efad370dab59f
governance/convergence/post-refactor-225-all-history-second-order-audit.md,8935,0o644,2915fff56ba58aa0662fb1d2dc17de426ca5e273b179e6f1be52f1e7a385f508
governance/convergence/post-refactor-225-all-history-summary.json,341,0o644,6451bb22ef9194aa69661215b96b4e8a40d25c95422cfea8b61f75bef2230eb2
governance/convergence/post-refactor-225-all-history-surface-audit.csv,814799,0o644,bb289ac3536803181b09c5874517df201d58e9359739087f7c6e872c6c9e6897
governance/convergence/post-refactor-225-all-history-symbol-index.csv,1588533,0o644,3136802e9b492e18e6790d54f09fb982e17d97f432660284f6ae50fa78978653
governance/convergence/post-refactor-225-architecture.md,5782,0o644,24f32a6970da9091c8dc01a081d0b6b2a642b2b8ad56c7375a4a52948325b9ea
governance/convergence/post-refactor-225-archive-accountability.csv,3797,0o644,cfc772dd9cd077cb583e6031d77667fd1ed9be59f908b7e95cd2056bcdeaa3a1
governance/convergence/post-refactor-225-baseline-files.csv,398940,0o644,5c85dda449f03fe91f02d62790a9fd17e66ded71b2c9d93b7ca3dc165cacdeeb
governance/convergence/post-refactor-225-directories.csv,31706,0o644,b113950776b5a0c8fa070ca85e907136ffe59aed96666b4557310edfa509914a
governance/convergence/post-refactor-225-evidence-summary.json,307,0o644,90aef9aba1f071e27c23ce992465eb4969cd76902958561b6de2e900f4b63300
governance/convergence/post-refactor-225-omission-audit.md,4072,0o644,078d239be231d1ad964fa5f0486ba587223c82e803d33fcb260718944809fef9
governance/convergence/post-refactor-225-operator-runbook.md,3548,0o644,a5562df767386a05cc99c236bc2c993b6583d5592e10d8449725315ed38cdcbe
governance/convergence/post-refactor-225-peer-synthesis.md,5553,0o644,3ed0a8e4b969c2e0f49b807ce0720f6b2d64bda4b9f8df8643a645000a16a739
governance/convergence/post-refactor-225-security-model.md,4160,0o644,0c6a01715d0148fd342ee00fecc416943a29c4a5ef3eda8b794ed289e4926fd5
governance/convergence/post-refactor-225-state-machines.md,3711,0o644,45e68b276c758b8b78d5fb02c0d03ebf0e6994310942c6a44ba0ec4002f34496
governance/convergence/post-refactor-225-supersession-map.csv,25281,0o644,1fedee5f28c2536c570f0d79a772da9dffe998b537d679652b948f2a8c7c4ba9
governance/convergence/post-refactor-225-surface-accountability.csv,426587,0o644,b97803a96d74dad775f275c8959b1d2bc38c2d81c7ab29cb3ff2d942f9c17974
governance/convergence/post-refactor-225-symbols.csv,1204307,0o644,3b3f0a58b8bfc70ca98417125effcbe91f65abed6d66658d28e9d43b9d95f145
governance/convergence/post-refactor-225-target-delta.csv,25632,0o644,45c5b679ebc260fbf8da59d2a32028877811bb8d93a1f791b54b42a941c6e658
governance/convergence/post-refactor-225-validation.md,4090,0o644,91bf03dbed2941e47b20d178ebae8877b8c918522969fe204fb91d7021a24595
governance/convergence/post-refactor-225-wave24-tlsfragment-baseline.json,431,0o644,ad7fabe744e890745022049b4344132ec7107602f600f6cfd8f3fac77ef86460
governance/convergence/post-refactor-226-adoption-ledger.csv,1122787,0o644,d411dc27a8aa1aa34b88c78ee9657726b13e64346d280af5ff7adeaa22c56c5e
governance/convergence/post-refactor-226-all-history-module-audit.csv,65456,0o644,1739eb616f816e8709159aa9f387ff033bf87bf3bae52602433c78f1a56045e3
governance/convergence/post-refactor-226-all-history-second-order-audit.md,3224,0o644,751cd2dee305181a2d9b230ce3a5a4433254d371bc545a17ad00c389e7cc6b8c
governance/convergence/post-refactor-226-all-history-summary.json,431,0o644,e4176b3b577a912f2a5001acc4228167165762f54ff9fffa2d1908f9edf4fc42
governance/convergence/post-refactor-226-all-history-surface-audit.csv,1227285,0o644,469780c7736fba6da1f8180436fe6a51c81178c4f4d83bd796c57bd5d5df2cfa
governance/convergence/post-refactor-226-all-history-symbol-index.csv,4759741,0o644,86d456e8fb47b875bb200383294a19450b349a06887f14ca4693635444b0b1b4
governance/convergence/post-refactor-226-architecture.md,4431,0o644,3f94e296412da26b416108d78c1b62f127f00e8dae775c2a359c0c6eea0bf934
governance/convergence/post-refactor-226-archive-accountability.csv,2367,0o644,acd2d0919c1b1c9e3fe46b4650bf75f3314c0425cf4f1a3bfe665d72a975ab2d
governance/convergence/post-refactor-226-baseline-files.csv,389668,0o644,dd08f06593a896d26678da2d30b264000b9ba89fb60246aaf091095127ed7860
governance/convergence/post-refactor-226-directories.csv,26650,0o644,00f0e7063f3d309d01d949be9608052a0bb4152e5a80e1cb5a3fc25d859dd4d3
governance/convergence/post-refactor-226-evidence-summary.json,385,0o644,a191e0c18d0cfa2aa6c29ec7fe02a5631d1ec10eca367bdeb3b100e7948c355b
governance/convergence/post-refactor-226-omission-audit.md,4102,0o644,f6c57f27647abea1adf3e0842dad5c351956b2f419dbce6cde52b8845ebf994c
governance/convergence/post-refactor-226-operator-runbook.md,3435,0o644,14131d521c72d3dced0bbabf3e0d8689b59e72133e99b7f34e2f809926e1c01a
governance/convergence/post-refactor-226-peer-synthesis.md,3739,0o644,88e9b3e3f1a165a968c55b806c6eb4ccd4519a54c774aefb8f07718263cba5c4
governance/convergence/post-refactor-226-security-model.md,3677,0o644,48a7fe1f2be1e8e7b5ce4f27154078b66bc199a872f1d30da51e399c0143ada2
governance/convergence/post-refactor-226-state-machines.md,3303,0o644,c890aa3a03190131a144e0cd618af86996e0e656b0628882518e87bbd7356c7f
governance/convergence/post-refactor-226-supersession-map.csv,14243,0o644,2fdd8c19b34b48c4d5e64c7b85998f017f74e7fef69546710cef96ba870627b6
governance/convergence/post-refactor-226-surface-accountability.csv,368146,0o644,7c2fe1aecd04f5a7fe0245c582bb333fe6cbdc25cd14c8eb0f20605a52401733
governance/convergence/post-refactor-226-symbols.csv,3448183,0o644,4e01715484c84f5b630190e8578368060c2da19a1842a9a66743dd39a9376485
governance/convergence/post-refactor-226-target-delta.csv,13338,0o644,95bc8d8285e4284ba6a261b2c0bfc2bc80a03d1b2d38a744514071ff3376120c
governance/convergence/post-refactor-226-validation.md,5003,0o644,76cd0fcca04b4304c8a382bccf3ac7544d2fa3af29b9a263b299d1b61f0bb893
governance/convergence/post-refactor-227-adoption-ledger.csv,65682,0o644,64f7c4758fc457273ccdbfd6adadb94383f7bb58f5742bfd54e626d178358d06
governance/convergence/post-refactor-227-all-history-module-audit.csv,68035,0o644,e7e8b296eddf0168b70d6ebb086882df44409fb550795dc6c940371c8e18c0d1
governance/convergence/post-refactor-227-all-history-second-order-audit.md,1506,0o644,f1411b91910f3f5ef88a2bbb26db8c8b9d0619df16b0aa1b1334b7f5bef48740
governance/convergence/post-refactor-227-all-history-summary.json,515,0o644,12996bbd112b0d2e62e395c1abb93cbfd281c7475a2822bd0d44d03c7f079cdf
governance/convergence/post-refactor-227-all-history-surface-audit.csv,1241939,0o644,4b34c19c5fc2e665a0b088f0d7d3ae11db5dd92a33cac9da7e6d1f3a85750c30
governance/convergence/post-refactor-227-all-history-symbol-index.csv,4814398,0o644,00e25e3720c365e30564c4def83b5737eaebffddf3c7d361e68639e7b1feeb5a
governance/convergence/post-refactor-227-architecture.md,2154,0o644,2d23879cb3862d36dff906e789491b0adc157ca1e5815119f279eb9587cefcf2
governance/convergence/post-refactor-227-archive-accountability.csv,276,0o644,6564c29d94002e9d96e58ab34d06962d66deaf1a2454e89e4f024ccb8e15c814
governance/convergence/post-refactor-227-baseline-files.csv,390667,0o644,43dd416f1ab6d72deb56b5b11aa5076bbe0b3e72ba2afc5a6b5ee61d73b8a833
governance/convergence/post-refactor-227-directories.csv,988,0o644,c1bb7bb60e75878738ae49bf122320f8f633bbfbb34e4892722882420fd43cc2
governance/convergence/post-refactor-227-evidence-summary.json,369,0o644,8da1bdc126cd550e1935433d01a4a865801fc5fd9283face2c95484ba67855a5
governance/convergence/post-refactor-227-omission-audit.md,2218,0o644,bb3c7ec2a48aa53b6e32f4928be65fda1e4e64cb4ec3e1ac8c825a69d2f376da
governance/convergence/post-refactor-227-operator-runbook.md,1450,0o644,94eb20047f16aecc156abc6a9521d6f45fcf75f26e6864d2a87f789dda56312b
governance/convergence/post-refactor-227-peer-synthesis.md,1733,0o644,4cdcaf5634a405128d137f7837f7bdc62cf5bf7c29b788564149bfd7ea622362
governance/convergence/post-refactor-227-security-model.md,1714,0o644,f631b3cc1dcf584fef231568763ca44f308e42ce012bf3018e97f5a079b91e3d
governance/convergence/post-refactor-227-state-machines.md,1275,0o644,777658f108ea006a0fab8f8bc700159685790ed77b96b798a90ddf447ba43e9a
governance/convergence/post-refactor-227-supersession-map.csv,3433,0o644,86acf8fab5f02ed0b8e9aa80b34e734f409b99560e378d7fcddad4eb99b716b2
governance/convergence/post-refactor-227-surface-accountability.csv,13050,0o644,2f5caf409cdcb6788cbdfd153e8fe6d466d767b78cc86ffb0414edc380dcae4c
governance/convergence/post-refactor-227-symbols.csv,60759,0o644,e96843a2e4fc0febbe3a251e66f93bc45e0d2d1495bdbd1180528ee687590f30
governance/convergence/post-refactor-227-target-delta.csv,9909,0o644,5a69db6bb6b0700f1ace0942cea31347709dc5af582191d76a1ec86935cb820e
governance/convergence/post-refactor-227-validation.md,2378,0o644,241ab535f846aae298f87ca034869e8d7b50ab338bb3a02375c6939fc6e66ae4
governance/convergence/post-refactor-228-adoption-ledger.csv,29108,0o644,52fa23bf338517400f693758b5a2560875520b6a36c2db775c3124635987fcee
governance/convergence/post-refactor-228-all-history-module-audit.csv,68035,0o644,e7e8b296eddf0168b70d6ebb086882df44409fb550795dc6c940371c8e18c0d1
governance/convergence/post-refactor-228-all-history-second-order-audit.md,1096,0o644,7302f50ea9736cf3b3500ecb33ee9a9b71a56eeda10dab7e6adde29e7f5a4941
governance/convergence/post-refactor-228-all-history-summary.json,842,0o644,5d32b194cbf422e9abb2ab6c0ebfeafe881eb16b1fb839dc13c783574a8844e7
governance/convergence/post-refactor-228-all-history-surface-audit.csv,1241939,0o644,4b34c19c5fc2e665a0b088f0d7d3ae11db5dd92a33cac9da7e6d1f3a85750c30
governance/convergence/post-refactor-228-all-history-symbol-index.csv,4814398,0o644,00e25e3720c365e30564c4def83b5737eaebffddf3c7d361e68639e7b1feeb5a
governance/convergence/post-refactor-228-architecture.md,2104,0o644,f4ab13123d1cb37d66be9c97c0e0c6c5c77416e371bf97753cea78c6f4f6fd80
governance/convergence/post-refactor-228-archive-accountability.csv,3289,0o644,8c6094764b9bbfed666fc82b23906c678b391c30f9d33b54e37cc253f0433fb1
governance/convergence/post-refactor-228-baseline-files.csv,398176,0o644,13a74243d0968da3c45867ecab4cf69a406ec9ea4d24298817ed83b5533bd9ef
governance/convergence/post-refactor-228-directories.csv,27597,0o644,016927204d910a3bbb925754a2bd987dcb068f0cf1579f8a73b1df4db294f7c6
governance/convergence/post-refactor-228-evidence-summary.json,521,0o644,bff473b3153c34e83257812f228854dd86da955feeeec63690910d663978295c
governance/convergence/post-refactor-228-omission-audit.md,1714,0o644,e2f4ee4ad8a12308954e711e37c2896554acaac2e7cb5020833764c9c4a2f60c
governance/convergence/post-refactor-228-operator-runbook.md,1322,0o644,dca4b347130ffc79170cc56b125138790919ad8dd13b90e36c932c8ca8d5925a
governance/convergence/post-refactor-228-peer-synthesis.md,1334,0o644,8ff7991c344dc6b5711784ffb1d180206a13aa9b29c4fd4a5e816ca8539c170f
governance/convergence/post-refactor-228-second-order-review.csv,379904,0o644,1e37baeca08e204bb3c71b2f8b4fcb9f54c355f386553395ed1d784bb2e2dc0a
governance/convergence/post-refactor-228-security-model.md,1268,0o644,04a6e579dd09837c785b2b18ccdf56dd40c5d59c04b603b5258a3702abbe5cd1
governance/convergence/post-refactor-228-state-machines.md,1238,0o644,3842152bb8f04d7279124a83f81a13dca2816cfb0e5203df2ec2328cad68a6d5
governance/convergence/post-refactor-228-supersession-map.csv,7484,0o644,7479a4e32de10f64e6df789aab9bf9ffa480e951bc94ede7e54f61d65eddd090
governance/convergence/post-refactor-228-surface-accountability.csv,458248,0o644,181df49ead12d90d74168536172b97e6f1ec878afef7c6302acd28923424d294
governance/convergence/post-refactor-228-symbols.csv,4340722,0o644,67f4892b1700057ac0203bc13f18b612f7fc4dd23a448183a0df347a77b78b8c
governance/convergence/post-refactor-228-target-delta.csv,14677,0o644,548ab3920df42633a9239f22ee60ee91c3f5c1fba809fbd80c521ea43c876cc5
governance/convergence/post-refactor-228-validation.md,2456,0o644,73b0ece914067b7dde7d988d82d4e2bb245943383dd678b0add0694640e1aa99
governance/convergence/post-refactor-229-adoption-ledger.csv,6774403,0o644,bdc0c877a200eecbb65f4cb5de5a9ab7eae37874a106a9b62c35620c4094c5a1
governance/convergence/post-refactor-229-all-history-module-audit.csv,116518,0o644,b274c1d475dda7e7834d9827aff513e523bdb91679ee03f344404734d2f13b95
governance/convergence/post-refactor-229-all-history-second-order-audit.md,734,0o644,4ae1e58bf5aef00df5a93b98c5a6ff415de8a8364ca1821be5862fe0a2ff3df4
governance/convergence/post-refactor-229-all-history-summary.json,738,0o644,102ed081f499942f7a440138fc8347b60a9ee92ac8d61a618208a4008a0b13ad
governance/convergence/post-refactor-229-all-history-surface-audit.csv,4449585,0o644,90354cd7d01d9319ef1d52a98a9dc91a15cb52e4adb58b325ff9118e5250cf9e
governance/convergence/post-refactor-229-all-history-symbol-index.csv,10724408,0o644,543756216a9cc13f84d8440467d914daf167dc24e212a1eb7de9cd68fb3c0d95
governance/convergence/post-refactor-229-architecture.md,1689,0o644,fd2b274c395330d876c4b6aad84720ac7ced20769add299a2ba951ac00f6f6fc
governance/convergence/post-refactor-229-archive-accountability.csv,1009,0o644,5130ef6bbbe0ccc752588c5f2dd9ad625fdf04ac655db2a673ac30bfbf798df0
governance/convergence/post-refactor-229-baseline-files.csv,402390,0o644,4cf881c8764d47cfbd7cbfa816f424fee889878b75f11a6109d29ed807ff1dbd
governance/convergence/post-refactor-229-directories.csv,399178,0o644,1442b4496571891bdda28593a2388e8997e3af036e0e4a028d68e187bb7e3a9e
governance/convergence/post-refactor-229-evidence-summary.json,1092,0o644,b5a70ba463827720ddd5ce5b626ba23bd79e5ff6b5d8cc82214c56eaa10be487
governance/convergence/post-refactor-229-module-audit.csv,44350,0o644,f87b54745eb697c2af330d5f543bd3c12678ac4841555a935df74917491b46ba
governance/convergence/post-refactor-229-nested-archive-admission.json,326,0o644,b6baf6a573190a986339612cc89601581443034116ee436b1bf231e0bef58dc6
governance/convergence/post-refactor-229-nested-archive-members.csv,397470,0o644,b100d9e9bf51475f2a88c87426417cd674a102deebb1bb6b2b58b2348af6ba9e
governance/convergence/post-refactor-229-nested-mitm-directories.csv,207782,0o644,d8f69a3a519dd279824e1759e36c60264e36aa27c792295a68daed0337421401
governance/convergence/post-refactor-229-nested-mitm-surfaces.csv,413788,0o644,51ed106e8e1d38dfefcdba2f5ec6c22fd92e5781f7a6a1ef6aece7f0071cac18
governance/convergence/post-refactor-229-nested-mitm-symbols.csv,42212,0o644,bd0fab56ca10ea62e901dfe4b8de865d72c84de9c29bd676673728272250212e
governance/convergence/post-refactor-229-omission-audit.md,910,0o644,bb3ac4188a81ab6e98f6ec6d041eda28a7bae67a017898d9c645279da3a633c4
governance/convergence/post-refactor-229-operator-runbook.md,1318,0o644,f8f54539e72c7582183c7a02ecaf97118d74c3a57330d073aa1bb90cf335ab12
governance/convergence/post-refactor-229-peer-synthesis.md,1105,0o644,839a605d34fd0d0750d54be6ac9a215c7d3f3cfb81aeb00afd6a08787a4c4e46
governance/convergence/post-refactor-229-security-model.md,1842,0o644,32a4b839b0fa4a0fdb5b5d6368b894e9beb55cf42cca937b0825b88009bdc9f7
governance/convergence/post-refactor-229-state-machines.md,1187,0o644,1417976aa67fd3931c48e07313089a826dc0d4de9629446ff801ad7481e4b7aa
governance/convergence/post-refactor-229-supersession-map.csv,32076,0o644,bd42bfa59422753fcf0d1d10a55e70d7cd4ffe2ef8aef35db026d3b390532edc
governance/convergence/post-refactor-229-surface-accountability.csv,2739892,0o644,bd4289b7804c1b233aa3ea3f67c5508d67c2e696b979e6ad0d5d28d7011ab8f6
governance/convergence/post-refactor-229-symbols.csv,8608172,0o644,a6755c781aad123b7088ea4eec1a616ea9dcb1e591b2d99e9047e3aaf9fe9614
governance/convergence/post-refactor-229-symlinks.csv,665,0o644,898646b648a5eac3158cb010ad69f1b9f00dc472ecb6e9d774d93dff14f75b9d
governance/convergence/post-refactor-229-target-delta.csv,13154,0o644,969aace68aaf4e0699a681910a62efac3c8a447dbe7655c3a17ea965b436b1d8
governance/convergence/post-refactor-229-validation.md,2852,0o644,ec6596822947ddc06ad201da8891baf63c6183c9f7432a434e9e6739f5f13cfa
governance/convergence/post-refactor-230-adoption-ledger.csv,4982539,0o644,1cd9d280fcacd91f91863328c8372e8bb051b617eb02058c81caaa58d856af19
governance/convergence/post-refactor-230-all-history-module-audit.csv,245218,0o644,903a96665137951e5d17ffb389b2fc341d904537f64f1b03703ee33d30542a0c
governance/convergence/post-refactor-230-all-history-second-order-audit.md,481,0o644,a20f1459b74de4b1c281c60c065efda072a2f07d0051fdf8654f7842300fd594
governance/convergence/post-refactor-230-all-history-summary.json,459,0o644,6429bd2f9024d8076a634f0cb017dfff4461f5f79eea375f89bab3284590adb7
governance/convergence/post-refactor-230-all-history-surface-audit.csv,6168920,0o644,7a81aba7cdbd4140c478fde67b6eede6ef9ef9615e73a26fdf2fb82cf8e0ab6e
governance/convergence/post-refactor-230-all-history-symbol-index.csv,14172223,0o644,325c2951c4943b4164394a016e3b11ab9b8a60b4d9cedae43444fca35b7449f0
governance/convergence/post-refactor-230-architecture.md,976,0o644,5cb65a202dd103342c08e8f6e9e8fe142c0c89457d055572a3af76845164d071
governance/convergence/post-refactor-230-archive-accountability.csv,2387,0o644,dcfaca08fa0832e78fbccf25f231290ed1e3b402ea4711e0f30a324fa232d204
governance/convergence/post-refactor-230-baseline-files.csv,408504,0o644,29cf2a4a936b8c3940a0e8576b3bbdd41617d905ca92d37f3a9cb8cc30ae33fa
governance/convergence/post-refactor-230-directories.csv,303292,0o644,ada4a8ebf5fa10064abea0d441a7296ed28ad612b6b99a25daffef0eed889590
governance/convergence/post-refactor-230-evidence-summary.json,627,0o644,2babaf651f955a85e91f3ee052046550f0f7ea2e8d8c06d656a57c58522bf4dc
governance/convergence/post-refactor-230-module-audit.csv,128869,0o644,d95f74581b205b145bb11f6b50a456ec1610f9aab402d77bf1566f5910859fa8
governance/convergence/post-refactor-230-omission-audit.md,610,0o644,47cbf3f04a0e325ec5f7b3dfbca31793ca0ebe9dc7d3b1d5f5e96e41939843df
governance/convergence/post-refactor-230-operator-runbook.md,563,0o644,7016ec38439d172a77bcfe4920b8874166b0e0ecf1ada161d178a890045873be
governance/convergence/post-refactor-230-peer-synthesis.md,794,0o644,c9c54f94da4f839de72178e8a7ce6202bc68b9d27b32ded05f2fb02e4b51b33f
governance/convergence/post-refactor-230-security-model.md,782,0o644,df09667296429463068c6d99475d034df7f9d6c9721d2822f50f66970fdc4989
governance/convergence/post-refactor-230-state-machines.md,738,0o644,25a67bc7d88e16688544f2429067296c4747143fa7ab7b2d39b00d3974d3ec0b
governance/convergence/post-refactor-230-supersession-map.csv,9730,0o644,855341084d73ecd14c27616d2951a7f2ec0f2c463c36b4ecc14bf4442371f600
governance/convergence/post-refactor-230-surface-accountability.csv,1779611,0o644,5970236ef532d68d01807900fb3f34debe94add0c1bafc4dc15f0803c2441583
governance/convergence/post-refactor-230-symbols.csv,3919591,0o644,17bb4dbe9698a1d6f23a1d60284503450b16be3f6fb55a35916bf67e3a03715e
governance/convergence/post-refactor-230-symlinks.csv,12407,0o644,25d2bf14d4626628472d9e868908382b96993a6c8627ce702803e891591bad85
governance/convergence/post-refactor-230-target-delta.csv,9350,0o644,026daf734da43eab1ded3023784dfd65ef6d7d452f02b4b03b9f3977b55aa73f
governance/convergence/post-refactor-230-validation.md,2096,0o644,d9dcc999ffbc41b2ef8f6c6abe1f425fd90b090499da44ab5ca0701eaa188b8a
governance/convergence/post-refactor-83-adoption-ledger.csv,72943,0o644,055700d7ef762caa3e9fdb971f06a9e45965ec814e56ac51b8af23719a54ea88
governance/convergence/post-refactor-83-baseline-files.csv,339054,0o644,13dbc67532070d58f32bd86f57d0b8d38bfba0ad6514bb71059a539b3759bbe9
governance/convergence/post-refactor-83-directories.csv,3750,0o644,ef4d53119c676a5f3644bee4d367a68a0edf825eb19c55194981bd5dde0911e8
governance/convergence/post-refactor-83-donors.csv,5935,0o644,ed3bb8502213518dd411492dcf54cd4d059f51d8bff31a82d69ba688475900c6
governance/convergence/post-refactor-83-high-level-plane-audit.csv,2150,0o644,8a266d50678e700668c569aeb89de72fc1e815b7409311d3852c52ccca3fda19
governance/convergence/post-refactor-83-historical-evidence.csv,926,0o644,2eda5ab3153548dd840df251641d06119dd4ebeb252314afb6e58b00a48e9e6c
governance/convergence/post-refactor-83-license-map.csv,1493,0o644,07117325aec1841cb1b28725744a339a924fb3c85718de2200840cf2107c566e
governance/convergence/post-refactor-83-modules.csv,8440,0o644,6cce3b356214cb7c970ec5fab3b3a503c1e8ed53625af08bf5f77cc5b56f78e6
governance/convergence/post-refactor-83-nested-archives.csv,882,0o644,e5a5711a631c17ead7be578c92fe54f5940c39c967da2ee3051fbf5c04e3d36b
governance/convergence/post-refactor-83-omission-audit.md,756,0o644,566f7b726232f9834f91c3a55b81eec751d421302e6263abc7aeb0e4820abf42
governance/convergence/post-refactor-83-operator-runbook.md,1765,0o644,c0c5399b1f72189de8b8caf769c231332f2aa75f0907dbc2cac1bc68a939f9dd
governance/convergence/post-refactor-83-peer-synthesis.md,2790,0o644,2197c45d092b0437c763bd5052e17563e9bf060bfbd0d99a56e97ccd699da1c3
governance/convergence/post-refactor-83-supersession-map.csv,3849,0o644,8218dc1e1fd12d0ad37481a31b8981bef8bd380b1333ecf2fff53fcbe26641bb
governance/convergence/post-refactor-83-surfaces.csv,76625,0o644,17171c70724ea28e40b5ac136632356781ff3f3efbab0d525ef861264af4c1df
governance/convergence/post-refactor-83-symbols.csv,96189,0o644,e773937b3090271cebe6f44d09e607dff75f1644c48b34bf215ecbe7851cea71
governance/convergence/post-refactor-83-target-delta.csv,14495,0o644,ff2ad6f2f882f1f378de89e562ef73f447b25ee54eb24e215a6b2b2f3886ef82
governance/convergence/post-refactor-83-target-repairs.csv,1503,0o644,dc75b74293d187cdccf9d55a5d78690c3474982b24ec88973ef2b63935d3e1ab
governance/convergence/post-refactor-83-validation.md,3059,0o644,d18610fb9c52f44aaf0bf03a4cf763fe034c3c31c9de0b31029afa0bcc1af9c4
governance/convergence/post-refactor-97-adoption-ledger.csv,3051611,0o644,69236ec23716d8d338e1c89271f5479bffb57625906b227a04a433f7a9f044b0
governance/convergence/post-refactor-97-baseline-files.csv,330041,0o644,0a3335e637941e7367a5d0bfb3205fb254e322b3c0570337b9bd8817ca6a616f
governance/convergence/post-refactor-97-directories.csv,340352,0o644,bfa977512143887df047d05a3d5d181609e7783b13e08e0568b6c4c31a1825fe
governance/convergence/post-refactor-97-donors.csv,34636,0o644,d1cf0c085d9f86bb350327e71acd07286ea206987824aeee68f25786ff6ce29e
governance/convergence/post-refactor-97-final-report.md,2348,0o644,c20f708798c3cd688043e813464ff888b0b1dd6e35ab5b3b693743fa773d8bc6
governance/convergence/post-refactor-97-high-level-plane-audit.csv,2119,0o644,29f05984944dbdf5098f0fe9713f1ee04bddcd64915fb3fb65643277c249e77f
governance/convergence/post-refactor-97-historical-resolutions.csv,3673,0o644,2c398fa353d61786c38f5441f44e54594d8b222cf3fb83deffca2489f42ebd32
governance/convergence/post-refactor-97-license-map.csv,12961,0o644,132258a75eb3331c8c28156ed60cfb8c4f97307e3abdd7106fa9a6d73de729c8
governance/convergence/post-refactor-97-modules.csv,946083,0o644,28310349efe8a3a7bee22fd16419a2ac15c67a0807b81d3045307bf180639e0b
governance/convergence/post-refactor-97-nested-archives.csv,2726,0o644,425255898877e38d5d78e15d4af67229bf2e2010f4a83d9ad9093ab31bfe4c7b
governance/convergence/post-refactor-97-new-directories.csv,202588,0o644,6cde12f7030889eb800ec5c535d720558273e033047f1b3e3acba2354c3aa4c8
governance/convergence/post-refactor-97-new-donors.csv,4610,0o644,999422a6832743c57e3dc3aa7d01f915ddd00eda9bfd804ce5281d5f8d997db7
governance/convergence/post-refactor-97-new-license-map.csv,1346,0o644,d04649be152093d1624273ea79a78ba7780d2f5e9fe39a401cc74050d77aec71
governance/convergence/post-refactor-97-new-nested-archives.csv,1286,0o644,f6e902ea520cc877a4e16afa335741de8a986196bc2155dc0902d1ce3b1f0b0e
governance/convergence/post-refactor-97-omission-audit.md,2976,0o644,455629bfa94f45ba029e9185e98327841ce5728784d09dcc2add260b91dca7cf
governance/convergence/post-refactor-97-operator-runbook.md,1800,0o644,4e526c6375a550489efd3691627f30c85de78cb4df19cb73733632aa2f031faa
governance/convergence/post-refactor-97-peer-synthesis.md,2554,0o644,97c1b3908c67b8fdd76046d28ac0c26e3ab0069e9f24797e9eebfd422ef41538
governance/convergence/post-refactor-97-summary.json,164,0o644,30e74635be5656add39bf376e750dcc7c2013d589b7a158d80579279c333a19c
governance/convergence/post-refactor-97-supersession-map.csv,2716,0o644,8a2ce1a69e1335f309cd1a9f7228d447a073179a39320cac5dd07a182c033e31
governance/convergence/post-refactor-97-surfaces.csv,5980386,0o644,90a060eb3eb896a7a88fbc65f77ba4544c92ad0cf67ff1606f1219aeae240606
governance/convergence/post-refactor-97-symbols.csv,3912684,0o644,0622d524b5609cc1cddec2d8043c05a1eb043e8f798080c0b3d983be717b6912
governance/convergence/post-refactor-97-target-delta.csv,8906,0o644,082275f026ed37e132ef8e4a4aaaecb2d223392bd39daa15d791fdffd0682ea5
governance/convergence/post-refactor-97-target-repairs.csv,2495,0o644,1db9eb60e7c4e8e5ac6980388169d8879d64a7ead0044683a29a01a82aaa8871
governance/convergence/post-refactor-97-validation.md,2091,0o644,5be32362f38365c51df798a5aa1de303e363aaed90ca2d087b0e355216752a61
governance/convergence/refactor-pass-baseline-files.csv,338031,0o644,105f948f7fe966b4a11214e09c0bb9b7d1f7686410317ce72deb9425b9139679
governance/convergence/refactor-pass-target-delta.csv,15000,0o644,4c338d905a9bb8d0af83934b767461af4d19faf0fbfa6d40983f8705edcd672a
governance/convergence/remote-http-actions.csv,6264,0o644,2760f3dc99e30bcd4417073bac42c34d32bb73083b5e0434acef91575fcdaa6a
governance/convergence/residual-classification.csv,3046,0o644,a50faa099366ef4d60c1001f48bdf20d0d86e2c5fe492fdbc0da67a334a7fb8a
governance/convergence/retirement-register.csv,21940,0o644,6a8e7dea20c30bfb8d4bf3980488d43299e5b06304ee755dbe0fa600283079e7
governance/convergence/second-order-adoption-ledger.csv,12791,0o644,8b41b0bd8d660dc3b42e5def800a3eef8fa6b4923b577726c0e3a2bca1fa651c
governance/convergence/second-order-baseline-files.csv,292573,0o644,46ce7f91164c4f088fbe535547b1c56bf5cd35432ec362026565e1cad414ee44
governance/convergence/second-order-target-delta.csv,15047,0o644,5b892dce2cdf35f4e04052958f43e29237d4c24617a348c6080ed842db191a43
governance/convergence/second-order-target-repairs.csv,1234,0o644,d256f6d73f705cf924ac4e5b5dbf2347cfb1a689ad855fe278437722daeae14d
governance/convergence/second-order-validation.md,6635,0o644,b2b0d6a7ccdfcfd470f8447d988d6fe4ec05e227c92a86a22688b42654db0735
governance/convergence/seventh-order-adoption-ledger.csv,40592,0o644,7e35d5b939794a9f79835ae658ccfec093201a4608d1c9d67997d99b572cc697
governance/convergence/seventh-order-baseline-files.csv,323076,0o644,e551345faa810ec3efbcb6dbd6ca7cbe97473ce118ecfb07a83e57ff453c41d0
governance/convergence/seventh-order-directories.csv,579235,0o644,c63552082b7a446878a4343600c6296b04fef82046ee6fe7ccb3e91485677b81
governance/convergence/seventh-order-donors.csv,2935,0o644,54daadab1e17bbbbc814a1bb1c577c6f6e663b5c44f7c0c04e2b69c7a1e566b2
governance/convergence/seventh-order-modules.csv,23935,0o644,0cfb46800c641cf73f5dc05267affb0b46eb7977ef3f493cc40f2bc2c2ca50c3
governance/convergence/seventh-order-omission-audit.md,1047,0o644,a907dbe7c542828965a610b34e7e6f2f9032ed5c1bf67559c54b98803db3df4a
governance/convergence/seventh-order-supersession-map.csv,2351,0o644,568571b6ac09e8bfcecfe1f9bba99d8bcdaeb64e7bb3d13dbe83afba785bc501
governance/convergence/seventh-order-surfaces.csv,2546384,0o644,00f343445cd2ce8d2b3f03803076412dfe691b44875e8e97f64f2890ce03d3b8
governance/convergence/seventh-order-symbols.csv,7872918,0o644,975252b794d04f06abe643aaf152df05efe9ba2bb3f424ca6ef8134ff0db3cf1
governance/convergence/seventh-order-target-delta.csv,19075,0o644,868974113c9eea056232485ff471c9829f28474da737dfa8d8f17d48ca6d84db
governance/convergence/seventh-order-target-repairs.csv,826,0o644,0098e59e8995059f76e1b432bef5349dc5db65e9f580e72875a7c5fe6d213d41
governance/convergence/seventh-order-validation.md,23704,0o644,e2ac928ad5dba1fd02fa9d046a17ba8a19916ba42448f6cdc8326358af7096dc
governance/convergence/sixth-order-adoption-ledger.csv,33597,0o644,dd5d88a6a68c8ebfce9e8a607f9f2fd3aef4e29366d68bbbca11910b66ab8453
governance/convergence/sixth-order-baseline-files.csv,304513,0o644,1df0975c9a721ae9b8083b9144cb4da3f532decd092017c10a2cbd8a79bf9cb2
governance/convergence/sixth-order-corpora.json,365,0o644,9c242132da51787ed667a03e59e9c069d101979f2bb3836ded8ab29274755604
governance/convergence/sixth-order-directories.csv,9286,0o644,538263008d7c66c0fbcf866576745423837e33b2663089dc663529d936579402
governance/convergence/sixth-order-donors.csv,4498,0o644,0c644167b8b5fcf4088df001c9d6db52efdcc41269206bb08cd674f4c0f78102
governance/convergence/sixth-order-modules.csv,8006,0o644,065045982aee7b5cd5081fc576d1f568044633269707ff008d91c2722cd76f02
governance/convergence/sixth-order-omission-audit.md,2149,0o644,161545b150012566c4d164d62af5ca85c324d7d9d9c29a10168a68d43f141d8e
governance/convergence/sixth-order-supersession-map.csv,2209,0o644,adc95b0d41c51f208f059bc4070dfc809b3a905c362abe42d88efac8dd3077a8
governance/convergence/sixth-order-surfaces.csv,35062,0o644,326199ad0e4bbf770047f7eb3232549f8e423b1559e89b7a913d7ddc6fdcf6b0
governance/convergence/sixth-order-symbols.csv,205123,0o644,a061a63f2ac021876bdfb513f82d9af5fc1fb73cc1be457017a88bbcb5d53cc7
governance/convergence/sixth-order-target-delta.csv,18321,0o644,0bd472d2640b61a173badcb4d1c691e334e5b23ed3654c5a9a05ebfe77103259
governance/convergence/sixth-order-target-repairs.csv,782,0o644,c5b011bd81944989b3736c425043d551d1d95dfe10885b66f364b4a7a57d0610
governance/convergence/sixth-order-validation.md,32256,0o644,375cfba9e649662d1e1727fdd6bce7625660fe82b3852a4d42587964a190ab67
governance/convergence/split-brain-synthesis.csv,5625,0o644,b7cc94f2eb1aefbcd4565293fdf8a02e4778eaee6e7e9f3ec347080a12614879
governance/convergence/split-brain-synthesis.md,1983,0o644,011966d1adca9d097f8a0037ff07aac658191969414a50ffc924c9181be8e1ef
governance/convergence/surface-accountability.csv,125826,0o644,09e81e6c549fd6f56b944f41c96e2145184b4257c9f8a15bb4e05b8ce1b53fd5
governance/convergence/third-wave-adoption-ledger.csv,28004,0o644,2c8d9ba60227358a8aef1ee15752f44f016ccae17eef1cb04a30adaf3b8db1e5
governance/convergence/third-wave-baseline-files.csv,295091,0o644,8ce0fd6e0628ffcde38eaed0be75834176180c786ec6f8ddc4bf020b3deb28ff
governance/convergence/third-wave-corpora.json,1327,0o644,cde1be9494262a16d4b19189e70570ddf9974aeff2a06f221fddf7066712efde
governance/convergence/third-wave-donors.csv,786,0o644,904eb6a12bb51281b345ff34a5b533fae1a76572697e3c77f8cd19373fdc80f7
governance/convergence/third-wave-surfaces.csv,104719,0o644,8836a02315cb68057ad330cc7b26ce456def775bcefc142da75fbae7162275cf
governance/convergence/third-wave-symbols.csv,1045030,0o644,8b740210c34fbfb781c51407223344e515e715af0b06a612d78073941c352a96
governance/convergence/third-wave-target-delta.csv,12061,0o644,516b29b543521e6ca4091b44bac6c32d61b9a8fd9abcedc27810f778f86dd32d
governance/convergence/third-wave-target-repairs.csv,508,0o644,929a2eed96ecc881a41621baac733528a4933f0b4629c4fffac2f62a45e727cb
governance/convergence/third-wave-validation.md,32534,0o644,ad422510e6ca8c8478bd80b3d64299d8d2e012f00de30b2f9ff10df6c3daca0a
governance/convergence/ultimate-pass-adoption-ledger.csv,764328,0o644,a0f6139c8cdcc80fcb77a4b7636c13e39e80fb65f5ba35441afd79a2ef055752
governance/convergence/ultimate-pass-baseline-files.csv,334868,0o644,5b75caebbcde90e07dd73a8fce4fe299dcf7c2fe983084f1ce7d56f52f5541ac
governance/convergence/ultimate-pass-directories.csv,83989,0o644,7f657643100e6ef67be63c563b2c11df0010976ea667a768b258664dd5f53cda
governance/convergence/ultimate-pass-donors.csv,23162,0o644,7a45c12335daff0d1d04c006fbb1829ff0251cb96741ff4ba2a69a1791060a1e
governance/convergence/ultimate-pass-high-level-plane-audit.csv,21095,0o644,73777c61c1ee909da0f5633e1bef8b69cfed0aa9bb71c0c5a2da583f3529a128
governance/convergence/ultimate-pass-license-map.csv,8939,0o644,817e2516add460dbce80409d170871125fbb5b86df9082bb2480e3f07056ad52
governance/convergence/ultimate-pass-modules.csv,130152,0o644,395b297567e71236bc310d3c44beb14889ddb5396ea3d7745ee8274ad6cd6f28
governance/convergence/ultimate-pass-omission-audit.md,4838,0o644,da958131c8c53d576bf24c9921240a1e33d307ba4201003aab3e4fbf963ad325
governance/convergence/ultimate-pass-operator-runbook.md,2513,0o644,eb3db11b76dd1a098aa5a834e230c68123bf3fd804d5b0b4b12a3ed9392f0189
governance/convergence/ultimate-pass-peer-synthesis.md,13944,0o644,ed08aa602a3d315ae0f81209830421d8e83275485c0965ab3273d8eaeaa6c9f7
governance/convergence/ultimate-pass-supersession-map.csv,7218,0o644,eaf3d587e7be4812cf3015bdc21face24d6a6db6660af7db613dac8ac7944882
governance/convergence/ultimate-pass-surfaces.csv,2286928,0o644,6cb5db379210bb2998db3a5369d726085bf29f26cb182edb92b903135544d5d3
governance/convergence/ultimate-pass-symbols.csv,1333090,0o644,e7204282466779dd4f69eddd4a1c25196e2477f7c06999416dc530cd593677f8
governance/convergence/ultimate-pass-target-delta.csv,12925,0o644,d78892d18dfa5ea16c0a85e53e107e222c9b395742b4fcd15f8c3236aafe6131
governance/convergence/ultimate-pass-target-repairs.csv,3622,0o644,310665f9338585cc0dec048139362a9135a4cbd799165b36ff4b89a2bfdac84c
governance/convergence/ultimate-pass-validation.md,4627,0o644,af659a4d7c20014f764dd42fd781114e24ad7c14ffd11d1ffaa4205bd5131d24
governance/design-system/MASTER.md,4142,0o644,a380dcdd107edaf3e344b067956a041e9c479e186cfa1b90abbdec8fdf8c7663
governance/design-system/legacy.md,8136,0o644,9bf012811042677696a5dfa544d8a679ecebfb63e0adeab3f8444fdaeb0c95c2
governance/reference/ffi/README.md,540,0o644,3cc65f25c159b6f18d240f6c38c0b8f78398d74031429dd4d980fe9143b8c84f
governance/reference/ffi/cbindgen.toml,770,0o644,dfb8f00c6182f95d5a34268ac3b6d478848b22151453893251d286df5d0c1be9
governance/reference/ffi/luminet_core.h,7578,0o644,345d300dfe0f6b60f854f0bf4ada27cd673ebefde068f3da5eefc3300ba54ebe
governance/reference/legacy-route-specs.go,10002,0o644,b3729f7b769063b8eaf77a0d1046a6a73ae9184415feadfdd4ad0ca2a17ff664
governance/reference/release/.goreleaser.yaml,1715,0o644,89ef261f40631d61a876dd1ece73ea34da13e02bf119af2c165cc4da85c8c64d
governance/reference/release/README.md,387,0o644,c9a906eceaf884db308e3f81c0184621d462a485da5c537688e2fc1a5752291b
governance/review-policy.md,880,0o644,5c0891ce71a09e4d43fd681902d321dabfbbfeb058f1c37c8dfbd44742e6266d
governance/topology/deep-module-prune.json,73605,0o644,49477709f39b1dec630324005d935a665e99db3d6d4b4a6cabd633ee6fdca370
governance/topology/final-prune-liveness.json,35025,0o644,cc4d61075b17f97687d1afa05329271b54dd6a5fc8a1ba3133b11a21e0636de6
governance/topology/original-baseline.tsv,271663,0o644,67ec7dff34d69bca6c88958db70794ed8d3409a226fbbf8c829083205c546af8
governance/topology/relocations.json,387856,0o644,c627e6884c798cb8026bdb2dd04a19653b3c36ff66fb88c256ca905c3088d430
governance/topology/wave15-scanner-liveness.json,5200,0o644,5c0ac44c5f45b21e4014fd865d6608c17bad193863efe02cdcba19d20ebbcbdd
governance/topology/wave17-native-reachability.json,1546,0o644,57156de8ea5e6e362d1ff33da60699d2234ef60e6d7ab2b134d692f8fef6bdad
governance/topology/wave20-experiments.json,100049,0o644,418743382406a128040137cd0234d7218ca9bb1e541fafc126120dda292c248e
governance/topology/wave21-experiments.json,20484,0o644,d711aad84ae6604d3319b09b1944015e5016e54fd31fa1e0d6942f0846d8246f
governance/topology/wave21-proxy-liveness.json,9295,0o644,2b281c9cf3f60a11672ccf69d741ad41401d762f30090261305a0d68ead04470
governance/topology/wave22-presets.json,1393,0o644,0461207ff52498a2bcbae2b219f1932dd86014ad6765211439c152dbc0648fe9
governance/topology/wave23-api-support.json,3108,0o644,1e6c6c3b77186a98da0c74a3f05dc9fa75eaede8790c8a89f53f688638483ab3
governance/topology/wave24-diagnostics.json,2251,0o644,ea0edb455e86bb25a79d3655418d8106c13f9c86d49cf30cbc83b648b30193a4
labs/README.md,472,0o644,3c2e45cd263db5404d377a0c8e5252c94420739b2804b400b3fc2ce2e275d0d9
labs/daemon/CAPABILITIES.csv,284444,0o644,ed30417598c3df1b09c329485332f278ef4a67f3fb781f80305bdef89d1bc1b4
labs/daemon/README.md,1508,0o644,9dd82f63194c5b127b838c27949338caa8dc9ed31ab9dcc0bec0387f712f0a8f
labs/daemon/advanced-runtime-retirements.csv,1261,0o644,81a37093c1a75cc364e3f6d0a40276be8087f92485a0bc4a10db7e50ba587414
labs/daemon/ffi-alternates/README.md,191,0o644,6f62482c7e7f1350798719ed13a1847041082a7a2edf79bda4ed97c5948c9715
labs/daemon/ffi-alternates/binary_scan_mock.go,1897,0o644,a943329afae259c0e124ff527e15fed14f94e467db4a672af928e11dafe5812b
labs/daemon/mobile-api-alternates.csv,766,0o644,f71d41fae7afb2ca8d32bed737094a5556c91a42fc7dbdd508536d46d3f10352
labs/daemon/modules/MODULE_ISLANDS.csv,64885,0o644,2a5b342ed5e0e9f337804a68123c0bc114aa3585ee92d56fb835838f4d6a4e3a
labs/daemon/modules/README.md,516,0o644,961a7a76e985d12b4d042de69d8cd55a603939e93343542219ebd761f1d52711
labs/daemon/modules/auth/acme_resolver.go,1068,0o644,f48fb48afc0d8caa15dfc36ccdf12b2abeab9f0faef575a446f17fb25c866d68
labs/daemon/modules/auth/acme_resolver_test.go,391,0o644,3c4f51eb7dfb5a3c45b69f981b2285e7095a2533d958a652ecb3c27b258d21cf
labs/daemon/modules/auth/authboss.go,9453,0o644,b72f413f7d652d408650ea6a45bf72887dbabde9d901b6e8cac7560e22176f96
labs/daemon/modules/auth/authgate.go,8450,0o644,138e23b8d3cb07191b409db042076f7c5c06b00bdae6f015655b337cbbae3908
labs/daemon/modules/auth/certmagic.go,6851,0o644,44813d56010db3536c9a1e812f83675bc0854a5c58fca086d344c4215572b872
labs/daemon/modules/auth/certmagic_test.go,2169,0o644,76861ee57b6a78b4a5efcfe280cdc3c1f8fee04a59fc53e1d7c3c646ce5cec22
labs/daemon/modules/auth/login_anomaly.go,3848,0o644,2dedf0ca70181454d3eb0560991515d5890c53459c412f25aafe0b925173d121
labs/daemon/modules/auth/oauth_handler.go,2609,0o644,1d757a4c21a848bb86c7651c3ccd1fd40fce22aa3883702386875fdf3dba2ac1
labs/daemon/modules/auth/oidc.go,11889,0o644,2485b591f16be35b987163ff890ec52980377c0203ec08e88cb274c15978d8be
labs/daemon/modules/auth/oidc_middleware.go,6009,0o644,cb31398eacd76252f78deee174d035e39a0a538366395d6486c4f316b3ccc09b
labs/daemon/modules/auth/oidc_test.go,3910,0o644,328917ffa7d3e3f4f730531ae7e6244127474440cec4e5757dfafa5a9347f03e
labs/daemon/modules/auth/provider_auth.go,1998,0o644,ca76b2a94c887872ebc21c5e374c202aaa43da1cc501349ccf2b5e7c602a5168
labs/daemon/modules/auth/provider_auth_test.go,1527,0o644,a0e2998a46151e985d109012b1ecc8050e24e66b8a8b35f43f40fb778888b7a1
labs/daemon/modules/auth/safebox_vault.go,2027,0o644,fa2f82f0f0ba42ee6d497298627d2b7a7e8c23843aee0d379445fa28e259b127
labs/daemon/modules/auth/safebox_vault_test.go,1825,0o644,50f72d6d8abd51b2ec23f26460062d3f3d4d20004f4d6859c8c00b231d2298e6
labs/daemon/modules/auth/setec_secrets.go,3929,0o644,7c1e4834473ba59ee9602f88d11b65b2520c6e92ed30804ab1e28788a193f986
labs/daemon/modules/auth/setec_secrets_test.go,1861,0o644,64568f0219cac268d1ab0c7b0eb0dad9ed506919651e258f780f0dfcc66341f7
labs/daemon/modules/auth/tailscale_idp.go,8499,0o644,5d62557d83db55a931a92bf69dee989941e6a73496978b910dbede24fef1894c
labs/daemon/modules/auth/tailscale_idp_test.go,5493,0o644,7ebf186f3121c089d474628433cd105f0721f3f4b8a7c7c40ee48e90966762d0
labs/daemon/modules/auth/user_validation.go,2369,0o644,2560c41dac2a114765ff7efd0369162a0d63d64f86628da2abaedbb5d6d3ee91
labs/daemon/modules/auth/user_validation_test.go,1781,0o644,add1ffb5121420db503de0d711a4aefab547d7797f67fcc3c012daff640cd3a0
labs/daemon/modules/backhaul/config.go,7731,0o644,5089a7207123632cfa7279b6803ee12d65f006b942c6febcdc24f7e0faa6a892
labs/daemon/modules/backhaul/config_test.go,2149,0o644,aba1e1af1c8aaa2bbba22ea05ac4d607afe978384bd54cb902939a504552cdeb
labs/daemon/modules/backhaul/mux.go,1365,0o644,265c20cd08fdfbf304dd621dbb90d3f0cd4fde327735c6e10c84e020a395c6d3
labs/daemon/modules/backhaul/mux_test.go,795,0o644,f082517f376bbef6068b746c58a225d138e5733e3cfb1913792c1ca2eada1b68
labs/daemon/modules/captcha/README.md,3466,0o644,789bcd4d86602ebec7f88a753e252760e74f5a04ad929e49993545da588a7369
labs/daemon/modules/captcha/plugin.go,4495,0o644,ed6a40ef70fb83eb1c8efb54c834ecce505d7750905933bb31fb00f4e706c672
labs/daemon/modules/captcha/stub.go,1106,0o644,0898281547c6bb05cdfe4a46908a20581dcab043256e3f86f1c1b0a162a1a2ab
labs/daemon/modules/captcha/webview_bridge.go,1600,0o644,fed3c77b83962ad0c408d25958cf883e0c1ba0d7893ebc686bfce5a5e43471b3
labs/daemon/modules/captcha/webview_bridge_test.go,765,0o644,34a8a431d57ac0731af8601ff8223f87d0b2d87341af20766fd3d6388db952b6
labs/daemon/modules/certs/ca_store.go,5403,0o644,acc9617782a442af4fa42939e8ab7debc32019ffcb72b1b46d5fe6530182cbfa
labs/daemon/modules/certs/ca_store_test.go,1407,0o644,55ea6dfd08faaccac99cb5c88a351d1d96ae404a2eb5392bf0fa4758efd5a240
labs/daemon/modules/certs/cert_installer.go,17756,0o644,5ad1110fbf96771f877bc7c682fa684ee7d3592961cddd483d0f74eb6b4dc813
labs/daemon/modules/certs/cert_installer_test.go,1422,0o644,e68de7901e18d80e7b07eb2b1c236d684db10dea38a6d4e039b4709c139319c1
labs/daemon/modules/certs/certmagic_store.go,18376,0o644,f9584a67e28c93fb85ab2909e52ecd761ebcd44ef3542bdd451f2d60d141b78d
labs/daemon/modules/certs/certmagic_store_test.go,3338,0o644,94e9aec6e3411f6e5ffb6d44d80063a26756c9854045507760043203b4376de4
labs/daemon/modules/domainfront/cf_bypass_worker.go,2228,0o644,0af36bcd8b6a4105d5bb3b4499d86421b357221d6c33ff152d31b7b543c6b870
labs/daemon/modules/domainfront/domainfront.go,8878,0o644,44c53fd56c6f41ee00faa105b0751e1595e2464a59bcfd740e50bd159ffb523b
labs/daemon/modules/events/bus_nats.go,3838,0o644,84d874806dcd14a469434a1df12d35ded28ba5eea8d4a431d8b1f7038975da77
labs/daemon/modules/events/ring.go,5784,0o644,705130aea7f5057f6d933cac32ba2fef3104e92981ade9693bec2330d5b1b2a6
labs/daemon/modules/events/ring_test.go,2911,0o644,26bf52d3a88538df0f42b9245eceeb79b8b376bf62b5a8393d3a1f5fe6f31d87
labs/daemon/modules/firewall/firewall.go,10268,0o644,9ea49f399b3d903528a31e07d71d1799bbc97991420cc54969c5a1b186540b62
labs/daemon/modules/firewall/ruleset.go,1662,0o644,84c4d7c58db709381ba173289635cc8a8362b1aad21eed72596fe9f0c068b883
labs/daemon/modules/firewall/ruleset_test.go,755,0o644,3ed221d56b6fb697543946382f616e0ac8e2415d44861176a3f739a49246d10d
labs/daemon/modules/hiddify/core_service.go,2542,0o644,7aeabdb9d08ef56601bf162da87ebbf9b9de91d009f386d56c2a0ca1dd773c4c
labs/daemon/modules/hiddify/manager_haproxy.go,2468,0o644,23a81113c562eb19a690fd78172c19ee4ec2e09468f14b3cab5fac1cc8534d84
labs/daemon/modules/hiddify/sing_box_config.go,8099,0o644,c2f5332b9c1fb9f15aeb3dbb5eb76f193c367750ce4f2abbf65f89f63df5d619
labs/daemon/modules/hiddify/sing_box_config_test.go,4510,0o644,f4034102cfd0079a2a193780940824393baf7283c5cb7086378ecc0a0dc0e0be
labs/daemon/modules/hiddify/worker_setup_wizard.go,30992,0o644,8a48aa5d43e0c9e7829c17eb6ab40d29a0717d85e6ae4a364dc838f0d5283269
labs/daemon/modules/ipscanner/ipscanner.go,11502,0o644,b370201ce36ad966d761f797c9182d09b7379d45e4ff344e40c8ff3e4214f7f2
labs/daemon/modules/ipscanner/ipscanner_address_test.go,2018,0o644,d0aa5afa9819d68c01ff4ba9cc57e95e17ac52a6df68969dc2da3bdd351ff6a5
labs/daemon/modules/ipscanner/ipscanner_boundary_test.go,425,0o644,3f31e4b33f87d70054a3a27ea30a28e96e807974e4aed25b3e646ac0f8b71716
labs/daemon/modules/isppresets/isppresets.go,4542,0o644,3233a97e5942425d90452e20d3e060a4faa51c0416b2f82f213d2758bee4e8fe
labs/daemon/modules/isppresets/presets_test.go,315,0o644,128274a8c86d5e84e771cce79beb799f2700105e124562c964233c74958167c7
labs/daemon/modules/isppresets/ranges/cf-sni-domains.txt,12030,0o644,0170b7b753aded563759dbfb73b2d9a1a6342af68c405cb78f0287f6c0642498
labs/daemon/modules/isppresets/ranges/international/AS209242.txt,1550,0o644,78525ba8a7f4353b6993fa4d907a700f547b612f3eb8b26f9aefef03633d6027
labs/daemon/modules/isppresets/ranges/international/Bigcommerce Inc.txt,347,0o644,ec2dc94a8bf756bc92966c4f7c281dd3a25f07ba0b4fdfeff48d9c1ce8fa5a4e
labs/daemon/modules/isppresets/ranges/international/Fastly ip ranges.txt,89,0o644,83b7a1f7efcf0aaaa05112bda2ba661ab3c7f57a80569edf9fe99d5a5e1eb890
"labs/daemon/modules/isppresets/ranges/international/Figma, Inc..txt",16,0o644,faf43e788fb8a73c8855f4e46fde082832f6b5a9c8ef24ca7b2c3af15f82fed5
labs/daemon/modules/isppresets/ranges/international/Health Market Science_mtn.txt,60,0o644,42d35d3409ca8e00902c60c3f3dfe8d45c24f6ffaa304811e8bd7a831a4f3081
"labs/daemon/modules/isppresets/ranges/international/HubSpot, Inc..txt",47,0o644,2253caa2a19df6f0ce5f114ae33cfdf7a4a1d5cd0dbbe06529f1434ff5ed1985
labs/daemon/modules/isppresets/ranges/international/Nocix.txt,347,0o644,128f6605bf3d75a952023a379741f92e1544858024ebe5af609843d526b39dd3
labs/daemon/modules/isppresets/ranges/international/Oryxlabs Technologies.txt,28,0o644,3a714d0365ab98cd021cb34ed45d963dbbfae9017416539cb22ea81379be84bf
labs/daemon/modules/isppresets/ranges/international/Q2 Softwere.txt,69,0o644,db792038a0a2f96db240d5656be37daf79e3754a5158366f5d10841794888fa7
labs/daemon/modules/isppresets/ranges/international/RAPIDSEEDBOX.txt,264,0o644,84ff25879d9ea0c8e74a395a6e1c3560b07329325fade4a77a285e40dfa97007
labs/daemon/modules/isppresets/ranges/international/Squiz Pty Ltd.txt,28,0o644,456705e2a216d152649224ea46b37a3b9e7f7506220a61fbf426eb23b850dd06
"labs/daemon/modules/isppresets/ranges/international/Webflow, Inc.mci.txt",17,0o644,fb6fec0a5f89ef072358843085b4c486eb37908d43c518d73266414b0a793376
labs/daemon/modules/isppresets/ranges/international/Weebly_mci.txt,64,0o644,79c3f227b240e3ad2f63595ffd0ab9ab152a497555c6f3fa556621510349b74f
labs/daemon/modules/isppresets/ranges/international/ZAYMER PJSC Russia.txt,61,0o644,6ab49b238b3891658d21ece11825fc79d91a03de7d38af8963d2e153fc7c356c
labs/daemon/modules/isppresets/ranges/international/ip-aeza.txt,3142,0o644,8d0f8ef20ddd2ca5093d4b241184e184adb322611032f198fdbf882cdf877069
labs/daemon/modules/isppresets/ranges/international/upcloud_range.txt,236,0o644,9de09b4d2ba1381415c2983ad9ee06d2a6c34de5b38a5c2a8bbb70c571b19361
labs/daemon/modules/isppresets/ranges/iran/Afranet.txt,170,0o644,1a1390e0c3d5b79d83e0a461e5ea5ba74fe463bd849bb472a52f0cbd56132dcb
labs/daemon/modules/isppresets/ranges/iran/AsiaTech-ip-CF.txt,559,0o644,7ea614f73afff68f6c4ce1a492ee8688b5b6a29d041412ae6a2b2916a7499595
labs/daemon/modules/isppresets/ranges/iran/Iran Telecommunication Company PJS.txt,5987,0o644,357c502e99c556cf8ec345ed91656cf75e72ecb1dc014801707df641d71c0295
labs/daemon/modules/isppresets/ranges/iran/Mizban Dade.txt,79,0o644,0d5fbb4b9f4a17040d1553da44ae5e0e05a2fb68ce146ade3c6c70a4f8b3a898
labs/daemon/modules/isppresets/ranges/iran/MnageIt.txt,342,0o644,72f023925370e0a354204a590142e8b8a0d79f985259ec4a291c8c6aec4c6020
labs/daemon/modules/isppresets/ranges/iran/Noyan Abr Arvan Co_1.txt,1006,0o644,25c7dc961b8a02a75d4e2aaf1986a597ff1b479c7b42989277ca169ecd37d2ec
labs/daemon/modules/isppresets/ranges/iran/Noyan Abr Arvan Co_2.txt,1033,0o644,4972b38f0c267ac9161ee55a3e3826b0895834508e9d62992a8399d5755c94fe
labs/daemon/modules/isppresets/ranges/iran/Noyan Abr Arvan Co_3.txt,342,0o644,102dcc42d60c7ca46825f059299557ae9514b185a850a484e6ae1d09e381713a
labs/daemon/modules/isppresets/ranges/iran/Pars Abr.txt,416,0o644,615942649a3f9cb70df682f23340bb5ca662bf88728e04c875051dc743dcd463
labs/daemon/modules/isppresets/ranges/iran/Pars Online.txt,103,0o644,cd63d21e0a74757c9171ee08cdfdc07600ff14cd5db5f514646b4dbb2c0db8bd
labs/daemon/modules/isppresets/ranges/iran/Respina.txt,5941,0o644,3eee335df991f0d0b574ab2acd42c9c31595903d73eaf0f23b83f6bbb4d8ac47
labs/daemon/modules/isppresets/ranges/iran/Tookan.txt,95,0o644,7fb233f69065f534e15f6d7ccf4213e47e3f9d682101df7e49283d32d0d6318b
labs/daemon/modules/mitm/mitm_fronting.go,4153,0o644,018f6bf138de5664358e00e5d55768244f2798dadf0a61e0f6cecf97e8974a0e
labs/daemon/modules/mitm/mitm_fronting_advanced_features.go,12249,0o644,82cd084104bfff04dd8adda6229687f3cb01cf195ed2de249c17e8e7037db33d
labs/daemon/modules/mitm/mitm_fronting_bandwidth_shaper.go,14856,0o644,f4a733117f91af6a82d2d85415452167016eb5619a112c61bf32ae1f67dde10d
labs/daemon/modules/mitm/mitm_fronting_bandwidth_shaper_helper.go,342,0o644,91ba06812913b8debb764d5bc0b2989f2ad5d979f467007ddad77e53ffdfb71e
labs/daemon/modules/mitm/mitm_fronting_bandwidth_shaper_test.go,1227,0o644,8f95a7b7056de0b8008776208e3846d3d3b058a210a0c367e99de22fdaa4a12d
labs/daemon/modules/mitm/mitm_fronting_bandwidth_shaper_tuning.go,342,0o644,3f978a48eb5df7fd8895b3ed675b475ed19ec65b5532f8b4e047c77576a24e3a
labs/daemon/modules/mitm/mitm_fronting_bandwidth_shaper_tuning_helper.go,360,0o644,1ffb7859b2aa839f2ba33660889dd9e949b8f16d796376a2b6393397a6f58655
labs/daemon/modules/mitm/mitm_fronting_certificate_authority.go,13517,0o644,f495077ea75fdff964f2a4e2a96495389b9e2fa766bced2aaa545321111eb285
labs/daemon/modules/mitm/mitm_fronting_certificate_authority_helper.go,917,0o644,04ddad6c9ff91287d0daf8c83e9ba37765c006dcdb47b15468b8a98d0b1891bc
labs/daemon/modules/mitm/mitm_fronting_certificate_authority_tuning.go,917,0o644,8285f4062717776a3c50a02e0bbce1ab4a08c982fb4a8b37a8355639eecf8e38
labs/daemon/modules/mitm/mitm_fronting_certificate_authority_tuning_helper.go,966,0o644,a5228ed35a99d2ab3f0889bca39db7dfa7dead8cf9f8e4c10c7869b383fff18b
labs/daemon/modules/mitm/mitm_fronting_flow_control.go,12575,0o644,9945e0c545d3446ea6fcf7b0eba9be5d4842f3705f4923e52e0dc3627054186f
labs/daemon/modules/mitm/mitm_fronting_flow_control_helper.go,323,0o644,104f976e13aa2c42aa0ba58897952a5c98c603cf2eae2bbaf536c6195d16e1f6
labs/daemon/modules/mitm/mitm_fronting_flow_control_tuning.go,323,0o644,9b4c659662491e9ad34fc3e36cd83d685c57fe55403241ea5b0a31432bf490fb
labs/daemon/modules/mitm/mitm_fronting_flow_control_tuning_helper.go,341,0o644,2a86cf7579b018194fb61503692712a23454ef85fab3195d9b06b5f1d5276bc8
labs/daemon/modules/mitm/mitm_fronting_health_monitor.go,12943,0o644,e6e0aad8845a7787f546b4a607b3bd047cf3f3283aa20ce32eb9ba7c661017aa
labs/daemon/modules/mitm/mitm_fronting_host_resolver.go,13219,0o644,e24be21a9ab623c525977f71173547bf02d5e4b906085b6aabfe19359e3f1674
labs/daemon/modules/mitm/mitm_fronting_host_resolver_alias_test.go,457,0o644,10137dc036147080769cd68cf24cd40286e514cba4782376d44ef50c4e770f3b
labs/daemon/modules/mitm/mitm_fronting_host_resolver_diagnostics.go,314,0o644,be28402d8b19108de8a4ed9980f0b785a73457997496a892839929af79b953c5
labs/daemon/modules/mitm/mitm_fronting_host_resolver_helper.go,344,0o644,c87a4e39d6bbb474bc2e4c47debaf6e1e5913db3262b92f81f18f3181e6efbb1
labs/daemon/modules/mitm/mitm_fronting_host_resolver_tuning.go,294,0o644,17338d306f1badba79bd41c27526d16a5f728f50b64bea1911fb38f2f4860e61
labs/daemon/modules/mitm/mitm_fronting_host_resolver_tuning_helper.go,319,0o644,a879a7c09ddaa346fb03432dedf98351be59eca7a8dc30fe0e7a3438e0e0b0f5
labs/daemon/modules/mitm/mitm_fronting_network_heuristics.go,8954,0o644,be410d50c82953a04150bcf4b30459af48a879067f532eab2e9c0fe10d51c8e6
labs/daemon/modules/mitm/mitm_fronting_network_statistics.go,11453,0o644,0c10e4b59df4a8d53c9555fd9a08df2d71b31e24b89ed89b3fe4e861a2855e19
labs/daemon/modules/mitm/mitm_fronting_network_statistics_helper.go,335,0o644,480dcb38bedf168b2b269c47f981d605e1b3786788211c206334a3fb2aa59bcd
labs/daemon/modules/mitm/mitm_fronting_network_statistics_tuning.go,335,0o644,1a2f21c859fb013149826e6cc59439aee3cf2144323f1a863860c67ea657ebee
labs/daemon/modules/mitm/mitm_fronting_network_statistics_tuning_helper.go,353,0o644,cc89a5c0b6a1f2f428b917f986caf576554484b9b934226d9e9828d2b085ddb4
labs/daemon/modules/mitm/mitm_fronting_profile_manager.go,13238,0o644,a9c5f9cdb59f9995119077dab37a422904b02bab314261de92a4a1ba4eb00c96
labs/daemon/modules/mitm/mitm_fronting_profile_manager_diagnostics.go,13315,0o644,0569880d9b87d2f6b3eadd5725c643cbec7e9cf7d78c871bb7080406f3686e99
labs/daemon/modules/mitm/mitm_fronting_profile_manager_diagnostics_helper.go,396,0o644,1b75305f57212d553066b728650896b0eff949099e39ab962f306d71fc2f6589
labs/daemon/modules/mitm/mitm_fronting_profile_manager_diagnostics_tuning.go,396,0o644,37f3fae2531c75a55769e25a7bb262876204e00c04e310ddcbe89819e5f257c9
labs/daemon/modules/mitm/mitm_fronting_profile_manager_diagnostics_tuning_helper.go,414,0o644,9e080afebd505be81dff08db5534d3b1950c76cfdbfa0bba7f8e750398c9b0b8
labs/daemon/modules/mitm/mitm_fronting_profile_manager_helper.go,318,0o644,c62eb9389510054ec6ddc0abfdf3662c823da26e4a8e87bbe09fd2c4a725dc60
labs/daemon/modules/mitm/mitm_fronting_profile_manager_tuning.go,318,0o644,bc6e42633d9960ddc4c6623bf5c578554a0b036eca38ead4a61d3de78e8f3d95
labs/daemon/modules/mitm/mitm_fronting_profile_manager_tuning_helper.go,336,0o644,81a99b4779e41e80f639746269bf581f362c548e3aa7d4e5bf2dd3deb61e43ed
labs/daemon/modules/mitm/mitm_fronting_repacker_options.go,11714,0o644,d93e7c161d9c953e9fedd4f1e6c6cd77ca5a3ad8bc63d2dfbbf268b7a6266fa5
labs/daemon/modules/mitm/mitm_fronting_repacker_options_helper.go,317,0o644,76e27fb27acf49ed2a3b72764a690f5eeb01cdf56afa4f9e79562280e49ff7fc
labs/daemon/modules/mitm/mitm_fronting_repacker_options_tuning.go,317,0o644,99b242ad0957d6aa0a9a93d34e52d96b9a77f5d4b73a5b92444b5576194394dc
labs/daemon/modules/mitm/mitm_fronting_repacker_options_tuning_helper.go,335,0o644,1e41103510d6520a7e8dfcccb51a1352462a4cecf1b338104e77833a9b52d209
labs/daemon/modules/mitm/mitm_fronting_route_optimizer.go,13112,0o644,49043d2058b56d7b7df849f0de9d6f403fdc8321e5a835633830ddf587f8df3d
labs/daemon/modules/mitm/mitm_fronting_route_optimizer_helper.go,306,0o644,5921a233294f5783593e075b6d1a3a70c3666d4eca7e4676e05696132a126c26
labs/daemon/modules/mitm/mitm_fronting_route_optimizer_tuning.go,306,0o644,cfed77891500490a96a7ca92ece8fafd659c76e38a7a8b4fd0668209d235a63f
labs/daemon/modules/mitm/mitm_fronting_route_optimizer_tuning_helper.go,324,0o644,d7819baf1451fa4ebc3538628164379bfde1c495be58650064ca39e022253b85
labs/daemon/modules/mitm/mitm_fronting_socks_server.go,12788,0o644,db03999868674c3f94a58723f5790e79ae38a7a12f6d31d102e1c8859655e8ab
labs/daemon/modules/mitm/mitm_fronting_socks_server_helper.go,305,0o644,ba0454e0a65ef270138a8c54b5ec9cd90355e163a833a1666dd14052633b8725
labs/daemon/modules/mitm/mitm_fronting_socks_server_tuning.go,305,0o644,8139008d9f1bb0ce1b8d52ecd5820fae7864b6b18841d986b03c4874e6946cf6
labs/daemon/modules/mitm/mitm_fronting_socks_server_tuning_helper.go,323,0o644,d106832d34784b6ded0b471dd7c801c8441b5461cb050275e53805082627debf
labs/daemon/modules/mitm/mitm_fronting_test.go,901,0o644,4d9abe481e2eecd3d4b3e7401b0eb5f15ae2b4151369c3047b7abae80b344eae
labs/daemon/modules/mitm/mitm_fronting_tls_dialer.go,7338,0o644,b60276cad10a00a1702770a2f17114388503778c85cecd8471840f0b91ea0041
labs/daemon/modules/mitm/mitm_fronting_tunnel_client.go,13118,0o644,7236de8a31b2a66aaf65049526f1de3f885fa8f7e3efe8f2a8f8db788563466c
labs/daemon/modules/mobile/README.android.md,100,0o644,8a7509ef2343433f245a75783bac5c5a62c195b65e588bf04820389fc491f154
labs/daemon/modules/mobile/android_root.go,1993,0o644,514d0e605eadd108ce061a330196fce2612f7d56cc14fe3ce9535cb135df03e0
labs/daemon/modules/mobile/android_standard.go,1820,0o644,4558e3727977e9751465ce97c7d361a79c22824ec49ba07c1a182dc444f1d322
labs/daemon/modules/mobile/app_lister.go,240,0o644,9ea7c49f7ab0323d2cd06ed8ab9756845d3a59179e4cad844652d0bc1a3719cc
labs/daemon/modules/mobile/routes.go,1248,0o644,cd5199103bc35fcd16403e4ec21366b6121b43a3419eecb9e84b1bb1962fd8dc
labs/daemon/modules/mobile/uid_lookup.go,386,0o644,4afafecf8993c4f03c75c44bf38070f2fb0a9f0d253dd966570675c265131557
labs/daemon/modules/mobile/uid_lookup_test.go,757,0o644,39d40efe62bba73d8a6d8ad81b22a98438cf53e1397ae5daa661dd0368dc486a
labs/daemon/modules/netutil/netmonitor.go,6160,0o644,4379db2816f598dacb91db3f7f561e7b3ea97c106ac271ae41fbf4a27bd840c5
labs/daemon/modules/netutil/portregistry.go,3153,0o644,233c540fd2c773dacdf81446bc1bc3ad2f37499d0c333aa30258c611dbfdfdac
labs/daemon/modules/netutil/rate_policy.go,862,0o644,dfa8da4f710dba8efd979a338d31a9e06cc03faf8332e69d09c73bbd5db0c004
labs/daemon/modules/netutil/rate_policy_test.go,343,0o644,09e7329d6c121cdd5858fd83175024efde19ae5a5cacb5762eb98021e774e097
labs/daemon/modules/netutil/socket_tag.go,6596,0o644,72a7bb45daf41100150fc0c3c4ec5a3a5a290c5d53e2e64bb05b0aa1e3391478
labs/daemon/modules/netutil/socket_tag_linux.go,978,0o644,67d60ca2b975657c0aa90046edb55339d8e443f559cc21d800e84fb85701af82
labs/daemon/modules/netutil/socket_tag_other.go,675,0o644,ead5e350105ec8a06fd8db6118c8ebf7a8b3f4a09d64f9f5dc8377eb507dcaa3
labs/daemon/modules/p2p/dht_tracker.go,3210,0o644,889f3cda8b850ec65c078099854a1187478d26bcf284141b42d53e27570130bb
labs/daemon/modules/p2p/discovery.go,2518,0o644,8c17aa3f1ae981802c4feebc466473f9c9c4e77f4fda9c8ea7a9e621b043870a
labs/daemon/modules/p2p/discovery_test.go,699,0o644,f9aee0813a0ca28f371774002f86d7a9cd73ee66e83f692beb1d3420b8da6fcb
labs/daemon/modules/p2p/link_quality.go,1402,0o644,d0f6ab3cb3506978e3e1b645ccfcc42850c552014ea25fa57060cce843b2e080
labs/daemon/modules/p2p/nat_traversal.go,1748,0o644,c55749b6431e87ff6e72f326f734f697fcc6390a3838b12457a963d33a87ece9
labs/daemon/modules/p2p/pcap_analyzer.go,3551,0o644,692daf10ca08618bdf3cef501b81417ca220b7dccb8514fe21876e109e340afa
labs/daemon/modules/p2p/v2ray_assistant.go,3813,0o644,a315254710d0b4f3916aae4f2874d4995faee0550a789e7126c99d606e7e1332
labs/daemon/modules/p2p/xnet_overlay.go,3457,0o644,fba0b4822d30cff34ade676dbe8740c2f379fcb87925532a5a4735ebbb415504
labs/daemon/modules/plugins/manager.go,3067,0o644,fa1e76f655b8902415331a359da4ce58ece48b438e049317cae7c1a904a819ef
labs/daemon/modules/plugins/registry.go,1447,0o644,fb31a381d4567c94d8319ab0633250e92ef8f711a3a7a3501c5f4321e372b633
labs/daemon/modules/plugins/registry_test.go,1069,0o644,5f940025a1e984731ac73f65d58277202335def59ce830ee34a330983f9a2714
labs/daemon/modules/plugins/testdata/wasm_test.wasm,21902,0o644,65cfb8304220b4f77939565719e748d5cbb76b35dc50f8b88560e30d5ece4f16
labs/daemon/modules/plugins/wasm_sandbox.go,3323,0o644,6345fb6c75ac04289e03cbc309283dda756baa178c2c9994d2256ad34ea0f0c6
labs/daemon/modules/plugins/wasm_sandbox_test.go,1149,0o644,8840c546d5081ed1c69f1ad0820cabf3b5df891f0388cb51e1160f057f5bc5d6
labs/daemon/modules/plugins/wazero_compiler.go,639,0o644,c895b48e47010556e57677116779d9edf7e85c91c8a152647b4da9f8716d0c92
labs/daemon/modules/plugins/wazero_loader.go,2058,0o644,ae3f3628605103ea8e501edb9f17455d5db7a2a0a36cc937d1ea6425dfa9b8d4
labs/daemon/modules/qos/l7_protocols.go,3634,0o644,2c45c3c6dc804852240e31b04a8ff76e02002e4d1494fef582bad3eea3a2e241
labs/daemon/modules/qos/l7_snake_client.go,4390,0o644,48f0e83e19a2127f9a171b33926013b685a932893dfc4b3e66b272e837c64352
labs/daemon/modules/qos/shaper.go,869,0o644,e71537e49eeff474c099596cded726209652dcda3ad7fc5c26f764ffcb2f0e8f
labs/daemon/modules/qos/shaper_test.go,333,0o644,b595ef4c64369e4fa1fd71f1692f109959d5e2e5a8b3633355d3f0d80a033b31
labs/daemon/modules/relay/chain.go,1628,0o644,6857eac673ef84d8fb1da3b685929ec37f90ceaa751327dbc664f66a2c033256
labs/daemon/modules/relay/chain_test.go,1077,0o644,bfaad67c479bf9d031dceb813034d92b845836931eb9eba5c5e99724e598dbc5
labs/daemon/modules/relay/relay.go,4886,0o644,671415b5f2d9c0a66177ed3ec02ecc6c6bcedae90f3ab9fea9e18e36e9c6a878
labs/daemon/modules/relay/throttle.go,5213,0o644,0343db92df70c28937b85f31fe9e6fb92ba39170f6c0297bb7b1a7bdd3487e1c
labs/daemon/modules/relay/throttle_test.go,1256,0o644,6110aba207ee399dd034b53691f600124922b7ecf04252369305067e0429f151
labs/daemon/modules/relay/xhttp_relay.go,13805,0o644,ed91b41de9ff6127f1c94f235c728837f64b32029214ce713d308dba033afc12
labs/daemon/modules/relayserver/fallback_router.go,4963,0o644,adec7a997b2442db6ff1c0d5028fbda6cc037894550b407799c8b861c9cebaaa
labs/daemon/modules/relayserver/fallback_router_test.go,8436,0o644,90966a9f29c3a4a3eb24f6a20d88350d8f2d59979d49520f342fee94a8c9d71f
labs/daemon/modules/relayserver/reality_detector.go,9530,0o644,c9c3a2306431ada80856e7947f82b000d448a8a72403aefe478742e8df95335f
labs/daemon/modules/relayserver/reality_detector_test.go,7461,0o644,35e5ff006e476a6d7ef5fdc1cdf0810aaedad2dc328300d090d61efc8971a68a
labs/daemon/modules/relayserver/relay_server.go,8464,0o644,50e94a98d2d44a71700f4cd32750ab04a2644ea3292d64f6a1e4eb7420fcd410
labs/daemon/modules/relayserver/relay_server_test.go,4275,0o644,013bd55a1254f92d5a3bb20d24ba12c887baed3ac4e12f1f92ac63fab0ba5e9f
labs/daemon/modules/relayserver/udpgw.go,9398,0o644,69117f3869fc8b8fa26bc5887c7076b58a81ec88c2252b864d51c3e9960d3344
labs/daemon/modules/scan/plan.go,635,0o644,1994272e0dd01a74614ef2a23e23179aacab2c0b0b67068c350c2ce61b4e5428
labs/daemon/modules/scan/scanner.go,314,0o644,5f1bd6e19eb48b3376511a8f21daad5c1622bc1b2c05290a3dac226106c4add6
labs/daemon/modules/scan/scanner_test.go,2910,0o644,38d849046536bcdb73e43b2bcfe3e5c25a1371a2a0f8a4f57797792422319b77
labs/daemon/modules/securefs/securefs.go,1110,0o644,a47aeac84faf58f02d7a2a1af5049bd9eb348aa4d82098fa43da3dbb85fa1318
labs/daemon/modules/securefs/securefs_linux.go,3492,0o644,c1188deb0e7cc0c1ff78ac9956b3345edbfe182992d9e3a81f96589c90d4ef29
labs/daemon/modules/securefs/securefs_other.go,2329,0o644,e69db1ee0f8925f3889790a0a55775b7ee9877092881fbefb56f37f17cd4e40d
labs/daemon/modules/securefs/securefs_test.go,1104,0o644,fe9abc7b9a5cf78870f547d62a045472e02a3f085f3e58c8342853d18e9a4f8b
labs/daemon/modules/securefs/vault.go,1923,0o644,2c65d1da9b7ceb30f08f4aa67588cb65a819ae2e8a09ef781d5b71bcf612aea7
labs/daemon/modules/securefs/vault_test.go,905,0o644,1e9d6fe8b6c7d62703df4fa5e338dc3df4065b48e30df48a545abef04ff1ad66
labs/daemon/modules/security/anomaly_detector.go,9212,0o644,4b77ae2e368ff8af316fe62ffc3417413431cd3f914f5f2dc5a0afd5fec91dd3
labs/daemon/modules/security/anomaly_detector_test.go,3012,0o644,e79461fb014071d53052c387d4976a7f0da993d7c2f78a112fff02a7c57cc37b
labs/daemon/modules/security/cf_solver.go,2573,0o644,7dad406911d6e30a54e2b28d7d77981b8fb2da715c46c3cf005975a202b6ed19
labs/daemon/modules/security/dhcp_spoofing_detector.go,722,0o644,25c01c4054c085df1c04e0770ef22e699b9e1b6e8d92854852a437b307a59c78
labs/daemon/modules/security/firewalla_inspector.go,1549,0o644,a2427a27f4d27d1d0ca76d3fa8721b0d57c7e24882e4e1a6b442862da230f30c
labs/daemon/modules/security/ip_analyser.go,1971,0o644,ddc2199191b3982ffa501b7db802d55ee55209d1ba0552d3faee920a5f27ebb1
labs/daemon/modules/security/mem_db_logger.go,1823,0o644,4defe1a1a7e99179898c6a08a125026607fb3b5f57e630ec098de7a45b0c1b20
labs/daemon/modules/security/tshark_defense.go,1814,0o644,4c23652bd217c216418b5544802ef7c75c442e3d03cbadc66662413672e5c537
labs/daemon/modules/security/vuln_scanner.py,261,0o644,d3f8a204e79153fb443cf66d7a5c4f3a9a2ad16b8a68e19aea4c8fdb3585e1e2
labs/daemon/modules/sniinject/fake_client_hello.go,14430,0o644,8dec998e2fd506e2b4911d3e9dca1701bed04c068f8ad1fca6f537c153855d7f
labs/daemon/modules/sniinject/injector.go,896,0o644,6d2c186dbf8b91a0e1355aa1fdf19652b45de878c0f4a7e44c6dfda9e585d54f
labs/daemon/modules/sniinject/injector_test.go,868,0o644,eeaafb7488704fc97aab512ddb526cab224525fe29a379fdc9798dd0a37034b4
labs/daemon/modules/stats/apermon.go,2528,0o644,4fe4981accf5a57cca9fb005fec9ccbd38c0d19e15df8f8af0729077fd4eb1b6
labs/daemon/modules/stats/connection_ticker.go,5682,0o644,e3c5eef714e6e9894ffdbcc3765bb295875f6a0fc870de2ba19afdf69eca10d1
labs/daemon/modules/stats/crypto_lab.go,6108,0o644,8bc81df1788a5f6bcc85a6b315f6b20e42a9e86e8951a1c665fa11c6c0ef1db2
labs/daemon/modules/stats/haproxy.go,1745,0o644,67c61f7c10670491db39dcb8de09e826e39b6ed11f1bec332ec059462365c921
labs/daemon/modules/stats/process_proxy_monitor.go,1892,0o644,fd16e166e764ada2b09ff6ab740406c68044db4adbe0b29e39488c989acfd10e
labs/daemon/modules/stats/tailscale_diagnostic.go,1679,0o644,e92f91e294595627b840b14c6266b6245b6239a6f805490622c974ebf99dbf2a
labs/daemon/modules/stats/uptime_monitor.go,2627,0o644,d6cf4049ca8bceef30ce3dbf375e7db6909902c7bd23473cede6504be5970832
labs/daemon/modules/telemetry/network_diagnostic_tools.go,2449,0o644,5487c88f12d0730ab42746b394ecff41a710fc731f4581d8b52797431bb930ed
labs/daemon/modules/telemetry/openapi_gen.go,2632,0o644,a9e6ae0b924b6f83243a4585fef4a438f524293c4a473ef85262205ce235a62a
labs/daemon/modules/telemetry/ring_buffer.go,1716,0o644,a795076bac7a59685a775f09e99c3cb46bb9ddc2750a5ab85e7cb742553579ee
labs/daemon/modules/telemetry/ring_buffer_test.go,959,0o644,339d22891b9a2e33867bd015d8d2f2b687af29ad537e7924fc2f87e0a03c5c06
labs/daemon/modules/tls/cert_storage.go,1203,0o644,557b8b6f2288d536a6afe5dc5f6cdd6f1ed614599e8da82bdb03dea807239d7c
labs/daemon/modules/tui/tui.go,7820,0o644,89d6d130e07d006acbb66d6a0a6f22b5e53bf98c8bffbdf9ca19bdcb0a36692a
labs/daemon/modules/tui/tui_test.go,420,0o644,275ee50cb989f1619577d30c25267a25288ac21b47831e6ba93e4027a3339234
labs/daemon/modules/tunnel/tunnel.go,7181,0o644,8c1c5dcbd7cc991aee48cbfd9ddb321cbbc8640df18251abcfb5c894cc95c787
labs/daemon/modules/tunnel/tunnel_test.go,2011,0o644,c1d81589606ce8f8c2e0e78afeb7f2af44f87b1b1d425586c66353c3d60729df
labs/daemon/modules/ui/amnezia_wg_model.go,12785,0o644,53f18f04c13cb7bb6a1fb090918ed90a505158e9fce6fa363cacc23341243a22
labs/daemon/modules/ui/amnezia_wg_params.go,5912,0o644,03ba0fe8f9c1a19f925ca9ad49a4d3933cf79284c24744862380d3cb7baaa73a
labs/daemon/modules/ui/awg_config.go,3485,0o644,9439c0296eb09fd6a513057002a6287f53b5a6f27d1912cef7583255f373033c
labs/daemon/modules/ui/awg_key_generator.go,1853,0o644,fcc4ca05bfdf1b006b52f7e6019688a821d219a7c2ae0b60a78117d6519c89ca
labs/daemon/modules/ui/awg_models.go,11716,0o644,5138be9dbd0c646f42f60f28b360d512dd61d7e47e9f9dc4c22ac4012eed5c8d
labs/daemon/modules/ui/mtproto_config.go,2818,0o644,a9bab0319651b1fbeed08b712e883bb9cb4c50f84d9c82bbd2329cb69874dded
labs/daemon/modules/ui/netmanager_locale.go,3423,0o644,11b4103a8349fc89cf3edc7549f1ae10ed9cf42b383475ff36b175b5cbfea753
labs/daemon/modules/ui/netmanager_settings.go,9131,0o644,54538d9f5263843e740d8f5104b3c2b5509b42fd704199ea35bd5f4ecb90f9c9
labs/daemon/modules/ui/networkmanager_core.go,6864,0o644,3b220cc1f10d29166fe87b39db85786551dac9e33783222d3a21f063d9596fa6
labs/daemon/modules/ui/subscription_node.go,1188,0o644,0044095ec8f5b4af2bbad755c98dd8562a419827f9d906b07ca1a69fd76dc56b
labs/daemon/modules/ui/uitemplates_configs.go,7547,0o644,baf84f8d207f08367578b3525ceaaac0e5e5eb9846b0c018f534061c96828cae
labs/daemon/modules/ui/xui_models.go,8606,0o644,a9bbcfd25c34d036c31afa6f33f0f4981ffc9cfec32fbff75611027a81531ea8
labs/daemon/modules/ui/xui_panel_model.go,11724,0o644,6e1b5f999a93b75b2e032c864ff702cd8a26795d424cebed9c35b85a7feb3490
labs/daemon/modules/ui/xui_subscription.go,10860,0o644,fa2bee3653c45f92027aa5f7f8052c25d0bce22baf9829f05ad26ec1cc07c215
labs/daemon/modules/ui/xui_update.go,1828,0o644,9349bd26371684e61eab881f96b6288cbbc9b5f5eef7041695c46b27ea6822db
labs/daemon/modules/v2rayconfig/v2ray_client_wrapper.go,1896,0o644,34c9fbc0e157d4b806df225a0045551600cd29b09049eec4bf15cf4c33df3b42
labs/daemon/modules/v2rayconfig/v2ray_client_wrapper_test.go,981,0o644,f420f48d4f700d77c000a89b4c3ea519a7363fb8d8d3f99f4c073d19e5e7c743
labs/daemon/modules/v2rayconfig/v2ray_core_helpers.go,3143,0o644,5d3454115191b0e3dc7c4800b5bf02c73604dc490b21cc18593d236397530082
labs/daemon/modules/v2rayconfig/v2ray_core_helpers_test.go,1924,0o644,bb82a3748c3432816ee5507666d1372fa229a0cab88a82e12d164cc7be72b457
labs/daemon/modules/v2rayconfig/v2rayconfig.go,10477,0o644,87f021707ea7d98713c26562e0135149a04085280921a9bd517fb3f344460058
labs/daemon/modules/wireguard/manager.go,11684,0o644,3c17fe59d670e4422b4e913991f9927da364debc20bf674fb993e6a9d9b5bb71
labs/daemon/modules/wireguard/wireguard.go,6108,0o644,9a928678763c62c911d1cf1bac2c5cbe58c65af3d571aa365fdc97cee42c61b0
labs/daemon/modules/wireguard/wireguard_test.go,1578,0o644,2d487ed6f948f4f1fe485e6b9ec8ded06fc4c32d53f60dbd9f2af57195535622
labs/daemon/modules/worker_rotator/rotator.go,655,0o644,45931dd9537d2cd675d8e8ab49e66d2afb794bc519573458997cd168d660668c
labs/daemon/modules/worker_rotator/rotator_test.go,515,0o644,f4c1eb26a91a4e2f22053b664ee0edbb3b17111024a18286e01f99abee5bf7bf
labs/daemon/modules/worker_rotator/worker_rotator.go,4250,0o644,f2fb6c0f68f873d1da73766e98458bec72a0242fdff36aa57697ad9d7d438d4c
labs/daemon/modules/worker_rotator/worker_rotator_test.go,3917,0o644,d1e300a1fe38c36662571db0b04ca66ec1f221fc48e9b58bf5241cd562e2b1a1
labs/daemon/modules/workers/acme_preflight.go,11071,0o644,d26a6b20108dabe4a663a80ab20d7ac53d3ad2958834caebe315b71e14bdcfc0
labs/daemon/modules/workers/cloudflare_helper.go,32649,0o644,63fa4cef541ec5f6582f663d9884b91a76839fdc25fc2dba1b835a9470268991
labs/daemon/modules/workers/cloudflare_test_harness.go,32754,0o644,f30cdd02dd8af68ad2636eb1e0c8fcc2f5cd7543662f5dfc6682096efadd621b
labs/daemon/modules/workers/nacl_edge_worker.go,15155,0o644,705c77ede2aaab2c0f6d572286291511735ce188f00af2ab2bdd5f49272c767e
labs/daemon/modules/workers/request_analytics.go,19119,0o644,01d5eb1a5740dab8baa86ce6b99ed0e6d42eb26cc4a8e7c6f66146c30bd63c64
labs/daemon/modules/workers/trojan_auth_worker.go,12959,0o644,f958ed93fb5019cb80902958da84806cabb6d2277863dd2e2be4403908ba3330
labs/daemon/modules/workers/usage_panel.go,3394,0o644,24753fe327f03d105bd81fcddc4e731006f74fd3807f22d6c640b83c2a408c34
labs/daemon/modules/workers/usage_panel_test.go,1005,0o644,bfc93552a624c956aa04490b6b8dbaf396a3634b301fa109b0c325c91c363ddc
labs/daemon/modules/workers/wasm_tunnel_worker.go,1909,0o644,29d9613a44ea9982adc7de2be5263362aa0262bda2dadfb2ebc5be219cb3df9d
labs/daemon/modules/workers/whitednszone_client.go,8150,0o644,35beeb37c7931a5b67fd12c6cc073c1a22c432c2684765741482522cec7b6049
labs/daemon/modules/xobfs/xobfs.go,10725,0o644,f1e26900ccda0745924b77b8fb5d65bf87b1791f69225a03898632ff2f02291d
labs/daemon/modules/xobfs/xobfs_test.go,3896,0o644,7c41d222c41083a8df608436a1ef9f3a6e8ac822c2c6c5b73237dd3831cc768c
labs/daemon/modules/xray/api.go,12047,0o644,b73042740147ebd06bcddb0cecd67782eb27a49de5c3961795144d332914e024
labs/daemon/modules/xray/libxray_wrapper.go,1835,0o644,f8a185f905897c96a79bce4ded6c47e1e585a70f532a24b7ce4dc59fb790ae31
labs/daemon/modules/xray/libxray_wrapper_test.go,1046,0o644,e396747e2eed33ca12a495a5e8fe60c69f33fda6244046257bd0581016abbaaf
labs/daemon/modules/xray/process.go,12293,0o644,bd739115e0fb80241852324ab0b23377b3079c534f138bb6bf975b51b4a7c674
labs/daemon/modules/xray/process_manager.go,1928,0o644,0dee725982a22e6a22cb6352317816fa263e405387f26a50cd67bef5f592885a
labs/daemon/modules/xray/reality_keygen.go,15140,0o644,e38a7453e0203755480c0333594b3b033ffb52f5bd6f2fac9e666a7c6903994f
labs/daemon/modules/xray/traffic.go,1237,0o644,1e1eec914abd010cdb6fdf3a556e10baa4afe67df00f65cd65e5e4bedf8f7382
labs/daemon/modules/xrayconfig/xrayconfig.go,11104,0o644,924fc2706ed0eb0c8dd115a577a5147610d248c639b6b099c3c33622c01591f4
labs/daemon/platform-alternates/platform.go,1224,0o644,9cd7d29ccadcf2586b1310b6770a999ac703b91559c4c8326aa639519908753d
labs/daemon/proxy-alternates/async_reactor.go,225,0o644,a0048f476b517729bf3c6eec9b02c7a02642e61ba84203c89b8904e051ab4cfe
labs/daemon/proxy-alternates/captcha_solver.go,208,0o644,611504f2738deaee80fe02e81e9ba670fbb1312b1d51f11713db8cc7d3061ed4
labs/daemon/proxy-alternates/censorship_doctor.go,319,0o644,1cd20d84d855220e4020243336066b883005ff210f609928f31af3e87490b999
labs/daemon/proxy-alternates/circular_cache.go,182,0o644,7922558f8ff6be3b8479b99d9ca3056c2318aeb1c3cf6dd543fca208f8eb035a
labs/daemon/proxy-alternates/clean_ip_prober.go,259,0o644,aac02938528bdefacb6c93d4563ff333528c2ffe39730ebb14e22d9c3ed627ef
labs/daemon/proxy-alternates/device_profile_emulator.go,8247,0o644,0967f70251256dc7fb3d4df2546d56ad81f34005ee68e2c69581e89591736927
labs/daemon/proxy-alternates/dns_truth_table.go,2624,0o644,884f65d4b36e9c903e2ad48b4e5e237744815476882cd9bf15ec01c7a33abe08
labs/daemon/proxy-alternates/dpi_desync.go,1242,0o644,4d0281be2177e34b09fbbc64ac4ddfcd547389067e79ab2cf6c01a7f65b53bcd
labs/daemon/proxy-alternates/fallback_router.go,344,0o644,e4b71917502eaea6fac26b54a08fd6dbecf35efa05dd8d57b46ca327c9c9c6f0
labs/daemon/proxy-alternates/gdrive_tunnel.go,1430,0o644,b923171d0bb30ac5b0770bc23aaa11a835ac45494a5c71322fe8265524251615
labs/daemon/proxy-alternates/geosite_routing_matcher.go,473,0o644,d40789d45260d8237dbfad2874f7b88654a7aacc23f5e19c421dc8e32521270b
labs/daemon/proxy-alternates/gsa_relay.go,259,0o644,4f02d03e98ffe1b597ff2a4d94543c04f01db564a8be233a71021fb0f0a57333
labs/daemon/proxy-alternates/ip_security_analyzer.go,279,0o644,f8d2bf4da0a8f1e43aff42c5ce94611eb4c5293c7aac9264d7b49a70ac6a4772
labs/daemon/proxy-alternates/master_architecture_orchestrator.go,2615,0o644,cfe7397cf026d43ab9fdb7405d840bd873597e21135700d856d1227a6bba3d5a
labs/daemon/proxy-alternates/mobile_bind_platform.go,3719,0o644,9111f7f796c96e9b4bc75f44fbd705d861f4df41dccf13ec3fa2d08d22e4bb03
labs/daemon/proxy-alternates/mobile_bind_test.go,4383,0o644,cad51858bd17883c851b4e6a0fad77e5ce5a789288dbcfc9a057ff80f525e640
labs/daemon/proxy-alternates/multi_core.go,3409,0o644,23dc6ddea8719b1d42cede5dae6941e74fc166430309b4a1b7ff72b9a6961156
labs/daemon/proxy-alternates/multi_core_test.go,971,0o644,a6adb03c9be7f9e3c267b21b44bb4433656a8d7e097cf13ceecae193d287e2fc
labs/daemon/proxy-alternates/parser.go,1515,0o644,c654a34732a449180db3dfe9614d1e7bc9cdd75c8b89eed28dba734c3e2a070f
labs/daemon/proxy-alternates/presets.go,1110,0o644,08548d127fb81b599c33132fa1e8089152ada4f8fe5aa544ede441221122276f
labs/daemon/proxy-alternates/provider_corpus.go,2701,0o644,8020fb80f8f1ef4ba6bd75275ace802907acfd754d402889efc9ba53078f0b20
labs/daemon/proxy-alternates/provider_corpus_test.go,4962,0o644,69526e6cc5b7ee8b95c62fec1c078c050b06e3a861e80008298e6d19a4553c24
labs/daemon/proxy-alternates/psiphon_parser.go,707,0o644,204b32cedea22ca766554e19897112cbead0de515a2d6838079c3299c5b12038
labs/daemon/proxy-alternates/psiphon_parser_adapter_test.go,1439,0o644,2d27241f97155fd888cb9affc0ac98264f368ff4868cbb53f547e66001b863a3
labs/daemon/proxy-alternates/reality_detector.go,608,0o644,333e8e6ee25c35a1a8b9fdc5ec920be7518df04bec103bb1f220f4590d3e4cf8
labs/daemon/proxy-alternates/relay_coalescer.go,408,0o644,33aca9405aefb82e41a3006da2555dfe7eff584ec43bfc6df87be474ad7dbb7d
labs/daemon/proxy-alternates/relay_server.go,714,0o644,3a5384593d39856d5c86dc89cdd30d8e76bd479de2fa3f483f32c34905c91490
labs/daemon/proxy-alternates/serverless_dialer.go,634,0o644,96d83490f89c6e45434911ede67bdfae55bd4765fefcb8b43190f23be441d933
labs/daemon/proxy-alternates/smart_dns.go,201,0o644,4581901eda52cecaedf12cb25ef7ebc8a4342389289f269089b138cdb35edc7e
labs/daemon/proxy-alternates/sni_spoofing.go,1458,0o644,c929355e9c20a0484ec0db90822e4ec19bfdcc4cc73e3ab88c3ab8fe3db42941
labs/daemon/proxy-alternates/tarpit.go,612,0o644,7e70591b74b22285e4ee98a298ee35e710773f51a91f7071a0772b4cd99a0d0f
labs/daemon/proxy-alternates/traffic_accounting.go,313,0o644,0482a47adad6acc371547a7076ad57cdb3fc828551dd3e530d60465844613132
labs/daemon/proxy-alternates/utls_fragment.go,616,0o644,f764ad5b085cc7414ee7426216311e6e249224e2b7cbdb3943289e04f890daaa
labs/daemon/proxy-alternates/verification_final.go,18569,0o644,6ff6e6ae10be457a659b16303498bff30e48684edf591911570e1ab7bd5835f6
labs/daemon/proxy-alternates/vpn_service_bridge.go,245,0o644,6f9b53c18bf49a0b57903775e2b0041a80a5f695055de53870ed6315f91d0707
labs/daemon/proxy-alternates/warp_noise.go,291,0o644,6dbe03461407cc01fdf8e98b5cc9222cd2d7d485515af5140e777e8ca7db9d85
labs/daemon/proxy/acme_cert_manager.go,12556,0o644,68f3b2c14043fc384feca0dd33955ac068918ecfb3f2014439ce7e2c98beb7e0
labs/daemon/proxy/ad_tier_proxy.go,606,0o644,32ac7c190737f2597b462bdc4eb4f4f3f85754307311892985e0d76a47a029c5
labs/daemon/proxy/amnezia_config.go,673,0o644,6bc816c0524a35b93c51ead0c1b14b3e662a2b3005d1abf65d88d3f1a22fa379
labs/daemon/proxy/android_proxy_client.go,2602,0o644,f709727aed92f64850a88e29e896fb76f9116a7983de6ac726767f36129e7fce
labs/daemon/proxy/ast.go,7018,0o644,6ac2d94ab5f7927d3ea474ec598ecb1f10875105150a486a22d63fb5dd3a49e7
labs/daemon/proxy/autoworker.go,14066,0o644,60a2372bcfaf32103300b4a377d94933899ee6168c6ab1fc585bcc1285cb2907
labs/daemon/proxy/awesome_fallback.go,858,0o644,75702acb006febc6a5ab48915ef768e95903ceb35670a432c29e144bf6957eb0
labs/daemon/proxy/begzar.go,693,0o644,22cd145a8a22e50c4d16f64dc6e4a8c86f89cd3c0291a60f7dd2f3de1114b20d
labs/daemon/proxy/billing_monitor.go,1649,0o644,eb58240fd1a2e6005b74e6db20ddf9e29b1c408b6200dc97a77f4b8a8ea3b048
labs/daemon/proxy/billing_panel_adapter.go,607,0o644,bc13e131e4f34b06930e2e7076f1afc36c568b76bf2c61b2645975347ac2fa48
labs/daemon/proxy/bpb_panel.go,30590,0o644,674a22b944b276d48dd170241a15e60b8596dddaebcfeed7def3e433c7772688
labs/daemon/proxy/brutal_cc.go,8395,0o644,d1be7406b3ae5fc0f24238adb52dbd45eac90fa11ab04da68166059a3ebd5b97
labs/daemon/proxy/candy_connect.go,4116,0o644,71150a9406c11168657427fa09eb1b537e1cdb18d071711abf67ea5e477c8198
labs/daemon/proxy/candy_server.go,3445,0o644,9ff892fcc7d12cb7cffb33924f24841fd1a2a4932a9d35d6466047631080bc60
labs/daemon/proxy/censorship_api.go,3070,0o644,a251d8178a51ada0367839348ad66bdbff395ffbefafd82bf0f7e7f3312111ee
labs/daemon/proxy/censorship_api_test.go,2056,0o644,580108f098dc487b02583b5c8cfaeabfbf1f08e88a4424a7272d33f24fdcb356
labs/daemon/proxy/cf_bypass.go,4636,0o644,44f0b978b89ebeb4e501f7af237cf1192f5606d029230532b7de1b443e3f242d
labs/daemon/proxy/cf_vless_socket.go,6009,0o644,bbd62ddac95ff92ca4a54ec6e181c4ebb0b7b4ad6e7c9405ef079f72875bda15
labs/daemon/proxy/cf_worker_dir.go,12755,0o644,dfa4d604ba0bb3f99f7c882a3af2c4162cecd64a7af363f3b78312a54745e8c0
labs/daemon/proxy/cf_worker_gateway.go,18475,0o644,b453db3378dd1c89ac8cd9230a71bed564a0f066918fdd041eaf57f5bae894e4
labs/daemon/proxy/cf_worker_trojan.go,1199,0o644,7b0c7734348373d997f408feae049356fd6a2177b9cf28a1d977b961fa589049
labs/daemon/proxy/cf_worker_url.go,932,0o644,9e0ac7549b559149807718519080d7fb40d214987eaa118c21b8218166a7cfeb
labs/daemon/proxy/cf_worker_url_test.go,1053,0o644,ef97a66aa5197859611074a6b1744f11fc530b272fb77945a728faa7296990d3
labs/daemon/proxy/cf_worker_vless.go,1411,0o644,317f320a43750051d04f8a7a8419f6ad572e4076577bc22a467f3a96762d5e92
labs/daemon/proxy/checksum.go,1243,0o644,c2c6b388f0a77bf5a5a6f428878f9fdc73c39e92979ffb82a1589592e050dfbe
labs/daemon/proxy/clash_dashboard_adapter.go,6742,0o644,199e181879b8345e5812ae3ee3e9dd6de95ef230bd304ac507ccadd0d26214fe
labs/daemon/proxy/clash_webui_adapter.go,5064,0o644,ec02f151f0eddd3024999d707c6f68d64871491a70c2bfe6290d9ded58ee69c8
labs/daemon/proxy/clash_worker.go,16555,0o644,aa3095608c701b1e2ffefa9b4f6d2b51b138f5342c99d15d5640191a09d65afa
labs/daemon/proxy/cloudflare_bypass_proxy.go,9325,0o644,34f0831b70b3e9c77e304247f88ddb236467f9e7a083f9938cfeaf571ddef3a7
labs/daemon/proxy/cloudflare_worker_relay.go,688,0o644,8912904ecaacc083a3ec767aa22a60838c5920de26b7121a36b880130a57635b
labs/daemon/proxy/cloudflare_workers_proxy.go,11614,0o644,f285ff291bb9170d847293295e09552a6a1ae37fc9755ba65ae83d9bba72d296
labs/daemon/proxy/conductor.go,2402,0o644,8977992b7c403214a34068de712538f71512462c560f6479feffeb5719f144d0
labs/daemon/proxy/config_migration_helper.go,528,0o644,79a0b8885eda203ef8706cf0f77ff13aa67c987e1db5ea9c8f9fb9a3833f7b9f
labs/daemon/proxy/connectivity_checker.go,2310,0o644,ecf16e56bb61bbf9c1cb429d5aee7cea52a383a44c8b7e2346ead987940b206c
labs/daemon/proxy/connectivity_checker_test.go,1612,0o644,fb2571da2bd0272fe888ae44899132c121244736b4e76f205190b7eb5551dec5
labs/daemon/proxy/custom_routing_rules.go,2470,0o644,0fb86082a9dc03b8268e67efe17376e907e2b5b66b7e77e15d33e4952450f4ee
labs/daemon/proxy/direct_outbound_setup.go,710,0o644,a5dcb8dac7732021ffd25ea01c45de8f7c7f511566614e1bc77d7dbe2d46e17e
labs/daemon/proxy/dns_scaling.go,2691,0o644,cef22d69d8893a647b6a76d589064799da3a4366f1dc63526932c7928e01719b
labs/daemon/proxy/dns_scanner.go,8375,0o644,43ad620314f1d7f53bfa95ad847c4a48f453ca8971d0d7920e9894b6b1dc622f
labs/daemon/proxy/dns_scanner_test.go,2908,0o644,8bd411697d73fd28abacb225d74d719fc15d62d7c460e5b32b162f668b652c51
labs/daemon/proxy/dns_spoof_blocklist_resolver.go,7002,0o644,790710efb126959b61d339ffc01c1204b71650b2355c3ba57191a555857a985a
labs/daemon/proxy/dnstt.go,615,0o644,3fb22dc06d1e6d2488706ddd59e282c941b56af16eac0649122ae1bd517e5bc8
labs/daemon/proxy/doh_worker.go,6157,0o644,8db85dfea6bb6d4c30a816a5cdeff8ada97708561a52b46ad12e0be59d9a0f1f
labs/daemon/proxy/domainfront_gas.go,682,0o644,c5e49b3b278dcbac775ea2179ad8205ca2664224737bed93ddd3d9e7f0ef5427
labs/daemon/proxy/dual_proxy_server.go,8246,0o644,645b0b7494e7aa44d412e03290e2388246ed95b41ddf48a93a7df563176ddd3b
labs/daemon/proxy/dual_proxy_server_test.go,2434,0o644,e79262b509759cc19ac51b863bd3c0c111ef8937f4d12ac9fa0444045fca0a96
labs/daemon/proxy/ech_tunnel.go,669,0o644,dcfc8b6a1ee166c5e5e111bfaed840ea79bfe7ac5a3b5cc49dd203c5b05892ba
labs/daemon/proxy/edge_auth.go,5967,0o644,fe7deeed0fc3c5051dd8dc3adcd63b6476fdd917b495255cbe7e49912d4b7c00
labs/daemon/proxy/edge_auth_test.go,6683,0o644,a6b8bfeff19a10d4097c1df55c46b429d7b46fc2067c0fa30f862f262b4b216e
labs/daemon/proxy/edge_control_panel.go,3583,0o644,d29aa59453a7ba90a548ef89b3e9bada8bdb7e78d7f8feccb40fd168d9e895a7
labs/daemon/proxy/edge_trojan_gateway.go,893,0o644,d0bd2663227d7a50d99cf33973f35b914e663784d2be427d09b930560be43b43
labs/daemon/proxy/edgetunnel.go,8492,0o644,b2333bef412311df5f39b94a5965f7cf0bb9ae60781ada16dca6bee5e7792ad8
labs/daemon/proxy/ens_resolver.go,1902,0o644,534cdaedb2f29d72e87f7f5c39fa762469bdc76f7dd0f0424e8f337881d97b6b
labs/daemon/proxy/ens_resolver_test.go,1086,0o644,b4ec0a969ddc564dcd13807b8a4dacbc84b8ce74f551d8ffe2573fafe2399185
labs/daemon/proxy/env_drift.go,1884,0o644,286644a204775c18f6be1b236d8ba249dad385b7856d5900c2ed51921c2d0817
labs/daemon/proxy/envoy_proxy.go,3730,0o644,558eca5df003b9c86ed63ceba050fc9013aee3217306708edeefe7e02f6bf74f
labs/daemon/proxy/fallback_dns_pool.go,350,0o644,68a86e80d49e943c91b5e20cbe3ab8f889403abb7495d28709ee7fc505aca199
labs/daemon/proxy/fec_codec.go,2035,0o644,08557c257d441b7d3a0abdf0907998374274aa1edb9e4bd26c950ec7cd3c0653
labs/daemon/proxy/fec_codec_test.go,742,0o644,e3c42732f5cd43a2804435d18bd2859b724a75598e4912a4fb02cf8660dc2c06
labs/daemon/proxy/firewalla.go,594,0o644,d0ca055e73b01e992576531fc6dd19fad8d6a8cf763f9fd8a67c761e4b863e47
labs/daemon/proxy/forcerun.go,6421,0o644,7179b3b2fe9f1eecc5fce3e729340d61b4ea5041a2a61e1ca1d8a239d5ec1b23
labs/daemon/proxy/format_transform_proxy.go,586,0o644,7d74f6023a14bc95c735cbd9d5c249d7e1ca2b0779d959a8972a7071e9dcc8ef
labs/daemon/proxy/format_transformer.go,8066,0o644,1f66b9ac21b3fe4d5c7c4f14a61a6a091a3267de743f845c7f1525c0230bfb28
labs/daemon/proxy/format_transformer_test.go,1197,0o644,a0de5dbfc452f5fa10acb9335f6d530a8d12eebf137a64fb9bc32df3802ee0de
labs/daemon/proxy/fptn_codec.go,7085,0o644,c4398f07333bc9a99276a3ced0366e11d4dc6a6fe9238aa33858f4c2b8914052
labs/daemon/proxy/fptn_codec_test.go,2011,0o644,7d871332c614394a0c859cfc6fc9b36fb1db18dfd97842e5236847b8928994e0
labs/daemon/proxy/freenet.go,9709,0o644,fb203404557c1b529a8b23e3f244c5857a92e0c0a3668854b9bb602dbeea9ffa
labs/daemon/proxy/freenet_agent_runner.go,651,0o644,78cc5daff5c891ed0ff1f14d8fc437973e4235b7acca1a38e74d3027714855f0
labs/daemon/proxy/freenet_mail.go,9344,0o644,e9880c47eb1d86f90b5ad6bf52cfa88959c3158dfc60fb239a52e0fde5f6e6d4
labs/daemon/proxy/frp.go,566,0o644,06cc5c9c82dc49e6951081358a364e426c62bf2bfd6b490dc63d3f0f7a1ecfb4
labs/daemon/proxy/frp_tunnel.go,12358,0o644,3bacc85b7278a0d52472415e0d9b73e65a60858c49b28e3a8a18e44e7fddb917
labs/daemon/proxy/gas_relay_assets.go,622,0o644,fef3cec1d5943f17957307224dc4cdc8e684376e0845e9954783b232387a1afc
labs/daemon/proxy/gc_tuning.go,1098,0o644,48769398f4d45fafcd7d86b5d789b74cee02b6711d8590be61dbb96f25d98728
labs/daemon/proxy/gc_tuning_linux.go,547,0o644,923e0876e8ad1894be2bb36349fa4ef59f7bbd0d98e0f795ad63348128688836
labs/daemon/proxy/gc_tuning_other.go,95,0o644,8da73ea54c89ad180a6405f810c317ad666fd149424096eb801f22af6c17281f
labs/daemon/proxy/gc_tuning_windows.go,724,0o644,e7ae2c307cd7c0db57bf19157b287bf5820f2fb96e0f15ce6014e95c4f90a22a
labs/daemon/proxy/generic_proxy_tunnel.go,3909,0o644,9a30362e72041f1a18eff96c926a49bcacc60e0934a666e52e90e2805d57b165
labs/daemon/proxy/gfw_resist_https.go,6470,0o644,75420071d5a23f8c6b40438764bbb9d37bb5251c154dd7c9484497b0410d623f
labs/daemon/proxy/gfw_resist_tcp.go,2707,0o644,6cb59c4000599cc6409107a7906651b66b51052761eb06349dd8157fb1de941a
labs/daemon/proxy/gfw_resist_tls.go,570,0o644,68d7b3fd24b1128d8a3e27996dbf9fa23478a93cbe7f977401155f48456a8844
labs/daemon/proxy/gfw_whitelist.go,588,0o644,c8bde0de415d6055973ef106d4acd5323c10ac4cee33dfdb2e91ca6bfda5b637
labs/daemon/proxy/gfwlist_parser.go,5894,0o644,95541a686304ee897bdd7ffc883ea2d3b2c319da54ea75f5c23302516a08221d
labs/daemon/proxy/go_cidr.go,5443,0o644,bd0d876a60571feba0a42cedded28125b34a7e6502304b61d7b6cca0af5397d5
labs/daemon/proxy/go_cidr_test.go,1682,0o644,c12ca21c7d12f2eaf318f5f32f4df217b00539766a104c881abf6a61a7fae168
labs/daemon/proxy/go_mitm_tls.go,535,0o644,e648eeeb289083b834f3e6192dd74a70402102e83dfe348902dc9dbaf59cf48b
labs/daemon/proxy/go_mitmproxy.go,689,0o644,c42bcac7080a1548779304069b5619dadb5512b7a6c74802041efca342b163e8
labs/daemon/proxy/go_ss2.go,538,0o644,7d9d1a79473ea7dc0cfe0a91dd80b09ed72b500b7510a56d9c2b1b00d244ecff
labs/daemon/proxy/go_tun2socks.go,566,0o644,a02956d83faf0e6eb32bd53e73a5801a3c68eaff52e3d847925fb9692f06271d
labs/daemon/proxy/gohop.go,620,0o644,092bf3ce47d2923f13756d27a17a41fd027cdf0cc95f511799b7c31b83bdacd6
labs/daemon/proxy/google_drive_tunnel.go,659,0o644,e9a29f8191af9a9190b092782a41d8b6c4e33f1257b6cb4a9aecac527bc6cb3a
labs/daemon/proxy/google_relay.go,696,0o644,35879351a69cc0c35a6c6ef6acd802aef18c9a9fd1d60de0b2c72a78ce870098
labs/daemon/proxy/gopacket.go,678,0o644,5e030c23876f3645e105268484fc21ee4e594c9f706cf694e474829f2d99bdbf
labs/daemon/proxy/gost_chain.go,4719,0o644,f49d016f6466fc8408fc46ae8cc88fb9d2f03b1cd464676ff317df2c98e6e99a
labs/daemon/proxy/graceful_listener.go,1692,0o644,1985e28daa2a5679719323efe322dfa7b9cb51ee48071c319c9b470051bbc46a
labs/daemon/proxy/gvisor_lwip.go,7908,0o644,0b9671ff6fd67cf5d81226113b0145a2ecea0c2adce0d1dd6583a3b9dd4e1a63
labs/daemon/proxy/gvisor_lwip_test.go,3406,0o644,61ee7768f76306bb662b5167033966829702423ed1cd14c6f755e9c69a566470
labs/daemon/proxy/gvisor_stack.go,1911,0o644,56d6a0a771892ab9b6da97191e946c173fc5e5b310c32bfa38cdfc7a92ec2b79
labs/daemon/proxy/gvisor_stack_test.go,1077,0o644,4da103cac0b7e1adc10b047ba677b2c9fde56d88630924289fdb6cd7e57454fb
labs/daemon/proxy/handshake_fingerprint.go,18314,0o644,15285a7446d2da44fc8aa7d137ef714e897ca1eb69dffb2f8efef1b7df4acd8e
labs/daemon/proxy/handshake_fingerprint_test.go,3539,0o644,3dd3105f10c0e0c357a5f69f583b37a82f9e0147f3c743435b8e1111fc146406
labs/daemon/proxy/harness_metrics_reporters.go,119176,0o644,ce8b93bd32936fe7f4bb32f8c57743a469445bbee7a7feb355ec31fef057b3b4
labs/daemon/proxy/hiddify_manager.go,2045,0o644,36e6b1d605610fde6ad08a4a7e072d086530b9995a512c7feea832d7636bd077
labs/daemon/proxy/hosts_override.go,5879,0o644,5bea401cf759cb753fab7e5f88aa6852749bacfc644bddb569e904ca7e41bfd4
labs/daemon/proxy/hping.go,509,0o644,2675aa19af50fa7f896315e434bce976f5ecca7bbfe40c6222d0046233756a8b
labs/daemon/proxy/http_load_balancer.go,4043,0o644,020f809674c481cd62578107b1114b389927969120c9b9f06a1984135bb1fb1b
labs/daemon/proxy/http_proxy_listener.go,1931,0o644,3a8a416d74874641f4700215d15387ccff6a9f874fcb7b87cba3337678feb085
labs/daemon/proxy/httun.go,559,0o644,3a674292b589844a012c2d3046d0843c76293797637a151039d94b50f593eb20
labs/daemon/proxy/httun_acme_xtls_test.go,8859,0o644,509641ba2b2e250ac94af7fff2c54881c6be48a9cf1564095666a2093c4de59c
labs/daemon/proxy/httun_transport.go,10653,0o644,67ebf3fbab8235e62d99c522cd3b3571c8a3c2ab3224a661b039ff125bed60de
labs/daemon/proxy/i2p_client.go,2041,0o644,13b2037ecc03390da7bba49997e12a3b7e7545f705853937b3a87cfaea7d43d9
labs/daemon/proxy/i2p_core.go,596,0o644,1651a1395d694b8e8a6c7690a725e413a48a49dddebc4905c1814443b51bf100
labs/daemon/proxy/icmp_tunnel.go,3006,0o644,54d1c62979b3ee1e15b916dc42e237092ae05d3386991066c0367b643dd29a63
labs/daemon/proxy/inbound_panel_adapter.go,6825,0o644,fdd477a97e8c7fdb244735eb3f0db4fee88c65bd282dcb524cfb659b8baec153
labs/daemon/proxy/ip_trie.go,1489,0o644,3733be801f5a6ca793166a17b16e0184a8f2c22a92cf012edeaedbad4a253218
labs/daemon/proxy/ip_trie_test.go,967,0o644,188450b14fea6effe958402ea256468ec28726c96a79b0950a49d11fcf803a30
labs/daemon/proxy/ipsec.go,844,0o644,6a89aa249614351086f9c8557df384c27107e62614ae4072db4ded05b01236c7
labs/daemon/proxy/isolated_routing_enclave.go,1403,0o644,849a47c76edcec5ac4d4651be88b79b98e0b6664e019717be664e6bebd0edd06
labs/daemon/proxy/isolated_routing_unix.go,437,0o644,55fda62e809e2510d9c8ab7f5c55c6090f8509c9b22695172765d9fdcabc719d
labs/daemon/proxy/isolated_routing_windows.go,238,0o644,30fb64c511ea2526d31668d9361242058f1ef708c548762b81c951e47fccb9d6
labs/daemon/proxy/jjtcprelay_config.go,9914,0o644,dece141f07c8e44cd14c4694c9173b9383097a877c2c270fc0d6b74e6424214b
labs/daemon/proxy/json_filter.go,1304,0o644,bfcb7ab8bba68a90e88419360f7e1a8f1048e1244e4d7c473c0bb178f9d5ad99
labs/daemon/proxy/json_filter_test.go,1225,0o644,1d7b215a93182439c8b73c2b2360f24f46dfe68478a931f3a27e22fc76b277ce
labs/daemon/proxy/kcp_dialer.go,712,0o644,15fbcb5caf4504c2a9d5aedfbb33708e57be917b14a19409281b27e17ccf47c5
labs/daemon/proxy/kcp_fec.go,3146,0o644,8160625dbfc3eece6b72c9b94e6853ce7b982ed5707b7ccff029ede679459bc0
labs/daemon/proxy/kcp_go.go,593,0o644,00c4fe26993ce802b6990fb9b57031cac69128d6671633b487d8268d206f2809
labs/daemon/proxy/keepalive_heartbeat.go,247,0o644,b9a9e3f532f722b0a85312ddf504d23ef1bbb5a3971bb69d466e227f436c0b50
labs/daemon/proxy/l7mp_listener.go,1933,0o644,fb8835eb627c047db1e85cbc620cc5ab44ae537dca024ab7678c887efcf6e0e3
labs/daemon/proxy/l7mp_offload.go,1523,0o644,7bf2952b194e265e14a24b4baae74a83ee1ffd51874b5fbd7e68f00026c21df5
labs/daemon/proxy/l7mp_session.go,2494,0o644,15800fe8f86734e8edcd2d23384e09f31ca5cc446eeffe7509205f9ee0c68cc0
labs/daemon/proxy/landing_disguise.go,686,0o644,eed962897f159b61316d4bf01ef8e4f82385b9fd3802eaf08c38374fe04063fe
labs/daemon/proxy/lantern.go,532,0o644,16263c3cfab3dc838eea45533e840b3fec97469878bc324773955a38836a9e48
labs/daemon/proxy/lantern_bridge.go,3071,0o644,e5af0c6e1c017a134ddc5541a95d89988fbc83c04ce5a9c76ed8f800cb811f9c
labs/daemon/proxy/latency_variance_monitor.go,6662,0o644,7c81606cdfbd81afb3ddf23af5dda42462d40a28df55e22ac7974629406f0fb1
labs/daemon/proxy/layer7_mesh_adapter.go,544,0o644,27504b488aff5e955af0ff314406547560cc57347e791cfa67480e63766ba7eb
labs/daemon/proxy/layer7_proxy_mesh.go,541,0o644,cc8a604aa14f9685a522c5c19c66077c952e3f062305fb2d854a662e9121304c
labs/daemon/proxy/libxray.go,618,0o644,61d692330ba20f24229db3869e7aff652cf8a634319b8cbcdf982bd0c5bcc64f
labs/daemon/proxy/live_logs.go,1469,0o644,992b00160bc8824ddea8d8584b64b725ec600b9293a9fc572b4caef726b44fb3
labs/daemon/proxy/load_balancer.go,590,0o644,7d2742c9e957c5c507311972d53b500b1ec3611f11b5788bb84530ad6daadbb4
labs/daemon/proxy/managed_config_process.go,1475,0o644,abf53799f8d695e72cf766c5d8733652420be4a65cfd6437ebfb026b1d804b24
labs/daemon/proxy/marzban.go,5361,0o644,05c7ecc24d447ef45d2cc2ffa1aaa4e4e340b8a2475e14479185035a80deeaa0
labs/daemon/proxy/masque_dialer.go,10102,0o644,187e211fb7c356897d122fc0c412c9faf6b2a1825a3b55629d3ab4030a9b4605
labs/daemon/proxy/masque_dialer_test.go,4477,0o644,afa5a12b0093f30d6ef1a6d75ef14ab5a7b9a384b084ffa03db1c8014513ca12
labs/daemon/proxy/master_http_relay_client.go,8013,0o644,56d6e2d3449675211c6a68d6e30f2ed4b814fc43cbfb78c5c47cd3ef6a37d76c
labs/daemon/proxy/master_http_relay_config.go,11031,0o644,b0494ffd0e384b1ebb1b8766aad89b602b7fcf22c0ebd06b808882e96d5500bd
labs/daemon/proxy/master_http_relay_quota.go,8264,0o644,76c009ac0aea89dbf4f496a781a4761f1dae1bbac8c347f0cda03cd4b3c251e6
labs/daemon/proxy/masterdnsvpn_inflight.go,3975,0o644,2c3cb58826b3eef276a4013ed4a54c30f63ff2e5a73c5e5528c47e256e88d7d4
labs/daemon/proxy/mitm_decryptor.go,2926,0o644,d4bb92b70ef8f198bd914e84b20f45a4d0db1211f1be1f3b29e4a0f68d4dd10d
labs/daemon/proxy/mitm_detector.go,3837,0o644,0e63e3b1c516fc2baad265773953b2c9457c1f6a5f5fb4a59e6aae130b0589cc
labs/daemon/proxy/mitm_detector_test.go,1622,0o644,8828386e0fb9cfd7b865ac6ce10244b293a2edfeeff574bc223e336bf5cc7b6f
labs/daemon/proxy/mitm_domain_fronting_repacker.go,9419,0o644,b14c4ac214cb36b306a29afa0e9910d12a20e40c49fc7d8e0f4334dd4478de63
labs/daemon/proxy/mitm_proxy.go,3293,0o644,92e0ab78f6d5cca2bc3bc5011dd16a602c063b8b4497aeca5779f87d8d828389
labs/daemon/proxy/mitm_tls_proxy.go,657,0o644,1bbb08af4bff6ddb176611320b8ee4064e26d83999d1866f9d2880113cdf1730
labs/daemon/proxy/mobile_sni_spoofer.go,2288,0o644,f03ba2a5ded705bc8513431440a42cdf03ed2865824ea5e2edaff26c153732e3
labs/daemon/proxy/mtproto.go,11760,0o644,60069b0172e8b0165987d07e17f09a141c965e5379e8a12844ec8507d68769c0
labs/daemon/proxy/multi_inbound_panel.go,1858,0o644,d3c33d6500d81496eb91d9483a80b25eef6c06f2e208901b94d1455994029e99
labs/daemon/proxy/multi_path_balancer.go,447,0o644,a932995239d0cc0d47d75ae877a0f9b2b3551fde8720180c84781de5fa3d7fd0
labs/daemon/proxy/multihost_parser.go,645,0o644,1e5171820fd9d8a880ea7fe4a6ffa20bdae66b38aafee7e18bc4f9de60fa2ad7
labs/daemon/proxy/naive.go,642,0o644,096f67ded5b2fe5d1d0487422a57af5b9b21ed7c7c57c2760b2c9b494f68596c
labs/daemon/proxy/naive_padding_conn.go,2771,0o644,490ea2fc10ce01189322b55e1eaedfe3560d01877f8ff05c66502915b998c958
labs/daemon/proxy/naive_padding_conn_test.go,2481,0o644,5471d8d6d0cd6c03882437327c7f49f7da78496f359bbe548b2fcbdfaf762e41
labs/daemon/proxy/nested_wireguard.go,3058,0o644,fb94a8a1184add05321b5ef54283f066ee18cb5ad455032d591ad23c286fd0cd
labs/daemon/proxy/nested_wireguard_test.go,2747,0o644,9f72ac8052b9defc2c7e7fdb87133b0d715b14c2b27a323f0536198216f043d0
labs/daemon/proxy/netgovpn_client.go,9088,0o644,2450944f5b378b482b5c8036d2c94dabcfdc4e3695ccf3c313febe8fee31e29f
labs/daemon/proxy/netgovpn_logger.go,3257,0o644,92c882e1a7be02a1a6dca17d12eea548e2bc75ca1d1ee55b8957a8324ab61cae
labs/daemon/proxy/nexus_proxy.go,571,0o644,52c1a7c1e7daf780934e794bad250c3fabfadc044a431ddd3476be7ea326082f
labs/daemon/proxy/nipo_obfuscator.go,3569,0o644,2cdb3878d17b9034f4d142739ae338cac1c9561dc30157b8aca8254b20c72dde
labs/daemon/proxy/node_mitm_proxy.go,6618,0o644,c5db448ed710b9c1dc29006114ee16e3b0fa0ea16d03422b6a42b304e0d356a8
labs/daemon/proxy/node_unblocker.go,6476,0o644,5b59a9b4b7bf7797bfada0efb1cbe2ea669f3aefa8595dec9cc5e7b565d321b2
labs/daemon/proxy/nomore_walls_domain_tree.go,10513,0o644,6e17089b2bf24b70ed8a600834db6c75cc39f79e78a80744e6e6df107baedaae
labs/daemon/proxy/nomore_walls_domain_tree_test.go,2681,0o644,20a48aa2638f6bcefa455abd625a232e1321d0af631a265dd50d43b6f3953a50
labs/daemon/proxy/non_portable_wrappers.go,1877,0o644,79d187564d2e3459df12288f13899f411e08df2b5d364a3a7679062272e70075
labs/daemon/proxy/non_portable_wrappers_test.go,792,0o644,bb7ee4d71205d0958438ad7b07a9a497480296a43aa155743cd2e48c886a55fe
labs/daemon/proxy/nova_backend.go,450,0o644,18f1ca061e27948a4b9da8e550921d9b8c8895f99237b6e72e2cdf65f3004e5c
labs/daemon/proxy/nova_proxy.go,439,0o644,bd315f89b521a1f15b1e7ac8b3a5075dc2205d8a0b0658addca7aa24c10e4291
labs/daemon/proxy/nova_wizard.go,8686,0o644,6a2bfccd8a2b11ead0cf0e8310da94440a74b0b251fa296d99f25290ff5a2698
labs/daemon/proxy/obfs4_icmp_transport.go,2531,0o644,5faec36254673000326140ad90cf2c2da05137a44a819b42b11996043414949d
labs/daemon/proxy/obfuscated_ssh.go,670,0o644,7a1fc5319eb19fcc2788a30858521fe7dd8629fbdd7626d1bbfd6de08b540abe
labs/daemon/proxy/onion_bridge.go,552,0o644,2edd2985ea145b0a83b3ddc809903e72a3e229152f3cb12f78466ac6e717318a
labs/daemon/proxy/onion_hop.go,505,0o644,37485a761c7930291df662e4daf22ae98ca16972b418a0cb8d11ed926a03ca46
labs/daemon/proxy/openvpn_config_patcher.go,6158,0o644,9fb97a9391d6f5186a0c5577526fcbd8636d7f7641dd89af810690ff8c24d584
labs/daemon/proxy/openvpn_config_patcher_test.go,4334,0o644,b9865c4cb552eb7dd7d3c00704b0e3abb6d55788fbd7db08049de44f4df15515
labs/daemon/proxy/outline_client.go,594,0o644,9e50e10e9d63b5f44255fc095bffe66b96d73cf93346fc74c741d84ca366dbb8
labs/daemon/proxy/outline_server.go,2522,0o644,4990781ee437a188b067ef8c4e364b939157e9b1e6a8d316c6e5e00a75518768
labs/daemon/proxy/outline_ss.go,593,0o644,50542f065812a8e3c707921610d6626bbef492fc5a7767758f3aae3b5e2ce2b6
labs/daemon/proxy/p2p_hypercore_feed.go,1060,0o644,2a0ec57fcd4312849bba0ec6e311e34fcce8d40fc2b6cdac7bf210b046ad4c1a
labs/daemon/proxy/paas_argo.go,2430,0o644,9f1fc3eef92942cf5139ddefddd276bb252a819cf68899301aa30c74067c6d1b
labs/daemon/proxy/packet_ring_queue.go,1909,0o644,03eb7e241fd950014cb7576ba0c8d38e4bd9eb7c663cddf506a344d77fce741d
labs/daemon/proxy/panel_client_manager.go,4676,0o644,cd0bcf726da4aa00099b679545df0665f06ef57005986688cde9ff6d28858021
labs/daemon/proxy/panel_node_client.go,852,0o644,dd779dfa76759b6e18076a330b7d94d3b73ee879a4a27a227ce01de8a1f204a7
labs/daemon/proxy/parsa_panel.go,14524,0o644,07a183f23a1796b791b2aecd2b085b5f4e1998d9c1301fd31061655f77a11014
labs/daemon/proxy/pathfinder.go,3247,0o644,291ceaa713ad4b89b4d90e50fcfaa1d90ed6bc00ccdc3c55e6f4c1a9f92f5905
labs/daemon/proxy/pathfinder_test.go,1508,0o644,528a0d4579a28e6db3fca6b2b479f10fb978ee1df287d7d6eac0e5574d411d24
labs/daemon/proxy/phishing_verifier.go,2275,0o644,5ff2a6fc130b638e3f3d8d07f83ff633adcf94a34503456c4e2cb4c970bdef3b
labs/daemon/proxy/phishing_verifier_test.go,1352,0o644,10ef06be101f98e9959ddce99ed9a7d50ccba126d083560819e739b92174c0be
labs/daemon/proxy/php_proxy_web.go,5648,0o644,8796c61252aaec0a93e710d4302ee78ed844045aa30d9478ec5a64f507c23807
labs/daemon/proxy/pion_dtls.go,615,0o644,7a34a5331a92bd413e97a31e0c8b84cb8abcffaef31a51ac230e98326056da9b
labs/daemon/proxy/pion_transport.go,659,0o644,8f154f29f0985b2b8b41a82a9403b0d6b140f67edadd5e9be46bbb3829b22b67
labs/daemon/proxy/port_bridge.go,570,0o644,6040ef0407902321b8db58cbbf32ff8c53e1f102c17ae0d15493caa9c350760e
labs/daemon/proxy/prefix_list.go,2327,0o644,f3e544c227f44515275fa25a2ac41eb34266607288afba4b30a79d5840fa2f8b
labs/daemon/proxy/profile_morpher.go,3260,0o644,baf4bf7954516af832e72648bf3e0c671a8bfc11c7ad18bfa3f512e0a2323cb2
labs/daemon/proxy/profile_morpher_test.go,1360,0o644,bb3086b51db8d3f0942496178de7676a8d06d2f090fbbe07a8785cafac29ec40
labs/daemon/proxy/protobuf_codec.go,555,0o644,0fb8a4355f8d9ce8a35aff7d35582572315142f0b6c669b4ae5865be8cc8788c
labs/daemon/proxy/proxy2singbox.go,7951,0o644,eea12dcd252a101fc55ca3d5724a4384a08666dd40abb898f5699519fad57bc5
labs/daemon/proxy/proxy_chain_manager.go,608,0o644,9fe0b08aa367f94c44e29598ab36f0c6fd22c40df46fc0ad8d449672f0dd5a36
labs/daemon/proxy/proxy_cluster.go,2590,0o644,0a93ccb692b654ef977d4395e42d1b333db7e7016d5ef0cfa8530dbf5d461631
labs/daemon/proxy/proxy_cluster_test.go,1006,0o644,bc818db4b87d8513c1afb556c754b17132769cc57fe276c5c11840a8ee91b375
labs/daemon/proxy/proxy_core_daemon.go,547,0o644,6f2b8ad3c78cdc5cab16bb13f170fddad6b862a67ec29021c872a95de0b0acb0
labs/daemon/proxy/proxy_harvester.go,2922,0o644,00e2527262c9839fe4f78c4dcd182ce0797ece1a6ad4ebb298f6e34feefd0659
labs/daemon/proxy/proxy_node_rotator.go,1232,0o644,82be0d19cdc33f986c8b88ea2e43a03ee3a7b97d80512ecf4751c7b25230f39e
labs/daemon/proxy/proxy_panel_bridge.go,3183,0o644,6d985f94d6d9540d17e82f57d54bcb4508cc97f3eff6689f98d052716148bbb9
labs/daemon/proxy/proxy_setup_wizard.go,12448,0o644,c52595751592c6cca772936e1379ef52e23bac88aa42eb539ee0c14ef9bbafaa
labs/daemon/proxy/proxychains.go,645,0o644,2afc20a1eb8c517c37267da1226e3ba501c40afba5cae51f24e503855580d259
labs/daemon/proxy/psiphon_chain.go,652,0o644,b20eb54394d4981585e7e7de5d36c4df8380554e73c72c47c0066d63a8653cc1
labs/daemon/proxy/qlearning.go,1984,0o644,a7ef16cfd781961dcafd0d1550c77100e80c19282e431409570a78426fc063fd
labs/daemon/proxy/qlearning_test.go,604,0o644,8083bd63e5fbd20b4d419f306312d572f1605f653872291b228d3b2dd5f0aa89
labs/daemon/proxy/qtun.go,2410,0o644,5143e34eedc08125cd5dfd6d4799cda121ff0ce8de1f3e238ad89e2a0510dd2e
labs/daemon/proxy/quic_congestion_manager.go,802,0o644,4d172e1d425c0d5c39e1a957e7d7b100d3301e0d1d38ffdc3c116b7b7443ce95
labs/daemon/proxy/quic_sniffer.go,9548,0o644,8f2115cbc38592e7998c2a6a0ec0f3174e6c100ea0bce029061621df54ea6660
labs/daemon/proxy/quic_sniffer_test.go,5627,0o644,a084d1c0f0c30f41484bf6e993e84c0e2497cd28bfda7d9c3e9faab673129ed5
labs/daemon/proxy/r2_storage_gateway.go,8669,0o644,1c72c3f59b7ca6f5eefb667ff6dc01b4be221b7f37839720da0503775223abc0
labs/daemon/proxy/reality_core.go,677,0o644,7a2ee3e0d1e3a43317ed18e4d33b24cbe9bd3db0eea6329e3052bea271ea4327
labs/daemon/proxy/restricted_gateway.go,3534,0o644,81914e9ec1afc89cf5fc9e526934a153cff09f201ea454675ea8c10525938d29
labs/daemon/proxy/reverse_tcp_bridge.go,684,0o644,c50f31f504308d902481be8f030962bd612a6e74d3750cce162356ba8f19738d
labs/daemon/proxy/reverse_tunnel.go,3708,0o644,e68e22e728ffa42c60294543b7ded626ba836afe1f9521e3b3678492ec0e8bb5
labs/daemon/proxy/route_optimizer.go,765,0o644,7670f4d37ca339304f3174b41a1123104b450dbbb3886de5966bade13d20d3ba
labs/daemon/proxy/s3_signer.go,6944,0o644,eaa86b6849f7e8734d6c0cadc6ad5c68bc0cdeefc1e9f9798e26275dc7bf4cba
labs/daemon/proxy/scan_telemetry.go,747,0o644,f871b2d8b0cb6965861b5109b3e3ff33941a381a66192f5c4e6512f839f3f5ff
labs/daemon/proxy/session_authority_manager.go,8289,0o644,08057dc162858779f766c096497962db2698cdb0951d5430e7575f8edfb8a88c
labs/daemon/proxy/shadowsocks_macos.go,676,0o644,02c89e2b2a2b900ecd67f4e05211f47d4ef9841488b91d6da10ce9062b421947
labs/daemon/proxy/shadowsocks_multiplex_client.go,5962,0o644,d7129e230d0c13509f6aed82406d38572b561cff4c488cf4f9716a7b25582ae7
labs/daemon/proxy/shahan.go,18617,0o644,e8237f423afe42d50437713f373c3c66dd4bb4342d4726c451eb553d9713d875
labs/daemon/proxy/sidecar_desync.go,9380,0o644,5c64affc6cf63468ba51cf325191af60bc17857cb07defe4dd234efe641c7b12
labs/daemon/proxy/simple_obfs.go,631,0o644,da5a0758fe87f5750040227f93ef4455997130c5f98daaf7b239c0e1f4940446
labs/daemon/proxy/sing_brutal.go,2187,0o644,c879fa64ee392111b8fd8b6535873f119ada8a2c1726d45b0ad61ef0b2eacd38
labs/daemon/proxy/sing_cloudflared.go,614,0o644,dfd4a992db70e945c311099453b2cae3b94c02e46a507c374db122ddd5110f38
labs/daemon/proxy/sing_mux.go,505,0o644,e785a001c19c741c3f5f747991d1f4692762faf96c9b012bcb8b2b441852dcb9
labs/daemon/proxy/sing_quic.go,511,0o644,23b8e5697933d999adffdba5be2caefbd2c1058d584c1eff32eb13fcbb981f1d
labs/daemon/proxy/sing_vmess_compat.go,620,0o644,08f27c8ff03afc09570f05a33e861d6d373942dc42c0c34db9f923995df7ad31
labs/daemon/proxy/singbox_core.go,585,0o644,a7c346fdf421023dc2c44ee3124459ed627bd7e199a61ec2aaffc9fd37cff2d5
labs/daemon/proxy/singbox_tun.go,652,0o644,3ccd4cc7e4720011d3e6067cdd1ac641d7954713be1b17ddd9c570f1f6de9d3f
labs/daemon/proxy/smux_pool.go,1140,0o644,d8c9a96504bafa9da756896a633c47a14ba0b1585412814049c130e8c8bd1819
labs/daemon/proxy/snell_manager.go,2151,0o644,60912151a17149ba7438e60e758c00b987d04188f8c0693d7077450f81ec1a64
labs/daemon/proxy/snell_panel.go,13166,0o644,3bd3ab5b34f7b54be5230b228ed5b6d02c3bedd71ee56d26f7680e75b697697f
labs/daemon/proxy/sni_injector.go,671,0o644,01cdf9f67cb203d57f1a8d1c17a53327bd17840e801c4a6df47ab458ef9db448
labs/daemon/proxy/sni_injector_rust.go,695,0o644,6d744d600ac2e1d4972827f5665fc93813e42ef2abe8536e76bb25ff519a9361
labs/daemon/proxy/sni_proxy.go,3372,0o644,89bdd512fbd7755a8accbd60224c3945ca8f434a5db9bb64d870817b21cba190
labs/daemon/proxy/socks5_isolation.go,2946,0o644,e2a116dba47205b22355f97d938d36c770ca1935df1ccacc1d644a488db74e71
labs/daemon/proxy/socks5_limiter.go,4727,0o644,7c0e8772316e84353a1c116274844bed949f60ea47926444e7f446577dd445de
labs/daemon/proxy/split_tunnel_bypass.go,579,0o644,f042e1d8cc3f31ed2129a02302acdf308f0488f990a6f652e373448d72d92b20
labs/daemon/proxy/srsc_redirector.go,585,0o644,ece532a21785930834eb827eae7106fc157f256f1b5652d5a159ad1ad946fb12
labs/daemon/proxy/stream_scheduler.go,3468,0o644,dd52665aff868a973f49bf8e7d4841ea04fc1820382e26315920c876b25cf720
labs/daemon/proxy/stream_scheduler_test.go,2141,0o644,6d6811562e40ebf4c066f1be27874b285bd9f21b80837baad5991bfaa38b8a27
labs/daemon/proxy/subscription_backend_client.go,782,0o644,3ea1a7aa2ad2375709bf4d5706a2d8f08f691c4aa34127472f4ded9d9074520c
labs/daemon/proxy/syp_multiplexer.go,626,0o644,df4ff6c03b77272b5f7286a5a94a510eac83002eb60a4531280ea4411777bf4c
labs/daemon/proxy/systemd_manager.go,1504,0o644,73e141ca29a5628f1090f329a8aca20b472dcd74e74b23ecde42c39cd5c6be15
labs/daemon/proxy/systemd_manager_linux.go,2166,0o644,6457d155094f93826bac164eaceb7063cc004983df7461915422adf45095f47c
labs/daemon/proxy/systemd_manager_stub.go,486,0o644,90eaef3e5de0c82d796a2eed955e0995eb265f1a44e352876e518ca5cfd7c2f2
labs/daemon/proxy/systemd_manager_test.go,1592,0o644,8a90018506944a84c39fb9c4f2c15be918783e8e64815f51347bd9b9e9751b68
labs/daemon/proxy/tc_shaper.go,662,0o644,4243f11425e400843f2604883cfd3a571e7d35f50bb50d4b1f99c3ea2e7634f7
labs/daemon/proxy/tc_shaper_linux.go,3979,0o644,993076b333aa3443fa2c2c4ea14f41c8e6775443a720ad60fa492a99c82450f7
labs/daemon/proxy/tc_shaper_stub.go,612,0o644,7c184906d42d11d9b47030772829e4d909700e39e25c832756fd1c849d84ae85
labs/daemon/proxy/tc_shaper_test.go,756,0o644,c92fc8ea30aad1861a6cd73cdfa2f48a7bdab598eb47003d02acfbbc96c1cd49
labs/daemon/proxy/tcp_brutal.go,721,0o644,1f23270341e3c389f196117f6dd5e62968c4e2d34cdcf7ec7c1ba57ec6b2b9fa
labs/daemon/proxy/tcp_relay.go,500,0o644,4ea184165b26aa5749e28067320c5fe759fa56b4833525e94fc6e22c0138f7dd
labs/daemon/proxy/telegram_bot.go,2416,0o644,563d2f624885dbd9d35f4f905fe24bcd862bf018732f9bd282f47e29ce83fc14
labs/daemon/proxy/tinydns.go,4045,0o644,17bc2e8a1d3db73a9efd330b6b0e6c38c7a06d15e5d2f776c9b88a2b3370f011
labs/daemon/proxy/tinydoh_test.go,2303,0o644,653d96177307bed430a2dcab09adfdc6c28d48beaf613a60c45b85af907b5b9f
labs/daemon/proxy/tls_fragment_tunnel.go,1593,0o644,1229b6b4b0eb14778acb4cbba598baa7650e3498555060059d50ef08b84f95f6
labs/daemon/proxy/tor_client.go,3057,0o644,3c8513322a7da9fc607bbe4e041bc5d73b25211853e23233d3a8bb98114d8374
labs/daemon/proxy/triple_proxy_ui_manager.go,1663,0o644,03f4691eed2c5b04863e468a0b0bce52e7a0f0faa6f5a4be34d135022a8f9d2a
labs/daemon/proxy/trojan_panel_controller.go,17165,0o644,1d6c619f22bcb9359face4e5df3c8515c79d1f714de0a934682327ad66033ad8
labs/daemon/proxy/tuic_transport.go,592,0o644,269226f46b6da5e6429ba49c8d25f02cdb8947589060280ec8ba17dead6fcd3b
labs/daemon/proxy/tun2socks_hev_adapter.go,664,0o644,d554227feb70773a60b1c04b00bed28f7ae46efb62f2e55bdb00716aeeb90e44
labs/daemon/proxy/tun_device.go,15994,0o644,fd8b967a5611a3029ceb02fdd67e6dffee9d94eba2559cc8718d0badc09abafc
labs/daemon/proxy/tun_device_linux.go,1258,0o644,1ebe57e019b952c87aa172e55a5655b0761e61d3815606e96064c456697f25c7
labs/daemon/proxy/tun_device_stub.go,801,0o644,095a573b05a741b680462fee8e329c3dcfcdb15bbcedb04e05e0172310854567
labs/daemon/proxy/tun_device_windows.go,1457,0o644,1b577a200f7550de09386ba1b4369e95bdce4baf38dc4bd7ad91ea78090c4e53
labs/daemon/proxy/tun_packet_filter.go,1384,0o644,814271080388de72a0cf1daa780a4a594f8a83c0e901ba7e0daeeda0356c51fe
labs/daemon/proxy/tun_packet_filter_test.go,2234,0o644,162c875442b8d3bf8a74dca5ad99ef204d24d07d3904cb661ee7b5cd8f051261
labs/daemon/proxy/tunl_relay.go,6797,0o644,3b0a40a1fa7b2940c4d73ac95a3992a2c030a23f38b84959c2cbad5ae3ac9fa3
labs/daemon/proxy/tunl_relay_test.go,8698,0o644,66b696ab3d456ea4d9a823947895fce6120b2366409e81572513463a2bde22d2
labs/daemon/proxy/udp_table.go,4578,0o644,2872a6010cd41f219db07704dfd50cfe988f347adbde1d1b425b259268cbcacf
labs/daemon/proxy/upstream_test_suites.go,68135,0o644,12e06456029f185fdafeb1846458ea40e44ccaae87367a8c4f55d42feb58d9f1
labs/daemon/proxy/utls_bootstrap.go,3048,0o644,078a3af7bb31892f1e1bd44959071c5aae4c8400b5cca59dcf02228a16b64b37
labs/daemon/proxy/utls_dialer.go,1419,0o644,4d18fbb4620c9927191b0030a63a4b13fafba5c3aecee54d9435b6eb3a3ec4a4
labs/daemon/proxy/utls_dialer_test.go,1914,0o644,0f0d7fb0441d20b2ab6d42a4608b4a06d7f585ee44df5bf77bf00b1d0713b31f
labs/daemon/proxy/v2board.go,4508,0o644,7494b5f1347192868e2faa9c2e16c485048d32da62cb6c858ce8c8a47e1a0076
labs/daemon/proxy/v2ray_core.go,2435,0o644,f160a05ebe6c5d877e1046d30c2f2bc9a5093dcbfd5664957823935858b19e73
labs/daemon/proxy/v2ray_core_fork.go,1703,0o644,b2f2a2604ffb220b63f98f46926258c4242c0ff626194132978ef6e9a25c9d66
labs/daemon/proxy/v2ray_dat_compiler.go,2683,0o644,ebba9ed7a4c2945a17928cf3642812c760f21b5bec6dd07caedc09fc5755bf71
labs/daemon/proxy/v2ray_dat_compiler_test.go,1091,0o644,2826dce2a58ce7838fd0838bf9df240b10e093586dcae44159e0e1830b44db53
labs/daemon/proxy/v2ray_go.go,2303,0o644,0ef43b00f84457389525a7f27e9a00b16c8d78b55478dbbdbd31c566f9b2ed20
labs/daemon/proxy/v2raya.go,1973,0o644,b1e66e780d23a335bdd20fc46b8f111295623b4d8bf61e76d4ff562ad6ab1cf6
labs/daemon/proxy/v2rayn_config_helpers.go,18818,0o644,e69da78edea28ca21b7f68dd082bc9cbf51cc1a3c26a537e5caa0e8ba47987ad
labs/daemon/proxy/v2rayng.go,16849,0o644,b48f2a8504c86f2410940a5e2d77622027c7d144108d651e74e0ead109f71ce6
labs/daemon/proxy/v2rayng_config_helpers.go,17280,0o644,87f26ef40b0ca3f93a2ee24a3727a7a921a956ce8819bd81f063b6a792ab6baf
labs/daemon/proxy/v2rayng_panel.go,2884,0o644,565c716ff5cccd85e7540de3339571bb8be6e8576c5a140ad65655da99574b0c
labs/daemon/proxy/vless_proxy.go,12347,0o644,b32508d075df00892e0bdc2f1b193126314412f9ce96a646a38361b61efd059f
labs/daemon/proxy/voidtunnel.go,8716,0o644,825ba3f4b8b9f7549af0b2b7412a54839b7253c7f4f38da93ed727629acbf88a
labs/daemon/proxy/voidtunnel_manager.go,6624,0o644,dfb2cb4f9e86705ae8bebdac05e3c156bec838fa9a140b84579fea7001a07709
labs/daemon/proxy/voidtunnel_manager_linux.go,317,0o644,cff2eb6208c613e50906c3c278a07b17873f7e0ec8fb3abf9780fbc194bc551a
labs/daemon/proxy/voidtunnel_manager_other.go,65,0o644,670eaa7d3441624304109bb62822af9e1a5c41a691cc8f73c4085f8c8cf2dacb
labs/daemon/proxy/voidtunnel_manager_test.go,1894,0o644,e6cef1afd78f73bc851bfb176e9d5d34b36beb2f3a3eb928eea9ffcccd653414
labs/daemon/proxy/web_routing.go,14503,0o644,5c3d25d0144b5c2602032c9f5bdba4973cc2bcd2a7da6c9ade8fe592db232b9e
labs/daemon/proxy/web_routing_test.go,6016,0o644,e3287ed7ddbda16e3f070ae17b6cddfb7e48b49a7fedc198d66e7c19338fcc46
labs/daemon/proxy/wgsocks.go,598,0o644,db4572dbd861c8e6ae4db3fe530c1ca84f6b8fe32fbaeb95defe30e6e01f655a
labs/daemon/proxy/windows_proxy_client.go,5091,0o644,826d8870497dbbe8b839cd67ba90fd220c5e24a1af799dcfea118d1f9aa66c39
labs/daemon/proxy/wireguard_go.go,664,0o644,768a34c75e88828421f5a39f4c2967eecd781cc6de75555252177a5fcbdc07af
labs/daemon/proxy/wireguard_obfuscator.go,9417,0o644,c3c3de46ab0c33d8cf85e82382bf21ca8acae13832cf2329c3e9eaf7ed929734
labs/daemon/proxy/wireguard_obfuscator_test.go,2504,0o644,4e72583fb0b3e2312b156ca219208811f56a4560c14e4dae5d7ed9b96c2175b1
labs/daemon/proxy/worker_panel_controller.go,6155,0o644,16988d1e23616691f4dcaf641c443b156ce2581dc8a199a121397b1800764326
labs/daemon/proxy/worker_pool.go,1147,0o644,305ef6a724d843355bbfa51ce81f3c4958c29e56ded6d67cee84d8f5698a8919
labs/daemon/proxy/worker_pool_test.go,488,0o644,ee554a291f367fcad6ca74f4f3c126ba1c99d9f9dbb9ade1e6926e538e3b2087
labs/daemon/proxy/ws_reverse_tunnel.go,10355,0o644,46b3adece3a9d8b0d4439df0412856ce408d7aa20d7b2d6babb4ca7acbeb27db
labs/daemon/proxy/ws_reverse_tunnel_test.go,2746,0o644,a776f965e1c79c0f7f97efe042021e56eed6102476b00febdc74cc4ea30e32ed
labs/daemon/proxy/wstunnel_reverse.go,2937,0o644,536ccd0cf83be1106e76306c7b407bfd77c0b2a1e13d9044ad355e2b3b4917a6
labs/daemon/proxy/xhttp_azure.go,1925,0o644,9321e8c8fcd5925c7c2e0f004717a5ebe44f1a4fd6db72be2cc76f13a3dcf5f4
labs/daemon/proxy/xhttp_edge_relay.go,597,0o644,0265a09cfeda1295244b84ede829e81d545d557da28d19af75d46c246a526d3a
labs/daemon/proxy/xhttp_fastly.go,1958,0o644,fe2cbe584352ad00f53892fb4e624124527d1c7b5e9abcd89a2e98d1f5db41d6
labs/daemon/proxy/xhttp_relay.go,1857,0o644,d630d81c7cd4780004024e060d282ffe0ab81b2274a3759be632d4df8fe3ca7a
labs/daemon/proxy/xhttp_relay_azure.go,2455,0o644,21b24cf9e41c5fca80853b2faca205a5fb9a4ca2b77873701ecc09285a701fb8
labs/daemon/proxy/xhttp_relay_config.go,9001,0o644,d6c8bc12cea3fbaa7367760a5945add490eb0deccd85b11335bb00dff3062b67
labs/daemon/proxy/xhttp_relay_fastly.go,3853,0o644,67cdac97866959d6966c43afb388377e211606c6014a7d54dc8cd60e9f15e5b6
labs/daemon/proxy/xhttp_relay_vercel.go,990,0o644,fcb678dbc82179eecd92135fc76ed2584fbb308b20a54621641a0519755c1723
labs/daemon/proxy/xhttp_relay_vercel_eco.go,4210,0o644,a1025116a6174ae1bcd539bb56eec4c85cd141e4f1ea6ea235a2c903aee1ca32
labs/daemon/proxy/xray_core.go,1630,0o644,365c4624fb315ea32038d34ed98a939c9ef762330aad40c66ebde377442ac919
labs/daemon/proxy/xtls_vision.go,8179,0o644,d71983a0187073aaa5e7c9bad913f42010238b3d899e3b0d1ffccc3c1dcea0c4
labs/daemon/proxy/xui_panel_manager.go,2165,0o644,a4cdf991857676b610a675ac757f64d1645f4e50e3773ded89b4c5da3cf06859
labs/daemon/proxy/xui_pro.go,759,0o644,d6463d3ffcfb2a54bb5876283143e49f7eedacc10270a1f621c26bc846e6d459
labs/daemon/routing-alternates/domain_dynamic_matcher.go,1691,0o644,12ac179383cf80e41bc8303586954e940b5936d6c0a4ff3b6f9e67d96d229546
labs/daemon/routing-alternates/domain_dynamic_matcher_test.go,968,0o644,0debcc82ca12be9086f6e0e9b5f6f43b4cb79e598d38408e8192bf32389b4a33
labs/daemon/scanner-alternates/cfray.go,2864,0o644,be8fe7ea41556f4d0de47c303de427349e42b0ddfd0983b00c9067193125538a
labs/daemon/scanner-alternates/cfray_scanner.go,4523,0o644,7d131fb22631ef0a40bc5aa288d74318016d3386e6bd5b4f558552a02a014b7a
labs/daemon/scanner-alternates/scanner_dns_service.go,4651,0o644,8318321038494f08045017099b56a344650edb67bc7addf9726ce5b54e3277e7
labs/daemon/scanner-alternates/scanner_edge_routing.go,15771,0o644,c7a2900eea9f7f50f72fa14e71b5d5f9f8e3ee71a7ac7e9cc640041e4569d329
labs/daemon/scanner-alternates/scanner_planner.go,17168,0o644,0a89b3717e443d0c68c90bf49ede411f4aa992a5e46bbc608cd37e698e8b53ac
labs/daemon/scanner-alternates/truth_table.go,9257,0o644,8bc5325d70b6c2b2aa7828c8f194fe82131fb86a74b0d01251e8eeaef1e0c9e4
labs/daemon/system-alternates/gomobile_api.go,949,0o644,d34a4f836d9f9e3f162dbb4849a70536e6028eee1b49f96b9a006dd581ceb106
labs/daemon/system-alternates/gomobile_api_test.go,753,0o644,e0b85a00183e25c953a03dc694053df32ebaaf242943b17bd3cad6ba62518a66
labs/daemon/system-alternates/platform_adapter.go,2837,0o644,a7ac7d1bd2a2c5938864faa10335d25b1812fa352c9e25eafb38bf3dc3aba850
labs/daemon/system-alternates/platform_adapter_test.go,540,0o644,b9fd800a1f100be2b204329eddb111b9856ea72bed2fb4350eab858be052f3f8
labs/daemon/system-alternates/route_coordinator.go,3847,0o644,db2f91c172e8ecc76cb29e2f9ecfdce4c0035c03893de94613e8d5e5ad2ee661
labs/daemon/system-alternates/sysproxy_darwin.go,3164,0o644,fa97d0fafa622536e3cc118e697ae114173cfe36df98ec0281ac15878fc5720c
labs/daemon/system-alternates/sysproxy_manager.go,3572,0o644,9f9bcc6f32d5a90ccfeaea4696322d9eac764e148f8a3ea0bccfe6d258cfc778
labs/daemon/system-alternates/sysproxy_other.go,263,0o644,9520cd71d74f6de71d3846214d9a9a68cce74e0b7c02db9512f9c21d121466ae
labs/daemon/system-alternates/sysproxy_windows.go,7080,0o644,192d76c3b75c00e4f145a199afdd664550867d0489e4627180b458bffd72efb3
labs/daemon/system-alternates/sysproxy_windows_test.go,3505,0o644,a20da7baf756451facf828ebb2884423de504dea7ca65d25053c92eaddf42301
labs/daemon/system-alternates/telemetry_server.go,2401,0o644,0591804e5133b59948008a6a1dc9f08b159f5695213ea2810ef9de21723e33f5
labs/daemon/system-alternates/telemetry_server_test.go,730,0o644,f4c4935c79621b5e583960d111570a4a3c35eb1a1237eaa22a1116fc37e28e6c
labs/daemon/system-alternates/transaction.go,1492,0o644,27b741fa339747723d0adb06de27ef7fa4f72d549e1aa0f041ab2b5e5fc34f03
labs/daemon/vpnstate-alternates/vpn_service_bridge.go,1271,0o644,f83a9c88d9b2278f46fa3ae19d50d2e17ad799b458ec81e90ae5f9a8382a825a
labs/daemon/vpnstate-alternates/vpn_service_bridge_test.go,433,0o644,29b3f150048d3d784e2b2aa3082e77a6f9da51f82b9886c4cd6c1158ccb170bc
labs/desktop/CAPABILITIES.csv,1201,0o644,a22ac46bbb92033d4cf4f56775b48fa82c8ad1574693dd3b70b8e7722673d88b
labs/desktop/README.md,543,0o644,9ab180e78580b451d16003ca222065df7c7908fcbf7f271d417bc223a429bcc9
labs/desktop/legacy-client-ui/NodeGlobe.tsx,3311,0o644,6776b031bc9aa9876d4d5bfa5ecc38c9264b6c50c544206bd93a68501944cab3
labs/desktop/legacy-client-ui/README.md,809,0o644,6e013e869912b9c38bb3a7fbfb108436be5bc11c25a11952ebc4a7f6205e0014
labs/desktop/legacy-client-ui/VantaBackground.tsx,1527,0o644,d65a1110a4e16c8d7ca567988a30c92c801bf1b86e0a40c46d15c636ef7c0e8e
labs/desktop/legacy-client-ui/design-tokens.css,666,0o644,3b560c12aada66d253132075b23ea6fd50f571ccbb0c63251444229dc1fb7029
labs/desktop/legacy-client-ui/glassmorphism.css,1067,0o644,634b8f51be7c49c0ce3f2aa7f7213e70973cf9bf9629f3d37000575db18c4d72
labs/desktop/platform-alternates/ALTERNATES.csv,3909,0o644,346f949e66c5b861060089f7afbb12e45d5415d255247365b4a94f3534f45092
labs/desktop/platform-alternates/README.md,358,0o644,f11712539af6710fa24c6e9791d5442cb91dde63a4e6eefffc158c1d6b504a0d
labs/desktop/platform-alternates/android/README.md,94,0o644,6d7a47a5e6ab8704976680548cd198d33918e175fa93b6e96e589144c40b4d3a
labs/desktop/platform-alternates/android/hysteria2_jni.go,1988,0o644,6c1b09c65b19b28b0e2ed22fa22398595554fdc82bca3fc652400f0af6f411f0
labs/desktop/platform-alternates/android/hysteria_jni.go,2043,0o644,a7846e630fc1aa9567dd71845a7d177004bfcff942106dcce382abbfa309597f
labs/desktop/platform-alternates/android/libxray_jni.go,1905,0o644,ad8d3524bc17ffde39e5a306db69a66404cfcf8dedd78b3f3f160bd5d2fe46ee
labs/desktop/platform-alternates/android/singbox_android_jni.go,1962,0o644,44b335270c6dfbdae7e41e8cd9395d2d5eeffcbf0a9a43331d3b82b737582569
labs/desktop/platform-alternates/android/telephony_diagnostic.go,2892,0o644,d014c936ef22171ae26e273b7a8593cdb5133e12296441a354dc33f6715786e4
labs/desktop/platform-alternates/android/warp_flet_client.py,371,0o644,da5fb7d73e031a93ecbf5c50be1901b5d35d9f2fa3d295f4c1c845090def7278
labs/desktop/platform-alternates/android/zedsecure_client.go,3722,0o644,625c0917ddbf95394bf9aeec338c1feff46455b71fc138fa5c846a69feecbec0
labs/desktop/platform-alternates/android/zygisk_hook_android.cpp,1287,0o644,0e6a1161bc3ab6eec87c7e8c5c887386e2cf5d67a13dc9b41bc69bb173ff7583
labs/desktop/platform-alternates/gui/layout_builder.go,1459,0o644,0c68e611f4a4231beeac6ef9c4df5523fa554e7858477db10402ddc0251e05bd
labs/desktop/platform-alternates/gui/layout_builder_test.go,976,0o644,d03b14d16a21d17fa38d83f5ddd343f5e6b3259175a3d1abe92cce86f9abed7f
labs/desktop/platform-alternates/ios/surge_pro_extensions.swift,294,0o644,00946497c6d2138d9ce39f107dc6108f70656c1cb0c041e62ed46c7bc377c772
labs/desktop/platform-alternates/linux/openwrt_luci_app.sh,223,0o644,43979ef059b7b635c1ef52e2cc891513ed8b142dfcb3033c8e09c55936dbc858
labs/desktop/platform-alternates/linux/opnsense_shadowsocks.sh,233,0o644,076e6f877001d03be51369fb5b64ee91cd2c0b247409d8de4f3755e3036b58b0
labs/desktop/platform-alternates/linux/payload_editor.go,3624,0o644,debd5d549d9dc43496cf23964d50193d833593f71771982a7b32ca3a4e25cfe4
labs/desktop/platform-alternates/linux/rlimit_unix.go,871,0o644,fe4974931959a418e79fee7985aee7349873686a1f82a48af1049c0f636e83b5
labs/desktop/platform-alternates/linux/rlimit_unsupported.go,327,0o644,002ae694e9a30bb4d90a969a1b6a4f6ba8f71aa3dbed79520e8281bff42f1570
labs/desktop/platform-alternates/linux/v2raya_web_gui.sh,197,0o644,ca6d73b76faea394b2952bd6a79ff3a6f69010ebcb965cc6ab125d22ecee9fb3
labs/desktop/platform-alternates/mac/gps_simulator.swift,272,0o644,2ff851caf1bc7921e2a9e8258592aeed6174d02775a6c07e12c25ddc64a34455
labs/desktop/platform-alternates/mac/v2rayu_client.swift,263,0o644,a007d4f10efa35d0d20d4070dfcce58aa192c2e6ddfe2a69b0c824f2dafa0aa7
labs/desktop/platform-alternates/manager.pyw,1019,0o644,8faa5e1c79a2be5839d6077864136c9523ee515b99e3c219bffcba11437952c8
labs/desktop/platform-alternates/sys/sysproxy_win.cpp,303,0o644,1b5c102fce65c7428051ab2adbdf9160cdbbad5aef42c7ac357613a3f8d6ae99
labs/desktop/platform-alternates/sys/wintun_driver.c,289,0o644,f37cf8c09d2e3a9b0347aa4ca48de5ace44f72de17a846f46a253d86244138d7
labs/desktop/platform-alternates/windows/vpn_proxy_client.cs,436,0o644,f024eb24a314a49d525474b4fc43c97d96d1bbae865dd8fba8d792873754427e
labs/lumicore/README.md,532,0o644,9366810b2f0e134868961f4360e41c758682219c4d5f64f04d3f0aead9cbc583
labs/lumicore/SOURCE_ALTERNATES.csv,20147,0o644,925850c676e60c2aa766c9d33962ff7fae298111ab2a3a5a18dedc9cd00fe3a6
labs/lumicore/ffi-alternates/README.md,191,0o644,f39abe1accc35f43ff48dd440ff2ec63b047bdf673d6b0d8abebbd9874e6dd5a
labs/lumicore/ffi-alternates/binary_scan_mock.rs,2121,0o644,4d9341add4b5cb0b74633ef0ded05358bd012895334ce092e22b420c9134eb65
labs/lumicore/mobile-alternates/ALTERNATES.csv,354,0o644,2c77389a0f93bd6867a553732af9ad354dc8da3e6a897314d537a176b2562879
labs/lumicore/mobile-alternates/README.md,376,0o644,b7925d2422e74887d88b6399d40b3c6ddd5dbc1752cb1eda7a14df4f3913e6d0
labs/lumicore/mobile-alternates/android_jni.rs,22528,0o644,cf9737e3c4598d2ead81724e2017aeedc81a98b3211640767063db14eafaf1c5
labs/lumicore/mobile-alternates/tun2socks.rs,414,0o644,70c6bf21b4a597972ea4c149ae8ad914d04d33a9cf5c81a16cc99c9aca0953b6
labs/lumicore/source-alternates/agent/agent.rs,1731,0o644,657e5e86f4e89675c2ea72429ad41f2e2380b017a395d3b4677f57b7deff92a6
labs/lumicore/source-alternates/agent/connector_sync.rs,1514,0o644,69cec6e6644f5c942c41be2550907e4b4030ba33326746554081ff355c074ead
labs/lumicore/source-alternates/agent/memory_graph.rs,1124,0o644,767174f40be1514c7f83bdd18494853f76b51a5246c929bcadbd07699be84622
labs/lumicore/source-alternates/agent/net.rs,1908,0o644,858971186983c31509b280d651c1b86fbf1d9b81c06f3b313868d0e7cc7d1737
labs/lumicore/source-alternates/agent/prompt_injection_detector.rs,732,0o644,e6af03e0b13f3484b74aadc9ee06167af0cdcb13c6d90c6d3a73924c06c29e9b
labs/lumicore/source-alternates/agent/sandbox.rs,1408,0o644,b6b945b8c250c76cba22e9b7c1cd844bd6da3d014128c9875da0cde90a0c6b03
labs/lumicore/source-alternates/agent/security_guard.rs,767,0o644,a1c4e5536e30cdf7d065e1ebc8faec9b9d7da542c47118dbb7d2f9c598dc13e9
labs/lumicore/source-alternates/agent/tool_timeout.rs,488,0o644,ad1887236c282cdf95bc537b59f82ee3e3460e2be41a6b669397767c90e43d4e
labs/lumicore/source-alternates/codec/base_codecs.rs,4694,0o644,f8f6796b57683213e93a000da70c7b45248491b701def5756680b40ab995f509
labs/lumicore/source-alternates/crypto/nistec_math.go,519,0o644,63cafde22ac5558369a837402644112060f899afaa99dacfba9374e935c9cb7a
labs/lumicore/source-alternates/crypto/openssl_evp_bindings.rs,437,0o644,1f7f277a104f468789d42d7238c651d3118ec9cce8baf788adac17a6e2717f52
labs/lumicore/source-alternates/crypto/reverie_crypto.rs,397,0o644,0d71b9c617dc18ed1cf89bb4833ed5679672d519fc82cc40bc9e1140d47e1cf4
labs/lumicore/source-alternates/crypto/shadowsocks_rust.rs,410,0o644,43af597392b4ee901933a838bdf3fffa5b95332a3c3d55fd1c2cba784b11aebe
labs/lumicore/source-alternates/crypto/ssh_obfuscate.rs,7662,0o644,790e21068bc99360f0f79214377aa6d3b5d465bf5e0f5bbda7927ca2253a39b0
labs/lumicore/source-alternates/crypto/v2ray_vmess.rs,382,0o644,ceaca67890f58848180e992cbc2a8bd400b04a9ff37f4ebce01013f078ba323b
labs/lumicore/source-alternates/dpi/l7_patterns.txt,570,0o644,e81c455a648cfba43e76fe5c4c86acf381b44b5ad2bbcb4657e97389b3194326
labs/lumicore/source-alternates/dpi/packet_parser.rs,2093,0o644,252a1ecce9036af9148f340b4ad8c478f8a42d7e5a2ee0d7f36fbdc0328590b1
labs/lumicore/source-alternates/evasion/composable.rs,8353,0o644,f7623d34a07b17dc6e2062c54850a6a14a729145772ef580294711aebe1706f6
labs/lumicore/source-alternates/evasion/dhcp_spoofing_detector.rs,423,0o644,90a7ad568e5debec9a4a8273465297e6a77098c317eeabd8d28e9d523e1472c7
labs/lumicore/source-alternates/evasion/domain_fronting_plugin.rs,417,0o644,0d1b438f94a65eed7f8926df46a14214f72b8f0d20c09a3bb7dc2fad1ebb9efe
labs/lumicore/source-alternates/evasion/format_transform.rs,398,0o644,d63986e331f13e9df348b537342dfcfcd76b2401de4f95220ab266549cb0a25b
labs/lumicore/source-alternates/evasion/goodbyedpi.rs,445,0o644,f2b18fc4b3ed04b409ebc9a687c5233ef2d7e0bb77dcf2ec5fe8f5900980fad6
labs/lumicore/source-alternates/evasion/intercept_suite.rs,377,0o644,22bf590cf0c26b4e94475868b8eb93b01fa6e752151b05215f806c7212f85ecd
labs/lumicore/source-alternates/evasion/ndp_spoof.go,547,0o644,75f159ab6bfd7d00652f1cc33c976df3c7dc3924aa10b238c64fc7f7fd882ced
labs/lumicore/source-alternates/evasion/opengfw_engine.rs,406,0o644,056745f6ee26ea3ea05643313b647daea37726ad301612491a38527aec4b3a51
labs/lumicore/source-alternates/evasion/rahgozar_drive.rs,373,0o644,c4ba840e9cd64df307d78ec3c2206035faf32f352e2cf53f647c38424c0c695f
labs/lumicore/source-alternates/evasion/reverse_handshake.rs,418,0o644,d5c27b8dd95eeaa52538d1d12e91c661f8f5ebf276b9a68275d4beec27b6112a
labs/lumicore/source-alternates/evasion/sni_decoy_generator.rs,453,0o644,f60c4220351bce0d34f94ce4383746a49e1940b235940d9bfa1c55b85354a779
labs/lumicore/source-alternates/evasion/sni_decoy_injector.rs,478,0o644,604829bd0cff8574f3fd3ac34639934a9e4c3618fd3c194590fa6de87a0b23df
labs/lumicore/source-alternates/evasion/ssh_obfuscate.c,301,0o644,36d717779ba2ea608083ee4d7a7020586b7e62da6a9dba076f4251152965cc0a
labs/lumicore/source-alternates/evasion/ssl_interception.rs,397,0o644,5a0bdf005532849b63b62944003880aa7f924c018ce09bf5260cd0e1133dff5d
labs/lumicore/source-alternates/evasion/tls_randchunk.rs,396,0o644,c3653c3c69327292a35f723435f863bcdef57f6cb0915a5c4bf0ea75a16c56e8
labs/lumicore/source-alternates/evasion/traffic_shaper.rs,421,0o644,a601d6fc1b89485afbd1c4516cbffcb86eeea89ec1548f42f14879180e4e733b
labs/lumicore/source-alternates/evasion/trojan_go_fork.rs,391,0o644,88b28c1acac8d3b281a44198d1875859a31e13870ae76fd1b88fd3b1521208ec
labs/lumicore/source-alternates/local_integration/mcp_client.rs,1100,0o644,85e458655c31af9d707c4f1117b06234d61548f0b5395311750f03d57ce21560
labs/lumicore/source-alternates/netutil/ip_security.rs,7910,0o644,b8409cb1a983e1b336a19509b0810fec63af16e659270a3eda8730c1c2bd71a5
labs/lumicore/source-alternates/plugin/wazero_wasm.go,502,0o644,abb5dabe1d50ecdbed75f5065987203715986172b6e9a166721b726daddae578
labs/lumicore/source-alternates/proxy/dxcore_transport.rs,380,0o644,8738b25f2e752b3cda26acb8af22b3dc03fc00c1496374635a756e0e5a3c998d
labs/lumicore/source-alternates/proxy/l7_interceptor.rs,11181,0o644,b1514548d8f73e44eb5a9863c63cc496720e98ee86be82931d3025d5bb5e4a8e
labs/lumicore/source-alternates/proxy/mitm_fronting_buffer_diagnostics.rs,11276,0o644,41fc12fbc63602a19d580f8f89d6598723ae0e0b2ff3da497010f252e44e63af
labs/lumicore/source-alternates/proxy/mitm_fronting_buffer_diagnostics_helper.rs,11316,0o644,d2b6e7a5cb280ff6837bdefc5759681ef2ee493bf0a3ecf5ff6a87b7719d2567
labs/lumicore/source-alternates/proxy/mitm_fronting_buffer_diagnostics_tuning.rs,11316,0o644,0ce59fda4839424580e84863fd1f1b6c69bb69fd9003c9fb357b0f755f7bdffe
labs/lumicore/source-alternates/proxy/mitm_fronting_buffer_diagnostics_tuning_helper.rs,11356,0o644,46deeba73b6a395b7a5d7fda08df1b41b967d99955222ed0794fd3554728f63e
labs/lumicore/source-alternates/proxy/mitm_fronting_buffer_helper.rs,11246,0o644,ff52b18d414aaa7b740245cff244eb04d075cf75cf32e4edfd4767957d543c0e
labs/lumicore/source-alternates/proxy/mitm_fronting_buffer_tuning.rs,11246,0o644,0675fd928444e95187f5c572bdfa6bed742ae67f1bbefe19c090904f6b824995
labs/lumicore/source-alternates/proxy/mitm_fronting_buffer_tuning_helper.rs,11286,0o644,b1945754bfe030ac79bd6497971be60aab3ea4661ef3f20e073812816ec1696a
labs/lumicore/source-alternates/proxy/mitm_fronting_connection.rs,11239,0o644,2782bab4b422dbe3d0c496bc332483c1986172549a70a68b72767db0a8b1d8d5
labs/lumicore/source-alternates/proxy/mitm_fronting_connection_diagnostics.rs,11307,0o644,2c26b46aef35e8f18976f6f1b3eb536d77c211af5bd4e448de78b15d0f25533d
labs/lumicore/source-alternates/proxy/mitm_fronting_connection_diagnostics_helper.rs,11347,0o644,1fad595ec332613f08a04ddbc9b72b05d5d696a2298265ae8065284545af2890
labs/lumicore/source-alternates/proxy/mitm_fronting_connection_diagnostics_tuning.rs,11347,0o644,f948997ad2e8e787469cf9630b2f9d7e68845ce0b7cc7cb353ddc98c51bbc1b4
labs/lumicore/source-alternates/proxy/mitm_fronting_connection_diagnostics_tuning_helper.rs,11387,0o644,b67c6e7c46e3434ca4619e0c8ea9933f0e2850e76b5f16659e3fd7caa3016e7a
labs/lumicore/source-alternates/proxy/mitm_fronting_connection_helper.rs,11277,0o644,2e1cb7ddd0ca6a131939ecc2c06983932efdbcaddb700e7733336913b04f12b0
labs/lumicore/source-alternates/proxy/mitm_fronting_connection_tuning.rs,11277,0o644,79931a538be03b6cf5aa51d3e542f57cbaf69e724bbba26c3bcdceae2c3563b1
labs/lumicore/source-alternates/proxy/mitm_fronting_connection_tuning_helper.rs,11317,0o644,1d1845daede1ec47d5ed36fa6308dc9344bb55974e727c3785462b952d1dd1ff
labs/lumicore/source-alternates/proxy/mitm_tls_proxy.rs,398,0o644,b9a69f31717f9f9af0984b711c3827e23255bf1e5c26244745b2ec89411d33a7
labs/lumicore/source-alternates/proxy/mitmproxy_core.py,266,0o644,7d4eb5eb289723631e4bb2d98421a0ad847ba26b3e07b4a75943922dd74b0d20
labs/lumicore/source-alternates/proxy/mwgp_obfs.go,489,0o644,dc83718afbe4c5815fce3952ed0347f165881f344101387b522f0673e583a1a1
labs/lumicore/source-alternates/proxy/naive_chromium.cc,338,0o644,76361e535c5a49f59cae176fe76e68b7efcdeb03e97040bb20f9f0ed68b8267e
labs/lumicore/source-alternates/proxy/shadowsocks_rust.rs,392,0o644,acdf225bd14a0215d066a1bd60e47c4167dd4b9d7ac86d1b624fecfdaeb52dc1
labs/lumicore/source-alternates/proxy/ss_rust.rs,669,0o644,dfc313a641b3a8840afa5846cb665131b5d4cefe73edc860f6737cac4c3c0e26
labs/lumicore/source-alternates/proxy/tun2proxy.rs,343,0o644,6cdb2f4552f37dc8f86fa0f281c4069e33b959cbee3c274d469673880aaf2b69
labs/lumicore/source-alternates/proxy/wgsocks.go,482,0o644,dd5926d25826e70462aa0de08ab442be27af6956f2c6a87e08d039e1003c2d5a
labs/lumicore/source-alternates/proxy/xray_core_vless.rs,418,0o644,db10f68c8caba42877b6e3048eaab2f39d2d434b17493d97423816790a75624e
labs/lumicore/source-alternates/sandbox/netns_linux.go,545,0o644,b312d61908edd97b38c586bff7e701cd4cf099da439cedf58a10be72d2618f61
labs/lumicore/source-alternates/scanner/mock_censor.go,1939,0o644,b95f7300a0e4814cceb6a5cbf90a507b0e87f548da6004d219dc198dc261abab
labs/lumicore/source-alternates/system/hev_tun.rs,385,0o644,4db706b431531e4b4a78a08823408a68f1f9ffd7d1adc4e0da92cf80c5b482d6
labs/lumicore/source-alternates/system/netlink_linux.go,586,0o644,d5945c481a6c8bbf7a59836e02f19e34bf3dc4ee106bc5fb21899587326462c6
labs/lumicore/source-alternates/system/sing_tun.go,529,0o644,c2c999a379b2facbad3c767442ae29c9ffaf98963bdc84427d38840b2e5d768b
labs/lumicore/source-alternates/system/v2ray_plugin_host.go,605,0o644,e7b6f32b92907d04645233c2bc6973ff3320bab2f91af72135652754ef6863a9
labs/lumicore/source-alternates/system/wintun_driver.rs,536,0o644,03f12f71c3f6ef1669b60571605fe168b3d1a8f7fc43e0786f0a3b3eb505fef4
labs/lumicore/source-alternates/system/wintun_go.go,511,0o644,fb9e755b411adeae62980c9211bcdbe2d7512b80566c8ae5646e0e3ade1dd183
labs/lumicore/source-alternates/system/xray_tun_hev.go,547,0o644,ce50e9c5883b2e57d371ea005626aff105b95b8d6a1b69a1b3306dcaf420d38b
labs/lumicore/source-alternates/system/yt_proxy_bypass.rs,411,0o644,11d6b3f283218e873bfef33d30e3e7598619562aea197ab48fe7280811fee7c1
labs/lumicore/source-alternates/transparent/mitmproxy_rs.rs,441,0o644,3edae3b51c4b975f1e7822c8b9fe1417d5e427fb8fa5c056a16185c6d8976921
labs/lumicore/source-alternates/transport/httun_protocol.rs,7979,0o644,c29956db92abe3d4bc6dc827db92eae58ae38b4c4bb0885c13d94a6b242fa90d
labs/lumicore/source-alternates/transport/kcp_core.rs,14507,0o644,f547f0e13c233d140ad2549a69eacfda556906565bfd24d6984de826fe2f0828
labs/lumicore/source-alternates/transport/lockfree_queue.rs,13988,0o644,20f5356df703345ad99a70c7bb206cc1c6363e06b8a0d0085d69ceb00fbef8cb
labs/lumicore/source-alternates/transport/packet_crafter.rs,9382,0o644,fc1626eda8a4333d325f7d14920f3a4b331a8c2c0367b07b6269f154d3df9bde
labs/lumicore/source-alternates/transport/pion_dtls.go,519,0o644,fced5dfe3fbfd52bca9afbad7c48ce9d7d18bc1494c65e134061e87ff9beb511
labs/lumicore/source-alternates/transport/proxy_handler.rs,4299,0o644,56cb540463c150a26e409ffde34d50da6fdd07c848abb76146e016ebbe3a14a4
labs/lumicore/source-alternates/transport/qtun_rust.rs,341,0o644,5d09428cce978866aa4a3b5222b731631a956801fbab75f24a24b16cc5f02768
labs/lumicore/source-alternates/transport/steg_jpeg.rs,3992,0o644,02b4d78b6a7bcdf1befbcd27e23c443fd9d584cd13b45b3364dc35a4be5e650b
labs/lumicore/source-alternates/transport/steg_js.rs,6484,0o644,0ad4375831e9f986f19562f38557f3a73c7bb175a3970ea8de457b9dd53a5605
labs/lumicore/source-alternates/transport/tailscale_local_api.rs,388,0o644,346b373050bffc020204a45a41d3b472890e5c2ae7efdc6121e88a233473219b
labs/lumicore/source-alternates/transport/tailscale_node.rs,9246,0o644,1521adbe7df388432a8c215e13e76823bc56b7c52ed2a8eed7f2c34b5ff52eec
labs/lumicore/source-alternates/transport/tcp_brutal.c,305,0o644,a349bd44c0e0ee0778dabdeb7019e5b0a998cd4de02beea747c83efc006e7355
labs/lumicore/source-alternates/transport/tuic.rs,11333,0o644,fd42456f6072f67a7913980647bc5525f4eb8d05500ea19e6c5f68243a557e1a
labs/lumicore/source-alternates/transport/tuic_v5.rs,11143,0o644,2664677a40195bc8fc039a0d2441f77eccc6182db076abc89fc915c0fd9923e9
labs/lumicore/source-alternates/transport/tun2socket.rs,9897,0o644,3782e12dae4fbfecf7927bfd36fb3894deb2364746cadb38cfcdccd3cb7a95df
labs/lumicore/source-alternates/transport/udp_pipeline.rs,9225,0o644,de1a87386f648a95765415fa5af1dfacd48a2dc323737f24c1cc0b7f64114687
labs/lumicore/source-alternates/transport/udp_relay.rs,9267,0o644,25ab3b4f2744d3d11448024d0bbdb7b369cf40227724bfc452fe446c551c871b
labs/lumicore/source-alternates/transport/udp_ring_queue.rs,385,0o644,8c17d474763771b127e4d0f7196619cc3fa5efa5be3b1c5f50f636708c91f647
labs/lumicore/source-alternates/transport/unique_queue.go,502,0o644,f1c8d33a0e6059eb67c4d58256f60f271b56995e7dc1cc1e7946ab0fd1e53782
labs/lumicore/source-alternates/transport/websocket.go,533,0o644,77c01f23e1ca2538720a857460ff396f6bb85fcdef008a4a4dab0ce7a43b2aa4
labs/lumicore/source-alternates/transport/wireguard_obfs.rs,8086,0o644,76ac3f65e08a6ed0a7caa829584c052cf19381366c16d201831f8995b521d855
labs/lumicore/source-alternates/transport/wireguard_tailscale.go,613,0o644,c0555f75197bcefb388d441d4f7a550020fb524b97d6b8e641f7c7402904af5a
labs/lumicore/source-alternates/transport/wormhole_p2p.go,497,0o644,636470b3d46f4df4e71b4c6e493b92521c174a5c26feaf9a90dcb54ff504d87a
labs/lumicore/source-alternates/transport/wsnet.go,453,0o644,348902194bb592406fa84748368c44d64c09a550dec06d56af3a64bfc8270953
labs/lumicore/source-alternates/transport/wstunnel.go,463,0o644,7d4c1d702656edf71030f04ca79200b8f9fdbbc0755f246bc8dcaec9c9befb4a
labs/lumicore/source-alternates/web2api/webhook.rs,1457,0o644,628ccf83f3910bbdffb31a192fd06a2ed7796077fccec225b923d2eea44f7146
labs/mobile/README.md,445,0o644,dc131aa93c48b22a1b5d67c654ea2ddc9effd6391a22ed25202dcdcd0e6a06d3
labs/mobile/fragments/CAPABILITIES.csv,2570,0o644,45d7a659e225bc8aaddc6de697405f6ddefe48724585a0887826e15b15ab36af
labs/mobile/fragments/DefaultNetworkListener.kt,7007,0o644,92db436fc7b492648d3da0385f06728a1fda7961881cb7ca777e89b338c88c0b
labs/mobile/fragments/README.md,924,0o644,de048c14f57df5662138e1b83be38e43ff88406156e302d97d5257ad769e27a1
labs/mobile/fragments/netgovpn_client.kt,276,0o644,d87696d5a866de181c9469f0bfc917b231d90657e6231e153a4f22f9bf85d805
labs/mobile/fragments/okhttp_doh_client.kt,302,0o644,57822b48b1ebad3772c3766bf84a91a1f2dafa59afb9feadffe9e29a70601a79
labs/mobile/fragments/plugin_system.kt,309,0o644,0b8a80aad945002e3b05475aa937f89bba4ce4808e660c65024afd0b8ad3118b
labs/mobile/fragments/qtun_service.kt,272,0o644,8beb1ad1af6d399d4a549fb8a675e27988a5a3027e09f7a6c8c7cee7bec59dcd
labs/mobile/fragments/rethink_dns.kt,286,0o644,398d4e7769013b23011981d0abd030b61272be191b50c6e511b02150c9796495
labs/mobile/fragments/sagernet_profiles.kt,291,0o644,f369a5fdd515225f49921d68e4811b4a9288e73108d0d2cddf5b21833d2212a1
labs/mobile/fragments/simple_obfs.java,291,0o644,f1c83d26ec8426ebd3bafdbb0d92675b1d746fa9a0c26e38c84e1269330a57f4
labs/mobile/fragments/tailscale_vpn.kt,290,0o644,c927e437834022598cc4d299646362834a1b6e0afbcd3461bd0dc6a080d32c66
labs/mobile/fragments/vpn_engine.kt,295,0o644,6a654c30c2f69087d57e4e0648df9051ffaa23ca3bc8a51ffa3b7ab017ad8e31
labs/mobile/fragments/vpn_profiles.kt,271,0o644,bee2bc72395791d501df2ced1c71de8f8a52958ab0aced4c4cf5684a92aabc88
labs/mobile/runtime-alternates/ALTERNATES.csv,1763,0o644,8a02e43b374e6a013c52bd062946c7402e9c956650cf11407ae35aa55d994e55
labs/mobile/runtime-alternates/README.md,283,0o644,6c052cc5ff9c8c3ad1406b0f7ae02057097e71a346155bd0e5375267cb89a471
labs/mobile/runtime-alternates/android/ConnectionMonitor.kt,9546,0o644,7ce3045a53398bc78bffa643075e2405753dd1b5e0e070c953fb9cec7111e7e2
labs/mobile/runtime-alternates/android/InvizibleDaemon.kt,9024,0o644,0970e030f298c4ed674f3f5bce8de7cb4130e6693ae2830cb27a263a3e4ce71f
labs/mobile/runtime-alternates/android/orbot_vpn_service.kt,14259,0o644,68e9dfcffa719fc2da1f0a7d5a422353e12d1eaf013198a8d0ac3442b2c5365e
labs/mobile/runtime-alternates/android/whitedns_manager.kt,2532,0o644,ad1b6c6ae95ae9d8d930a2ec7ab34a6ebdb11db56dbd2a9e8ab5a132ec9711e4
labs/mobile/runtime-alternates/legacy-mobile/OutlineVpnService.kt,5795,0o644,b4feb1c7e6e17903c7c8ab1234832aca8faf5316268eff51facd912d7dff4c1b
labs/mobile/runtime-alternates/legacy-mobile/WhiteDnsVpnService.kt,4077,0o644,20174470b84627b6e848bfeaa5209b46639955ed1d73e6bdbc6d31a60bfc163b
labs/mobile/runtime-alternates/zedsecure/CleanIPScanManager.kt,10009,0o644,dea4dd6dee115b37929c06413bc05048ac0767a9d618598c1069a456fcbd99fc
labs/mobile/runtime-alternates/zedsecure/ZedSecureClient.kt,24450,0o644,ef30b9fd7cc6e1cc21abb2f955e116f01907e0b398777e985cb3412919541295
rust-toolchain.toml,86,0o644,279d77167cec5426fa80f457cd066dc74a360fbe4e2816f4f3fa01487a918fdc
scripts/README.md,1679,0o644,7194a1a212ec9419921aeb31758e6b0e5d2d9900a7610449a2d42545eb3eec64
scripts/build-all.ps1,8912,0o644,6143296d6f617c9e8b9247510a266b837a10d5b96316ffa9958a850bc0329a50
scripts/build-all.sh,7679,0o644,f1cbe1aef5fad7d22ffb9e600df6c93a7320e0f4da493f7e4e6719ebbd06b8ca
scripts/checks/check_advanced_capability_truth.py,1835,0o644,ab8de2cb08a4d1426d76a36b98c21ffc986db051cf4149a47b07a5980cdc36e3
scripts/checks/check_advanced_runtime_pruning.py,1457,0o644,b68686537d46dfc07cf02a2becedde7284c0189b7972e4a33fd23c26c575855d
scripts/checks/check_api_direct_client_ip.py,678,0o644,ea7915b37a7fc225a78e201c4d2e3f386c021b95ad2bc3e2624a251b10504921
scripts/checks/check_daemon_lifecycle.py,2826,0o644,81fdacd5f5eef8e94b108c53b8b2cf67c3af232f68440ef42f142be9a553535d
scripts/checks/check_daemon_reachability.py,5224,0o644,f69f95667e735ca18bd9ac33a9c4cfc5cdfe1699131f52718704de3b36424d03
scripts/checks/check_desktop_reachability.py,4515,0o644,a1caa6c2eee2354e9285e8948d440d88fcac471a50de26785996627a21d5e886
scripts/checks/check_dormant_surface_pruning.py,1547,0o644,ae0caad034c441ffcc23c8cb1e16d2cd594c59c9e6d747d44165a56acf04e79a
scripts/checks/check_eighth_order_convergence.py,14777,0o644,3b8840b11096607e1aa3b8732882cdf444c6c44a7c7fd286a4e316d9893973ce
scripts/checks/check_evasion_truth.py,9105,0o644,715b9cda81fefbac0c11fa1e8f608a37286dcf7f71382788d4f98bd7c8e4f744
scripts/checks/check_ffi_dead_surface.py,1723,0o644,daa168f1e576f85c147c02a2578417b05f8f243d3ca50d4ca7fcc6186963dc61
scripts/checks/check_ffi_runtime_safety.py,3793,0o644,456692731dd3203afe0baade69b6635a73923ac966572911aa51f95ec42d2923
scripts/checks/check_fifth_order_convergence.py,13911,0o644,27a5a52905a2e1f07a2b587c75d55dfb89ac7890f5eb96da34312b4e2cfb5145
scripts/checks/check_final_convergence.py,23894,0o644,1008d29dd0dda1f87aac36b25e362a1c3f47f1aa472e903dffc19cab0748f3de
scripts/checks/check_final_pruning.py,3063,0o644,53bb085d5d20583b5d4d92895aea7d46bbd19ef18e1d7ba961109f17bd9c29d0
scripts/checks/check_fourth_order_convergence.py,22711,0o644,3fb6cfb511285abf39dda9572e9f94bc0404d4548aa3849158c235096a5f05bb
scripts/checks/check_go_declaration_integrity.go,4667,0o644,f5fde3bf1dedd6480810b13d6e63c34fda5ccda48610582ff7206cb599055e50
scripts/checks/check_go_target_selection.go,2303,0o644,4aba2a355a33216b94951a26abad6d0d0561779d48598bcc454e5537c74a92a6
scripts/checks/check_graphify_output.py,2280,0o644,592d8b55063f62b282b1fca1f9b12cb00b943d526eb278cb297bd055d11ade17
scripts/checks/check_host_network_ownership.py,2652,0o644,56164bdfce1401431fa39657974e2de5128e77e8db285c6cf496bc38a6169d9f
scripts/checks/check_host_products.py,12513,0o644,006d255da55a8d79135ae2a567177718e75e73b4d9cdd7cdf0d843a21cb14d9e
scripts/checks/check_job_contract_ownership.py,2233,0o644,3e5a71bf2f0c5eda7a5ad713f9ebd2d76d48ee568dbbad5aa226359432bc4e2a
scripts/checks/check_lumicore_abi.py,8354,0o644,0a0c925df592a742eeabdd07ed2f21470755d50130ab05fbc9d8edf5f1cbc694
scripts/checks/check_lumicore_source_purity.py,4712,0o644,e737c90ede57f6e4314f7322a6917fb78f27564c1b4270898f30650257e2e33e
scripts/checks/check_mobile_adapter_parity.py,3997,0o644,21e35973a1609d3c30fc3c7902f4b322d4c2228334952528f63f4f08c2db2b67
scripts/checks/check_mobile_binding.py,800,0o644,1279709cb8c8214861e5ab0d7f35fd5c19592a3dc68d68f96f22f2480bfb5582
scripts/checks/check_mobile_product.py,19187,0o644,45c35e728272ce829a168c70971f542db97284e3b6b4f766e5756c3f23fdcb29
scripts/checks/check_mobile_tun_ownership.py,1471,0o644,76ff186e2127b49cc04cab6a2fa5481f867717be5bba8a5106797bf3a1ec7282
scripts/checks/check_mutation_retry_authority.py,4236,0o644,4dcda68a654dcf6a7c0a0fd248f71b7d004de418d2378650d6092d7efde120e4
scripts/checks/check_native_degraded_truth.py,3651,0o644,3ba31a20cc4df2174f506e0d82fa3023ac4819d09963634c4c3d2cfc23927e22
scripts/checks/check_native_dormant_surfaces.py,3199,0o644,7dc956b25d624c9ef536b8bb0607ac5c64b194a20ac5a75c490a75353d82e9bf
scripts/checks/check_native_verification_coverage.py,4324,0o644,81249af3012623fe9a69f39b5a02a7adc71a4a91e390cb2bbfb6349dd44ae6d2
scripts/checks/check_ninth_order_convergence.py,15033,0o644,816566a20ecbfc0f0f6fbed215410468c7b0a9f0656ddbe25975e40ab6638229
scripts/checks/check_peer_convergence.py,20800,0o644,f8f6272ff86bf67f63f56d33520b9825658265e955478fcc2ef0f3ac241046db
scripts/checks/check_per_app_capability_truth.py,2831,0o644,cc1eda754dbc023c8b4a859982a5cea515b8a16f4dc4d90343f0298861c069f6
scripts/checks/check_platform_capability_truth.py,4435,0o644,d6848bdcc280a40b65e20b0553c91e56cb9b426ba6b4a7944a963e3d3d5290ee
scripts/checks/check_post_refactor_117_convergence.py,22283,0o644,4f114008ef9e124e3f9013ca5ce1345f72d29e122cc72793326adb4a7453e577
scripts/checks/check_post_refactor_137_convergence.py,19781,0o644,e2c2c74e57644ebd4f14537c94c3019f1d05f48e1f5785233c9e60c431165188
scripts/checks/check_post_refactor_141_convergence.py,12719,0o644,41066fdf77084ab33f2b26c4a3e872247fa7746ccd5337ca8beadc31da393860
scripts/checks/check_post_refactor_160_convergence.py,19862,0o644,30344a05d9dbeb96f95b2d0028c547651a57ec78395524f567e15e9db3387882
scripts/checks/check_post_refactor_180_convergence.py,25145,0o644,3dacba7e906b48591bcd33c76308575baa2b5f943d572a060a28a020e2e2d0d1
scripts/checks/check_post_refactor_220_convergence.py,18743,0o644,ec3e59a5c875d8c612db862b002181ec48554333bdc100a14798f9390ec36a63
scripts/checks/check_post_refactor_222_convergence.py,23700,0o644,5b8f28776b52550eb6574ae25aa4adb1277ed81e524ecc5f2cf73b5ca978e573
scripts/checks/check_post_refactor_223_android.py,2863,0o644,4e704065cc22b2e63861793664a00603b8182cc0e2160dc18b6481bcf5eea9cf
scripts/checks/check_post_refactor_223_command_aliases.py,779,0o644,dae9e4bd83458d3c38b630ddbd8a911b6b77513537dedeeb47931c2805561495
scripts/checks/check_post_refactor_223_convergence.py,10568,0o644,f52f5419e33ed43488b23ccd2cc00292848dca8f7518c5ae084ad197e78ed3c2
scripts/checks/check_post_refactor_223_dns_integrity.py,1325,0o644,98b00907e60b6463edc7169fc871dfe52cdf95a2ceb88481952b2967f0387da6
scripts/checks/check_post_refactor_223_native_async.py,1303,0o644,0a58780e8ddc09caca8e31473416088c3463e94d788771ef55c466f337d7fa9c
scripts/checks/check_post_refactor_223_raw_ffi.py,1213,0o644,dc3e51570c308e3edeeb5498b6ef33a9c649e2cbbab4da1aab27725ffc8f5b9b
scripts/checks/check_post_refactor_223_subscription_catalogue.py,1193,0o644,ad7d042a753f446200955c180fa960f2a5bc5abf8f834f832a68a51e3f1478ab
scripts/checks/check_post_refactor_223_subscription_nodes_ui.py,1253,0o644,de6141cc50d10badbd287c19b5c33519a5000a28dc378259df95f9035198074f
scripts/checks/check_post_refactor_223_subscription_runtime_api.py,1905,0o644,624538de74afc8a4988d7c709f8e69acb407823a05bba0ebd51bc63551d8d0ff
scripts/checks/check_post_refactor_224_convergence.py,20029,0o644,fa7df46c8a3ac8561c42a640f27c185f3a028d0d684df25cf2c01e9ccb0d009b
scripts/checks/check_post_refactor_225_convergence.py,16327,0o644,33c7bdabafdd3599afa3ce72688fbf04a7aa1c1757d852dacbd11facdfefe4db
scripts/checks/check_post_refactor_226_convergence.py,15207,0o644,cdd0001c560a259e29c1c8d52980292aef5a2ee0123b6840d63aae83b4ad296e
scripts/checks/check_post_refactor_227_convergence.py,14679,0o644,f9db2e0ade0df12fe8960becee84c5abc2ce465a52d19e54bda73f24fe77a699
scripts/checks/check_post_refactor_228_convergence.py,25634,0o644,a07e1dbabf9ec12107110b0b47903606fb111a63ed16e3aa59e12d410a1e4d93
scripts/checks/check_post_refactor_229_convergence.py,28457,0o755,cdb5ee815f4d9aee1a481fc87e4626f5c2d18c65e75e8e1df464b98a74ed0875
scripts/checks/check_post_refactor_230_convergence.py,18133,0o755,a944b645b01bd812d947d6046dad37d9b37e9bd441f188d6445a15f426e2a607
scripts/checks/check_post_refactor_83_convergence.py,15799,0o644,49b0f0b14d5236c759d6b4b20279dc72900d4b7631eb2d954caa3bbe96119749
scripts/checks/check_post_refactor_97_convergence.py,21822,0o644,aa92d68cf528186a8fee89c628816ab7ebb2069f655555b87b3f5688ac6f8e9b
scripts/checks/check_proxy_facade_ownership.py,1635,0o644,a7b08c04ad57b33580e3e48f94a5f1b572fd12811c98a7e5d79cfce878dad76b
scripts/checks/check_proxy_liveness.py,1025,0o644,29bc23bb9b9787547ece62481adab5cc2cf84f4122da265a9e38c1dbaff09108
scripts/checks/check_proxy_qualification.py,3051,0o644,d5e7ff6b5b6a42a9d5f8ceba789f3a089bbb2c0b8a1b00f2b202896e2ed25b99
scripts/checks/check_refactor_audit.py,14691,0o644,e6eb5f5dea2ebcef6f85201edd5a504036ac7376d9244e7fa4c2683a91a3cc4d
scripts/checks/check_remote_http_actions.py,9273,0o644,1171215a2bc6142b1b3a3849dc0f9d0ad31e60f5a7fdeda6f3597f324bab5e55
scripts/checks/check_request_context.py,2222,0o644,b25433f67d038dacd0ef0587cea05f070939d2a8b2cb4950bc18d56de237b304
scripts/checks/check_route_truth.py,3274,0o644,b5f406c4f92d37d04db588f4a86d2ef83f453da86ce953245f07428ff4b42881
scripts/checks/check_runtime_core_ownership.py,3998,0o644,09d15cfa363e79e55dbc7302effbb77db37a8436d5cfcc89c7011970e67f54d1
scripts/checks/check_rust_ffi_refactor.py,4425,0o644,6a290fc86233880b4d83a2da99385786e34e8b808ea30fbcbd97b9be13689ea0
scripts/checks/check_scanner_liveness.py,2097,0o644,b29bfb8986c331a74fa9ed26085229c3bdd66abde0de550f3e277d137a55adfe
scripts/checks/check_second_order_convergence.py,11022,0o644,e9ce265f9cfe847b66c0e4f83ec56c38d964bbb578f041bbcc9273c68ebb0b2b
scripts/checks/check_seventh_order_convergence.py,11404,0o644,7355440c304838562f3e21bb5cf588b1d7e0d1a7ab6b572a5bb096949ab2bcd0
scripts/checks/check_sixth_order_convergence.py,14127,0o644,23371248bd8fbe3c4464c8aa4bfd73828b228180ebcf8cd2246e2f3c60127c53
scripts/checks/check_source_context.py,1628,0o644,c67623bdea65233018f9a4d58b684fb169d7ed30be9deb69f7059d097a6894d4
scripts/checks/check_source_structure.py,5079,0o644,f8a7555cd7baf04360252b0aaff1ffb294f629ec35176c448446c879cd1ce6f7
scripts/checks/check_subscription_ownership.py,1703,0o644,8acee064c54707c338892947a4a5ff8b99195e9a37694264cc6e4f2a8a17f040
scripts/checks/check_subscription_pruning.py,1252,0o644,1d8edadab383fda9f0de7029e2eeed0c8af5f285e47c63564741ea7687a5ed33
scripts/checks/check_telemetry_truth.py,2209,0o644,9e8dc4cfba4b1d6c91e43b0533b3698730f00e1d1659598b0de06f0334d4df5a
scripts/checks/check_third_wave_convergence.py,13028,0o644,ce91e108988114a6aa067ed5dcfc1f31a3729f8897add56934be2f92a6a6c241
scripts/checks/check_third_wave_runtime.py,9123,0o644,ed559354c908e49f90139079f2affad522d312d7961671f30ef6cedce48ade98
scripts/checks/check_tooling_surface.py,4493,0o644,857e3da2c3a799e68864a8aa0273e8cd9f2be35b993c76b15ff9f378b4daef3a
scripts/checks/check_ultimate_convergence.py,17143,0o644,0de17232b68d58d76d74d21a859270810df776b18dab03452ad9af28d286758a
scripts/checks/lumicore_link.py,3878,0o644,c3e3ac59cbaa26e075139e2593a16b769e133607160deb878901d9a95eb80faf
scripts/checks/repo_audit.py,63214,0o644,2da3fc347c11ee5abb6be2d0c1cc80c8029a7c45b4503ebb5a23b563f9921768
scripts/checks/test_lumicore_link.py,2151,0o644,17134fe568dfa1963f172628ded1ffeedce19d0c86eb8ceadd05c20b6d6c51b2
scripts/checks/validate_convergence.py,6349,0o644,b6270e6daaa55326ca3a95fe4a7d9bd4de0cadd2cd3b1d6defbab4e112ea6ca9
scripts/checks/verify_repository_topology.py,2572,0o644,821be3e3cf919b35b25fb35375a997215288e9e348d7440b8261fc7f0d25fd90
scripts/cmd/generate-provenance-inputs/main.go,1789,0o644,0e8f590d88e8f46de2ecb561284cd65ea308bf8154d77782299fbf8b50c224ca
scripts/cmd/validate-abi-manifest/main.go,904,0o644,fc810238eb0318228156b256c30860ddfa0a033cdf8c4aa51eeef098074a92d7
scripts/cmd/validate-preservation-ledger/main.go,1380,0o644,3f490dab75619d63d4411ebf6104d47953d5ef655f5fc9f97daaf9fb4131c409
scripts/cmd/validate-provenance-ledger/main.go,1545,0o644,984db5eed328ecc77330c448f37da4625a5525f65cf5da83e2f714d746d7e381
scripts/dev.ps1,6172,0o644,8e7b91595fd583f231e01f20a70ff20378ecc11e767f77759bee67492a0aaa31
scripts/dev.sh,3670,0o644,ace51e8901c5cbdbeaf86db34b55e20f3ff3f21592950576d37c28da23cf0dc4
scripts/generate/generate_post_refactor_224_delta.py,9851,0o644,aa397150f46ba9a61f8b5e73adece28252b9ded867412017181375c084189764
scripts/generate/generate_post_refactor_224_evidence.py,67994,0o644,15b3bb70de17747f06f7428ce0fe90014fedcaf4e9258d01c22135766a663a72
scripts/generate/generate_post_refactor_225_all_history_audit.py,15089,0o644,63a962363ace98637f1eff401125a6c95d0b04c412c812585eb45475119667de
scripts/generate/generate_post_refactor_225_delta.py,4825,0o644,51f3b5034bb377888cdabd38207e84fee80640e54cf92b0c11cb15df46c199e8
scripts/generate/generate_post_refactor_225_evidence.py,51778,0o644,9373fbb532d4689cf694a8ee008dc620eccaa13cccb56b4d69dbc198df32366a
scripts/generate/generate_post_refactor_226_all_history_audit.py,8361,0o644,2dfc1ba6a6d9499fad016823f8e71d2b041f9458aee9ae30b5a4d51593ca0500
scripts/generate/generate_post_refactor_226_delta.py,1938,0o644,39de5acc62669338cbacb7df3b56f1eba99d613b3ddcb2b3e4cb5632ee944dba
scripts/generate/generate_post_refactor_226_evidence.py,37341,0o644,09c19d88e8ecb4ea07ec2f1ee005c654428f74f8a7b882ac0eb72e72a54dfee0
scripts/generate/generate_post_refactor_227_all_history_audit.py,8994,0o644,d8308c44b46013faf53064ca18c71a2cce673d31cfa4df9326856ce7c0cc5690
scripts/generate/generate_post_refactor_227_delta.py,1977,0o644,d4b3cc0fb6a8dda3ce8af40fabf66ad0f8b79c464980188592f1c59c7e018ad8
scripts/generate/generate_post_refactor_227_evidence.py,22587,0o644,af15e92eb8bb38bdfc9525b4aa914eb1fe4f627702a2c1d5ebc973cd08bfa1f3
scripts/generate/generate_post_refactor_228_delta.py,1999,0o644,3aec61f60055bb34ef527154d1fe9fea5c130747569a8f53b3bc90411e0f3be2
scripts/generate/generate_post_refactor_228_evidence.py,58291,0o644,f656da4c8b2d1733bda71325b601c7f8ac9ded217491706d9a66baef73818439
scripts/generate/generate_post_refactor_229_delta.py,2024,0o755,439e8d3d599e3ba4e420c2246b014a0e7b8bbf59d6b42b2ef4e19ab75538cdf3
scripts/generate/generate_post_refactor_229_evidence.py,100875,0o755,e1cedb0c8a364585e1b178b106c9b1847acbcf4b9fe5307db457daf1c6fd4e16
scripts/generate/generate_post_refactor_230_delta.py,2010,0o755,6239ef42a99c861753f00bfea05642544e44b90964260b541471709996df91d0
scripts/generate/generate_post_refactor_230_evidence.py,37971,0o755,7b831d7e6b95e6cdc5c4d2d8c42411c31cefd6ac93ea013b64dc3e44aa799b5f
scripts/generate/generate_source_context.py,23351,0o644,6a5f56799d437f4bb3e702b7d181c519db9e2ac574a91b65f044dec4b96910ea
scripts/generate/repo_inventory.py,1289,0o644,4d5fac8eeae8dde86ebb9d578193972c976e55fcb28adf552f64b952a19123d5
scripts/go.mod,144,0o644,59e60b0f2db7ebff2fadeeff5fb98bd87bc8b3a6a9d41e3e8f25ccc1774a7ac1
scripts/go.sum,527,0o644,63c93a009db9ad922511c645e7216a59837b8c33aec5f77a8fab84ba01d0a13d
scripts/graphify.sh,1949,0o644,97dfadc95e8022b5e0e546b761e55f8afc07c7b15043e37a1f978e36c6e40872
scripts/internal/abimanifest/validator.go,6821,0o644,2b0b117f07f85f9ea090a1a55847a98baabffae1bbd51e77df50321aa500c1bf
scripts/internal/abimanifest/validator_test.go,2181,0o644,0af17fed4188ec80f8a6a1e1527e672af65334717f10176d81b2440190a8a4a8
scripts/internal/preservationledger/validator.go,19642,0o644,5c1cba7622ab4dc2b264f254363217f86aa133227f7349e072e7769859532768
scripts/internal/preservationledger/validator_test.go,11600,0o644,6703c0cc7c2d861ef17e3795b53ad25409ccc0e74757ce464787a44f8cbf238f
scripts/internal/provenanceledger/validator.go,18159,0o644,dd938db5015604899bbdbb7868d6719d02aa7d68d13dd47cc5482ab657271efe
scripts/internal/provenanceledger/validator_test.go,15952,0o644,79676d21d79d9fe09616af34bdc6b4f7e9deddd7122c3e3491c852a612b17ed7
scripts/mobile_bind.sh,1739,0o644,abe723df4d6019e4dd863832181ce441a35691ad588aac1be945281efbabe6a9
scripts/vendor/github.com/santhosh-tekuri/jsonschema/v6/.gitmodules,170,0o644,b4a2963bc20a9f02d67176c5632f17647503fec12eadfb8cf5264b0163c8957f
scripts/vendor/github.com/santhosh-tekuri/jsonschema/v6/.golangci.yml,88,0o644,aca21170ce3b133731765a13355639b61f5611ddee375018da4f1dd667db0f44
scripts/vendor/github.com/santhosh-tekuri/jsonschema/v6/.pre-commit-hooks.yaml,201,0o644,2813035df78f20cb817ccc572f61d240bd33d5f429d7d2a9c60124767d7db6d5
scripts/vendor/github.com/santhosh-tekuri/jsonschema/v6/.swp,20480,0o644,5af4a53d9bfe0e29bcacc1dbce31977b955f807fefb82fb846df4aea2683354f
scripts/vendor/github.com/santhosh-tekuri/jsonschema/v6/LICENSE,10141,0o644,c8858a5a76440bbca484e134cf7df46385d090dd18b2c58e650f939258802e5b
scripts/vendor/github.com/santhosh-tekuri/jsonschema/v6/README.md,4329,0o644,4f91bb301e767b199778c85002aac8f552223d4ba4f54127b6288a5fc1c047a4
scripts/vendor/github.com/santhosh-tekuri/jsonschema/v6/compiler.go,7942,0o644,70866caca3a796301c74dfb2a963d53809c0b94c3dcbcc7f8ac5f8f480856b76
scripts/vendor/github.com/santhosh-tekuri/jsonschema/v6/content.go,1133,0o644,06ab11a570b088691c5526f7cff82879532ca4d07b3438ea1d2903cd426d8ec2
scripts/vendor/github.com/santhosh-tekuri/jsonschema/v6/draft.go,7979,0o644,bb436dc7f6070066e621cb1bb4b0da0a7e1fdf09e8563443885713cda2cf7dd2
scripts/vendor/github.com/santhosh-tekuri/jsonschema/v6/format.go,16977,0o644,dacf3994db42d26acb052b8afdb6ee5f87654f68f6a84663336c8debb71e84be
scripts/vendor/github.com/santhosh-tekuri/jsonschema/v6/go.work,98,0o644,1d10f5de713051a5ffddab1510d1b08e8749b785dd620be203ddbfef92046365
scripts/vendor/github.com/santhosh-tekuri/jsonschema/v6/go.work.sum,342,0o644,4c9ca6fea76961680cdb1865ecfdcf7234282173f471c0ef3cdd96aeae3bcd4b
scripts/vendor/github.com/santhosh-tekuri/jsonschema/v6/kind/kind.go,12787,0o644,0cbd8d7ce51707db288d4f3fd8fe772a3f77961e2833883f220555a2b0ad22dd
scripts/vendor/github.com/santhosh-tekuri/jsonschema/v6/loader.go,5268,0o644,e5c2fb9641a9170e1110f12ba4c05d427ba5a947f5d83762862b937492d15071
scripts/vendor/github.com/santhosh-tekuri/jsonschema/v6/metaschemas/draft-04/schema,3251,0o644,5e4a46b433800681b8da4911df61cd72212d5bce2839e1c772e2b99a89fbbf09
scripts/vendor/github.com/santhosh-tekuri/jsonschema/v6/metaschemas/draft-06/schema,3195,0o644,bf7460259b94e8291eaeec1b077f98caff3d16df17ee2a99208f74f1412c4932
scripts/vendor/github.com/santhosh-tekuri/jsonschema/v6/metaschemas/draft-07/schema,3656,0o644,943da3dc9a29dbfbd325aec2ca01cfd6304a1cd53fde2c9775bcca6523f6410e
scripts/vendor/github.com/santhosh-tekuri/jsonschema/v6/metaschemas/draft/2019-09/meta/applicator,1511,0o644,c18c9d8880297184560f6d82a2fc035211630474d1b2547feaccf221b9786211
scripts/vendor/github.com/santhosh-tekuri/jsonschema/v6/metaschemas/draft/2019-09/meta/content,464,0o644,03d8e25955252927e34016e03f51297475ace9de4551839d1b54c9f5736ff6d6
scripts/vendor/github.com/santhosh-tekuri/jsonschema/v6/metaschemas/draft/2019-09/meta/core,1146,0o644,a3dfd7891bc6ec4a0147289bc99de4cec2a84ff542b2edfac6de95f402907503
scripts/vendor/github.com/santhosh-tekuri/jsonschema/v6/metaschemas/draft/2019-09/meta/format,363,0o644,708bad3c6cee27e8c0d5cbf26e41eef6f1c56fec5f91b0eaa471ef2fc521d463
scripts/vendor/github.com/santhosh-tekuri/jsonschema/v6/metaschemas/draft/2019-09/meta/meta-data,689,0o644,a72a0fbc2272d9effcc71a159f9c92f0ef4417c0f1677f515767de77b5238a0a
scripts/vendor/github.com/santhosh-tekuri/jsonschema/v6/metaschemas/draft/2019-09/meta/validation,2107,0o644,e1a3128accd99efc4cc198545479eae1548ce303a96810c1a0a28f022f0489a2
scripts/vendor/github.com/santhosh-tekuri/jsonschema/v6/metaschemas/draft/2019-09/schema,1529,0o644,9591bb2cf00ab32193870cb6a2ca4c32ae89e254af154f4e971c61a6ee82da03
scripts/vendor/github.com/santhosh-tekuri/jsonschema/v6/metaschemas/draft/2020-12/meta/applicator,1427,0o644,3b4baccc121371207bcb2d3137b9b93a251b2029df85ecda0ca625ecd1ab9b30
scripts/vendor/github.com/santhosh-tekuri/jsonschema/v6/metaschemas/draft/2020-12/meta/content,479,0o644,3be161f2e963fbb8f09a756cc3b02adbe5375fe71020b959213e2b58e92f5886
scripts/vendor/github.com/santhosh-tekuri/jsonschema/v6/metaschemas/draft/2020-12/meta/core,1302,0o644,ea945e11e766783c05ef2bda8958ef2b64746430b6b7475c1915babbd6c01264
scripts/vendor/github.com/santhosh-tekuri/jsonschema/v6/metaschemas/draft/2020-12/meta/format-annotation,419,0o644,59cb0d1d59c430d5d691f4712dc2b4d09ba6dafcb90f7ce14b8f11b07340a6c6
scripts/vendor/github.com/santhosh-tekuri/jsonschema/v6/metaschemas/draft/2020-12/meta/format-assertion,416,0o644,4c45dfbf72b09ec8b0cd6c8086c259bd4b1d68b86138d886e8191fc0189270b8
scripts/vendor/github.com/santhosh-tekuri/jsonschema/v6/metaschemas/draft/2020-12/meta/meta-data,722,0o644,e070588fd8fac3a0b4bed1dbe1f576ccdb2e32ade3b46bd590150d0b15506859
scripts/vendor/github.com/santhosh-tekuri/jsonschema/v6/metaschemas/draft/2020-12/meta/unevaluated,472,0o644,cd2e94b6154c7ab9ee90f8bfa8d8addf9f6ae75a58fc090099605401303653cb
scripts/vendor/github.com/santhosh-tekuri/jsonschema/v6/metaschemas/draft/2020-12/meta/validation,2202,0o644,000831f2fffd6927b25f9d601e6f0cc6bc8d51ed6c967d63c1449d1f76f8568a
scripts/vendor/github.com/santhosh-tekuri/jsonschema/v6/metaschemas/draft/2020-12/schema,2076,0o644,0080fa14a942b09f436c55257d1e379c5cb2551f732e678fa06e8009fb7c2582
scripts/vendor/github.com/santhosh-tekuri/jsonschema/v6/objcompiler.go,11346,0o644,7bada9ebabe239988f0f888716ac2d676525eb68f65b15739d05af2f41393ac3
scripts/vendor/github.com/santhosh-tekuri/jsonschema/v6/output.go,5310,0o644,30e8122d7a3e60ac521c9d78f2bb41632643ad31d0a459c3ab22215d2c3992d4
scripts/vendor/github.com/santhosh-tekuri/jsonschema/v6/position.go,2411,0o644,c1feda050097cb60562392eb3381cf7793c90800cc5495fdfda6193003b1d34f
scripts/vendor/github.com/santhosh-tekuri/jsonschema/v6/root.go,4369,0o644,855a6f675eef7fa50308da6d346151a6403747b00a2e1a9011e99bf1f2df78bd
scripts/vendor/github.com/santhosh-tekuri/jsonschema/v6/roots.go,6164,0o644,6e84cb61bbb143e334c5c587295064bac0eeadecec73c4e5685aaa67d461bdc2
scripts/vendor/github.com/santhosh-tekuri/jsonschema/v6/schema.go,4794,0o644,2db317e202e6fbdc91c9a11f66e888763e677315ba163b2781c4249e55e43b26
scripts/vendor/github.com/santhosh-tekuri/jsonschema/v6/util.go,9386,0o644,94443c7a516aa5eaec10f4e4802e12d303466cb3868f0eeb0468e443b69a97a7
scripts/vendor/github.com/santhosh-tekuri/jsonschema/v6/validator.go,22055,0o644,3ad17e6cc3668b99661bbe3780c1d6bffc874975a12a6964d5a2f0fed3a83230
scripts/vendor/github.com/santhosh-tekuri/jsonschema/v6/vocab.go,2994,0o644,d375c9a8d225a2e60df705fc8c720145911908d70f89b509068c00dc90702827
scripts/vendor/golang.org/x/text/LICENSE,1479,0o644,2d36597f7117c38b006835ae7f537487207d8ec407aa9d9980794b2030cbc067
scripts/vendor/golang.org/x/text/PATENTS,1303,0o644,96f408bfae65bf137fc2525d3ecb030271c50c1e90799f87abf8846d8dd505cc
scripts/vendor/golang.org/x/text/feature/plural/common.go,1947,0o644,1c4510a2729ea9cc0fbf2aa7c68dc1ffdaf9bd10a9cfd9b504cda6dd5ae6e7df
scripts/vendor/golang.org/x/text/feature/plural/message.go,6453,0o644,3529fc66dc4316bef2e6312a882e2f38f49d4d2b8b4e0dff334b8ff146d64ea2
scripts/vendor/golang.org/x/text/feature/plural/plural.go,7509,0o644,ab4d2a38f105f3aded86e4512d27e04d5179fe3391cc2bd3af811d4fbb3f38c5
scripts/vendor/golang.org/x/text/feature/plural/tables.go,22621,0o644,51f97e1fcadf37a6f331d5f8554e2c42d51a226a2486d59ceb55f0f3c7643de2
scripts/vendor/golang.org/x/text/internal/catmsg/catmsg.go,13906,0o644,ddbdb3a883da9521a764567eee51f8be4b7b3fdda479891167c374019bac76be
scripts/vendor/golang.org/x/text/internal/catmsg/codec.go,10627,0o644,51f791bf25ff62bd20bdcf95483603cb97457e9162a180eab057fd33f3990848
scripts/vendor/golang.org/x/text/internal/catmsg/varint.go,1493,0o644,38e2606b6d44edc7685e1bd7784c750d1ec3e38f9db336ed79e70de750b8ed2a
scripts/vendor/golang.org/x/text/internal/format/format.go,1207,0o644,b4843ba734004c0db278995f9a58be5d36d51f000f0413f7420116e24ad55cbe
scripts/vendor/golang.org/x/text/internal/format/parser.go,8701,0o644,a793faa9666b27cb8bf92a703741c446b802d3ed7921622cf5050f26822f3479
scripts/vendor/golang.org/x/text/internal/internal.go,1040,0o644,cf0cafa0e1c996fedce38d955344a905cfd62711efa78e9d90d615d738e084fe
scripts/vendor/golang.org/x/text/internal/language/common.go,334,0o644,68089abad3eed7b2559bb97510355e900a6ef2e1fac7ff89364bda9c50a2acba
scripts/vendor/golang.org/x/text/internal/language/compact.go,853,0o644,2d121c703729c5fbd5f3f13fd568af142ca8fde0f01a07e1874df22dbaadde98
scripts/vendor/golang.org/x/text/internal/language/compact/compact.go,1707,0o644,e154aa511d328fd47a9c9fc1115d9c92be2d385e885ae65c5e348ec1d5844ead
scripts/vendor/golang.org/x/text/internal/language/compact/language.go,7447,0o644,1d49845ec8c93b000391718e3127c0979c054186570805fce27f7fe167ad2c5d
scripts/vendor/golang.org/x/text/internal/language/compact/parents.go,6853,0o644,57dc7b46cb5b6df81ed5764b338e1b463c183e3561427307c9d25fa876d9bdc7
scripts/vendor/golang.org/x/text/internal/language/compact/tables.go,32128,0o644,99415fb6642ebd291f825497d32e70ae32da8569815d8f4ef587664c6c5ce7d5
scripts/vendor/golang.org/x/text/internal/language/compact/tags.go,5651,0o644,e6f98b11ee9c2d5d4d51a5d810d4ea2eff0872a8d11b962979744899e020e12c
scripts/vendor/golang.org/x/text/internal/language/compose.go,3881,0o644,7657b95eac8448d5d2273c048d316dde3ac0e49ac058487a69b2b990ebc7f8ef
scripts/vendor/golang.org/x/text/internal/language/coverage.go,730,0o644,8c8238012deb1b3c42820c755343db1bc326dc5cbddfcc24f97abbb7e0c6cee1
scripts/vendor/golang.org/x/text/internal/language/language.go,17174,0o644,19a0ccf7635fd3dbad3766d953996df5d1c24a367e44c49200ab6ec3023fc871
scripts/vendor/golang.org/x/text/internal/language/lookup.go,12387,0o644,8f0ac8780f89d5c2b29b98fd599269b445d7bb612a7948c9e97d425424b5ea38
scripts/vendor/golang.org/x/text/internal/language/match.go,5824,0o644,711e9c548516929762f0636a69788ba6eed6ed10bfb47634f3b5d5a1f26a1547
scripts/vendor/golang.org/x/text/internal/language/parse.go,15241,0o644,0c884b51bb83d3633a51f16e90c7dbaf45c301a449e366df591eda11a3000972
scripts/vendor/golang.org/x/text/internal/language/tables.go,156627,0o644,876a73fb8b8fffd239efa592ffdf903c25757b4d17b715fc80d7aee8db2b985e
scripts/vendor/golang.org/x/text/internal/language/tags.go,1211,0o644,21041c1c1982b12db6f523a4feb58746dac3e2c71e8dcf9f76ac5807cd809099
scripts/vendor/golang.org/x/text/internal/match.go,1912,0o644,44fba33275128b0a885cb737eee4765567a35a1d2656de873680534bb37f7243
scripts/vendor/golang.org/x/text/internal/number/common.go,1297,0o644,bce013ed59651b693ccccf3c190b7c8662b28ed8f0073fae69ca23623639ee5a
scripts/vendor/golang.org/x/text/internal/number/decimal.go,12105,0o644,d6bf692abc29a75b74488afaa07885087871b8c85fdf1a7432a5e4d426bcd1d1
scripts/vendor/golang.org/x/text/internal/number/format.go,13797,0o644,fd1004c1afbe4fde93141b3d839d6a5eaf01c91cfcc7036be326e954962a7a92
scripts/vendor/golang.org/x/text/internal/number/number.go,4827,0o644,a9160873055c35ca027ade76d71708b195c7157ccb0cde579624e5eb22a757c0
scripts/vendor/golang.org/x/text/internal/number/pattern.go,12292,0o644,82e3b1ba7949cb165b3849190921366bf99d5d70b9bf756d5ae89517d3717f69
scripts/vendor/golang.org/x/text/internal/number/roundingmode_string.go,894,0o644,5072f5ff5fd6f7570b7811dee6c2ba7c26669d3b0b953ab47007af00cb9c4dc5
scripts/vendor/golang.org/x/text/internal/number/tables.go,53037,0o644,a00837349bdfb503cfc549bfccf04fe54baf974dc5f5c6ebf375ac26cec43243
scripts/vendor/golang.org/x/text/internal/stringset/set.go,2083,0o644,b14cd183aa7f94f7c46a55eb110506efc0ee535ffedfc38d68a4c3d1e25277b3
scripts/vendor/golang.org/x/text/internal/tag/tag.go,2415,0o644,97a27a6bfdd26d872e07d051fc27e622e1cd764943350e8bfa9cf0e2e13cc474
scripts/vendor/golang.org/x/text/language/coverage.go,4897,0o644,d12716948854471a3536a04dc48736b0db0318ea6df61db236bc4ee0fe725375
scripts/vendor/golang.org/x/text/language/doc.go,4340,0o644,4b97559b103832f3c5f22e80f2df0dd7394a469d945f79afad1654eb179fa63b
scripts/vendor/golang.org/x/text/language/language.go,19340,0o644,3f2032f0367d83fb14772384d47119d27c2c427b277aa0a02913db59abe32bb0
scripts/vendor/golang.org/x/text/language/match.go,25698,0o644,b8a6b973391cba46899d079173cf0b1d3064f28bb79a11c3fdc65c089cbe23d3
scripts/vendor/golang.org/x/text/language/parse.go,7695,0o644,c100309e93f15f7d36fcde02b598c146f4a4b011b6ba29676b9592d0753d71f5
scripts/vendor/golang.org/x/text/language/tables.go,14585,0o644,cb3c6aa474902c2728c47bcdebd5fcac0c6aa0f7e29934e984d46434c98ce716
scripts/vendor/golang.org/x/text/language/tags.go,5545,0o644,247c5ce419821c135a2751029c078cc6e1472c9896dd581d67a277449e54d968
scripts/vendor/golang.org/x/text/message/catalog.go,1162,0o644,b5162478103e86e7f7b19e77e2cbb56d1ec4fd80687649e4cd811ce9138ad71a
scripts/vendor/golang.org/x/text/message/catalog/catalog.go,13505,0o644,f5d697a9316fe2a91034e634961bf0b8fc67570077b7835d9e3974f912e267d8
scripts/vendor/golang.org/x/text/message/catalog/dict.go,2816,0o644,97d966a0b588ac0008d74fde9eb23ac21650cd7863ebde257387f8adc18c0298
scripts/vendor/golang.org/x/text/message/catalog/go19.go,440,0o644,2ead529c96e990f6d2599d0433ae4e786c36fabe201ec4d1b2eca6cedc62225c
scripts/vendor/golang.org/x/text/message/catalog/gopre19.go,565,0o644,1bca2789d5508a8eada969f7297422ffb1f832f7e278ab746737889a5188832d
scripts/vendor/golang.org/x/text/message/doc.go,3577,0o644,84cd131fb24ca905aa697e58f1f98d398b42efeda852e7f389cfefe65581ef91
scripts/vendor/golang.org/x/text/message/format.go,12261,0o644,b8c30f1692d4e33bdf6eec0b8f1b388c26bd14d5a950b0abb12673fab067ea07
scripts/vendor/golang.org/x/text/message/message.go,4700,0o644,3e9d3f779b7a0e6b579518892facf266b3a1f70a8bd99980fa8d262fa3b7e5cb
scripts/vendor/golang.org/x/text/message/print.go,23802,0o644,b77eddda2754c15c464855b6fb5cdd704586a5fbd7a3c372c8121aea582298d4
scripts/vendor/modules.txt,604,0o644,f3ddc5a17f1ffaa4d8492b898ca99f26c3eb4f03744d1025de897352329e2033
src/.context,988,0o644,82e0884f2cc6971b339a7b796a9d97e52c5dfeae3221edf4b971796c311952e2
src/apps/.context,720,0o644,804fb84c7b169dcbbfc7d1afea17fb674aefcbcc1d794706d0726552bd36aedf
src/apps/android/.context,789,0o644,f8e2ca120a884cbb381fb7346ef4f8bf9b6aee4f722104a7fe825b2a875299a5
src/apps/android/README.md,1182,0o644,225ad8d7d62e401359a37cd2a8c33168ff225057e47bd713db657c31f5e49613
src/apps/android/app/.context,680,0o644,80770b52c9748e48ab91fac28861fb3a7cf569a3b21ee92cf22415f2bc97556b
src/apps/android/app/build.gradle.kts,1599,0o644,1cf0acc58f0e63dd89be5c6f8e9b8751112b7bfbb0c5349e936fd4758c561204
src/apps/android/app/libs/.context,711,0o644,f5940ccdd7317031a713610e5c1a0957c2cd853540f88c753a69b29c763fe61e
src/apps/android/app/libs/README.md,272,0o644,ef88657dd49b0b5e26d69ee5d328fb49cfee7a086865d9df1a95bdb33bf92f47
src/apps/android/app/src/.context,732,0o644,213727ad0f1d5e9a556b86517d7ff3119fdf3931116011cc2d3ee7da202671ff
src/apps/android/app/src/main/.context,930,0o644,9dabac815c71305232ab63b5eaf7702937c2db6cc6186c4295af11a6a9d5bde1
src/apps/android/app/src/main/AndroidManifest.xml,1974,0o644,8aa95bb0eca9a360b1c782af8491b3e51c4d52339c0a86d07f1410a665d3003c
src/apps/android/app/src/main/java/.context,755,0o644,4c1e95a0769744569b7885265d40a8ea96c52674593f333db7311f5178294455
src/apps/android/app/src/main/java/com/.context,748,0o644,d23371dd5f5dc476d8f4ce4ac5c39fd280f08e33f19e83bb8b672b31763c818f
src/apps/android/app/src/main/java/com/luminet/.context,756,0o644,a457271d8fcffba997f07b24c13bcc1ce2795ad2a2ea02108d31da45794fb388
src/apps/android/app/src/main/java/com/luminet/android/.context,863,0o644,3aff3178739016eb9515fa17f619d828970b4c81e230585122f6bff8921d623b
src/apps/android/app/src/main/java/com/luminet/android/LumiNetActivity.kt,10204,0o644,211ee4d3980895774c927a2724dfebe6de72f3eae42ae0100dbfd999debd2199
src/apps/android/app/src/main/java/com/luminet/android/LumiNetTileService.kt,3355,0o644,99815870e7a0b745717e93c555acee47ec071d744f03b0ed80097d141e32046a
src/apps/android/app/src/main/java/com/luminet/android/PerAppVpnPolicy.kt,4914,0o644,961e42549204b2c75683611a45624d8b07956fe779a79f68bbb17c66a29d7e69
src/apps/android/app/src/main/java/com/luminet/android/UnderlyingNetworkTracker.kt,6472,0o644,9a8722db1f1e78edb397e04c65e9807168fac75c5838fd1d034bbbce4732c4b4
src/apps/android/app/src/main/java/com/luminet/android/VpnEngineService.kt,8345,0o644,68758bb49dc8196ab245f69509f5e9c7a9acb3a4d0c056abb314e01a29f73240
src/apps/android/app/src/main/java/com/luminet/android/VpnRuntimeState.kt,247,0o644,4d677933ce84f0508d78f4efe25c1186ba166c36016bf77d7ec6e4137e2cfeb7
src/apps/android/app/src/main/res/drawable/ic_luminet_status.xml,407,0o644,b3eb5676c03cc1d4a90995b24aaac6a8e0687c456710bf2fd9fbf68819da57be
src/apps/android/app/src/main/res/values/strings.xml,916,0o644,423260f3580496add194a86dbc32201be7325150aa596e7564e620f387a86b0b
src/apps/android/app/src/main/res/values/themes.xml,241,0o644,77fa4e0b01e3b1e5a0ca857278959e8ec2633a1443b9a2cf2b82d6ceb2ef5eca
src/apps/android/build.gradle.kts,149,0o644,1c3bc1c3259ceae38688f2cd78618fc3de9638393002c202f95df0efb6d3c2b5
src/apps/android/gradle.properties,133,0o644,8248c4a16d1ccd10213a27ab96d6d27acbff9b93c01b725c940e4071da6240a5
src/apps/android/settings.gradle.kts,334,0o644,aa5d0c729df13845d28e42bd25811a87a383e703cda43aafe1229700dfe429a9
src/apps/daemon/.air.toml,1129,0o644,66d35ffadf66b1fa8e0416cdc249f1ad982540d8b92e65f5251e18b842d53d3e
src/apps/daemon/.context,974,0o644,4b990afe4086d836c51cfb1f82782691eb7d2facbb4aed5e51d2cf71bc7e2fa2
src/apps/daemon/CREDITS.md,4095,0o644,574f5f3a2ab0b02c04a699ca08c613e1e929eae22a2a158bcf63883ccd8470c3
src/apps/daemon/cmd/.context,1683,0o644,a2225f9758f6fa14fe93ffba919152d117899491b3671da902175264a287ace0
src/apps/daemon/cmd/daemon_client.go,4445,0o644,c8a2f9af6a1fb301dd0e13b48650452703685f3f3303e6f8073296d3db74dd81
src/apps/daemon/cmd/daemon_client_test.go,2131,0o644,01f8593790160bf0145e18b9dcb86b67d95a16f65fbfc1d9b9dc41ca35fedee7
src/apps/daemon/cmd/diagnose.go,6599,0o644,233b962b04c0162d13ecf3c291228c96592d6ef43d1d1ef8f58bf0ad8bcccac3
src/apps/daemon/cmd/doctor.go,3354,0o644,53fbb307c5bde29987b81832b680b6b7f5e1c177c972ae5c3d704dbb5876a1d3
src/apps/daemon/cmd/host_network_watchdog.go,3225,0o644,066bebda9b278c685685f6472a98562833392fe1a1098e3707676077c0254e20
src/apps/daemon/cmd/host_network_watchdog_test.go,916,0o644,2904c5bc8e6200ee0371e296c28a81dea28cffd1aff1c12318d638def441f926
src/apps/daemon/cmd/hotkey_stub.go,183,0o644,d4c50b59023cc237f8fa26c735f59a012dec07e81cfc664fdacf8e7beb5b8004
src/apps/daemon/cmd/hotkey_windows.go,1972,0o644,e8863390cb328cf6ca1c1c626d0bf173af71c20deb856894c5d91246463c45fa
src/apps/daemon/cmd/proxy.go,10224,0o644,37938beac9dd6eb02639cfe143b95adc5673fa77169b19a0f6d12d8e3e0594de
src/apps/daemon/cmd/root.go,2861,0o644,e2a57ce9d533aefcf73ba20849a652fd42c8db0949af88c7a5d3fd677b36ff00
src/apps/daemon/cmd/sandbox_linux.go,1250,0o644,73d89421a39167de68bd5ad050ac6ab7abdb7df5cff086b2acd6e44453f5c221
src/apps/daemon/cmd/sandbox_other.go,121,0o644,f9809c2533833f41ced80ba137896375ab969ef815f2e8b613f8cf1e235d53eb
src/apps/daemon/cmd/scan.go,8052,0o644,2dfb325a860f9ed0c77d17fa994f5291b269e0168ec20f3225c3b9f791fb4812
src/apps/daemon/cmd/serve.go,12492,0o644,f64bc58aa53ad0f4dc823c73cca224a12863566cee8ee6e3bf2c70618a3a1c4f
src/apps/daemon/cmd/serve_scheduler.go,3695,0o644,6e2db50daebdebe4a27666a153db77348ecc4ad102adc7c8e590ea3028f7b2d3
src/apps/daemon/cmd/system.go,33965,0o644,31d6a12e8fccddf5ac23ffbde8b5c77dfb4cba80ba7898efdaa9611b4465380e
src/apps/daemon/cmd/tpm.go,6962,0o644,93d079c435d50fddf42f79a7896acabfe174a71ca74eb1645853534c8d1c6fc1
src/apps/daemon/cmd/tpm_test.go,1440,0o644,426bc104d493622d165a493e56710920576c525a13b48cdd1aef7e7a93770877
src/apps/daemon/cmd/watchdog/.context,916,0o644,3896be06a67d462b22533e59f3fb3012c68a92f8edd85c37e1d962459c119dee
src/apps/daemon/cmd/watchdog/main.go,2229,0o644,4f38e9cbfc1adb3f66db6ea743d550f7d2409f19ea09cfc9c63a48f4efa939e1
src/apps/daemon/cmd/watchdog/main_test.go,1433,0o644,91f90b2bb2a51afbf899787f65521018799e9fa111a93f85062a96be0be81270
src/apps/daemon/cmd/watchdog/watchdog_unix.go,240,0o644,57c2e9bcfecf179209f4c243016ea780d8e28e90ad6ed9b7cdc471d64e40047a
src/apps/daemon/cmd/watchdog/watchdog_windows.go,454,0o644,70b46b325d1b43224398483a128ce84004a2027bdd1e5ffdbd878cef497fa07b
src/apps/daemon/cmd/watchdog_sys_other.go,154,0o644,fca5657e68009233d80f7f2a07e6403ae18dbd57b2eb812fc43098b3c564f7ef
src/apps/daemon/cmd/watchdog_sys_windows.go,217,0o644,92f451a82d1249c8617b1c42235107e18d24ebce9127b564ee656231cbdce98f
src/apps/daemon/go.mod,8320,0o644,bf583acc3abae760d2215c0913a33a6ee65fa369250e6caa8885888764df897b
src/apps/daemon/go.sum,55462,0o644,e99ad9755538c6ce17e99657b46f3ae731ad4c077bf7a92b37b3a397fcaf80a1
src/apps/daemon/internal/.context,921,0o644,de1a2efbfcb6138404a6768f45d90ad467916153e4af230e0b180c35c8ed5227
src/apps/daemon/internal/adapters/.context,976,0o644,a908b5f074100d9e85d1075199c4caa00338b6e367afb1af0c5155b840a7c5f6
src/apps/daemon/internal/adapters/api/.context,2952,0o644,23dfa7d52ae19a94f2234547f60b1c3d40cdfb37952188f8ca28f196b39270b2
src/apps/daemon/internal/adapters/api/advanced_route_truth.go,3809,0o644,574b832bd7a91232538c501fe1acb101f3221fc14cae1a3cf7c9453e3e4e5838
src/apps/daemon/internal/adapters/api/advanced_route_truth_test.go,1910,0o644,31f68b5aa0a62783d0b810f6436e64eb212a06dc6da19abc2a3b7fb7e00fcc54
src/apps/daemon/internal/adapters/api/config_mutation.go,3659,0o644,fccc49fe90d440341ef0a56160e9e8d842bdbc7a261eeeae8a498ed7efa7435d
src/apps/daemon/internal/adapters/api/config_mutation_test.go,3681,0o644,0bf55799b455ef7742d41ea7f35ad988b38745bce542c0baad5c883676de763b
src/apps/daemon/internal/adapters/api/doctor.go,3248,0o644,c6fdade3ac3e0e606de835271c39fda42b01b46469d5c74d91944d4c3ec2f101
src/apps/daemon/internal/adapters/api/doctor_context_test.go,550,0o644,1ca742116afc41b769b3382d8d759d11938f4b9a17ad76de97051df9cf05d1ac
src/apps/daemon/internal/adapters/api/handlers_capabilities.go,3600,0o644,d633992c389b361ab7e69f2703e695327641784fc8954ebe8c194a0f038cc0ff
src/apps/daemon/internal/adapters/api/handlers_capabilities_test.go,1262,0o644,36cd5107029d41766c141cd01e436a790a410e84fb9aaa6b7b07ea396c7ddb7d
src/apps/daemon/internal/adapters/api/handlers_circumvention_catalog.go,432,0o644,c0b5b4b5b7a0b83f29337d6644793ee9f07e2aa71d3b344b7f1793ff5b5f1ef2
src/apps/daemon/internal/adapters/api/handlers_diagnostic_doctor.go,2285,0o644,2fb80edd1f4c1ba799f7b01f262571c16ab308f03fce7f82c4848a34b8a3b3f3
src/apps/daemon/internal/adapters/api/handlers_diagnostic_iperf.go,2508,0o644,7cb02c8a14ecd61f38ab96141055cb7a4137164b35bc6c53654f3ad3c2406931
src/apps/daemon/internal/adapters/api/handlers_diagnostic_iperf_test.go,835,0o644,a37e8d3fe9079fae8a5bb62f5625341a4c4ba6b6c680df31065af54045266f8b
src/apps/daemon/internal/adapters/api/handlers_diagnostic_nat.go,1216,0o644,dd80336876eab6481f59fbbdccbb29c5be03c3d7aab2b901e727f67029af25da
src/apps/daemon/internal/adapters/api/handlers_diagnostics.go,5026,0o644,bc74201f4142dc1c25d56bc5c07b332685a67630837d1d02a6f993e4a5419c77
src/apps/daemon/internal/adapters/api/handlers_dns.go,1082,0o644,37f646fd28ca830bfcb117c8897fa904c4a13c9e1ba00c1877ba35a620993500
src/apps/daemon/internal/adapters/api/handlers_evidence.go,1337,0o644,880a4d45b17aa758ba03a0939c3519aa781b0f2bf4a7f3e17f786e583f62a8b1
src/apps/daemon/internal/adapters/api/handlers_fptn.go,796,0o644,80e756e8da484ef39c5148b7acb631b4ded398df29ce922f5c23330c88c54602
src/apps/daemon/internal/adapters/api/handlers_fptn_test.go,996,0o644,aa55fa227a8169e6d5d648bece2696863c49b8bb81d98f6a028fb0f8cd4774e9
src/apps/daemon/internal/adapters/api/handlers_history.go,3900,0o644,bf6c96cccc39f9313417748c0839da3f9c65b096d5a3c3c19e74b7191d7f3337
src/apps/daemon/internal/adapters/api/handlers_host_network_plan.go,863,0o644,abd972b7a28b88e1e38e4dea7c349d12830d31cde290448b85fe1691bffe9b5a
src/apps/daemon/internal/adapters/api/handlers_icmp.go,5262,0o644,9e66e7c0e360c4ce399e6704faaf3536e6581ce0557783fd0f9e251c8e4f5f66
src/apps/daemon/internal/adapters/api/handlers_metrics_test.go,894,0o644,8d112b755902fd43007b6f00a4dc0aa38d7197902b7cd9de4947cc41f9d2d9a3
src/apps/daemon/internal/adapters/api/handlers_peer_discovery.go,827,0o644,a6bfe607288b88f322c83ddc429e13d94330af2465771739c9d32db949e2fa2b
src/apps/daemon/internal/adapters/api/handlers_per_app_proxy.go,1875,0o644,bd5d829ba4712c100c35a4e96cc10bb12f278244ec8a365b3b3d3b1f3623726c
src/apps/daemon/internal/adapters/api/handlers_port_preflight.go,668,0o644,7ea73a3f00509b90af2b321501ad56b63c5931078bfdaca8b9fcbd0d82d06975
src/apps/daemon/internal/adapters/api/handlers_ports.go,1308,0o644,f69b965889f6b60866b73cd38758481ee9a3dc87fb85cc77f3e7a2dfe346f6b8
src/apps/daemon/internal/adapters/api/handlers_post_refactor_226_planners.go,3358,0o644,f0df4de4d4af6faba26015cd8fce446a19d1b0516373a50d7ddb33ce19523fb5
src/apps/daemon/internal/adapters/api/handlers_post_refactor_227_sni.go,692,0o644,f9e30d35257005578a63f9fc70849beb7f4000778aa3d81960953d8e0c7462c7
src/apps/daemon/internal/adapters/api/handlers_post_refactor_228_planners.go,1339,0o644,383ed52ad32cef4a82c030ef8ca0b4a60784b5eb0c1f1be0290ecaa53e06c930
src/apps/daemon/internal/adapters/api/handlers_post_refactor_229_planners.go,2953,0o644,7fa8f2b445207cc7087384149bf347e66bec63f5210b19ff1973e150085c1606
src/apps/daemon/internal/adapters/api/handlers_post_refactor_230_planners.go,2541,0o644,8a12167320dabb03ec0842c8ba35c7984585370648e459b38444f07b2fbcccbe
src/apps/daemon/internal/adapters/api/handlers_presets.go,3073,0o644,1b46d07f2ee5aa1348cd68fa5f742841f27d7303322e56334310a85da3f739e8
src/apps/daemon/internal/adapters/api/handlers_presets_test.go,4618,0o644,4427f9733ad15cc8544bcc8d3c69e77698f0cef402d5d9030e338815484b5a17
src/apps/daemon/internal/adapters/api/handlers_provider_corpus.go,2056,0o644,7a090a7021af8d462fb3078fc8e7c6b3f572bb87297ba2e4a63ad9dd78f4e404
src/apps/daemon/internal/adapters/api/handlers_provider_corpus_limits_test.go,897,0o644,18861b4757a94f0dd52addc3b261c995a125ed2626bd65edf4e443e836d618eb
src/apps/daemon/internal/adapters/api/handlers_provider_corpus_test.go,3495,0o644,403f247cb576fb36982e3a883843b02df6593fad07a48b8ace9798e5259bee81
src/apps/daemon/internal/adapters/api/handlers_provision.go,4193,0o644,db33274d156e03a797927cb8515e9fa1d1432ef61bfd141479e2713bdfab98cd
src/apps/daemon/internal/adapters/api/handlers_proxy_directory.go,2880,0o644,41363a9b0eae98e1b726b78faa219c8fd5695fd1e121fbf7806edbaec0b54aa0
src/apps/daemon/internal/adapters/api/handlers_proxy_directory_test.go,1376,0o644,fcfacdf3a52ed00490889fad3591ab9e5ecfdf0469a8e28f8832547fc7448ec7
src/apps/daemon/internal/adapters/api/handlers_proxy_parse.go,1583,0o644,1f1dbd062ef1d912be16423e589d764218f3feb01a1288e4e13a63c3cae628f9
src/apps/daemon/internal/adapters/api/handlers_proxy_rewrite.go,1125,0o644,836020afaa3db3add1f6676417a935e026cc45ec788a9bf1ddb0226fa800fb83
src/apps/daemon/internal/adapters/api/handlers_proxy_rewrite_test.go,2179,0o644,70158afbbbef480428f8713b81a0d48dc439c1d152a3adacd33d590bc0280337
src/apps/daemon/internal/adapters/api/handlers_proxy_scans.go,2489,0o644,9109d791d77108584e9d40f08a4290ec2d9cc96b2bc0a9080ba167576cc30dca
src/apps/daemon/internal/adapters/api/handlers_proxy_tests.go,3326,0o644,a31d1532be0223ff9d41526355dfaa3239c06d9e505ac91f088d0c6e5a9e03b1
src/apps/daemon/internal/adapters/api/handlers_routing_plugins.go,3080,0o644,0e5b8c656084112a9ccd349b6147f0de6cdff6ac2537a15adac4f9bfe7b7ccf3
src/apps/daemon/internal/adapters/api/handlers_routing_plugins_test.go,3264,0o644,ca87b089584bbfd55834ad0fca59ae1e335eca6b24778c04eb14263e28ef5f8b
src/apps/daemon/internal/adapters/api/handlers_safety_policy.go,2241,0o644,19200ece35839084d37b90f726ef6a08cb0fd6a948648b26cfca80c805b3e0ac
src/apps/daemon/internal/adapters/api/handlers_seventh_planners.go,14477,0o644,a046aa9c5c8060adcb7098f8beb63f46ea3ce7e43cffa05dd83f85167dfb020d
src/apps/daemon/internal/adapters/api/handlers_sni.go,1034,0o644,9c377ce683ec6a4ae20367501da9f6cc201a1d39520064348e4eaa6f3cf32fc9
src/apps/daemon/internal/adapters/api/handlers_sni_spoof.go,2969,0o644,d68b3a20b9a22f982c209840cbcab0063fa85f329bde1a486fc7e948934316b9
src/apps/daemon/internal/adapters/api/handlers_speedtest.go,714,0o644,6c43e96e4a0c995aed4ce3ef2913e3c6b45d6842d946b984edd8fb9a08165c49
src/apps/daemon/internal/adapters/api/handlers_speedtest_test.go,2356,0o644,b5b80176d1efb4139a62568438159c98745685c1e1bbdcc5986e805e99d676fa
src/apps/daemon/internal/adapters/api/handlers_subscription.go,4611,0o644,694aa941f24439269e62ed2b8d2dd8989875f956031e0b7003ef29aac773d487
src/apps/daemon/internal/adapters/api/handlers_subscription_convert.go,2915,0o644,b160d657ff42019cd7b3e5229a0dd31b4aef5b1d4a5867d8b320b52837dea64e
src/apps/daemon/internal/adapters/api/handlers_subscription_convert_test.go,2789,0o644,5df69d1640d4d1fe2c93e65b15a4ddb40dd4949d753bfeeecf651fc9e171fa3b
src/apps/daemon/internal/adapters/api/handlers_subscription_nodes.go,3390,0o644,0b6e09d49d2e8cddfe70f25e92a2e28dbb36764bca78b90e834be187eaf21b1d
src/apps/daemon/internal/adapters/api/handlers_subscription_profiles.go,5516,0o644,bb87647c666e88fd90f0eeda397f5d52f028e3f32224fc9e83ea6662566de18c
src/apps/daemon/internal/adapters/api/handlers_subscription_profiles_test.go,1705,0o644,601ee4195d270f720d96505c2e5da467ef314e940efed91bde172f0c76d0c2ad
src/apps/daemon/internal/adapters/api/handlers_subscription_test.go,2963,0o644,4b1e6f92a6196ec7c8220c9b0aeb6f1fd1795341c4124304d6c68fae0ac454e0
src/apps/daemon/internal/adapters/api/handlers_system_ddns.go,2484,0o644,12efde858ae676c781a2c60f17fd81396f68c3d452ef1d692cd62fdb9b023b87
src/apps/daemon/internal/adapters/api/handlers_system_dns.go,3182,0o644,c05f60c9ec97221fabe78d3956f0dcaad947d9afaac53bdedad52007c9cb33bd
src/apps/daemon/internal/adapters/api/handlers_system_dns_test.go,2718,0o644,ebc31e81bda6af0eb7e00e3b712f5b18ffb3952c301ba7bccb303cc15a2f95aa
src/apps/daemon/internal/adapters/api/handlers_system_engines.go,6616,0o644,66b9cbc5899c304d955f21180c4bedbdf27a6fb89ce1253cd502de1724029da7
src/apps/daemon/internal/adapters/api/handlers_system_evasion.go,27325,0o644,7d9b687d4baa1a13a8b4f47682331a54f261719ff6cfe5a0e39090d06b279895
src/apps/daemon/internal/adapters/api/handlers_system_flows.go,9522,0o644,db56e0b22eb8a624515f7f12bf69bee9cb00de9bae56007ce85db6b683c9e3d5
src/apps/daemon/internal/adapters/api/handlers_system_flows_test.go,4393,0o644,b8c568259865d88dd743757a1af90ed54afa70fd8f002a65c09d6e8e7ff067ee
src/apps/daemon/internal/adapters/api/handlers_system_ncsi.go,1532,0o644,3a81633b4bf90e46a171400bb2c022f2265c22ea92871598c836ab7057c7461e
src/apps/daemon/internal/adapters/api/handlers_system_network_intelligence.go,1034,0o644,447af05b69f86e652b775613bde60f297bec37661156b73466fac1c4f57362af
src/apps/daemon/internal/adapters/api/handlers_system_network_state.go,1155,0o644,49f197efdd815b0853968837a8c7111c2e72d0af203dd351816583b8ced9a54d
src/apps/daemon/internal/adapters/api/handlers_system_profiles.go,970,0o644,299cfbc041c2c42405c8fbc984003eae640a96f80752888d8447d4c5e80a0e7a
src/apps/daemon/internal/adapters/api/handlers_system_proxy.go,4038,0o644,d327639af0c3a9f84d1921d957ed65329a7bd55cbbc0f823b7444a32bb72119e
src/apps/daemon/internal/adapters/api/handlers_system_startup.go,3150,0o644,03318462a557450c30b87cb6469ca9b56a458f22e073cfd1598fef751302ea4a
src/apps/daemon/internal/adapters/api/handlers_system_status.go,6397,0o644,196ebbde38ebc2ee8ea90e9caa969fe3ade7026ea4430d93e51d87520149fb4b
src/apps/daemon/internal/adapters/api/handlers_system_traffic.go,744,0o644,21f208f4ea6bd309655ca0935e46fe90d7a4a93ea3cfaa9a8c24aa14a50391bc
src/apps/daemon/internal/adapters/api/handlers_system_traffic_test.go,2249,0o644,e167afc00cab93fe5f7ce2a51c2b78873a72fddab8b74b8a4786e12b9c978830
src/apps/daemon/internal/adapters/api/handlers_system_tun.go,3003,0o644,92c158eb46e627eabb94146d8890a52e8f4fc75eb27c638b9fc24bc7526a0321
src/apps/daemon/internal/adapters/api/handlers_tailscale.go,1645,0o644,c64358c0e9f202fb863b4927769757327ef0b84fc98b5b222d6718212e71d2d4
src/apps/daemon/internal/adapters/api/handlers_tarpit.go,455,0o644,94779684de1ddfc7b9441976ecb02d16abb567bd1c72569167ed0eb791168a4c
src/apps/daemon/internal/adapters/api/handlers_telegram.go,898,0o644,5308439462ab4acc9e06ddf5e244ceb8e82b571c458c05baa1107f68d8feb8d3
src/apps/daemon/internal/adapters/api/handlers_telegram_test.go,2568,0o644,65f539dfafa1c427255f517b4ec9c4a079af597b7f0925fabef94f7d62a83289
src/apps/daemon/internal/adapters/api/handlers_tls.go,1786,0o644,e8f2a1590cc51fd04c4739c7cc9f5f7ca7d5274a74044e5a26c853ef879058ec
src/apps/daemon/internal/adapters/api/handlers_tls_test.go,2335,0o644,66a74df83e9df2f7f033cad4d82d6ea3917380943ba7ccb834b7e16f120d5c80
src/apps/daemon/internal/adapters/api/handlers_tor_ops.go,5164,0o644,dfd71cb7180949c930fecc5ae84c568c172b9ae4cf748d061b2db611c1835408
src/apps/daemon/internal/adapters/api/handlers_update_admission.go,2015,0o644,6dfbc0dff4462b4c55ed79fb7f20a5917fd47de50b69cacad01802e4a1500536
src/apps/daemon/internal/adapters/api/handlers_update_discover.go,2275,0o644,dedbd330c704f5d33c3a8355cbd7188e73195cd2d643a0a8e45ee9288e556ef2
src/apps/daemon/internal/adapters/api/handlers_update_stage.go,2092,0o644,ac1155189384d8b6c5e3c531bcd3d9e6576021929d36ef1e505ea445511f1488
src/apps/daemon/internal/adapters/api/handlers_uptime.go,336,0o644,8e410f604155baadbf140fb66fa8d3ee49cfcb1ff52559cae813aa8cb8d573b6
src/apps/daemon/internal/adapters/api/handlers_vpngate.go,1316,0o644,22c96292b3e6dd85a707a3b948bb0910d92ddd9f75ecc0e87399a41e0bf7bb4e
src/apps/daemon/internal/adapters/api/handlers_warp_geosite.go,14766,0o644,68b44d6c7e3a94db6385ae96cb08eb4f39a8446e24173c85ca2aeba7802e9b08
src/apps/daemon/internal/adapters/api/ipc_listener.go,1820,0o644,351925a18e59696b272c0776667297b192767611b998b88f0bee41b1220acbc7
src/apps/daemon/internal/adapters/api/ipc_listener_mobile.go,2504,0o644,cd9219c2305b8319377ebb89b5b580a8df4776ab6763d031717ce131bd180402
src/apps/daemon/internal/adapters/api/ipc_listener_other.go,192,0o644,2abf241e9ef33866e51aedd55af06099454099b87773de1b9e17ee7d0ff52d13
src/apps/daemon/internal/adapters/api/ipc_listener_test.go,1459,0o644,1428d49076387fb8e019a3335b0b379ece5640975098f5d45dde9dbbe4be3f03
src/apps/daemon/internal/adapters/api/ipc_listener_unix.go,957,0o644,96201c14a186b2c7db585350abf0158e15daad2b1bb6f234ec1ff3808f29b9c2
src/apps/daemon/internal/adapters/api/ipc_listener_windows.go,184,0o644,f2f3b1bcc22e35b643bb04431bd4d3065a1b8fc0743c63f02723e763cc0b2fe0
src/apps/daemon/internal/adapters/api/job_helpers.go,322,0o644,449f4642b3ac0c093ee6cf5177259f63bad72f9d022d745052d22b81c07b2ed5
src/apps/daemon/internal/adapters/api/live_routes.go,3772,0o644,b419d202f44639f7ebdede099c9996bd1179e84a362cee349479b61ae7ed05fb
src/apps/daemon/internal/adapters/api/live_routes_test.go,1031,0o644,056d688d6cb73f6fa68219226f908b66f97b7f744fe19ac27a15bfe962df7e93
src/apps/daemon/internal/adapters/api/mcp_engine.go,4707,0o644,a31bc461a176a8a282576208eafadac38b5749a6faa841342bb403820bdc8513
src/apps/daemon/internal/adapters/api/middleware.go,5881,0o644,7414f5362565db8a3ff7efb69593a86f447b1d49f109035efa2be6912579cf2d
src/apps/daemon/internal/adapters/api/middleware_redaction_test.go,404,0o644,9b127a204cba71d6aa5fcdef04d5154aefc6edca2cae73828466905bc430a1bf
src/apps/daemon/internal/adapters/api/middleware_test.go,4028,0o644,80d34ed3229c1b9177fa48bfa30947666931343ed417d01f7d867208f94abaea
src/apps/daemon/internal/adapters/api/platform_capability.go,708,0o644,1305d0374857b83ea6073dab809cd4b8a768b5b89199ba6c647c9f1127218207
src/apps/daemon/internal/adapters/api/route_catalog.go,1488,0o644,aa6a627be49785cfff0f9f0f85d88823c11903d1e67ed6f8b0bc93404927ad9a
src/apps/daemon/internal/adapters/api/router.go,7156,0o644,2dc1dd25a2443b907efa50720f4361e7aae19a7a6fa52293cb85912b78923623
src/apps/daemon/internal/adapters/api/routes_misc.go,2917,0o644,7defedbb0c7225d1f3aada58624f617dd72ba11304aa697d73d5cdf1218d8a18
src/apps/daemon/internal/adapters/api/routes_scans.go,2447,0o644,d6f08daac693e365de6f184eb780ac77e50254b68eb2be6228fdca754124beca
src/apps/daemon/internal/adapters/api/routes_system.go,10205,0o644,433084953a5d6a21c8a4595f4d02854d6c39f99ac8ce74667958d84386d5b95f
src/apps/daemon/internal/adapters/api/security_gates.go,3507,0o644,d94ae96adcc633a6fbdf561b68a360af79cb40b14ab9fd989a3f4a6af67b7316
src/apps/daemon/internal/adapters/api/speedtest_metrics.go,1639,0o644,9e2009a7b94ebd223ae3b131a032b2cec62f81a0eaf1311ba97a688be5853c6f
src/apps/daemon/internal/adapters/api/speedtest_metrics_test.go,2077,0o644,1bf7397b22592ecb3d2fffcc1a7937dd4900d5d52ff63e20dcefeb69b00a4668
src/apps/daemon/internal/adapters/api/speedtest_runner.go,10276,0o644,1af6f31d0e4fe055fb14533611f1523ac2379f6d2efcc79ca8a8bc920ca6dc6b
src/apps/daemon/internal/adapters/api/speedtest_runner_test.go,4532,0o644,4a61a13e423f6c2a8d1431faddaf04e70f606836a4450c763371631a3c1059a4
src/apps/daemon/internal/adapters/api/types.go,13048,0o644,7cd5188edddbbdfd6258ed92fd88f2e2ed404a1831f6e65ef8b003ede9e941a3
src/apps/daemon/internal/adapters/api/ui_dispatcher.go,5338,0o644,64a51ac67d18805aa7a3de7b8a1e47f81bacb98608654a8a4156f6ade7dc33c7
src/apps/daemon/internal/adapters/api/update_metadata_admission.go,1693,0o644,f73817ff0c6fc71220b75be3b62cc8e9c3fe020b1ffe43af82d7d94b4980258e
src/apps/daemon/internal/adapters/api/websocket.go,9421,0o644,d30fb3c0d898dd653ac1ddd91e6636052a34aeb28c728ad51293e9e06f4b5637
src/apps/daemon/internal/adapters/api/websocket_metrics_test.go,946,0o644,e949e001443fa6eae3dd745ec4da4bb682374f92a662a80c5395f60de6a88d88
src/apps/daemon/internal/adapters/api/websocket_session.go,1396,0o644,3224904e55c2b0e09c17ba7449cb47e4864de158ebd98c0e833fc1935b0c15fe
src/apps/daemon/internal/adapters/api/websocket_session_test.go,2374,0o644,2a32fa9a038264ba16ccfc610ad2e1e37391c88124e2dc6199e60a008e393e07
src/apps/daemon/internal/adapters/api/workflow_inventory_test.go,1551,0o644,1f9f8985ae5a07ae9304ae447b8b90bf2544953ece0ddb0789d7ffe390cb7d28
src/apps/daemon/internal/adapters/mobilebind/.context,1553,0o644,d783911f455460d21e75a487b659c184b8dba3f086bbfa98e9926fe752e58ddf
src/apps/daemon/internal/adapters/mobilebind/mobilebind.go,11763,0o644,d52d509b2a2c086167def918e9d7a4407ee90c00a5f89eabde34f9e9fa1819a0
src/apps/daemon/internal/adapters/mobilebind/mobilebind_test.go,2879,0o644,7b82238690bdd2c3e76f9b1c87f29c9b6f27acdb81371b1e459d902e05ebf22c
src/apps/daemon/internal/analysis/.context,1016,0o644,22a3b42b66f3e89fd090471f81fcc8c663f98cd4ead47032afb1980abc07434f
src/apps/daemon/internal/analysis/diagnostics/.context,1728,0o644,a3d01474ccd920ea95e66a6f5499e26999978ac6d0efe3f83c9867616ed0df3b
src/apps/daemon/internal/analysis/diagnostics/anti_bot.go,2060,0o644,99be34429896bbfc34f833443636e24508538935fb17ba491b7301ad893061ee
src/apps/daemon/internal/analysis/diagnostics/anti_bot_test.go,336,0o644,cce774c6b55ecf15cf6a5275baac8fb84650e3bc08263a0a8c43f7c2da8df8d9
src/apps/daemon/internal/analysis/diagnostics/artifact_admission_plan.go,8667,0o644,f28e7b3bbf787658da2a087a8558f3683db4390cda5fb2f88c0ec1dd838bff95
src/apps/daemon/internal/analysis/diagnostics/asn_spoof_test.go,1866,0o644,91c7c4b39b3bd6089f77cb8e4e02b0060a2c91ca53a59d0b5d632cfa6ee31d3d
src/apps/daemon/internal/analysis/diagnostics/browser_proxy_handoff_plan.go,6595,0o644,9bd4d944d8ffa2e527762fc2dca0104fd339074964ac6ed9833c39ff3eac7559
src/apps/daemon/internal/analysis/diagnostics/cdn_candidates.go,4391,0o644,93b559d55d1c135387af038222ebd6a0ff372d81ede3380f2ae6626064b1b2f0
src/apps/daemon/internal/analysis/diagnostics/cdn_discovery.go,2953,0o644,bed93ae15343597f00f1da9f854465cfdb07f32bf99c44944164399d303e3461
src/apps/daemon/internal/analysis/diagnostics/cdn_discovery_test.go,1613,0o644,4b7c5453979bc63771f2f91c705656f9addcb5c605d72663603aebe9463dc5ad
src/apps/daemon/internal/analysis/diagnostics/cdn_scan.go,3007,0o644,a47170b31a7829fa28ddbfa210dd3c7cd0a0fe9d490402ed66dc22e1e1dfd56a
src/apps/daemon/internal/analysis/diagnostics/cdn_scan_test.go,974,0o644,10beae80f31b7cdfa5802f57d6aa4b35529997f9f85a9c943c616e9ada62255a
src/apps/daemon/internal/analysis/diagnostics/censorship_diagnosis.go,3343,0o644,ef33bd0c7a49dbb3cb73b2a563f68e10face1974ae481d3f2407ae0be1f4de60
src/apps/daemon/internal/analysis/diagnostics/censorship_diagnosis_test.go,837,0o644,197cd15b7fadcddd8005c4dbaa30e79f6f00d0bdcc248933a643219461342cd5
src/apps/daemon/internal/analysis/diagnostics/censorship_measurement_plan.go,4603,0o644,e630d8119a1c1bd8548a7e43edbc9e7fb483f7f250738982696c243454945b80
src/apps/daemon/internal/analysis/diagnostics/clean_ip_probe.go,1421,0o644,b35e456e9fd13e26caa96be5cbb69b13166609ef0cf1c73653cc74ba98189b9a
src/apps/daemon/internal/analysis/diagnostics/clean_ip_probe_test.go,181,0o644,03bdf86ed1cc64718a0eb9b17202b115980cf753c7ce927b0d721dee72bddd8f
src/apps/daemon/internal/analysis/diagnostics/diagnostics.go,28888,0o644,b0078b6c3f29afb592091cd67169b16c2c4af4a89c5bea87b576ac00fa82b213
src/apps/daemon/internal/analysis/diagnostics/diagnostics_test.go,3096,0o644,e1570cf524cceee9cdda276a986f420378e03dd466fdd575d93a385472dd0375
src/apps/daemon/internal/analysis/diagnostics/dns_resolution_policy_plan.go,7465,0o644,4d4fa010d69be9d02a416f03e95758c132cff63ea5b6cc81874374a8287cab3b
src/apps/daemon/internal/analysis/diagnostics/dns_transport_integrity.go,5362,0o644,0ccecfb1a0ca3d7a735846852daaa9b63c31134388ec2e3da2b6a806784ea1fc
src/apps/daemon/internal/analysis/diagnostics/dns_transport_integrity_test.go,3583,0o644,9c17a1ce240e99eb1192522ab02da382a5bc472ab3d0134baec4fdc7218e7a9a
src/apps/daemon/internal/analysis/diagnostics/dtls_session_policy_plan.go,6236,0o644,3e24dddc4a6ecc42e989614d045810afa1119de8c0d835bf132375aaa4199df7
src/apps/daemon/internal/analysis/diagnostics/endpoint_pool_plan.go,15615,0o644,c34e8c6a9b44ddf4ad45ea8c5020294dce7aa860e1ff824fd5539e229258a4ae
src/apps/daemon/internal/analysis/diagnostics/endpoint_pool_plan_test.go,10419,0o644,618e53ee9c6fd92f7857321bdb6d3cdeedcb8466fb9be9d7078f46d667bc8df7
src/apps/daemon/internal/analysis/diagnostics/flow_filter_plan.go,3150,0o644,a04b65f24d366ccc90f88012990d71c786ab8c295fa06ea34897182d8d496235
src/apps/daemon/internal/analysis/diagnostics/gateway_composition_plan.go,6429,0o644,19a7014cc1d254994567a019a6a411d40a1b6946b0061b502e45466c54afed39
src/apps/daemon/internal/analysis/diagnostics/ip_security.go,2206,0o644,bdc38e38f14fc14b177c6ab8eda213dfed5d23cc25201cb99d849e1a76dba21f
src/apps/daemon/internal/analysis/diagnostics/ip_security_test.go,574,0o644,e5f0ae1765e737dca41ef90553834c941979aadbea179c194e9b4169e62bf516
src/apps/daemon/internal/analysis/diagnostics/iperf_probe.go,11544,0o644,0cc7d3e50c678cc44a2ca72412244c6c542a06e8b31133757670c1a5ef42850f
src/apps/daemon/internal/analysis/diagnostics/iperf_probe_test.go,4059,0o644,49d55edc00a22ef4447d66a9af50ed8857d1a40a7e071b756a37b2822cf6ad79
src/apps/daemon/internal/analysis/diagnostics/ipgeo.go,5941,0o644,dd7c948e23fdb3119c16b6a55421d327cf9589503cbb25f7b870f5f94423386b
src/apps/daemon/internal/analysis/diagnostics/jq_evaluator.go,686,0o644,14370b0004d9d9320f589f6e730f567fb86229e082c038d360152c8093a9a079
src/apps/daemon/internal/analysis/diagnostics/l7_signature_plan.go,2610,0o644,af3d62bfa94fe3dcc6e255f45c4a657cdd09db9bd7c9674ae8c6b20fc99c1f21
src/apps/daemon/internal/analysis/diagnostics/l7_signature_plan_test.go,939,0o644,6771b99a01780fbe7facf87192d1ae22ee1463ea45c9cda3b4ab8bba2b6a1758
src/apps/daemon/internal/analysis/diagnostics/local_ruleset_plan.go,14483,0o644,b499a9f8f0b821bfca734e94cc10798b5a6da8706236796ab48002fdcb3ac7c9
src/apps/daemon/internal/analysis/diagnostics/lossy_conn.go,2312,0o644,b1408f8eedeaa544355e78cc2f8231c837db4057d38af59e40bcc58b0a576fb0
src/apps/daemon/internal/analysis/diagnostics/mesh_route_plan.go,6466,0o644,eba72fd3f7851c0d85bf758e685dc7f67bccefae4d87c2ffb00536dbd409cee8
src/apps/daemon/internal/analysis/diagnostics/mesh_route_plan_test.go,3611,0o644,655370f25487a2683dc6f1274507783356c2f78786bae5bd08b72a680bb5218a
src/apps/daemon/internal/analysis/diagnostics/multiplex_policy_plan.go,7574,0o644,ed0f39d89c4ffd68334b18e24cabdd185f7d0520aae3bbaccb0f38ab2987247b
src/apps/daemon/internal/analysis/diagnostics/network_workflow_plan.go,6677,0o644,b51d41f8c16a1a80d1affd084ea4d689c80b4c87b4bc3435d47d652ca599479e
src/apps/daemon/internal/analysis/diagnostics/onion_probe.go,6726,0o644,5e4bc9d630e66d08237b3afef077eebc874f973a2899a496568a82ce37439334
src/apps/daemon/internal/analysis/diagnostics/onion_probe_test.go,1535,0o644,d713cd83b71c8915305a42a30f9afa146300cd2bfff4a62e63066aec1aac3faa
src/apps/daemon/internal/analysis/diagnostics/phantom_pool_plan.go,5575,0o644,cc0f7539314dca3404be57ee288643cb83b9ea0a4a140f84a133976cef73b9ea
src/apps/daemon/internal/analysis/diagnostics/post_refactor_225_test.go,11980,0o644,3c54634758bf78729a07480de084a49e49ddc3a532417d8985d27953c538eea2
src/apps/daemon/internal/analysis/diagnostics/post_refactor_225_workflow_wireguard_test.go,6511,0o644,4e1b65b21e530c492ffdf62b7ff326d37302dab475786577e67a5d93998d1e1f
src/apps/daemon/internal/analysis/diagnostics/post_refactor_226_plans_test.go,13545,0o644,d2cea18435c28b7ec73d9142b82629440224205d3bb6dd9f39ac577e1971cdc3
src/apps/daemon/internal/analysis/diagnostics/post_refactor_229_plans_test.go,10125,0o644,edf89bffb613b5ce7b004bc517df1052fe4a60451c1a744e6646a5e2b3a3c58f
src/apps/daemon/internal/analysis/diagnostics/post_refactor_230_plans_test.go,11251,0o644,686e554187cbe28a2695dc5d1b37da44056da6340123a9ebaf588dcdca08eb16
src/apps/daemon/internal/analysis/diagnostics/quality_gate.go,1776,0o644,cb8a27ce60411e01cb847a681d9d8e365ccb457611fa8b03120b804507e4cfd8
src/apps/daemon/internal/analysis/diagnostics/queue_backpressure_plan.go,5161,0o644,db19f1e8fd6e58e03d68b217544c37862c9fa25ab74d2ca0e937690d05c19c97
src/apps/daemon/internal/analysis/diagnostics/relay_constraint_plan.go,10647,0o644,a7b02cba0b0fd66f3941e0e7544a8af175298111f9e35333ce3a7ce48425e647
src/apps/daemon/internal/analysis/diagnostics/relay_inspection_plan.go,2234,0o644,01b6c0ffb7837622e99746bd67d7ba7ca3660b7852f8d67ad16860f2efae9ced
src/apps/daemon/internal/analysis/diagnostics/routing_artifact_plan.go,4307,0o644,5e9061a46146ac882814285ea6f0d06a8111734756f38a2bd412d4bcb6fefe8c
src/apps/daemon/internal/analysis/diagnostics/routing_corpus_plan.go,5857,0o644,2b968754edb621cbaffc96cb811ac6de792420cf5febd2ff4d909bcb6b7eb934
src/apps/daemon/internal/analysis/diagnostics/routing_corpus_plan_test.go,1049,0o644,f9c6fa55b878796d2982ead9c612eafa0b2f407b83536ed2b97d35343bda0797
src/apps/daemon/internal/analysis/diagnostics/routing_policy_group_plan.go,6953,0o644,43db1a0988efb9b4d1e3a027471031a88558d1d75687c36a562f2155450b3f0e
src/apps/daemon/internal/analysis/diagnostics/scan.go,477,0o644,7f322d3166fdd4c3230fc0f2fcd11484996ce72e0ac0a32aaebcf3172c0df62e
src/apps/daemon/internal/analysis/diagnostics/service_incident_policy_plan.go,6681,0o644,f0be3b70be9f989f687aab44d38271441f05848bc6e2a2061fb13e7f7a1eb25f
src/apps/daemon/internal/analysis/diagnostics/sni_candidates.go,6138,0o644,23fa90f3b72d0e9f35b4219818ae609f45bfb60e0599e27ecb80c72d6cd67fdb
src/apps/daemon/internal/analysis/diagnostics/sni_candidates_test.go,696,0o644,948744585027c4aa9cea208502c02f494d0e07f9b3e6cd62d76008fedce58985
src/apps/daemon/internal/analysis/diagnostics/sni_decoy_handshake_plan.go,5169,0o644,7b3535fa3cbdfdab418e961edd3fcc0fc68b7294c5e46d40542e1fc42a2067a7
src/apps/daemon/internal/analysis/diagnostics/sni_decoy_handshake_plan_test.go,2321,0o644,3a14557f706f2741889dec5edd3aacb4e1644fef8c83129a8262ddb39c2f2715
src/apps/daemon/internal/analysis/diagnostics/sni_gateway_plan.go,4800,0o644,5af113e2fa3509f0bc9ff9ac1b2902cf13b3a6a0136309a1094019f31478b864
src/apps/daemon/internal/analysis/diagnostics/sni_matrix.go,4670,0o644,48d702d496d3d2d8b2175b0da60ab5aec5d4fe21671de8281b8280ff92cf34a3
src/apps/daemon/internal/analysis/diagnostics/sni_matrix_test.go,1279,0o644,db7d2488464cb1b4304cc315718be748c40a347c97cec1cb54d73bfb5d5dc221
src/apps/daemon/internal/analysis/diagnostics/sni_path_plan.go,8680,0o644,3657e943c2cd3a7c071c62ab0360b75042122d9504d3e04d68bff07a13bbe962
src/apps/daemon/internal/analysis/diagnostics/sni_spoof_scan.go,7853,0o644,fa647dfbdcb61cbc891e2394a38c280cb7f84e7078b0a9482923ccfd70d866b8
src/apps/daemon/internal/analysis/diagnostics/sni_spoof_scan_test.go,7025,0o644,0f059ed83da3af1bdccba778d2a9ef0ed315c204270eb02b5168ed90b4fbfead
src/apps/daemon/internal/analysis/diagnostics/sni_validation.go,199,0o644,0509b8df471bf56a3a45ce10e0696d0c6c7dad829e465997dec338929e86d92b
src/apps/daemon/internal/analysis/diagnostics/split_tunnel_plan.go,5831,0o644,9601389fe8feddcf201d72db82abe23b53f43230dbbf61da3953dc6f7ea15894
src/apps/daemon/internal/analysis/diagnostics/stealth_browser.go,1423,0o644,1decd37e2c4faff49a196ecc1289d0ec7633ee87c72574d7cb50b6b7c6834455
src/apps/daemon/internal/analysis/diagnostics/stealth_browser_test.go,1102,0o644,0b8db35813827474648b93da245cd0c7892c6adeb1392edb1c408b7ec8000f52
src/apps/daemon/internal/analysis/diagnostics/stun_nat_probe.go,13169,0o644,f160d5b9046a64c8b3d9e596023e8a0cc57127d2cb1655db07dba64c8771ce4e
src/apps/daemon/internal/analysis/diagnostics/stun_nat_probe_test.go,3577,0o644,b440e5304394cff0cf5e830be48ec6f3dfefcc735addbe2102128c4eb229e7ac
src/apps/daemon/internal/analysis/diagnostics/tailnet_transaction_plan.go,3512,0o644,ac65d1d1aa974f82c69c131c52ca37b7125aa29e5de6b3d2d2f43406b5dc462b
src/apps/daemon/internal/analysis/diagnostics/tls_fingerprint_policy_plan.go,4486,0o644,80b50ef0de7ae3087924711e6a5943c05218fc1730ee1799d06f206b127d2878
src/apps/daemon/internal/analysis/diagnostics/tls_interception_evidence_plan.go,6775,0o644,057ff49157828e45698b3384bed1205042cd01ab596377b33c4df9a372b378f3
src/apps/daemon/internal/analysis/diagnostics/tor_bootstrap_evidence_plan.go,3352,0o644,1080a2792ca390b7d741fb49d8fee725dae6439b4029f2de5c64547f9783f7f0
src/apps/daemon/internal/analysis/diagnostics/tor_bridge_probe.go,11414,0o644,99bc369934341370cd966b35b4fcf5ee9d74990a8529b00da3b8d762945e1daa
src/apps/daemon/internal/analysis/diagnostics/tor_bridge_probe_test.go,2984,0o644,9986a1b912aef16a5726c7a7d7b13fe50083fafac528cc57e8051de7dc8030b5
src/apps/daemon/internal/analysis/diagnostics/tor_bridge_selection_plan.go,6293,0o644,2e92eac790969dcf0c08a522192c168c14b3f8edc5d44490f8489c4f0bd99295
src/apps/daemon/internal/analysis/diagnostics/tor_exit_check.go,2389,0o644,3a77c1444c7112f78bb284c99bf58e21f818159f3416a098e310c8a1d3b911e6
src/apps/daemon/internal/analysis/diagnostics/tor_exit_check_test.go,1296,0o644,69103c01618799cbf5b140ea2677467ccb09d924b95c2aa66ecf169427e7f5ed
src/apps/daemon/internal/analysis/diagnostics/trace_route.go,9739,0o644,d7bae4ae7dc1575fd14972d99038b3c833ff3ea8cfc1221cabb6bf0f9e32c928
src/apps/daemon/internal/analysis/diagnostics/trace_route_test.go,2632,0o644,a49c7f9d96cc072873130376580c683eb3f0b88a46eb6739d4da4d4dd0828d8e
src/apps/daemon/internal/analysis/diagnostics/traffic_profile_plan.go,7663,0o644,64dabee2da3c9b98577ef5110064439bddd2fe76f1d294d9284a4dd6030481f3
src/apps/daemon/internal/analysis/diagnostics/traffic_profile_plan_test.go,2027,0o644,cd1808d856a4d55b6d05e5583f6dc8770513407e00b56f77cafb3dfa96ac57bf
src/apps/daemon/internal/analysis/diagnostics/transport_truth.go,4940,0o644,2b18bfcafbb6ad536501279b69f868901f496fe3efea629ba3c7f23b9cd84ff7
src/apps/daemon/internal/analysis/diagnostics/transport_truth_test.go,2370,0o644,d447db0dc2cdc1637af9fd0f1c90b274aaa9afad72fff9e321dd0b44924b0c2e
src/apps/daemon/internal/analysis/diagnostics/tunnel_safety_plan.go,9924,0o644,cfd79e9a132886aa1ef9b02391a449acdb063e49d74626bb5e0e2df4d98f94c2
src/apps/daemon/internal/analysis/diagnostics/update_rollout_plan.go,4057,0o644,05ed24d3bbf95bdb925db1b5b976ee31268b32ea06d2508b8e2b01235cadb5b7
src/apps/daemon/internal/analysis/diagnostics/url_helpers.go,351,0o644,feeb1316ba373004a59afe6b3bee67da9ca224e2b0fdc1a0f23112c090849fc1
src/apps/daemon/internal/analysis/diagnostics/websocket_readiness_plan.go,3201,0o644,3a509f36224bc9c0e3513db83dd54ba6be08ce0a3a57005fc37d38d369e57522
src/apps/daemon/internal/analysis/diagnostics/wireguard_device_policy_plan.go,11835,0o644,660cfd89cdb3fb9a73a747b70569cb1d9637ea7637ca14d7d7a596995d9066aa
src/apps/daemon/internal/analysis/diagnostics/wireguard_index_translation_plan.go,4039,0o644,e7c075da75ee53fdcee75ff01fea1003284212e6c1e43bed3a7abb29e20bc95d
src/apps/daemon/internal/analysis/diagnostics/worker_affinity_plan.go,6093,0o644,da5da0471ff57b21a03b647703f10249f46415a6f83780204be3d9a4dc0de048
src/apps/daemon/internal/analysis/netintel/.context,1035,0o644,c41143c8fd0d51e41d07028ca0cd00093d98d0b24660083c8601ab3c6e5a33a7
src/apps/daemon/internal/analysis/netintel/summary.go,8471,0o644,1244c183bbe36defd2b94b428bea975a5f99114f8ab5c1287d66615621f3af11
src/apps/daemon/internal/analysis/netintel/summary_test.go,3559,0o644,f86bf7041ed356f5de3f85602fcc862ec117238810f3b7b308fac54f4f2beb57
src/apps/daemon/internal/analysis/peerdiscovery/.context,1090,0o644,65e04d31945458bc300db8cb0c5170281bcd49fe4e5628c4d3b21fe7a983cc2e
src/apps/daemon/internal/analysis/peerdiscovery/bep42.go,2289,0o644,5a47bb7dfcbdb2b3600622dce25fdc8e54fef3770f740949fe1577f4aaa67115
src/apps/daemon/internal/analysis/peerdiscovery/bep42_test.go,1378,0o644,81aad4667e49523275afa3349203279c89d88494f7fa5375225d94e37c82e169
src/apps/daemon/internal/analysis/peerdiscovery/planner.go,8424,0o644,1846d7848c505362fb8f06117820aec1962036971312cbb0121c95b962e20a04
src/apps/daemon/internal/analysis/peerdiscovery/planner_test.go,6003,0o644,fb8e83937d30cfb53612905a3ab936d072cf62233c6848fe2837ba1a6a29929b
src/apps/daemon/internal/analysis/provider/.context,1229,0o644,d426d21a637216ccde8dd810fd6777a89425343606feb1b8b4411e13e97fee46
src/apps/daemon/internal/analysis/provider/builtin.go,1689,0o644,07affa824acbb468349b9fd4b748a17c6aaf299fcec5cd290a70f7376112d051
src/apps/daemon/internal/analysis/provider/circumvention_catalog.go,4766,0o644,c31e7ea1abdf3744ef7c6b398df7808c8d429769d32acaa4d4821dfb5c2ac980
src/apps/daemon/internal/analysis/provider/circumvention_catalog_test.go,752,0o644,1ff8e8cb07b6c77fd4c0a6d8de0fd2da48e9796d513f684c7f1d77c018fad15a
src/apps/daemon/internal/analysis/provider/corpus.go,7718,0o644,91ccc0542c97bbec2a0d857be21b388ecb6637237d7e2542714db9662bb584de
src/apps/daemon/internal/analysis/provider/corpus_test.go,5897,0o644,30ab712b32ee3469c4aa5592ee1f67e13bb4899c466c8addd9161d6427983765
src/apps/daemon/internal/analysis/provider/manifest.go,1484,0o644,ebf9344cf1ba4f45d52fa67e059c1b6afe6dbcb7b9b9026e7236f038b7383eb6
src/apps/daemon/internal/analysis/scanner/.context,1711,0o644,4dac91d73b63d8ce0f695df77ef21810666e93e9d62a529978d83bb001fe2fed
src/apps/daemon/internal/analysis/scanner/adaptive_throttle.go,12472,0o644,ee7a7bb6c68518c30dc6c0577e8bf32df88dd9e0693ce100cdaf7d9ea3eb6cde
src/apps/daemon/internal/analysis/scanner/adaptive_throttle_alignment_test.go,422,0o644,a5c5f0e6363d48ed42b6bd03fafe20ecf7fc0f55d576ab171df20b2c52359106
src/apps/daemon/internal/analysis/scanner/blackrock.go,15051,0o644,bdfdbc6a9b955806213ca599ca1993a1057a7a0a139b5f1e09aaaad589f45bc2
src/apps/daemon/internal/analysis/scanner/cf_speed_test.go,3068,0o644,1b3af4fe5a1940252eea81eb0490f427c7f85b6a275dd96593741c3f95a01de5
src/apps/daemon/internal/analysis/scanner/cidr_divider.go,1263,0o644,11f02de6ad2710ca21336eb799c508a146d47d4be9c39edeb331c6f0a7ebf0c4
src/apps/daemon/internal/analysis/scanner/cidr_divider_test.go,452,0o644,2fe731e3f1c0c2d1c7db06c0842c23c7d66fb591b295957b090fe7590a499e6a
src/apps/daemon/internal/analysis/scanner/cidr_expander.go,3013,0o644,cc2027d5289e178fa0fdfdf955f85fd9b273458356e2e1159a3690059636fd8b
src/apps/daemon/internal/analysis/scanner/classification_utils.go,9541,0o644,c173a6f7a571cf9dc8c0d5ea82a0deb0d286854e72c1b898ca4ee0b37e54bd05
src/apps/daemon/internal/analysis/scanner/cleanip_finder.go,13812,0o644,40a8e80de78976971a4f474ecba2e01fd9f8baf1bc8f18adfbd2bf51691f030a
src/apps/daemon/internal/analysis/scanner/cleanip_scanner.go,7817,0o644,ccb5e5dc2252b4743c4ddcea8fda1a020e388d22ac6d5af191c5f5e78864d41f
src/apps/daemon/internal/analysis/scanner/cloudflare_deployer.go,1876,0o644,75d90e7759ef7cf0dfa5aafc3f6678cef0292338b5e6a3f66372f9ff56b0b74b
src/apps/daemon/internal/analysis/scanner/cloudflare_deployer_retry_test.go,1263,0o644,58836e9c5e17a3ce3f5ffdf7f4909daa9e80921a1bf7c831c058da9b19a65958
src/apps/daemon/internal/analysis/scanner/cloudflare_deployer_test.go,1223,0o644,b18f34f381aff8c5df80fc52e29618645d35eb1541c3fd2dc5935c2437e5afa6
src/apps/daemon/internal/analysis/scanner/dijkstra_routing.go,2672,0o644,16f83fc0d264080ada64a33767f125815ba1b8d0f31b17fda0307b365ad03443
src/apps/daemon/internal/analysis/scanner/dns_scanner.go,23392,0o644,6df892a4e0d64b233642faa8f7cf301f211780fea13d69f89863180860921b99
src/apps/daemon/internal/analysis/scanner/ip_discovery.go,2697,0o644,1696598d2b12b95bb01d36610f23e9831d7f95281ccfaca38bdd577271641013
src/apps/daemon/internal/analysis/scanner/lan_scanner.go,2878,0o644,2948cda437501a06859049f9d0917ce28e248ec590e618db523527168d6228e6
src/apps/daemon/internal/analysis/scanner/load_balancer.go,2409,0o644,2bdd893e3e92c3ee8f04a3a3059a5f7f398d1e9438a3f841892332b66075ebda
src/apps/daemon/internal/analysis/scanner/netleafy_prober.go,2255,0o644,b141bbf80c826ccc8e3d1a00daec57bc451aa8af24c450f0a7701af9e1def511
src/apps/daemon/internal/analysis/scanner/netleafy_scanner.go,7748,0o644,0a806f574ef676cb480d6b0998632660e491be8e2c0321bea1bd5e749f5baeea
src/apps/daemon/internal/analysis/scanner/netprobe_core.go,8255,0o644,7d5a87f9e1aae13512d65c6473a532a2e04141e24c31ee7441390efdb1e3c10d
src/apps/daemon/internal/analysis/scanner/network_checker_cdn.go,8756,0o644,76ddb54ee17d92db349091c9452380e77b4ae8c60a705b94d3f79fd808f7ad51
src/apps/daemon/internal/analysis/scanner/network_health.go,15394,0o644,f686c492e59718fd69ff8badaf5f85a7849bcea0ff248c1ce2f56d7d8605d8e1
src/apps/daemon/internal/analysis/scanner/phase_result.go,28238,0o644,6c94e31713eab9b47275804614f7131b3f559d535534257ed0d716630769d8e3
src/apps/daemon/internal/analysis/scanner/preflight_probe.go,8263,0o644,d4d4fe818ed3c80fa9aa43e88502e4d320226439d9b04e74d8e7337ed3aae9b1
src/apps/daemon/internal/analysis/scanner/private_ranges_test.go,459,0o644,d78337adbd86068267202fbc5d5099f57bfdb022d207e7c66a3c1610fb7bc260
src/apps/daemon/internal/analysis/scanner/probe_executor.go,4069,0o644,b35c4b73be7a94fc88262f563f7eb022020680e77df1905ebf2a63f616dd7347
src/apps/daemon/internal/analysis/scanner/probe_executor_test.go,1206,0o644,10c5fcfd5117d60a88e97612a66dc04d7239750ce00a735f7bcf3f777ecf8971
src/apps/daemon/internal/analysis/scanner/probe_pipeline_utils.go,18619,0o644,eda7cfb34d47c892ccb7532bab7786a4103834db3a460b10c957e80f87a57dce
src/apps/daemon/internal/analysis/scanner/provider_route_runtime.go,24509,0o644,4dda7236badb502907e6766a21c18af2276c8c2fb25ec3ec7f9877aca583e4fd
src/apps/daemon/internal/analysis/scanner/psiphon_notice_test.go,484,0o644,68ca788465ebd85973ceb6ba7c39ba68cf2f5d9fbe650c1f21df34ef75fac94b
src/apps/daemon/internal/analysis/scanner/reality_scanner.go,3698,0o644,2dc0f0156f373c2a5b9ebcf5451837f9bc670f77a0341b6ae468319538d7a314
src/apps/daemon/internal/analysis/scanner/reality_scanner_strict_test.go,4153,0o644,2befc11b2b326a20c5c880e07a1292cdde2cba145e769c60b51363da9cd0ee3d
src/apps/daemon/internal/analysis/scanner/reality_scanner_test.go,454,0o644,c4b0aad18e4a4403b78523a93b06c4549deb244a09dcc278a7ea99080185145e
src/apps/daemon/internal/analysis/scanner/routing_plugin.go,17580,0o644,11b2945fded1963dc845cb5f633e48b274187812b6774bde57cd2fab8bba1b14
src/apps/daemon/internal/analysis/scanner/scan_config.go,14639,0o644,98c5ea8c1a3d6685a5f5f5ead8cd79fcb87a0eb6f96babd2d84945d393afbbb2
src/apps/daemon/internal/analysis/scanner/scan_iterator_bounds_test.go,2268,0o644,cf4dd7881a2b05b14ef951c88326375608445e7f3110c31cedff6728fc2fd0a3
src/apps/daemon/internal/analysis/scanner/scan_iterator_plan.go,23720,0o644,1e4282fa93c69b5538f0f815dcf335011a4ea16822181aaa8eb7e2eceb99bf28
src/apps/daemon/internal/analysis/scanner/scan_orchestration.go,15439,0o644,6cda277e926a17f2d5f6a243d735ebd18979c6684bcc0d23ecf90158c3d37363
src/apps/daemon/internal/analysis/scanner/scan_runtime_utils.go,8208,0o644,e3102d02edc6dfc4faec00597fd2e70069628ed72f34f72669bf1054a46d987b
src/apps/daemon/internal/analysis/scanner/scanner_sidecar.go,21745,0o644,4c2df3c845cc7a076390a64543476207c912936960efff9b60c04dcf98e73076
src/apps/daemon/internal/analysis/scanner/scanner_target_plan.go,29146,0o644,6b8ee256cac420481801a1eedfe9c10791706a8fde087a191ea0f9cddd75eac1
src/apps/daemon/internal/analysis/scanner/securitytools_scanner.go,4844,0o644,2092629e0b5a2c42583729758d4616c82237ba5fc4830b05cfa22e9814a5ea29
src/apps/daemon/internal/analysis/scanner/sidecar_extras.go,6552,0o644,7cc9a6f707bd4655eb1b1e54fe536991925efbecae9a93f2f319fbf3268972c7
src/apps/daemon/internal/analysis/scanner/sidecar_models.go,9310,0o644,b19517cfd9df4a4b0be6dbe2549aeaa13704579f74942b96187a3cbec93b0f85
src/apps/daemon/internal/analysis/scanner/speedrank.go,12271,0o644,27ccb99f177902e996d22e19f64f048811fc24fc061e5ef1f5f2996a1fa2df2d
src/apps/daemon/internal/analysis/scanner/syn_scanner.go,1903,0o644,1f1e1c880e164bbfb27ed57ad1cde8ebb27c41fd49412fd2c9b86ec975c87357
src/apps/daemon/internal/analysis/scanner/syn_scanner_test.go,530,0o644,78f04abdac83d80baba1f4448a8659821715aa1657146a3605fd0e270a361861
src/apps/daemon/internal/analysis/scanner/tls_peer_info_test.go,1289,0o644,8653aa0c26439c59c39a50d43568f31d37cee1dd2521c359231054ddd1f35877
src/apps/daemon/internal/analysis/scanner/txt_mode.go,7836,0o644,273a8813a519bc448991dd067f528af469a9a21c34208a981267063e8ae90314
src/apps/daemon/internal/analysis/scanner/uptime.go,5706,0o644,2e1a436a5b82f60a46d4fcd3733056e86bcebca4518c2bea6e7f40ada245efa0
src/apps/daemon/internal/analysis/scanner/uptime_test.go,1834,0o644,ff1d1087ba31258cc0517ed5dda2e635373f4a532e32ada0448c8437d3d9abfd
src/apps/daemon/internal/analysis/scanner/web_asset_scanner.go,5929,0o644,c32fea96357ef93faee07859b859fd098fdf0abf7d5f6319da5eaf8769eedb3a
src/apps/daemon/internal/analysis/scanner/whitedns_manager.go,7134,0o644,c6fa9a3e06d512f69b9dff3ac29884a285c82880bc2ecc78e8cf7532e5a7b9fb
src/apps/daemon/internal/foundation/.context,1203,0o644,a526722acebb135b6e8fbe58bf1eef563fa473df5151c817c66cd82eb356ffc9
src/apps/daemon/internal/foundation/boundedio/.context,919,0o644,50cb5885d151dc7830c0f9362c02c05e184fe6847dc3309ae6851a6bd7022285
src/apps/daemon/internal/foundation/boundedio/line.go,1265,0o644,3c3fa7390f7745a93889f355d9d1bf80128f8b60cdd9fa71af42d7f302f93aff
src/apps/daemon/internal/foundation/boundedio/line_test.go,1162,0o644,bdf1306721a77413ed57889f0cd05ea4ef419a086ad246fca35590aa429ad16a
src/apps/daemon/internal/foundation/capabilities/.context,1264,0o644,261e89f5381469e06f168f62f4d5ac637a0990d54365df81078a4e02ecab0837
src/apps/daemon/internal/foundation/capabilities/capabilities_test.go,2531,0o644,e345e60acb4b9da08d597263644760731faf51d6cc4e5c71ab80ffd45d91340c
src/apps/daemon/internal/foundation/capabilities/registry.go,6546,0o644,6cf361aecd9ee2ccc94e446a085e0191185df65d542e53f61c6a653e1882a7d8
src/apps/daemon/internal/foundation/capabilities/route_gate.go,1026,0o644,73eb8b6348519cec0ee11b8727de2dad4d80ac5a73af17844fb635890f2fc0e1
src/apps/daemon/internal/foundation/capabilities/route_gate_test.go,596,0o644,2ca8876ed79124b88e0f130d00ce8c8c7d9626ec608f15039b78772b414ad27d
src/apps/daemon/internal/foundation/capabilities/workflows.go,2029,0o644,eac856cd8a62f65dc9c1ea89809373466d1d09b69976deb076f7941047279212
src/apps/daemon/internal/foundation/config/.context,1441,0o644,9d7bc917762ad628eb6c9cd254b1b767ea27a76c1bb8e0e9eeab6f016e5e6432
src/apps/daemon/internal/foundation/config/atomic_file.go,971,0o644,a561d0ce6aa7c157d58c9bd4449faedad03b9366264cf58a8b937f9159091e4d
src/apps/daemon/internal/foundation/config/atomic_file_test.go,788,0o644,e195292434a3aab15e056d282f6d28d2757bc5d20e9ea2ec47c8af9f268e8389
src/apps/daemon/internal/foundation/config/config.go,27721,0o644,bba9b3b1799a0774610d3d8299da086e40b28d484392db40055bb95a13394a5a
src/apps/daemon/internal/foundation/config/config_secret_refs_test.go,1985,0o644,a9d9dfc5e66feef5005e05cc707f9d6d34d9a64c03c51de3fb93b54ac8df9154
src/apps/daemon/internal/foundation/config/defaults.go,2225,0o644,78c6c4fd7ee285e31267fbf251503f1460249cfc0a706520951e5993c6954249
src/apps/daemon/internal/foundation/config/quarantine.go,1142,0o644,d36465eda16fcb2394a7184f9b71d84988819b9f8d06127210794fcdea6d78ab
src/apps/daemon/internal/foundation/config/quarantine_test.go,2490,0o644,36d9b2ffb048c258b12a5e28f3d6541c05d8624749e6e7d7cd8f196f80cae873
src/apps/daemon/internal/foundation/config/revision_test.go,15454,0o644,550586b8b639a2ff25c698950f6ad23f94cefc800193f597037d24834b831773
src/apps/daemon/internal/foundation/config/tpm_lifecycle.go,5700,0o644,fdf85c8a418ebf58fd1ef312360fece31a9bf0abbe68da8092ff68bec24d661c
src/apps/daemon/internal/foundation/config/tpm_lifecycle_test.go,2050,0o644,f7466521aae6ba5b700466fabcd288fed28460bd133c1fb95c35240e78058271
src/apps/daemon/internal/foundation/crypto/.context,1485,0o644,9c7c92698b79451809b13cb25df1861fc071c267f4f3b2953ac840f2094d2610
src/apps/daemon/internal/foundation/crypto/cfg_compiler.go,7858,0o644,3ba74e606ca4f9ce166fc63b4e3795a5a975f2ceadcfae4f3e8b053821922cb3
src/apps/daemon/internal/foundation/crypto/cfg_compiler_test.go,3002,0o644,dc54a51ee77762218dc58466aac54df3fb17d2bd3df29b1b9a1bed4df68e3bce
src/apps/daemon/internal/foundation/crypto/dpapi_stub.go,1739,0o644,e2511441243b93f9c5d30afaad4d3687bdbc7a03173bc44f33a4acec873a64c3
src/apps/daemon/internal/foundation/crypto/dpapi_test.go,573,0o644,73f3696b0d2606eecb8007a13f73a41d9810a660ea58f43ee304169719eae566
src/apps/daemon/internal/foundation/crypto/dpapi_windows.go,1602,0o644,c014537a30f1b6619d4d764141737ddc365847ae99f09058aee365c744ed34df
src/apps/daemon/internal/foundation/crypto/tpm.go,5116,0o644,c608555563703e58c964b0427374af2274e4a4a63b95219d8e79dfe7916ec04a
src/apps/daemon/internal/foundation/crypto/tpm_envelope.go,10216,0o644,07232096353d5f93987291ce4cdd1f14c7876ee4153ab758c9c73e1c0e76d5df
src/apps/daemon/internal/foundation/crypto/tpm_envelope_lock_unix.go,786,0o644,55a6698be05b62a8eb44c0e4f7b9bee501b4461a6864d379adaf190177268513
src/apps/daemon/internal/foundation/crypto/tpm_envelope_lock_windows.go,1021,0o644,fd9d769a3216098c2e3c740aa21a459fef042b4bcfdd63dfc8af9c589ae53608
src/apps/daemon/internal/foundation/crypto/tpm_envelope_store.go,10821,0o644,b2007c2eeffcfcb05a14cd1fbcac2edd4536cf2ea566a7eb6f7021d10c3932f3
src/apps/daemon/internal/foundation/crypto/tpm_envelope_store_test.go,9092,0o644,0f44b2fbf34b1868f64cae4ef41c44e839b7672a5c7b53ff051756ca3c78defc
src/apps/daemon/internal/foundation/crypto/tpm_envelope_test.go,11008,0o644,2b5cf351cc8d6330ff7197dcfd8bd7588021157c3510e12d1af2784fe126e202
src/apps/daemon/internal/foundation/crypto/tpm_key_fallback.go,2241,0o644,692ddbef73ba88617b5bd33f5da19cf37f59481d468980c372f452f07b912597
src/apps/daemon/internal/foundation/crypto/tpm_key_fallback_test.go,1682,0o644,912e7aded36e41a8eb974d0cc27d0f21ee26482b9d94947aa0eaae8fa1a9d059
src/apps/daemon/internal/foundation/crypto/tpm_legacy.go,1542,0o644,8957fa500e3c006fbce8037c8155316f57abaf7c7dbb14f7290677d0594cc62f
src/apps/daemon/internal/foundation/crypto/tpm_test.go,1298,0o644,46953c5f725cab0f50ad3a348172ba8d670bc4f4a2b4f7f42df235bca948f2e3
src/apps/daemon/internal/foundation/evidence/.context,999,0o644,929fb2a2ddd98d4a0e7671f26a5c149815e6e116458ecee2666cd0f1c8f47b8e
src/apps/daemon/internal/foundation/evidence/types.go,1872,0o644,76347ad12a9a24eac7e7f279c096d6d7a2430ac2b8b8bb2c2ab5f9df2adc0481
src/apps/daemon/internal/foundation/flowregistry/.context,1134,0o644,2779ec39fee416cf6a254208a388e3b0494715d21d1575d885ad4d2becccc66d
src/apps/daemon/internal/foundation/flowregistry/registry.go,15363,0o644,3254d77a9da8cc5613ed78e78042bf428e0e9d5f4102a088dfd1d40132223164
src/apps/daemon/internal/foundation/flowregistry/registry_test.go,7775,0o644,1bbaa8f3a108cabbf5c9d877a6154d8d5874b50454312932e220e621a28ebb5e
src/apps/daemon/internal/foundation/netpolicy/.context,1017,0o644,4ce7da91bb01d42f2582b05952c066c19a7e240c3f0262afd46d42d0901bfb1c
src/apps/daemon/internal/foundation/netpolicy/public_endpoint.go,1810,0o644,249ea941d2f282244fca6a04ce9b7f913a0428b9d82d8e4be9bbf48d9a921b35
src/apps/daemon/internal/foundation/netpolicy/public_endpoint_test.go,1333,0o644,5f12369de21383984f14b0ea92d68c472b0243ed23813ce94230bc21f3d602f5
src/apps/daemon/internal/foundation/pingcache/.context,970,0o644,12f22d7c51544fa680fdc9c6a4f1dc471d264c260440fe82da75170543934081
src/apps/daemon/internal/foundation/pingcache/pingcache.go,7033,0o644,66290082fcb7aa57bdddf1f4c43d8dd989f7b6762481933a152f0835609fd0c3
src/apps/daemon/internal/foundation/pingcache/pingcache_test.go,1901,0o644,16cc223a00a41a080da5cbd82737425225882b19096348a010b805dc6f5eb421
src/apps/daemon/internal/foundation/redact/.context,1049,0o644,026adeed0848df8649c50f572cb66c305b26bc2393d4414849b5ac25a96e2455
src/apps/daemon/internal/foundation/redact/redact.go,4956,0o644,54cc82cf9809dc189f1eaa155a6ccf73dbf87eb59a6e167281c82be8e8db2075
src/apps/daemon/internal/foundation/redact/redact_test.go,2014,0o644,d1145d8f5893e8cdd999a08fd4b51ff2506339c234a91b39e4d3efdb5672af12
src/apps/daemon/internal/foundation/remoteaction/.context,1330,0o644,fbd665f7c064f7a9b9f6deb6c0a8641193309d1d69b21d65c559299ee37c0336
src/apps/daemon/internal/foundation/remoteaction/remoteaction.go,17512,0o644,f318f9b602484f4ac6af800c52cc6397d1bb43c0fee4d970a47b666d2953bb40
src/apps/daemon/internal/foundation/remoteaction/remoteaction_test.go,22783,0o644,8ad058df260ce827609fc20975d735304fe3735bedbe80824a45d32cce538b22
src/apps/daemon/internal/foundation/resourcebudget/.context,985,0o644,415ea65a64263224cfd037190e42abf0a1c21d2d1696a0c70d0765b131dec4f4
src/apps/daemon/internal/foundation/resourcebudget/resourcebudget.go,2578,0o644,b36f05f47764dc96e9cc6b7b9efe30a47c86cb33d38cfde8d791de457b748a45
src/apps/daemon/internal/foundation/resourcebudget/resourcebudget_test.go,1078,0o644,a4c9456c1e244d532a9953865c7e76a10eb31802d3ed8919d25136eda171064f
src/apps/daemon/internal/foundation/secrets/.context,1459,0o644,c99311b13e9f6374a20dc7f865d4a40aade7a0e881c1260f3aa20cd30675fd55
src/apps/daemon/internal/foundation/secrets/file_store.go,4896,0o644,98a19d559da495118c1e33da685b9b168df1b948a75d2947421888915be390cd
src/apps/daemon/internal/foundation/secrets/platform_store_darwin.go,382,0o644,6fc980d99a4b7dd0b0dd30c178c97d3f8c3767a16de63e7a5d490097a16fbe91
src/apps/daemon/internal/foundation/secrets/platform_store_darwin_cgo.go,8558,0o644,8640b8f394ec8029768d9602bee319f3772694bc0458959aa775999891df917b
src/apps/daemon/internal/foundation/secrets/platform_store_darwin_test.go,1049,0o644,a8a8e89f89bccc45e1af46a4fdafbd2eb6cc1bd9062a6c1a7063651797fc2a4e
src/apps/daemon/internal/foundation/secrets/platform_store_linux.go,6582,0o644,36422f911346aae477c8d0efddd9cdc8bae988c3032d7f985bf356564f2b6154
src/apps/daemon/internal/foundation/secrets/platform_store_linux_test.go,531,0o644,a124628a7789df4d8c0dbf41e446ac2140accec5d938550bd3daf95c09f09156
src/apps/daemon/internal/foundation/secrets/platform_store_other.go,236,0o644,06a75e896d106a9200e980d3fdcb1c9006fc1c0de4e54c3f1a80707b7d233a6c
src/apps/daemon/internal/foundation/secrets/platform_store_unavailable_test.go,379,0o644,e23c9ad97621659b8b074a50f0ca55fc4a6a73b88fe2f06476e9adadc0ba8353
src/apps/daemon/internal/foundation/secrets/platform_store_windows.go,3518,0o644,8bbe36caa2eb5a2c0a5c64979cb2e9e78b1ecfb3a5ff8410b4ba585882bd563f
src/apps/daemon/internal/foundation/secrets/platform_store_windows_test.go,841,0o644,a82cb5c5b7831fdf3e159935fb9eac1a8521f8ea894b899d22aa0063ccd4d8ec
src/apps/daemon/internal/foundation/secrets/runtime_path.go,767,0o644,5e5f0a1ae028b738d7f324e252dd880b6cc26f38b67f32fa6469cba6423c4708
src/apps/daemon/internal/foundation/secrets/store.go,4532,0o644,fb9649f3c46b63ad23a4b86374c80141f3696105444a98566027f5d49483aff3
src/apps/daemon/internal/foundation/secrets/store_test.go,1852,0o644,19b973a78cb4cb5d5356d666ba3689b74821e0a0841141cc7709e0a0a369e434
src/apps/daemon/internal/foundation/store/.context,1410,0o644,6b68a0196c144f75d9aa81c627ec18aa97bead9a3a3ba1203becf616ee6df5d5
src/apps/daemon/internal/foundation/store/db.go,1809,0o644,3756c562f4b9132df684ca082a1bc6577aa6feace258e9de36d77c0aecf20564
src/apps/daemon/internal/foundation/store/evidence.go,8343,0o644,5f10828e9658fc1704710ab28b376ec5731fe32bd2d7b0efc7d4db41bba9e0cd
src/apps/daemon/internal/foundation/store/evidence_test.go,3536,0o644,40017c8240a5802e0ff19c5b68c2f0c858ba98915b298f9f0d153096b6ed5a30
src/apps/daemon/internal/foundation/store/jobs.go,5596,0o644,08494a2806275e7876cc72f782aa8bf1ae6ef12ce6638ddfeb2b55d39bb8e733
src/apps/daemon/internal/foundation/store/jobs_config_test.go,1604,0o644,878934cdd9a844f4732802189df65523ea08077aa5cfe7d8681c6a1ba54b39fa
src/apps/daemon/internal/foundation/store/migrations.go,8944,0o644,ab9c08afde9ec44e29bfbf055c345724d3616a01b0adb3c9f88c843e06eef035
src/apps/daemon/internal/foundation/store/node_store.go,2637,0o644,1aae7638700671f69c4e136dbcc3c139b9dd7c20a222a59a9e631b9e9bd175b7
src/apps/daemon/internal/foundation/store/node_store_test.go,710,0o644,f6d28ab9cd979e9474459e946618a3875afe56928c57501b104592e3525c01aa
src/apps/daemon/internal/foundation/store/update_metadata.go,3061,0o644,82f77a9732f0da99060347c710a7156c8a4e348c8278691f995cdfae5fd00824
src/apps/daemon/internal/foundation/store/update_metadata_test.go,1321,0o644,9e4e1477f96acb5b644a3cf422612c6f6f7e3d6060dc71e7b8ba427555dcf914
src/apps/daemon/internal/foundation/trafficstats/.context,1247,0o644,01ee9e7b1799d8d68bfab1ad586cd989c1eb79596f126cd58faba9277e425651
src/apps/daemon/internal/foundation/trafficstats/accounting.go,797,0o644,ad3fedf0df655604d5d895cb5c35e66659e0e21dfe07fc8e6ac2c4a411fe962f
src/apps/daemon/internal/foundation/trafficstats/rate_sampler.go,1479,0o644,8b6ebd63f2256de4a7a86dd0e200c5132bc19f6b0e111e95762addba5298a3da
src/apps/daemon/internal/foundation/trafficstats/rate_sampler_test.go,1758,0o644,998ff7577beb6a7e2c494a328deb1a0e0497b9004159aeb2fa913894e12a57c5
src/apps/daemon/internal/foundation/updateadmission/.context,1225,0o644,57c41fb8c3e5ae5ccb7630570dc419971d39208410bb195c8d7f12e87955187e
src/apps/daemon/internal/foundation/updateadmission/discover.go,2421,0o644,42382f2daf56ef42acb2f184ae06e33f378249504a153c1524fcabe4ea0ca05b
src/apps/daemon/internal/foundation/updateadmission/discover_test.go,1856,0o644,b454b8184e229bcefd2b4569877761fa1870683dc5b670b21d2c540a930d5ab8
src/apps/daemon/internal/foundation/updateadmission/post_refactor_229_test.go,2802,0o644,f9c989f1540ceadd637778efc75b29f52f9106c6b2c42f5312f1170c3d8768ba
src/apps/daemon/internal/foundation/updateadmission/replace_stage_file_unix.go,469,0o644,94c01c78f9a8db33b61309d1e1456313d1cf39b722234f74acd017b2f7acff21
src/apps/daemon/internal/foundation/updateadmission/replace_stage_file_windows.go,450,0o644,577d498724d840aa36a956f1236516bf3b991c319dbadd67719620c0ee14726f
src/apps/daemon/internal/foundation/updateadmission/stage.go,8761,0o644,2551172a6e81b7373088be8811491c574d11f2fc63b1a530fa7134ddb03aafb3
src/apps/daemon/internal/foundation/updateadmission/stage_test.go,5848,0o644,41fbc0ac99b02543984a13cdc009ff7ef6c43d5f415389e69b9fd335e88a067a
src/apps/daemon/internal/foundation/updateadmission/sync_stage_dir_unix.go,373,0o644,ff3fbdfc26c129d838778bec1245363485d79f537b363a46f6bcbecd2f7170b8
src/apps/daemon/internal/foundation/updateadmission/sync_stage_dir_windows.go,341,0o644,edb330c0a2679df843ec0497d32afc04b1a37305833fe74352040721c8027b59
src/apps/daemon/internal/foundation/updateadmission/updateadmission.go,9130,0o644,45f9b8ab80fc069834221c83e246871868bc94ea5d3ecb51cd21125dc0e37f59
src/apps/daemon/internal/foundation/updateadmission/updateadmission_test.go,4771,0o644,a18b52b813ffc2f2f47102add6e7ffc826d1bb709291f786eb7f852225b77b0b
src/apps/daemon/internal/integrations/.context,1070,0o644,33bd87a9485d0b0629100833dfaf24a8e16382561e3a4271ca967a2409c6401b
src/apps/daemon/internal/integrations/captchaclient/.context,1096,0o644,e4366cc9e0541ed51faada0278d887ce0743deb4dced557e5216021be2330e00
src/apps/daemon/internal/integrations/captchaclient/http_bounds.go,435,0o644,0b96352f0a6d9014ccf035f7f402181185b1c13efa62b9d690a9f9072e6008bf
src/apps/daemon/internal/integrations/captchaclient/solver.go,6836,0o644,55563df6652f21489350a2876963d16efa9ada62622ec2e893ae8b9d94515598
src/apps/daemon/internal/integrations/captchaclient/solver_test.go,3589,0o644,2a832586f6800090738af74fad5457505bdb4999f43285e31a73320aa0d88f03
src/apps/daemon/internal/integrations/notifier/.context,1008,0o644,97db33aeb5e71d929306cfaf390f8411aadeab78d1ed2aa9cd84a0a7a172413b
src/apps/daemon/internal/integrations/notifier/notifier.go,4586,0o644,5a700ac854ec79614af4bb94c8f7c7a1794a86494ff2e6c35ed17289e44e6c58
src/apps/daemon/internal/integrations/notifier/notifier_test.go,1107,0o644,7656c7052a61a5b97d10447cc7a784c0f8b3c4dd08b4961c7c6c413adcf9b130
src/apps/daemon/internal/integrations/presets/.context,1100,0o644,e3c926036fb3a807c5d0cab5fd37a60f8eae87d457da391d87579f9c7f9ed19c
src/apps/daemon/internal/integrations/presets/presets.go,39712,0o644,fecd15174c68154f945f0717cee6f4a20b15e6aec9259b3fdd22fdcea594a603
src/apps/daemon/internal/integrations/presets/presets_test.go,1458,0o644,cd2450876378946a6f5ff7b0e4a0838029fe62efc18f8b3917533d28802a8fa8
src/apps/daemon/internal/integrations/provision/.context,1425,0o644,410092dcab53685c7ea4ab274404df92a7d189f407c9f2512ee9b540c15365de
src/apps/daemon/internal/integrations/provision/billing_schema.go,3502,0o644,25f3d72e8be49b50d7119c57874ea93b957e3cd640e84de04ea2f2c1119c802f
src/apps/daemon/internal/integrations/provision/cloudflare.go,28216,0o644,6527de20f178c1af0f6dd9fdb2336d018c3898256cfdc4a81956409af655e971
src/apps/daemon/internal/integrations/provision/cloudflare_bounds_test.go,646,0o644,2886889d8b70a3c70347d8a43f195c951c41abb86adc793d2b1eef5b4403803b
src/apps/daemon/internal/integrations/provision/cloudflare_errors.go,1061,0o644,486c5628e8e0274e9b0ce73a5c9cb49be2c6e53fb5b2a1eefb3929255faada7d
src/apps/daemon/internal/integrations/provision/cloudflare_errors_test.go,744,0o644,83eecddb67b4f62ba81c7738730ca7b9b65d8ad55d6cde530654a895b69a9822
src/apps/daemon/internal/integrations/provision/cloudflare_retry_test.go,3010,0o644,c8d488304d1468fff362bbbe61a58c341c3800d7f07903e0ca8216add7985876
src/apps/daemon/internal/integrations/provision/devcontainer_vless.go,5190,0o644,662f74645150cebf4ea5fd7910d258de218c6365d3ce2ae725bf627340e2d9d1
src/apps/daemon/internal/integrations/provision/devcontainer_vless_test.go,1808,0o644,232ea0410b346de19c283261dc92455a86f3d21ac9a785564c89a490b563d280
src/apps/daemon/internal/integrations/provision/provision.go,1539,0o644,95a3baf8dbe1adfbdef0624c1c2c1e361581b2566804890837f5ea12fcfa57f7
src/apps/daemon/internal/integrations/provision/provision_test.go,11691,0o644,b3badb6ff2ca609b9051dd9e338d18d5343f6672448a024392365221ce1dac1b
src/apps/daemon/internal/integrations/provision/vps.go,11756,0o644,ee2bbeecfbfda87f8f6b87d50397adbf6a71b34207496e00ebbf264ffd2dc1d1
src/apps/daemon/internal/integrations/provision/vps_layout.go,4639,0o644,838fba963d4bfd15970565f3b8ac3c060e30e247c0e0277643b0e7bab34d0650
src/apps/daemon/internal/integrations/provision/vps_layout_test.go,4205,0o644,938060ef00a6c2a5a210f548bb9e47eb071e47655699fa0b14c10b466427a44c
src/apps/daemon/internal/integrations/relayclient/.context,1471,0o644,006e9a904cf8fa1bab6d79f6fa3bc2827814a834869d3f715d1404d36ad88886
src/apps/daemon/internal/integrations/relayclient/adaptive_poll.go,1626,0o644,e18ee62bf527bd1a96c8e96c92285636c1639df8e21f1ba87e5a47e343e6c05b
src/apps/daemon/internal/integrations/relayclient/flow_observability.go,1811,0o644,5445240e7af99062fc31959ef2326f7a35fdb71c3f04aff0d930710fa01928db
src/apps/daemon/internal/integrations/relayclient/gsa_relay.go,4351,0o644,6b3735ee98afadf7a336592ebafe48f0d94b0e00f3237cacfe7b11bad19d38de
src/apps/daemon/internal/integrations/relayclient/gsa_relay_test.go,4336,0o644,211bfde628b73b4f862194c2558ab82b1a2b8f1820e8b8bb1608926cbabcca3b
src/apps/daemon/internal/integrations/relayclient/http_bounds.go,1392,0o644,cb281826e74260d0532c6e0261924c3e3af4158aceeaccd24aff22a732f00a41
src/apps/daemon/internal/integrations/relayclient/http_bounds_test.go,1024,0o644,a32cfd2fcb2fd9ffcece0fd0c0b7b8f8555e995a1032e81b2726059109af97a9
src/apps/daemon/internal/integrations/relayclient/relay_conn_state.go,6471,0o644,9ad6b7c83e5aba5716dfbca7a3703a3c2a6d1b8138d1a94b94d26d205af32dd6
src/apps/daemon/internal/integrations/relayclient/relay_conn_state_test.go,5241,0o644,8cc74ebf5f45dbe03f13da7af97eb97f477704c57f32ae6c7154d17b18d5dd84
src/apps/daemon/internal/integrations/relayclient/relay_wire.go,1351,0o644,3a96730cf0861f181dd33ca0078a6551f8941341dcc886431fd574312600c627
src/apps/daemon/internal/integrations/relayclient/relay_wire_test.go,658,0o644,465dd81b63f81efc342d7331d3efb1f2bca3b850b6efaa1c63d167b6f869d573
src/apps/daemon/internal/integrations/relayclient/serverless_dialer.go,7994,0o644,3ff1a495bbbc8f53f791a6e98d32f80b853fd6022c9456d364b31ba19a0eb135
src/apps/daemon/internal/integrations/relayclient/serverless_dialer_test.go,6538,0o644,d2496e0d9522f5ddaacaed5837e51206ebb300524f8a375aa5a68436f64926d2
src/apps/daemon/internal/integrations/relayclient/websocket_conn.go,2614,0o644,347712e388623f0d15d80022de152c8d544317a5b9b80213cf174d7e370576ff
src/apps/daemon/internal/integrations/relayclient/websocket_conn_test.go,2058,0o644,9f19b46d957190c843ceb8dd61bcc083b00b43578070d4bfd9417fab69dc567f
src/apps/daemon/internal/integrations/sub/.context,1795,0o644,207e2c113b5345762aa46a549f84049e42b8376347e6d5b1fe57dccf40c78553
src/apps/daemon/internal/integrations/sub/aggregate.go,6211,0o644,d6e8fdb29a5ccaf0053f9f30e5ceeb687b4d61979b59b9abb0f348f697a37071
src/apps/daemon/internal/integrations/sub/aggregate_concurrency_test.go,1192,0o644,30b3b8a696f058ad6026bfd5695b0274341c288170a49e51bb3b4ac6b26e436a
src/apps/daemon/internal/integrations/sub/aggregate_test.go,542,0o644,e4792654a4162066dba4a69c14d05e84617f5f378d198bdeb6dfa31eb7374771
src/apps/daemon/internal/integrations/sub/candyconnect_presets.go,4117,0o644,f2156e55df3a53c2e5370cb70727a053b3088dff5d4d656d841e8f9f1bc25f18
src/apps/daemon/internal/integrations/sub/clashconfig.go,8895,0o644,adb57aaede534640c68ea31ec2c70dcf1d86829ef489ec3ac4f2eb7121ad1d9b
src/apps/daemon/internal/integrations/sub/client_configs_list.go,3317,0o644,6d5ea03c419c5487ff622efcc440b933fb8ea8c33fcbfdc9d7fb227a7a0bcea8
src/apps/daemon/internal/integrations/sub/convert.go,28254,0o644,3cd3ee0dd1049e733cf5a8de2824574134217e60e29491fd09dbef2e0c710cce
src/apps/daemon/internal/integrations/sub/convert_test.go,6131,0o644,52d7b4f93966c124463d5c2f5199abacdc1c0cc21ed90523946d260eb34fb781
src/apps/daemon/internal/integrations/sub/deeplink.go,2976,0o644,f4987751e178037d5868c3947ff750baecb6cefa6eba959a29516aeb5ea0915f
src/apps/daemon/internal/integrations/sub/deeplink_test.go,1963,0o644,012217b1ec85aa4428ffabb65fc1cad56dd1364a61c190c2cef8c07eb9e76d8e
src/apps/daemon/internal/integrations/sub/dohot_frp_presets.go,5737,0o644,edc6c255a7bf7c66bf8540c778f4464dd187dd09cfa1097a43b2317c9e7417df
src/apps/daemon/internal/integrations/sub/egress.go,8701,0o644,69d437ab8954db92c7af9bca905ae98109020346e2f3f02ba71c9a8407d380a8
src/apps/daemon/internal/integrations/sub/egress_test.go,5091,0o644,44bdca22cf99c51f8886dbf216103a1c3c23d9ef438f2d93be19e56cbf1340f7
src/apps/daemon/internal/integrations/sub/fetch.go,2537,0o644,8f824445eb6bf8fc5358741ae389e33de247c8a0b54092d9d47ad1abc072a076
src/apps/daemon/internal/integrations/sub/fetch_test.go,4106,0o644,cb1a04c1ee94ed754a29fc213dde88f2cdc027456b0fdefbac8cf140b22fff50
src/apps/daemon/internal/integrations/sub/geoip_database.go,2990,0o644,f7edc6174329038d62568f41bb04fa309b168c4ea495a3979654a7f8009f4ad5
src/apps/daemon/internal/integrations/sub/ingest.go,26743,0o644,ff35929e5c127fbd2843c03d71f8ff883650bb8ffb50f68e5df76accde54ef48
src/apps/daemon/internal/integrations/sub/mtproto.go,4195,0o644,7bdb18a26948abdf33938403bd5bf339ee4384ab43dca4e9f5a3d8382e443cb7
src/apps/daemon/internal/integrations/sub/mtproto_test.go,4043,0o644,79aa76fefc92dbd8b55523cae2db1a91f5a3b9389ad1a83e9b84a47e36cbe815
src/apps/daemon/internal/integrations/sub/node_catalogue.go,11398,0o644,43b64e6f61849bc1a7c1e76d509d648add69c9e7fa44cdfe16ffe4ddf5c4dd46
src/apps/daemon/internal/integrations/sub/node_catalogue_test.go,5652,0o644,a1f84b05c465fdaf5fedf5dbae01b5f800193dce60dd94174a2b52c32c3c83eb
src/apps/daemon/internal/integrations/sub/profile_entitlement.go,3319,0o644,b3bc2d36157b7cee44c5a8937fceab7ef6d8f0f781e1a6d62a2cf686126b86cb
src/apps/daemon/internal/integrations/sub/profile_entitlement_test.go,3152,0o644,3e3ffe9324763579ef1624de5c873ddd3dc6e9aa388337c5884014fe2d778085
src/apps/daemon/internal/integrations/sub/profile_failure_kind_test.go,2802,0o644,45482291c4da2b5c03f90f4e5c44ab0ee5dfde75bb4e3337c19c710abb759ddb
src/apps/daemon/internal/integrations/sub/profile_service.go,32383,0o644,03d0eb9c647ad88dae922a066d465729a916d0026e8f7cc9528f4e8ab5a67bfb
src/apps/daemon/internal/integrations/sub/profile_service_test.go,7467,0o644,d9a968894f12d0a3f97279abb0de039c8eb1f489b133d565b56d72897f0ca6ec
src/apps/daemon/internal/integrations/sub/profile_source_health_test.go,17474,0o644,6fbf83f10e7b3cba04b6cb94ede7b52bf0f046a8e236282b445c02a5d5e9ad88
src/apps/daemon/internal/integrations/sub/rewrite.go,2265,0o644,c2ab52dfc673b271541bcf673f49e1c70259373c421ecfad4a189ec2213d8dc2
src/apps/daemon/internal/integrations/sub/rewrite_test.go,2503,0o644,7fc985596cc9e1c7d45a47c3d2f94d681aca55338b9fbe129ee2c2de5ef7f305
src/apps/daemon/internal/integrations/sub/roundtrip.go,4644,0o644,79b1050337a5e1884976a7dbecacebc717813d3ba0d7b8b84148701e146ae91c
src/apps/daemon/internal/integrations/sub/roundtrip_test.go,4349,0o644,c773c6c09d88f42c9995a2dfba52c393f1d930a4c90544572abdff1f635f07e5
src/apps/daemon/internal/integrations/sub/safety.go,2366,0o644,064488f0b27517ee78f321bbe298fa3b8699b6a26032c54ee8a5a38da3b241dc
src/apps/daemon/internal/integrations/sub/safety_test.go,1487,0o644,ac4209867e4fd93261e7c9a73701ed8025862c9fa82e201ce5feebbbc6affeb9
src/apps/daemon/internal/integrations/sub/shape.go,1220,0o644,08662efb026504fca5a9cb9599f7a438f696adba5e0e3c1b6f6f2cff481a6c48
src/apps/daemon/internal/integrations/sub/shape_test.go,787,0o644,93a452442b08221c0353efd892f950b51a0b1208cb34f5beaed8c1ebbbf48e6d
src/apps/daemon/internal/integrations/sub/singbox_rules_list.go,3870,0o644,4eb0350fd1d98d8b418cbbae05e9a133c4925f3317058c89cee69239a9f2272b
src/apps/daemon/internal/integrations/sub/source_failure.go,1679,0o644,22c6abaa4681f845055b6792fc5002c9d26bd404feebd4ab3a6b94ac3ba30361
src/apps/daemon/internal/integrations/sub/telegram_links.go,2778,0o644,09e76452217a4f123aee6b1b4b54ccb97fe8f69fa6774a78cc138340570b2caf
src/apps/daemon/internal/integrations/sub/transform.go,9683,0o644,b3c36bc6d936476d65d804b2be4411dd0d2be56bf92c3f02872f74132495ca82
src/apps/daemon/internal/integrations/sub/transform_test.go,2913,0o644,14e45095a8f981f6c1f36d8abf99f93a68d5d547acf8cedccbf9821ea47bbed8
src/apps/daemon/internal/integrations/vpngate/.context,920,0o644,bd092e0b1543507287b9cf2ec0cef2a6f6eae88a2c9f3ebacdfc247097df2d24
src/apps/daemon/internal/integrations/vpngate/client.go,5402,0o644,a776ec5b39f98578977bcba2fde2d283644da42192fe57f0f8bb48caa7caa4b5
src/apps/daemon/internal/integrations/vpngate/client_test.go,1271,0o644,7b45777faea457f3b4e5cc9783c65f7551633a9098727c0cf88c566e4543d22e
src/apps/daemon/internal/native/.context,941,0o644,9808a7d21eb6b5ced885a832781b678d99c38ac3a62d46ed1ae2e45b20f63290
src/apps/daemon/internal/native/bridge/.context,1571,0o644,b1c99fc9745c3139087aa817ee052d188c1bfec0103982737b658092f9b255f9
src/apps/daemon/internal/native/bridge/async_policy.go,471,0o644,e208515a9ad672c3a0ba4bd26d7a12ce4b02061f43b6cfc5bb4bc6c2bd61563c
src/apps/daemon/internal/native/bridge/async_policy_test.go,526,0o644,3d783e3ec20bcb18aa24047548eb327f5161fbea84bf36809ca40c0a68edeb89
src/apps/daemon/internal/native/bridge/core.go,12815,0o644,891c6d6c679e8cd71390125186296b7f1393c678e17fbfaa21d0c40fd1832321
src/apps/daemon/internal/native/bridge/core_degraded.go,8440,0o644,a29a69689c36feef4e3a3f789bf08db99a20220176d3f53a11555bf2b0943a12
src/apps/daemon/internal/native/bridge/core_degraded_truth_test.go,3330,0o644,9990697abc52c14e483dba09c07ec856091476a9af1d9794051ef023254043a3
src/apps/daemon/internal/native/bridge/disasm_test.go,551,0o644,7a02effb1ca3af0adc50741e711ab626c2486048f69bcab5b1c77b0d532fb167
src/apps/daemon/internal/native/bridge/errors.go,266,0o644,ba8b10c82e99933ef47b3fe3d5e09e3820faa7a879ae99c03d6a132810b2f18a
src/apps/daemon/internal/native/bridge/ffi.go,1577,0o644,4c7cb40dab3fd88db8788fbd452a27d814ca5a2a3650e719ab7624171d7862b1
src/apps/daemon/internal/native/bridge/ffi_types.go,1356,0o644,337a65af7a4b7536302682c91dcc4600df3ad91d508f95cefe4a550a9137e340
src/apps/daemon/internal/native/bridge/fuzz_test.go,2950,0o644,9fc23304e9ca197805150463b66315558eaea97d9ba05083d2a9cde1a40a32c9
src/apps/daemon/internal/native/bridge/lumicore_abi.h,1978,0o644,2a46b038e0612effe642b09a94ae99ab80ed944f96dd1d8f819aaaf67ef086fa
src/apps/daemon/internal/native/bridge/shm_posix.go,389,0o644,ce191c9b23a1eb77a17ca42ca8d1371031b0d80042fe5402e22f479b31a885a3
src/apps/daemon/internal/native/bridge/shm_windows.go,964,0o644,beefbd828541b435420cf108559634d4841a214cfe0d65dbdf0700d571f58754
src/apps/daemon/internal/native/bridge/streaming.go,3019,0o644,989451c945e7c3c236b8742f6d8f4e7113e210a919e360309b64273003828ed0
src/apps/daemon/internal/native/bridge/types.go,3506,0o644,28272d4ad588392d7e1c43801764e04be9e4aa7b67bf83a493f36fb4e3a741b4
src/apps/daemon/internal/native/bridge/version.go,827,0o644,9798295f112551057679bace71f773f556a1c7a412faad9efcfdecc31048ef9d
src/apps/daemon/internal/native/bridge/version_degraded.go,348,0o644,0bf89acc1cabc787bccbd7a8999ca380480c65d9c9e7bc4816b330de15911d1d
src/apps/daemon/internal/networking/.context,1034,0o644,75e2db55fecb95e45b370bbd8de2cd16ca2b9c6fd73414b584d843366b3887b2
src/apps/daemon/internal/networking/dns/.context,1443,0o644,acff27299715ed4383493fd45b6c9b6552c3f3a4b967941ea5bf618150f5379f
src/apps/daemon/internal/networking/dns/bounded_cache.go,5189,0o644,66078590f5aca10189c9e7fd6f993b76a483ef80a77fefd103cf6b0d72c88bb5
src/apps/daemon/internal/networking/dns/bounded_cache_test.go,2080,0o644,6bf66128323c3df0764e6d045509e3414d7e0a62fb79e2c9ed5fe926586013ae
src/apps/daemon/internal/networking/dns/cf_api_client.go,8349,0o644,3e291e9b42f3e005ff60ed41ee9f5c2c0a31643fdd93c42e253577af7cb9dbbb
src/apps/daemon/internal/networking/dns/custom_zones.conf,1122,0o644,dedac807a5dffdf03e150758af0315ccd7ca1e93864aa35cdbb6520e0f729316
src/apps/daemon/internal/networking/dns/ddns_bounds.go,439,0o644,95e777d5c23227b0ddb9682f5202ba15cb4faf31c0678aa97d39a0bd5f541137
src/apps/daemon/internal/networking/dns/ddns_bounds_test.go,308,0o644,fa5012f9857d398f60b4324d9626b11030ac741046986ca9b6c836047895191e
src/apps/daemon/internal/networking/dns/ddns_retry_test.go,1705,0o644,84e66d2e9348a9772b34552a4d0cd776a5d7828c4c792d057eb4b19543c08b4c
src/apps/daemon/internal/networking/dns/ddns_updater.go,11702,0o644,9171414a882b4847aa388cb9af8bd13637309906c28a8f5c90f6e5a9bba725cc
src/apps/daemon/internal/networking/dns/dns_fallback.go,2882,0o644,bc4234584f2245969a64e5769a1389ef11b260614927245c8ebed13a688d4968
src/apps/daemon/internal/networking/dns/dns_fallback_test.go,2448,0o644,4a6607afffc3c477a9edeb3f584c54e4f1a812a959aa4ac66c77cb50ca9a8de3
src/apps/daemon/internal/networking/dns/dns_tunnel_arq.go,23293,0o644,b5d2e108214ce1e60bf06651a8b83b08bca87fd27448559b9c107ada073eb4d4
src/apps/daemon/internal/networking/dns/dns_tunnel_arq_test.go,10268,0o644,efdedc245ad6e669f4dc528d3b93bf8de78945e4cd076e83ff5c80abf42c5679
src/apps/daemon/internal/networking/dns/dns_types.go,16461,0o644,750d13696c18dd68416902dfd2e4c7c3982e684405aee1ffe68bc977583b6668
src/apps/daemon/internal/networking/dns/dnsproxy.go,8459,0o644,fb17df8d9fa090b605a46a82a889d4971de2531c8867feacc3c9f5bd9c8b147b
src/apps/daemon/internal/networking/dns/dnsproxy_test.go,4039,0o644,16519292b7d5bb0d9939e6eebbc39f1449f0aacc225c48a1aabf99ddfda86d3a
src/apps/daemon/internal/networking/dns/doh_blocklist.go,468,0o644,ec26f1fb00fb302156f51076ca1fc5e9faad9ca78c2fe53395ab6310a0b6e032
src/apps/daemon/internal/networking/dns/doh_blocklist_test.go,273,0o644,23d0aa2b6a2d7af93db351765bc321186441d6ca9392b4d92435d9c4cd69ea7e
src/apps/daemon/internal/networking/dns/doh_pool_plan.go,6826,0o644,d407294377d3d2169c99f106d8cff17104a1681ea7eeb8a26a0d60d306a3f0f6
src/apps/daemon/internal/networking/dns/doh_pool_plan_test.go,2255,0o644,c22be0d192ebf603c1bad3588cb16838c00f790b6bb5f35105ea7be994211417
src/apps/daemon/internal/networking/dns/doh_proxy.go,8724,0o644,a8df6fd963ac18f5f034838127c84daabed4ba1e63d98a5b71da63af2aa9f641
src/apps/daemon/internal/networking/dns/doh_proxy_convergence_test.go,2142,0o644,aff331012225608c549fd8546b465a52151144022c62f1f3566c993009977fea
src/apps/daemon/internal/networking/dns/doh_resolver.go,16180,0o644,805ce243afc9894282083b9dd7f6d88a255fb42cef79d44824b4a64abe905e1b
src/apps/daemon/internal/networking/dns/doh_resolver_admission_test.go,5191,0o644,8d1e58ff3df39535c9275ba20c2ddd79875788aaadfd94c65a15f081aa67a51c
src/apps/daemon/internal/networking/dns/doh_resolver_convergence_test.go,2544,0o644,875c56dfa969784bdd02d320384724cffb4bbf613a473c3df4ee80a3f5a1ac6a
src/apps/daemon/internal/networking/dns/doh_resolver_test.go,1092,0o644,f93c3c2bfda1abc0431549dc9472bff0cf53a211e30bab1674f5f969e95be5cb
src/apps/daemon/internal/networking/dns/dohcache.go,8470,0o644,ecca130c6564ded5ec73fe6d16444675b38d52b90ecbde1c36333ddcf4b65e6d
src/apps/daemon/internal/networking/dns/dohcache_test.go,7944,0o644,bd21499c87ae2e05edf28d738e0b9acbbdbf115b6a0150f44f3e2e486a11402f
src/apps/daemon/internal/networking/dns/http_bounds.go,654,0o644,1f19889ed8a7880dbffda3ffe64e699622fdb78e2a32fd39ca241c2dacae6f22
src/apps/daemon/internal/networking/dns/http_bounds_test.go,601,0o644,da5a1f9c8244ac73e7e3635bb798759f60c3fed1aac6d33b0950ae20df2fe0ef
src/apps/daemon/internal/networking/dns/lowerbase36.go,608,0o644,35997dc802d3c4730ec85fa80ad3194cb0c7fbe9f2f989723572b04d1e1df55f
src/apps/daemon/internal/networking/dns/preflight_checker.go,11684,0o644,38106fd81bc78a61669dd534b9fde0cdd1d8f0d35a75b10e17f203bc13b52ece
src/apps/daemon/internal/networking/dns/preflight_delegation.go,3177,0o644,213135367f06b90e3b8cf9bae9cf7490b5b9cad8b738f0d2cfc9949c6b1fd9cf
src/apps/daemon/internal/networking/dns/preflight_delegation_integration_test.go,3362,0o644,0bcb35b8c4d89f5d33207ae98b8034d7afce408846af38734638dcb1d8990fff
src/apps/daemon/internal/networking/dns/preflight_delegation_test.go,2810,0o644,ecc8e9a48d47d1a5c79ab42eb9800560e146daf428c41a3cbfad1a588d346927
src/apps/daemon/internal/networking/dns/resolver.go,15130,0o644,117403c93f10a96c797f7b40e5a3b3332c908bfbe768c42f2a9a12281866a1c2
src/apps/daemon/internal/networking/dns/resolver_dot_test.go,1838,0o644,375ccf70bf7863d27617f2334157306f0392902dc945ed576b9a8816b654b441
src/apps/daemon/internal/networking/dns/resolver_test.go,4029,0o644,fe93ca553b9375c2de1c1f98f45b5b11a0731305cd01538c71ca8a69eb396cca
src/apps/daemon/internal/networking/dns/smart_resolve.go,716,0o644,a5713290f24f4f449b3098199de1feb479a1b24a4721fc9aca330ffcde431753
src/apps/daemon/internal/networking/dns/status_bounds.go,411,0o644,c24493358d35dc1d319fd2ffe2113be3516fea96c8db5e792c21ee4cf9f98ebc
src/apps/daemon/internal/networking/dns/storm_dns.go,3105,0o644,35434ab666b4b2046f38080ab1c15f745640bf7ccba8ed09abd9f8d1b5f39bfc
src/apps/daemon/internal/networking/dns/whitedns_wizard.go,15041,0o644,819bfc83d53862e45d6304367b0282ad8016c9e13244763d8100b8026f3e06d3
src/apps/daemon/internal/networking/dns/whitedns_wizard_domain_test.go,573,0o644,930eac50550344cc197ac0d534b65ece16837d3e7d0df90cd30139034fd1c1e4
src/apps/daemon/internal/networking/dnstunnel/.context,990,0o644,6a8c07546260a76b0c53ea5aca3ad41afe8857eb41cf7c3cb3a3041ba69e9dd2
src/apps/daemon/internal/networking/dnstunnel/plan.go,4141,0o644,2656aa773c1cbc7cabbf81c13529bfcf141920d9ac3f0ca78b9e4552736eec29
src/apps/daemon/internal/networking/dnstunnel/plan_test.go,4567,0o644,c3520511f1c1e67212a6eeaaf9d6abce60ecb9cae62cfc39c4f40e7a686a5ffb
src/apps/daemon/internal/networking/dnstunnel/reliability.go,10206,0o644,9ec72f112273f3d401d492a9018364c9d99ddb7c22058872fb0fb35b3ea9d6b2
src/apps/daemon/internal/networking/geoip/.context,1173,0o644,cc62ef4cf9f054298c71ae5e0d38d919fa207d262e6f26dbc68f16f94755be4a
src/apps/daemon/internal/networking/geoip/geoip.go,7075,0o644,95025f7ac9a689add52155799b7cf659b548581302de2ca5a9e50a5ca66e2953
src/apps/daemon/internal/networking/geoip/geoip_test.go,5545,0o644,9d7fad5278b3d43f0aed0ed3dd6986de1eccd7b0b09045a0e114dbcc9e16a337
src/apps/daemon/internal/networking/geoip/http_bounds.go,436,0o644,e31c228a19bd22ac91827d1824ca83a12bdb695dbc0f24ef4e7034a227aa3b01
src/apps/daemon/internal/networking/geoip/http_bounds_test.go,311,0o644,04910d00feb0a4f4af570f92960f325a37e16b82643935d59dd0439a124f3928
src/apps/daemon/internal/networking/geoip/local.go,1405,0o644,b7970844936812a4467d060c52e0f3ee0d58e9dd96e0a94183a3d2662671aa9f
src/apps/daemon/internal/networking/geoip/local_test.go,482,0o644,126f601d18d246efbd9249f0a91e6aac2ea86b26c1164c724739e83d6f3b7094
src/apps/daemon/internal/networking/kcppolicy/.context,967,0o644,626702b85251a7b7e8931023d3fb803c40870ed26af368f8c9330a351d79b46c
src/apps/daemon/internal/networking/kcppolicy/policy.go,8103,0o644,2bfb7cf0d4c43a2a21b191e2e8b93778072ee4db48003683a2ce380614eb467f
src/apps/daemon/internal/networking/kcppolicy/policy_test.go,1887,0o644,2e366a4b8db1fe3d6e33519c2b0985ecd9e6d45887b822b31411da791c59d539
src/apps/daemon/internal/networking/proxyconfig/.context,1626,0o644,5c26dee18dc20ad7efde165560b5b7e77637840f4e65cc30479270bfbdb8dd42
src/apps/daemon/internal/networking/proxyconfig/core_compat.go,4820,0o644,93f491191957458d04a60e8dc37be6129cfbc7437adb501d2da128af4eb36e89
src/apps/daemon/internal/networking/proxyconfig/direct.go,474,0o644,c22adcb6a9e07612aead54321d09e19344452c31834440338a45e82909ee5cb9
src/apps/daemon/internal/networking/proxyconfig/finalmask.go,812,0o644,9f32f4aba06eefc7c53720e48da218e23d95db14cb1546088e056c78019a369e
src/apps/daemon/internal/networking/proxyconfig/hysteria2_fields.go,2288,0o644,1ef0328d2ffea4d2cd6318813c6210ef2b68efcd67b1912f9707c0d7a0dec6f2
src/apps/daemon/internal/networking/proxyconfig/parser_anytls.go,1848,0o644,01e43d36b932b212bd89e6a7631fe55596eb28edea90ea3bde938c423bd5c9da
src/apps/daemon/internal/networking/proxyconfig/parser_contract_test.go,12923,0o644,efd1cad58c69e1ab2ae41443d58e2a21aa67bef2a2c3d0766545b6c5039a6961
src/apps/daemon/internal/networking/proxyconfig/parser_dnstt.go,1280,0o644,5645430592c76875611781d2257d2cec2c5f4d1b1b11ab5e927f24ac1f2138b0
src/apps/daemon/internal/networking/proxyconfig/parser_hy2.go,2013,0o644,5d00af94ba2b4537f5a6206dab5fac007ffffe9ee90c2921533c36e0d9153339
src/apps/daemon/internal/networking/proxyconfig/parser_juicity.go,1701,0o644,0352cd42ed76372c20e0cb36ebe096b29a24a92756bae4e39f29a9373316afab
src/apps/daemon/internal/networking/proxyconfig/parser_kcp.go,4830,0o644,d9671488934d72e4a3cbbf9bcce45f023255184dd3ea15f8e3fd773c4e73d907
src/apps/daemon/internal/networking/proxyconfig/parser_naive.go,1326,0o644,a0bbc0fc0d7ba8455305c0e3a8216da589c4987f5b58c965fb1b7e84fc5205c2
src/apps/daemon/internal/networking/proxyconfig/parser_nipo.go,3453,0o644,bb2520cb6b0ff105e06cb08f4246f792a5af4a9db28f493467d23aac01098525
src/apps/daemon/internal/networking/proxyconfig/parser_ss.go,6739,0o644,9f1585a6f0f208b4ff116af9182b242fb67e92a439d18036349f5890c4fad175
src/apps/daemon/internal/networking/proxyconfig/parser_trojan.go,1898,0o644,947ce4f2f61c9a82f7659e15c1134635ae4814ecec7780c8d84a292909275b39
src/apps/daemon/internal/networking/proxyconfig/parser_tuic.go,1247,0o644,9da2e09111148ca7fe7d824dd28b06b92a3415d9361f40f9d459eb21ba98ac75
src/apps/daemon/internal/networking/proxyconfig/parser_vless.go,3761,0o644,3030ca5f9f5e54f07aa7a9c18a76a5dec77086b89149a7815093055e1ed66e58
src/apps/daemon/internal/networking/proxyconfig/parser_vmess.go,4189,0o644,a123f2e3ce2d131ede51a2b201f997ca4a918f60ede0311ab6590a637aefdc80
src/apps/daemon/internal/networking/proxyconfig/parser_wg.go,5063,0o644,d3ffd4364ff491cf35b46cabd1fc34abaf4aae7f4207a6b489786be4bc36cec8
src/apps/daemon/internal/networking/proxyconfig/post_refactor_224_test.go,6080,0o644,15eae8ba71bba16b4bf041f66cfb734d49697fff9728a0f1ccc8530e9e88f84e
src/apps/daemon/internal/networking/proxyconfig/preview.go,1403,0o644,3e262d6d238d9ef0a3023e943bc24d1ccff097e2da4dea1cd7582cb197908316
src/apps/daemon/internal/networking/proxyconfig/preview_test.go,815,0o644,1bba0b7ec030f2ab8abdfa9d2e0defa63b4267564196419bf33a58aa86128af5
src/apps/daemon/internal/networking/proxyconfig/third_wave_contract_test.go,8209,0o644,d277d5460b147d0bfc3caf8b3d160e807508859177be7c94f3b9666043da871d
src/apps/daemon/internal/networking/proxyconfig/types.go,37499,0o644,374dde2e4760334f0e133c92edb906a928539745b73e0292c1cc3921ba8b511f
src/apps/daemon/internal/networking/proxyconfig/xhttp.go,1913,0o644,f3f40b14df7417cd0b8cd923cccf8eb65d8eee45f72f16acfd5fc60fdfc36ee4
src/apps/daemon/internal/networking/proxyconfig/xray_tls.go,1134,0o644,1802d10a74b7fadac24677e080c4e25f1590698f14ab2b975fd72a17f2c8bd27
src/apps/daemon/internal/networking/routing/.context,1103,0o644,f801516272627a811b90d3e2da1940a03edfa5ebac8fbe0c3d4d68c661a16620
src/apps/daemon/internal/networking/routing/domain_data/.context,1184,0o644,6678d9d4b6ab689ad39c3c220f4c3a1731dcfc9724b0d3fae467970adef9fdba
src/apps/daemon/internal/networking/routing/domain_data/category-ads-all.txt,691,0o644,e59fa2b44ed377d623f74292eb6bccbeb5f39eaf111f92349a95421c85d6da2f
src/apps/daemon/internal/networking/routing/domain_data/category-ads.txt,3873,0o644,6e018bf2f5ea0b55bf851c89e9afe8cf61541d778087e8654e74310d776c66c6
src/apps/daemon/internal/networking/routing/domain_data/category-anticensorship.txt,839,0o644,880721d8ae9f43cf4a64bffa3a509ac684ad806f33ae11bb4047f472661b8d63
src/apps/daemon/internal/networking/routing/domain_data/category-doh.txt,5044,0o644,7890d539601f5b48d62d7a4b6a4babcc44d463a1af70717666febafc2cfd7ca3
src/apps/daemon/internal/networking/routing/domain_data/category-media.txt,2721,0o644,3a7be99051a6ba923cfd789641167459df2ee2868e11fdb63d95ed9294d4de5d
src/apps/daemon/internal/networking/routing/domain_data/category-service-access.txt,4328,0o644,7e36c00b19d1554f59ced9095fc26084c1ccd285e6e470ee6cf77b2d3f6e108c
src/apps/daemon/internal/networking/routing/domain_data/category-vpnservices.txt,742,0o644,ecdd8f9ab3d478fd025672b9c0ca21737cd8d503a7dbab7a26a7075bf082941e
src/apps/daemon/internal/networking/routing/domain_data/doh-domains-overall.txt,34012,0o644,d5012e8a7a02b835616c51ce748167b10ede8e768cdadf7dc405bfc2f4b6f24f
src/apps/daemon/internal/networking/routing/domain_data/doh-ipv4.txt,85761,0o644,388459d1bb28d99104fd7cd0c2f96a244ea58985d6272a01ca9593601e068693
src/apps/daemon/internal/networking/routing/domain_data/doh-ipv6.txt,86162,0o644,7821a596084fa45917fa5090f54fd5d495679aec38aeeb264a1113c3f9964229
src/apps/daemon/internal/networking/routing/domain_data/geolocation-!cn.txt,5848,0o644,3f30d6946aa5d689638ff6c5d518dc5e1cd8e185dd5f3d9bb3620bae7c5f71fa
src/apps/daemon/internal/networking/routing/domain_data/geolocation-cn.txt,28672,0o644,ef016678222a6fb75de0eeab85857252c270db65c5f07b02731159cc45ab6cab
src/apps/daemon/internal/networking/routing/domain_data/private.txt,4420,0o644,831667a51e35d5c7ec3c53b89fa02a372fd5309aa6138aee7c03a4423f7c4cf7
src/apps/daemon/internal/networking/routing/domain_domainrouting.go,8142,0o644,364a146ba998b5f6a195f8dcc895fc398ae346de1b1df029d9dd30a8bfd67a07
src/apps/daemon/internal/networking/routing/domain_domainrouting_test.go,3075,0o644,e65e084b80f9a93e9f8f2b23a3a8223d06b5bc6a1bf73fb9e7e3185f4d244ad8
src/apps/daemon/internal/networking/tlsdecoy/.context,949,0o644,a3b39f0797087d481683d06e39d3162b622a6340d1cd8bb06dbbdc738f9ce8f6
src/apps/daemon/internal/networking/tlsdecoy/decoy.go,3767,0o644,e61cc344b96cd647b711e6afb3a065fb8826ea386b30d4c370fc1eb8c8b6ea8f
src/apps/daemon/internal/networking/tlsdecoy/decoy_test.go,1397,0o644,e8b038fe6bb23a7121dec2317978e9601e988416fe2ea7870a0869a890ccb1d4
src/apps/daemon/internal/platform/.context,990,0o644,bb3df4d76613c1b1facd4224e68bc534821607933d0047fb80278acebfec8c84
src/apps/daemon/internal/platform/mobilehost/.context,1513,0o644,1779ee60228ea94bb54c1c3eb07ca0e3e581faea58925256f278fcacc25a4445
src/apps/daemon/internal/platform/mobilehost/captive_portal.go,611,0o644,6bb7cd970091aefd3a5d31602acf791ccfb1283589ab9ffc309dbd41a79a8d5f
src/apps/daemon/internal/platform/mobilehost/host.go,2438,0o644,5d4b5df282b7944c6c739c1919fb815a5ced2f81b5530177637fdbf8508f628b
src/apps/daemon/internal/platform/mobilehost/host_test.go,1102,0o644,47609b6200f14cdc62f9bbf2ff03192dc914deebd4df818818b35ef72bd50756
src/apps/daemon/internal/platform/mobilehost/tun2socks_adapter.go,12510,0o644,335551325954e91d86354a35345e2ef7e087a26ef19536142e10303b14becf54
src/apps/daemon/internal/platform/mobilehost/tun2socks_test.go,11054,0o644,ba8a6e4d28355019ba77673f07aff2fa07025cfba96c7bdcedd5736852694282
src/apps/daemon/internal/platform/process/.context,1304,0o644,42051655a93acfa4f49056f96361c0f9d66049941e8baf04540affdd0de9349c
src/apps/daemon/internal/platform/process/errors.go,223,0o644,7e0521a2a66648b074dd1b11c28b598e284f9a8deca6a6b6d38f9b37b11573bf
src/apps/daemon/internal/platform/process/kill_unix.go,549,0o644,d0b207a91c4481c0d8ed29fa87349ba7f73ac5f24fb774856700217fff344744
src/apps/daemon/internal/platform/process/kill_windows.go,603,0o644,dab91eeb807f963cece149151891f68150f87f980d9da91196dd975263403345
src/apps/daemon/internal/platform/process/process_attr_unix.go,423,0o644,c03bca40ef1e6c32d459421655066d8e9ea22391da42537bea36ab89405c7af0
src/apps/daemon/internal/platform/process/process_attr_windows.go,517,0o644,dc6d74dc68b03059426cf0e517f96646786bb6221ab5ccfbb49ea5c02d1148fb
src/apps/daemon/internal/platform/process/startup_unix.go,665,0o644,b19f6fed35b34256bfd61cb9ab67ab8b62074816cafdf3212ece8e6799838ee1
src/apps/daemon/internal/platform/process/startup_unix_test.go,588,0o644,f8f912c1f7209de7a879c7f9ecda0f7d1c654fb7207ce92675fcc64232e92f8f
src/apps/daemon/internal/platform/process/startup_windows.go,1252,0o644,9016abeda2b45ae096b8a6e7373b55575923faf43ebed6bfb8a270e41c85128f
src/apps/daemon/internal/platform/sshtrust/.context,954,0o644,5671591dfbc0b2ee6ed494879b15849f6d80ac658e7fd9d7a46cfd1dc68121aa
src/apps/daemon/internal/platform/sshtrust/host_identity.go,1760,0o644,f5465735525cec5855b90218202e40e2166202f0c7a0197d311479bc5a3ccc2a
src/apps/daemon/internal/platform/sshtrust/host_identity_test.go,1382,0o644,239b06dd586a2c96eccc479db7ded11052858b83e560b4ab5c8f11302b4dc9bc
src/apps/daemon/internal/platform/system/.context,1867,0o644,020ffe9b2cceb803c9e1e500ea20b2c4df71e9904526264e13a5812cceaa50a0
src/apps/daemon/internal/platform/system/agent_bus.go,1238,0o644,ed760d491d377adfe939169b286055c388ff731cd1a6719e4b6b10ab2699d027
src/apps/daemon/internal/platform/system/android_jni_unix.go,302,0o644,da65ac53c0875ba96e639dbc29d3c45a64e62f70279ea3665247f42d40707902
src/apps/daemon/internal/platform/system/android_jni_windows.go,335,0o644,60cdfcbd97bed9e8f86db364ab39127697f679b6a7e8f8158553fa97fcbf2e18
src/apps/daemon/internal/platform/system/atomic_cache_store.go,1100,0o644,86844113821211753a9d391044d254e73500c1e6ca15107d7d8e8a9a40c97aa2
src/apps/daemon/internal/platform/system/bridge_router.go,2408,0o644,875ad14506a8aa8da7ab7aac6af1fc7f1e86245b2927324ad323f4a9ebb90fe4
src/apps/daemon/internal/platform/system/caddy.go,13607,0o644,c8d05171b26bae591ad7d2f75f2de5e172646743c5ee9950e6d622af9ea32baf
src/apps/daemon/internal/platform/system/caddy_test.go,10841,0o644,6ccfc5ad91af6f545f7f77a1cc5f4aa7123eba0632e0fddea0693e99b16198ee
src/apps/daemon/internal/platform/system/cloudflared_argo.go,1827,0o644,30a147e90b0579e9cfc04ff2c0606649ddfbe30e6221a7f2a6cd241da01e56ee
src/apps/daemon/internal/platform/system/control_filter.go,4977,0o644,15783c8fa20cefe2ccd78704df18e01a68349f8e319133f229c9bc5b63d37293
src/apps/daemon/internal/platform/system/control_filter_exact_test.go,739,0o644,6ae37eef85d535e0572c47de493e04044a20226ce329511eb0132ebc02c20b4e
src/apps/daemon/internal/platform/system/dns_windows.go,3438,0o644,29ff9bb1280da5ff24d02319ae356fb6469cf4fd1a6c54b160dcecbe32d43870
src/apps/daemon/internal/platform/system/file_watcher.go,4465,0o644,997869e526170bca79e89dc348fb1584d224ecae5d72238dc1aa4fd100dbdc7d
src/apps/daemon/internal/platform/system/file_watcher_test.go,2743,0o644,32903a999b317d1e99275788cc898b69b4517bb09229b125e447d478120ad4fa
src/apps/daemon/internal/platform/system/firewall_unix.go,584,0o644,4c1c018f8066f36301761c0514ca4693a7cf5c4a3610d488362376db9b28c395
src/apps/daemon/internal/platform/system/firewall_windows.go,1154,0o644,d0d30f71b09ec589102f9c206db3a1c18afe847159f8eda419ccc6a8de260422
src/apps/daemon/internal/platform/system/firewall_windows_nocgo.go,981,0o644,d1f7f9ae0e90611a91364bb7ac5a32b90eb816b6a3750c74952e61d43b23877c
src/apps/daemon/internal/platform/system/host_network.go,21482,0o644,31ad66d8ab32ceb7465bda33540d9868e6f41cd3060947d21e9ba903228aef5c
src/apps/daemon/internal/platform/system/host_network_lock.go,2485,0o644,c168a33f80d1f7482f9956933622a60f5468b82be6b4eafcd8dcbd0a759e6e29
src/apps/daemon/internal/platform/system/host_network_lock_test.go,929,0o644,624cafc0d53a9fc8a1f592adc4130271b1437864de1ed929d0e9a8e23933fa71
src/apps/daemon/internal/platform/system/host_network_lock_unix.go,191,0o644,2f2d469b4615be81ed87854bec7c5cc9ca012c4f07c74ca5437f9b552ab123c0
src/apps/daemon/internal/platform/system/host_network_lock_windows.go,402,0o644,72ea166b8861e046f021ae2ee0227d61f636fabd7d1788b2652da369f476c666
src/apps/daemon/internal/platform/system/host_network_native.go,623,0o644,d1e65a20f304a19f9ee9836516015a723f24fc937b7772f9db814df6321503ee
src/apps/daemon/internal/platform/system/host_network_release_test.go,3598,0o644,4f21e530f9b019bb4f7ddc49799138dd00eea1e6ae1514de5117fd002ff32941
src/apps/daemon/internal/platform/system/host_network_test.go,8016,0o644,0eb58ba7e9b7179bd78e47449164b7bee411a619c993370326fb34fda5bad144
src/apps/daemon/internal/platform/system/http_client_config.go,2076,0o644,34265f8959bdd1fa98a72e5509867b974e60d9d0e445817203098239acf8a3a2
src/apps/daemon/internal/platform/system/log_demux.go,4089,0o644,9d9a416887df1babdf180371b89033406b79b2d16fdbd4209c3e1d014c39bd58
src/apps/daemon/internal/platform/system/logger_formatter.go,478,0o644,7e404a6b4e5dbc31b3172dc662bea8767e818641eb779936d0ede4092136359f
src/apps/daemon/internal/platform/system/nat/.context,1503,0o644,0aeaa29f903f66286163e7e383c67b74164347d17ead57665cb70f73479b6310
src/apps/daemon/internal/platform/system/nat/nat.go,2995,0o644,ffd9d489f5826543171cfa60393bb12042b361b844338b853bceefde1b7d75a0
src/apps/daemon/internal/platform/system/nat/nat_traversal_unix.go,181,0o644,80df38339bf4aa5b21e6645e5d6d02b123f509548ec6d02b40502a06e7fd4b35
src/apps/daemon/internal/platform/system/nat/nat_traversal_windows.go,191,0o644,14ea876ecbd977b443bc8129f97f60012e2945365078904b6341cc37080e76df
src/apps/daemon/internal/platform/system/nat/packet_checksum.go,461,0o644,c04dab8fe94c666bde8a0120da78b4227fc64b53661ebca30f98ca0825f6261f
src/apps/daemon/internal/platform/system/nat/packet_defrag.go,6587,0o644,b31fb77335c52649e93b092c5059d652eadd50a318031703339deabb4d9ff1e8
src/apps/daemon/internal/platform/system/nat/packet_defrag_test.go,7885,0o644,9dea1641a38c4cc8eb590afecec2552ec4579cb06eb69a2a1d9e27e2cb78fc6a
src/apps/daemon/internal/platform/system/nat/packet_icmp.go,583,0o644,335fc3395d74e7165d745c67854fd80d0f86d36cbd198f8ab097d80e08a78e95
src/apps/daemon/internal/platform/system/nat/packet_ip.go,2983,0o644,9cc276104c5fa4b62288868e7276e45e0cdfd5020d14282a979e34f65811e8a9
src/apps/daemon/internal/platform/system/nat/packet_tcp.go,1089,0o644,5ee3afa92becc0eaa9ba2a11b655bf8ce51b16e0b9d9572f05ca62a80eb70053
src/apps/daemon/internal/platform/system/nat/packet_tcpip.go,384,0o644,1c8042641fb3f7fbdfda2bacfbb2e7ce862db8bdb4e70ee41eb5cbb5d5547cba
src/apps/daemon/internal/platform/system/nat/packet_udp.go,1061,0o644,0f76f4bb54fccdd62326cbde4acc207f0214cd8703596b9207df41dccb2cdda2
src/apps/daemon/internal/platform/system/nat/table.go,1295,0o644,66cf4f92d3d4a968e928bae39d241564cb1e614425c5fbe3d017570c07e757ba
src/apps/daemon/internal/platform/system/nat/tcp.go,1288,0o644,b6014be5e93b1b0e354af716f58dc100bcc918a53a123ce4851ea806b05ac02b
src/apps/daemon/internal/platform/system/nat/tcp_test.go,857,0o644,68f503cdad88584bf16e29860b24f2aebe46b50e947c4959575ca98aa91086a4
src/apps/daemon/internal/platform/system/nat/udp.go,2683,0o644,8e09e13a38a14fa54402ab18bbd5e143db293c3dd9655decc16fa6ecb6ba0fd1
src/apps/daemon/internal/platform/system/ncsi_unix.go,1668,0o644,c9028e9411f493c6aa563bbbdb042b26a955ed6ee7e59e523efa8ffeb63ce992
src/apps/daemon/internal/platform/system/ncsi_windows.go,4139,0o644,0976a4051e2cfa2660a9ec0a1208603a93d54bce05eb1e730ad60f9896fdc03e
src/apps/daemon/internal/platform/system/netfoil_trie.go,4569,0o644,2fdbfa8179db6dc50f7bfc36e08f3ce5af122acb7062d7969ebced6e9658d967
src/apps/daemon/internal/platform/system/netns_helper.go,572,0o644,ff4a9cedf5acaa2a3263f40c409ec37675adb6fe681438192f2fb56e8585114a
src/apps/daemon/internal/platform/system/netns_helper_linux.go,913,0o644,bcf6793c3652775b623012037fcdad3cf9a03e9f96839bdba9980b639b3960ea
src/apps/daemon/internal/platform/system/netns_helper_other.go,321,0o644,a24e0f0edb90fd514f79110fb5b0e6d5f356990e5d9af3cbadf14468660ee896
src/apps/daemon/internal/platform/system/netns_tunnel.go,1565,0o644,b1ec1cd44b4037157ad3d9eebde2dddb79184392482de208e94ca3f6b5487598
src/apps/daemon/internal/platform/system/network.go,3171,0o644,03ee3061a20d96446a85139d49b464b626ebc4bfd849faf1d9b184cff0bb7ab7
src/apps/daemon/internal/platform/system/network_monitor.go,12314,0o644,fd385f27acf4ff344b92b2b00ab51c9af33e0236bf599d76c9fa74ce79cbf4a1
src/apps/daemon/internal/platform/system/network_monitor_test.go,4703,0o644,a51dee33da6b3dcbd9a52bdbeffc7d2fc37f62c2a64c4daabbba080185244842
src/apps/daemon/internal/platform/system/nftables_linux.go,1842,0o644,ef54c937b0f41d27599309f977a3793d6ac5960f5a0358eaf9caf4fca97ff307
src/apps/daemon/internal/platform/system/pac_server.go,3430,0o644,325d445c89cfb9e8f00be0305a7f6d9f7dfa505b7ae0679787ee8c993fca58ff
src/apps/daemon/internal/platform/system/platform_support.go,357,0o644,56f61a1add4e7eeb11d7d50b80c0e40c16833ea7e0475fb29e7ff518c05bde76
src/apps/daemon/internal/platform/system/platform_truth_unix_test.go,1193,0o644,f82fd132aa263f0bccfbfc7eaf4e17d2c730b37892819dfd7fe58326920c0520
src/apps/daemon/internal/platform/system/plimit_probe.go,3846,0o644,d6f4a3783d79344c8cbd5cef4435bbd9a9c9e5655e6e56e4c75255a5a0de89a7
src/apps/daemon/internal/platform/system/port_preflight.go,1467,0o644,5f2491de828eb9757f9310b3ff6b978832fcb444a3574329a679bd396b2fdb05
src/apps/daemon/internal/platform/system/port_preflight_test.go,1092,0o644,05e2a708b50dd223e678bca711318db38649bc28fbbe4a91e54dd8cd3eea2d69
src/apps/daemon/internal/platform/system/portal_bypass.go,2825,0o644,97020719b0f672688e4f44775b1912ffbe6cddbff117905792771b192afafb0e
src/apps/daemon/internal/platform/system/portal_bypass_test.go,2135,0o644,6254e2591302be719f71633ed8c0b11630703da0b1e30c6561840676c85db2a8
src/apps/daemon/internal/platform/system/process_guard_unix.go,639,0o644,46da37a4f33e2b591af69f4ccddb6f854c103b03dae6d235f227e6067cf491b5
src/apps/daemon/internal/platform/system/process_guard_windows.go,3147,0o644,be385370d32e258036a2193e98914afc0667b973230dfa338936dc00dac03d2c
src/apps/daemon/internal/platform/system/process_supervisor.go,5272,0o644,a5a9af5fc9aa9214ee3f8412b6127b8f80f0ad57981a12f2caa8994a4067f201
src/apps/daemon/internal/platform/system/process_supervisor_test.go,3438,0o644,4e3ba282f976545ccefcc724261b003454f5f5c89332c74bdeba6f376566d6b5
src/apps/daemon/internal/platform/system/process_worker.go,1962,0o644,02972a8f38f8638f1fd324b7a89e794c1f3f7802472c9b2a5680b33a0bd55451
src/apps/daemon/internal/platform/system/proxy_darwin.go,4469,0o644,803d1502494a708385f301576ba7c11f79d8c67bb7cf3e795b640495c6e2853b
src/apps/daemon/internal/platform/system/proxy_linux.go,3428,0o644,2dc63ec65461479bfb4d3af2c34f8d18226e3785da18ddcbe52eda0057ae424e
src/apps/daemon/internal/platform/system/proxy_other.go,748,0o644,05d64390683e25b9cace0804ac4685ff53bcf8c4fac1f7a5d56b893deff85c4e
src/apps/daemon/internal/platform/system/proxy_test.go,2033,0o644,366fb79c979347527b531151a9d839f82beaf200296ee378a2cfd8ed278469a2
src/apps/daemon/internal/platform/system/proxy_types.go,328,0o644,74392cb02b7e456ddfa9aba14b78121be50c80afe810446fd9eadbebc4bca832
src/apps/daemon/internal/platform/system/proxy_windows.go,3940,0o644,ae907254589baa74bc9751308591ceace08599cf8b4edb6f32edf7541fa4d8fe
src/apps/daemon/internal/platform/system/psiphon.go,9509,0o644,947dba911dfbbd6b6c58ffec690e8f94f785b201bcb085f98457b3f962da62bb
src/apps/daemon/internal/platform/system/router_iptables.go,1882,0o644,85a552c0f3983b91c0192e9c2be89d71473273827c9b88568d2476c0597be91f
src/apps/daemon/internal/platform/system/telemetry_ring_buffer.go,1098,0o644,b5fbe6f2e70424c217c04f4e594dbf524ad3e3a547a9df4823689a7dcaf49b5b
src/apps/daemon/internal/platform/system/telemetry_ring_buffer_test.go,595,0o644,7f058d33ad61fe5366dfa7f1f1a42a05983acae3601b992722b8efedbe003430
src/apps/daemon/internal/platform/system/tor_circuit_manager.go,4350,0o644,02e5b2ef17f54b1b94903e16a1d0c0e4397206574abbdc4908d0616a0383c52f
src/apps/daemon/internal/platform/system/tor_config_builder.go,8530,0o644,150f8835459b9189fd34a663c0b5bbbb51eb560196fb3c62aa47f252163b4bad
src/apps/daemon/internal/platform/system/tor_config_builder_test.go,3854,0o644,10184743ad3fe37718b3619086030a1e2d65dc88526019bde365aab25ac82776
src/apps/daemon/internal/platform/system/tor_controller.go,15786,0o644,878cc1bddf9e23e9d06ac28413c5dbae7fa13b771899f960d5f60c0d7867f606
src/apps/daemon/internal/platform/system/tor_controller_newnym_test.go,753,0o644,39f46464f268d9dba2fc54b65986df22ff645a607f195a7f0cf999b4f91e18eb
src/apps/daemon/internal/platform/system/tor_controller_protocol_test.go,4767,0o644,5781192433fa6712b09e2753093822603a301258d66b4b48001d366a47f57561
src/apps/daemon/internal/platform/system/tor_guard_rotation.go,4381,0o644,2f5b86cd2c1d30f23d0a0a44b8d950ed1444ecc917ed72fc3d3c71304eb70252
src/apps/daemon/internal/platform/system/tor_process.go,11158,0o644,8f2f4592ad572f0ca069118a848b207d012c68536d5103297fa9d2829572a74d
src/apps/daemon/internal/platform/system/tor_process_test.go,1578,0o644,19a43c3fd8aea5f72eb2754b32b58b5747dad65592b9efff4993f0086b91568a
src/apps/daemon/internal/platform/system/tun_adapter.go,1866,0o644,6e94fa7453929e030dfad31fcaf7c1629ae005a3f444b2fc04b8b047313a8eb1
src/apps/daemon/internal/platform/system/tun_redirect_stub.go,338,0o644,6220020999c25a1b2d76fa1abb5e1cd51534598420dd410a83b8d1b33956f4e8
src/apps/daemon/internal/platform/system/tun_redirect_test.go,261,0o644,7e7bcabf8c515b5338109fe15b87d2a34d93a64f2108290db8a0a87a52c254e8
src/apps/daemon/internal/platform/system/tun_redirect_windows.go,1507,0o644,001c81dc7155d90c9231537ca1b02c36cf56adbedf33a99125e3cd69fba748e0
src/apps/daemon/internal/platform/system/tun_router.go,6703,0o644,38e6d3f641c11a46effcc755c1a2cc5568eb6d6283b331800f138fa50cd7089c
src/apps/daemon/internal/platform/system/tun_router_other.go,194,0o644,102919a8702a7a7460f193853b2dfa9b6f3196a1aed4e513cbf52970efebe955
src/apps/daemon/internal/platform/system/tun_router_test.go,2805,0o644,81c131cad69b2dd5505e91a3af1a58e90db56a50ae778bd940f43c91ccf37b5f
src/apps/daemon/internal/platform/system/tun_router_windows.go,145,0o644,d7ad32f0544be9b7beacd25967b56947da99a99ed613e4e53449ffd852c86077
src/apps/daemon/internal/platform/system/tun_routes_other.go,575,0o644,c0120047b3e81bdc872d472747648207c8cd21383bb9c4ee9d77062221455c13
src/apps/daemon/internal/platform/system/tun_routes_windows.go,3648,0o644,9cfb12dc06e9136fe593455f6bf46768839b533d4094b30d5b4214517a157981
src/apps/daemon/internal/platform/system/uptime_monitor_test.go,2193,0o644,2c956ef2cd56788518caba8e67796344fefdccff5cd0cab653e05ea5c6edcd41
src/apps/daemon/internal/platform/system/validate.go,2037,0o644,016f345d4c46fe559351a3a0ab326bfe2c7351d4ec6c5870aa5a5fe94c53193d
src/apps/daemon/internal/platform/system/validate_test.go,1599,0o644,24dd2abbb156dd2354f3ac8952a582fbfca18e1a263953893310195b80c355fa
src/apps/daemon/internal/platform/system/vps_warp.sh,134,0o644,b48a624c9c0bc42c46d676004308f282cfb32f8fb8c5ecd786a5646ace981c99
src/apps/daemon/internal/platform/system/wfp_dynamic_session.c,1156,0o644,57725fe07ec58d8e7a4a4b93e4e74aac674b84737029b5b40fdb68e492d21c19
src/apps/daemon/internal/platform/system/wfp_leak_prevention.c,5067,0o644,6eb9bf170846d6643a1433001918c92379e36a8940d4b5c9a53237e7be59acdf
src/apps/daemon/internal/platform/system/wfp_leak_prevention.h,287,0o644,8dfe7b1a9364fe8311244ec369ee42af984aabd695f6c4fe5c85ba390108bc3d
src/apps/daemon/internal/platform/system/wintun_device_windows.go,1493,0o644,eeca2048f73861f353ef56e3854960ca5f3274cd9b05a09fd4679145e96de689
src/apps/daemon/internal/platform/system/wintun_policy.go,762,0o644,c818b6be35fc792124ffc29e3e4cbe11c75d1bc24b355d380923b2dff7ba29a4
src/apps/daemon/internal/platform/system/wintun_policy_test.go,904,0o644,42dd0ad3d3f97228b0f0f23b79e624ff6fce4060980ac38b1f9ab16790909ae1
src/apps/daemon/internal/platform/system/wintun_stub.go,1064,0o644,82a77b66440dfe80b3cdaa13def9e1ad77c23e850b5b268d63b44ac1eb93f29b
src/apps/daemon/internal/platform/system/wintun_windows.go,5333,0o644,dfd6f9033f9998bf65ccb01fc90c12c7b3049ef35b0528c51d986863c94141ef
src/apps/daemon/internal/protocols/.context,1030,0o644,8baaf696467dfd56238dc046a4b29984256e5265f0c8968dfbf45e44f2ed8807
src/apps/daemon/internal/protocols/arq/.context,995,0o644,3aa6f5fcc2497bbe6a3a0896eac6199ddf60dfae2cf84bf98282e74973cdc76d
src/apps/daemon/internal/protocols/arq/arq.go,4612,0o644,cff0b1a47a9e7690403b2bb410a49c9283fa73ab8d6a70749e0e72ca3996dd08
src/apps/daemon/internal/protocols/arq/arq_test.go,7296,0o644,ba2eccc8d905cc543a6966ef285da638f271fd51356f5dda5b16730353537a54
src/apps/daemon/internal/protocols/asyncreactor/.context,983,0o644,8f82f2c9dca9a5ae87dbea3be53f5e5f573be5c3de786feb2a1a5783675befe6
src/apps/daemon/internal/protocols/asyncreactor/reactor.go,4535,0o644,088b8bb3988e6a88ec8a553d371b107af5d10b234be9cb99d1dfe4346a423470
src/apps/daemon/internal/protocols/asyncreactor/reactor_test.go,5410,0o644,5b5aab3bbb5bb485adb57c063205a88bbe032297eaba65c73f2d48e34fa1b99f
src/apps/daemon/internal/protocols/reliable/.context,1043,0o644,82e2edf00577817b8ba6761a991b6ed38b2789a049989a99ceaa28f5faa8c8e5
src/apps/daemon/internal/protocols/reliable/reliable.go,7149,0o644,5e22ab9349ae1602d510d1fa52b0230b22ed586d2fc90b075a7e60688e31960f
src/apps/daemon/internal/protocols/reliable/reliable_test.go,2184,0o644,d822a4a408ad34d842ce2d23579c12b245ab01a1d65579c983ce19b3d67cbace
src/apps/daemon/internal/protocols/tarpit/.context,1169,0o644,9611a1618b44d0a6d7b5796919e3f8dd885364f112d6818a9711548f4a94d47c
src/apps/daemon/internal/protocols/tarpit/logger.go,3161,0o644,a8c1276eacd8f3e3ed386d53c020309b3f4e525dc181d6747b60628882a0fe6b
src/apps/daemon/internal/protocols/tarpit/logger_test.go,942,0o644,41e84cd59572e792a11ce0f170ebc6543d92062505511f6498ed469f1b49e763
src/apps/daemon/internal/protocols/tarpit/socket_linux.go,245,0o644,f0b86a89b30501431ea04bfc30c65c6de69d18aac551c289e14b89a7b474241a
src/apps/daemon/internal/protocols/tarpit/socket_other.go,83,0o644,8b3e152107a4aaeb48b0032077f7242f6f8723b616a1fd608a0abd01a4232564
src/apps/daemon/internal/protocols/tarpit/socket_windows.go,269,0o644,634e63fb559326c4a1d83a1e20c0fc496dd6df73ef12acde311005591f1d9835
src/apps/daemon/internal/protocols/tarpit/tarpit.go,2619,0o644,c1629cd5a34c293cc91ef25ac945cbd94551d2bac93c8d3a3af4ab8259527e86
src/apps/daemon/internal/protocols/tarpit/tarpit_test.go,918,0o644,ac645d65982152150daa2034026b80234b716756068cf6ea2eb73031e55aaa19
src/apps/daemon/internal/protocols/tlsfragment/.context,1149,0o644,5cc2655ed9e0ff18b13c968371b87709beb02b49643857bef097096a98f39c7a
src/apps/daemon/internal/protocols/tlsfragment/sni_range.go,1565,0o644,5445ee36af1f6971b37b671b86c68ea92eaa922ec660b95a972a8803047ffb3b
src/apps/daemon/internal/protocols/tlsfragment/sni_range_test.go,2960,0o644,fdbe232673dc1e67f9e43feae2e22e9e15b56bde916ec48c7d574e5c36210046
src/apps/daemon/internal/protocols/tlsfragment/utls_fragment.go,3746,0o644,2be1e7180ffedee2559523496cdcd673bd07c348159f2c01a3c30f07f3eb4cac
src/apps/daemon/internal/protocols/tlsfragment/utls_fragment_compat_test.go,3022,0o644,05b017ab1b48be19c71e00d4ba41433d0adc714605d216110661f96a6d0dc20c
src/apps/daemon/internal/protocols/tlsfragment/utls_fragment_test.go,1818,0o644,58d7e09ac94a7881a10c6ce47b534a4aac1bacc04f559b4f1d84d6a8c45b638f
src/apps/daemon/internal/runtime/.context,1069,0o644,5c8021692a732c24bab36e3863b44e925cabca7dcfa2a640514462463c8143e1
src/apps/daemon/internal/runtime/decoy/.context,1058,0o644,cc24fa7dda13ed142e8695bcbbfc7e86295dabb2d2d429237551021e2241e765
src/apps/daemon/internal/runtime/decoy/manager.go,3769,0o644,12e7b2c121d38079f7088d9c4eb8977ae036e481978e8edfe9f3ee4588f3d60b
src/apps/daemon/internal/runtime/decoy/manager_test.go,493,0o644,b189a93eaf1ac363418583b5193dcb1e1a46677767e27728a62ac7c1f66e35a2
src/apps/daemon/internal/runtime/mobilecore/.context,1520,0o644,bcde0db35b08b08059d9f268d522efa9ecd35ac7bac5b348088507b6539fd9f9
src/apps/daemon/internal/runtime/mobilecore/config.go,8998,0o644,291061712b2cd58695e156561408785fd36564451d60abb2fe93882a5e645cce
src/apps/daemon/internal/runtime/mobilecore/config_test.go,1294,0o644,4226f05cb0c05de0d89420d2565a9fe5d08c202e9653a7a5a9356ca7db629c54
src/apps/daemon/internal/runtime/mobilecore/controller.go,7799,0o644,e5412056da3d22a40ae1238772799b9c8cb1cd73934299a56105941fda0a4af2
src/apps/daemon/internal/runtime/mobilecore/controller_test.go,3720,0o644,914c50ec20982a607260f8bb2223866b7ba60c7eb3e148b6e0bc72d38284ce5e
src/apps/daemon/internal/runtime/mobilecore/types.go,7707,0o644,5e32a285f1fe4c32101a11234ce62b89e334255a82118bf2baadd6addbcd48ad
src/apps/daemon/internal/runtime/proxy/.context,2383,0o644,811ef7ed3fb23d2b73078f83797d6eff62dfc1a46e2b186912473faa5047b129
src/apps/daemon/internal/runtime/proxy/accept_backoff.go,845,0o644,fec2b7910e65f784350854510e4cc5b67e0e4baac5a6aa69e0ee17c2e8e1367a
src/apps/daemon/internal/runtime/proxy/accept_backoff_test.go,1100,0o644,3b059b3a54ab8e6aa01c9bc55bede75b4534309c915eb684d2866c6388697f80
src/apps/daemon/internal/runtime/proxy/adaptive_dialer.go,1967,0o644,1616421adb0787d190f4b40e69984d08eb4e089fb44461b9c2db2e49a3d4344a
src/apps/daemon/internal/runtime/proxy/adaptive_dialer_test.go,1813,0o644,60cbe803ec46aa94506f2123f832b0f8f7fe6e605de0b86bdc550a2079ce72f6
src/apps/daemon/internal/runtime/proxy/auto_reconnect.go,4112,0o644,c1bf937b2d78d49cdb3941121846152b6a3b3e411b16fb547ef0b1b769981a1e
src/apps/daemon/internal/runtime/proxy/brook_transport.go,7950,0o644,c8ca74ce2b1f59603040803a56bc8e441d7ed463bfc2058d89e382f9a82932a5
src/apps/daemon/internal/runtime/proxy/brook_transport_test.go,4196,0o644,b1afccdf427977787971c09d01738810c9f8de3df0a792fe6154f1d5b6ff3f5f
src/apps/daemon/internal/runtime/proxy/circular_cache.go,2250,0o644,3af0505272af5f02df2c662ef9e197a3297d8e14309f17420f06f728af7d88bb
src/apps/daemon/internal/runtime/proxy/circular_cache_test.go,1116,0o644,134bce50e75ce01cf2f11f8b66adf3e8bae8b8fca901d411339aad58913c35f7
src/apps/daemon/internal/runtime/proxy/config_watcher.go,3048,0o644,9eb5c27e719dd8ac3685dd338e6b3645a7336f9d69949766552feddbe9f80d6d
src/apps/daemon/internal/runtime/proxy/core_manager.go,29258,0o644,c883671152b93a110070a0fb27437915f41bd9a07f58024eff348ca3b0855987
src/apps/daemon/internal/runtime/proxy/core_manager_test.go,8913,0o644,a6ca8d21ba9efe40b888aa18d6bd4e1c298e5e23a88214d27665feb1f3002131
src/apps/daemon/internal/runtime/proxy/covert_gdocs.go,5828,0o644,b89950e6c26479cb85fdbfdb070da65f60df3fae6e5c7998fe122976be5e2196
src/apps/daemon/internal/runtime/proxy/covert_gdocs_test.go,816,0o644,56475f8c3f65370cbab157d83faa54ed0ae2a13b61c36499d7c25dfc54f15178
src/apps/daemon/internal/runtime/proxy/crypto_vault.go,4411,0o644,3ad4218c6b1d8986fc4784a25c0fd5f4d71f18f855b5f21470b6365c0b5e0ef6
src/apps/daemon/internal/runtime/proxy/crypto_vault_test.go,4050,0o644,db3e6b09c4f4613d3e5664b61eef682f33151758341d05ea4a62f722f8b5b6b9
src/apps/daemon/internal/runtime/proxy/ech.go,9748,0o644,1f07092185610f93914ed7621bad29f3289a0252c9cbf0ca4c9e2db9db91f843
src/apps/daemon/internal/runtime/proxy/ech_test.go,3685,0o644,96310e266a938f78505c62eb726c1a1c37d3e29c4adb43c3f6e89f77d46b6c1b
src/apps/daemon/internal/runtime/proxy/edge_dialer.go,11448,0o644,3ba2d966ccbc9cf06b6fcb9cbaeb212f411860045597a2c63af898d661e28f70
src/apps/daemon/internal/runtime/proxy/edge_dialer_test.go,15793,0o644,d3dcf07e2c9dd4d73ebf239009bf714eff80e6b2e57989265fc6b8092e2b86ab
src/apps/daemon/internal/runtime/proxy/evasion_contract.go,4165,0o644,88735297cdb132d827ba744d41dda2558a217cfb15217c5181289a31f3e33581
src/apps/daemon/internal/runtime/proxy/evasion_contract_test.go,4120,0o644,bba5562ce7ab5c31af294aca49affbe211b5fbc99066548ede089437e1be99de
src/apps/daemon/internal/runtime/proxy/evasion_divert.go,14862,0o644,6b396415ccf2bf2a013edfcc3de19182cd98e112dd9e095c5bb3b044f3f2fb05
src/apps/daemon/internal/runtime/proxy/evasion_divert_linux.go,8175,0o644,3cdd2e85b44fd5798162763ca1222da9a7d16a0bfaaa3b7c40dff21ce5c63c2c
src/apps/daemon/internal/runtime/proxy/evasion_divert_stub.go,1384,0o644,70dcd96226c58dfc91f0a8f7889550a5b7508453920586c1f7d534798048a3de
src/apps/daemon/internal/runtime/proxy/evasion_divert_test.go,8069,0o644,f243061a00ae953bc087cf788f8e36ae963e6928adcae17de5871979d95422d4
src/apps/daemon/internal/runtime/proxy/evasion_divert_windows.go,8628,0o644,af61dcea1b7862d9422f588ee201958ac7b84ae78f2399371b732365d7da0620
src/apps/daemon/internal/runtime/proxy/evasion_netlink_linux.go,10003,0o644,f44ac64172052678e371bf6b2f75cbdd8ffa1011e8651fb6558df24110f1f9b0
src/apps/daemon/internal/runtime/proxy/evasion_netlink_linux_test.go,2074,0o644,d77053b1a7983078d8f16484cb07d88b7f159d29e84cbc3753e0c20976130a1d
src/apps/daemon/internal/runtime/proxy/evasion_netlink_stub.go,1776,0o644,f5f7f6afe4f094435726d140ca3853b84dd0b0a660bc094a5d12f866236c9a5e
src/apps/daemon/internal/runtime/proxy/evasion_oob.go,348,0o644,42df6d370f2b9e2e2e2da4359a497862636d789a0a6bd8a3b84d7d93823d114d
src/apps/daemon/internal/runtime/proxy/evasion_oob_stub.go,363,0o644,7b21f1ea5d36d2649fa923adfabdc63e3561666fb092b1a097029ad752e95413
src/apps/daemon/internal/runtime/proxy/evasion_oob_test.go,7737,0o644,9d61efb54f3ff0ccf1480501652d843d4d8b9f7cc4863eaa9141cb734417be05
src/apps/daemon/internal/runtime/proxy/evasion_oob_test_unix.go,706,0o644,852f999f5a42412082a92005803cc1806e1a2abbef20f94f2d446c54dc2bf07e
src/apps/daemon/internal/runtime/proxy/evasion_oob_test_windows.go,1137,0o644,8a35522cec9a732a12308450e53b37259163ebd52c9a3c1bc7b9603577469452
src/apps/daemon/internal/runtime/proxy/evasion_oob_unix.go,774,0o644,597077b52b8be1a5c75fc6e2ddf1c2df7122333b29cf54f073a9247f0d91d97b
src/apps/daemon/internal/runtime/proxy/evasion_oob_windows.go,1051,0o644,d0a129e6d697dcecfbd8f242bb1535900dd72807729bc68cb0f35df47159a66c
src/apps/daemon/internal/runtime/proxy/evasion_test.go,639,0o644,059830a61e3edc061f554c901840b4f4d224a629a696ed9ec70750d1ed77a285
src/apps/daemon/internal/runtime/proxy/evasion_tunnel.go,27709,0o644,ef8fd8ba793b407af526765c41fd39743d436117c90794921c6b5bc856aa630f
src/apps/daemon/internal/runtime/proxy/evasion_tunnel_conn.go,15553,0o644,0ee2dfd116a9c2c54fe2fe85dde9b0a63805f9b8c316415dd6d62f516f98dc23
src/apps/daemon/internal/runtime/proxy/evasion_tunnel_cps.go,2340,0o644,62a3f943f21cf476e63b363461b020dcd9123bd856f755251797971106142a7e
src/apps/daemon/internal/runtime/proxy/evasion_tunnel_dial.go,17099,0o644,d269b8e0d77a7fd091fb9f8a278ff429c40f4760e43d70a279d786f6a82ef8e9
src/apps/daemon/internal/runtime/proxy/evasion_tunnel_dial_test.go,1920,0o644,aa49e8f10004cb22d2c533262f26825ccd3f6fe56e127c98f3ef0392289d91d0
src/apps/daemon/internal/runtime/proxy/evasion_tunnel_dns.go,20475,0o644,4770a3bcee1b32ad596d04e3bdeda9d1521e1919ca9da2655c917f501d06ef92
src/apps/daemon/internal/runtime/proxy/evasion_tunnel_mutate.go,12972,0o644,b51fb93ace2de05e84c460f7df6c55a956091176e039ec039d10f8586e773fc4
src/apps/daemon/internal/runtime/proxy/evasion_tunnel_socks.go,4951,0o644,5e978e57971bbc5778081673b153f1abc112202793ba012f71f508945eacd3cc
src/apps/daemon/internal/runtime/proxy/evasion_tunnel_test.go,24399,0o644,9857ca4cc21f032421f8afbd1aca7c45e1943f66d93713ac3d6c1ab01bb59ae5
src/apps/daemon/internal/runtime/proxy/fallback_seed.txt,399,0o644,1f64249d7c4478b3c5a9faf848e14b7b22b73b33bebf4c85ba6171a0b8bee5e3
src/apps/daemon/internal/runtime/proxy/format_registry.go,7000,0o644,753050dc956d47321ab1a7013c9aae6b60addb56cf352fa3bf0b801c4ca65a20
src/apps/daemon/internal/runtime/proxy/format_registry_test.go,9400,0o644,2a6b554175de44b6582134542246a69bf068a5fe14105c6429044e54a176f4e0
src/apps/daemon/internal/runtime/proxy/fragment_helper.go,1074,0o644,c3bceea8eed29a3b5086a2c28f37ff98a6ace3737f007e44da81799a67f835d6
src/apps/daemon/internal/runtime/proxy/fragment_helper_test.go,445,0o644,7cb01843a25b7f761dfbf8d3aa099acbbc2999e0ca805363e305f22dff8da588
src/apps/daemon/internal/runtime/proxy/gdrive_transport.go,9519,0o644,3accca948afd5bc1590095fe72d829bc224bc09b68c107dd19ffd869d582705b
src/apps/daemon/internal/runtime/proxy/gdrive_transport_test.go,1608,0o644,8ec39cb01731a329f44c5073cd1182205680b43449f5e5ecac77aa9f2692b99b
src/apps/daemon/internal/runtime/proxy/genyconnect_link_parser.go,29914,0o644,5a1500d3a58ed0b56e383254a7c189fc997203fef2271d91f0fd69bc2731adc6
src/apps/daemon/internal/runtime/proxy/genyconnect_link_parser_test.go,4643,0o644,91e40946d2955ccf7df2ed7934d6b1fa1f0819d1b44f034bdd381547391756fd
src/apps/daemon/internal/runtime/proxy/gfwknocker.go,7819,0o644,1b308b9882dd234d9a9df3ac2e30171d7fd24cf8461f1d1ea591576575961e11
src/apps/daemon/internal/runtime/proxy/google_drive_actions.go,7481,0o644,f9c14b74d971dacce7bcc7ba1a8941489862e03d83c8fbb704c3fd976e3c6ebd
src/apps/daemon/internal/runtime/proxy/google_drive_actions_test.go,3975,0o644,ab9919661b9cbaee2e2c359c4c2ed7ff5a08ef7fdb0c6270bed6d65e9212a707
src/apps/daemon/internal/runtime/proxy/http2_emulation.go,3296,0o644,f593cfd0518cbeefabd9eea72c11975c8f7af2d1f6289237f2c795b61d3d3727
src/apps/daemon/internal/runtime/proxy/http_bounds.go,538,0o644,85684aaf3818e91970ed82ca9396d5ce364c5f2d71dcd4823aae856a85262da9
src/apps/daemon/internal/runtime/proxy/http_bounds_test.go,785,0o644,0f84f522aa2839ca254fad17fe122b28ae4330341bc12178f9910bde1e885e48
src/apps/daemon/internal/runtime/proxy/http_socks_bridge.go,9609,0o644,e5c258c1095beba24de3be22d8d789bc527f5889d2be52568bd901a4463cb6b7
src/apps/daemon/internal/runtime/proxy/http_socks_bridge_test.go,6871,0o644,5a6c5f06dbb7788d70ba5a7c608f5b45201f73a73abfb7b76e00f6c41bc71471
src/apps/daemon/internal/runtime/proxy/https_connect_fragmentor.go,15557,0o644,01b63d12cef103b4ccb1b4e2f1ab2d69bf14d7149b87686e86dfdfeb7828a2cd
src/apps/daemon/internal/runtime/proxy/hysteria2_obfs.go,3942,0o644,a16022a9dae633af651b0667d3d108d56a526f62cd76f37f6ae24719da060d1f
src/apps/daemon/internal/runtime/proxy/hysteria2_obfs_test.go,3294,0o644,e5f7406b9dd27eea64917a77726cbc575c8eaf8cf7816c90fc9e9dfc635c77bb
src/apps/daemon/internal/runtime/proxy/hysteria_binding.go,736,0o644,70b91b023115960a80ccd057507291f36ff71c927cff63715a6d6d8f8b0533c4
src/apps/daemon/internal/runtime/proxy/ip_shaper.go,5291,0o644,97f97a804dc6d705bed3d9936288c0fe5a74a0057482dde2e0225abc24717e6b
src/apps/daemon/internal/runtime/proxy/ip_shaper_test.go,3161,0o644,8d8a1d0eb0fead1a900b507138d84f4c2c0b01beaba03f2ce386022eafcf9846
src/apps/daemon/internal/runtime/proxy/jitter_padding.go,2980,0o644,3c539208bb081ec03e85af249da7489211a43a32fdcdaf20aaadd0f0d1b62832
src/apps/daemon/internal/runtime/proxy/jitter_padding_test.go,1325,0o644,b86db4f1fc4379f113803efcc2e8643fde0c59926655a70d91a0bade1a7b3962
src/apps/daemon/internal/runtime/proxy/kcp_policy_test.go,2213,0o644,c5dc347b092eebe490e30e8d2917fa43246f9c1c4eb00cab3cf79a328b763edf
src/apps/daemon/internal/runtime/proxy/kcp_transport.go,10732,0o644,d4bfb06323b3c34300a90225bacda6e0683c9d4675aa6b0660fbe14ec73e920d
src/apps/daemon/internal/runtime/proxy/kcp_transport_test.go,3177,0o644,9490435ea1347c4d04e5755b0502367c07b36cc601d1f348ddf3d6a79c290f80
src/apps/daemon/internal/runtime/proxy/lossyconn_adapter.go,7165,0o644,35a81faa264313fe59557b1762fdaaf68a0529ed595575d563c7e379afce4b15
src/apps/daemon/internal/runtime/proxy/lossyconn_adapter_test.go,4947,0o644,7e1af2aeadf9d5be4773cde6f4c84d9c19df5b6c20f333821c6f17941061e235
src/apps/daemon/internal/runtime/proxy/mahsang_preset.go,19428,0o644,c6162f51e6c38d4c8e053d9539a4d56ac268cfa7ce9b903d5ba25a61dc05a776
src/apps/daemon/internal/runtime/proxy/masque_noise.go,17499,0o644,9360ef69e49d14394309baa080a0247232f39ebd04b2d1570bba189543b3eb39
src/apps/daemon/internal/runtime/proxy/masque_noise_test.go,3890,0o644,de0cb3f69a87da72e012e15a2b48624151321a516d894cab389b998437d9f6b1
src/apps/daemon/internal/runtime/proxy/multinode_processor.go,11601,0o644,fe766a28fcf8cfb7a8e8599f2752e8aab5dc20132418ffa8d6ecc08807de83ea
src/apps/daemon/internal/runtime/proxy/multiplex_shaper.go,1098,0o644,1c44161b6ff4de8afcd0d3002a36d175033d6a57252fc21511c1955eb6119ed5
src/apps/daemon/internal/runtime/proxy/multiplex_shaper_test.go,1323,0o644,08efe7b790f17102e3e41ef94669b80bf6c303450bbc355b6258b4cbaa09fb7b
src/apps/daemon/internal/runtime/proxy/naive_auth.go,2533,0o644,21a711d6f6988273e37ce9704554422ad31afa2d2d8b60f94742db7bdc1208f8
src/apps/daemon/internal/runtime/proxy/netrix_conn.go,3802,0o644,3dd461876c1981368a68dc9ff37d75edfce95c4743624c4f9c3c0096f2738344
src/apps/daemon/internal/runtime/proxy/netrix_conn_test.go,2214,0o644,e36baf322b49258f0aaa99dec217a5f06c62612579196ce2e2f8c4102f8f9ff6
src/apps/daemon/internal/runtime/proxy/node_latency_tester.go,9129,0o644,37c46ccda50f1717036a6ded6d9054068419b0f3d77e9f0fab0663aa644cead8
src/apps/daemon/internal/runtime/proxy/node_latency_tester_test.go,5157,0o644,aca8f9764bb7d5a5db7176796f7ef48f245b3c542d44f0e7d99492bf365aae6f
src/apps/daemon/internal/runtime/proxy/node_validator.go,1392,0o644,dd5c5f6c321d6bca211a836b42d6edf8f600e0d2df4a3c89e9877b6cd6c6835b
src/apps/daemon/internal/runtime/proxy/package_exclusions.go,1327,0o644,53993104831284111eb3b6be4de678b20688dfa1418b9ba0acd35db6d6bc740d
src/apps/daemon/internal/runtime/proxy/package_exclusions_jni.go,1227,0o644,aff8b6ac886bd8fd8666aed5b0751b3b911e2bb321175fdce013684eb3456f8f
src/apps/daemon/internal/runtime/proxy/package_exclusions_test.go,730,0o644,ea0d16a6ac479344bc316a303a9647f8bfbdc5a1d36b60a8624a0f13f8cc1e2b
src/apps/daemon/internal/runtime/proxy/parser_direct_compat.go,511,0o644,a75f0e9b67ed7b16617a46a3c40e2e04fa96386f6115190b75ecac6ccd879144
src/apps/daemon/internal/runtime/proxy/parser_hctools.go,2652,0o644,2a80fc66cce61bc1d9d91d2cce118722146340e9b95b055a9710d656e4cc430b
src/apps/daemon/internal/runtime/proxy/parser_netmod.go,2666,0o644,a9d39fe15f6a8b4fbf0cb1f9f84c4511d4f9f3691fcab2822656255d8342dc9c
src/apps/daemon/internal/runtime/proxy/parser_slipnet.go,6987,0o644,eff8939b5054eb6dc77a89a47abcd80189f388ba4aa53d8963e697e6447abe93
src/apps/daemon/internal/runtime/proxy/parser_test.go,23980,0o644,ea4b45cc7551d17230851d6e86bea8ff8aeff78995c869d3af583d6aec7b2eac
src/apps/daemon/internal/runtime/proxy/pixel_stego.go,6124,0o644,2dad26a5104d66623824d89d2344addc555ad6c5b376fe57f8d5d07092e03350
src/apps/daemon/internal/runtime/proxy/profile_benchmark.go,1965,0o644,5f4384a0b30cf99f2ce1091fe5123b3f113f080409e6749750810bdbe1a855e9
src/apps/daemon/internal/runtime/proxy/protect_unix.go,687,0o644,280a659852a1bdefac6912bfc0b5bcc7fc49c14d00cb04d5b38159213c789dec
src/apps/daemon/internal/runtime/proxy/protect_windows.go,209,0o644,2432da79f95035f4c6655e6daa431749d2bb6e18c31f3c9d97d9d802e47b26d8
src/apps/daemon/internal/runtime/proxy/proxy_cloud.go,2935,0o644,d639b0305ae2c8215924b3cf8d602c3e62c4ea606370597dfcc27b84feef7c14
src/apps/daemon/internal/runtime/proxy/proxy_cloud_test.go,1533,0o644,02e113487319d00d4ef4d9074041a341316e69600a996efbce707bd390535535
src/apps/daemon/internal/runtime/proxy/proxyconfig_internal.go,2121,0o644,8992015cfd140881757c214215c54a89580fb49c4261aec38568daeff3b3cb44
src/apps/daemon/internal/runtime/proxy/qualification.go,2926,0o644,926d47324e22c8feb427e731f78a82a43e8e3768bdf6f09c87182c7f72a03418
src/apps/daemon/internal/runtime/proxy/qualification_test.go,1068,0o644,04fac823d198a6f9e52054fc509278fb40eca20df7fbe02aafaeec0b3daac615
src/apps/daemon/internal/runtime/proxy/residential_egress_test.go,502,0o644,68f99225e8b2ae5e0ddd653b51d31761dfe5cb940037cc85da9e5f658a9a286d
src/apps/daemon/internal/runtime/proxy/resolver_public.go,496,0o644,176e847df1d4524457643942a58a1bb9808d7117f58425de3e45ed91d39ba992
src/apps/daemon/internal/runtime/proxy/singbox_core_embed.go,1270,0o644,8b793c3d0e0ac6561a83282a3bd14e96957b3b2d3c8163f1d92463f086777bb0
src/apps/daemon/internal/runtime/proxy/singbox_core_stub.go,728,0o644,24361c9fe5ff6b0e6b7c627deb29f1f7528961f5c970bae1dae3c2f2a64a972e
src/apps/daemon/internal/runtime/proxy/socks5_stun.go,6440,0o644,052767be1ff89799544cdfb6c3c09573af6491c881f5482ad318bbfe7a1f1996
src/apps/daemon/internal/runtime/proxy/socks5_stun_linux.go,186,0o644,f122bc68a9d3e9179816e8f3cccbf54a1c8b1307c25ce965581d5614ba713bbc
src/apps/daemon/internal/runtime/proxy/socks5_stun_stub.go,115,0o644,ddad876164ee6678ae2fb7575f817b9582472ae33ec5f55299f2c24979088569
src/apps/daemon/internal/runtime/proxy/socks5_stun_test.go,5429,0o644,1752ef3237dc600d66d64e1c39b7ed3cd752f4f39e857d81b575abb5a70b1e53
src/apps/daemon/internal/runtime/proxy/ss_prefix.go,1413,0o644,d05fd494704081abd7e1ca538930c15de42e80796b69fa85e1b0b531fba732dc
src/apps/daemon/internal/runtime/proxy/ssh_tunnel.go,3825,0o644,ef2815545a04a489acc77945f7df7c6414534dba3635633777e6622d58d4f013
src/apps/daemon/internal/runtime/proxy/ssh_tunnel_test.go,6438,0o644,5b02326e9028f2a06174559b6503c7ae1debe2c66fe9c270fdb0acb88121093a
src/apps/daemon/internal/runtime/proxy/stego_test.go,6021,0o644,19b2c22239761056e6da89aa09dfa9948132a63765d3656126697ffea5e0340f
src/apps/daemon/internal/runtime/proxy/subscription_aggregator_test.go,2260,0o644,f9cd7d63cb446690f81ce42cefd74a34af5c8d7423691d8a55a81facc78b15d8
src/apps/daemon/internal/runtime/proxy/subscription_runtime.go,4861,0o644,9eb34aef2bb1273b9ec6f632290d291b759d3f2e0e547a190ff5fe6357ae4fd8
src/apps/daemon/internal/runtime/proxy/subscription_runtime_test.go,3853,0o644,0fef71fcd7babfe20f89df75110936b113ae2407706d0c597e99f1f56edca072
src/apps/daemon/internal/runtime/proxy/tester.go,18135,0o644,df07d98a73170e101214981029df8ebd357be6ea12fafe49ce5b8dcbd08d8822
src/apps/daemon/internal/runtime/proxy/tester_batch_test.go,4262,0o644,edf642cd62b527979d9a7e5a5a67bfed242e931c6e31b4e5acdc083549c7cd80
src/apps/daemon/internal/runtime/proxy/tester_test_helpers_test.go,2510,0o644,7ea9fa70c17992ac42dce74cf3f0b080ce6b512fc9fe5b85f56d85d0ba48653a
src/apps/daemon/internal/runtime/proxy/trojan_worker_script.js,174,0o644,c26de38f38e3ca4defab657b54100bdb55c7a558b9954df64447b7b868273e05
src/apps/daemon/internal/runtime/proxy/tuic_commands.go,4622,0o644,7f4a68ac1eb5e9d4611a2afdd0497ff5456ecafec26b3545e2af5b42d69c9904
src/apps/daemon/internal/runtime/proxy/tuic_conn.go,4906,0o644,8712eac23eb9315c95ca3cb7915caaf2236f8989bdc6a9d7ccc41cd44af6f70f
src/apps/daemon/internal/runtime/proxy/tuic_conn_test.go,3370,0o644,8b5e733197445298d5307e6bbffff79cb47ffdb5bc21144903d266c3c3b82703
src/apps/daemon/internal/runtime/proxy/tuic_spec_test.go,8281,0o644,7684f13ce9a327b6912f8d32e4d417ca87e4d025750ad96cc5b9bde3be9fc4c4
src/apps/daemon/internal/runtime/proxy/udp_hop.go,11030,0o644,0424a643148b1d4d623bf803d515121fea0aa90d056e501d3ec09cef50b30e4b
src/apps/daemon/internal/runtime/proxy/uptime_worker.js,1095,0o644,4359482c4fae6b649f0461545b7cb68528594a942d4b7f84ea4159db9ebd60d3
src/apps/daemon/internal/runtime/proxy/uri_parser.go,1279,0o644,e3c5a23299e699db7d24b52a8b71696ecae2263a773ba7568bf2f12c4d8f1db4
src/apps/daemon/internal/runtime/proxy/vless_dialer.go,7774,0o644,b8cfdc1b35a28f19b377a15d0928865052efdb92f79fdbcd50136f04c8847ea6
src/apps/daemon/internal/runtime/proxy/vless_dialer_test.go,3992,0o644,a389b1186107647edd9b5ee86f0e3fe2662e81aacee3b476e3a4be2355dbb8f9
src/apps/daemon/internal/runtime/proxy/webrtc_stego.go,7602,0o644,88be773f417b88fd06ff5806841bed307da34d2a7217b0541eaa0fc0fde37fc8
src/apps/daemon/internal/runtime/proxy/websocket_conn_helpers.go,1833,0o644,22ec38221189145ca3046a9a8350ca4f74ba38b88e262cb1c506dd6a22cbfd89
src/apps/daemon/internal/runtime/proxy/websocket_conn_helpers_test.go,1569,0o644,cd4b3fdd8abc107d8588240fb3218fdb86e4be3b31b7bf2e695ad8760aee9cad
src/apps/daemon/internal/runtime/proxy/worker_panel_script.js,174,0o644,67e2f0dcaa64844ce3d84f3db40e72603e433e0156dd47f184c0b778c3fee514
src/apps/daemon/internal/runtime/proxy/wstunnel.go,11813,0o644,655ca00e3b46949b2b748fb37f54d145a75d11d5012df23ed81b9fca2e92f8aa
src/apps/daemon/internal/runtime/proxy/wstunnel_test.go,5323,0o644,58306ea70a45734a6bf93726537f3f83f8b4af743df8d5f36699e6bb3d8959aa
src/apps/daemon/internal/runtime/proxy/xray_core_embed.go,1295,0o644,ca3104fada23dca129734931b28d555041cbd730aa223e4bd3637e724dd065fd
src/apps/daemon/internal/runtime/proxy/xray_core_stub.go,665,0o644,fd25b5b221a507ad18ff96b3992f7b87f54cbd377726ad5b1348097a59e7f58a
src/apps/daemon/internal/runtime/routingplugin/.context,1535,0o644,0975b1133b212608ee593fac5ad731979660bbc3d9a7f13a7e08963c7cc3bced
src/apps/daemon/internal/runtime/routingplugin/edge_models.go,9892,0o644,c461d74a52cfbfe073510d3ac11366183d85ea2bf36a2f4820b5cd480cfa0ca4
src/apps/daemon/internal/runtime/routingplugin/routing_plugin_policy.go,4526,0o644,2c8784553b3e087bac6224c2e070736c68dadda1b38eeb653d214da38b8a0a8b
src/apps/daemon/internal/runtime/routingplugin/routing_plugin_policy_test.go,5886,0o644,e22ff5284442f8cbd93fa9d9d41e116d3c6f3bfb6e1244a1dcc3679fcc765dda
src/apps/daemon/internal/runtime/routingplugin/routing_plugin_psiphon.go,8770,0o644,332e37f8394b3f83f0b1cb2ad3759697889a876f8a0b1045b75d31985497619e
src/apps/daemon/internal/runtime/routingplugin/routing_plugin_validator.go,24285,0o644,263c741e85230c741b0dfb78eb809c8db0f32b07f9ca0e7a14f2a4ac75433cac
src/apps/daemon/internal/runtime/routingplugin/routing_plugin_windscribe.go,8507,0o644,77bd57e399be81d0f149e209c6f7d57fb24d8d1fb9a250ca127a87414fb5ba21
src/apps/daemon/internal/runtime/runtimecore/.context,1648,0o644,cfcf427323e5e28ca8e857559aa5c9dea11ec48515cbf64e7d80fe1ebadc4335
src/apps/daemon/internal/runtime/runtimecore/adapters.go,2479,0o644,781f9568a874b17944e97bf4d00fe4ba091da16527aedfc0502d4e8f0610df84
src/apps/daemon/internal/runtime/runtimecore/adapters_transport_test.go,3573,0o644,d26bf22e03cc6703cc6f791e3555baa9adc069f4fcda0427e740fcd23e8f648a
src/apps/daemon/internal/runtime/runtimecore/capability.go,1270,0o644,c1e9c30f0f750133a1af7acfd604092be116f0da217bdb20db20fe2547cdecd2
src/apps/daemon/internal/runtime/runtimecore/capability_test.go,866,0o644,51028d63f3848e8f2832c30ba5797419f8e3ba3899477324749ac0e1c8a7d9bb
src/apps/daemon/internal/runtime/runtimecore/chaining_test.go,3633,0o644,9fe082988be8984eb3b5b0cb06d2024db37956a53a69132d60ebb1bfa8c8c847
src/apps/daemon/internal/runtime/runtimecore/engine_lifecycle_unix_test.go,4033,0o644,e6fb6cceddc878c23687d7bae4d4b802c63ea63c142c378bc7b505300114ff02
src/apps/daemon/internal/runtime/runtimecore/ikev2_engine.go,6275,0o644,705bacda14779e8c110b04e76e72f9b7b73966e8e1d1db7dd5c15c2dc1f5dc50
src/apps/daemon/internal/runtime/runtimecore/ikev2_engine_test.go,2176,0o644,7d78c2b9302cc7b6b85e4c2323fe413a418e32c5698d4975b216ce27b9f6f3a8
src/apps/daemon/internal/runtime/runtimecore/integration_unix_test.go,1833,0o644,26444ab167cef9f75dbd529a5211f3349b7d9f7fffb5efc8498dade60fdcaa48
src/apps/daemon/internal/runtime/runtimecore/manager.go,15326,0o644,05e13bb397755a8b07d1d30254ee9c2d955f58543c58d5633e4862f0dde1aa74
src/apps/daemon/internal/runtime/runtimecore/manager_test.go,13063,0o644,c0f576d0eb6b90bcf409eddc8d338b235986466508f46861938b3217224efe54
src/apps/daemon/internal/runtime/runtimecore/psiphon_engine.go,4364,0o644,7cc0f910941d3155c90656afce28715d55461858fc0c473ad23d9d0e326ee9ef
src/apps/daemon/internal/runtime/runtimecore/sstp_engine.go,4709,0o644,2fca63fb28974346f6c6c79a53aecbaca198b6d2e1c27f00bb02d48005fc2f0b
src/apps/daemon/internal/runtime/runtimecore/sstp_engine_test.go,1967,0o644,337cf55e89aa0231a32ffe77c84d20b9ca020273ae8d2c85d60d76dee42b7d56
src/apps/daemon/internal/runtime/runtimecore/tor_engine.go,8680,0o644,dfc068fd4bbec816deba460d9e67692b3bda13db98c7083c57cee92fac23746f
src/apps/daemon/internal/runtime/safety/.context,1116,0o644,204ea20f00e06f59baf59198f76a43674bb7ef7aef5b87eeabcbe2d4c58980a0
src/apps/daemon/internal/runtime/safety/safety.go,3680,0o644,deceb41cef5ac49c9d152799ce112dcec67608bf49779421ebb7301e6f224d06
src/apps/daemon/internal/runtime/safety/safety_test.go,2393,0o644,6ac78717dcd5c7fdbc5575303f4eafc1f8c638dc403bf27327cf005fd5d861a3
src/apps/daemon/internal/runtime/trust/.context,1086,0o644,bad169dc4451b441cf88941348067a259335469bfbfa70ce33ed6530d1f5a8f3
src/apps/daemon/internal/runtime/trust/trust.go,2890,0o644,f295ea58ae92b5e5ac2821b283549f5d0f7e9e52a98b4a37faa0a507d75df724
src/apps/daemon/internal/runtime/trust/trust_test.go,2077,0o644,566d004165cb086f59ca5369e71b2d45d9e20fce19b38fb97f3da63f5b5ecd9f
src/apps/daemon/internal/runtime/warp/.context,1285,0o644,1adc339910792bc770034a042914224859c8e763d1731f8f079fabd5205d1d2b
src/apps/daemon/internal/runtime/warp/noise.go,1030,0o644,455e426a72cc2c8876cca5da3fbb957d0d9f5e97e6ba8453944ad1e3b815ebdc
src/apps/daemon/internal/runtime/warp/warp.go,11714,0o644,9e033655c448e40f9407a4b1d0dbc9098415d8afe10c79f312fc0dd4a08a0ea1
src/apps/daemon/internal/runtime/warp/warp_export_test.go,3190,0o644,ed25f09274d742377dc54309e3b42dbec008e17e6d1d92f9b5e0529803771a12
src/apps/daemon/internal/runtime/warp/warp_handshake.go,5451,0o644,cdaea65f93b2e02cd008f1c9a765a8656a0bf89d2cb07bcc88ee9f39969ebdbf
src/apps/daemon/internal/runtime/warp/warp_scanner.go,12320,0o644,1faf7aa3925342a2ff7d65d943ce306f7758b47e2b7022465ca8c7946e3a3f79
src/apps/daemon/internal/runtime/warp/warp_scanner_test.go,9678,0o644,29106383247e34bc2843001e7309587a5eadd509a3c466904afab8b17f7dd3e6
src/apps/daemon/internal/workflows/.context,947,0o644,a7e754407c4d28cbedf568819e0f4855dcd21f358aa02607159d5bd64c627c9b
src/apps/daemon/internal/workflows/jobs/.context,1825,0o644,de1f58d5c9de33e2c6dd7ff8ed8c5cf16239cb96c50a3f7cf8ad4468f83d03a1
src/apps/daemon/internal/workflows/jobs/broadcaster.go,3244,0o644,9a0abdd31f14a71b75c1c5c09b82965e5ab4d165aa98ab1e82d3d4ee2180611f
src/apps/daemon/internal/workflows/jobs/completion.go,5945,0o644,29dc58556d7b6d185026f68d5b5ed5794d2c0b7e14761adbeb1cecdde626520f
src/apps/daemon/internal/workflows/jobs/diagnostic_plan.go,4703,0o644,be9c7791b767f7e8e5fc8f2cbd8a12d5109815df3041af143fa66f331211db23
src/apps/daemon/internal/workflows/jobs/diagnostic_plan_test.go,1728,0o644,51239f2fb6899736331c64ef4e9c051ef03276e0717a55bde8317a0055bdce88
src/apps/daemon/internal/workflows/jobs/dispatcher.go,3049,0o644,0fa6753d60be89b385e0d553596c64448c7c92cfa90c6f524e4069a77c295f29
src/apps/daemon/internal/workflows/jobs/intent_test.go,4636,0o644,b192d6e13a33100d1e5ad098d6f3987c7b2b875b9dff6e02b03b01bc9eba6d1e
src/apps/daemon/internal/workflows/jobs/intents.go,9390,0o644,b08cb05fe67948382dd60a3c279a7b4c33d4c95cc1b6d84c17f794c3a3f13958
src/apps/daemon/internal/workflows/jobs/manager.go,20745,0o644,7cd809b3527753df23fb3026c38389804f33c190110fdb4ed579b5c635bff5b2
src/apps/daemon/internal/workflows/jobs/manager_admission_test.go,1543,0o644,8da0995a8faf90ff39b89d0dc129d86f5099736a31d6b1cb00dccb7f2264a957
src/apps/daemon/internal/workflows/jobs/manager_history_test.go,1490,0o644,7d5dae648fd76c6171e1819216888c7a38c797763b42cb434f6c9f848fe72ead
src/apps/daemon/internal/workflows/jobs/recovery.go,7252,0o644,e103685b304db35a7469af69171bef1a4afcba15b4d522eb279ad35dda9ddf9b
src/apps/daemon/internal/workflows/jobs/recovery_test.go,3814,0o644,6546ed28ebdc0f83bb344f935ef89d0abf63e726b2477e90b6287b2a338446cf
src/apps/daemon/internal/workflows/jobs/runners.go,11309,0o644,13cecfec5bbc4b89d51b144562086d2ca93bb9ac85c49499ca93e6e61d160daa
src/apps/daemon/internal/workflows/jobs/runners_provision.go,1733,0o644,0d75613878dd798ff1e4cc7766664387b86171775c4580473a13bb440368faae
src/apps/daemon/internal/workflows/scheduler/.context,1066,0o644,1d44d707275e185dc72425c8611797c3aea62a127a037bf59dd515629edcedf3
src/apps/daemon/internal/workflows/scheduler/runner.go,2980,0o644,5d1094141e7434e690bd94bdf31a91bd9df92ea3a28aa78a3134a0392ecb7a11
src/apps/daemon/internal/workflows/scheduler/runner_test.go,1320,0o644,e037fff401bb654cd596bda13cb4c719c71e16b449e39b6aa774616e8f30c63f
src/apps/daemon/internal/workflows/scheduler/scheduler.go,4149,0o644,236fd490d36918ee3615342608f5e6e655d621e685621d464f128c5ec14a2932
src/apps/daemon/internal/workflows/scheduler/scheduler_test.go,2913,0o644,da5ad245f0164eb3754612a9c0ebd54e17a316cdb39dfd0a2473718bdbf75d41
src/apps/daemon/main.go,307,0o644,cd0120ae88e93d04e3396682cad967ea9c51ae4de5515fad162d570006c89560
src/apps/desktop/.context,902,0o644,92eed4538681d8e82826aac3587fcf2d34d2bcc2bb90a3d555d1b761e94a06c7
src/apps/desktop/README.md,1343,0o644,6a62685928dec09c04c044538f4460ed4a23a0ffd999a1a1a774b404e2832f16
src/apps/desktop/go.mod,879,0o644,7f871f4c5c4fdc93bf9f9867faf40d819ac236fe4053e73007e51eaabee5b836
src/apps/desktop/go.sum,3473,0o644,8c7b0a4afc56a7ea328a2bbba15408e5aa63c488878e4ee2f6ad8711a846063a
src/apps/desktop/main.go,2439,0o644,4b6b8d03fc3efbf4ea301ecb913bb11d13b3a612bb1b56cb98a2fb2243b2c536
src/apps/desktop/main_test.go,1746,0o644,b09b5c2046f0d602a31985b8b83c278ff59907bf8693731140440d129ee315a7
src/apps/desktop/wails.json,1103,0o644,007413bd75e945a4b6001b42fe31335dd3eb662907538de3712ff7013480ca0c
src/packages/.context,735,0o644,03358b15bc99c00b9756d7b884d57dc72476de237fc6bbfc0f06582eafbe2e27
src/packages/contracts/.context,688,0o644,0b06bdc83215077aeb675bc96a4ee89d15f7885a3091a5e2844442afc5db943d
src/packages/contracts/buildinfo/.context,721,0o644,199a46c5cffead42d79895edd78d46b9d80393a2fa6ebf1d4dd971b54f6186a8
src/packages/contracts/buildinfo/buildinfo.go,321,0o644,a613526818dab4903684e9f81327130979dfd8cb6131f5b97a78ab6ae9f106c0
src/packages/contracts/buildinfo/buildinfo_test.go,483,0o644,433b65d72f72921b8d4cc96aaec685222e20b029d69fbfed1c311c9aa5039038
src/packages/contracts/go.mod,58,0o644,4d1c7fb95efe087f204a197fff033cf09a3ddf28ab5bab65399dc85b966785a5
src/packages/contracts/session/.context,793,0o644,8641b6a88b01e7605da2a1e6261e58c477613c58fc3a24e126a5c3f91088d0eb
src/packages/contracts/session/session.go,8813,0o644,f41aa1eab9c666f31495413f7f5619c9c50abb3891b11b36ff30dedacb512a51
src/packages/contracts/session/session_test.go,5428,0o644,61b7a0cd07eadb73032a2595417527b670186e2340cba70fece1a7debaf5bbad
src/packages/control-ui/.context,1191,0o644,60c44e574b3e615f15aac1eeaa209a3dfed53f343ffb1684d76f6097b25a71f2
src/packages/control-ui/.gitignore,552,0o644,9afa2e9e26eefd57802bb84cae8b8ce4d336fe4af99854a8029ebb7018e0d9b3
src/packages/control-ui/.oxlintrc.json,245,0o644,b4d344818a1e1bf43997e4744a9153c8eef770c98b58229cd86363dabb85ded4
src/packages/control-ui/README.md,922,0o644,a30fa4df6ee38d9cb24be356ac43ecdb95ef48c1a3bf4f935ab4a39ba7b5aab2
src/packages/control-ui/dist/favicon.svg,9522,0o644,61bc9a161de58248288e6905425d7180f0624c2865007b97d763fdac12043a66
src/packages/control-ui/dist/icons.svg,5031,0o644,b45fa506195cfcdef406ba9f0c77b36ddc1a7c224040926ec70abc2fdea7b93a
src/packages/control-ui/dist/index.html,1162,0o644,853fd7aaee4a74b71e5485b8a790c64764f6a9779fd60434f133c109586b738a
src/packages/control-ui/embed.go,548,0o644,4f9176a8f17a997eae6bcedcfe832e3eb3f2e8e6fed04281fc7dd03765ceecc7
src/packages/control-ui/embed_test.go,1758,0o644,65549a62843d57ee129958dab2394db5e9597acf4fa9faf2f77d552f999a1ee3
src/packages/control-ui/go.mod,58,0o644,cddfa3bbce2fa5fce65a22dd3fc720f86acf762a64b6da767c3c2a10db134e6e
src/packages/control-ui/index.html,474,0o644,b21232d377b8bd60c7d9c56015acf6abd144dcef6262a7296c40d0be084ad4bc
src/packages/control-ui/package-lock.json,61546,0o644,d486c8f7a4ab3e6ffc206c8ef7cac0713919092131b34d2daae6743fe7b3ecd2
src/packages/control-ui/package.json,2268,0o644,279ccd10e9ee97e569b456ace8fb1b9f4ddeb0d1818eb729384c69c4c873848e
src/packages/control-ui/public/favicon.svg,9522,0o644,61bc9a161de58248288e6905425d7180f0624c2865007b97d763fdac12043a66
src/packages/control-ui/public/icons.svg,5031,0o644,b45fa506195cfcdef406ba9f0c77b36ddc1a7c224040926ec70abc2fdea7b93a
src/packages/control-ui/public/manifest.webmanifest,415,0o644,64a6b4889a8d9a70d35e83dc39db7abf31dd6cb59a87c12400ee3def125fa289
src/packages/control-ui/public/sw.js,1717,0o644,23b79a491e6a87a9a5cf5f530e94d761bd02f31d6f3590bb68d2fe43f634fcb4
src/packages/control-ui/scripts/.context,976,0o644,d13039c39a24fc49eb9b04ad78c9a6dcd17d5b220e098b50f72853ac933b8091
src/packages/control-ui/scripts/test-contracts.mjs,10521,0o644,a68f3e673f5565d84760d15963d609915937796df1e5dafb2b709277bd668e84
src/packages/control-ui/scripts/test-eighth-order-promotions.mjs,9632,0o644,29a5acaa131813c3e5d82116008c0aeffdd3af1cc9261824d50670cb02fcf797
src/packages/control-ui/scripts/test-feature-promotions.mjs,2263,0o644,f9a52f7c902fd11e5e5712d5ea589c8dbb09042fb93a18ceac6e19654f1cac54
src/packages/control-ui/scripts/test-post-refactor-222.mjs,12554,0o644,0a4e7c49d5db4ccfd90a82e97685cc30dccc2020cdd84a9ff19da652a37df5ce
src/packages/control-ui/scripts/test-post-refactor-223.mjs,2188,0o644,40dde0d89b50e65a7fe9a2154c37ae85f0c33413c493047295c438049f63e291
src/packages/control-ui/scripts/test-post-refactor-224.mjs,3838,0o644,439cd37a866cea90a442e97fb71338e995e80bd633ac80c43b33cc3deb2b9afb
src/packages/control-ui/scripts/test-post-refactor-225.mjs,8677,0o644,d8aba20a0404f5699b6e1edf44318d1223af860242f870cdc49c41bd41e17773
src/packages/control-ui/scripts/test-post-refactor-226.mjs,7499,0o644,a779470e68d5aaba6040d3cf18bfc26c748c5c6d4035b79a974b1a2718ae1612
src/packages/control-ui/scripts/test-post-refactor-227.mjs,7189,0o644,8b0b9d7b635590068b68f9acf69b742ab76f5a5af2aeb615db0fa9f8d37dbdc6
src/packages/control-ui/scripts/test-post-refactor-228.mjs,10461,0o644,04071be90138bd50d9a24ed4a32bea1bd4b3c11fdf19242029acd9b57d10ce32
src/packages/control-ui/scripts/test-post-refactor-229.mjs,16972,0o644,199df72866b012de58a231e4198afa627015c1cd6742b6d64287a17de6a2a579
src/packages/control-ui/scripts/test-post-refactor-230.mjs,6838,0o644,eec93fd46b774f61bee791a4d814ebb4abbb66950451cd726008b9f1bc0720c1
src/packages/control-ui/scripts/test-pwa.mjs,844,0o644,59c56bf596d2d858541e734edfc9849f8d3935b1f58cc307911c3d61ca2ab21b
src/packages/control-ui/scripts/test-seventh-order-promotions.mjs,2072,0o644,cb0ee95fc810d301033719df1eafe7d9ff6142c49682f864e0d6387aae32e2b8
src/packages/control-ui/scripts/test-sixth-order-promotions.mjs,3070,0o644,64c4a48a5011bd257aa9b0bd833d6f7e5f4c64551ea540057d92c2f3314e2a8e
src/packages/control-ui/scripts/test-transport.mjs,3190,0o644,950b682a057f4c571970c5b7922eb302b7099f50ba4850da5c8b5e3db0982586
src/packages/control-ui/src/.context,796,0o644,0b6e3f85aabeeadb6f23bc2f3ad0bcf52f2f1115f0cbac6ae9f06953e556f166
src/packages/control-ui/src/App.tsx,1607,0o644,f0d8d427e7c9ccf2584b633bb5c315c6186bff9ef0762babdaf07d56691a74e8
src/packages/control-ui/src/AppLayout.tsx,5366,0o644,7a884557e552cd47fac7c9bcec95eb4515bfa2612e3aff4763219d506cb327d4
src/packages/control-ui/src/CommandPalette.tsx,8514,0o644,b87ef25079cb8be46c3ce419971c6695de5443a139fb757837f9a2dcd530c6ba
src/packages/control-ui/src/api/.context,822,0o644,fa17732fcd4be879f0e06726e0d8f8ca2f2823a30bc215e2eb08c0472270db90
src/packages/control-ui/src/api/ControlTransport.ts,5298,0o644,82fd96fb006f8955121257bdb22379c20b89c6de10f85e6e370d608d7e89d8d4
src/packages/control-ui/src/api/TelemetryService.ts,3562,0o644,08ba0460106c9a047f66223d812f09fbb42c677d40f2aca5a44207dcd2ee3bc6
src/packages/control-ui/src/api/capabilities.ts,7442,0o644,d7dc3962680bec8fad5a86fc73aba035e96cae2151ad3478ef2d955462b6c863
src/packages/control-ui/src/api/contracts.ts,33674,0o644,e756c0c9851d4e55dd9886f9afd6316ad83ca52affb574c5c3a48261511892ff
src/packages/control-ui/src/api/conversion.ts,5980,0o644,33c8a985fd8e0c52d66f7c88669a64e10abf3347b9c8ae6b6b5f1c946aca73f9
src/packages/control-ui/src/api/flows.ts,15722,0o644,f7187129643f1460fccae01ce2b5cab31cb11abac9fbd9ddf6ad90a997ecf73e
src/packages/control-ui/src/api/planners.ts,52748,0o644,4a5855979e979ae3629b4c12f4836eee48db3b9ef9f658ed39921782f4121776
src/packages/control-ui/src/api/qlog.ts,7534,0o644,c75cb46d50712dc259d09c7bcdf03f5a412572942a9ba6606bc9d5cd88d9ed0f
src/packages/control-ui/src/api/recovery.ts,3290,0o644,310bf0f2b5006aabe4bd54f1b8b7307d8cb94a0edf2492a54d89415ebd4f37ef
src/packages/control-ui/src/hooks/.context,791,0o644,d240ba1b8913f809cf0f03c4c9bbbdcf5571902b3614d31dad05a3399666b33e
src/packages/control-ui/src/hooks/useAppearance.ts,525,0o644,e45655b1857aad2e239d8b61692829f70f27d4cf7959564447787067cfb72999
src/packages/control-ui/src/index.css,4114,0o644,92e39d67ea353559d18dea4016bb047bacd224268f7cce507bc48d8db6b70e4d
src/packages/control-ui/src/lib/.context,796,0o644,c7beae13652dcad41086b8a519805bf608d1ff620f9f343620594edf0e60cbf1
src/packages/control-ui/src/lib/appearance.ts,3249,0o644,e63efc8414daee53da48a4e0615f7b2c4e04f42174e5f2f2d064b2c6660c52a2
src/packages/control-ui/src/lib/fuzzy.ts,1826,0o644,259effe3a832f1e50bbb9ba60fe3aaab5376137c958ef6b72cc2c249d7cd5f30
src/packages/control-ui/src/main.tsx,697,0o644,31d7fe28c63a70420d2eb210ea82bfd644e51187a3de94aadd68295511ef9684
src/packages/control-ui/src/navigation.ts,1568,0o644,d75cddb5d1270b019259b14a311f85e894be8fe17d86da8d0d081bf87db6656d
src/packages/control-ui/src/pages/.context,813,0o644,93a4df6313e3e55ed2bc863cc9c8538ec7e8e94e2aa3171b42905931e9efdcca
src/packages/control-ui/src/pages/Capabilities.tsx,10533,0o644,4a104e9431df097df346d57fe4977025396640c6571a884925936e3202d027e5
src/packages/control-ui/src/pages/Connections.tsx,43971,0o644,fbadb8d1ee74199e8a2e3198007dbff8a7491a64b0c793d3f46ccc1b5bd6feb0
src/packages/control-ui/src/pages/Dashboard.tsx,19287,0o644,c9d389aec6a1e676aa2da90bc02cd2f20860fe39d6874eebcf5972a2558dd171
src/packages/control-ui/src/pages/Dns.tsx,22908,0o644,3e8ccd397c420cc4e5cda9734690d4f479b0775538a1b9020ec79323f3aea4af
src/packages/control-ui/src/pages/Health.tsx,35185,0o644,c56557a2bb0764f48e72aba147a8d64b8d7a80eb0f6fc2ce2805e379a1fddd93
src/packages/control-ui/src/pages/Logs.tsx,8827,0o644,96b79c8d27eced61273eab1f47e919bce6c1aa65a34cbf374712b2a035da60d3
src/packages/control-ui/src/pages/Operations.tsx,137518,0o644,a86fb99dff003cf73e180174ed0c03c23a70113f7fbc0f0f235fb665727191a0
src/packages/control-ui/src/pages/Profiles.tsx,54322,0o644,bfb8ffa1d5ad49217a0b6ae37985009d025720e87d644f71da5c3cd41cccacfb
src/packages/control-ui/src/pages/Rules.tsx,30519,0o644,7dd3fdd93a0feac8f1d7d54afa348dff20563e02801c70902fab8de441ab0aab
src/packages/control-ui/src/pages/Settings.tsx,34035,0o644,fdd27d301dc53edc77e7a5d57f7ca840464a185c641da6af85fcc7d0853229e8
src/packages/control-ui/src/store/.context,668,0o644,086c1ce664bd4023845ec409be3be2d896130e81c8a6c1daaeddaa548b8a9587
src/packages/control-ui/src/store/systemStore.ts,735,0o644,b44f5fefd711adfc1a78e7f690881e456e433db6e98515e2c1ccfa966f9836e1
src/packages/control-ui/tsconfig.app.json,750,0o644,ae5efc06527ff0e6ec16a3c2058e811a235eec4be4c03b01c328443d8baeeabe
src/packages/control-ui/tsconfig.json,119,0o644,770b4140bbb581e2dfd9ea9946ffc9c75a1d86ba7d2db5f77c83e37cbdf9d808
src/packages/control-ui/tsconfig.node.json,558,0o644,d366cc0827139db39c61815f22491bbfda56c654354a42ad7795143d314e45e8
src/packages/control-ui/vite.config.ts,247,0o644,9b1884fe47c0e9c3c40ad61a0e75fa0bc3c61d43e808219a8dd7789ac40a2b51
src/packages/lumicore/.context,716,0o644,0ec1f28f644fc739d7dc917e6c286ab25f247a4941aa068757fdd756fb7cf522
src/packages/lumicore/Cargo.lock,175215,0o644,f9b6eb79e5b6f51e363bd785f3455ebb7babd74653087c89088682b715f858f2
src/packages/lumicore/Cargo.toml,3156,0o644,38dffbb1dbf829ad86649ad63aa024844f8c7994300cf6b9f142ce49e59438df
src/packages/lumicore/src/.context,1132,0o644,6adac13694366efeb8b3c107ebb1f5f2a2e47a1a5a9bea86928d1e887473cada
src/packages/lumicore/src/cidr/.context,730,0o644,b5f698ffb96f8e64fb2ce7c450697522f57cd21958ba176e23cd7602c60523c7
src/packages/lumicore/src/cidr/blackrock.rs,11246,0o644,fdca22ea68a2744564de8f73539ed541fe7ac288f892d6c53d8d72bd46fa2478
src/packages/lumicore/src/cidr/expander.rs,6837,0o644,4157ccea31c43b40ad3a305853f3bb4750abc84dcbf906258c3dfe77b39590b9
src/packages/lumicore/src/cidr/mod.rs,197,0o644,884cc4a278f8c74aea509223f87af59638b1bbee83e2d5e011a87eb703519203
src/packages/lumicore/src/cidr/vm_timer.rs,1156,0o644,9673db9e39d4d5b7ba4be170bddd51e08a2c38562a6bf717f8b44a6453f62662
src/packages/lumicore/src/crypto/.context,920,0o644,d89cb459e8df435e894ee06183bdbd64ae34fabb9236a2b438b394d06299b66e
src/packages/lumicore/src/crypto/aead_framing.rs,8859,0o644,922c1e9402875c817fdc2577a63d446f2c1ffe2d1a2fdfc8b150de9feca88214
src/packages/lumicore/src/crypto/aes_ecb.rs,6996,0o644,571829d46261e2b0000f3471eaf537fbd3c643df72316622833d5deb032c85af
src/packages/lumicore/src/crypto/aes_gcm.rs,16878,0o644,e5637e6c3219060fbef76bb32b8e39be7c78d9b6a8e5dd5d0835f676fc4ba155
src/packages/lumicore/src/crypto/credential_bundle.rs,6212,0o644,a1ca0fb82fd69f354c18ed493db99185a74fb635c2b8e81985821f847694bbc5
src/packages/lumicore/src/crypto/ecc_curve.rs,410,0o644,2aeb77f06c00ea987c0876f747de6f1f49072a83aab4c2703566b36495142120
src/packages/lumicore/src/crypto/garlic_packet.rs,10741,0o644,5607a6e301cd6144eaadb432b75ac8ea5a8fe08818d7ebc46f1432e4bb04aa21
src/packages/lumicore/src/crypto/hkdf_keygen.rs,5780,0o644,5c4442b8d8f059840b89f13ef7d73f72e07d856d140c7c13b596cfb662a1c0eb
src/packages/lumicore/src/crypto/mkem_kem.rs,5937,0o644,4bda6bb9310712aff4487362b8d3eea02e566753e415e3a07cfd3e18f70a4e3a
src/packages/lumicore/src/crypto/mlkem.rs,8687,0o644,8667f8501ea385f2ec4f858e29ea8b0f85a7dbb4f4a41af272067e7d52fedb86
src/packages/lumicore/src/crypto/mod.rs,680,0o644,e392bb5a47a87369f0d6b989af370e6d3d692010a3d1ff8a1aca944c17d426d3
src/packages/lumicore/src/crypto/stream_box.rs,8998,0o644,3b889c3e19a72d301873af8c5030748c6750c937dc3550dd6774c3a3bbd409ce
src/packages/lumicore/src/crypto/tor_hybrid_encrypt.rs,9904,0o644,4cb898c6f77fd1d3fda68924aab4d0997252fcc9ae5e00c6a1e71e5d7b6ab380
src/packages/lumicore/src/crypto/tunnel.rs,9990,0o644,e393ff8194f07e1a6a49ba18f29ab8060c6d216f9ed3da9b521486cffdd9d17f
src/packages/lumicore/src/data/.context,715,0o644,e8c69b13f8d697992b40c599e4b17b432d074ef728c52f928ab637fd76498ec2
src/packages/lumicore/src/data/mod.rs,199,0o644,d5d1a28526f13252a9480f75beb68dbe13c2f74ebcc5c986baab2de11dfdd066
src/packages/lumicore/src/data/ring_buffer.rs,7451,0o644,b311615cdf0125a81314113370bd66090a943d953de9c6c694504618d147c349
src/packages/lumicore/src/diagnostics/.context,728,0o644,c58f58a3d3db22f6d8693cefea9d27a3b52d039892010d58817b8073cf238577
src/packages/lumicore/src/diagnostics/html_report.rs,2874,0o644,3590cf23a86b9dd2904a7b2900c2963a413057da6bc0d30599d59c85f6bde34a
src/packages/lumicore/src/diagnostics/mod.rs,150,0o644,60ed8c31bf3c41a7fc8b72c4853373bd9eb1aff48bbce04d528bd9a25ea1e125
src/packages/lumicore/src/diagnostics/runbook.rs,7440,0o644,d0fbc2227733621974224d4fca75e960688f943b5ce32d6748fd164ce693f8b7
src/packages/lumicore/src/dns/.context,822,0o644,9c715e3aad930c732f8602ee41097cf19324167dd84cd006e306177cd7af6e1d
src/packages/lumicore/src/dns/anonymized_dns.rs,4016,0o644,736f1e90bcc222ee2628a132962b2e0306edb732cf5cf72a19788a3146ba76a9
src/packages/lumicore/src/dns/antipoison.rs,8989,0o644,e29ac1671372a5145307c1e041f816870872deb3f1d44aee5f16730942253a4b
src/packages/lumicore/src/dns/dns_client.rs,16307,0o644,4720efab6a9c5d2f463bfaa9b6d4a02edf8f778e11f26b85af1ff6b7115fa8d7
src/packages/lumicore/src/dns/dnsproxy.rs,14179,0o644,aa491b44a30d8e7604ac993643d074c356e890e23f16e8d1d35a079f14ec3edf
src/packages/lumicore/src/dns/doh.rs,3758,0o644,706c828f7a961bd1b342072d6d7a3142c88b1c2dd653eafabf7eec2cd70ee48a
src/packages/lumicore/src/dns/dot.rs,3844,0o644,e57a305ef00237b2f01c9e7b2845b034ec6c6b4333fcfc659f00b20839615355
src/packages/lumicore/src/dns/hosts_optimizer.rs,10437,0o644,3327aeff6bcf241fae4163d500c2f17ad2e6d966b7d9ef5fda30abdc609b0431
src/packages/lumicore/src/dns/mod.rs,868,0o644,f6d9af5be5ee96f1f7c8bf951c09b9f667194e47633604f4419161ee7259b2bd
src/packages/lumicore/src/dns/packet.rs,12001,0o644,5a93fef99661b01c3bb7864695905ed0849f9d018736df0170a7c68e2ce3cc75
src/packages/lumicore/src/dns/udp.rs,3623,0o644,b8aaaf7a276a975f528d40e10e742b5bafaed8330634165b4bdc3f435a2ad045
src/packages/lumicore/src/engine.rs,21030,0o644,c0378d8f77aa1f40fef4f3d091672680a3a6918b74d500a8ab04260b39a7d173
src/packages/lumicore/src/evasion/.context,935,0o644,f07d4a98d9fdf4fdc4f6a002e620f7a669e596494b8431d131bb46824a8308da
src/packages/lumicore/src/evasion/client_ip_obfuscator.rs,7330,0o644,0cc004f9fd7d35f3c00ab76f8bfd87a5198d160e4285526732fd5caa5d2c6d38
src/packages/lumicore/src/evasion/cloak_obfs.rs,4278,0o644,6d974d1e2e2ba7a74bbed75e8d5a64447efa38a16c3033ea0fa50049f0695134
src/packages/lumicore/src/evasion/desync.rs,5392,0o644,34631ff95bcecf8f7456205be2ad4283b59bbe18b3e83ee7fbc1edbff0be2a85
src/packages/lumicore/src/evasion/detect.rs,4890,0o644,d1be5b6d021cb32a88f9b9a2bf75cabf315a0055f4fce396f388451ef29557a8
src/packages/lumicore/src/evasion/ech_plugin.rs,422,0o644,fede27d959f7ffe77c6927b07909d722b8593578cf04d5a05e6f29625d6be94e
src/packages/lumicore/src/evasion/ev_evasion.rs,6728,0o644,efae353947528e21c6b07894f96f8e7e05c1a0b2b4c52876d8363e0043edc977
src/packages/lumicore/src/evasion/fingerprint.rs,8189,0o644,533dfe2e96f6748506a12b0ab24f2adae3a81a829cddf7b8f2b2ab48bf458839
src/packages/lumicore/src/evasion/fragment.rs,9472,0o644,53444bd95da834e6fb12a089bb65e506e8223fbf8545f0a7b3b446c6f6e80dbe
src/packages/lumicore/src/evasion/http_tricks.rs,17513,0o644,e1812e416da93904e33a181090e9bc02a33ccd1a332601e1a37e53d6151febe1
src/packages/lumicore/src/evasion/mod.rs,8302,0o644,71cc35bd32b8124a0e700adeeadfbc452d8a8eeeaf64088d7fe144e88b034e56
src/packages/lumicore/src/evasion/noise.rs,2611,0o644,b7a96098eb5f83b7e6b2675ef8bfe42a723de3bdd7960d04708d2f26f9d1cfd4
src/packages/lumicore/src/evasion/packet_header.rs,5085,0o644,090298dac5bcc21e268127fec413b8a50cb5da5579f3a38c0df48a325ffdee66
src/packages/lumicore/src/evasion/paqet_injection.rs,7158,0o644,1d0345028e18a90f3d1cfe98f86035b1639269fcb5fd197cca71e8a4a93b6dba
src/packages/lumicore/src/evasion/passive_dpi_evasion.rs,2678,0o644,b4a420a9194abf408a8fecacd4855c72942c660d16c16e5f25f5010c7f41f1bd
src/packages/lumicore/src/evasion/reality_impersonator.rs,477,0o644,3abdd4eabbbfeb0efb38830cb566701dfb5dc1e2d24d9d1a983b0a03273c7e48
src/packages/lumicore/src/evasion/secure_hostname.rs,1864,0o644,46d570aae4bd1a71717c5c2a746d5a1620eb68075bc8b00ca30d92fe9f806dd9
src/packages/lumicore/src/evasion/smuggling.rs,2920,0o644,bfbbcc3830126daa8870d63efd5605eac560a21057f1b2add834b904f10b2254
src/packages/lumicore/src/evasion/sni_bypass.rs,11721,0o644,3ce9d301833a6689da2329b607b2ad13b84837702e50a6203f56fe5a9a65352d
src/packages/lumicore/src/evasion/sni_reader.rs,7920,0o644,ff3218a1b6854152465bcc5e2965bc2408d59f14d96d35ab5cb4dfe41daf3096
src/packages/lumicore/src/evasion/sni_spoof.rs,16047,0o644,67384344d3d8bb412df9ec4d4de8d354189c09cd4c31eb0b50baef1ae457547d
src/packages/lumicore/src/evasion/snispf_hj.rs,20973,0o644,52f87fff0ec1226459239f7f1369823d7d5752355666fb135a054acca54c0bfc
src/packages/lumicore/src/evasion/tls_fragmentation.rs,2919,0o644,996c392ae207e0f6db9a17e75b022bd4c3ec02e3f30f65a619b72d62ae9d32d3
src/packages/lumicore/src/evasion/utls_spoof_proxy.rs,427,0o644,5ffd21c5e861e31d735f573e6b963fe07a69653b1edfa79c90b0b41150815e78
src/packages/lumicore/src/evasion/win_divert_proxifier.rs,13581,0o644,8d20960d79a07a2fd3c0652f77f4e4f83754d5e2c52295c26cd26fe48ec41d72
src/packages/lumicore/src/ffi/.context,929,0o644,ee01ca7c9f747c8187dc39f710ee76e94301f070f4c2771ec8f6fd9921e734d1
src/packages/lumicore/src/ffi/async_exports.rs,7222,0o644,9fcbd97c6deb2d0c89f6e3b7fb52c951c12e2a19db4bc094ee83e1173aa34daa
src/packages/lumicore/src/ffi/binary_bridge.rs,6273,0o644,dab4a935da266fab994cba91202e2ff37eff5b8f72aacc744575d8df2fbb6279
src/packages/lumicore/src/ffi/binary_scan.rs,718,0o644,e8234279f549272ef0151ed0bca09cb5d986c0c019231d4d1b1beab6dc315453
src/packages/lumicore/src/ffi/callbacks.rs,1494,0o644,13c6997d98180fce97fcde66017c34398ba32dfcd2bd5d378ea23cd2872e7e12
src/packages/lumicore/src/ffi/envelope.rs,2558,0o644,084c3b7654ba75c26a3d0c4373abe57b7ff2211d7717018da4502b0e4797d202
src/packages/lumicore/src/ffi/exports.rs,42627,0o644,8e83c14501cd48d4ef550a618dc081a072cccc6124dce715aa5bafeb86599f36
src/packages/lumicore/src/ffi/ios_ffi.rs,18201,0o644,3723c690e4ffac9c12f559c5164d875ecbc8c775e12a6871227ae00b0f6c4a99
src/packages/lumicore/src/ffi/json_bridge.rs,2513,0o644,5ecad454908f9eb622d94000c968d0191b9415be87cf4729eac77572cf3f501a
src/packages/lumicore/src/ffi/memory_bridge.rs,561,0o644,b426010a7d4f2c378a344ff0b6eed26967f839dbb1d4584636cd43271d2c5282
src/packages/lumicore/src/ffi/mod.rs,2406,0o644,6f0293555974acf1a42c671342393a2e64aad76b9cecba383b5da01a176e7656
src/packages/lumicore/src/ffi/panic_guard.rs,1459,0o644,b7fdccb902359b77ec1aa069a6b004bb43526fa38de050100070301f8758e5bc
src/packages/lumicore/src/ffi/streaming.rs,4433,0o644,9cfa7dfb9b521ef7eda6974a624f4f4a44418a2a1d48514dbfad1d5ce5a8b847
src/packages/lumicore/src/ffi/version.rs,1021,0o644,3534056eee8c5bb9697d8dc5eef98362a095497fe9089a60ba87d243d2f26769
src/packages/lumicore/src/hs/.context,714,0o644,81f1ffb728550fb7f971b4b3c61aab5b98ff8f78614df33283aa537e909c36f7
src/packages/lumicore/src/hs/intro_point_set.rs,5502,0o644,2a8c219b0eb09c843d8fd1a1ff4bb4746c07e1d52e231ac684992018f4e140b6
src/packages/lumicore/src/hs/mod.rs,284,0o644,d3c14c1433f3471dcfb6d412dbaa23dcacf2d05b8045cad0b2a239e1272aa1e6
src/packages/lumicore/src/http/.context,799,0o644,f52c620e278bb04abb9115f3268f5c20c94930cf27411953d3a6f4af30391f2a
src/packages/lumicore/src/http/http_relay_buffer.rs,11948,0o644,ff197bd469697227258530acd39537764960f30b27fa5e2e674a37791c5bbf4b
src/packages/lumicore/src/http/http_relay_connection.rs,12026,0o644,29a97523141204c7bfce4452adab6b834e389b09715446ef2ab5310d2f29c752
src/packages/lumicore/src/http/http_relay_core.rs,14306,0o644,a00f914168af55888f6b7abb6d432201de2bd5b64c4adac9b7e064dc54dc78df
src/packages/lumicore/src/http/http_relay_retry.rs,11924,0o644,9b5f567041b90e83ccc14e7c6881ab540d8ca9a42db041c5590fe87220ed75e4
src/packages/lumicore/src/http/mod.rs,10957,0o644,a11a484f0fee7489fa908785ebdd2e8b90c69d2b84cb88d8ddddae58d38086c2
src/packages/lumicore/src/http/prober.rs,5933,0o644,628e04380593f9519217ed2a6c78c16c133660f986a58ccbd9273b51fc988399
src/packages/lumicore/src/icmp/.context,722,0o644,bb6f458b1127f63ba808aaf0ef0551abd078a89d792fe51d158b3d469dd28659
src/packages/lumicore/src/icmp/mod.rs,447,0o644,af35cc90720495c83753b1b7727dd6559555debf02ddb0dae9e0c02267adb5ca
src/packages/lumicore/src/icmp/scanner.rs,21368,0o644,96a8babe4016360c484a66b25a9ff67e4ba8ed3589df98a999c0d61aaecf2159
src/packages/lumicore/src/icmp/unix.rs,5905,0o644,9017f59ed70a0d0d2e0852ccc22068c6ed2eb9bcf014f8942dc71d60feb76ceb
src/packages/lumicore/src/icmp/windows.rs,9630,0o644,3d95f8839ffad81ea461f0403d522ff88a6bf4a3eeb1303314655d5579e2520a
src/packages/lumicore/src/lib.rs,6284,0o644,3c9d7e41f7e2e81572442811945b15c560f781c688a37ec980afd62799ff1f4d
src/packages/lumicore/src/netutil/.context,800,0o644,47d9b826cc0ffea3d167802946c47d8f1de9b7d4672049448624ff71deb41218
src/packages/lumicore/src/netutil/adaptive_limiter.rs,5341,0o644,2838418bb50a7cb15d6b358681121873160c49d534361f3167b0331b762c7f21
src/packages/lumicore/src/netutil/classification.rs,4032,0o644,1a48819f5ec475ba1ade2a73e44a6c906739f4ee8bb9ba92edc3c3527648f3ae
src/packages/lumicore/src/netutil/headers.rs,1258,0o644,aacc48db03a58cd5b23cccb64a45eb4d24f16152926a9da51e57af84bffe45df
src/packages/lumicore/src/netutil/ip_check.rs,3458,0o644,b57a00f318382daf82fffb518809a8263bd091a8ee8926733dc5d089dfb13c27
src/packages/lumicore/src/netutil/mod.rs,492,0o644,fe321eb779be57e895a0f023d3b056cbb3c3054a3ad369df09348116320cdb47
src/packages/lumicore/src/netutil/shared.rs,6202,0o644,1d2159702544c561e85154d2a8540ae6b462d6475662db60e93657e4e2849158
src/packages/lumicore/src/netutil/ssrf.rs,1903,0o644,25afe03e0b6c7d184e07e048e8b220c9704675f974aee5280a159cf4869e10c9
src/packages/lumicore/src/netutil/supervision.rs,7107,0o644,5bf29464301d0be69a4cb3b3252b2b8527f23ed08789d88009f54a790e3f49e6
src/packages/lumicore/src/obfuscation/.context,779,0o644,6daf3808def144f939086141b39df1043e131cc4cafabf661da0354a2a848067
src/packages/lumicore/src/obfuscation/mod.rs,289,0o644,7db874d8e4a52fd5a4584835ffebbb30c18c590d3a10b2ac37d6e14b7beb230d
src/packages/lumicore/src/obfuscation/polymorph.rs,11074,0o644,d89d9a81d5cdcc78560cb7ee05a4b2bf34440d0e2972690766104b2d438fc2a9
src/packages/lumicore/src/obfuscation/protocol_detect/.context,772,0o644,0088368948227e26d8af0df26572c72c588d5aa0a6927c057799b56de49a763d
src/packages/lumicore/src/obfuscation/protocol_detect/detector.rs,3693,0o644,3c05ca56f17c2ca1c76ec8be2fa6ed092ecc554d7d745a0dc12f60ceaaccff02
src/packages/lumicore/src/obfuscation/protocol_detect/dpi_db.rs,2290,0o644,ff53c554fb8f9ed73b663abc02a39c41899bee3c1a477fc235d410e0166b6741
src/packages/lumicore/src/obfuscation/protocol_detect/mod.rs,429,0o644,93f06648accabd94837fcc5c4ac6993d08914be0ff61e715d02ba477b60581e4
src/packages/lumicore/src/obfuscation/protocol_detect/signatures.rs,15409,0o644,b0f5c2c3a2edf4cf97b704f6812295326f35333b330df6e36783cd2254ea86f8
src/packages/lumicore/src/obfuscation/steganography.rs,10396,0o644,c461e0646120fe89dde6773594363fcf0df804eeb4829288158bbcffff9be825
src/packages/lumicore/src/platform/.context,768,0o644,7c45926706d9a6f03e2e5ce56991e5a2d0a24820446eb7561803ccbcf27c496c
src/packages/lumicore/src/platform/android.rs,12834,0o644,2bd3adad79d2be77a264ff4a30271661e28622262ba296def54f06af3fe81393
src/packages/lumicore/src/platform/device_spoof.rs,13561,0o644,55e9ae764dbbbf4c474f09e68f65b562c62c4960364b2d4f46a2a88c050db508
src/packages/lumicore/src/platform/hotkeys.rs,6599,0o644,1bdc844e9e8bd100ff7a14667b2137658f5d31065364c9116e755ce4a8f3e899
src/packages/lumicore/src/platform/mod.rs,316,0o644,400b444ed89be080bb3722d7c2d79ff00f00309f35f5cb0d79e99033b4e0b71d
src/packages/lumicore/src/platform/syscall_evasion.rs,8970,0o644,b45281a5a4fb10e55e41addac07ceb14b45deede1099c67e4b38d7d814922d07
src/packages/lumicore/src/proxy/.context,1055,0o644,cf80367288a491dac47f12cecd256a05ddd0af7e94470e45107bf0d14f0256c3
src/packages/lumicore/src/proxy/brutal_cc.rs,17548,0o644,865b0d8de411dc7137f24bd94bd1e546d65bf723628997679d0f472237d3ddf6
src/packages/lumicore/src/proxy/flow_trie.rs,10493,0o644,2ce4e3f910f897db7f594246761c80791c84d91bafa2819ef22d619a57f1a56c
src/packages/lumicore/src/proxy/handler.rs,14144,0o644,26dd52875dea2123e52e1c4d38da61fd69e0703aa13a1aebc7e5bb5357296adc
src/packages/lumicore/src/proxy/mitm_fronting_buffer.rs,20072,0o644,d312fce7d4a0287bf9db29b1c564e96db7a6fad62bc55ebabf550eeeb30ed03a
src/packages/lumicore/src/proxy/mitm_fronting_core.rs,11048,0o644,2ae18eea44c924ae699fa6b2ce3fb8c053099727aed9c3c6005fa292512833db
src/packages/lumicore/src/proxy/mitm_fronting_diagnostics.rs,11114,0o644,4fc60c9ac8f5a1b9a1f647ff137db9dc2a9982b6d9815a8f8a547eeb9c696108
src/packages/lumicore/src/proxy/mitm_fronting_diagnostics_helper.rs,11210,0o644,8c77d8c98fe1d1ccf1cd83c414a6bad0d8992ef505c6d6b77855a8d5c2ce9e98
src/packages/lumicore/src/proxy/mitm_fronting_diagnostics_tuning.rs,11210,0o644,0fe60c54fdc6d0a0bc821341857fb2fbb7cba624bedfe267f35ac2c1e03470bd
src/packages/lumicore/src/proxy/mitm_fronting_diagnostics_tuning_helper.rs,11306,0o644,3dec38137db141e8c13453c3bc515ef7ef47a26c6f89350c946480131a867811
src/packages/lumicore/src/proxy/mitm_fronting_flow_control.rs,11139,0o644,b6f382d708cb34ed6458dc9647e85b7b1435a48fd4f6c9efca1064005bca0990
src/packages/lumicore/src/proxy/mitm_fronting_flow_control_helper.rs,11242,0o644,1dcb1755fb50482793ceb2da711f4f30a18938d28c37f865c01c84455ad80ab6
src/packages/lumicore/src/proxy/mitm_fronting_flow_control_tuning.rs,11242,0o644,bcdc9cce69f35725f5b76c01d091035b928ae3c16cd2ce1f8bc85108c6d7a0ac
src/packages/lumicore/src/proxy/mitm_fronting_flow_control_tuning_helper.rs,11345,0o644,2e9b476ebda87d13da576816a64059a0fa726cc396c65a6258ddb79783639c61
src/packages/lumicore/src/proxy/mitm_fronting_helper.rs,11054,0o644,b0b79174a8516a5604df40ad44f6b363f16cb9931b6465f7cd98eb4e4445afdc
src/packages/lumicore/src/proxy/mitm_fronting_profile.rs,11058,0o644,11f47566d885b18808e0c4c9f1ce26dd1e41249d92d7bca66014a0192ced4d54
src/packages/lumicore/src/proxy/mitm_fronting_profile_helper.rs,11154,0o644,1145808027d76b1a400e62cbcbc7242193a6e11f46f27f46cce80e54e8134d02
src/packages/lumicore/src/proxy/mitm_fronting_retry.rs,11078,0o644,06e1f42a1703b9c958e5dd08ca61727a9bcd3edda775cedc6dde0d7bc146f8f3
src/packages/lumicore/src/proxy/mitm_fronting_retry_diagnostics.rs,11236,0o644,5c3ca19f245289784544fae411c7e49efac87c535ff3ddacee17a44cfc05e692
src/packages/lumicore/src/proxy/mitm_fronting_retry_diagnostics_helper.rs,11339,0o644,0a06255bb1fed499875facf2d7b0ff6f3422a989be559f5acebd16759f749287
src/packages/lumicore/src/proxy/mitm_fronting_retry_diagnostics_tuning.rs,11339,0o644,785ee46528b21934819d08b2e2e5172c21bceb899d917493152ead26533bd033
src/packages/lumicore/src/proxy/mitm_fronting_retry_diagnostics_tuning_helper.rs,11314,0o644,3ea1d6f1d40db7d11f1e54240715010b0b1b4e62d451a3e14687420e1c93b371
src/packages/lumicore/src/proxy/mitm_fronting_retry_helper.rs,11161,0o644,f9a8b6df42c89505620de24e98e5b2a1c73e71a56f115e57562432bc025b6af9
src/packages/lumicore/src/proxy/mitm_fronting_retry_tuning.rs,11161,0o644,6cffa903f490112af6964d7041abc131bff218ff65c3f9acb81857595eaa702b
src/packages/lumicore/src/proxy/mitm_fronting_retry_tuning_helper.rs,11276,0o644,82c28b587bb702443b976df214217096385a69c94b27311d1274f73d33d5ffee
src/packages/lumicore/src/proxy/mitm_fronting_session.rs,11066,0o644,4ac3fbb8b98938cea32f1d5ef35d3dc6853fae0851f385f955a8a39d99fb1a2b
src/packages/lumicore/src/proxy/mitm_fronting_session_diagnostics.rs,11244,0o644,92e6bfb501c4c887bddc3558f28e05fb8ab95238d2a290530eb4c27702bce388
src/packages/lumicore/src/proxy/mitm_fronting_session_diagnostics_helper.rs,11347,0o644,1dc2e728bd47a79994f99b9a5644631d57b65269634e6e6e74af3f59bc6686dc
src/packages/lumicore/src/proxy/mitm_fronting_session_diagnostics_tuning.rs,11347,0o644,ec4666afabe2d1a515e2aed3fc429aa01ffec7fa82760710054d7adb34dca86e
src/packages/lumicore/src/proxy/mitm_fronting_session_diagnostics_tuning_helper.rs,11220,0o644,e2a3baed4175d189ed115ea2db30a162607b262e25cd2d1de227ab56888facff
src/packages/lumicore/src/proxy/mitm_fronting_session_helper.rs,11169,0o644,7ab7626468f9731095e8d5c70f57d73f477059e3bad777544b73bdfa7642013c
src/packages/lumicore/src/proxy/mitm_fronting_session_tuning.rs,11169,0o644,4d5724ff5caeac5ee82402bf4a7759309f63981308560958b3174b5bc8c2c9dd
src/packages/lumicore/src/proxy/mitm_fronting_session_tuning_helper.rs,11272,0o644,32c8597d1f3cc584fa8b19b9bf080a2fd9f613d252676303d9409fc83c84f663
src/packages/lumicore/src/proxy/mitm_fronting_telemetry.rs,11096,0o644,8234e2a23a9a52673e53d067e258e8dae94d9b0e23f5cc4188a68464bacdded6
src/packages/lumicore/src/proxy/mitm_fronting_telemetry_diagnostics.rs,11304,0o644,b232e1282f375485f0af909f31758a59d8b5ecb9a1e04e938b77af85016f84c0
src/packages/lumicore/src/proxy/mitm_fronting_telemetry_diagnostics_helper.rs,11411,0o644,b59b40d1355d538028041482c4c9b5afd1da27f5fecdcc9795e286534e88b760
src/packages/lumicore/src/proxy/mitm_fronting_telemetry_helper.rs,11199,0o644,f16c91de29f32a37fa63a61eb83696318fa3bec497333e59300129f71b346ce7
src/packages/lumicore/src/proxy/mitm_fronting_telemetry_tuning.rs,11199,0o644,3437db3f9fbe0a3d3d4e06b28267c2a6a749d1b74188107e16b67d8bb3861657
src/packages/lumicore/src/proxy/mitm_fronting_telemetry_tuning_helper.rs,11302,0o644,49bd90b31ded914849dfb8d6d353102c1e6e163a696c7bec372008a2e5dc7cba
src/packages/lumicore/src/proxy/mitm_fronting_traffic_shaper.rs,11170,0o644,e22773d4997bde8248751c06a1d96d15f5bb030e653f0001854d66f43091c4b5
src/packages/lumicore/src/proxy/mitm_fronting_traffic_shaper_diagnostics.rs,11348,0o644,79c4b05c1294676349cc74868da7a660f967b1ef3546be06bdf6e11aab1fcbc5
src/packages/lumicore/src/proxy/mitm_fronting_traffic_shaper_diagnostics_helper.rs,11221,0o644,cf86b2ea0e8a8f9ab33abbfb81a19fe77dedfc446b00f2bfe2e2025c29d6c302
src/packages/lumicore/src/proxy/mitm_fronting_traffic_shaper_diagnostics_tuning.rs,11221,0o644,97ab2e745ad9454b50a36e33aaca1155f9edf3cb3a56c15dee375e7adbac16f3
src/packages/lumicore/src/proxy/mitm_fronting_traffic_shaper_diagnostics_tuning_helper.rs,11261,0o644,757821f53bff387b3a1fd696f0225700fd720ef1fcf3c94a4f5ae96ae726f370
src/packages/lumicore/src/proxy/mitm_fronting_traffic_shaper_helper.rs,11273,0o644,337eeeb7b1ab6b60c76b38bf717c81c46b8dd7fad3759ac70e46ded0a287a86a
src/packages/lumicore/src/proxy/mitm_fronting_traffic_shaper_tuning.rs,11273,0o644,31f6666e2d4492d1c6b84bb8edd03c553d8b023f342acd072e97e6725dad8944
src/packages/lumicore/src/proxy/mitm_fronting_traffic_shaper_tuning_helper.rs,11380,0o644,641ee49ab1f0f7dc69d703da1c610bfb8a973c7ead827f5d94ba1a04f595c382
src/packages/lumicore/src/proxy/mitm_fronting_tuning.rs,11054,0o644,5e60cae02710a42220a5b5483fccafac5488f90e366c7d01691266d12fb29b1b
src/packages/lumicore/src/proxy/mitm_fronting_tuning_helper.rs,11140,0o644,314f7f9935982aa94ce5f12bad0291c3965e3e23c5e58a07e43a8017d80646b0
src/packages/lumicore/src/proxy/mod.rs,8314,0o644,5cc1239365e9a4cb87af23b09680232f5fc37a0a9d00dddde2933d0199a9bd50
src/packages/lumicore/src/proxy/parsers.rs,26177,0o644,ad5b282dd95710717b67124912a9123bfb170b43904b1f6e7efef9fefdaadaa3
src/packages/lumicore/src/proxy/sip003.rs,2037,0o644,bd666012e002a7f15cd6460c65915496777adb1584954c1bc58da5cad9032c16
src/packages/lumicore/src/proxy/virtual_dns.rs,6811,0o644,536a1f1f9cecb6ad5727fe8fc1fa963130547466a31285b3921a713cf068167c
src/packages/lumicore/src/proxy/xray_mux.rs,408,0o644,f281c337308553c8911ff7de5d75db56873b0aca9d9bf4d8973dc011776a997f
src/packages/lumicore/src/relay/.context,739,0o644,11b3ec41274207a0881837201deb59acd08d1a4bdd4a80af2145f0ff81e92756
src/packages/lumicore/src/relay/descriptor_parser.rs,4158,0o644,a45461d655d54193497d1e237bfdca6753d73e08a5951d69423aa013b31c8d92
src/packages/lumicore/src/relay/link_cells.rs,8407,0o644,d6c0f650c124378ac073fe813a98975ab3abae345675d83022cfc9bb22d5ea3d
src/packages/lumicore/src/relay/mod.rs,589,0o644,5fa84f601a3a5cc78c9c536418e21462b6f49830dbf9844a540a330d57dd567f
src/packages/lumicore/src/relay/websocket_cells.rs,3814,0o644,131d118c4b937b943de660a210d73e894015e7e8948cc029cefe616e9c437f1e
src/packages/lumicore/src/routing/.context,712,0o644,ab4377c4c187d4aee6f061bfe6e568402346bdd38c90f11416a748954dc64914
src/packages/lumicore/src/routing/mmap_config.rs,963,0o644,ee49b876c9c7805e7ed43d6ad64b6930d61d666957e49b08ea80041b191352da
src/packages/lumicore/src/routing/mod.rs,105,0o644,651986566747646dd8862e29a9b277a9dacd8f9c7cd783bc9fe11c21f910413d
src/packages/lumicore/src/routing/trie.rs,3192,0o644,fa46bc4ec8f0d9a79c9c49ad3fd1e5f588359eaaaa3d770b1e859f9a2c8cf0be
src/packages/lumicore/src/runtime.rs,1023,0o644,3475ac06b9a8525e4c2a91eccca977cafbe0b61bc6286e40e68f6dfa5c5a20dd
src/packages/lumicore/src/scanner/.context,788,0o644,d6dbcc0a52afdf87422593a3a7b6c263e962a26beb595315112d19237734b79a
src/packages/lumicore/src/scanner/dns_scanner.rs,5409,0o644,a4baef65a256001b8000c64284e9a8ba2c674e91967e6994fb43a30759afab16
src/packages/lumicore/src/scanner/edge_prober.rs,5790,0o644,fd125f1c924c3602a007c75dbde218853aff02a59c34f43ef98fbba8b886719c
src/packages/lumicore/src/scanner/mod.rs,278,0o644,494ec93314b600625288a37e03ae9378d410663a379ce42a4cb79055b9c63260
src/packages/lumicore/src/scanner/network_shuffle_scanner.rs,1933,0o644,cc8363905ceb41f7d3ec7aa0bc744bfc3b3f1dd762517c5b90fc6cf592788b1d
src/packages/lumicore/src/scanner/packet_crafting.rs,9641,0o644,cb312decb27264d0f0aac18d2f212166cfd4f9544f4af5340f5ae8d0dcfcfb13
src/packages/lumicore/src/security/.context,834,0o644,ce48c26ab7b8b98f05c54298d8b7103f89500c874ba5d514c7fd2ecda9cf28bd
src/packages/lumicore/src/security/anomaly.rs,14874,0o644,f743a197e934f2c3aea3c97a9e328671224a70ff8a4082a0bed93fa4ef4ce3f8
src/packages/lumicore/src/security/blocklist.rs,8484,0o644,913af797639271b42b93851fc345bf85cd8fe7f250f9f6906539596da9cbce5c
src/packages/lumicore/src/security/challenge_solver.rs,16112,0o644,2b21e15f6f3899419ad06fd52738255bc9cd9be2005594bcce720e7035112e6e
src/packages/lumicore/src/security/credentials.rs,8373,0o644,553cabc78a91e7e396652b9e15877d28fa797cf878b3a4f307a3ffd38dc027ae
src/packages/lumicore/src/security/forensics.rs,18976,0o644,ddd2b5ff8cd17b8d4965310589a8fac377cd5490f00123f3baa04aadf7edab94
src/packages/lumicore/src/security/gov_blocklist.rs,8111,0o644,315fe03d3190726ee95a09c8fcf7299f00359753001e036751c92e88c21a0859
src/packages/lumicore/src/security/idn_sanitizer.rs,16219,0o644,55cab517580bb2b7c89648beb2cf4ba755020502ca850212e2033e7c34561ef2
src/packages/lumicore/src/security/memory.rs,9572,0o644,9f6d7d23e9ad82c0cd9f167bcb302fbd223ecad21980d3bfd9653a8d0502a7e3
src/packages/lumicore/src/security/mod.rs,504,0o644,50478351bd3cfd2cd349ad5e858f4f65a573bce85636dba7638891b5858d32fa
src/packages/lumicore/src/sflow.rs,9193,0o644,c943151c4dc4a63a5a6c27fddecb833d579e52831b068c219f944ca3634a8d7c
src/packages/lumicore/src/shm.rs,3573,0o644,b2947c231c405364d28b15c6d8466d02cd2a77c7f16abfde8854e66edcb632d8
src/packages/lumicore/src/sni/.context,715,0o644,d22390931dffb607445a8f354f941f98c9b52100320d18ab0f40ab09f23b686f
src/packages/lumicore/src/sni/detector.rs,4709,0o644,820973761c4c4ff2ac02ce01306baeca89d714f0aaa044737d43c77e40b414e9
src/packages/lumicore/src/sni/mod.rs,405,0o644,60a27ee992d47b81df10ec802a57e566bbf04b9f8054b4077846d64b7de6ee0f
src/packages/lumicore/src/sni/spoofer.rs,3079,0o644,1872f5463ec182b27cd25a57f76023c9eb1f487296e28f3ff37f4a75b597e552
src/packages/lumicore/src/socks/.context,705,0o644,9af6a4e56cb8c141aeec90ea9320d047c69442a269f255f3b533eaf7181b4a22
src/packages/lumicore/src/socks/client.rs,7169,0o644,941815a0d590a1bfaaf45ad4c6a823e5ae989705c692bb5830b881e22659a475
src/packages/lumicore/src/socks/evasion.rs,826,0o644,115be96d1b164f61844a848c214221c519df9aa015c1dfce396edfe27f82553f
src/packages/lumicore/src/socks/mod.rs,270,0o644,5ac9f27074e05a592b5f9045aafe7a6b11b0b57061b19d11650b425812f6d6ed
src/packages/lumicore/src/speed/.context,708,0o644,656be92089c1f6f1d4d45a60f4e6a9aab8c5c2e3aabed50d2d437c4d1283f111
src/packages/lumicore/src/speed/mod.rs,123,0o644,d1c5128393b9600de02b83215612f3b2d69da74f981811d9cf6b8bea46c3b688
src/packages/lumicore/src/speed/tester.rs,6801,0o644,22d00b7e291ec442e0e719ba2db8e02991bc6c6c1527f22430f561288f4bfc9a
src/packages/lumicore/src/system/.context,748,0o644,e4423e2dd3e703d98e8bae064f6b68236564e03de99511a7bc49a6e465807966
src/packages/lumicore/src/system/mod.rs,71,0o644,a74fa1b4417afbce128db4e70e8cbcc1d1298dfd323f21634cd1e17f74fd756c
src/packages/lumicore/src/system/netfilter_randmap.rs,427,0o644,10fc02e10dac163e75de41cf884187329ffed5e7ce45767f8afd08235de601eb
src/packages/lumicore/src/system/proactor_io.rs,407,0o644,1aa1141f57aed69addd4be677e2ae04e9a8f1180cd3b4a1829e77b84b2d2bb04
src/packages/lumicore/src/system/userspace_tun.rs,11815,0o644,b62f635b40fdba42de5245fbfbc5ebf01e29338e4afd52ba44e9afdd9574949e
src/packages/lumicore/src/tcp/.context,785,0o644,4d31de605b7f5adb13530f441d11849712238f9740b2bba9c6ebca2a0537944f
src/packages/lumicore/src/tcp/disasm.rs,2434,0o644,d941c0111264ec0179bf69deb94c083cf7e89b6e353643565bde5c441dd06144
src/packages/lumicore/src/tcp/fragmentation.rs,3127,0o644,d35826eb653f65e303fd3a3eb2b1d9d0916e618b8d2d98307802b176ae6fd21c
src/packages/lumicore/src/tcp/mod.rs,424,0o644,23d49a037eedbe5d81493c182ea1fff0b6b97077e21d9b57213e2f28e13680ec
src/packages/lumicore/src/tcp/prober.rs,9188,0o644,5bf4600d25f6af321c7ef8590c1ac94204cb6ab594f0b56e1cfd66fa0c58c713
src/packages/lumicore/src/tcp/raw_sockets.rs,6218,0o644,18450235d9a6260f2b3f6490b361bd9d2a3e20f981ef666788079bae20370160
src/packages/lumicore/src/tcp/stateless.rs,2453,0o644,01c501a307115893a67cf0fcbb444d129a532ac330ece672bba55ebd013083d7
src/packages/lumicore/src/tcp/uring_engine.rs,1577,0o644,6046d71d48956f07701075bbc5b2f28e7971b5fc6a3a778e3afcbfa229ee4a01
src/packages/lumicore/src/tls/.context,802,0o644,3817e5027cb8a36e171c82dac8cab649ad737ef81495f12b8683f44fcb4f76a6
src/packages/lumicore/src/tls/cert_installer/.context,778,0o644,7f92b303b172d77b0492def7329cbdf77d73522e057c0210825b51cd9d7ecde0
src/packages/lumicore/src/tls/cert_installer/linux.rs,9766,0o644,a8d2c5d201798cf9e625984ce634972eea7e9f5b0667292dd4f70371fb94be87
src/packages/lumicore/src/tls/cert_installer/macos.rs,4398,0o644,a2193cd471dcb536237b5fea9485265f630042d2697a374877fd07384a82645b
src/packages/lumicore/src/tls/cert_installer/mod.rs,5043,0o644,05163a8fa115b6378be7ebe59142f23120291b21790a852d76ef9d1501e6cc4a
src/packages/lumicore/src/tls/cert_installer/nss.rs,26072,0o644,75970c118eaae4bcf1485f581cdcde11e117f2c393f613106540bbd066691936
src/packages/lumicore/src/tls/cert_installer/windows.rs,3954,0o644,3bd37910eb4880a2b0b3903e10898a9823cc20d85b5a39082713fb9ee6a705ea
src/packages/lumicore/src/tls/ech_greaser.rs,2421,0o644,214b51ba981ed63f31f96b4db6b5fc0a67044d062640c210bda6f515e986b2de
src/packages/lumicore/src/tls/fingerprint.rs,13877,0o644,4ef6675a6786c7acb6db3a59707f4c342cdcf56f9e1e427bb81b9cf3b3bab7c2
src/packages/lumicore/src/tls/mitm.rs,10571,0o644,164d5b22c61b872fa31b16268369ed89f11e1388d24c49abecebd35b62029b35
src/packages/lumicore/src/tls/mod.rs,367,0o644,d9d2b39564a40df2442092570ffd7b4939bde84e8d8ead6973ca32f25a2940e6
src/packages/lumicore/src/tls/pqc.rs,6264,0o644,cfe2923152e3225ad7fa51a081244b5d4388c5689a09ea905408fd1a7e55ba0d
src/packages/lumicore/src/tls/prober.rs,19987,0o644,814a46f41549d4fad0ef94c63a7ec777537b4da88a0334cd6754134da80977f8
src/packages/lumicore/src/transport/.context,895,0o644,38b0fb90b8d387d7b9a2b8fb045e119782e75d9bb924ad45595865c0228cf7e7
src/packages/lumicore/src/transport/circuit_shift.rs,15141,0o644,c088d63a7808b6aba79d65b71f78eb8b52067d1f62b597cf8002c858f96a8991
src/packages/lumicore/src/transport/dns_tunnel.rs,384,0o644,9b750b24d7bef14450cfbf908daceecc8f771a156febf7ecded807fa3377d860
src/packages/lumicore/src/transport/domain_fronter.rs,9345,0o644,a31a8e4c0bb3885d2bb5f6db79a612ef92b08f590c7bbb54888e46a197989e01
src/packages/lumicore/src/transport/ebpf_interceptor.rs,469,0o644,08d13a74f443632badb968563f025fea778378eb4f828f1fa2f02535fc8553db
src/packages/lumicore/src/transport/ebpf_redirector.rs,557,0o644,89c2abdf4b076f0c9fce513f0b254a26b9a4bace4d56ccd2e1d5df0c1f024616
src/packages/lumicore/src/transport/exodus.rs,441,0o644,fb2e2cfbc2028e7474920e61b45448214edf81b49b991010226a8c8a50fc353b
src/packages/lumicore/src/transport/fte_obfuscator.rs,2332,0o644,f1fd3cc120dd5d476965cd24f39b42a525cb0c4dd25bc5a30eee59adf7b65006
src/packages/lumicore/src/transport/http_steg.rs,5931,0o644,3ed2dec4d1788b7d6ab54504db2e7550356f40a6e908bfe07a62059eeb0d9a2c
src/packages/lumicore/src/transport/http_tunnel.rs,399,0o644,e4e5df8af876fac8a8fcc2eb0b72b7e0d07427307b3a731c8580ea396b742187
src/packages/lumicore/src/transport/icmp.rs,425,0o644,6655189ab129ae0a94dc5f13d307a73f1ce2237647801db475fe9f74b648fa75
src/packages/lumicore/src/transport/ip_packet.rs,10374,0o644,33395b6cd327c5393708540a301766449409241d23a12195e8b9c6e8a6d42f22
src/packages/lumicore/src/transport/mod.rs,1561,0o644,6934be4624922e3055d14bb107b18ea702c87228f5fe2e8d35cfc41a5b76ea7f
src/packages/lumicore/src/transport/overlay_vpn.rs,422,0o644,b8208847248bb9450640b5f03cc8e5ad7e572c10e3451fb043163dcb17029064
src/packages/lumicore/src/transport/packet_composer.rs,423,0o644,1a73bedee08693971f0141bff3065daa7ef912b80451ed6bdcf48186cadfde05
src/packages/lumicore/src/transport/port_hopper.rs,404,0o644,c53a647506072d2b8094a25baaaa53fae7a67e1cc49ee17dd6044a304a267f25
src/packages/lumicore/src/transport/proxy_server.rs,3699,0o644,1fd9cb98a48741e3fac5ffb449aa3073590dcec5330529d2cf06a7e21cf62f54
src/packages/lumicore/src/transport/socks5_client.rs,20091,0o644,6b9fcb2e70f7ff8268e3389f629621baddd43fb2f6ad17ada7bdcd913c0a4f36
src/packages/lumicore/src/transport/steg_transport.rs,4353,0o644,b078f56e92f7f78ffa3f62f942e65114ed99c745d6cfbe097363b8750b5c66b9
src/packages/lumicore/src/transport/stegotorus_http.rs,8568,0o644,85fd21f7d3992db7e92e44c1888363564aa05cf9374094a1755b821b42863592
src/packages/lumicore/src/transport/tls_override.rs,413,0o644,e35bc9101a94519564fba2e78d5b720d5df184042477b78b6ada8af763b3744f
src/packages/lumicore/src/transport/tor_cells.rs,7118,0o644,23783be809ea1934e609692838d2005ac314cb42eeb312fc52765a28ddd940a5
src/packages/lumicore/src/transport/tor_crypto.rs,3915,0o644,4e895daa676696e050e4375bae57d086a19c81d98c7a3466fac0ef5dc6b06347
src/packages/lumicore/src/transport/tor_kdf.rs,10407,0o644,ff6c59d287a27af06aac8e90cdc811808da0d58451f6cf1d53b5bc848744d31b
src/packages/lumicore/src/transport/tuic_quic.rs,1685,0o644,396ec6fa2dd4c9d56e1fb3b5e66f55c118ff27446953c4073189a434af0b89c0
src/packages/lumicore/src/transport/tunnel_client.rs,3496,0o644,d50165bca0ddbcc80f2eca3f1eb06f8631171008025b22d9c4cb1e25f2de5c0f
src/packages/lumicore/src/transport/virtual_dns.rs,8498,0o644,712a2463158fdf965ecb9ef39e888c094f9c1d5a49ac2eb79b42f818c0cfa1c5
src/packages/lumicore/src/transport/wasm_transport.rs,16812,0o644,35ff482ca3b213709d8fe91b8a14f2ee90a39007542f3877eac24032baf9cf90
src/packages/lumicore/src/tun_vpn.rs,5283,0o644,6a5b12368e1cc504022f17c375dd680ca1a259e6f4e1b46fbf0758a0508ea0ae
src/packages/lumicore/src/types.rs,8087,0o644,8f9b58fec8bbea7e3bfc29412ccf785b9ef6c42d1ee3e29c064ad6c99e046044
src/packages/lumicore/src/wg/.context,703,0o644,a589606f9b3ad75f6c767a6d13468e473a65209fecc59184a6daa49d46942947
src/packages/lumicore/src/wg/mod.rs,125,0o644,ef2c73635865f3d168b27b8fa6681c97dc0f86eb126aad52e4abfca1b8901a67
src/packages/lumicore/src/wg/prober.rs,6822,0o644,3ef5b0c01d4998d83655a36e2a16ea6c90e4a770c8c234b1d4483f347b5828e1
src/packages/lumicore/src/ws_tunnel.rs,5438,0o644,468aaf3d799719c82643f65d9a350b5e00b2060d38f93d7a458a6f8e21e01a30
src/packages/lumicore/tests/.context,686,0o644,03f2f7fe96fae94626189490932ccb19abf2d645fa2852f7b337ca9c98eb1a9b
src/packages/lumicore/tests/blackrock_test.rs,1472,0o644,8a43ee6915e4d570904afbfd0b8a60f1ac60599f5f5e3d36c83af269f0012c95
src/packages/lumicore/tests/dns_test.rs,1041,0o644,d88c08f9025b0ee0c23f855562c0a8745caafa1245d6a07b25b3f030429edcfd
src/packages/lumicore/tests/icmp_test.rs,2039,0o644,bc30e060c9a8871a72147e4d412fb5974c8673f43522ba8f74a0838744e7be5d
src/packages/lumicore/tests/tcp_test.rs,2153,0o644,ef78af979d8cb8f83edbdddbc289b3becb674b3451d13822e2cbe66e4c493129
src/packages/lumicore/tests/wg_test.rs,720,0o644,88a1eb36c18cc8d99e0fd356496f16e2110718ffbbdb5212a95dfd16ebbbf6c0
tests/go.mod,54,0o644,6aa6e982c66e9e62679137a6681683a98e5740248641dba07839ec120c992a71
tests/network_builder.go,3471,0o644,b349b4bdd3f121754afd6c0fb5ad8c96b67753e5822d460379adfeae7a6b16b3
tests/socks_probe.go,5315,0o644,306598431d83df78f798be5f808660d155e7fa20ad44a49cee7eb5168ccb6086
third_party/.context,576,0o644,65259afa05328e612f9941c6066a6226fd0014cc7b35579b2f72ed83f9f504f6
third_party/convergence_pass_221/REVIEWED.txt,166,0o644,c2e3856a5fa73c3113bcebc1f2a2a9ed906a27d8bb6807d0ef5c3e5f5e30efc6
third_party/gaio/.context,622,0o644,ac0c4c6f4346ab760c8597191e19ff29df150d25910eb5a2d397d8bbb66039cb
third_party/gaio/.github/workflows/go.yml,551,0o644,cfac0fd6c67fd5f3335a4f871f9f6355cf4b74fc33f648cb4a36a9605df601ac
third_party/gaio/.gitignore,276,0o644,efc259bfbb53367a821e75ae1c735bb02c9ee1d2dd4e20b22af31a37afb76ea1
third_party/gaio/.travis.yml,1408,0o644,06fb50a342b133983a6d6b087d12775c3ee6ac3c245874c974f666cbd051413d
third_party/gaio/AGENTS.md,4130,0o644,b4a459a191756c08a437a6560138f7e826bd81119db3a8d3e1a291fc5a4cd148
third_party/gaio/LICENSE,1062,0o644,baf2244f1241bcc9d41ce793f19dc9fd625a0afe4eb1083d93cbd464c6810eef
third_party/gaio/LUMINET.md,1211,0o644,a256b8a1b245067cce0d098770aa2015b2dfab48c1f67bce6bf656c3374e0cb0
third_party/gaio/README.md,14192,0o644,64c68240d1235d551f769ec73afe4b397ffd47d4e5dfe6ad80636d1db1fc6027
third_party/gaio/README_zh.md,12196,0o644,d4bdb67a3c15821884bf01e638cf364434bc0e9afffad8f3cfdaa6500af85df9
third_party/gaio/affinity_linux.go,1683,0o644,ff842180679cbc3d17b79bde615b0a5aa6ca1c86f83b20cf54dfd0034fa907a0
third_party/gaio/affinity_other.go,1262,0o644,a538ae30c77141b6f70d7b40fa5f495a2781bdfe8c34d30f7511ef3566145c91
third_party/gaio/affinity_test.go,2171,0o644,276ef28f97462a31cedecd0612db32a6057f43f5d8de7d35792e122589576fb9
third_party/gaio/affinity_windows.go,1917,0o644,ffd60b0e813d991afc1610a2762c7de1b866982e6549a0795444f6974e325714
third_party/gaio/aio_bsd.go,6485,0o644,a7c5ccdfcdf6d588691cbec000ab69aa2dd46b09e1a9f89532da0e5c8ffec465
third_party/gaio/aio_generic.go,4552,0o644,a2976f80c72d30ac6929e0630cc0643ff7923d276414905b6dcada2c71410842
third_party/gaio/aio_linux.go,5930,0o644,5a55dbf0a670ff7f1b870244d588ca2fe52cea419e0f30114bd0b15018c36184
third_party/gaio/aio_test.go,26418,0o644,f94964d124a2b8c9adfa666062ab2e34c9f8940c8d4c11494ade0f41ffe20535
third_party/gaio/aio_unix.go,1777,0o644,12cb05ec063be0cbbfecd67701bd02c17520b7bffa8a906a53af7ce0d73ad247
third_party/gaio/aio_windows.go,14402,0o644,c04e6e2ff7afb436e357e741f8ba88c6b55cb2e167058f358b6c425d7c6891e0
third_party/gaio/assets/gaio.jpg,174033,0o644,28db9835071a8984c9538406dc11a8fc798ba097c4add7fa939d291ebd138765
third_party/gaio/assets/logo.png,32369,0o644,3e5e063a308321def0a19389454a0c70d18e193a72675fea8bfca011af555911
third_party/gaio/assets/regression.png,8923,0o644,282387f2b9e203450929397277e911f7e179ec0580ef06ebf30520e735aeb950
third_party/gaio/examples/echo-server/main.go,2495,0o644,e29792fce2819cd2d0bc9c336d505ee4d9d28457c4fb641c939d756a81ff0437
third_party/gaio/examples/push-server/main.go,2677,0o644,45a72375f15dac1dc52c78c27189dff28c6bc9707dfb84c1ae5e121e08a228f1
third_party/gaio/go.mod,72,0o644,a5a12abace9a582ad08a489d507bee8ca278707a69351945ffc998e6403ca3a5
third_party/gaio/go.sum,153,0o644,ef3aadfe3bfc56cc423184cffdf0fed07e86d45ac3a8eaef5a852f5559fa1fa9
third_party/gaio/pkg.go,220,0o644,52f09408f6a6f2ddab8b9a42a9aaa706d48f36356f7efc786573cd35d6e4df3f
third_party/gaio/time.go,2261,0o644,08286b16dd6e8c4e62bba8af52ddfe69d81e6a8091624d184906f3ad63a5b755
third_party/gaio/time_test.go,1996,0o644,f7aa7e65998f0d094dbfab33763bd6d3018eb3eb1ae84c300402d48861787ed6
third_party/gaio/watcher.go,26015,0o644,ce65eb4f722ea6af213794162cddd0746393a7c05661d3fddb0d868984d8812e
