wave,donor,module,surfaces,high_signal_surfaces,ui_product_surfaces,implementation_surfaces,test_surfaces,layers,current_outcome,current_product_surfaces,surface_sha256
230,Hiddify-Manager-dev,.github,10,0,0,0,0,repository-administration,accounted-reference,Operations/Health/Rules/Profiles where focused; otherwise governance,b69461d65e6373ec69220a47412e30afedab3b17cc30f748aae80939701ebd92
230,Hiddify-Manager-dev,.vscode,3,3,0,0,0,configuration,reviewed-superseded-or-reference,Operations/Health/Rules/Profiles where focused; otherwise governance,84aa8f50d6d2ec5806de76173db1ebe8577aeeae22f5e98fd776fdbe24f706f7
230,Hiddify-Manager-dev,acme.sh,6,6,0,0,0,script,reviewed-superseded-or-reference,Operations/Health/Rules/Profiles where focused; otherwise governance,2542d627aca783146cebf04f71ab3da43ed966ed74495a5be8cc80d7ba7c5b85
230,Hiddify-Manager-dev,btn-deploy,17,17,0,3,0,configuration;deployment;implementation,reviewed-superseded-or-reference,Operations/Health/Rules/Profiles where focused; otherwise governance,a27c45a3009ac9128a694c27e6f2a22bcb8aebc878ef0ca9635c8dbd0db38263
230,Hiddify-Manager-dev,common/__pycache__,1,1,0,1,0,implementation,reviewed-superseded-or-reference,Operations/Health/Rules/Profiles where focused; otherwise governance,44571599b8c5e7bf4098ab7c07cb1ad386c58bcc016522d488fcebfc1d7afe62
230,Hiddify-Manager-dev,common/add_remote_assistant.sh,1,1,0,0,0,script,reviewed-superseded-or-reference,Operations/Health/Rules/Profiles where focused; otherwise governance,084b90082786b3c4fec78921b8e0fbe20e2038d220063a3507ce3c854a8e3fca
230,Hiddify-Manager-dev,common/change_dns.py,1,1,0,1,0,implementation,reviewed-superseded-or-reference,Operations/Health/Rules/Profiles where focused; otherwise governance,560c8567daff72c7f1522c94197af1ef461bf2aa761486f422575b18354d2db8
230,Hiddify-Manager-dev,common/commander.py,1,1,0,1,0,implementation,reviewed-superseded-or-reference,Operations/Health/Rules/Profiles where focused; otherwise governance,3797707849b1c89cfed56550317b6e32c6085e5ec92fbc7226eaaffbc0b0e983
230,Hiddify-Manager-dev,common/daily_actions.sh,1,1,0,0,0,script,reviewed-superseded-or-reference,Operations/Health/Rules/Profiles where focused; otherwise governance,b41728bab21ba0e24dcadb4d8f60291ee3685171b3a743b067d2bc269fa94cc4
230,Hiddify-Manager-dev,common/docker-installer.sh,1,1,0,0,0,script,reviewed-superseded-or-reference,Operations/Health/Rules/Profiles where focused; otherwise governance,0587ca1f96403b102704473535707564ed9cc94509275d76746fec0e00459f6f
230,Hiddify-Manager-dev,common/downgrade.sh,1,1,0,0,0,script,reviewed-superseded-or-reference,Operations/Health/Rules/Profiles where focused; otherwise governance,57a2fbd7d4bf3ee53ff691a1d3f077e593c8cfb42101e303d12e2bc94617ca7d
230,Hiddify-Manager-dev,common/download.sh,1,1,0,0,0,script,reviewed-superseded-or-reference,Operations/Health/Rules/Profiles where focused; otherwise governance,51c6a6654e6f066f524dff404c13d6638bc296e2138b775fec5f808ce1573a23
230,Hiddify-Manager-dev,common/download_install.sh,1,1,0,0,0,script,reviewed-superseded-or-reference,Operations/Health/Rules/Profiles where focused; otherwise governance,bdff486ab0510fb24a2b81f9b39e7eeb04ef596156b81e5bf6f29334ea8cd774
230,Hiddify-Manager-dev,common/download_install_easylink.sh,1,1,0,0,0,script,reviewed-superseded-or-reference,Operations/Health/Rules/Profiles where focused; otherwise governance,d100c857785e18f2252c7c7ae3808a6697432d762650f30a0154a74d6c3f47cf
230,Hiddify-Manager-dev,common/example.json,1,1,0,0,0,configuration,reviewed-superseded-or-reference,Operations/Health/Rules/Profiles where focused; otherwise governance,3177d8d5cd7a24ef87af4771776be3de1b6fc5fdc6c85569ddcd32af0196ca1c
230,Hiddify-Manager-dev,common/google-bbr.sh,1,1,0,0,0,script,reviewed-superseded-or-reference,Operations/Health/Rules/Profiles where focused; otherwise governance,eff932862a6cf30d7d937727d613344b4001346af81b52bc0cb95c04286c49b5
230,Hiddify-Manager-dev,common/hiddify_installer.sh,1,1,0,0,0,script,reviewed-superseded-or-reference,Operations/Health/Rules/Profiles where focused; otherwise governance,ebd900f137d907abeae518ed2e0f8a215f583e7512ed2405708197428e7c5753
230,Hiddify-Manager-dev,common/install.sh,1,1,0,0,0,script,reviewed-superseded-or-reference,Operations/Health/Rules/Profiles where focused; otherwise governance,7ab762ea03e79910f97c893678ba137641c5594f7b777fec1e22cfaf32950219
230,Hiddify-Manager-dev,common/jinja.py,1,1,0,1,0,implementation,reviewed-superseded-or-reference,Operations/Health/Rules/Profiles where focused; otherwise governance,d1059baaef9ec1b86c20b55bb94ad71348f60126afa566e477eabe86f351a905
230,Hiddify-Manager-dev,common/logo.ico,1,0,0,0,0,media,accounted-reference,Operations/Health/Rules/Profiles where focused; otherwise governance,e216013e36d2340834c8ef835c9b19188012e87ee0e9a6cf7e8d7f9aabd407bb
230,Hiddify-Manager-dev,common/package_manager.sh,1,1,0,0,0,script,reviewed-superseded-or-reference,Operations/Health/Rules/Profiles where focused; otherwise governance,fab1c16b7d7858e25c434b555366ed708097b973c9d0ac0b047b49210fd71e1e
230,Hiddify-Manager-dev,common/packages.db,1,1,0,1,0,implementation,reviewed-superseded-or-reference,Operations/Health/Rules/Profiles where focused; otherwise governance,bc9493895be388040c33fa67e22814af18f6b9e93477c72799d3a1584ddeb8ff
230,Hiddify-Manager-dev,common/packages.lock,1,1,0,1,0,implementation,reviewed-superseded-or-reference,Operations/Health/Rules/Profiles where focused; otherwise governance,d1750dcd301fe2a40190197397b1e5a77ed4591106caae28a5294f1d306c7c61
230,Hiddify-Manager-dev,common/remove_remote_assistant.sh,1,1,0,0,0,script,reviewed-superseded-or-reference,Operations/Health/Rules/Profiles where focused; otherwise governance,e8276302600fec2e47438c7eb48c9f815e04eb20fcf6bd354eee00142647952e
230,Hiddify-Manager-dev,common/replace_variables.sh,1,1,0,0,0,script,reviewed-superseded-or-reference,Operations/Health/Rules/Profiles where focused; otherwise governance,41328b91b1bdb37909983a78d692f3f38f5f7cf793c5e32e23c55aae763c8305
230,Hiddify-Manager-dev,common/run.sh.j2,1,1,0,0,0,configuration,reviewed-superseded-or-reference,Operations/Health/Rules/Profiles where focused; otherwise governance,0de86217ff1595216fc668be1bdbcd7c5f34f7a02c32263865698fe08231c438
230,Hiddify-Manager-dev,common/sysctl.conf,1,1,0,0,0,configuration,reviewed-superseded-or-reference,Operations/Health/Rules/Profiles where focused; otherwise governance,3853a48ed756adf9af3e39d037ec73241cde3eb640d655210f3c017b758d574b
230,Hiddify-Manager-dev,common/utils.sh,1,1,0,0,0,script,reviewed-superseded-or-reference,Operations/Health/Rules/Profiles where focused; otherwise governance,fef8cbe401450c601e3b83a65d73cf0a157e54978fc65e54dbf42dcc920fc54e
230,Hiddify-Manager-dev,docs,5,0,0,0,0,documentation,accounted-reference,Operations/Health/Rules/Profiles where focused; otherwise governance,471bdfdd6e8f4cab0f4264b576bbd9f7f57301cf7e9e97ed880afef479769d12
230,Hiddify-Manager-dev,haproxy/backends,2,2,0,2,0,implementation,reviewed-superseded-or-reference,Operations/Health/Rules/Profiles where focused; otherwise governance,b5640beb121ee9a34b478ef40de0771dcf1f03f3902e66278632abad704af3c1
230,Hiddify-Manager-dev,haproxy/fronts,5,5,0,5,0,implementation,reviewed-superseded-or-reference,Operations/Health/Rules/Profiles where focused; otherwise governance,bfbc067a85b65c1f639316a3fd7c82b50ad9734ffb0b16a1cce858f0bb001a3c
230,Hiddify-Manager-dev,haproxy/haproxy.cfg.j2,1,1,0,0,0,configuration,behavior-refined,Operations/Health/Rules/Profiles where focused; otherwise governance,14d6bae498cb420f791e22db786a349e8de258155c4174eb3f71438df981c512
230,Hiddify-Manager-dev,haproxy/hiddify-haproxy.service,1,1,0,0,0,deployment,reviewed-superseded-or-reference,Operations/Health/Rules/Profiles where focused; otherwise governance,501adb0c2de30b5a82b1b1d9fe5e6bb8d8f8b2ec3203a0bab7371aa466843c83
230,Hiddify-Manager-dev,haproxy/install.sh,1,1,0,0,0,script,reviewed-superseded-or-reference,Operations/Health/Rules/Profiles where focused; otherwise governance,6b89dc5044649736ec14fc4adfd17a572a865ee5806140657ecc8f8ab9812e1f
230,Hiddify-Manager-dev,haproxy/iplists,3,3,0,3,0,implementation,reviewed-superseded-or-reference,Operations/Health/Rules/Profiles where focused; otherwise governance,e36b37e9f3e6660741c802b4b96d7f43a27ce5926fe3fb692142cfc524b0f9d6
230,Hiddify-Manager-dev,haproxy/maps,7,7,0,0,0,configuration,reviewed-superseded-or-reference,Operations/Health/Rules/Profiles where focused; otherwise governance,8017771cb864c08d2de49f6ccb4cd558dd89ff078d7adae851bd4a9e63c882c7
230,Hiddify-Manager-dev,haproxy/run.sh,1,1,0,0,0,script,reviewed-superseded-or-reference,Operations/Health/Rules/Profiles where focused; otherwise governance,a0cf5126d31fdb56969656410ba657c7cf06a1d26474c5ee20185305fa7248cb
230,Hiddify-Manager-dev,hiddify-panel/app.cfg,1,1,0,0,0,configuration,reviewed-superseded-or-reference,Operations/Health/Rules/Profiles where focused; otherwise governance,84f33fc8906ca7e17e704111075db9761abee207f1b28ad60d9c82abb04bfb90
230,Hiddify-Manager-dev,hiddify-panel/app.py,1,1,0,1,0,implementation,reviewed-superseded-or-reference,Operations/Health/Rules/Profiles where focused; otherwise governance,b9127865fd5114fcd1ed1f80320670a83b16213601467648ea86555a53e5ba79
230,Hiddify-Manager-dev,hiddify-panel/backup.sh,1,1,0,0,0,script,reviewed-superseded-or-reference,Operations/Health/Rules/Profiles where focused; otherwise governance,780c0321b17f6941d995f18a685b5f98491997dfc23e07fcadb08ce2ebbcb708
230,Hiddify-Manager-dev,hiddify-panel/download_yt.sh,1,1,0,0,0,script,reviewed-superseded-or-reference,Operations/Health/Rules/Profiles where focused; otherwise governance,47d332d436cb21de7f0135d925bc5cef2203720218dcbce3f99132290f563383
230,Hiddify-Manager-dev,hiddify-panel/hiddify-panel-background-tasks.service,1,1,0,0,0,deployment,reviewed-superseded-or-reference,Operations/Health/Rules/Profiles where focused; otherwise governance,000c330d9a049bbf91158f0773ec9f15b849f4066525cb71853c5ececd85059f
230,Hiddify-Manager-dev,hiddify-panel/hiddify-panel.service,1,1,0,0,0,deployment,reviewed-superseded-or-reference,Operations/Health/Rules/Profiles where focused; otherwise governance,d5bbecaebe7840c91af129e91e504df1f1e04db1ef72f0ab6171fef5e9f726b6
230,Hiddify-Manager-dev,hiddify-panel/install.sh,1,1,0,0,0,script,reviewed-superseded-or-reference,Operations/Health/Rules/Profiles where focused; otherwise governance,8ce7977d843082be15092f782810dfa3d5f5eafa5ff1d9755c1104838f37ddc8
230,Hiddify-Manager-dev,hiddify-panel/run.sh,1,1,0,0,0,script,reviewed-superseded-or-reference,Operations/Health/Rules/Profiles where focused; otherwise governance,73360be78b0721c8dd66a9bc0d52cd07c8f33668e837aa422395dae6d6c26b76
230,Hiddify-Manager-dev,hiddify-panel/temporary_access.sh,1,1,0,0,0,script,reviewed-superseded-or-reference,Operations/Health/Rules/Profiles where focused; otherwise governance,6426ef589902f6fe9149b55105d3035950e341e13f33c6713dc4c50d5fc4b3ed
230,Hiddify-Manager-dev,hiddify-panel/update_usage.sh,1,1,0,0,0,script,reviewed-superseded-or-reference,Operations/Health/Rules/Profiles where focused; otherwise governance,089129b794dc0cde78dd03baaeb8107e5c551df91735d800e126ce97bd5b7981
230,Hiddify-Manager-dev,hiddify-panel/uwsgi.ini,1,1,0,0,0,configuration,reviewed-superseded-or-reference,Operations/Health/Rules/Profiles where focused; otherwise governance,1cce6a59bfad14a179f37df0da1175eb878b85bb415e13485658270bdaf4b2c9
230,Hiddify-Manager-dev,nginx/add2shortlink.sh,1,1,0,0,0,script,reviewed-superseded-or-reference,Operations/Health/Rules/Profiles where focused; otherwise governance,3a4cdb94f79e312d40d20e9672a07ff13b000adf320820045a0d9c7e358cad28
230,Hiddify-Manager-dev,nginx/ar_real_ip.conf,1,1,0,0,0,configuration,reviewed-superseded-or-reference,Operations/Health/Rules/Profiles where focused; otherwise governance,21fc93939130b6bf3030038afed311c3986ac2569ec33eee8a829a4226100f66
230,Hiddify-Manager-dev,nginx/cf_real_ip.conf,1,1,0,0,0,configuration,reviewed-superseded-or-reference,Operations/Health/Rules/Profiles where focused; otherwise governance,d9e48c2017798fefa2ead4ff9178c097d0c83f872e60768259472323d3001eec
230,Hiddify-Manager-dev,nginx/conf.d,3,3,0,0,0,configuration,reviewed-superseded-or-reference,Operations/Health/Rules/Profiles where focused; otherwise governance,27d3e2765e4497afd9f5658af6249c610f9b9768acf9d1609a531fccf4abd064
230,Hiddify-Manager-dev,nginx/hiddify-nginx.service,1,1,0,0,0,deployment,reviewed-superseded-or-reference,Operations/Health/Rules/Profiles where focused; otherwise governance,a0a79d8af714b9c5c1184f4115b4142e22cbd747977b2707170058b5e074a0c2
230,Hiddify-Manager-dev,nginx/install.sh,1,1,0,0,0,script,reviewed-superseded-or-reference,Operations/Health/Rules/Profiles where focused; otherwise governance,2f8bc02684202f5551e6f2413685fa254a90f73d29f59b2288f52dafbe250d39
230,Hiddify-Manager-dev,nginx/nginx.conf.j2,1,1,0,0,0,configuration,reviewed-superseded-or-reference,Operations/Health/Rules/Profiles where focused; otherwise governance,64591f514dec0b66b1fabaf85d76cb109a6957d5cd2b788d5f96bbdc1664ad30
230,Hiddify-Manager-dev,nginx/parts,12,12,0,0,0,configuration,reviewed-superseded-or-reference,Operations/Health/Rules/Profiles where focused; otherwise governance,11c0a2cc5588f21489ec992e7a68c6b3d0cfa19d25da08df93b6d9179c0cef9e
230,Hiddify-Manager-dev,nginx/pre-start.sh,1,1,0,0,0,script,reviewed-superseded-or-reference,Operations/Health/Rules/Profiles where focused; otherwise governance,9e3f9d9483ae73243bd2559f401c63f11a879337913617cfdabfc4e26e3e4073
230,Hiddify-Manager-dev,nginx/run.sh,1,1,0,0,0,script,reviewed-superseded-or-reference,Operations/Health/Rules/Profiles where focused; otherwise governance,1c7465d1dd891cb2d2d1bcf8bb7728c141a58923cbdec0979a621e6c22fb6209
230,Hiddify-Manager-dev,nginx/uwsgi_params,1,1,0,1,0,implementation,reviewed-superseded-or-reference,Operations/Health/Rules/Profiles where focused; otherwise governance,079381cf279c5d3652d2ed6fd1743a36325dfc4b99d7bc53d3858f1bd9fac16a
230,Hiddify-Manager-dev,operations/lxd,6,3,0,0,0,documentation;repository-administration;script,reviewed-superseded-or-reference,Operations/Health/Rules/Profiles where focused; otherwise governance,7f9ae65d7b6290c13d142dbe3476e6e58963eb1d8b5386bc07b242d50d12520c
230,Hiddify-Manager-dev,other/deprecated,56,56,1,13,0,configuration;deployment;implementation;script;ui-or-product,reviewed-superseded-or-reference,Operations/Health/Rules/Profiles where focused; otherwise governance,af9e41cf097dfa3aa14ead41a411cade2097c72516a56fc1e86c6ff9ab95da57
230,Hiddify-Manager-dev,other/dnstt,5,5,0,0,0,configuration;deployment;script,reviewed-superseded-or-reference,Operations/Health/Rules/Profiles where focused; otherwise governance,10431b86cd65cf89041da880936af5cb7c93b574c516dbb3068b063550e2fbcd
230,Hiddify-Manager-dev,other/docker,2,2,0,0,0,deployment,reviewed-superseded-or-reference,Operations/Health/Rules/Profiles where focused; otherwise governance,02cd6646cef1a3b57c4b2b0e0ea8e2692eac168fca3e7788c5fa4d54df01f451
230,Hiddify-Manager-dev,other/hiddify-cli,5,5,0,0,0,configuration;deployment;script,reviewed-superseded-or-reference,Operations/Health/Rules/Profiles where focused; otherwise governance,985b45b62b4eb99c94910717b420477ad2cfc895cdf66662902ef47a6eb21eeb
230,Hiddify-Manager-dev,other/mysql,1,1,0,0,0,script,reviewed-superseded-or-reference,Operations/Health/Rules/Profiles where focused; otherwise governance,74808ebab600d4d26a960bc088ea9e5599d9de4d4030a1fe2628da3a9ad174b8
230,Hiddify-Manager-dev,other/redis,4,4,0,0,0,configuration;deployment;script,reviewed-superseded-or-reference,Operations/Health/Rules/Profiles where focused; otherwise governance,6c13d07ef53387f5a9cefbbbb3a8e8dbd45645967aff236f11b9ccbfea1afe03
230,Hiddify-Manager-dev,other/speedtest,37,13,4,7,0,configuration;documentation;implementation;media;repository-administration;script;ui-or-product,reviewed-superseded-or-reference,Operations/Health/Rules/Profiles where focused; otherwise governance,38d5439af30ff116ab636c2f2faaa324b184360a06f0e9af163fdfadd920352e
230,Hiddify-Manager-dev,other/ssfaketls,4,4,0,0,0,configuration;script,reviewed-superseded-or-reference,Operations/Health/Rules/Profiles where focused; otherwise governance,b46337fff596fb1e73f34cec9cb7c7d7caa8f0423b5b88dee7e5fba3d376c2fc
230,Hiddify-Manager-dev,other/ssh,5,5,0,0,0,configuration;deployment;script,reviewed-superseded-or-reference,Operations/Health/Rules/Profiles where focused; otherwise governance,ec6dc8452fc1ab3c0e7cd1406b6a0a76329986a059cf372d71ca6cf265c94eb6
230,Hiddify-Manager-dev,other/telegram,23,23,0,0,0,configuration;deployment;script,reviewed-superseded-or-reference,Operations/Health/Rules/Profiles where focused; otherwise governance,3d067018c29c341e62637889cf2018f1cbc073ff0a06adf53c75fabdf824a6cd
230,Hiddify-Manager-dev,other/v2ray,3,3,0,0,0,configuration;script,reviewed-superseded-or-reference,Operations/Health/Rules/Profiles where focused; otherwise governance,6c023ee029973eba256fc15f0b63a855a3090be5ccd8ca53cd15f8b23d5cb6bc
230,Hiddify-Manager-dev,other/warp,18,18,0,0,0,configuration;deployment;script,reviewed-superseded-or-reference,Operations/Health/Rules/Profiles where focused; otherwise governance,b4bf57add43e4fdbe435a642fa8f86ce9e11605d713a80a259ef8b81f300223f
230,Hiddify-Manager-dev,other/wireguard,5,5,0,0,0,configuration;script,reviewed-superseded-or-reference,Operations/Health/Rules/Profiles where focused; otherwise governance,3178b0fc0542cfa4e889b60f35343bb6e52cb7399751fd4f63ea6b060266eb65
230,Hiddify-Manager-dev,root,29,17,0,3,0,configuration;deployment;documentation;implementation;repository-administration;script,reviewed-superseded-or-reference,Operations/Health/Rules/Profiles where focused; otherwise governance,68cd15d48136c1b96ad3f4e8f86736d0435054fc0cf3abb9d06f8c41b4b1287d
230,Hiddify-Manager-dev,singbox/add_version.sh,1,1,0,0,0,script,reviewed-superseded-or-reference,Operations/Health/Rules/Profiles where focused; otherwise governance,f18c380d8f3b2da949ebb90b0540684656e8d5314618ad4701ebef78d60c1433
230,Hiddify-Manager-dev,singbox/configs,32,32,0,14,0,configuration;implementation,behavior-refined,Operations/Health/Rules/Profiles where focused; otherwise governance,481c3b43acdeec0f00dcafea4bf34c1f811d4a358f996509c03f3f73d5ecc8a2
230,Hiddify-Manager-dev,singbox/hiddify-singbox.service,1,1,0,0,0,deployment,reviewed-superseded-or-reference,Operations/Health/Rules/Profiles where focused; otherwise governance,6a028962671ce261a3f580e35eea3bc3f85acd99a8adc62a2a9ebb331e20fbde
230,Hiddify-Manager-dev,singbox/install.sh,1,1,0,0,0,script,reviewed-superseded-or-reference,Operations/Health/Rules/Profiles where focused; otherwise governance,0180308e74b6a4b8dee935fd0da682daaa36fc015bdf311a694d8594e168743c
230,Hiddify-Manager-dev,singbox/run.sh,1,1,0,0,0,script,reviewed-superseded-or-reference,Operations/Health/Rules/Profiles where focused; otherwise governance,801718001bc9828f5513b2ef3337d74ff07fa9b0b3e574a77ef7c8c9464caa1f
230,Hiddify-Manager-dev,singbox/test.sh,1,1,0,0,0,script,reviewed-superseded-or-reference,Operations/Health/Rules/Profiles where focused; otherwise governance,456a36b2d22830e8ebf8c494313ee43da0c463dfff6a05ee760bcdda47ef6bcd
230,Hiddify-Manager-dev,singbox/tests,11,11,0,0,11,test,reviewed-superseded-or-reference,Operations/Health/Rules/Profiles where focused; otherwise governance,701f75209f824f9e1db9aececc668733491eabb6e46018e6e7cb48182dfe4f3f
230,Hiddify-Manager-dev,xray/add_version.sh,1,1,0,0,0,script,reviewed-superseded-or-reference,Operations/Health/Rules/Profiles where focused; otherwise governance,5e930ca5898fa4125687639dfe8e65d8de71e00cc41c55b5564894b1d2e9c280
230,Hiddify-Manager-dev,xray/configs,26,26,0,9,0,configuration;implementation,reviewed-superseded-or-reference,Operations/Health/Rules/Profiles where focused; otherwise governance,0b706cf317030bb9c0873f4c8f4ae6cd0d1811cd7dc041783d52f9a3b6484e84
230,Hiddify-Manager-dev,xray/disable.sh,1,1,0,0,0,script,reviewed-superseded-or-reference,Operations/Health/Rules/Profiles where focused; otherwise governance,ae2d6b36360e2efc678203ec03e6f9a3d831d2385f0a0e36d2dd36acb3ddc454
230,Hiddify-Manager-dev,xray/hiddify-xray.service,1,1,0,0,0,deployment,reviewed-superseded-or-reference,Operations/Health/Rules/Profiles where focused; otherwise governance,4df97ee3d9e3903c360db269f75d6fdd1661292ac52cd4cb0c72692ef2320e50
230,Hiddify-Manager-dev,xray/install.sh,1,1,0,0,0,script,reviewed-superseded-or-reference,Operations/Health/Rules/Profiles where focused; otherwise governance,2369f6b01e292f9585cd48e1c68067e925887763051b226beb25e8490781d7af
230,Hiddify-Manager-dev,xray/pre-start.sh,1,1,0,0,0,script,reviewed-superseded-or-reference,Operations/Health/Rules/Profiles where focused; otherwise governance,239dbbc8a675b7748817b0c37a8a8b8ff16766e1da79d55f5a7ef2077baf8954
230,Hiddify-Manager-dev,xray/run.sh,1,1,0,0,0,script,reviewed-superseded-or-reference,Operations/Health/Rules/Profiles where focused; otherwise governance,e7ae7909af68e7b8e5ffdc83345893307efcf1dd8740e333741244a697cb6365
230,IPScanner-main,.readme,10,0,0,0,0,media,accounted-reference,Operations/Health/Rules/Profiles where focused; otherwise governance,39e0de652772c1c88d486a22eb7a6bf72adc35976c460e3f89136c7ba5937c74
230,IPScanner-main,cmd-wmic-version,1,1,0,0,0,script,reviewed-superseded-or-reference,Operations/Health/Rules/Profiles where focused; otherwise governance,2b63cec7b25dbed5dfd030ee5b9a6fde5123562da9b848daac38827b3a8523ee
230,IPScanner-main,console-crossplatform,1,1,0,0,0,script,behavior-refined,Operations/Health/Rules/Profiles where focused; otherwise governance,6d6ec6e0c536500e10615afb1c685c0971259c0727c3c03be964660e511ec5cf
230,IPScanner-main,root,3,1,0,0,0,documentation;repository-administration;script,reviewed-superseded-or-reference,Operations/Health/Rules/Profiles where focused; otherwise governance,8f8223e7cba00f37e93e3399c442fb3e3761e71d292e60823bbddea1633a53c1
230,NoMoreWalls-master,.github,1,0,0,0,0,repository-administration,accounted-reference,Operations/Health/Rules/Profiles where focused; otherwise governance,6d9d86021b36d86e9d8edf120b16dae9eb05e35ea1bd68519d831fb3b03e73bd
230,NoMoreWalls-master,root,14,11,0,7,0,configuration;documentation;implementation;repository-administration,behavior-refined,Operations/Health/Rules/Profiles where focused; otherwise governance,b4d23cb8b97bfa8d6bd108f623680d3a0a5cae486d1a14a5adaf98df703c0c9e
230,NoMoreWalls-master,snippets,43,42,0,0,0,configuration;documentation,behavior-refined,Operations/Health/Rules/Profiles where focused; otherwise governance,a9ce2401fa6947503dca5d4bddc2ca6e5fb430ba7aee9d7caa0feee3d7632a04
230,SenPaiScanner-main,.github,2,0,0,0,0,repository-administration,accounted-reference,Operations/Health/Rules/Profiles where focused; otherwise governance,421e90e27db2083a2fdf023256dc361f4a13d81725a144afb4aa712be11508b4
230,SenPaiScanner-main,android/.gitignore,1,0,0,0,0,repository-administration,accounted-reference,Operations/Health/Rules/Profiles where focused; otherwise governance,8a9ed95545184d3601a43cb3c2bbbb5a18c7f3c767e21901b69fffad3753dc3a
230,SenPaiScanner-main,android/app,35,22,4,7,1,configuration;implementation;media;repository-administration;test;ui-or-product,reviewed-superseded-or-reference,Operations/Health/Rules/Profiles where focused; otherwise governance,9151271a44074af1082c1cee7b5dede6c74ac125a5c3d3f25cc231a470fc18aa
230,SenPaiScanner-main,android/build.gradle.kts,1,1,0,1,0,implementation,reviewed-superseded-or-reference,Operations/Health/Rules/Profiles where focused; otherwise governance,4ccdd1c9ab83569c8261e5427490dc5572476d5c0b05216f5924fa6b6b113ade
230,SenPaiScanner-main,android/build_go_mobile.bat,1,1,0,0,0,script,reviewed-superseded-or-reference,Operations/Health/Rules/Profiles where focused; otherwise governance,64ba34d58f34fa2f9bbbd4c8163bbd86813d0f29e70e25e89c10a5cd0095b42e
230,SenPaiScanner-main,android/build_go_mobile.sh,1,1,0,0,0,script,reviewed-superseded-or-reference,Operations/Health/Rules/Profiles where focused; otherwise governance,3bb76a1a7d1fce6959fcef8defdbae74d57d49472141687539c5348f2d0428cc
230,SenPaiScanner-main,android/gradle,3,3,0,2,0,configuration;implementation,reviewed-superseded-or-reference,Operations/Health/Rules/Profiles where focused; otherwise governance,7243cc5a7f06ec302a400757f49516fe8e0793108f850149705329630ba5c7ac
230,SenPaiScanner-main,android/gradle.properties,1,1,0,1,0,implementation,reviewed-superseded-or-reference,Operations/Health/Rules/Profiles where focused; otherwise governance,123c4426f7722855e3590853590ffafabed4aa5a4d0b342325a24fcde81496d5
230,SenPaiScanner-main,android/gradlew,1,1,0,1,0,implementation,reviewed-superseded-or-reference,Operations/Health/Rules/Profiles where focused; otherwise governance,ac69326380ecfeedab90c7e2fbf0fede31cdaafda87514a096f37ff4ce7c41e6
230,SenPaiScanner-main,android/gradlew.bat,1,1,0,0,0,script,reviewed-superseded-or-reference,Operations/Health/Rules/Profiles where focused; otherwise governance,5814d5162dc276cb137ba71e5914461a9580fc2d4a4b641e8670c132ffdab125
230,SenPaiScanner-main,android/settings.gradle.kts,1,1,0,1,0,implementation,reviewed-superseded-or-reference,Operations/Health/Rules/Profiles where focused; otherwise governance,890ba2a32eb514b57b32a012bfe966f6b8df4c60793cba02f41b8603b41d01a2
230,SenPaiScanner-main,cmd/senpaiscanner,1,1,0,1,0,implementation,reviewed-superseded-or-reference,Operations/Health/Rules/Profiles where focused; otherwise governance,3cbed38b638bb2480c69f7c615327d15bdd25cf1927b981ac82a988d8c415f27
230,SenPaiScanner-main,internal/banner,1,1,0,1,0,implementation,reviewed-superseded-or-reference,Operations/Health/Rules/Profiles where focused; otherwise governance,a0156bbb1d38144a7cffb5221d70ecd15ac45ee84b8dc6c9526a6bee3051d3bd
230,SenPaiScanner-main,internal/config,1,1,0,1,0,implementation,reviewed-superseded-or-reference,Operations/Health/Rules/Profiles where focused; otherwise governance,6ac9e08a766167a1af840e627760ebe96e8132bf78dc425f8277e6363986f57c
230,SenPaiScanner-main,internal/engine,1,1,0,1,0,implementation,reviewed-superseded-or-reference,Operations/Health/Rules/Profiles where focused; otherwise governance,f380d9a10bcef9c4ec1064379502000bd87747f8121e18f3cd2137955b2de7dd
230,SenPaiScanner-main,internal/ipsrc,6,6,0,4,2,implementation;test,behavior-refined,Operations/Health/Rules/Profiles where focused; otherwise governance,fef8528738ed2350f16adf9cbf21ef94d58e5a3381fb0819d5eae46012640411
230,SenPaiScanner-main,internal/output,1,1,0,1,0,implementation,reviewed-superseded-or-reference,Operations/Health/Rules/Profiles where focused; otherwise governance,b5793a9b2282167a534ad9df798cd4acad542c43184bf22a1c4a2ed91e48ad68
230,SenPaiScanner-main,internal/prober,2,2,0,1,1,implementation;test,behavior-refined,Operations/Health/Rules/Profiles where focused; otherwise governance,e650d56132df572e87959fb26fac2824f67d0946c5363a18741edc9877b9d184
230,SenPaiScanner-main,internal/result,2,2,0,1,1,implementation;test,reviewed-superseded-or-reference,Operations/Health/Rules/Profiles where focused; otherwise governance,91f7090923f1f56df98e537808d3d4ea2e0fccbed651cddd0e2aef7218d1b832
230,SenPaiScanner-main,internal/ui,9,9,5,0,4,test;ui-or-product,reviewed-superseded-or-reference,Operations/Health/Rules/Profiles where focused; otherwise governance,437a709c54dd38211e71f14b08c997b6e56d5b3d00d259a42edc249742d9f266
230,SenPaiScanner-main,internal/xraytest,9,9,0,3,6,implementation;test,reviewed-superseded-or-reference,Operations/Health/Rules/Profiles where focused; otherwise governance,c6517de7bc420dce7a8c1189683e0c3e3cbc8ed8d8f6be4c13923c70b2eac846
230,SenPaiScanner-main,logo,1,0,0,0,0,media,accounted-reference,Operations/Health/Rules/Profiles where focused; otherwise governance,dffa51f06a7a39964a709e078e011b563888506b816f9760699c2b2c1da69b53
230,SenPaiScanner-main,mobile/mobile.go,1,1,0,1,0,implementation,reviewed-superseded-or-reference,Operations/Health/Rules/Profiles where focused; otherwise governance,300106d06518c1c5ebde7babdf505fb35b045c111deff7b1bd3bcd07b934795d
230,SenPaiScanner-main,mobile/validate.go,1,1,0,1,0,implementation,reviewed-superseded-or-reference,Operations/Health/Rules/Profiles where focused; otherwise governance,7f965fcd1777f2e9f295a29283efac6a46083f29ebc00849e571ae147df1b1aa
230,SenPaiScanner-main,pkg/scanner,1,1,0,1,0,implementation,reviewed-superseded-or-reference,Operations/Health/Rules/Profiles where focused; otherwise governance,f3dfda04d06406143c17e105d4086f45b53b6cf8745f0f5ac6729876e7c84377
230,SenPaiScanner-main,pkg/version,1,1,0,1,0,implementation,reviewed-superseded-or-reference,Operations/Health/Rules/Profiles where focused; otherwise governance,fa0170d1022b5a1a6510e97f3f764caf85f23a57d8b8787571895f220b295c7d
230,SenPaiScanner-main,root,11,6,0,1,0,configuration;documentation;implementation;repository-administration;script,reviewed-superseded-or-reference,Operations/Health/Rules/Profiles where focused; otherwise governance,db0deb8bf86c1702678a16cf61fd41be3fa2e7823b9644f0ec02bf9c1541a028
230,bine-master,control/cmd_authenticate.go,1,1,0,1,0,implementation,behavior-refined,Operations/Health/Rules/Profiles where focused; otherwise governance,d1a82c35da11adc993d89afa99f8c2323f2546ef457fd21506f7120d50108a24
230,bine-master,control/cmd_circuit.go,1,1,0,1,0,implementation,reviewed-superseded-or-reference,Operations/Health/Rules/Profiles where focused; otherwise governance,eb7667063792a7e1cd4948ab44d9f2bb903044fbbe187f4b8824003f85d44082
230,bine-master,control/cmd_conf.go,1,1,0,1,0,implementation,reviewed-superseded-or-reference,Operations/Health/Rules/Profiles where focused; otherwise governance,99de7ced5f748a19cc5cec1a5e96658ed83862e0a5bcc8551bd7a3c6886cd938
230,bine-master,control/cmd_event.go,1,1,0,1,0,implementation,reviewed-superseded-or-reference,Operations/Health/Rules/Profiles where focused; otherwise governance,befb2b96c19f9e06df9078c0323db692b6ce3a14e3939d906fa91d82862fb0b4
230,bine-master,control/cmd_hiddenservice.go,1,1,0,1,0,implementation,reviewed-superseded-or-reference,Operations/Health/Rules/Profiles where focused; otherwise governance,367ae98982da8c5a730f42691b73374cba8430ac6211535f1a272a92a31e54d9
230,bine-master,control/cmd_misc.go,1,1,0,1,0,implementation,reviewed-superseded-or-reference,Operations/Health/Rules/Profiles where focused; otherwise governance,563eeca4087e127e109bc0d4964564f48b8a51aadde758e11385e85c90fa4a2a
230,bine-master,control/cmd_onion.go,1,1,0,1,0,implementation,reviewed-superseded-or-reference,Operations/Health/Rules/Profiles where focused; otherwise governance,502b68e2338d7f1a38ee457f9a9c683ad5c5cfbba52b52deb8bfcba9d2462db4
230,bine-master,control/cmd_protocolinfo.go,1,1,0,1,0,implementation,reviewed-superseded-or-reference,Operations/Health/Rules/Profiles where focused; otherwise governance,6c009a3bb8e9f9629ad5e977e37ee707d57ea7a8690a457a59bad035fd2a4912
230,bine-master,control/cmd_stream.go,1,1,0,1,0,implementation,reviewed-superseded-or-reference,Operations/Health/Rules/Profiles where focused; otherwise governance,ead9693d4c420cced8dd93133e87cbf65923a4147768816e78c85ce0ff0adad9
230,bine-master,control/conn.go,1,1,0,1,0,implementation,reviewed-superseded-or-reference,Operations/Health/Rules/Profiles where focused; otherwise governance,87cf0aa09663a998feabb227942372271a89ad6712c7a9fe0cef3177cde7f9d1
230,bine-master,control/doc.go,1,1,0,1,0,implementation,reviewed-superseded-or-reference,Operations/Health/Rules/Profiles where focused; otherwise governance,89841380b31e46a57b0d335caa4e49e4fb599386787219ece1841dc19da44776
230,bine-master,control/keyval.go,1,1,0,1,0,implementation,reviewed-superseded-or-reference,Operations/Health/Rules/Profiles where focused; otherwise governance,eb098ba274a65d3f54a67f07725361081758efc4c3a1ccfed6f7d29fee9832ab
230,bine-master,control/response.go,1,1,0,1,0,implementation,reviewed-superseded-or-reference,Operations/Health/Rules/Profiles where focused; otherwise governance,d461f5e13a87644c5b50a230a3cedbbff2900aaaa3f6cbb6f5120faf306d4adf
230,bine-master,control/status.go,1,1,0,1,0,implementation,reviewed-superseded-or-reference,Operations/Health/Rules/Profiles where focused; otherwise governance,1658983607300144d0aa61079ea5282ca0d8d384c266f3c77b76f86292777ef1
230,bine-master,examples/README.md,1,0,0,0,0,documentation,accounted-reference,Operations/Health/Rules/Profiles where focused; otherwise governance,e2f6a4937eb2fef0c211ffcee46443b221f1a39c9676a97be970f2fbb40c7b87
230,bine-master,examples/embeddedfileserver,1,1,0,1,0,implementation,reviewed-superseded-or-reference,Operations/Health/Rules/Profiles where focused; otherwise governance,5dfb228254b2166d2c013c0fd3a02cc9f2a5b298ae1815be0e7f3dcf3c9da6e3
230,bine-master,examples/embeddedversion,1,1,0,1,0,implementation,reviewed-superseded-or-reference,Operations/Health/Rules/Profiles where focused; otherwise governance,115f9fac7525471fc845bd4dd2ff7ef49e87fe7c52a416e5ccc07495355f9843
230,bine-master,examples/go.mod,1,1,0,0,0,configuration,reviewed-superseded-or-reference,Operations/Health/Rules/Profiles where focused; otherwise governance,ff0a20ca6dffaea725b6add91ac7d6c69e6af52a30eec87bbe8a1b943d650c1a
230,bine-master,examples/go.sum,1,1,0,0,0,configuration,reviewed-superseded-or-reference,Operations/Health/Rules/Profiles where focused; otherwise governance,5d122af1271e5df2527dc49ee6813424d74965782079f37f0449ce879a0ffdd7
230,bine-master,examples/grpc,3,2,0,2,0,generated;implementation,reviewed-superseded-or-reference,Operations/Health/Rules/Profiles where focused; otherwise governance,a2b0df1dfc563c53304502756d566ad4417358e1e9766e5f5ebc084cee027937
230,bine-master,examples/httpaltsvc,2,1,0,1,0,documentation;implementation,reviewed-superseded-or-reference,Operations/Health/Rules/Profiles where focused; otherwise governance,8ccd12bb128457d5a588e24a47450cd3721b94a8ad16382fb1d3cbc16cf3f4ef
230,bine-master,examples/simpleclient,1,1,0,1,0,implementation,reviewed-superseded-or-reference,Operations/Health/Rules/Profiles where focused; otherwise governance,fbcb682f35973345abebc86498c3d2e19306379a098a1ee702ba57fb9dd9de78
230,bine-master,examples/simpleserver,1,1,0,1,0,implementation,reviewed-superseded-or-reference,Operations/Health/Rules/Profiles where focused; otherwise governance,716eb30686b5ef5caa09db53217ba84efacf8885bc33f68b69fc2ce7caf60c47
230,bine-master,logo,2,1,0,1,0,implementation;media,reviewed-superseded-or-reference,Operations/Health/Rules/Profiles where focused; otherwise governance,85be75e0fdd79df275dab0a6a9994994e948acf536d585604f37bc2f3ae57804
230,bine-master,process/embedded,7,7,0,7,0,implementation,reviewed-superseded-or-reference,Operations/Health/Rules/Profiles where focused; otherwise governance,85592f8e7ce6e786c0166dc726a08fe8fbb4e829a4a66769db798fe79de2ebda
230,bine-master,process/process.go,1,1,0,1,0,implementation,reviewed-superseded-or-reference,Operations/Health/Rules/Profiles where focused; otherwise governance,fc1da11f31e432bd8ea5d125ed05efebdd8c0bf6b304fb080b2a46af3bdac00f
230,bine-master,root,6,3,0,1,0,configuration;documentation;implementation;repository-administration,reviewed-superseded-or-reference,Operations/Health/Rules/Profiles where focused; otherwise governance,6cc7779b2f70fa573c0df517a2ea10f91f4c93cd8be67dd620ad8fc62e1963e0
230,bine-master,tests/context_test.go,1,1,0,0,1,test,reviewed-superseded-or-reference,Operations/Health/Rules/Profiles where focused; otherwise governance,69fd11e80f2934178fcc9ddff5aa45e9e0c35c29875706bdb191932d935b2501
230,bine-master,tests/control_cmd_authenticate_test.go,1,1,0,0,1,test,reviewed-superseded-or-reference,Operations/Health/Rules/Profiles where focused; otherwise governance,32e19dc961377cb32ccc1a66c727390abdb82c87f89271cac7f5b3367439e5c0
230,bine-master,tests/control_cmd_conf_test.go,1,1,0,0,1,test,reviewed-superseded-or-reference,Operations/Health/Rules/Profiles where focused; otherwise governance,f50fa3975b93cede4c168c2379b90b6f146d0166f6040b6566ab094775d4dc94
230,bine-master,tests/control_cmd_event_test.go,1,1,0,0,1,test,reviewed-superseded-or-reference,Operations/Health/Rules/Profiles where focused; otherwise governance,2a949296173edbf15d27cdec3db7c728417c26270f7a8ce917876cc9beecbcc3
230,bine-master,tests/control_cmd_hiddenservice_test.go,1,1,0,0,1,test,reviewed-superseded-or-reference,Operations/Health/Rules/Profiles where focused; otherwise governance,f873ac3ee85c235dd360b9c4153951520901f45105b143c21baf14b9561133fb
230,bine-master,tests/control_cmd_misc_test.go,1,1,0,0,1,test,reviewed-superseded-or-reference,Operations/Health/Rules/Profiles where focused; otherwise governance,b7ce27f972448ee6fc96ada923ccc06a42e57c0f4f3e16a3f8869f06f1f6e490
230,bine-master,tests/control_cmd_protocolinfo_test.go,1,1,0,0,1,test,reviewed-superseded-or-reference,Operations/Health/Rules/Profiles where focused; otherwise governance,c67c51cdd87306944ad2064b7d90b7c101c2aaebaf6b5562dc5dc3e3ab7e8099
230,bine-master,tests/doc.go,1,1,0,0,1,test,reviewed-superseded-or-reference,Operations/Health/Rules/Profiles where focused; otherwise governance,07149f93e8d677786be0070b37a4eecbd48a5f01553bc19a7cd673d9fafc09c1
230,bine-master,tests/tor_dialer_test.go,1,1,0,0,1,test,reviewed-superseded-or-reference,Operations/Health/Rules/Profiles where focused; otherwise governance,425a6a9813834f3309dc473fec549b2313db09b4d5e472eeffff2cdbc9d11865
230,bine-master,tests/tor_forward_test.go,1,1,0,0,1,test,reviewed-superseded-or-reference,Operations/Health/Rules/Profiles where focused; otherwise governance,c1d788aefb331ccbcb7d7e4c34d91ac4cde14c02a244e86eaacc026d171e6577
230,bine-master,tests/tor_geoip_test.go,1,1,0,0,1,test,reviewed-superseded-or-reference,Operations/Health/Rules/Profiles where focused; otherwise governance,09295d5f364488fa469aad95a72909d49203b08861e254034f522960489413c6
230,bine-master,tests/tor_isolate_socks_auth_test.go,1,1,0,0,1,test,reviewed-superseded-or-reference,Operations/Health/Rules/Profiles where focused; otherwise governance,a1d4846b956a380b74baca6ca5b8c84b49cc821e255fb42d5d5a7debf2800e77
230,bine-master,tests/tor_listen_test.go,1,1,0,0,1,test,reviewed-superseded-or-reference,Operations/Health/Rules/Profiles where focused; otherwise governance,ac7a0dbec8c641c92d42ee6b45b1c33cad58f1bbf0226981acc514d5202e9e4f
230,bine-master,tor/dialer.go,1,1,0,1,0,implementation,behavior-refined,Operations/Health/Rules/Profiles where focused; otherwise governance,6fe80f94d7083f81c9b1e48311cc807eecaa3def7d7808e4e27b4a9260cc3b56
230,bine-master,tor/doc.go,1,1,0,1,0,implementation,reviewed-superseded-or-reference,Operations/Health/Rules/Profiles where focused; otherwise governance,4e3f12809712c9cb0ac2a06486104ad4b094013855bf6f58db8ee337d948fe24
230,bine-master,tor/forward.go,1,1,0,1,0,implementation,reviewed-superseded-or-reference,Operations/Health/Rules/Profiles where focused; otherwise governance,048165fd895abec2cd6b48ce1b0448e89b5606b9cf46945de929873522a1b7c0
230,bine-master,tor/listen.go,1,1,0,1,0,implementation,reviewed-superseded-or-reference,Operations/Health/Rules/Profiles where focused; otherwise governance,cde9842960c8308fcdb0d284ab5f5bcab5cb5f4e06083ce1bff2c0b4da3395b2
230,bine-master,tor/log.go,1,1,0,1,0,implementation,reviewed-superseded-or-reference,Operations/Health/Rules/Profiles where focused; otherwise governance,002d039a36c958203956eb4cf52bd33c94d68760aed798932ba2cbd88d35ab4a
230,bine-master,tor/tor.go,1,1,0,1,0,implementation,behavior-refined,Operations/Health/Rules/Profiles where focused; otherwise governance,cdf4a7f1f62dbbf37c0462e8d4816e5850eae648df33732b1368b18287296d2f
230,bine-master,torutil/doc.go,1,1,0,1,0,implementation,reviewed-superseded-or-reference,Operations/Health/Rules/Profiles where focused; otherwise governance,deb47a8eef08c57656bdbb58e2fd8ff3633d85965736c3fd3285a6f4682e6190
230,bine-master,torutil/ed25519,6,4,0,3,1,documentation;fixture;implementation;test,reviewed-superseded-or-reference,Operations/Health/Rules/Profiles where focused; otherwise governance,b3e4356014e9c746b560dc7ee7f61469c00d75320702fea87f6ee36d4615344e
230,bine-master,torutil/geoipembed,3,2,0,2,0,documentation;implementation,reviewed-superseded-or-reference,Operations/Health/Rules/Profiles where focused; otherwise governance,610c81a1361f5c305803576b5197dac487d7da03818e304745de2f2188339217
230,bine-master,torutil/key.go,1,1,0,1,0,implementation,reviewed-superseded-or-reference,Operations/Health/Rules/Profiles where focused; otherwise governance,8acdf9cd3d54b49eff510cd030b25712775885173a2259e05087c5760ab04a18
230,bine-master,torutil/key_test.go,1,1,0,0,1,test,reviewed-superseded-or-reference,Operations/Health/Rules/Profiles where focused; otherwise governance,9185b49d5c95cda40f043fdab218da3ab06cde7aa9bed9af7cdd99bb69addfe4
230,bine-master,torutil/string.go,1,1,0,1,0,implementation,reviewed-superseded-or-reference,Operations/Health/Rules/Profiles where focused; otherwise governance,0442fb45a3962706ad1b3aa3ec371cf4251dc079c33645c23b5f93862917883e
230,bine-master,torutil/string_test.go,1,1,0,0,1,test,reviewed-superseded-or-reference,Operations/Health/Rules/Profiles where focused; otherwise governance,c1f6f52a0abed6d5ea40bd632dcfcfe04833a3edefe641441e502fcad25c0843
230,bridgedb-main,bridgedb/Stability.py,1,1,0,1,0,implementation,behavior-refined,Operations/Health/Rules/Profiles where focused; otherwise governance,1fa87d7a21834a99d061a4a94f8d62baa09201a99bdb520e15bedc9e6b2e44ab
230,bridgedb-main,bridgedb/Storage.py,1,1,0,1,0,implementation,reviewed-superseded-or-reference,Operations/Health/Rules/Profiles where focused; otherwise governance,4108eb352159f28c983f0d7bb05b0935a1903442b7c51c1679d74d3cc2332191
230,bridgedb-main,bridgedb/__init__.py,1,1,0,1,0,implementation,reviewed-superseded-or-reference,Operations/Health/Rules/Profiles where focused; otherwise governance,447ce9d3939dacc00222cf3bf3a91b95dfc6df4fe4f92600788b34d226e29dfd
230,bridgedb-main,bridgedb/_langs.py,1,1,0,1,0,implementation,reviewed-superseded-or-reference,Operations/Health/Rules/Profiles where focused; otherwise governance,1b23284d3aff6a1ced663603acbfabff70a272c9b7a2692628d3bdef4ecf285e
230,bridgedb-main,bridgedb/_version.py,1,1,0,1,0,implementation,reviewed-superseded-or-reference,Operations/Health/Rules/Profiles where focused; otherwise governance,45b8a6f1397d75d6430fec025b5f4dcfdb31d0c66bb4ef9343c862e89f23ff5f
230,bridgedb-main,bridgedb/antibot.py,1,1,0,1,0,implementation,reviewed-superseded-or-reference,Operations/Health/Rules/Profiles where focused; otherwise governance,e82696bb2a12c01cb098bc8d8056e0970159e173430c72e9cb29f2b1b307e727
230,bridgedb-main,bridgedb/bridgerequest.py,1,1,0,1,0,implementation,behavior-refined,Operations/Health/Rules/Profiles where focused; otherwise governance,e9ec153399ee5ea4e905b46272687f1f4986858fab42d7af33eadd2f50d109ac
230,bridgedb-main,bridgedb/bridgerings.py,1,1,0,1,0,implementation,behavior-refined,Operations/Health/Rules/Profiles where focused; otherwise governance,3e88d57ebdc64df6ee6a99b5e46d0c420017bc798552a7c3b9c3b460b4872e19
230,bridgedb-main,bridgedb/bridges.py,1,1,0,1,0,implementation,reviewed-superseded-or-reference,Operations/Health/Rules/Profiles where focused; otherwise governance,0356cec300bd127d15b17ed3080549cf63e505cea322763be96d7d04eb45dcce
230,bridgedb-main,bridgedb/captcha.py,1,1,0,1,0,implementation,reviewed-superseded-or-reference,Operations/Health/Rules/Profiles where focused; otherwise governance,f92740e3ce8b92b7537ebf44c9458f8513160ab1438bfb05a5a55561fbc35c22
230,bridgedb-main,bridgedb/configure.py,1,1,0,1,0,implementation,reviewed-superseded-or-reference,Operations/Health/Rules/Profiles where focused; otherwise governance,ec190a393a0fbe2172fb21663380798b31e51698b6e2b541a9cc5925b748b356
230,bridgedb-main,bridgedb/crypto.py,1,1,0,1,0,implementation,reviewed-superseded-or-reference,Operations/Health/Rules/Profiles where focused; otherwise governance,4e55f2a5ee832fae777d18f5b3e3cd239a5b6af39c17ad2a8381602bbb3ff11e
230,bridgedb-main,bridgedb/distribute.py,1,1,0,1,0,implementation,reviewed-superseded-or-reference,Operations/Health/Rules/Profiles where focused; otherwise governance,939c07b945ee41f3c237d01fdc70ca05d58e920f986400a9a34e6566c4fae434
230,bridgedb-main,bridgedb/distributors/__init__.py,1,1,0,1,0,implementation,behavior-refined,Operations/Health/Rules/Profiles where focused; otherwise governance,1533f29cc4f27d9e4b2d46e7cddf59b1fd214170d19f6ba273adfcfa8c70122a
230,bridgedb-main,bridgedb/distributors/common,2,2,0,2,0,implementation,reviewed-superseded-or-reference,Operations/Health/Rules/Profiles where focused; otherwise governance,8b7847cd0ea3ca40a9a127d2e204b158949055c2f5ce761a1be38e091e89c601
230,bridgedb-main,bridgedb/distributors/email,7,7,0,7,0,implementation,reviewed-superseded-or-reference,Operations/Health/Rules/Profiles where focused; otherwise governance,1212ec17ba8dbb0396408832549216d7f1904c014944d3d71732d9aa0aa4c584
230,bridgedb-main,bridgedb/distributors/https,41,19,13,6,0,implementation;media;ui-or-product,reviewed-superseded-or-reference,Operations/Health/Rules/Profiles where focused; otherwise governance,ee0d64cce5f3b60fc30f822663365fc940c01901079f31cb35f6e2c8806e1e92
230,bridgedb-main,bridgedb/distributors/moat,4,4,0,4,0,implementation,reviewed-superseded-or-reference,Operations/Health/Rules/Profiles where focused; otherwise governance,87a21af1fec20ef7772fd25b85c28f35b752cbc8ef2e4cfb38336b417912d651
230,bridgedb-main,bridgedb/filters.py,1,1,0,1,0,implementation,behavior-refined,Operations/Health/Rules/Profiles where focused; otherwise governance,5303a33ace3c1c4eecbcf9028e401195ff32e684065b12bc08b4952057859d2e
230,bridgedb-main,bridgedb/geo.py,1,1,0,1,0,implementation,reviewed-superseded-or-reference,Operations/Health/Rules/Profiles where focused; otherwise governance,a7ec2aaa5420e0347a90ae8e51b7b92732e1e4c8fb45c532150c8ca46faa9654
230,bridgedb-main,bridgedb/i18n,82,0,0,0,0,localization,accounted-reference,Operations/Health/Rules/Profiles where focused; otherwise governance,205a5765731a4a49b7a446e39bcf7f9987e5408f96e5af3d39d59e9cbf6ca0ca
230,bridgedb-main,bridgedb/interfaces.py,1,1,0,1,0,implementation,reviewed-superseded-or-reference,Operations/Health/Rules/Profiles where focused; otherwise governance,88654d345d88123d4b06085746b56b6117f2182593b513f4220feae9856f64db
230,bridgedb-main,bridgedb/main.py,1,1,0,1,0,implementation,reviewed-superseded-or-reference,Operations/Health/Rules/Profiles where focused; otherwise governance,a65fb89c53a92def15f844478d03b580eaef5a6c0a55a63415942e62453d8a1a
230,bridgedb-main,bridgedb/metrics.py,1,1,0,1,0,implementation,reviewed-superseded-or-reference,Operations/Health/Rules/Profiles where focused; otherwise governance,79304230ee313a89b39c2fc368c37b4a9d3bdaf4d3f787a43159f754e6d16a06
230,bridgedb-main,bridgedb/parse/__init__.py,1,1,0,1,0,implementation,reviewed-superseded-or-reference,Operations/Health/Rules/Profiles where focused; otherwise governance,cb866f92ee6955eadf707ce270fa4784cc9636b31e7ad784c9fd4b22694ebfe3
230,bridgedb-main,bridgedb/parse/addr.py,1,1,0,1,0,implementation,reviewed-superseded-or-reference,Operations/Health/Rules/Profiles where focused; otherwise governance,a8433369e9856e8c1f8032fbe70bb4a3e877332b2a90a584d0d096126a44e5c2
230,bridgedb-main,bridgedb/parse/blacklist.py,1,1,0,1,0,implementation,reviewed-superseded-or-reference,Operations/Health/Rules/Profiles where focused; otherwise governance,70dfa061ded2a23e292bdc02d4065193c481038b3719bcdb81fb343ecafa65dc
230,bridgedb-main,bridgedb/parse/descriptors.py,1,1,0,1,0,implementation,reviewed-superseded-or-reference,Operations/Health/Rules/Profiles where focused; otherwise governance,84b8bb3e8db8e700a3b14f2125f07471e7c73f4d02a67b39ddaba92b45cc26c6
230,bridgedb-main,bridgedb/parse/fingerprint.py,1,1,0,1,0,implementation,reviewed-superseded-or-reference,Operations/Health/Rules/Profiles where focused; otherwise governance,9f75214e06fcef6ca17625c915d5266761a7d4c061ebd6096bd6f9bbbcc78aa3
230,bridgedb-main,bridgedb/parse/headers.py,1,1,0,1,0,implementation,reviewed-superseded-or-reference,Operations/Health/Rules/Profiles where focused; otherwise governance,dfb96f267476fc162150b89c5153df8e6ccc2e0bb9f9d621630c8afbfd130ddb
230,bridgedb-main,bridgedb/parse/nickname.py,1,1,0,1,0,implementation,reviewed-superseded-or-reference,Operations/Health/Rules/Profiles where focused; otherwise governance,8ae1b7602ea2785b34a368e566a4801a0f80d233f94dd1a85d5373f43eea5b3b
230,bridgedb-main,bridgedb/parse/options.py,1,1,0,1,0,implementation,reviewed-superseded-or-reference,Operations/Health/Rules/Profiles where focused; otherwise governance,eeecdf05e15d56a183f8a7f18ab1eb1aafc49e30ee02648cce44947239e10a40
230,bridgedb-main,bridgedb/parse/versions.py,1,1,0,1,0,implementation,reviewed-superseded-or-reference,Operations/Health/Rules/Profiles where focused; otherwise governance,82679d00f172c45459fdbc17ecd2e3811f6d28040e0a48e7719b0c94f71e33f0
230,bridgedb-main,bridgedb/persistent.py,1,1,0,1,0,implementation,reviewed-superseded-or-reference,Operations/Health/Rules/Profiles where focused; otherwise governance,809fa53fa3638b87f8204d1595f06caaa256a5987777d73cf69a2e98f1143e40
230,bridgedb-main,bridgedb/proxy.py,1,1,0,1,0,implementation,reviewed-superseded-or-reference,Operations/Health/Rules/Profiles where focused; otherwise governance,6cdb941da7d51cb8f9f6e900857d74f553345bf5ec628d39874b9bba6575416e
230,bridgedb-main,bridgedb/qrcodes.py,1,1,0,1,0,implementation,reviewed-superseded-or-reference,Operations/Health/Rules/Profiles where focused; otherwise governance,b4c061dc30c0162bf79d87d9d299acd8eeefd175805ee22178ab05b44092bf96
230,bridgedb-main,bridgedb/rdsys.py,1,1,0,1,0,implementation,reviewed-superseded-or-reference,Operations/Health/Rules/Profiles where focused; otherwise governance,1f28483c785e3d1a3cdb45e772f20622b452f3a94f9d3365c020bddf933365a2
230,bridgedb-main,bridgedb/runner.py,1,1,0,1,0,implementation,reviewed-superseded-or-reference,Operations/Health/Rules/Profiles where focused; otherwise governance,fa204ce80900e1ed48a38225ce6f83653e4ae673629229c481b3ff8e95b01f55
230,bridgedb-main,bridgedb/safelog.py,1,1,0,1,0,implementation,reviewed-superseded-or-reference,Operations/Health/Rules/Profiles where focused; otherwise governance,41a73b2ba7b9900ae40987c40a078c5ba5f2a561bee6cb4d271e3f18a58cad8c
230,bridgedb-main,bridgedb/schedule.py,1,1,0,1,0,implementation,reviewed-superseded-or-reference,Operations/Health/Rules/Profiles where focused; otherwise governance,4d83ef0eea42c0b5229a5a53561f360f01541939e310695acab12030d1d2ecdf
230,bridgedb-main,bridgedb/sitecustomize.py,1,1,0,1,0,implementation,reviewed-superseded-or-reference,Operations/Health/Rules/Profiles where focused; otherwise governance,9966e21fe42291c0f7fd1d81d82148e5ea6552e20355f54c28a238f3a029941d
230,bridgedb-main,bridgedb/strings.py,1,1,0,1,0,implementation,reviewed-superseded-or-reference,Operations/Health/Rules/Profiles where focused; otherwise governance,dd24dd24cb66ad1a469ec0c100491d3e869d810cf4eb94a029e9e8ee9e252aa7
230,bridgedb-main,bridgedb/test/README,1,1,0,0,1,test,reviewed-superseded-or-reference,Operations/Health/Rules/Profiles where focused; otherwise governance,e0fb8adce567c082d9bf75eb61636fb2a2045d4e896d57b51891600de175c6bc
230,bridgedb-main,bridgedb/test/__init__.py,1,1,0,0,1,test,reviewed-superseded-or-reference,Operations/Health/Rules/Profiles where focused; otherwise governance,c4c0af74c78c0d6e89c150393f86e00fa352760dde89ee06f899e772ee26cbe3
230,bridgedb-main,bridgedb/test/deprecated.py,1,1,0,0,1,test,reviewed-superseded-or-reference,Operations/Health/Rules/Profiles where focused; otherwise governance,3167e7446744e6980b7b8a20ae2e3ae50451431e90465109414881a432556f69
230,bridgedb-main,bridgedb/test/email_helpers.py,1,1,0,0,1,test,reviewed-superseded-or-reference,Operations/Health/Rules/Profiles where focused; otherwise governance,3550d0e813cf747689ab5210900d9540c693faa5a6abe70eca6daa15a62120f1
230,bridgedb-main,bridgedb/test/https_helpers.py,1,1,0,0,1,test,reviewed-superseded-or-reference,Operations/Health/Rules/Profiles where focused; otherwise governance,a07b5f10a8bbfc2f3ac73289fc32ac9730db0b794c96d5e368f5646636d3487a
230,bridgedb-main,bridgedb/test/legacy_Tests.py,1,1,0,0,1,test,reviewed-superseded-or-reference,Operations/Health/Rules/Profiles where focused; otherwise governance,8bbced05dee30199a1313954a8899e3d5832bbd186f6a502128d7d326d9974d3
230,bridgedb-main,bridgedb/test/moat_helpers.py,1,1,0,0,1,test,reviewed-superseded-or-reference,Operations/Health/Rules/Profiles where focused; otherwise governance,6cc124729c59f6e25e5f3b7c5e012bcd5f60438b5edd2dd3cfbc09999c491f65
230,bridgedb-main,bridgedb/test/test_Storage.py,1,1,0,0,1,test,reviewed-superseded-or-reference,Operations/Health/Rules/Profiles where focused; otherwise governance,42c2914467c780bb86d518aa753f7c308365f1da9227460e2d22d48453c7c42d
230,bridgedb-main,bridgedb/test/test_Tests.py,1,1,0,0,1,test,reviewed-superseded-or-reference,Operations/Health/Rules/Profiles where focused; otherwise governance,33ae455aeb7c707bbbe112cf6c81b57a3c7676a132a18ed1173530cbfd5e7606
230,bridgedb-main,bridgedb/test/test_antibot.py,1,1,0,0,1,test,reviewed-superseded-or-reference,Operations/Health/Rules/Profiles where focused; otherwise governance,e9946bfc39fc26272976f2fb54868a1d8efcebca4302687d951a0a5b95b828af
230,bridgedb-main,bridgedb/test/test_bridgedb_script.py,1,1,0,0,1,test,reviewed-superseded-or-reference,Operations/Health/Rules/Profiles where focused; otherwise governance,95125a5377b7255bb40f214495ed50c4fd18021de408940b52ec535971ac8523
230,bridgedb-main,bridgedb/test/test_bridgerequest.py,1,1,0,0,1,test,reviewed-superseded-or-reference,Operations/Health/Rules/Profiles where focused; otherwise governance,d5b55d5bc714c0f693bdad6844ebb9eecd15c3b87811fa0dee74f4c453e77966
230,bridgedb-main,bridgedb/test/test_bridgerings.py,1,1,0,0,1,test,reviewed-superseded-or-reference,Operations/Health/Rules/Profiles where focused; otherwise governance,90f7284d913fcfece1a3b9e16630188bdbb06f7ba0e6076cc21e7d5bc3f111e4
230,bridgedb-main,bridgedb/test/test_bridges.py,1,1,0,0,1,test,reviewed-superseded-or-reference,Operations/Health/Rules/Profiles where focused; otherwise governance,574b3e7d7df0e87041698a2e7ed16986c56922dbe4305e578e66c44639e579ef
230,bridgedb-main,bridgedb/test/test_captcha.py,1,1,0,0,1,test,reviewed-superseded-or-reference,Operations/Health/Rules/Profiles where focused; otherwise governance,08edfa4a793b83ba8d105435263c2db138c78b038250fbbbd820871d4acbd6bd
230,bridgedb-main,bridgedb/test/test_configure.py,1,1,0,0,1,test,reviewed-superseded-or-reference,Operations/Health/Rules/Profiles where focused; otherwise governance,f1949738fb945026c198f8ddd8ab59d81d0f990aac4ceec4219ffea97d5dfa57
230,bridgedb-main,bridgedb/test/test_crypto.py,1,1,0,0,1,test,reviewed-superseded-or-reference,Operations/Health/Rules/Profiles where focused; otherwise governance,f937c53d32bc1ebfd909fae28d7768007f8d7a1e37dc76cb7430f7e391f6d7b9
230,bridgedb-main,bridgedb/test/test_distribute.py,1,1,0,0,1,test,reviewed-superseded-or-reference,Operations/Health/Rules/Profiles where focused; otherwise governance,c02d68b42dc63150305e71ead4d7a4c88a3a2b49c19c89d36f993c61324ffe8c
230,bridgedb-main,bridgedb/test/test_distributors_common_http.py,1,1,0,0,1,test,reviewed-superseded-or-reference,Operations/Health/Rules/Profiles where focused; otherwise governance,6475b2aa68fe28c800e0384ff80143978fdc774e0f571b7646891f5c1754fd00
230,bridgedb-main,bridgedb/test/test_distributors_moat_request.py,1,1,0,0,1,test,reviewed-superseded-or-reference,Operations/Health/Rules/Profiles where focused; otherwise governance,6ba5e3b6bb7d7e87e8cfd9181f88cf9561e91a1bd318fe6a0a1ea6e474a84529
230,bridgedb-main,bridgedb/test/test_distributors_moat_server.py,1,1,0,0,1,test,reviewed-superseded-or-reference,Operations/Health/Rules/Profiles where focused; otherwise governance,8aa77691be797afe060bdc0a1047f4fb75f629d87fb7c3bd45895ee0a23125ec
230,bridgedb-main,bridgedb/test/test_email_autoresponder.py,1,1,0,0,1,test,reviewed-superseded-or-reference,Operations/Health/Rules/Profiles where focused; otherwise governance,7653db8e557b8c6343657ce2ca10bbf5f3556cd31c8741ad269b9edbd3aea0ff
230,bridgedb-main,bridgedb/test/test_email_distributor.py,1,1,0,0,1,test,reviewed-superseded-or-reference,Operations/Health/Rules/Profiles where focused; otherwise governance,a987d76902251eed5c110d1a7548a33e49a70d889ab3c6200f55be3210adc885
230,bridgedb-main,bridgedb/test/test_email_dkim.py,1,1,0,0,1,test,reviewed-superseded-or-reference,Operations/Health/Rules/Profiles where focused; otherwise governance,ba2f21dba8830d2698bcf1f865224c48dc492f670f0af3ba89de326d5af91b3a
230,bridgedb-main,bridgedb/test/test_email_request.py,1,1,0,0,1,test,reviewed-superseded-or-reference,Operations/Health/Rules/Profiles where focused; otherwise governance,2fd112b3b0e8e60d30fbc3e2affbc5402a882209487ecacb618c080d27cdcb29
230,bridgedb-main,bridgedb/test/test_email_server.py,1,1,0,0,1,test,reviewed-superseded-or-reference,Operations/Health/Rules/Profiles where focused; otherwise governance,aa6cecdcb8e474b68caa512c6846d5301a044ba736dd1f89db4ddd222740bb58
230,bridgedb-main,bridgedb/test/test_email_templates.py,1,1,0,0,1,test,reviewed-superseded-or-reference,Operations/Health/Rules/Profiles where focused; otherwise governance,a30e26b39a3f6bc7bd39da70b7704fe2d4ec15c08cae5d86ca7c3dfc47f1fc44
230,bridgedb-main,bridgedb/test/test_filters.py,1,1,0,0,1,test,reviewed-superseded-or-reference,Operations/Health/Rules/Profiles where focused; otherwise governance,2bf46b482513e00f69becfaa3ef22502cf36daa17f98c4bec3564ea19a247dd3
230,bridgedb-main,bridgedb/test/test_geo.py,1,1,0,0,1,test,reviewed-superseded-or-reference,Operations/Health/Rules/Profiles where focused; otherwise governance,64206593839ce0e41fdbca584b56a526433fb73e538acca369efaa865d0b2430
230,bridgedb-main,bridgedb/test/test_https.py,1,1,0,0,1,test,reviewed-superseded-or-reference,Operations/Health/Rules/Profiles where focused; otherwise governance,24857586c9cefcef5d4ef9ffd5d31bb30a478f5578b798e5bc10e4106dc1f83f
230,bridgedb-main,bridgedb/test/test_https_distributor.py,1,1,0,0,1,test,reviewed-superseded-or-reference,Operations/Health/Rules/Profiles where focused; otherwise governance,ba155cda0d7617635e6cbcc5061b68131c7308d94f0661adf8013938c8c2be35
230,bridgedb-main,bridgedb/test/test_https_request.py,1,1,0,0,1,test,reviewed-superseded-or-reference,Operations/Health/Rules/Profiles where focused; otherwise governance,55e6b93ec66b1c82c036e2f357d955d4bd082448c1ca8e5ba2d4fa6eb4bf79c4
230,bridgedb-main,bridgedb/test/test_https_server.py,1,1,0,0,1,test,reviewed-superseded-or-reference,Operations/Health/Rules/Profiles where focused; otherwise governance,7890d6336e287fe2b02f587f8f3a7600f3837c98cf0f437fc22411a35c007b3c
230,bridgedb-main,bridgedb/test/test_interfaces.py,1,1,0,0,1,test,reviewed-superseded-or-reference,Operations/Health/Rules/Profiles where focused; otherwise governance,bf8db4f5fe33f5575acb1bd16b36e4581a249bc5e49c8c3a08f9a56dc1ea24b6
230,bridgedb-main,bridgedb/test/test_main.py,1,1,0,0,1,test,reviewed-superseded-or-reference,Operations/Health/Rules/Profiles where focused; otherwise governance,63adb670da86add67468d52de953282c03edd9b2035854aa20427deec8172bb3
230,bridgedb-main,bridgedb/test/test_metrics.py,1,1,0,0,1,test,reviewed-superseded-or-reference,Operations/Health/Rules/Profiles where focused; otherwise governance,29cd00f5d8961982cf056362b24d39ddde9be503da99d1ed88d072b910f8b09f
230,bridgedb-main,bridgedb/test/test_parse_addr.py,1,1,0,0,1,test,reviewed-superseded-or-reference,Operations/Health/Rules/Profiles where focused; otherwise governance,7a43152ce694e6cdf072ece465eb3121b48ffa945292b4d05a0c5e05589b6fd8
230,bridgedb-main,bridgedb/test/test_parse_blacklist.py,1,1,0,0,1,test,reviewed-superseded-or-reference,Operations/Health/Rules/Profiles where focused; otherwise governance,90032a36a16c17c6c32248e41fec18e1217d99365a930b6509e3f4ec6e64f60e
230,bridgedb-main,bridgedb/test/test_parse_descriptors.py,1,1,0,0,1,test,reviewed-superseded-or-reference,Operations/Health/Rules/Profiles where focused; otherwise governance,5b0b0dc1646cfe6930a1f4e461e1e16a1f72a3a166d46b12ac300ffd8f557ee4
230,bridgedb-main,bridgedb/test/test_parse_headers.py,1,1,0,0,1,test,reviewed-superseded-or-reference,Operations/Health/Rules/Profiles where focused; otherwise governance,2de1308a1215c8e1dbe2910d1a3e4a21fe238f2d6b0eed5dcc995a10914e8252
230,bridgedb-main,bridgedb/test/test_parse_nickname.py,1,1,0,0,1,test,reviewed-superseded-or-reference,Operations/Health/Rules/Profiles where focused; otherwise governance,bb0ce4c8cddf38fc42438556071160488ee1a04725c4220a8905d1579d59c6fe
230,bridgedb-main,bridgedb/test/test_parse_options.py,1,1,0,0,1,test,reviewed-superseded-or-reference,Operations/Health/Rules/Profiles where focused; otherwise governance,4a464beeb79752f8dcde3b672802748d26b4b012c5f1686f0411c3b6c84968ee
230,bridgedb-main,bridgedb/test/test_parse_versions.py,1,1,0,0,1,test,reviewed-superseded-or-reference,Operations/Health/Rules/Profiles where focused; otherwise governance,241633ef7e608179bbebc9cc10076570f2eb58dacafd1271495af4a463e7b51f
230,bridgedb-main,bridgedb/test/test_persistent.py,1,1,0,0,1,test,reviewed-superseded-or-reference,Operations/Health/Rules/Profiles where focused; otherwise governance,0419e0af4b18287cf13216b77e8cfcb0e5010e57215f9c8dbe4e2a8c7b836809
230,bridgedb-main,bridgedb/test/test_persistentSaveAndLoad.py,1,1,0,0,1,test,reviewed-superseded-or-reference,Operations/Health/Rules/Profiles where focused; otherwise governance,01d87526d6b53f80a2b4e7857ca4ee90c04df524a40b24e41c4d290c89e69f9b
230,bridgedb-main,bridgedb/test/test_proxy.py,1,1,0,0,1,test,reviewed-superseded-or-reference,Operations/Health/Rules/Profiles where focused; otherwise governance,40c36d58bb1017905aa00e5a37de9824779e8ef3b42d4dd99dc3a6b78b2d0438
230,bridgedb-main,bridgedb/test/test_qrcodes.py,1,1,0,0,1,test,reviewed-superseded-or-reference,Operations/Health/Rules/Profiles where focused; otherwise governance,57ad300d1fb068438f9cc15b2828588c048ebc126a1095338ee854c93e1eef2c
230,bridgedb-main,bridgedb/test/test_safelog.py,1,1,0,0,1,test,reviewed-superseded-or-reference,Operations/Health/Rules/Profiles where focused; otherwise governance,253fa7116a3a79142363609311542e7c4cc50ecdf87657189fa83020b52b4da4
230,bridgedb-main,bridgedb/test/test_schedule.py,1,1,0,0,1,test,reviewed-superseded-or-reference,Operations/Health/Rules/Profiles where focused; otherwise governance,8d173b893efc63e39f9425edf0cf8159789a0d20113ad45e02f3a571485cae6a
230,bridgedb-main,bridgedb/test/test_smtp.py,1,1,0,0,1,test,reviewed-superseded-or-reference,Operations/Health/Rules/Profiles where focused; otherwise governance,4b2e85cd570b17c5da20f9e8d3268f44b3ca8d13e49f3a1958c60398e0728cdb
230,bridgedb-main,bridgedb/test/test_translations.py,1,1,0,0,1,test,reviewed-superseded-or-reference,Operations/Health/Rules/Profiles where focused; otherwise governance,e199bea33299dcff03c2a1b8169184ae7565917356e09db687eb380c19def6a3
230,bridgedb-main,bridgedb/test/test_txrecaptcha.py,1,1,0,0,1,test,reviewed-superseded-or-reference,Operations/Health/Rules/Profiles where focused; otherwise governance,8db3c4346b1b8f52061fe6c5e88f10e1a6fced7d87a1e1be8ef36733044b3c58
230,bridgedb-main,bridgedb/test/test_util.py,1,1,0,0,1,test,reviewed-superseded-or-reference,Operations/Health/Rules/Profiles where focused; otherwise governance,a6cfa03da502001fa1beac16b025b7de0e21da6e5eb5be6db50ac1955115c7a8
230,bridgedb-main,bridgedb/test/util.py,1,1,0,0,1,test,reviewed-superseded-or-reference,Operations/Health/Rules/Profiles where focused; otherwise governance,98853b8c7a9e68491a3e5a62bf91f0f6169e55b489b0bac0a2d3371c390a469d
230,bridgedb-main,bridgedb/translations.py,1,1,0,1,0,implementation,reviewed-superseded-or-reference,Operations/Health/Rules/Profiles where focused; otherwise governance,3fea401168a5c97ea1feb054b4c74f62019341df9e1bba0faa34ee7e74c41dca
230,bridgedb-main,bridgedb/txrecaptcha.py,1,1,0,1,0,implementation,reviewed-superseded-or-reference,Operations/Health/Rules/Profiles where focused; otherwise governance,fbea5d6ca9c1040fe04c1881b00764832514bc22ed06c0aa55f8f509bf4e93a2
230,bridgedb-main,bridgedb/util.py,1,1,0,1,0,implementation,reviewed-superseded-or-reference,Operations/Health/Rules/Profiles where focused; otherwise governance,21f49dfc875fc508682f0f126c70934582570832732999d1fd009f3e952286fe
230,bridgedb-main,captchas,1,0,0,0,0,media,accounted-reference,Operations/Health/Rules/Profiles where focused; otherwise governance,9d49815de609c251ffc2fc349e4abc5d588925d6d723e83f080bc165b498b4dc
230,bridgedb-main,doc/HACKING.md,1,0,0,0,0,documentation,accounted-reference,Operations/Health/Rules/Profiles where focused; otherwise governance,5642b6a1c97dee2ada4497a0db75e642a0e8c6e592856141d5f171954ebf3114
230,bridgedb-main,doc/bridgedb-metrics-spec.txt,1,0,0,0,0,documentation,accounted-reference,Operations/Health/Rules/Profiles where focused; otherwise governance,c9500d623ce51fdb4b7c7f48b63412f6876215d03273e1ec83441d8b8d9b6ffc
230,bridgedb-main,doc/gsoc2014-volunteer.txt,1,0,0,0,0,documentation,accounted-reference,Operations/Health/Rules/Profiles where focused; otherwise governance,8ff0b3342151a85a3098dc90002c2f58199d6506e35d41a0cf338cbfaeb42658
230,bridgedb-main,doc/proposals,3,0,0,0,0,documentation,accounted-reference,Operations/Health/Rules/Profiles where focused; otherwise governance,448aecded66c52df8d886e505bc17f882d71393e0a6b14aa17e652b8ac1881de
230,bridgedb-main,doc/sphinx,41,0,0,0,0,documentation,accounted-reference,Operations/Health/Rules/Profiles where focused; otherwise governance,9949ea8b504f8b0c292ba4575dea1eb7a767c8af693e2c57a5f7e50aa430d47d
230,bridgedb-main,frontend/.gitignore,1,0,0,0,0,repository-administration,accounted-reference,Operations/Health/Rules/Profiles where focused; otherwise governance,4d394757f7077b45b01d33b39f4d0497f5d9d9df2f757bde1fae1cf0e00c7c43
230,bridgedb-main,frontend/README.md,1,0,0,0,0,documentation,accounted-reference,Operations/Health/Rules/Profiles where focused; otherwise governance,5e5412b8b85a1a1c8167e08a1042c0e7e4ef9880ea5e586875165e125389fb4b
230,bridgedb-main,frontend/assets,13,13,13,0,0,ui-or-product,reviewed-superseded-or-reference,Operations/Health/Rules/Profiles where focused; otherwise governance,e5c54f56248baf510a2f9b1a953b436d20752b438679d459c2ecb4df30636c9b
230,bridgedb-main,frontend/babel.cfg,1,1,1,0,0,ui-or-product,reviewed-superseded-or-reference,Operations/Health/Rules/Profiles where focused; otherwise governance,76bf0b353be96c53f3c266518092832e706de580a82ead090526f4043c2fff2b
230,bridgedb-main,frontend/bridges.lektorproject,1,1,1,0,0,ui-or-product,reviewed-superseded-or-reference,Operations/Health/Rules/Profiles where focused; otherwise governance,9b5ebbdd8cb0e12e1a195530e49b1faa0ea3650059cf447d87c509459a0dd440
230,bridgedb-main,frontend/build.sh,1,1,1,0,0,ui-or-product,reviewed-superseded-or-reference,Operations/Health/Rules/Profiles where focused; otherwise governance,f9f7e2f1394a5c8f0a113e92ef502f85837e282b861d598d674346bbbdeed083
230,bridgedb-main,frontend/configs,2,2,2,0,0,ui-or-product,reviewed-superseded-or-reference,Operations/Health/Rules/Profiles where focused; otherwise governance,4bf8f22c88ef768a40062add23ab82b54ea3daaf2a3150c69c7a2a0403c2775c
230,bridgedb-main,frontend/content,5,5,5,0,0,ui-or-product,reviewed-superseded-or-reference,Operations/Health/Rules/Profiles where focused; otherwise governance,10b83b878c5ff43f523318ac2519b854646b2886e6e20e17b642b866635c6192
230,bridgedb-main,frontend/databags,2,2,2,0,0,ui-or-product,reviewed-superseded-or-reference,Operations/Health/Rules/Profiles where focused; otherwise governance,4341d2268bda789fa1780773b1cfc41adea28018d74dbf46423c0ab3797649ea
230,bridgedb-main,frontend/models,1,1,1,0,0,ui-or-product,reviewed-superseded-or-reference,Operations/Health/Rules/Profiles where focused; otherwise governance,3231a5f466f81758074d2e4eab250fbcab9a1fdbeee59b02f60b1aeccede66a5
230,bridgedb-main,frontend/requirements.txt,1,1,1,0,0,ui-or-product,reviewed-superseded-or-reference,Operations/Health/Rules/Profiles where focused; otherwise governance,18e9cb471d45fdd2256ace28575ac29f9e7e3f40fe7c0bc3267edfe218754a34
230,bridgedb-main,frontend/templates,15,15,15,0,0,ui-or-product,reviewed-superseded-or-reference,Operations/Health/Rules/Profiles where focused; otherwise governance,87dee35d681d670411696b83bbdb3629b7fca994fe6968f06d1bf85b360358a8
230,bridgedb-main,maint,1,1,0,1,0,implementation,reviewed-superseded-or-reference,Operations/Health/Rules/Profiles where focused; otherwise governance,47947bc6619c035226dcca8e15547279e91539df61b86d054a0c3140d9193142
230,bridgedb-main,root,20,12,0,5,1,configuration;documentation;implementation;repository-administration;test,reviewed-superseded-or-reference,Operations/Health/Rules/Profiles where focused; otherwise governance,d5ef357927021c9c7d74cc57435689c75b6ede493248b28ce37f351e8674ed22
230,bridgedb-main,scripts,13,13,0,11,0,configuration;implementation;script,reviewed-superseded-or-reference,Operations/Health/Rules/Profiles where focused; otherwise governance,8571e8da7dcd28efdd216d8167e4c8b661e0f815bdb6e8adea192fb3aa7b6cb7
230,conjure-master,.github,6,0,0,0,0,repository-administration,accounted-reference,Operations/Health/Rules/Profiles where focused; otherwise governance,86388452752cfae079404ac5dd194d3936ac8513079b541576939b627de97b98
230,conjure-master,cmd/application,12,11,0,5,2,configuration;documentation;implementation;test,reviewed-superseded-or-reference,Operations/Health/Rules/Profiles where focused; otherwise governance,c05f0ec920e11af07cada6d8708e5d0d77cbc5cb9deaf38c4e607f1ddb8ef12b
230,conjure-master,cmd/registration-server,8,6,0,1,1,configuration;documentation;fixture;implementation;test,behavior-refined,Operations/Health/Rules/Profiles where focused; otherwise governance,ed95c23c9dbb882330f0c4b65cb6799eea0b43a89929f541c303d051325f6e52
230,conjure-master,docker,6,5,0,0,0,deployment;documentation,reviewed-superseded-or-reference,Operations/Health/Rules/Profiles where focused; otherwise governance,24ef86b6e62d0527d867a81f4f00ab0fc24fed6e774b1bfc8f8bc95f6ecd839e
230,conjure-master,internal/compatability,3,2,0,2,0,documentation;implementation,reviewed-superseded-or-reference,Operations/Health/Rules/Profiles where focused; otherwise governance,05f09c2944c1ff5681d9dab1f4ccc24e29f70d8419db13c6a8ed0f43ffa21fcb
230,conjure-master,internal/conjurepath,1,1,0,1,0,implementation,reviewed-superseded-or-reference,Operations/Health/Rules/Profiles where focused; otherwise governance,0b0742ccae542ca6fa7ad14b543de109c3e45bb9e40dfc5fc7855adab0728914
230,conjure-master,internal/port_integration_test.go,1,1,0,0,1,test,reviewed-superseded-or-reference,Operations/Health/Rules/Profiles where focused; otherwise governance,7d2429b4d447dcb1ea913b21a3af58477020d8869be7521169f889dd0b212c46
230,conjure-master,internal/test_assets,3,3,0,1,0,configuration;implementation,reviewed-superseded-or-reference,Operations/Health/Rules/Profiles where focused; otherwise governance,f05c93de8620acb3c9f49b6958553634c312b9a1324c914c6e73f7cff31407ff
230,conjure-master,internal/testutils,1,1,0,1,0,implementation,reviewed-superseded-or-reference,Operations/Health/Rules/Profiles where focused; otherwise governance,82819a88baa624d48a9af6e2c9a6ca9635a5f26296a9205552e0d029a9464bb1
230,conjure-master,internal/transport_integration_test.go,1,1,0,0,1,test,reviewed-superseded-or-reference,Operations/Health/Rules/Profiles where focused; otherwise governance,3dfd153c3471556bfd1609347a448a53914c6b1c305641af5bcda9312d6444c8
230,conjure-master,libtapdance,16,16,0,15,0,configuration;implementation,reviewed-superseded-or-reference,Operations/Health/Rules/Profiles where focused; otherwise governance,27e9ed29e17fa40e08160982a977cb59a11e3e5dbe5f1f203da758e6077e0dfa
230,conjure-master,paper,31,11,0,10,0,configuration;implementation;media,reviewed-superseded-or-reference,Operations/Health/Rules/Profiles where focused; otherwise governance,25388cbdc508279bc0102e877f0442ec0f07e8cbfb8ae61c779da9c6d909c7b1
230,conjure-master,pkg/client/assets,2,2,0,1,1,implementation;test,reviewed-superseded-or-reference,Operations/Health/Rules/Profiles where focused; otherwise governance,14ccf20f9fde8a475108ddc21f9a4a37dd2aac53cbf87c16816c380279b547f6
230,conjure-master,pkg/core/core.go,1,1,0,1,0,implementation,reviewed-superseded-or-reference,Operations/Health/Rules/Profiles where focused; otherwise governance,ad54b14dacb28af5b2492135be276cafbab1a2ad79bb2ad142d70088ec816a01
230,conjure-master,pkg/core/core_test.go,1,1,0,0,1,test,reviewed-superseded-or-reference,Operations/Health/Rules/Profiles where focused; otherwise governance,91d0a708e0c1559ecb8bb5d90089fc40bcf44737d7dc834ab04ae60785778ebe
230,conjure-master,pkg/core/interfaces,1,1,0,1,0,implementation,reviewed-superseded-or-reference,Operations/Health/Rules/Profiles where focused; otherwise governance,a1ad47a19ea48eb3c42912ee27b5dfacd30ea5f227c0d769fb78a210cb5dc694
230,conjure-master,pkg/core/keys.go,1,1,0,1,0,implementation,reviewed-superseded-or-reference,Operations/Health/Rules/Profiles where focused; otherwise governance,31d6fa53a9eb77d2b35ffca7cc71526d5f1f1b38f23be8c0e5a268b04bd75758
230,conjure-master,pkg/dtls/config.go,1,1,0,1,0,implementation,reviewed-superseded-or-reference,Operations/Health/Rules/Profiles where focused; otherwise governance,96330d4d9523223bf499dc2569ac4e95ea1997754b9d5bac73eb2c16e729a1f4
230,conjure-master,pkg/dtls/dial.go,1,1,0,1,0,implementation,reviewed-superseded-or-reference,Operations/Health/Rules/Profiles where focused; otherwise governance,769c3e3ef1bd3c1f93d24ca30ffa2cc0e6d552461fe2cdd465a279c23cfdede2
230,conjure-master,pkg/dtls/dnat,1,1,0,1,0,implementation,reviewed-superseded-or-reference,Operations/Health/Rules/Profiles where focused; otherwise governance,bd372429d549856d1f72eb0953d1f2c6c4c65dea4d545578dad5883a51ec6679
230,conjure-master,pkg/dtls/examples,4,2,0,2,0,implementation;repository-administration,reviewed-superseded-or-reference,Operations/Health/Rules/Profiles where focused; otherwise governance,3dac01cda0b0f51c9de1c847cb02e25afcda325ac9785303722892c9f7a6af77
230,conjure-master,pkg/dtls/goroutine_leak_test.go,1,1,0,0,1,test,reviewed-superseded-or-reference,Operations/Health/Rules/Profiles where focused; otherwise governance,41d7190def78b5306b10a83b2f140fb2b4eba30c6f9b072dac64c6f906060a03
230,conjure-master,pkg/dtls/heartbeat.go,1,1,0,1,0,implementation,reviewed-superseded-or-reference,Operations/Health/Rules/Profiles where focused; otherwise governance,ea53e643e5a538052ea145dee89dbbb8a9c26ff7133aee9d3f8802f42ccd9152
230,conjure-master,pkg/dtls/heartbeatConfig.go,1,1,0,1,0,implementation,reviewed-superseded-or-reference,Operations/Health/Rules/Profiles where focused; otherwise governance,f4551326418108f54f0d2cfe2db66b6e7d16d89f22e531f52296d88d4f20d1d4
230,conjure-master,pkg/dtls/heartbeat_test.go,1,1,0,0,1,test,reviewed-superseded-or-reference,Operations/Health/Rules/Profiles where focused; otherwise governance,0e41e87ecaf68f326bf21a27b09520b56192979222ccabedffb11921ffb4079f
230,conjure-master,pkg/dtls/listener.go,1,1,0,1,0,implementation,reviewed-superseded-or-reference,Operations/Health/Rules/Profiles where focused; otherwise governance,6accf83b578dc0824f7f0208a31783355d7ed582099eac3f2ceaff516e7ae87d
230,conjure-master,pkg/dtls/listener_test.go,1,1,0,0,1,test,reviewed-superseded-or-reference,Operations/Health/Rules/Profiles where focused; otherwise governance,2d1d08d3055547ca42a98aabf53d4aa7c7fcd8e28d23d12920da37bbea96ba65
230,conjure-master,pkg/dtls/not1reader.go,1,1,0,1,0,implementation,reviewed-superseded-or-reference,Operations/Health/Rules/Profiles where focused; otherwise governance,6cb7cc6bb79ccbbff7c9691700e7f3e41a72f4fc377c04b62bf2544cbe3c41f5
230,conjure-master,pkg/dtls/not1reader_test.go,1,1,0,0,1,test,reviewed-superseded-or-reference,Operations/Health/Rules/Profiles where focused; otherwise governance,e71d1195bc571129ee61fcf905cb9a88a9ffd32ce41180cab1f8f9f7b62adecc
230,conjure-master,pkg/dtls/sctpconn.go,1,1,0,1,0,implementation,reviewed-superseded-or-reference,Operations/Health/Rules/Profiles where focused; otherwise governance,1560b93ec210ab440586249bc1d7240aad9c3b719995065d84786feb823a0315
230,conjure-master,pkg/dtls/seedtocert.go,1,1,0,1,0,implementation,reviewed-superseded-or-reference,Operations/Health/Rules/Profiles where focused; otherwise governance,58860345770e8ec20a198d455f880d1fa423d0878f51d4cc5fab5144cb3f61dc
230,conjure-master,pkg/dtls/server.go,1,1,0,1,0,implementation,reviewed-superseded-or-reference,Operations/Health/Rules/Profiles where focused; otherwise governance,10b4a9beb0c017b11ad682a9d857443bcda67455c249c547b9d469c609f589d2
230,conjure-master,pkg/dtls/server_test.go,1,1,0,0,1,test,reviewed-superseded-or-reference,Operations/Health/Rules/Profiles where focused; otherwise governance,562504bcfcb814de12a77c5e6444c78bb4bc9191b2f8c5ddf8277e3e9e1cfb0d
230,conjure-master,pkg/metrics/metrics.go,1,1,0,1,0,implementation,reviewed-superseded-or-reference,Operations/Health/Rules/Profiles where focused; otherwise governance,278e9465e3b8afa09135f6b8e48f2ea094a37fcf8200a291b5b21c70e154e989
230,conjure-master,pkg/phantoms/compat.go,1,1,0,1,0,implementation,reviewed-superseded-or-reference,Operations/Health/Rules/Profiles where focused; otherwise governance,dcaaebcddc933c0d20ff1248fb8e9b1f57d9ba12af8e6e9b1371898e11929efb
230,conjure-master,pkg/phantoms/compat_test.go,1,1,0,0,1,test,reviewed-superseded-or-reference,Operations/Health/Rules/Profiles where focused; otherwise governance,e35dfd37367ef90e8639db6879842fc09c841a88f59dc8b508d07d9153bb1dd7
230,conjure-master,pkg/phantoms/phantom_selector.go,1,1,0,1,0,implementation,reviewed-superseded-or-reference,Operations/Health/Rules/Profiles where focused; otherwise governance,a49c1ebf5085097dba2a4282d51bf8f0b5aede6be7c8fca2e1ac74f61f370550
230,conjure-master,pkg/phantoms/phantom_selector_test.go,1,1,0,0,1,test,reviewed-superseded-or-reference,Operations/Health/Rules/Profiles where focused; otherwise governance,e125bed6a353cc55f55170238f7f34a22a2b31ff37245c82bcec7d8c8a955430
230,conjure-master,pkg/phantoms/phantoms.go,1,1,0,1,0,implementation,reviewed-superseded-or-reference,Operations/Health/Rules/Profiles where focused; otherwise governance,a23dc4e97845b0d170299c1f4bf2f6b910c55e398c5a083f1aede891707359b1
230,conjure-master,pkg/phantoms/phantoms_test.go,1,1,0,0,1,test,reviewed-superseded-or-reference,Operations/Health/Rules/Profiles where focused; otherwise governance,7fb5ad0be6edac6ef98d9be110cd9b014136c92683e92fff454399929b9fb1a1
230,conjure-master,pkg/phantoms/station_phantoms.go,1,1,0,1,0,implementation,reviewed-superseded-or-reference,Operations/Health/Rules/Profiles where focused; otherwise governance,e1948e60cb070848e43c54db476f410afcdb758c2879decc552046fe21a497c8
230,conjure-master,pkg/phantoms/test,2,2,0,0,2,test,reviewed-superseded-or-reference,Operations/Health/Rules/Profiles where focused; otherwise governance,db9d94637935bd29a9705ba395db4ff4b3a533dd2c00a9ec247503123beb45d0
230,conjure-master,pkg/registrars/decoy-registrar,4,4,0,2,2,implementation;test,reviewed-superseded-or-reference,Operations/Health/Rules/Profiles where focused; otherwise governance,83076c38f049b7de26f4a1349fcb212c0befc59176c055e9e519e2018182dc22
230,conjure-master,pkg/registrars/dns-registrar,25,24,0,19,5,documentation;implementation;test,reviewed-superseded-or-reference,Operations/Health/Rules/Profiles where focused; otherwise governance,d4b84639fe6025d843d6ece5ac7e408a071a39490d47f8ffd43df70230c8272d
230,conjure-master,pkg/registrars/lib,1,1,0,1,0,implementation,reviewed-superseded-or-reference,Operations/Health/Rules/Profiles where focused; otherwise governance,2f16bf61589fb115d042def5381257c38de02761fb5e38a6abd3cd3ec2cb8230
230,conjure-master,pkg/registrars/registration,7,7,0,5,2,implementation;test,reviewed-superseded-or-reference,Operations/Health/Rules/Profiles where focused; otherwise governance,4c23e78d95f9ce2a8beaefab0e367f6b86bfa90bb5a5553fcda7216aab82f89d
230,conjure-master,pkg/regserver/ampCacheregserver,1,1,0,1,0,implementation,reviewed-superseded-or-reference,Operations/Health/Rules/Profiles where focused; otherwise governance,c51dffd6de497a72de2a96f5e0dbeaabe6122589f9a05f6aa53daf0b14f3d1c7
230,conjure-master,pkg/regserver/apiregserver,2,2,0,1,1,implementation;test,reviewed-superseded-or-reference,Operations/Health/Rules/Profiles where focused; otherwise governance,c88a95a856e1f43a593b3fab5b1503447bccae5e8a17259bd4fdc3189023df11
230,conjure-master,pkg/regserver/dnsregserver,2,2,0,1,1,implementation;test,reviewed-superseded-or-reference,Operations/Health/Rules/Profiles where focused; otherwise governance,fdbb2c95e419b0baa18364d6652bcc220ec1612550297ed1b010bbf3c7d6e6b9
230,conjure-master,pkg/regserver/overrides,4,3,0,2,1,documentation;implementation;test,reviewed-superseded-or-reference,Operations/Health/Rules/Profiles where focused; otherwise governance,9ad2fbf30c3b0c33fd2ad312b0f72dbcd1e94f1fa7e7aee4a60decffd1cb2bfa
230,conjure-master,pkg/regserver/regprocessor,3,3,0,1,2,implementation;test,reviewed-superseded-or-reference,Operations/Health/Rules/Profiles where focused; otherwise governance,a4ba29e3a09c7cb079c1620319672f0f86d834d6dc919ba525687f0c8ed3a285
230,conjure-master,pkg/station/geoip,3,3,0,2,1,implementation;test,reviewed-superseded-or-reference,Operations/Health/Rules/Profiles where focused; otherwise governance,4afc2e818088c19cf60633972e41c95f02f97ec079cd6fba22675a0e5e2b9540
230,conjure-master,pkg/station/lib,20,20,0,12,8,implementation;test,behavior-refined,Operations/Health/Rules/Profiles where focused; otherwise governance,01b1023129d54c8a0edc4d074bb1ee0f9295036d7906ccc4b92182449118ce68
230,conjure-master,pkg/station/liveness,8,7,0,5,2,documentation;implementation;test,behavior-refined,Operations/Health/Rules/Profiles where focused; otherwise governance,29743cf2be537391f1f0f25b0feb491f5bf63b898415ae8b724ec2e599dbf948
230,conjure-master,pkg/station/log,1,1,0,1,0,implementation,reviewed-superseded-or-reference,Operations/Health/Rules/Profiles where focused; otherwise governance,eebf651aca59a226f5170253e48214eb5402119ded57e62bcebebb06aadcc169
230,conjure-master,pkg/transports/anypb_nourl.go,1,1,0,1,0,implementation,reviewed-superseded-or-reference,Operations/Health/Rules/Profiles where focused; otherwise governance,2ffa03883d8b90dd399801f5518b57eaeadc78b173bd29ddfcaf6a3c86a9424b
230,conjure-master,pkg/transports/anypb_nourl_test.go,1,1,0,0,1,test,reviewed-superseded-or-reference,Operations/Health/Rules/Profiles where focused; otherwise governance,3b745c8c50ca70faa33b9cf2d07c85415c84943080692ed64ce534d78e81489e
230,conjure-master,pkg/transports/client,2,2,0,1,1,implementation;test,reviewed-superseded-or-reference,Operations/Health/Rules/Profiles where focused; otherwise governance,9007237be2783198d1d7217601622af5119a66664e6203ad43915535d2d197e2
230,conjure-master,pkg/transports/connecting,6,6,0,5,1,implementation;test,reviewed-superseded-or-reference,Operations/Health/Rules/Profiles where focused; otherwise governance,edc69248250367e93c1b7f85c0f0eaa6a040994bf781ccd035f6870453b7c491
230,conjure-master,pkg/transports/obfuscate.go,1,1,0,1,0,implementation,reviewed-superseded-or-reference,Operations/Health/Rules/Profiles where focused; otherwise governance,1592adb83b223d16c563c2e4514f9d3798bb07c6796d2bf65cc10d97b993f8f0
230,conjure-master,pkg/transports/obfuscate_test.go,1,1,0,0,1,test,reviewed-superseded-or-reference,Operations/Health/Rules/Profiles where focused; otherwise governance,b6591fc6bd9589a66de3c1ec87865a4dd394218feca78d6cdc519f6e8ea37a68
230,conjure-master,pkg/transports/registration.go,1,1,0,1,0,implementation,reviewed-superseded-or-reference,Operations/Health/Rules/Profiles where focused; otherwise governance,c09f05f4587c1417d9c0ab5312dd40a28eb00ff298549b55ac5b7c75fdcd07d7
230,conjure-master,pkg/transports/transports.go,1,1,0,1,0,implementation,reviewed-superseded-or-reference,Operations/Health/Rules/Profiles where focused; otherwise governance,a72f6bfa4c2a2533667c78e0fbe0f360ae07d35ec3188f002b5441d733bae14b
230,conjure-master,pkg/transports/wrapping,13,12,0,9,3,documentation;implementation;test,reviewed-superseded-or-reference,Operations/Health/Rules/Profiles where focused; otherwise governance,4b6238a1e1ae84fa918784210b27bf06f47c788b2a5a3c576da99ae0c262bebd
230,conjure-master,proto/Makefile,1,1,0,0,0,configuration,reviewed-superseded-or-reference,Operations/Health/Rules/Profiles where focused; otherwise governance,eed6cba443fd87cad3153ae0aba4e2c1e061de46a5446e3adba9a9a8f73397eb
230,conjure-master,proto/README.txt,1,0,0,0,0,documentation,accounted-reference,Operations/Health/Rules/Profiles where focused; otherwise governance,d2636192c9b95b0f02eb2c3e9702e9dac23af5b5b1fdfefd9207f9a62e719a83
230,conjure-master,proto/extensions.go,1,1,0,1,0,implementation,reviewed-superseded-or-reference,Operations/Health/Rules/Profiles where focused; otherwise governance,3e9b5f550aabdec0c0a8e0ce3474d844bebaf00864218603386f85b1848d785c
230,conjure-master,proto/mod.rs,1,1,0,1,0,implementation,reviewed-superseded-or-reference,Operations/Health/Rules/Profiles where focused; otherwise governance,01b4a8bca5c4617c6e19386302bad4d59460cfcc336f369153a04ff6d7761b5c
230,conjure-master,proto/proto_test.go,1,1,0,0,1,test,reviewed-superseded-or-reference,Operations/Health/Rules/Profiles where focused; otherwise governance,0e3b4d472da321f29e77e3f77f5d206a34de9f84f76b4cca4bdb261fbb6df067
230,conjure-master,proto/signalling.pb.go,1,0,0,0,0,generated,accounted-reference,Operations/Health/Rules/Profiles where focused; otherwise governance,dd4c862bba82ab4bf1b4efd75ee5b1040e7d7454588b9216f3d7faf14de5f589
230,conjure-master,proto/signalling.proto,1,1,0,1,0,implementation,reviewed-superseded-or-reference,Operations/Health/Rules/Profiles where focused; otherwise governance,a0622f7813daf1198ce9da416b7c2935acd9e0b4009e5bf7621c1c851d311e8e
230,conjure-master,proto/signalling.rs,1,1,0,1,0,implementation,reviewed-superseded-or-reference,Operations/Health/Rules/Profiles where focused; otherwise governance,fa5c092c7d76737eb9d5b6053c069e68f85758de3e293700c6d69f3c3fc931e8
230,conjure-master,root,21,17,0,11,0,configuration;documentation;implementation;repository-administration;script,reviewed-superseded-or-reference,Operations/Health/Rules/Profiles where focused; otherwise governance,5f4a97bc1ba71f4e613dbc19240cce4bde33233324c72bfb1145adc49420c357
230,conjure-master,scripts,5,5,0,0,0,script,reviewed-superseded-or-reference,Operations/Health/Rules/Profiles where focused; otherwise governance,cecbd3d6e9d64d9c81b67500108011694b49ff78d4923fdbc26afce27e835e51
230,conjure-master,simulation/phantombox,28,25,0,11,0,configuration;deployment;documentation;implementation;repository-administration;script,reviewed-superseded-or-reference,Operations/Health/Rules/Profiles where focused; otherwise governance,20557ae62edf07171f889705ece4d93607c45037e00ae0c95f26a8847e93b437
230,conjure-master,src/c_api.rs,1,1,0,1,0,implementation,reviewed-superseded-or-reference,Operations/Health/Rules/Profiles where focused; otherwise governance,f8bd462d097198038a7875cee149811883c50a47a4cb29fca2b314059171d639
230,conjure-master,src/elligator.rs,1,1,0,1,0,implementation,reviewed-superseded-or-reference,Operations/Health/Rules/Profiles where focused; otherwise governance,393d0c17fcf063ee572c4812f5a286ef84f120782f52d5eff6d1c50932f376e4
230,conjure-master,src/flow_tracker.rs,1,1,0,1,0,implementation,reviewed-superseded-or-reference,Operations/Health/Rules/Profiles where focused; otherwise governance,2ce2eeee817a2e621827d75888b3ef18b73b0d8a460927ae6dea4fdcb8890aae
230,conjure-master,src/lib.rs,1,1,0,1,0,implementation,reviewed-superseded-or-reference,Operations/Health/Rules/Profiles where focused; otherwise governance,44211b41ee0e16e5b4653311a561dda3a91a14239676c01672842029e6d62b90
230,conjure-master,src/logging.rs,1,1,0,1,0,implementation,reviewed-superseded-or-reference,Operations/Health/Rules/Profiles where focused; otherwise governance,69ef0606ca619b7e057b38276ce6d63cf565e5fd11e02422f4883636d35ddd87
230,conjure-master,src/process_packet.rs,1,1,0,1,0,implementation,reviewed-superseded-or-reference,Operations/Health/Rules/Profiles where focused; otherwise governance,db2179ad2af0e668eb1d8db93b59129e5ce9183402262e1432eb0d399ec2fec9
230,conjure-master,src/sessions.rs,1,1,0,1,0,implementation,reviewed-superseded-or-reference,Operations/Health/Rules/Profiles where focused; otherwise governance,2c568b9f61f5344a8043d63658abfa0044b365bd34cba54eb03ba77e68d152f9
230,conjure-master,src/signalling.rs,1,1,0,1,0,implementation,reviewed-superseded-or-reference,Operations/Health/Rules/Profiles where focused; otherwise governance,32751e627e0fcb0588d890e8d769170b96fcc58be414cc4afaabb6c9f65e2343
230,conjure-master,src/util.rs,1,1,0,1,0,implementation,reviewed-superseded-or-reference,Operations/Health/Rules/Profiles where focused; otherwise governance,784771ad60ebc952c7c260c1357276bdbe3a86773e211246c63c14c1e167faf4
230,conjure-master,stations,1,1,0,1,0,implementation,reviewed-superseded-or-reference,Operations/Health/Rules/Profiles where focused; otherwise governance,cb0360c793a03af122001ee95586aa4baa187a6dbaa3e0d26282ce6edd9af3a1
230,conjure-master,sysconfig,7,7,0,0,0,deployment,reviewed-superseded-or-reference,Operations/Health/Rules/Profiles where focused; otherwise governance,3b004eb60340df7d96224e41b69816bd297aaf26b6d05e8c464feffc45efbada
230,conjure-master,util/Makefile,1,1,0,0,0,configuration,reviewed-superseded-or-reference,Operations/Health/Rules/Profiles where focused; otherwise governance,6aae7361ed196c0cde192fbab4a46ad3a7946a43e32089c006bdd256c5eb5082
230,conjure-master,util/cap.c,1,1,0,1,0,implementation,reviewed-superseded-or-reference,Operations/Health/Rules/Profiles where focused; otherwise governance,23e946b1da4f11c806ac1173d66a18564abb6cef3599888d764bf2de19eb114a
230,conjure-master,util/captool,10,9,0,5,1,configuration;documentation;implementation;script;test,reviewed-superseded-or-reference,Operations/Health/Rules/Profiles where focused; otherwise governance,3263f06071ab857cde71ca1854e2cde76a44db07762f0cdacde52187a0a13bbe
230,conjure-master,util/pcap-file.h,1,1,0,1,0,implementation,reviewed-superseded-or-reference,Operations/Health/Rules/Profiles where focused; otherwise governance,ea4c2128c5a550fd324bdf655fb9aeec83c09965df2391f4a21aa81984bd7670
230,conjure-master,util/script,21,18,0,7,7,implementation;media;script;test,reviewed-superseded-or-reference,Operations/Health/Rules/Profiles where focused; otherwise governance,f6ba5771fc1b7e394ba91e9ceca8215d7141052c6873dbc4bbbfade1c0d3c106
230,conjure-master,util/station-debug,7,6,0,1,0,configuration;documentation;implementation;script,reviewed-superseded-or-reference,Operations/Health/Rules/Profiles where focused; otherwise governance,14efc76f7108218391e06d0a2bd9073d395668e655a8d7018797267f191ba5ca
230,mitmengine-master,cmd,2,2,0,2,0,implementation,reviewed-superseded-or-reference,Operations/Health/Rules/Profiles where focused; otherwise governance,bf3e28a517cd192ea6bd286816ede49a4334bcb5f0d5218900827b337fa916fd
230,mitmengine-master,db,3,3,0,2,1,implementation;test,reviewed-superseded-or-reference,Operations/Health/Rules/Profiles where focused; otherwise governance,5035daea8a629f5ac9ff1d38402fce1d074fd1aceb9f6fcbf1ab758ab4ed36a1
230,mitmengine-master,fputil,16,16,0,8,8,implementation;test,reviewed-superseded-or-reference,Operations/Health/Rules/Profiles where focused; otherwise governance,734699555c091ba8c4b9113f66b2b753e4fd6e4d74fadc42921acfcb2c0943e4
230,mitmengine-master,loader,3,3,0,2,1,implementation;test,reviewed-superseded-or-reference,Operations/Health/Rules/Profiles where focused; otherwise governance,dc73a588819448bddd113d06a568e67657c1590a80874243c42718cf16db7938
230,mitmengine-master,reference_fingerprints,1437,63,0,52,0,configuration;fixture;implementation,behavior-refined,Operations/Health/Rules/Profiles where focused; otherwise governance,49d1b820bf567ab63f35b63c0525f8b01004178c9931870e6526241733d04ba6
230,mitmengine-master,root,10,7,0,2,1,configuration;documentation;implementation;repository-administration;test,reviewed-superseded-or-reference,Operations/Health/Rules/Profiles where focused; otherwise governance,52225bd4b0ead2ccdb44d474b514bbf8230c8ef298694534e2afadcd3eb54220
230,mitmengine-master,scripts,5,5,0,0,0,script,reviewed-superseded-or-reference,Operations/Health/Rules/Profiles where focused; otherwise governance,62669f37fb3911c0f2de82ddd77c6c613e7e6e484cb889281baf585a7fad03f7
230,mitmengine-master,testutil,1,1,0,1,0,implementation,reviewed-superseded-or-reference,Operations/Health/Rules/Profiles where focused; otherwise governance,aeeed675a64ebab5fc30cdaac03ab7e76f5bc848a62723d575fca39a1ab86f02
230,mitmproxy-main,.github,9,0,0,0,0,repository-administration,accounted-reference,Operations/Health/Rules/Profiles where focused; otherwise governance,1f7cbf1408bf4ad91bce417af189704bee8718645a4e0952f2fc1d701cb9e6b9
230,mitmproxy-main,docs/.gitignore,1,0,0,0,0,repository-administration,accounted-reference,Operations/Health/Rules/Profiles where focused; otherwise governance,be0ff64599d854f7a00dac3dee7001541d369aa9f48b18c085d7fbe0b217c44b
230,mitmproxy-main,docs/README.md,1,0,0,0,0,documentation,accounted-reference,Operations/Health/Rules/Profiles where focused; otherwise governance,6e4ff9de4e7e72adbc70f65dc33c097effaffefd753e98ddd6e6aba1ebe53558
230,mitmproxy-main,docs/bucketassets,2,0,0,0,0,documentation,accounted-reference,Operations/Health/Rules/Profiles where focused; otherwise governance,e0260cc6f54c4b1599cb6d7884c044a2b9b937685702894bbc59c392c291b5d1
230,mitmproxy-main,docs/build.py,1,0,0,0,0,documentation,accounted-reference,Operations/Health/Rules/Profiles where focused; otherwise governance,25ddecdfdc1c5041ed64afec4ca63949a924ab27e290cc2b298aa4b1ec149ac2
230,mitmproxy-main,docs/modd.conf,1,0,0,0,0,documentation,accounted-reference,Operations/Health/Rules/Profiles where focused; otherwise governance,3f23f3c3f2bde25f9dde4087f41cba1d18cd1763eefe56b220207265cac7100e
230,mitmproxy-main,docs/raw,13,0,0,0,0,documentation,accounted-reference,Operations/Health/Rules/Profiles where focused; otherwise governance,a99f157d4f3422a17d6d9db7eb8c92511630b63175aef12790a0c31c4299b406
230,mitmproxy-main,docs/scripts,14,0,0,0,0,documentation,accounted-reference,Operations/Health/Rules/Profiles where focused; otherwise governance,c9c3c184d65d3e2e8f40e95183ac63e00442e6cd5d997afb6d64ebc7ee815b7e
230,mitmproxy-main,docs/setup.sh,1,0,0,0,0,documentation,accounted-reference,Operations/Health/Rules/Profiles where focused; otherwise governance,28d9db456e0090becd6f4a4b19549d5b29515b803a8f7cefd2bce7752cf3180c
230,mitmproxy-main,docs/src,129,0,0,0,0,documentation,accounted-reference,Operations/Health/Rules/Profiles where focused; otherwise governance,135408e860607b6bc924a0fea8a87f6d9d7215e097e0fb7daf60b74376ab03d8
230,mitmproxy-main,docs/upload-archive.sh,1,0,0,0,0,documentation,accounted-reference,Operations/Health/Rules/Profiles where focused; otherwise governance,b9b9b29754e4a2c512ddfbc05d3bf7d9faddae4e6e1a1340453aea8f5b24e201
230,mitmproxy-main,docs/upload-stable.sh,1,0,0,0,0,documentation,accounted-reference,Operations/Health/Rules/Profiles where focused; otherwise governance,d348dd8ab1c104f3509943b9c261fcf1a768b892cbb7c2634e18121a11e63a88
230,mitmproxy-main,examples/README.md,1,0,0,0,0,documentation,accounted-reference,Operations/Health/Rules/Profiles where focused; otherwise governance,b567d214c9cffd57b2c3597a2a6b1da3c477f6c1bc049cc8beed431132d04bc4
230,mitmproxy-main,examples/addons,30,30,0,30,0,implementation,reviewed-superseded-or-reference,Operations/Health/Rules/Profiles where focused; otherwise governance,8ecaad929cfb232eef58a975e2e46ce043985f3195f2b156e6cde451c7083aea
230,mitmproxy-main,examples/contrib,41,40,0,40,0,documentation;implementation,reviewed-superseded-or-reference,Operations/Health/Rules/Profiles where focused; otherwise governance,fe44eb24ffaa555ba7a68135ff6c05c9eda61132e8b530212ef5ea69e8f56d2c
230,mitmproxy-main,examples/keys.yaml,1,1,0,0,0,configuration,reviewed-superseded-or-reference,Operations/Health/Rules/Profiles where focused; otherwise governance,d9c58fd7f7a1b6677dfb89b3a64602228757a9b2998b2f7595f6f1b6dc5a252a
230,mitmproxy-main,mitmproxy/__init__.py,1,1,0,1,0,implementation,reviewed-superseded-or-reference,Operations/Health/Rules/Profiles where focused; otherwise governance,5526a9390733828a1aded758cbed22d0fe7d9f3a34f464a675c1d53b2f6b1615
230,mitmproxy-main,mitmproxy/addonmanager.py,1,1,0,1,0,implementation,behavior-refined,Operations/Health/Rules/Profiles where focused; otherwise governance,b8a05892f1a9f0568e88d059e3aa85475c96457e940e15cd4f71e1c753fdb2a9
230,mitmproxy-main,mitmproxy/addons,55,47,4,43,0,implementation;media;ui-or-product,reviewed-superseded-or-reference,Operations/Health/Rules/Profiles where focused; otherwise governance,4de65914fdd8e2b2bfacbf024a7625efbeead05b4b42f772d960d767e07a1c16
230,mitmproxy-main,mitmproxy/certs.py,1,1,0,1,0,implementation,behavior-refined,Operations/Health/Rules/Profiles where focused; otherwise governance,0d0cc86467ed569e9a88b3e65e90e40991c27efe55c76c25aface5aea0ceb137
230,mitmproxy-main,mitmproxy/command.py,1,1,0,1,0,implementation,reviewed-superseded-or-reference,Operations/Health/Rules/Profiles where focused; otherwise governance,eae261e872696c4a95286c3fd51aaa4a90a5f286b28f8ec9ef8ddd5b0b11d175
230,mitmproxy-main,mitmproxy/command_lexer.py,1,1,0,1,0,implementation,reviewed-superseded-or-reference,Operations/Health/Rules/Profiles where focused; otherwise governance,fa9d65b5c0180fb258c42063e8c6dfea4c41204df361ffa165c0cbd1ef43f561
230,mitmproxy-main,mitmproxy/connection.py,1,1,0,1,0,implementation,reviewed-superseded-or-reference,Operations/Health/Rules/Profiles where focused; otherwise governance,83476b6d24f01a60cc5923b1e3121f568f844562d67e2a36a1f84478e70a2ef8
230,mitmproxy-main,mitmproxy/contentviews,24,24,0,24,0,implementation,reviewed-superseded-or-reference,Operations/Health/Rules/Profiles where focused; otherwise governance,a5a628239111fe53db8694ccd2df514347d5acaa2ab52e4e2f5baeed904d1673
230,mitmproxy-main,mitmproxy/contrib,27,24,0,23,0,documentation;implementation;repository-administration;script,reviewed-superseded-or-reference,Operations/Health/Rules/Profiles where focused; otherwise governance,cdcaffc5ffe1a97d67db34a1568e20f596d26a1f7abe09eab27b8eb431a89e82
230,mitmproxy-main,mitmproxy/coretypes,4,4,0,4,0,implementation,reviewed-superseded-or-reference,Operations/Health/Rules/Profiles where focused; otherwise governance,93ad3146400984f4a74127ae5fa415d05b6a376be73f603949349afde7577bc0
230,mitmproxy-main,mitmproxy/ctx.py,1,1,0,1,0,implementation,reviewed-superseded-or-reference,Operations/Health/Rules/Profiles where focused; otherwise governance,6151ef9a4786ef8801632240372e3570825126880dea843132809ce3acb649d6
230,mitmproxy-main,mitmproxy/dns.py,1,1,0,1,0,implementation,reviewed-superseded-or-reference,Operations/Health/Rules/Profiles where focused; otherwise governance,de29b6b5a82d4b181d621a7c86a4720dd12101fd58518308319075a1e0cea55f
230,mitmproxy-main,mitmproxy/eventsequence.py,1,1,0,1,0,implementation,reviewed-superseded-or-reference,Operations/Health/Rules/Profiles where focused; otherwise governance,44573a2262754ebda42b43283674f7706dd0a9e29f4b84d0f5cdba1c994d4f07
230,mitmproxy-main,mitmproxy/exceptions.py,1,1,0,1,0,implementation,reviewed-superseded-or-reference,Operations/Health/Rules/Profiles where focused; otherwise governance,66fc6f358230fa34e9f6ee7e6d1c0fb8fcab7e5f5d82b5e1d3df2941c5564e48
230,mitmproxy-main,mitmproxy/flow.py,1,1,0,1,0,implementation,reviewed-superseded-or-reference,Operations/Health/Rules/Profiles where focused; otherwise governance,c15b1633ada245c3a63716bbdf651322be306cd0bb72f0f0f20716586cf699f2
230,mitmproxy-main,mitmproxy/flowfilter.py,1,1,0,1,0,implementation,behavior-refined,Operations/Health/Rules/Profiles where focused; otherwise governance,ff4bd513c2f227fb24d6c802a957fc187ecbe93c9c5a7a86c9433f8008805032
230,mitmproxy-main,mitmproxy/hooks.py,1,1,0,1,0,implementation,reviewed-superseded-or-reference,Operations/Health/Rules/Profiles where focused; otherwise governance,afd2f3b8835a25830bda09ae474729a3daa04c9d0bb9f8164f1cd90c272f63ab
230,mitmproxy-main,mitmproxy/http.py,1,1,0,1,0,implementation,reviewed-superseded-or-reference,Operations/Health/Rules/Profiles where focused; otherwise governance,7c9ebeca8daeaf68f4e63a19b0371240d4b0487b6983120e9373f9877d3aadf0
230,mitmproxy-main,mitmproxy/io,5,5,0,5,0,implementation,reviewed-superseded-or-reference,Operations/Health/Rules/Profiles where focused; otherwise governance,0af8edb5108a7cb7b9f2d2005ad6b1ef920152699b82358c7e2ddc164ea1277d
230,mitmproxy-main,mitmproxy/log.py,1,1,0,1,0,implementation,reviewed-superseded-or-reference,Operations/Health/Rules/Profiles where focused; otherwise governance,5672e22f8e9b9dfd6ec0eb7ce5bbc927bd78b2d75968c64e0dc25039d955d827
230,mitmproxy-main,mitmproxy/master.py,1,1,0,1,0,implementation,reviewed-superseded-or-reference,Operations/Health/Rules/Profiles where focused; otherwise governance,ac6978ee0475fb2eaa18385dfce1b67c3548706af2df342177f944196c5036bc
230,mitmproxy-main,mitmproxy/net,25,25,0,25,0,implementation,reviewed-superseded-or-reference,Operations/Health/Rules/Profiles where focused; otherwise governance,9fcd65aaf8ac84d675b24143af0b5e94582f02f9e0d52dc880b8eb2176274cbc
230,mitmproxy-main,mitmproxy/options.py,1,1,0,1,0,implementation,reviewed-superseded-or-reference,Operations/Health/Rules/Profiles where focused; otherwise governance,afa4ff3701d6cf9dab92fc3c27abfa9e9f0fb4a84e7a778b21490928a9c037c9
230,mitmproxy-main,mitmproxy/optmanager.py,1,1,0,1,0,implementation,reviewed-superseded-or-reference,Operations/Health/Rules/Profiles where focused; otherwise governance,fb0b9d77c7a09c81247554f9af96e07eec528add1aa959dedf476ba272304a51
230,mitmproxy-main,mitmproxy/platform,6,6,0,6,0,implementation,reviewed-superseded-or-reference,Operations/Health/Rules/Profiles where focused; otherwise governance,bf5fc34e9ae243db68e844eb429f58e0285f12442dfc62e21250fecaa2cb6f0c
230,mitmproxy-main,mitmproxy/proxy,35,35,0,35,0,implementation,reviewed-superseded-or-reference,Operations/Health/Rules/Profiles where focused; otherwise governance,75d62f60083080b5d81ff5b391b0e2ad295426d97cebf4b714755d4906ed8b74
230,mitmproxy-main,mitmproxy/py.typed,1,1,0,1,0,implementation,reviewed-superseded-or-reference,Operations/Health/Rules/Profiles where focused; otherwise governance,acfc1bee3e49edc43de3ddc3a778b38eeeb5475d96226daf897b5fd82eabba79
230,mitmproxy-main,mitmproxy/script,2,2,0,0,0,script,reviewed-superseded-or-reference,Operations/Health/Rules/Profiles where focused; otherwise governance,f9cf18237ada7073016f83703442689bd6e9d547804a96ff5eaced7621270faf
230,mitmproxy-main,mitmproxy/tcp.py,1,1,0,1,0,implementation,reviewed-superseded-or-reference,Operations/Health/Rules/Profiles where focused; otherwise governance,81883037ab0515fb89ff65c2dc656200ddc13b41b031162cf15ffab568953c77
230,mitmproxy-main,mitmproxy/test,3,3,0,0,3,test,reviewed-superseded-or-reference,Operations/Health/Rules/Profiles where focused; otherwise governance,0671b38d2f61362ed45d525c20009bd5a606a9ffef8cfea9e91762d73f3f0a16
230,mitmproxy-main,mitmproxy/tls.py,1,1,0,1,0,implementation,reviewed-superseded-or-reference,Operations/Health/Rules/Profiles where focused; otherwise governance,681f86dc5aea2966a1728139d9263c3fea817c636b4c22d3d200b5e841e332f4
230,mitmproxy-main,mitmproxy/tools,55,55,18,0,0,script;ui-or-product,behavior-refined,Operations/Health/Rules/Profiles where focused; otherwise governance,0531ad3c8d861f67e5afa13c6496074a679bcde00e1ff40498c5a148b45e0aeb
230,mitmproxy-main,mitmproxy/types.py,1,1,0,1,0,implementation,reviewed-superseded-or-reference,Operations/Health/Rules/Profiles where focused; otherwise governance,d17f5d16b9b33663cc428f664b008f2bf426cb028794b19cd0346ef49e5fbf63
230,mitmproxy-main,mitmproxy/udp.py,1,1,0,1,0,implementation,reviewed-superseded-or-reference,Operations/Health/Rules/Profiles where focused; otherwise governance,108dd453d78066741c712f28a4bdc79734da01d8ad3bf1928a0078c9d3d6d30a
230,mitmproxy-main,mitmproxy/utils,19,19,0,19,0,implementation,reviewed-superseded-or-reference,Operations/Health/Rules/Profiles where focused; otherwise governance,400afa928f29aaf6cacdec0a6e90d624246e0ec29de2350a8eb9fdc8d7f8a225
230,mitmproxy-main,mitmproxy/version.py,1,1,0,1,0,implementation,reviewed-superseded-or-reference,Operations/Health/Rules/Profiles where focused; otherwise governance,ce31ca1e14ef19041ce81e0f22cc2f758d6f34cffb9699e20c20270a6b66d1f5
230,mitmproxy-main,mitmproxy/websocket.py,1,1,0,1,0,implementation,reviewed-superseded-or-reference,Operations/Health/Rules/Profiles where focused; otherwise governance,a0352dfd0c447c3e7517c05153fba86f693233fb2c2ff4125f96432722e280bf
230,mitmproxy-main,release/.gitignore,1,0,0,0,0,repository-administration,accounted-reference,Operations/Health/Rules/Profiles where focused; otherwise governance,29bdd16dc2ec40e914b91e74306f5e6388e66fd0776b447edb20305528b427f6
230,mitmproxy-main,release/README.md,1,0,0,0,0,documentation,accounted-reference,Operations/Health/Rules/Profiles where focused; otherwise governance,3abd501837ca955c78a1bd8abcab9c776ff6514be6f5570b5987b0a7bbf4f5a8
230,mitmproxy-main,release/build.py,1,1,0,0,0,deployment,reviewed-superseded-or-reference,Operations/Health/Rules/Profiles where focused; otherwise governance,d5de59cf5b4c793a1e0f2c4e51a561bafed87baac8ec44080ffe23f9d0ff270e
230,mitmproxy-main,release/deploy-microsoft-store.py,1,1,0,0,0,deployment,reviewed-superseded-or-reference,Operations/Health/Rules/Profiles where focused; otherwise governance,93e457f40461a329187b11d7722051ac2ff041a0d97a3b77d3f097a492ad6248
230,mitmproxy-main,release/deploy.py,1,1,0,0,0,deployment,reviewed-superseded-or-reference,Operations/Health/Rules/Profiles where focused; otherwise governance,514a68104a01cfe65954887e2d83f210cbbf7bd9d7f481a5847f86625000068a
230,mitmproxy-main,release/docker,4,2,0,0,0,deployment;documentation,reviewed-superseded-or-reference,Operations/Health/Rules/Profiles where focused; otherwise governance,896a2aa91c08686894f7cbe2d8ff25590c26e9dc9bec39d75da4c85ce9d7aa30
230,mitmproxy-main,release/github-release-notes.txt,1,1,0,0,0,deployment,reviewed-superseded-or-reference,Operations/Health/Rules/Profiles where focused; otherwise governance,0dc2b35ddc477d7239c53de13a55be9f14eb330bce6250cead294d96337f6fcb
230,mitmproxy-main,release/installbuilder,8,6,0,0,0,deployment;repository-administration,reviewed-superseded-or-reference,Operations/Health/Rules/Profiles where focused; otherwise governance,3de5487ed9866cbb8c97069c504797481895b63b74289c936652dc5b17d84821
230,mitmproxy-main,release/release.py,1,1,0,0,0,deployment,reviewed-superseded-or-reference,Operations/Health/Rules/Profiles where focused; otherwise governance,5600929c56d4440a2f1bd2d027910b99136f8762253cbec39d2514387cfc0439
230,mitmproxy-main,release/selftest.py,1,1,0,0,0,deployment,reviewed-superseded-or-reference,Operations/Health/Rules/Profiles where focused; otherwise governance,87702db6a7d00704c4806669cf811ac2e0e239216c63a717a3be874154bcebff
230,mitmproxy-main,release/specs,9,9,0,0,0,deployment,reviewed-superseded-or-reference,Operations/Health/Rules/Profiles where focused; otherwise governance,7c93116e96ac569fd012adc338f426c6e1f1ccd2d5189d5f6d524501d83c3dc1
230,mitmproxy-main,release/windows-installer,4,4,0,0,0,deployment,reviewed-superseded-or-reference,Operations/Health/Rules/Profiles where focused; otherwise governance,eb0996dbca4094c87c91fec011db460287f290e6ee869043d48535c0031db2ac
230,mitmproxy-main,root,13,4,0,2,0,configuration;documentation;implementation;repository-administration,reviewed-superseded-or-reference,Operations/Health/Rules/Profiles where focused; otherwise governance,f1e542869e3fc786ad94dd711a5da2dd0706afd3513947b835db8905955ab203
230,mitmproxy-main,test/__init__.py,1,1,0,0,1,test,reviewed-superseded-or-reference,Operations/Health/Rules/Profiles where focused; otherwise governance,cbcf426a46a4801cf1fe34d9d6725cc083f4fc012b828f2b8f7b84b280cd3ddc
230,mitmproxy-main,test/bench,5,5,0,0,5,test,reviewed-superseded-or-reference,Operations/Health/Rules/Profiles where focused; otherwise governance,f41d2ab6ca2bef36a159a798cf87e6b1ebc10bc614adcbb69d2151d78884ea35
230,mitmproxy-main,test/conftest.py,1,1,0,0,1,test,reviewed-superseded-or-reference,Operations/Health/Rules/Profiles where focused; otherwise governance,b1f242425cc2f50b7304aca8f1d8283fa961c494bfa7ed806eaf5616b9b68ac2
230,mitmproxy-main,test/examples,2,2,0,0,2,test,reviewed-superseded-or-reference,Operations/Health/Rules/Profiles where focused; otherwise governance,23d404d696291f2105b85a0181a038f91d3cae2664ee0050806f188203ad3021
230,mitmproxy-main,test/filename_matching.py,1,1,0,0,1,test,reviewed-superseded-or-reference,Operations/Health/Rules/Profiles where focused; otherwise governance,1d13c4c705955659c69cefadf998d388d4dba8f77a32512dccf464569f3d6b7e
230,mitmproxy-main,test/helper_tools,10,10,0,0,10,test,reviewed-superseded-or-reference,Operations/Health/Rules/Profiles where focused; otherwise governance,581f666f645a9f1789a960bb502fad99c2eb2b331d99844076cbb327124c9944
230,mitmproxy-main,test/individual_coverage.py,1,1,0,0,1,test,reviewed-superseded-or-reference,Operations/Health/Rules/Profiles where focused; otherwise governance,fd6711f15dbf2259c574ca707038f7705ddb6a92b9fb4a9515f903091e9c5260
230,mitmproxy-main,test/mitmproxy,397,358,0,0,358,fixture;test,reviewed-superseded-or-reference,Operations/Health/Rules/Profiles where focused; otherwise governance,ed752c798869bdfbd2d9229497013d254f6a29241baa1a5a428fca783944bd85
230,mitmproxy-main,test/run-tests-offline.sh,1,1,0,0,1,test,reviewed-superseded-or-reference,Operations/Health/Rules/Profiles where focused; otherwise governance,88483df2892eb0d4d4bd32e5411b5766d02e5db920ef205983d9ed07672b17d5
230,mitmproxy-main,test/wg-test-client,7,7,0,0,7,test,reviewed-superseded-or-reference,Operations/Health/Rules/Profiles where focused; otherwise governance,a0de8aaaa094d77a5f56359dcb2cc8208932c1e67159498d4fbe4ed6aea19393
230,mitmproxy-main,web,19,17,17,0,0,documentation;repository-administration;ui-or-product,reviewed-superseded-or-reference,Operations/Health/Rules/Profiles where focused; otherwise governance,5c1ffa7484d120e1f34b25cd7fa2374a1ae53acd18fbe8d1f6ca7d8e654ab6a4
230,mitmproxy-main,web/src/css,18,18,18,0,0,ui-or-product,reviewed-superseded-or-reference,Operations/Health/Rules/Profiles where focused; otherwise governance,eb9a46f541092c4d2551234923cf043186d769d446c5a0874d26661d5754d340
230,mitmproxy-main,web/src/images,17,16,16,0,0,repository-administration;ui-or-product,reviewed-superseded-or-reference,Operations/Health/Rules/Profiles where focused; otherwise governance,3b89093f835349a558762efee3daf818f7158b1203410be71c9a72b82045b495
230,mitmproxy-main,web/src/js,245,244,244,0,0,documentation;ui-or-product,reviewed-superseded-or-reference,Operations/Health/Rules/Profiles where focused; otherwise governance,769ec9c0fc5b328bb3dfa572e1a332e4a856d01290b4a668cc769c4e99ee9052
230,pion-dtls-main,.github,13,0,0,0,0,repository-administration,accounted-reference,Operations/Health/Rules/Profiles where focused; otherwise governance,3c30e944fe7e51d7de0494ed9381e277687602644755a9a401d406cee281f3bb
230,pion-dtls-main,.reuse,1,1,0,1,0,implementation,reviewed-superseded-or-reference,Operations/Health/Rules/Profiles where focused; otherwise governance,28ffded4e180e853341963458c7d656538e5cb57323e8ad4c1832337d564fca2
230,pion-dtls-main,LICENSES,2,2,0,2,0,implementation,reviewed-superseded-or-reference,Operations/Health/Rules/Profiles where focused; otherwise governance,ed4568b2b861bc2d9a1b934a4cbca0ddc2bdcd993901d0ecdd2d71487998524f
230,pion-dtls-main,e2e,5,5,0,0,5,test,reviewed-superseded-or-reference,Operations/Health/Rules/Profiles where focused; otherwise governance,57f9e5c67ac82ee9b198710bde9edc0b5aaa3be1bf9f851db2dd4a8bc44b3d99
230,pion-dtls-main,examples,16,15,0,15,0,documentation;implementation,reviewed-superseded-or-reference,Operations/Health/Rules/Profiles where focused; otherwise governance,78b0c46481fe6677a66c94b4cc054ad9d6796e2988034572ecd89a2cef36d705
230,pion-dtls-main,internal/ciphersuite,20,20,0,20,0,implementation,reviewed-superseded-or-reference,Operations/Health/Rules/Profiles where focused; otherwise governance,da91f4ac621aa2589af9c8a30d50d344d40409a8bf63be177e8d833859fdd21f
230,pion-dtls-main,internal/closer,1,1,0,1,0,implementation,reviewed-superseded-or-reference,Operations/Health/Rules/Profiles where focused; otherwise governance,f3d7959dd2113771e360b054234314002095e12aca88676da5c92903baf3a5b4
230,pion-dtls-main,internal/net,4,4,0,2,2,implementation;test,reviewed-superseded-or-reference,Operations/Health/Rules/Profiles where focused; otherwise governance,b6c47742b915249804411924550701240c80a5b3abefaee71f1b08bd1552641e
230,pion-dtls-main,internal/util,2,2,0,1,1,implementation;test,reviewed-superseded-or-reference,Operations/Health/Rules/Profiles where focused; otherwise governance,28641db596e520c4003ccf6d859810372ceac15b6d2f4ae36a4a4f57b26561a4
230,pion-dtls-main,pkg/crypto/ccm,2,2,0,1,1,implementation;test,reviewed-superseded-or-reference,Operations/Health/Rules/Profiles where focused; otherwise governance,8f9fb0ea3c135730e099d7082a4ce15b57841b34d835403b09dff39e65ad92d8
230,pion-dtls-main,pkg/crypto/ciphersuite,12,11,0,4,7,documentation;implementation;test,reviewed-superseded-or-reference,Operations/Health/Rules/Profiles where focused; otherwise governance,6e513b335e0dec95e0f87918d85345a7cb1954414611b11572ae15b6627f29cc
230,pion-dtls-main,pkg/crypto/clientcertificate,1,1,0,1,0,implementation,reviewed-superseded-or-reference,Operations/Health/Rules/Profiles where focused; otherwise governance,394917259a1b45b4b4ea2e7a48a9677700a78417155bbeff10d29108edd45742
230,pion-dtls-main,pkg/crypto/elliptic,2,2,0,1,1,implementation;test,reviewed-superseded-or-reference,Operations/Health/Rules/Profiles where focused; otherwise governance,88340c5837324d27a148776e66a82111f6f392334d96b2c1ad1e24f1dca3bdcd
230,pion-dtls-main,pkg/crypto/fingerprint,4,4,0,2,2,implementation;test,reviewed-superseded-or-reference,Operations/Health/Rules/Profiles where focused; otherwise governance,c9cccea9954c2c53885b9b46ba28b8a624daa1fd3c91107fb244c2ea35ab143e
230,pion-dtls-main,pkg/crypto/hash,2,2,0,1,1,implementation;test,reviewed-superseded-or-reference,Operations/Health/Rules/Profiles where focused; otherwise governance,2c38cc7c0d59008159d07c4bdd92f5d44e729ede5432917d3d51c69a9e69e549
230,pion-dtls-main,pkg/crypto/prf,2,2,0,1,1,implementation;test,reviewed-superseded-or-reference,Operations/Health/Rules/Profiles where focused; otherwise governance,6cac5b8aa8381c94b70552baba25af6eb8dbf651975894c96678c1e9e7ccdc00
230,pion-dtls-main,pkg/crypto/selfsign,1,1,0,1,0,implementation,reviewed-superseded-or-reference,Operations/Health/Rules/Profiles where focused; otherwise governance,b81e52d4ed45830d1e9794df1b566d1e982bb4478b0821084115f204507cf2d3
230,pion-dtls-main,pkg/crypto/signature,2,2,0,1,1,implementation;test,reviewed-superseded-or-reference,Operations/Health/Rules/Profiles where focused; otherwise governance,e0627369b3dd603542936ac5dbf86e2f9dc3ffa208365e11db558cbb5889f463
230,pion-dtls-main,pkg/crypto/signaturehash,6,6,0,4,2,implementation;test,reviewed-superseded-or-reference,Operations/Health/Rules/Profiles where focused; otherwise governance,566ef39800bc66f928f83fb6d59282369b904a0487fbe39f32f22af7182e086f
230,pion-dtls-main,pkg/net/net.go,1,1,0,1,0,implementation,reviewed-superseded-or-reference,Operations/Health/Rules/Profiles where focused; otherwise governance,a7c3cb7c24276ea645b14f4ca22e929b4fb8341788eaafded25d5aa2c2805f7c
230,pion-dtls-main,pkg/protocol/alert,2,2,0,1,1,implementation;test,reviewed-superseded-or-reference,Operations/Health/Rules/Profiles where focused; otherwise governance,b22167eaec5bbdf6c5d1c7e864bc85285e15d372967b2e1dbfd75eda4f5d509c
230,pion-dtls-main,pkg/protocol/application_data.go,1,1,0,1,0,implementation,reviewed-superseded-or-reference,Operations/Health/Rules/Profiles where focused; otherwise governance,71e2dd9b1c601b68f14431412ad27fa3b9bd7f45cafc35270443e808bfb23f68
230,pion-dtls-main,pkg/protocol/change_cipher_spec.go,1,1,0,1,0,implementation,reviewed-superseded-or-reference,Operations/Health/Rules/Profiles where focused; otherwise governance,1f6caea07c35047c2e352f64f460977e5b07c6bef3597348116302cc37e63f1c
230,pion-dtls-main,pkg/protocol/change_cipher_spec_test.go,1,1,0,0,1,test,reviewed-superseded-or-reference,Operations/Health/Rules/Profiles where focused; otherwise governance,8d236f6270c644a2b4f146a1f06053b63246107d552ebb1c3ce1d324fabafc35
230,pion-dtls-main,pkg/protocol/compression_method.go,1,1,0,1,0,implementation,reviewed-superseded-or-reference,Operations/Health/Rules/Profiles where focused; otherwise governance,67ef8d85052f26bd9af7c90509cf94d579a64b4deff9f22cef4efc7970e152e5
230,pion-dtls-main,pkg/protocol/compression_method_test.go,1,1,0,0,1,test,reviewed-superseded-or-reference,Operations/Health/Rules/Profiles where focused; otherwise governance,9cdf7645ff036f7b0f87a4265c60a233a010256be074854846c237ab40b1c51c
230,pion-dtls-main,pkg/protocol/content.go,1,1,0,1,0,implementation,reviewed-superseded-or-reference,Operations/Health/Rules/Profiles where focused; otherwise governance,9dc91dc78c513462d79cddfc969dc14e867475e1932a14dfc75479edbc74e339
230,pion-dtls-main,pkg/protocol/errors.go,1,1,0,1,0,implementation,reviewed-superseded-or-reference,Operations/Health/Rules/Profiles where focused; otherwise governance,f067ccc860423ed165fa0dbadfce1b01f67d7aa4dd58bf689f10ef943b1f5baf
230,pion-dtls-main,pkg/protocol/extension,37,35,0,19,16,fixture;implementation;test,reviewed-superseded-or-reference,Operations/Health/Rules/Profiles where focused; otherwise governance,b08e9b0458b9fb6301bb666fc33fc7c2d54a0723e788dcfe3742ac11a2d4bedd
230,pion-dtls-main,pkg/protocol/handshake,31,31,0,17,14,implementation;test,reviewed-superseded-or-reference,Operations/Health/Rules/Profiles where focused; otherwise governance,122e031f3b1432e079a6658098cae64cbbeffb91eb4d41947ef6c9be854e5ed6
230,pion-dtls-main,pkg/protocol/recordlayer,200,5,0,4,1,fixture;implementation;test,reviewed-superseded-or-reference,Operations/Health/Rules/Profiles where focused; otherwise governance,5d55fd9a1969ac7fceb5cd39abb06b91ce40dac6acaf1c8af0c898373e07454b
230,pion-dtls-main,pkg/protocol/version.go,1,1,0,1,0,implementation,reviewed-superseded-or-reference,Operations/Health/Rules/Profiles where focused; otherwise governance,6a9188ad38710fbafc4a0ce91f36d61680f2ae9d7a515a86367571dc7151f0b2
230,pion-dtls-main,pkg/protocol/version_test.go,1,1,0,0,1,test,reviewed-superseded-or-reference,Operations/Health/Rules/Profiles where focused; otherwise governance,fcf20f08069808103bdf5e4d3258d45a871ff62c263daaee80e394734fde3875
230,pion-dtls-main,root,67,63,0,34,23,configuration;documentation;implementation;repository-administration;test,behavior-refined,Operations/Health/Rules/Profiles where focused; otherwise governance,599a2ed829f5c500d2ad25f7be7bd83b4907492bacc296a810b5b91cddc86c48
230,pion-dtls-main,testdata,2,0,0,0,0,fixture,accounted-reference,Operations/Health/Rules/Profiles where focused; otherwise governance,dcc76d6ea23d03ba4818f0fb326d6d94b6bb4747995e09f17522dd368d17c5e8
230,probe-legacy-master,.github,1,0,0,0,0,repository-administration,accounted-reference,Operations/Health/Rules/Profiles where focused; otherwise governance,c3a338db84fdb8482f42b0eb3c39e9aa07c33b23225e7c1a565be8fa96032d59
230,probe-legacy-master,data,12,12,0,8,0,configuration;implementation,reviewed-superseded-or-reference,Operations/Health/Rules/Profiles where focused; otherwise governance,5d03323ba6deeeed2ba91f1bbf7a5bbce8420af9ba9682b8ad960efdf09653ad
230,probe-legacy-master,docs,46,15,0,0,15,documentation;repository-administration;test,reviewed-superseded-or-reference,Operations/Health/Rules/Profiles where focused; otherwise governance,ff319f0bb51f9980b2abe08990343428e548a4fc840bd40f7693c3988ba184d9
230,probe-legacy-master,ooni/__init__.py,1,1,0,1,0,implementation,reviewed-superseded-or-reference,Operations/Health/Rules/Profiles where focused; otherwise governance,9fc2a6ebba7c874874462518046a4804811919479ca936b77d5848ee9701e0f5
230,probe-legacy-master,ooni/agent,3,3,0,3,0,implementation,reviewed-superseded-or-reference,Operations/Health/Rules/Profiles where focused; otherwise governance,689e04d6800c5ff526a9bb873c80600a60a7a64786c18c6f261652f8f7554a49
230,probe-legacy-master,ooni/backend_client.py,1,1,0,1,0,implementation,reviewed-superseded-or-reference,Operations/Health/Rules/Profiles where focused; otherwise governance,68fe5efc0bbbc19ae1bda0283129b9d7f4b5efa5d8251a7a8ff45fcdd3ff77ea
230,probe-legacy-master,ooni/common,5,5,0,5,0,implementation,reviewed-superseded-or-reference,Operations/Health/Rules/Profiles where focused; otherwise governance,44a7bcc8b76a9d58ad6de9508e2f314620be20a08f63ebea5380f62eaf439529
230,probe-legacy-master,ooni/constants.py,1,1,0,1,0,implementation,reviewed-superseded-or-reference,Operations/Health/Rules/Profiles where focused; otherwise governance,7fd65f8dca53b2b5cdbc1d61ac37a76c055521465a957a204c4fd784ace1d2eb
230,probe-legacy-master,ooni/contrib,8,8,0,8,0,implementation,reviewed-superseded-or-reference,Operations/Health/Rules/Profiles where focused; otherwise governance,cdeac0761fc5a4c8b72bb98ed1b55715047705347e66ac80008909c26fe3d389
230,probe-legacy-master,ooni/deck,5,5,0,5,0,implementation,reviewed-superseded-or-reference,Operations/Health/Rules/Profiles where focused; otherwise governance,39feaa086bc993d9910ad80a117dcb11f613129c87b8ba88d3a0e8ed16d07029
230,probe-legacy-master,ooni/director.py,1,1,0,1,0,implementation,reviewed-superseded-or-reference,Operations/Health/Rules/Profiles where focused; otherwise governance,819edc3e0b34c294510b65cb7c51759bc7d2d1860381876e56d49937b2cfcace
230,probe-legacy-master,ooni/errors.py,1,1,0,1,0,implementation,reviewed-superseded-or-reference,Operations/Health/Rules/Profiles where focused; otherwise governance,94be9f9f955a78799d8959a1c42cf1d663c9a6aaa29d5cd36784dfee04e06f8d
230,probe-legacy-master,ooni/geoip.py,1,1,0,1,0,implementation,reviewed-superseded-or-reference,Operations/Health/Rules/Profiles where focused; otherwise governance,69365d44275d34f4a96fb2febeefdd86d11c9c2652927595dcec6e01351e5572
230,probe-legacy-master,ooni/kit,3,3,0,3,0,implementation,reviewed-superseded-or-reference,Operations/Health/Rules/Profiles where focused; otherwise governance,1ff906e5e26857b8c267e34ccd6f4fb9e47da9e4fd42456f5afbcd2a2fe71b0b
230,probe-legacy-master,ooni/managers.py,1,1,0,1,0,implementation,reviewed-superseded-or-reference,Operations/Health/Rules/Profiles where focused; otherwise governance,644506e8ca6716bcda66f4d9cbec0f13e2666fa75368e6136e9f866f2a5616c8
230,probe-legacy-master,ooni/measurements.py,1,1,0,1,0,implementation,behavior-refined,Operations/Health/Rules/Profiles where focused; otherwise governance,6a51e4fd39e3f874beeda6aa68a4dabcab1658867758238dcbf02c5edd4c194a
230,probe-legacy-master,ooni/nettest.py,1,1,0,1,0,implementation,reviewed-superseded-or-reference,Operations/Health/Rules/Profiles where focused; otherwise governance,217c46abe8b2704c2dad8452a463fba147374ea49e7b72f752a6a065d37fa64f
230,probe-legacy-master,ooni/nettests/__init__.py,1,1,0,1,0,implementation,reviewed-superseded-or-reference,Operations/Health/Rules/Profiles where focused; otherwise governance,5f77ab19c2b883913bab64da164ec21b1605dac858d6a9f7b3a34208657b805f
230,probe-legacy-master,ooni/nettests/blocking,11,11,0,11,0,implementation,behavior-refined,Operations/Health/Rules/Profiles where focused; otherwise governance,5bf81d6d8a87202c4b75386fabf370a6f62125819109a59c711166bb57c78c73
230,probe-legacy-master,ooni/nettests/examples,13,13,0,13,0,implementation,reviewed-superseded-or-reference,Operations/Health/Rules/Profiles where focused; otherwise governance,ed75063acbeb67b432ba49da5f10ea7f454bc1570b26672d7ad2bdb80524a88f
230,probe-legacy-master,ooni/nettests/experimental,16,16,0,16,0,implementation,reviewed-superseded-or-reference,Operations/Health/Rules/Profiles where focused; otherwise governance,ecd54740a77dd87e6597d945f8b27e7dbafc9803aba4cbff92a997263dea005a
230,probe-legacy-master,ooni/nettests/manipulation,7,7,0,7,0,implementation,reviewed-superseded-or-reference,Operations/Health/Rules/Profiles where focused; otherwise governance,ae6819d5a7998bd90f6a316a1038e35c6267f1a5976fda3eb0377773a5655a55
230,probe-legacy-master,ooni/nettests/scanning,2,2,0,2,0,implementation,reviewed-superseded-or-reference,Operations/Health/Rules/Profiles where focused; otherwise governance,97a3964e326ce4f03bd0da7fb145fd7a39b80798578b3e4647867f40bdd7b2dc
230,probe-legacy-master,ooni/nettests/third_party,7,0,0,0,0,vendored,accounted-reference,Operations/Health/Rules/Profiles where focused; otherwise governance,6549b7bee3b3dd1f4e094695c674633eaf2ac3a446548d9bffbad57351b8b70c
230,probe-legacy-master,ooni/otime.py,1,1,0,1,0,implementation,reviewed-superseded-or-reference,Operations/Health/Rules/Profiles where focused; otherwise governance,34a165d3dba9f2b32114cf31e376c0b1f28c8a5e1ec69dd1dc9eb67a4a7b7410
230,probe-legacy-master,ooni/reporter.py,1,1,0,1,0,implementation,reviewed-superseded-or-reference,Operations/Health/Rules/Profiles where focused; otherwise governance,bb49fb6b238aef88bda581777bb85f02bc7583de7446cd67e97ee6a4297bde4b
230,probe-legacy-master,ooni/resources.py,1,1,0,1,0,implementation,reviewed-superseded-or-reference,Operations/Health/Rules/Profiles where focused; otherwise governance,35bec3620961cd2a7fffc75c6f0a1cb897ef7473db6b8dd66b1762d0e1dc0a1c
230,probe-legacy-master,ooni/scripts,6,6,0,0,0,script,reviewed-superseded-or-reference,Operations/Health/Rules/Profiles where focused; otherwise governance,bae337e5498bd5a2a78b44570b07c57ef2fc801ad4f963ae49827b82919f5156
230,probe-legacy-master,ooni/settings.py,1,1,0,1,0,implementation,reviewed-superseded-or-reference,Operations/Health/Rules/Profiles where focused; otherwise governance,acb5fae7fb4f54f929d737231e1f2ece022508551f6b0956244c828672a373ea
230,probe-legacy-master,ooni/tasks.py,1,1,0,1,0,implementation,reviewed-superseded-or-reference,Operations/Health/Rules/Profiles where focused; otherwise governance,02d0d0a80010509a3396a336017aab634705c91e011ed250fda63cb35cdbc942
230,probe-legacy-master,ooni/templates,6,6,0,6,0,implementation,reviewed-superseded-or-reference,Operations/Health/Rules/Profiles where focused; otherwise governance,fc20fa07c50c30b1d7fde81874759d86feba91b8e2e1da84d2ac0a7467df4f12
230,probe-legacy-master,ooni/tests,28,28,0,0,28,test,reviewed-superseded-or-reference,Operations/Health/Rules/Profiles where focused; otherwise governance,42a04374c334bbdfece36cc79b58ee0e470c3f5c81058338c0a99be3b5de48b7
230,probe-legacy-master,ooni/ui,47,46,46,0,0,documentation;ui-or-product,reviewed-superseded-or-reference,Operations/Health/Rules/Profiles where focused; otherwise governance,4dd13aac1b805946c9abba3e854c62f9046534c22be746fedc812883be6d7dab
230,probe-legacy-master,ooni/utils,7,7,0,7,0,implementation,reviewed-superseded-or-reference,Operations/Health/Rules/Profiles where focused; otherwise governance,a9b012231878018b81c63355b0e699d61a1a0606cce4685046e3bafe01fe7fd2
230,probe-legacy-master,root,20,12,0,6,0,configuration;deployment;documentation;implementation;repository-administration,reviewed-superseded-or-reference,Operations/Health/Rules/Profiles where focused; otherwise governance,b63d54f625784fc7885cf1c0a50e54c947ae786f7867b41b90fbdcb8c0ab1968
230,probe-legacy-master,scripts,17,17,0,1,2,configuration;deployment;implementation;script;test,reviewed-superseded-or-reference,Operations/Health/Rules/Profiles where focused; otherwise governance,08df19d2aa6f8f933b7d4147d64a00d304685755388b33b28045c21f4934c363
230,probe-legacy-master,secrets,1,1,0,1,0,implementation,reviewed-superseded-or-reference,Operations/Health/Rules/Profiles where focused; otherwise governance,fcc9b3cca1733ad98110518e99f451d97da22f1f79148e2bada2b51aff77bd67
230,probe-legacy-master,var,16,15,0,15,0,documentation;implementation,reviewed-superseded-or-reference,Operations/Health/Rules/Profiles where focused; otherwise governance,b7efdcc6f5cb044b25cb8fdf643e58581d28763ccbfd281a63e7b49e3ce4d6dc
230,qjs-master,.github,1,0,0,0,0,repository-administration,accounted-reference,Operations/Health/Rules/Profiles where focused; otherwise governance,2a8ffa285fe751699fd505f2a14e549591454ee2529ce2bae6cb989225859f96
230,qjs-master,qjswasm,7,7,0,7,0,implementation,reviewed-superseded-or-reference,Operations/Health/Rules/Profiles where focused; otherwise governance,87913d4291e573dc5736cf1a7c51e4f4ee72d91fa2bea69cce6798f83008a9ce
230,qjs-master,root,43,39,0,16,16,configuration;documentation;implementation;repository-administration;script;test,behavior-refined,Operations/Health/Rules/Profiles where focused; otherwise governance,b12575d745795985d1b2b7268334426fa8c84cc6b6f2bcbaf608cae37b178252
230,qjs-master,testdata,41,0,0,0,0,fixture,accounted-reference,Operations/Health/Rules/Profiles where focused; otherwise governance,9ac1a105cdfec935654cc761a71f4aa2389bbc66084eaa93306b351f9468eabc
230,smux-master,assets,3,0,0,0,0,media,accounted-reference,Operations/Health/Rules/Profiles where focused; otherwise governance,c2d02797646a8a398f42323d739d4baa95e3a37f2ac821c15180c5392dc6dd9e
230,smux-master,root,20,16,0,7,6,configuration;documentation;implementation;repository-administration;test,behavior-refined,Operations/Health/Rules/Profiles where focused; otherwise governance,0321f3b3cf1edbec04506c55fe83b79754bb25f008a62103b2befce0f3fa26c5
