wave,module_id,donor,module_path,surface_count,representative_path,representative_sha256,first_path,last_path
post-refactor-20b,PR117-M0001,serenity-dev,@root,11,.gitignore,83c3b0f95f9c23eb90af9138ee5eca8f1511c739a776afa03d04f18032837e28,.gitignore,mkdocs.yml
post-refactor-20b,PR117-M0002,serenity-dev,.github,1,.github/update_dependencies.sh,c4c5f89f2fd7bfcbb33ed0bd674d23f6b06a3d0f7ade26f9f7601174c4bf1c0f,.github/update_dependencies.sh,.github/update_dependencies.sh
post-refactor-20b,PR117-M0003,serenity-dev,.github/workflows,4,.github/workflows/docker.yml,6a5a54e54e1a8414021f22303f87cc985677ae5bb84454fa2ee9feb56089275d,.github/workflows/docker.yml,.github/workflows/test.yml
post-refactor-20b,PR117-M0004,serenity-dev,cmd/serenity,6,cmd/serenity/cmd_check.go,8369e6d6d268157cbdb5c12b3c040c82987eec2eacf79065f123f27dcb3afa39,cmd/serenity/cmd_check.go,cmd/serenity/main.go
post-refactor-20b,PR117-M0005,serenity-dev,common/cachefile,2,common/cachefile/cache.go,d55afbd0930c3aae129cbe6eed24557755f542afe057cbdd1ff873a0ea3cd269,common/cachefile/cache.go,common/cachefile/subscription.go
post-refactor-20b,PR117-M0006,serenity-dev,common/metadata,1,common/metadata/metadata.go,cb0ae9f85744f74fd53a88ae9a4d21fcc1bd3e81d68c162fe25c4d7dac689311,common/metadata/metadata.go,common/metadata/metadata.go
post-refactor-20b,PR117-M0007,serenity-dev,common/semver,1,common/semver/version.go,21fd9341fafa48b022979fb63b2ecb89d22cc2c572991d42cd0249422dd057cf,common/semver/version.go,common/semver/version.go
post-refactor-20b,PR117-M0008,serenity-dev,constant,2,constant/rule_set.go,f263f1b9e94ba3370a624c3ccdc224a33a606528b74b482b4697950254db3ce4,constant/rule_set.go,constant/version.go
post-refactor-20b,PR117-M0009,serenity-dev,docs,6,docs/CNAME,399c396fb9700e5be6d606364b48ba0b97c600d0f6f56d0f24c90d9090189c5e,docs/CNAME,docs/support.zh.md
post-refactor-20b,PR117-M0010,serenity-dev,docs/assets,1,docs/assets/icon.svg,821522f217169d51f53e3338b8cd19490eae515cc032f1202a0729b6113074b0,docs/assets/icon.svg,docs/assets/icon.svg
post-refactor-20b,PR117-M0011,serenity-dev,docs/configuration,5,docs/configuration/index.md,be685b4880dd827ba265a5141e2c2cb7ddc95751f27c378dc50e0a27d2e56b23,docs/configuration/index.md,docs/configuration/user.md
post-refactor-20b,PR117-M0012,serenity-dev,docs/configuration/shared,1,docs/configuration/shared/rule-set.md,35a14b1067bc7099e7fdd917687d5cdd8443aa2ff2d0ce17103e31a00253fa3d,docs/configuration/shared/rule-set.md,docs/configuration/shared/rule-set.md
post-refactor-20b,PR117-M0013,serenity-dev,docs/installation,6,docs/installation/build-from-source.md,2b274aef287d10e133e6e648e03de4370a7b0ad62a27e8be9734a26061462819,docs/installation/build-from-source.md,docs/installation/package-manager.zh.md
post-refactor-20b,PR117-M0014,serenity-dev,docs/installation/tools,4,docs/installation/tools/arch-install.sh,b79a330adca3a69fafa84c94a9475356082553c7fdf01c4a8566ff4971c8c649,docs/installation/tools/arch-install.sh,docs/installation/tools/rpm.repo
post-refactor-20b,PR117-M0015,serenity-dev,option,3,option/message.go,3c5a0ff3aeeace357a85f75bfbfe13a9bb0283eac0078d160dc57e4f97911398,option/message.go,option/template.go
post-refactor-20b,PR117-M0016,serenity-dev,release/config,3,release/config/config.json,04b08a9774aab2904fc6b6f18302f78430e360a05f105e301a641ac3737170ab,release/config/config.json,release/config/serenity@.service
post-refactor-20b,PR117-M0017,serenity-dev,release/local,7,release/local/enable.sh,08be9c5a93fcffe4fa56d76cd79801ab7669a2c1d9067301d17c758df9a76e8d,release/local/enable.sh,release/local/update.sh
post-refactor-20b,PR117-M0018,serenity-dev,server,3,server/profile.go,3df47dcf63c694c9850a7f1aa6db6d0490f688eb82458c03f0c19f9aaf55d65a,server/profile.go,server/server_render.go
post-refactor-20b,PR117-M0019,serenity-dev,subscription,3,subscription/deduplication.go,2c6db02964df1fa09a4c3c0f0609f25bef58349e046d2f5bf1e58be4e5a972eb,subscription/deduplication.go,subscription/subscription.go
post-refactor-20b,PR117-M0020,serenity-dev,subscription/parser,7,subscription/parser/clash.go,a93e6cd6b1f5501dc2e2a983d634c37ee4ebbe021ab9c776b9766d2ed2da1af0,subscription/parser/clash.go,subscription/parser/sip008.go
post-refactor-20b,PR117-M0021,serenity-dev,template,8,template/manager.go,dd8d9092c6111f11a204ee1718d1dada8c81afe1854219afa6015bae67dd518e,template/manager.go,template/template.go
post-refactor-20b,PR117-M0022,serenity-dev,template/filter,6,template/filter/filter.go,98e879047f516fd2e3129af521697904f0f7d4a0bca8abb27a370d61ff30019a,template/filter/filter.go,template/filter/filter_test.go
post-refactor-20b,PR117-M0023,shadow-main,@root,10,.bumpversion.cfg,3d46ae18879d3668b3dbd203186495780d2ed2930951830fa25039edad8bca1f,.bumpversion.cfg,setup
post-refactor-20b,PR117-M0024,shadow-main,.github,3,.github/dependabot.yml,0aa3fadbbe59218c42dd0c933c32d3c1156ff5ae1028e53829c1064e547000f8,.github/dependabot.yml,.github/pull_request_template.md
post-refactor-20b,PR117-M0025,shadow-main,.github/ISSUE_TEMPLATE,2,.github/ISSUE_TEMPLATE/bug-report.md,7c766d9981c7c6234afb45159686bea1fddc400f7add1052afdf968fea37b075,.github/ISSUE_TEMPLATE/bug-report.md,.github/ISSUE_TEMPLATE/config.yml
post-refactor-20b,PR117-M0026,shadow-main,.github/workflows,7,.github/workflows/ci_maintenance.yml,c90ee188733069909397376aab4df529ae700ac0b31da11ec2040fea070acdf9,.github/workflows/ci_maintenance.yml,.github/workflows/sanitizers.yml
post-refactor-20b,PR117-M0027,shadow-main,ci,3,ci/run.sh,90617077b4dda3f6a4aa630bebd5100e965b095ae910a60c8ed4fc10afd020f2,ci/run.sh,ci/rust-toolchain-stable.toml
post-refactor-20b,PR117-M0028,shadow-main,ci/container_scripts,4,ci/container_scripts/build_and_install.sh,3fb4d442f034e913ae25f06b81648e526f783fcd8e5013f4d7c1add269fd2bf9,ci/container_scripts/build_and_install.sh,ci/container_scripts/test.sh
post-refactor-20b,PR117-M0029,shadow-main,cmake,6,cmake/FindDL.cmake,93754a5536f931477a890898190a6b7ac8221e0f07b363a97f78f430464dd9bc,cmake/FindDL.cmake,cmake/ShadowTools.cmake
post-refactor-20b,PR117-M0030,shadow-main,docs,39,docs/README.md,12b74227d9b7c428d361498aefdd93f799c449259fe2e2d7600175d4790747ba,docs/README.md,docs/writing_tests.md
post-refactor-20b,PR117-M0031,shadow-main,docs/assets,6,docs/assets/design1.png,ae3b4cc3ec7a9a570a5d26f3e20b1608632827c1b8defa6473c8ec1778d28de1,docs/assets/design1.png,docs/assets/torinabox.png
post-refactor-20b,PR117-M0032,shadow-main,examples,2,examples/CMakeLists.txt,38025491246d75314f162f0a9ce6f5be1959059cec02599ad33e7433d7255186,examples/CMakeLists.txt,examples/README.md
post-refactor-20b,PR117-M0033,shadow-main,examples/apps,1,examples/apps/CMakeLists.txt,bfad2a18d08e83672300aeb99169529be23ceef6b76da4650e3152744cdbf350,examples/apps/CMakeLists.txt,examples/apps/CMakeLists.txt
post-refactor-20b,PR117-M0034,shadow-main,examples/apps/curl,4,examples/apps/curl/CMakeLists.txt,ec0f27b1dddb1367156e48f197d0f2c8a655e0fe795e150b2ff0340e671499d5,examples/apps/curl/CMakeLists.txt,examples/apps/curl/shadow.yaml
post-refactor-20b,PR117-M0035,shadow-main,examples/apps/etcd,4,examples/apps/etcd/CMakeLists.txt,43b80398e1775a7ac50c1d56bdf8dc614b45380c89a7ff92af5eb4ff9c72c75a,examples/apps/etcd/CMakeLists.txt,examples/apps/etcd/shadow.yaml
post-refactor-20b,PR117-M0036,shadow-main,examples/apps/http-server,4,examples/apps/http-server/CMakeLists.txt,5ae4b6b4576dc2b5e756e7542f609714241c709337b56836ec016679377a485d,examples/apps/http-server/CMakeLists.txt,examples/apps/http-server/shadow.yaml
post-refactor-20b,PR117-M0037,shadow-main,examples/apps/iperf-2,4,examples/apps/iperf-2/CMakeLists.txt,9a1e3fb001f73e43adacadd7e4f2a1fd3815757ea638cc0a01fa7a3c3fae5f16,examples/apps/iperf-2/CMakeLists.txt,examples/apps/iperf-2/shadow.yaml
post-refactor-20b,PR117-M0038,shadow-main,examples/apps/jetty,4,examples/apps/jetty/CMakeLists.txt,c03b5cff7ee7ec6b1b4191fb1cb9d4a00591961ce3e0df2295d11ec3907f0f5a,examples/apps/jetty/CMakeLists.txt,examples/apps/jetty/shadow.yaml
post-refactor-20b,PR117-M0039,shadow-main,examples/apps/nginx,5,examples/apps/nginx/CMakeLists.txt,746be100de9ffd9cf4850b4bf70e98445e8cefdf6f038847399c8765679ecae4,examples/apps/nginx/CMakeLists.txt,examples/apps/nginx/shadow.yaml
post-refactor-20b,PR117-M0040,shadow-main,examples/apps/wget2,4,examples/apps/wget2/CMakeLists.txt,6ad26f22e1f73c56bb657b4405b6bb1e3e78056bf6f0145cbc67039dbcfa3bea,examples/apps/wget2/CMakeLists.txt,examples/apps/wget2/shadow.yaml
post-refactor-20b,PR117-M0041,shadow-main,examples/docs,1,examples/docs/CMakeLists.txt,5bfc13fb4894cec39e1faa4a78cb54d5ffa3a8b3c39a0da147d10ef3347652b8,examples/docs/CMakeLists.txt,examples/docs/CMakeLists.txt
post-refactor-20b,PR117-M0042,shadow-main,examples/docs/basic-file-transfer,5,examples/docs/basic-file-transfer/CMakeLists.txt,c627ba4ec17b16a6ff1e576a03d5abd5018f851f8899a014e7559df89914b13b,examples/docs/basic-file-transfer/CMakeLists.txt,examples/docs/basic-file-transfer/show.sh
post-refactor-20b,PR117-M0043,shadow-main,examples/docs/tor,5,examples/docs/tor/CMakeLists.txt,1450e8fb238c50dc81af32729ddff1438c6cdc9139db1f42dc788c061963283d,examples/docs/tor/CMakeLists.txt,examples/docs/tor/show.sh
post-refactor-20b,PR117-M0044,shadow-main,examples/docs/tor/conf,12,examples/docs/tor/conf/authgen.pw,276c5fd69dbb68e4b6920b2bf645b23d8f7aad0e33b3652d708732ba549d22e5,examples/docs/tor/conf/authgen.pw,examples/docs/tor/conf/tor.relay.torrc
post-refactor-20b,PR117-M0045,shadow-main,examples/docs/tor/shadow.data.template/hosts/4uthority,3,examples/docs/tor/shadow.data.template/hosts/4uthority/fingerprint,f5489d860645949800d864408c7a42e2f6e17a6b1bf3b9022205c8df7a1f9b7d,examples/docs/tor/shadow.data.template/hosts/4uthority/fingerprint,examples/docs/tor/shadow.data.template/hosts/4uthority/torrc-defaults
post-refactor-20b,PR117-M0046,shadow-main,examples/docs/tor/shadow.data.template/hosts/4uthority/keys,5,examples/docs/tor/shadow.data.template/hosts/4uthority/keys/authority_certificate,1b1a99c872b6edaa1e2da79b71a2b15609175a113e4ac26f7064d0ea66c38287,examples/docs/tor/shadow.data.template/hosts/4uthority/keys/authority_certificate,examples/docs/tor/shadow.data.template/hosts/4uthority/keys/secret_onion_key
post-refactor-20b,PR117-M0047,shadow-main,examples/docs/tor/shadow.data.template/hosts/exit1,3,examples/docs/tor/shadow.data.template/hosts/exit1/fingerprint,83df51ed7e46cf352fbb8089d2d1d8134921911280f2ed88bc87f791f3b01916,examples/docs/tor/shadow.data.template/hosts/exit1/fingerprint,examples/docs/tor/shadow.data.template/hosts/exit1/torrc-defaults
post-refactor-20b,PR117-M0048,shadow-main,examples/docs/tor/shadow.data.template/hosts/exit1/keys,3,examples/docs/tor/shadow.data.template/hosts/exit1/keys/secret_id_key,264e8b2c9009e58f12df1d3388698cc5b86645274fa2ceda57a4ad213de41eca,examples/docs/tor/shadow.data.template/hosts/exit1/keys/secret_id_key,examples/docs/tor/shadow.data.template/hosts/exit1/keys/secret_onion_key_ntor
post-refactor-20b,PR117-M0049,shadow-main,examples/docs/tor/shadow.data.template/hosts/exit2,3,examples/docs/tor/shadow.data.template/hosts/exit2/fingerprint,34b806cf214ebcbee811e944821bcdaad00bbaafefbbd97e53c7d56352de9041,examples/docs/tor/shadow.data.template/hosts/exit2/fingerprint,examples/docs/tor/shadow.data.template/hosts/exit2/torrc-defaults
post-refactor-20b,PR117-M0050,shadow-main,examples/docs/tor/shadow.data.template/hosts/exit2/keys,3,examples/docs/tor/shadow.data.template/hosts/exit2/keys/secret_id_key,5059d44bbe0fa7fce7c5363997a96cdc27be1669e26ee0d5d6ad529a43d4cac5,examples/docs/tor/shadow.data.template/hosts/exit2/keys/secret_id_key,examples/docs/tor/shadow.data.template/hosts/exit2/keys/secret_onion_key_ntor
post-refactor-20b,PR117-M0051,shadow-main,examples/docs/tor/shadow.data.template/hosts/relay1,3,examples/docs/tor/shadow.data.template/hosts/relay1/fingerprint,114c87741635c0235d329dfa786b4fe6773c13fe1c915bc6a07b25a93a728b6f,examples/docs/tor/shadow.data.template/hosts/relay1/fingerprint,examples/docs/tor/shadow.data.template/hosts/relay1/torrc-defaults
post-refactor-20b,PR117-M0052,shadow-main,examples/docs/tor/shadow.data.template/hosts/relay1/keys,3,examples/docs/tor/shadow.data.template/hosts/relay1/keys/secret_id_key,f6247fc23c53dfb31b255abb4fe444ab5b73afd74edc22a6463ebe0d629c5d19,examples/docs/tor/shadow.data.template/hosts/relay1/keys/secret_id_key,examples/docs/tor/shadow.data.template/hosts/relay1/keys/secret_onion_key_ntor
post-refactor-20b,PR117-M0053,shadow-main,examples/docs/tor/shadow.data.template/hosts/relay2,3,examples/docs/tor/shadow.data.template/hosts/relay2/fingerprint,a7aca05a103d11dd0b14a8c2af7f12f27ec1f6cc50230f299d249d958ff1815c,examples/docs/tor/shadow.data.template/hosts/relay2/fingerprint,examples/docs/tor/shadow.data.template/hosts/relay2/torrc-defaults
post-refactor-20b,PR117-M0054,shadow-main,examples/docs/tor/shadow.data.template/hosts/relay2/keys,3,examples/docs/tor/shadow.data.template/hosts/relay2/keys/secret_id_key,7cd2c8303511b50e1a9505714399799a67913af149bba0e32a82539ec4090549,examples/docs/tor/shadow.data.template/hosts/relay2/keys/secret_id_key,examples/docs/tor/shadow.data.template/hosts/relay2/keys/secret_onion_key_ntor
post-refactor-20b,PR117-M0055,shadow-main,examples/docs/tor/shadow.data.template/hosts/relay3,3,examples/docs/tor/shadow.data.template/hosts/relay3/fingerprint,cd13fc115666c6f0afc77dd1978311dcd2089ab4676455004a5e61651328d9f5,examples/docs/tor/shadow.data.template/hosts/relay3/fingerprint,examples/docs/tor/shadow.data.template/hosts/relay3/torrc-defaults
post-refactor-20b,PR117-M0056,shadow-main,examples/docs/tor/shadow.data.template/hosts/relay3/keys,7,examples/docs/tor/shadow.data.template/hosts/relay3/keys/ed25519_master_id_public_key,77fbcc3d674b26c89163719b0df9b8fe06341306f1b15352fe47687cbab5b9d4,examples/docs/tor/shadow.data.template/hosts/relay3/keys/ed25519_master_id_public_key,examples/docs/tor/shadow.data.template/hosts/relay3/keys/secret_onion_key_ntor
post-refactor-20b,PR117-M0057,shadow-main,examples/docs/tor/shadow.data.template/hosts/relay4,3,examples/docs/tor/shadow.data.template/hosts/relay4/fingerprint,5e86171b82b8df45268bc214c6c2dfcd292bec0ac9d456c9163a95d4d2010514,examples/docs/tor/shadow.data.template/hosts/relay4/fingerprint,examples/docs/tor/shadow.data.template/hosts/relay4/torrc-defaults
post-refactor-20b,PR117-M0058,shadow-main,examples/docs/tor/shadow.data.template/hosts/relay4/keys,7,examples/docs/tor/shadow.data.template/hosts/relay4/keys/ed25519_master_id_public_key,e4d2edf1198f6c13b1f83e39434a07198eca70f8629f75da22a26cffd6997254,examples/docs/tor/shadow.data.template/hosts/relay4/keys/ed25519_master_id_public_key,examples/docs/tor/shadow.data.template/hosts/relay4/keys/secret_onion_key_ntor
post-refactor-20b,PR117-M0059,shadow-main,examples/docs/tor/shadow.data.template/hosts/torclient,2,examples/docs/tor/shadow.data.template/hosts/torclient/torrc,e3b0c44298fc1c149afbf4c8996fb92427ae41e4649b934ca495991b7852b855,examples/docs/tor/shadow.data.template/hosts/torclient/torrc,examples/docs/tor/shadow.data.template/hosts/torclient/torrc-defaults
post-refactor-20b,PR117-M0060,shadow-main,examples/docs/tor/shadow.data.template/hosts/torflowauthority,1,examples/docs/tor/shadow.data.template/hosts/torflowauthority/v3bw,31cb80f4d9353e0dc24bd026db773d1d9d04bf618afde9aec7641457945961eb,examples/docs/tor/shadow.data.template/hosts/torflowauthority/v3bw,examples/docs/tor/shadow.data.template/hosts/torflowauthority/v3bw
post-refactor-20b,PR117-M0061,shadow-main,examples/docs/traffic-generation,7,examples/docs/traffic-generation/CMakeLists.txt,4c67ddeb353bae7d719015d9330749f53acf6af5a593ac06114f955e4c124ae4,examples/docs/traffic-generation/CMakeLists.txt,examples/docs/traffic-generation/tgen.server.graphml.xml
post-refactor-20b,PR117-M0062,shadow-main,mdbook,2,mdbook/book.toml,0812992de67690d5cafcc703980427997e8715e3a09d4ee94e2a0c2fba09b38a,mdbook/book.toml,mdbook/custom.css
post-refactor-20b,PR117-M0063,shadow-main,resource,2,resource/shadow-icon.png,4c3a70f587a727771d45e6c8d1a337cc7b943de9b2cad82c1e119f2a7950f90c,resource/shadow-icon.png,resource/shadow.png
post-refactor-20b,PR117-M0064,shadow-main,shadowtools,4,shadowtools/CMakeLists.txt,cb474b050b36e7aa1fc393d7d9022c49eb93638b9b7d4230535d90a0396f5103,shadowtools/CMakeLists.txt,shadowtools/pyproject.toml
post-refactor-20b,PR117-M0065,shadow-main,shadowtools/src/shadowtools,4,shadowtools/src/shadowtools/__init__.py,e3b0c44298fc1c149afbf4c8996fb92427ae41e4649b934ca495991b7852b855,shadowtools/src/shadowtools/__init__.py,shadowtools/src/shadowtools/shadow_exec.py
post-refactor-20b,PR117-M0066,shadow-main,shadowtools/tests,2,shadowtools/tests/__init__.py,e3b0c44298fc1c149afbf4c8996fb92427ae41e4649b934ca495991b7852b855,shadowtools/tests/__init__.py,shadowtools/tests/test_shadow_exec.py
post-refactor-20b,PR117-M0067,shadow-main,src,3,src/CMakeLists.txt,12c97cae89a35ef9c95ae00800aa3e5bf9a5ef25e39c32199f2415eaa60d5375,src/CMakeLists.txt,src/Cargo.toml
post-refactor-20b,PR117-M0068,shadow-main,src/lib,1,src/lib/CMakeLists.txt,5d0f902c4482ef408894db2abd585090edcddaf6daabb64b374f0c8e34fe275b,src/lib/CMakeLists.txt,src/lib/CMakeLists.txt
post-refactor-20b,PR117-M0069,shadow-main,src/lib/asm-util,6,src/lib/asm-util/CMakeLists.txt,9bb08281c8e713c84a25c29be96c3baa789c701c81614a8acc1652433e5c3f58,src/lib/asm-util/CMakeLists.txt,src/lib/asm-util/tsc_test.c
post-refactor-20b,PR117-M0070,shadow-main,src/lib/asm-util/src,3,src/lib/asm-util/src/cpuid.rs,fe4c68faf3ca4a696ac67a5ee5994667da0008e0115e78ea562dc20e9bf9edab,src/lib/asm-util/src/cpuid.rs,src/lib/asm-util/src/tsc.rs
post-refactor-20b,PR117-M0071,shadow-main,src/lib/formatting-nostd,2,src/lib/formatting-nostd/Cargo.toml,01ea90a79db3fdc29af1d5a63119a59a3fd7e0232eff014d38a42c5a9b3a8845,src/lib/formatting-nostd/Cargo.toml,src/lib/formatting-nostd/build.rs
post-refactor-20b,PR117-M0072,shadow-main,src/lib/formatting-nostd/src,5,src/lib/formatting-nostd/src/borrowed_fd_writer.rs,b9442111e1872e163ab7d09796945f374db4fce199f2639fccfeaf3be932acc3,src/lib/formatting-nostd/src/borrowed_fd_writer.rs,src/lib/formatting-nostd/src/utf8.rs
post-refactor-20b,PR117-M0073,shadow-main,src/lib/gml-parser,1,src/lib/gml-parser/Cargo.toml,be400312099eddc068b3beda46b6d92c7c227ef3b1cdd560f3a8004e44b52366,src/lib/gml-parser/Cargo.toml,src/lib/gml-parser/Cargo.toml
post-refactor-20b,PR117-M0074,shadow-main,src/lib/gml-parser/src,3,src/lib/gml-parser/src/gml.rs,b063474566ae39c2757283226b42af5b4a1fc4f5cbada3b853528883ed018acb,src/lib/gml-parser/src/gml.rs,src/lib/gml-parser/src/parser.rs
post-refactor-20b,PR117-M0075,shadow-main,src/lib/linux-api,8,src/lib/linux-api/.gitignore,9cc735f9e89a6bea413e373dbfb6aa4c8af005522e25e046f46a1499386f82fb,src/lib/linux-api/.gitignore,src/lib/linux-api/rename.py
post-refactor-20b,PR117-M0076,shadow-main,src/lib/linux-api/src,36,src/lib/linux-api/src/auxvec.rs,f4ceba79990a0ecdce7a05cf88742ad27cf7bb3bf9f1cd76d130baf5531b10cc,src/lib/linux-api/src/auxvec.rs,src/lib/linux-api/src/wait.rs
post-refactor-20b,PR117-M0077,shadow-main,src/lib/log-c2rust,4,src/lib/log-c2rust/Cargo.toml,78a8b18e413292cf2660d4b3eccbbae0e05fb680b27a10c15f5f243b53b639f8,src/lib/log-c2rust/Cargo.toml,src/lib/log-c2rust/log-c2rust.h
post-refactor-20b,PR117-M0078,shadow-main,src/lib/log-c2rust/src,1,src/lib/log-c2rust/src/lib.rs,4d9d44d320a4b4b7ad18380640a4301423c55a15d5f09a952c599db8dcc41412,src/lib/log-c2rust/src/lib.rs,src/lib/log-c2rust/src/lib.rs
post-refactor-20b,PR117-M0079,shadow-main,src/lib/logger,6,src/lib/logger/Cargo.toml,33621e391a842df33d61a247145ba6145b289e70a0e65739ca95c2b28ea19e5b,src/lib/logger/Cargo.toml,src/lib/logger/logger.h
post-refactor-20b,PR117-M0080,shadow-main,src/lib/logger/src,1,src/lib/logger/src/lib.rs,cc58538b175cdf010b18f7b68da8473da8c2226cc3b32f440a1926551306cdd7,src/lib/logger/src/lib.rs,src/lib/logger/src/lib.rs
post-refactor-20b,PR117-M0081,shadow-main,src/lib/pod,1,src/lib/pod/Cargo.toml,763a952c8bb98d9c46e61e281314aaf4e197f6e60a6849ea4741af09017db59b,src/lib/pod/Cargo.toml,src/lib/pod/Cargo.toml
post-refactor-20b,PR117-M0082,shadow-main,src/lib/pod/src,1,src/lib/pod/src/lib.rs,61bd4400d03329307f216e378fb4d673b640287e08b41b3acafe70439a7888a0,src/lib/pod/src/lib.rs,src/lib/pod/src/lib.rs
post-refactor-20b,PR117-M0083,shadow-main,src/lib/preload-injector,2,src/lib/preload-injector/CMakeLists.txt,949e7c9289ff4f7d1246acfc68c9408eadcd0cd75da2aca42931c4de33ef5c93,src/lib/preload-injector/CMakeLists.txt,src/lib/preload-injector/injector.c
post-refactor-20b,PR117-M0084,shadow-main,src/lib/preload-libc,6,src/lib/preload-libc/CMakeLists.txt,e176abb7ab8a93adbc8b3e0bac7d417ab5b0d49875f9705e12876175d7d03b2a,src/lib/preload-libc/CMakeLists.txt,src/lib/preload-libc/syscall_wrappers.c
post-refactor-20b,PR117-M0085,shadow-main,src/lib/preload-openssl,3,src/lib/preload-openssl/CMakeLists.txt,018cf71141ddb4d182af144558693a40944334a98d6045cee80fcf37ac53a14b,src/lib/preload-openssl/CMakeLists.txt,src/lib/preload-openssl/rng.c
post-refactor-20b,PR117-M0086,shadow-main,src/lib/scheduler,1,src/lib/scheduler/Cargo.toml,d32bc21a9d7a97a02465d047f84dfaf91f57bdfa233a631eb4a18e6d176a05f7,src/lib/scheduler/Cargo.toml,src/lib/scheduler/Cargo.toml
post-refactor-20b,PR117-M0087,shadow-main,src/lib/scheduler/src,4,src/lib/scheduler/src/lib.rs,a8cdb4c6581fe3403b7320d273cf885ad0e1655e44250071f7d633ca7a483c5f,src/lib/scheduler/src/lib.rs,src/lib/scheduler/src/thread_per_host.rs
post-refactor-20b,PR117-M0088,shadow-main,src/lib/scheduler/src/pools,3,src/lib/scheduler/src/pools/bounded.rs,b8d0e33849adc39d59a3e64a94d0aab388c7f9cdf08580034332addce7a517f4,src/lib/scheduler/src/pools/bounded.rs,src/lib/scheduler/src/pools/unbounded.rs
post-refactor-20b,PR117-M0089,shadow-main,src/lib/scheduler/src/sync,4,src/lib/scheduler/src/sync/count_down_latch.rs,df983ea5a5b8fd460de280775e8626dc1f2441c1b4781354d9628ac9afd98c3b,src/lib/scheduler/src/sync/count_down_latch.rs,src/lib/scheduler/src/sync/thread_parking.rs
post-refactor-20b,PR117-M0090,shadow-main,src/lib/shadow-build-common,1,src/lib/shadow-build-common/Cargo.toml,1940a0aa7869d82be9dd2f5231871846d6fdf82f33f3e71b79e6190e1ecf78e8,src/lib/shadow-build-common/Cargo.toml,src/lib/shadow-build-common/Cargo.toml
post-refactor-20b,PR117-M0091,shadow-main,src/lib/shadow-build-common/src,1,src/lib/shadow-build-common/src/lib.rs,481f5b64b65ccf119f503bfa5205984b57d1d83ec5f6065889fcf3b7f4d870b3,src/lib/shadow-build-common/src/lib.rs,src/lib/shadow-build-common/src/lib.rs
post-refactor-20b,PR117-M0092,shadow-main,src/lib/shadow-build-info,2,src/lib/shadow-build-info/Cargo.toml,647cc641a4586cfc397158ba3cd60991a682b54bdfa34d5d81faec632cddc248,src/lib/shadow-build-info/Cargo.toml,src/lib/shadow-build-info/build.rs
post-refactor-20b,PR117-M0093,shadow-main,src/lib/shadow-build-info/src,1,src/lib/shadow-build-info/src/lib.rs,3cf223971707d8a5a1ed907a81271ab296d4cee5deb337a9e0cbaaf4914ab5e7,src/lib/shadow-build-info/src/lib.rs,src/lib/shadow-build-info/src/lib.rs
post-refactor-20b,PR117-M0094,shadow-main,src/lib/shadow-shim-helper-rs,3,src/lib/shadow-shim-helper-rs/Cargo.toml,3b83ddc19e2940b6af0a1779ac32a1b049bda708dc8494b3d94ff2dd5a28bfbb,src/lib/shadow-shim-helper-rs/Cargo.toml,src/lib/shadow-shim-helper-rs/cbindgen.toml
post-refactor-20b,PR117-M0095,shadow-main,src/lib/shadow-shim-helper-rs/src,11,src/lib/shadow-shim-helper-rs/src/emulated_time.rs,de6d5bb6fa0d63012523dd07880f1dbddd12f035d4b97f599366617bf6c5bb70,src/lib/shadow-shim-helper-rs/src/emulated_time.rs,src/lib/shadow-shim-helper-rs/src/syscall_types.rs
post-refactor-20b,PR117-M0096,shadow-main,src/lib/shadow-shim-helper-rs/src/rootedcell,4,src/lib/shadow-shim-helper-rs/src/rootedcell/cell.rs,f41f3e7f54925839c6f048ea41fae2dd0cc43bcc269324e7ea550517d1b4b4b1,src/lib/shadow-shim-helper-rs/src/rootedcell/cell.rs,src/lib/shadow-shim-helper-rs/src/rootedcell/refcell.rs
post-refactor-20b,PR117-M0097,shadow-main,src/lib/shadow-shim-helper-rs/src/util,2,src/lib/shadow-shim-helper-rs/src/util/mod.rs,ac1d7084ab8c2312c99b9cdb52492e841d13ddf8ea54948d4aca65d7d598f32e,src/lib/shadow-shim-helper-rs/src/util/mod.rs,src/lib/shadow-shim-helper-rs/src/util/time.rs
post-refactor-20b,PR117-M0098,shadow-main,src/lib/shim,20,src/lib/shim/Cargo.toml,bd12eeed8e43039a39716cd19f858412928bc525a57d603ebaa8ce7d36f145c1,src/lib/shim/Cargo.toml,src/lib/shim/shim_tls.h
post-refactor-20b,PR117-M0099,shadow-main,src/lib/shim/src,9,src/lib/shim/src/clone.rs,6fece5e45bfc57e7cb270cb09c79596df85666f34e84b148a07e620bf86cba42,src/lib/shim/src/clone.rs,src/lib/shim/src/tls.rs
post-refactor-20b,PR117-M0100,shadow-main,src/lib/shmem,1,src/lib/shmem/Cargo.toml,a06639563e721ac41269b38ab965ce42219c63757bc0b55813abb5cd131ed2ea,src/lib/shmem/Cargo.toml,src/lib/shmem/Cargo.toml
post-refactor-20b,PR117-M0101,shadow-main,src/lib/shmem/src,5,src/lib/shmem/src/allocator.rs,b5d555b1c4a542912c62c6abdd7e2a4c9e4bf6a127e60bd774e68ab58936f6be,src/lib/shmem/src/allocator.rs,src/lib/shmem/src/util.rs
post-refactor-20b,PR117-M0102,shadow-main,src/lib/std-util,1,src/lib/std-util/Cargo.toml,f61b1eb20127a0dc969192a3297da6273f9d586e0a2b6074c55095359ecc3439,src/lib/std-util/Cargo.toml,src/lib/std-util/Cargo.toml
post-refactor-20b,PR117-M0103,shadow-main,src/lib/std-util/src,2,src/lib/std-util/src/lib.rs,e4d113e3a5ccdad352f612918b2abce737a367b016317d4995e36a0f21700fc2,src/lib/std-util/src/lib.rs,src/lib/std-util/src/nested_ref.rs
post-refactor-20b,PR117-M0104,shadow-main,src/lib/tcp,1,src/lib/tcp/Cargo.toml,3466313981ed73809286a44cfb299c0f640574524c863fd0c97e36bd0772b036,src/lib/tcp/Cargo.toml,src/lib/tcp/Cargo.toml
post-refactor-20b,PR117-M0105,shadow-main,src/lib/tcp/notes,4,src/lib/tcp/notes/accept-close-wait.md,5536eacbf4d2c29324b739dc8d2f734aac5ca1c2c7200511e3a15157c1ed0191,src/lib/tcp/notes/accept-close-wait.md,src/lib/tcp/notes/shutdown.md
post-refactor-20b,PR117-M0106,shadow-main,src/lib/tcp/notes/scripts,1,src/lib/tcp/notes/scripts/poll-states.py,6736d4bf988cee2c868a2c077339b7d4e1ae55a61a9b15ad34028995d29a612d,src/lib/tcp/notes/scripts/poll-states.py,src/lib/tcp/notes/scripts/poll-states.py
post-refactor-20b,PR117-M0107,shadow-main,src/lib/tcp/src,6,src/lib/tcp/src/buffer.rs,6ff2566aae0c835620acae0092659558262f7d7e2222e447fd88fb73c80b3d72,src/lib/tcp/src/buffer.rs,src/lib/tcp/src/window_scaling.rs
post-refactor-20b,PR117-M0108,shadow-main,src/lib/tcp/src/tests,4,src/lib/tcp/src/tests/mod.rs,4f40bdd160bdff42b6895cef832d568cc52f7186d9feb462799222bcea5e264a,src/lib/tcp/src/tests/mod.rs,src/lib/tcp/src/tests/window_scale.rs
post-refactor-20b,PR117-M0109,shadow-main,src/lib/tcp/src/tests/util,2,src/lib/tcp/src/tests/util/mod.rs,e17fe6cc5569d2897f738265ddf73d7ded8c41f3f79eb321846386821fdc1997,src/lib/tcp/src/tests/util/mod.rs,src/lib/tcp/src/tests/util/time.rs
post-refactor-20b,PR117-M0110,shadow-main,src/lib/tcp/src/util,2,src/lib/tcp/src/util/mod.rs,b6ceb4450dc61ed311f4a8c85e5dbd565371fb9cd6e40171cfa57d785ec457ce,src/lib/tcp/src/util/mod.rs,src/lib/tcp/src/util/time.rs
post-refactor-20b,PR117-M0111,shadow-main,src/lib/vasi,1,src/lib/vasi/Cargo.toml,e0e077bf1c1ca2024b350e7872f441bdb77db341ebfcd859e52f60f4599df8cf,src/lib/vasi/Cargo.toml,src/lib/vasi/Cargo.toml
post-refactor-20b,PR117-M0112,shadow-main,src/lib/vasi-macro,1,src/lib/vasi-macro/Cargo.toml,051a2bc13d87b111246d17bf2d4075363a910d9bbe2f0ea819711f69e64d91dc,src/lib/vasi-macro/Cargo.toml,src/lib/vasi-macro/Cargo.toml
post-refactor-20b,PR117-M0113,shadow-main,src/lib/vasi-macro/src,1,src/lib/vasi-macro/src/lib.rs,5301399b45f1bea000b8784b3bada648f5386db4a85eef513d5baa301571f460,src/lib/vasi-macro/src/lib.rs,src/lib/vasi-macro/src/lib.rs
post-refactor-20b,PR117-M0114,shadow-main,src/lib/vasi-sync,1,src/lib/vasi-sync/Cargo.toml,c0647705f05728d7fa4be96e90abe92ccfdc4d2e5ed08a645ec73c85c5f726c1,src/lib/vasi-sync/Cargo.toml,src/lib/vasi-sync/Cargo.toml
post-refactor-20b,PR117-M0115,shadow-main,src/lib/vasi-sync/benches,2,src/lib/vasi-sync/benches/lazy_lock.rs,968ff00f0bd4bd89280d95a228b79d8f413c8586063648024c091f030a3f2289,src/lib/vasi-sync/benches/lazy_lock.rs,src/lib/vasi-sync/benches/scchannel.rs
post-refactor-20b,PR117-M0116,shadow-main,src/lib/vasi-sync/src,6,src/lib/vasi-sync/src/atomic_tls_map.rs,7fd4a702186affdbcba0093f85033187315ebcca2676b3076a19d90c3b2868e3,src/lib/vasi-sync/src/atomic_tls_map.rs,src/lib/vasi-sync/src/sync.rs
post-refactor-20b,PR117-M0117,shadow-main,src/lib/vasi-sync/tests,4,src/lib/vasi-sync/tests/atomic-tls-map-tests.rs,708ba82c5fcf47f1e37cc4ee38fdca739da6435eb060add9284b9156aa433113,src/lib/vasi-sync/tests/atomic-tls-map-tests.rs,src/lib/vasi-sync/tests/scmutex-tests.rs
post-refactor-20b,PR117-M0118,shadow-main,src/lib/vasi-sync/tests/sync,1,src/lib/vasi-sync/tests/sync/mod.rs,cf7d06621392f4b56c90e906c2fa18752be3c6b322f42114b77ab733b7ded34b,src/lib/vasi-sync/tests/sync/mod.rs,src/lib/vasi-sync/tests/sync/mod.rs
post-refactor-20b,PR117-M0119,shadow-main,src/lib/vasi/src,1,src/lib/vasi/src/lib.rs,b0bb9a3274a586621f9643ce516527e95a717a42b21140dff80ef619b971c337,src/lib/vasi/src/lib.rs,src/lib/vasi/src/lib.rs
post-refactor-20b,PR117-M0120,shadow-main,src/main,6,src/main/CMakeLists.txt,9691126530e9e912509570e4f256a6396f70018156ef7f90ef8190394c80ea8c,src/main/CMakeLists.txt,src/main/shadow.rs
post-refactor-20b,PR117-M0121,shadow-main,src/main/core,14,src/main/core/affinity.c,506ea17dc3cc981e052a6cffd43859b1a83d65fbd16bdfa7e09fcf1473a00abd,src/main/core/affinity.c,src/main/core/worker.rs
post-refactor-20b,PR117-M0122,shadow-main,src/main/core/logger,2,src/main/core/logger/mod.rs,b5a0e75426ec8c213d20b267cf466feb6ba787603fff188aff4d51565382e81b,src/main/core/logger/mod.rs,src/main/core/logger/shadow_logger.rs
post-refactor-20b,PR117-M0123,shadow-main,src/main/core/work,4,src/main/core/work/event.rs,ea7d66379c5904f52a5fcc576e8e150047cba7b23b9492c9955e7e75cf104ece,src/main/core/work/event.rs,src/main/core/work/task.rs
post-refactor-20b,PR117-M0124,shadow-main,src/main/host,16,src/main/host/context.rs,2dba03d451910ecd85a059dc6e3efd7970affd7d93b499a19c9b4ab3b7863b32,src/main/host/context.rs,src/main/host/timer.rs
post-refactor-20b,PR117-M0125,shadow-main,src/main/host/descriptor,24,src/main/host/descriptor/descriptor.c,69852ef7e0854e2f2edbee644b822da8e78bedfe809f71d8f485a158588b8a1f,src/main/host/descriptor/descriptor.c,src/main/host/descriptor/timerfd.rs
post-refactor-20b,PR117-M0126,shadow-main,src/main/host/descriptor/epoll,3,src/main/host/descriptor/epoll/entry.rs,eb23fc77e9d44628155aa1e684eee260865ef5977ee3587e983afe06d7d39fcd,src/main/host/descriptor/epoll/entry.rs,src/main/host/descriptor/epoll/mod.rs
post-refactor-20b,PR117-M0127,shadow-main,src/main/host/descriptor/socket,4,src/main/host/descriptor/socket/abstract_unix_ns.rs,fdce0081c37ba93269f29ab9600ef1320e9a92aa703d262b7837bddb8d740e8c,src/main/host/descriptor/socket/abstract_unix_ns.rs,src/main/host/descriptor/socket/unix.rs
post-refactor-20b,PR117-M0128,shadow-main,src/main/host/descriptor/socket/inet,4,src/main/host/descriptor/socket/inet/legacy_tcp.rs,24df9d265b0e0b855f5bc4687384d70fa105ba995b4fcd9fd70441d92d36bda5,src/main/host/descriptor/socket/inet/legacy_tcp.rs,src/main/host/descriptor/socket/inet/udp.rs
post-refactor-20b,PR117-M0129,shadow-main,src/main/host/memory_manager,3,src/main/host/memory_manager/memory_copier.rs,0335be188dd5978fcafa21719dcd5cc3fe71d07008e325df547d546f2df6c813,src/main/host/memory_manager/memory_copier.rs,src/main/host/memory_manager/mod.rs
post-refactor-20b,PR117-M0130,shadow-main,src/main/host/network,4,src/main/host/network/interface.rs,906b935a5f7718431ac8a2c8056c1466487a2feee8968b78a44320143f320c53,src/main/host/network/interface.rs,src/main/host/network/queuing.rs
post-refactor-20b,PR117-M0131,shadow-main,src/main/host/syscall,11,src/main/host/syscall/condition.rs,f1c90d13f7176ec93eab07e0e65c93c19ea02ed31fba140883c64ae44677ff79,src/main/host/syscall/condition.rs,src/main/host/syscall/types.rs
post-refactor-20b,PR117-M0132,shadow-main,src/main/host/syscall/handler,43,src/main/host/syscall/handler/clone.rs,aab9177d252f206678efa04cd3c0f769ff6e0d95dd6e268f893a2ae0f8d3abf8,src/main/host/syscall/handler/clone.rs,src/main/host/syscall/handler/wait.rs
post-refactor-20b,PR117-M0133,shadow-main,src/main/network,4,src/main/network/dns.rs,b2becce5f5c974a7efd07b18daa56d140a7eb5926d616d683b84073f1a18de46,src/main/network/dns.rs,src/main/network/packet.rs
post-refactor-20b,PR117-M0134,shadow-main,src/main/network/graph,2,src/main/network/graph/mod.rs,147517f74ad4a6cf69e2f01b6937b19200d77c7add49a17f33fbb1b0034cf68d,src/main/network/graph/mod.rs,src/main/network/graph/petgraph_wrapper.rs
post-refactor-20b,PR117-M0135,shadow-main,src/main/network/relay,2,src/main/network/relay/mod.rs,cce74a61f7abcc6c2452407a18454b11924c29f9e1c0f6920e49ca034bf21347,src/main/network/relay/mod.rs,src/main/network/relay/token_bucket.rs
post-refactor-20b,PR117-M0136,shadow-main,src/main/network/router,2,src/main/network/router/codel_queue.rs,c576ede264dc78a7c6d0b280e7d3ce2c04fc9edb543b0b4171ba68d85d2ce4fc,src/main/network/router/codel_queue.rs,src/main/network/router/mod.rs
post-refactor-20b,PR117-M0137,shadow-main,src/main/utility,27,src/main/utility/byte_queue.rs,a07c1679dcf5d419492739acfa408cc02a8d36ce56131155cb012863f9dd2c76,src/main/utility/byte_queue.rs,src/main/utility/utility.h
post-refactor-20b,PR117-M0138,shadow-main,src/test,11,src/test/CMakeLists.txt,45a5713de4576029ab579d36173d0cbb2c4490e018dcb690b43725db6d2d4a0c,src/test/CMakeLists.txt,src/test/test_utils.rs
post-refactor-20b,PR117-M0139,shadow-main,src/test/bindc,3,src/test/bindc/CMakeLists.txt,a31d7814d011361254d5a50b282280f414cd716d4d4faa10474f104b42b75aac,src/test/bindc/CMakeLists.txt,src/test/bindc/test_bind.c
post-refactor-20b,PR117-M0140,shadow-main,src/test/capabilities,5,src/test/capabilities/CMakeLists.txt,ab129ea74ecb227c76cfe9a85ef5bae6875ed8bfb38ca43cd92f748dcbbac2d3,src/test/capabilities/CMakeLists.txt,src/test/capabilities/test_capset.rs
post-refactor-20b,PR117-M0141,shadow-main,src/test/cli,3,src/test/cli/CMakeLists.txt,b37afced68a6d562386b3864e2ed82af2452c5ef8a4408e280fc993640d8672a,src/test/cli/CMakeLists.txt,src/test/cli/help-short-expected
post-refactor-20b,PR117-M0142,shadow-main,src/test/clone,7,src/test/clone/CMakeLists.txt,1998cad654d76d2bd18f827efeed1050beeaf9eb04d355cd0cfdc12e3669ac4d,src/test/clone/CMakeLists.txt,src/test/clone/test_fork.rs
post-refactor-20b,PR117-M0143,shadow-main,src/test/close_range,3,src/test/close_range/CMakeLists.txt,e4a80d208fd963780abe04d66575ac06cc07c173340093c9a1255a45854901be,src/test/close_range/CMakeLists.txt,src/test/close_range/test_close_range.rs
post-refactor-20b,PR117-M0144,shadow-main,src/test/compressed-graph,3,src/test/compressed-graph/CMakeLists.txt,a103419e5732a598c6ef0c7ed603930fd9c4f57c97516c61b1e03b1a5bdb9296,src/test/compressed-graph/CMakeLists.txt,src/test/compressed-graph/graph-compressed.gml
post-refactor-20b,PR117-M0145,shadow-main,src/test/config,1,src/test/config/CMakeLists.txt,c1ae9f9d932da49f7010d970581ec408cc633ce7c321e26978701c5810970749,src/test/config/CMakeLists.txt,src/test/config/CMakeLists.txt
post-refactor-20b,PR117-M0146,shadow-main,src/test/config/expected_final_process_state,10,src/test/config/expected_final_process_state/CMakeLists.txt,cf50048fe1c61e6341fd0d37a7a8597ae74e9cc82cd2591a06ddbcc16fd31441,src/test/config/expected_final_process_state/CMakeLists.txt,src/test/config/expected_final_process_state/expected_final_process_state_success.yaml
post-refactor-20b,PR117-M0147,shadow-main,src/test/config/parsing,3,src/test/config/parsing/CMakeLists.txt,8ddbfd7bf0991013de7526f0f64816fd35b23230e863fced8fd8b31e9e6ae903,src/test/config/parsing/CMakeLists.txt,src/test/config/parsing/hostname-invalid-characters.yaml
post-refactor-20b,PR117-M0148,shadow-main,src/test/config/read_from_stdin,3,src/test/config/read_from_stdin/CMakeLists.txt,10e88e592b23ca6a93adc92ebcc3f5f92f85607a2dc7106b4d7d09e31807df53,src/test/config/read_from_stdin/CMakeLists.txt,src/test/config/read_from_stdin/test_config.c
post-refactor-20b,PR117-M0149,shadow-main,src/test/config/shutdown,5,src/test/config/shutdown/CMakeLists.txt,470b56ff7338887c6b9fba7346b04aa64571648cc8526c5e0f8842d0790b50c0,src/test/config/shutdown/CMakeLists.txt,src/test/config/shutdown/shutdown_signal_sigterm.yaml
post-refactor-20b,PR117-M0150,shadow-main,src/test/cpp,3,src/test/cpp/CMakeLists.txt,29909d875846a358d10c6ed6fb468e6c2576b01d80862dbc0b529973b4403967,src/test/cpp/CMakeLists.txt,src/test/cpp/test_cpp.cpp
post-refactor-20b,PR117-M0151,shadow-main,src/test/determinism,7,src/test/determinism/CMakeLists.txt,f7d6bb90f14405b41e62e734e4caed7500c61eda8015021cde9fa9da5a69d9f9,src/test/determinism/CMakeLists.txt,src/test/determinism/weights.txt
post-refactor-20b,PR117-M0152,shadow-main,src/test/dup,3,src/test/dup/CMakeLists.txt,9e184f03859e8a03f24129b69b4d4e98228c62d8cb5339bf82123086bf5809b6,src/test/dup/CMakeLists.txt,src/test/dup/test_dup.rs
post-refactor-20b,PR117-M0153,shadow-main,src/test/environment,3,src/test/environment/CMakeLists.txt,48c1635a9450a49c7a7ba0502da94dda5dd0238676978b884e520df5d7578107,src/test/environment/CMakeLists.txt,src/test/environment/test_env.rs
post-refactor-20b,PR117-M0154,shadow-main,src/test/epoll,9,src/test/epoll/CMakeLists.txt,41ed6efa9a56d2af97a5a309a0316035ca33c076924511c03051a233e7238b0c,src/test/epoll/CMakeLists.txt,src/test/epoll/test_epoll_writeable.c
post-refactor-20b,PR117-M0155,shadow-main,src/test/eventfd,3,src/test/eventfd/CMakeLists.txt,8c9f40471e9686fe51b370c2d50d09eb449988d71645c362699331cd99bfc4c1,src/test/eventfd/CMakeLists.txt,src/test/eventfd/test_eventfd.rs
post-refactor-20b,PR117-M0156,shadow-main,src/test/examples,1,src/test/examples/CMakeLists.txt,ae815068f28af9a0aa4f6c04d10e6b8c3c55ae8f42e6ba5496969124a865609d,src/test/examples/CMakeLists.txt,src/test/examples/CMakeLists.txt
post-refactor-20b,PR117-M0157,shadow-main,src/test/examples/bash,2,src/test/examples/bash/CMakeLists.txt,88e2525a56d0af0f680932024efb0c7a6a49d137f6c33ff7a7e9cd07bb16530d,src/test/examples/bash/CMakeLists.txt,src/test/examples/bash/bash-example.yaml
post-refactor-20b,PR117-M0158,shadow-main,src/test/exit,7,src/test/exit/CMakeLists.txt,0b63868b1f2b580eb5166bfb8e6d106e6ac63cda2b2447ffa0db0ee81f2d35d4,src/test/exit/CMakeLists.txt,src/test/exit/test_exit_sigsegv.c
post-refactor-20b,PR117-M0159,shadow-main,src/test/file,3,src/test/file/CMakeLists.txt,600e770bf9db2e92f6ad3fa89e562855943c8616bb16ea0543bff704726252b9,src/test/file/CMakeLists.txt,src/test/file/test_file.c
post-refactor-20b,PR117-M0160,shadow-main,src/test/futex,3,src/test/futex/CMakeLists.txt,92577051f1cc80c128f8538cec095c9762f6dec37a8a7e906eaf4ca464bf5a27,src/test/futex/CMakeLists.txt,src/test/futex/test_futex.c
post-refactor-20b,PR117-M0161,shadow-main,src/test/golang,16,src/test/golang/CMakeLists.txt,114cf7a4f988c8a728750eb66d9fe869429c1015168afa1edbfaba1ea8ed71d8,src/test/golang/CMakeLists.txt,src/test/golang/test_simple_http.go
post-refactor-20b,PR117-M0162,shadow-main,src/test/ifaddrs,3,src/test/ifaddrs/CMakeLists.txt,9f921d4801cd1d9126509dca61f661ae484da712a4de77ccfa1d32dc6afc6685,src/test/ifaddrs/CMakeLists.txt,src/test/ifaddrs/test_ifaddrs.rs
post-refactor-20b,PR117-M0163,shadow-main,src/test/legacy,10,src/test/legacy/loadgraph.c,9699ad073c53fd7ef843c2daacfb99bb842fbc526edc670e399621b6f76e76ca,src/test/legacy/loadgraph.c,src/test/legacy/test_timerfd.c
post-refactor-20b,PR117-M0164,shadow-main,src/test/memory,5,src/test/memory/CMakeLists.txt,86489084d27fcf07999f1b5807db8973da2baf47dd96f939d9398cbb769c7f3b,src/test/memory/CMakeLists.txt,src/test/memory/unaligned.yaml
post-refactor-20b,PR117-M0165,shadow-main,src/test/netlink,9,src/test/netlink/CMakeLists.txt,8aec0bef0785b3ab5b0cb0d7dd5173874bae266c871b5cebd285caed2799b25f,src/test/netlink/CMakeLists.txt,src/test/netlink/test_send_limit.rs
post-refactor-20b,PR117-M0166,shadow-main,src/test/netlink/socket,1,src/test/netlink/socket/CMakeLists.txt,3d47b9d9931aef6438134fccf0cd4da74bde852a97f54b6619ab87923979692c,src/test/netlink/socket/CMakeLists.txt,src/test/netlink/socket/CMakeLists.txt
post-refactor-20b,PR117-M0167,shadow-main,src/test/netlink/socket/bind,3,src/test/netlink/socket/bind/CMakeLists.txt,091d86f07511de524edecb106eb1752ffd068c168a17c83f87e965981cac91d4,src/test/netlink/socket/bind/CMakeLists.txt,src/test/netlink/socket/bind/test_bind.rs
post-refactor-20b,PR117-M0168,shadow-main,src/test/phold,7,src/test/phold/CMakeLists.txt,7069c3581d58609ade4d9c969b0ad8ef6b59452d356c75de7cbeed3b47890d12,src/test/phold/CMakeLists.txt,src/test/phold/weights.txt
post-refactor-20b,PR117-M0169,shadow-main,src/test/pipe,3,src/test/pipe/CMakeLists.txt,6ebd901fd9cfa338eb388dba7e1e2c30832d02548b6a0da900eaf3279e6279a0,src/test/pipe/CMakeLists.txt,src/test/pipe/test_pipe.rs
post-refactor-20b,PR117-M0170,shadow-main,src/test/poll,3,src/test/poll/CMakeLists.txt,b5458b72767ba515bee3b8261f6422b5e7db11b9f6cf4bd68f597420e740da7c,src/test/poll/CMakeLists.txt,src/test/poll/test_poll.rs
post-refactor-20b,PR117-M0171,shadow-main,src/test/prctl,3,src/test/prctl/CMakeLists.txt,4786ebd501dca6e17550c94cc857d73187615ac5ba4e7805e1795c2b1fd6db57,src/test/prctl/CMakeLists.txt,src/test/prctl/test_prctl.rs
post-refactor-20b,PR117-M0172,shadow-main,src/test/random,3,src/test/random/CMakeLists.txt,a33915b4ad52d1169e2a81d3adecb549fab753ecaa39c15263cc6fed0b1f7fcc,src/test/random/CMakeLists.txt,src/test/random/test_random.rs
post-refactor-20b,PR117-M0173,shadow-main,src/test/regression,14,src/test/regression/CMakeLists.txt,6eefc8cee48c1a70ecdba7ad45e599fe2e16add6173ca689a1fa8fa33ca9fbc4,src/test/regression/CMakeLists.txt,src/test/regression/test_signal_resched.rs
post-refactor-20b,PR117-M0174,shadow-main,src/test/regression/2210,2,src/test/regression/2210/CMakeLists.txt,cdc94a5d7f149120815bd31dae2cc55eaf91469e0543525e85db1da9ceae474b,src/test/regression/2210/CMakeLists.txt,src/test/regression/2210/regression-2210.yaml
post-refactor-20b,PR117-M0175,shadow-main,src/test/regression/3100,3,src/test/regression/3100/CMakeLists.txt,b34d492bb7ecbb12ba3d56ceffcd3ffbd0eda5b8758f79237822b708228d13ee,src/test/regression/3100/CMakeLists.txt,src/test/regression/3100/regression-3100-b.yaml
post-refactor-20b,PR117-M0176,shadow-main,src/test/regression/3148,2,src/test/regression/3148/CMakeLists.txt,c1e192aa23c67ba4ecf2a3ff5411bccd74aedd4d7717ccfd9f3c5b5013ee9021,src/test/regression/3148/CMakeLists.txt,src/test/regression/3148/regression-3148.yaml
post-refactor-20b,PR117-M0177,shadow-main,src/test/regression/3650,2,src/test/regression/3650/CMakeLists.txt,b09538371a141b8211253f3c309d9814cbdb9504423c7628df09a2b878408bc1,src/test/regression/3650/CMakeLists.txt,src/test/regression/3650/regression-3650.yaml
post-refactor-20b,PR117-M0178,shadow-main,src/test/resolver,3,src/test/resolver/CMakeLists.txt,d437f0fa6c0b9637dec7f80ff3663dab42f70ccb8519b6ddee320714eecadbc8,src/test/resolver/CMakeLists.txt,src/test/resolver/test_getaddrinfo.c
post-refactor-20b,PR117-M0179,shadow-main,src/test/resource,3,src/test/resource/CMakeLists.txt,3630f03eae3c3127602ca1390006dc842abddd05bf537cad35d40b6e7d28c2ad,src/test/resource/CMakeLists.txt,src/test/resource/test_resource.rs
post-refactor-20b,PR117-M0180,shadow-main,src/test/sched,3,src/test/sched/CMakeLists.txt,07ae68c772eb30dfff4ebba826f5a9884a22a2917e025a87651ad6909d3f1d93,src/test/sched/CMakeLists.txt,src/test/sched/test_sched.rs
post-refactor-20b,PR117-M0181,shadow-main,src/test/sched_affinity,3,src/test/sched_affinity/CMakeLists.txt,1cffa9470c27d295f6b48210c2ed9f576480d82b619b0ef16da85f5476c89094,src/test/sched_affinity/CMakeLists.txt,src/test/sched_affinity/test_sched_affinity.rs
post-refactor-20b,PR117-M0182,shadow-main,src/test/select,3,src/test/select/CMakeLists.txt,1617995258e1f2494156178d39be35dee4cfc73af9685826ccf7707c7d47ed0c,src/test/select/CMakeLists.txt,src/test/select/test_select.rs
post-refactor-20b,PR117-M0183,shadow-main,src/test/signal,6,src/test/signal/CMakeLists.txt,e616911b659d0b9c4f36739550af09c05903f045e8d7e478a36929925c70643d,src/test/signal/CMakeLists.txt,src/test/signal/test_signals.rs
post-refactor-20b,PR117-M0184,shadow-main,src/test/sleep,3,src/test/sleep/CMakeLists.txt,7b1761b19965442ccdd56e191faa72b15ef3e9e0dc0bf9a3940faf6321ed9419,src/test/sleep/CMakeLists.txt,src/test/sleep/test_sleep.rs
post-refactor-20b,PR117-M0185,shadow-main,src/test/sockbuf,3,src/test/sockbuf/CMakeLists.txt,e17036c716ceb841bd58ec08526fff9e4f9c813a4a4f177d81a24faeb502a396,src/test/sockbuf/CMakeLists.txt,src/test/sockbuf/test_sockbuf.c
post-refactor-20b,PR117-M0186,shadow-main,src/test/socket,1,src/test/socket/CMakeLists.txt,ae273d50bc26d6799a066b89f54648d3b903399feb80ddab50ab5f4ff952188f,src/test/socket/CMakeLists.txt,src/test/socket/CMakeLists.txt
post-refactor-20b,PR117-M0187,shadow-main,src/test/socket/accept,3,src/test/socket/accept/CMakeLists.txt,46a2370dbd2a644c7463cd2be30ce2cc38e5c250e33c5f8f5073ffc8687602db,src/test/socket/accept/CMakeLists.txt,src/test/socket/accept/test_accept.rs
post-refactor-20b,PR117-M0188,shadow-main,src/test/socket/bind,5,src/test/socket/bind/CMakeLists.txt,bd65670b36c53972be0dbd823c16eeff2f8fe6ea16303fea6724d118abca5181,src/test/socket/bind/CMakeLists.txt,src/test/socket/bind/test_bind_in_new_process.rs
post-refactor-20b,PR117-M0189,shadow-main,src/test/socket/connect,3,src/test/socket/connect/CMakeLists.txt,71e898a1d8af05372e4340c51de45bb5578e85fc889a92a7a36c2a156b9a8bda,src/test/socket/connect/CMakeLists.txt,src/test/socket/connect/test_connect.rs
post-refactor-20b,PR117-M0190,shadow-main,src/test/socket/getpeername,3,src/test/socket/getpeername/CMakeLists.txt,af2dfb607cb0402714a14d82ad894b21c8b446ebb6bf9b5516fa67c1877a6bf4,src/test/socket/getpeername/CMakeLists.txt,src/test/socket/getpeername/test_getpeername.rs
post-refactor-20b,PR117-M0191,shadow-main,src/test/socket/getsockname,3,src/test/socket/getsockname/CMakeLists.txt,a7e8736c2062a9380a0cb5cb99eaecf41f2762bf3bf699bd3de1bd5a5fa576f1,src/test/socket/getsockname/CMakeLists.txt,src/test/socket/getsockname/test_getsockname.rs
post-refactor-20b,PR117-M0192,shadow-main,src/test/socket/ioctl,3,src/test/socket/ioctl/CMakeLists.txt,46d2a82cb2e2237af9d8add765ed0256e951d818523bf921281060b0d00dbdb2,src/test/socket/ioctl/CMakeLists.txt,src/test/socket/ioctl/test_ioctl.rs
post-refactor-20b,PR117-M0193,shadow-main,src/test/socket/listen,3,src/test/socket/listen/CMakeLists.txt,22652fd704642447574b30d4e39b2fb7128ca721589e0c7c37606216cbd567ab,src/test/socket/listen/CMakeLists.txt,src/test/socket/listen/test_listen.rs
post-refactor-20b,PR117-M0194,shadow-main,src/test/socket/send_recv,3,src/test/socket/send_recv/CMakeLists.txt,c41b672326a519437e1bf6818b620a54ed30e5c9dd75c4ee75b03c2551485175,src/test/socket/send_recv/CMakeLists.txt,src/test/socket/send_recv/test_send_recv.rs
post-refactor-20b,PR117-M0195,shadow-main,src/test/socket/shutdown,3,src/test/socket/shutdown/CMakeLists.txt,e65e3c2dd6727f9f1d7af1a824d65abd689d9409bb7081bebcff2942333929d2,src/test/socket/shutdown/CMakeLists.txt,src/test/socket/shutdown/test_shutdown.rs
post-refactor-20b,PR117-M0196,shadow-main,src/test/socket/socket,3,src/test/socket/socket/CMakeLists.txt,4ad7ecd7572f7f0203663851348d1f643335c40fbc513661fe0b1f22aa5872ee,src/test/socket/socket/CMakeLists.txt,src/test/socket/socket/test_socket.rs
post-refactor-20b,PR117-M0197,shadow-main,src/test/socket/socketpair,3,src/test/socket/socketpair/CMakeLists.txt,9cd8d15dd063b1e961c3fecade7bc2350c5fc9fd297bf6c22302302c59838f1c,src/test/socket/socketpair/CMakeLists.txt,src/test/socket/socketpair/test_socketpair.rs
post-refactor-20b,PR117-M0198,shadow-main,src/test/socket/sockopt,3,src/test/socket/sockopt/CMakeLists.txt,baeb060fddd01341dfe435fe6ad654a27ac093012d02009549f2c600c63eb551,src/test/socket/sockopt/CMakeLists.txt,src/test/socket/sockopt/test_sockopt.rs
post-refactor-20b,PR117-M0199,shadow-main,src/test/stat,3,src/test/stat/CMakeLists.txt,21858a6b078038029ab0e439a1d888eeccc4b4c554fbffe8dc45cfde1cb80ad1,src/test/stat/CMakeLists.txt,src/test/stat/test_stat.rs
post-refactor-20b,PR117-M0200,shadow-main,src/test/static-bin,3,src/test/static-bin/CMakeLists.txt,60dbe516c032ff2cd90f699ab5098ef24b0855fddb5c345f4d7f19359388698b,src/test/static-bin/CMakeLists.txt,src/test/static-bin/static-bin.yaml
post-refactor-20b,PR117-M0201,shadow-main,src/test/stdio,3,src/test/stdio/CMakeLists.txt,1a216fec03793dbbf8cee2c536821cc5606e078c1bed241f814ed297059f74b7,src/test/stdio/CMakeLists.txt,src/test/stdio/test_stdio.rs
post-refactor-20b,PR117-M0202,shadow-main,src/test/sysinfo,3,src/test/sysinfo/CMakeLists.txt,9ac30d935ff4908f148aa32a5bf7108bb149392ae2b983f2d24e7a8da22f8515,src/test/sysinfo/CMakeLists.txt,src/test/sysinfo/test_sysinfo.rs
post-refactor-20b,PR117-M0203,shadow-main,src/test/tcp,17,src/test/tcp/CMakeLists.txt,53f794d9c20cfb573299ac8025e8e34c35fe5eb4f21db34214975547b36ed130,src/test/tcp/CMakeLists.txt,src/test/tcp/test_tcp.c
post-refactor-20b,PR117-M0204,shadow-main,src/test/tgen,2,src/test/tgen/CMakeLists.txt,cb891438c027067e4cbd854fa1f11a920513ad00d56c7ffd3364d2180732ce8f,src/test/tgen/CMakeLists.txt,src/test/tgen/README.md
post-refactor-20b,PR117-M0205,shadow-main,src/test/tgen/fixed_duration,12,src/test/tgen/fixed_duration/100mbit_100ms.yaml,84d9c81083a0211a0094d77206e7528eb1dfe36f8bc2aa7541bd21cda92887d4,src/test/tgen/fixed_duration/100mbit_100ms.yaml,src/test/tgen/fixed_duration/verify.sh
post-refactor-20b,PR117-M0206,shadow-main,src/test/tgen/fixed_size,14,src/test/tgen/fixed_size/100mbit_100ms.yaml,0a1c5d7bbdfcf8d7fcb73cc42f39f066cdb484f2abb765bec6839e82ca91841a,src/test/tgen/fixed_size/100mbit_100ms.yaml,src/test/tgen/fixed_size/verify.sh
post-refactor-20b,PR117-M0207,shadow-main,src/test/threads,7,src/test/threads/CMakeLists.txt,298ef94db71de32ea6ee0f042420ca5a80c1a945403593b6c04b893951f3fde5,src/test/threads/CMakeLists.txt,src/test/threads/threads-noexit.yaml
post-refactor-20b,PR117-M0208,shadow-main,src/test/time,2,src/test/time/CMakeLists.txt,7067c0d752682832f6e64354ef595ba72719a1b460d9735a4c7ebf1845db7df1,src/test/time/CMakeLists.txt,src/test/time/mod.rs
post-refactor-20b,PR117-M0209,shadow-main,src/test/time/clock_getres,3,src/test/time/clock_getres/CMakeLists.txt,88ec0734c918971e1865a47715676b441f87601467bd368c9040e49a50a99118,src/test/time/clock_getres/CMakeLists.txt,src/test/time/clock_getres/test_clock_getres.rs
post-refactor-20b,PR117-M0210,shadow-main,src/test/time/clock_gettime,3,src/test/time/clock_gettime/CMakeLists.txt,64710d9fbf3f39a17785b30964c3aa9783e94b1b508062395734b8e03937d2bd,src/test/time/clock_gettime/CMakeLists.txt,src/test/time/clock_gettime/test_clock_gettime.rs
post-refactor-20b,PR117-M0211,shadow-main,src/test/time/clock_nanosleep,3,src/test/time/clock_nanosleep/CMakeLists.txt,bfe322660dd37ce1ca43e9ff482482097f8e44e6d80da075850e53aef7653772,src/test/time/clock_nanosleep/CMakeLists.txt,src/test/time/clock_nanosleep/test_clock_nanosleep.rs
post-refactor-20b,PR117-M0212,shadow-main,src/test/time/itimer,5,src/test/time/itimer/CMakeLists.txt,8229d00cd25510412c1447ab5210f4236d38a2fd80baee367708badcac76a9b7,src/test/time/itimer/CMakeLists.txt,src/test/time/itimer/test_itimer_scheduled_after_exit.rs
post-refactor-20b,PR117-M0213,shadow-main,src/test/time/nanosleep,3,src/test/time/nanosleep/CMakeLists.txt,a8b2f4d8a9311a0d2355b39943f68c7a1ab18544cdf64d2daa053d3822e0698f,src/test/time/nanosleep/CMakeLists.txt,src/test/time/nanosleep/test_nanosleep.rs
post-refactor-20b,PR117-M0214,shadow-main,src/test/time/time,3,src/test/time/time/CMakeLists.txt,9a9971fac6090e0c636d85f99b72dda01952aa57fe2221001094df1d95a5f7b0,src/test/time/time/CMakeLists.txt,src/test/time/time/time.yaml
post-refactor-20b,PR117-M0215,shadow-main,src/test/timerfd,3,src/test/timerfd/CMakeLists.txt,a40e3a32f1b854a952f40e9d8a0e5449b8d7b4deb3c7bf87381e9eb134703afe,src/test/timerfd/CMakeLists.txt,src/test/timerfd/timerfd.yaml
post-refactor-20b,PR117-M0216,shadow-main,src/test/tor,1,src/test/tor/CMakeLists.txt,c8ad82854851d9a66ed5f6298e72198689091dfb9dc6d906222867af0b608986,src/test/tor/CMakeLists.txt,src/test/tor/CMakeLists.txt
post-refactor-20b,PR117-M0217,shadow-main,src/test/tor/minimal,4,src/test/tor/minimal/CMakeLists.txt,46066067d327d96fe5ac55d81d9384b5aebc76e4be4eb927a88d7efbc69849e8,src/test/tor/minimal/CMakeLists.txt,src/test/tor/minimal/verify.sh
post-refactor-20b,PR117-M0218,shadow-main,src/test/tor/minimal/conf,15,src/test/tor/minimal/conf/authgen.pw,276c5fd69dbb68e4b6920b2bf645b23d8f7aad0e33b3652d708732ba549d22e5,src/test/tor/minimal/conf/authgen.pw,src/test/tor/minimal/conf/tor.relay.torrc
post-refactor-20b,PR117-M0219,shadow-main,src/test/tor/minimal/shadow.data.template/hosts/4uthority,3,src/test/tor/minimal/shadow.data.template/hosts/4uthority/fingerprint,f5489d860645949800d864408c7a42e2f6e17a6b1bf3b9022205c8df7a1f9b7d,src/test/tor/minimal/shadow.data.template/hosts/4uthority/fingerprint,src/test/tor/minimal/shadow.data.template/hosts/4uthority/torrc-defaults
post-refactor-20b,PR117-M0220,shadow-main,src/test/tor/minimal/shadow.data.template/hosts/4uthority/keys,5,src/test/tor/minimal/shadow.data.template/hosts/4uthority/keys/authority_certificate,1b1a99c872b6edaa1e2da79b71a2b15609175a113e4ac26f7064d0ea66c38287,src/test/tor/minimal/shadow.data.template/hosts/4uthority/keys/authority_certificate,src/test/tor/minimal/shadow.data.template/hosts/4uthority/keys/secret_onion_key
post-refactor-20b,PR117-M0221,shadow-main,src/test/tor/minimal/shadow.data.template/hosts/exit1,3,src/test/tor/minimal/shadow.data.template/hosts/exit1/fingerprint,83df51ed7e46cf352fbb8089d2d1d8134921911280f2ed88bc87f791f3b01916,src/test/tor/minimal/shadow.data.template/hosts/exit1/fingerprint,src/test/tor/minimal/shadow.data.template/hosts/exit1/torrc-defaults
post-refactor-20b,PR117-M0222,shadow-main,src/test/tor/minimal/shadow.data.template/hosts/exit1/keys,3,src/test/tor/minimal/shadow.data.template/hosts/exit1/keys/secret_id_key,264e8b2c9009e58f12df1d3388698cc5b86645274fa2ceda57a4ad213de41eca,src/test/tor/minimal/shadow.data.template/hosts/exit1/keys/secret_id_key,src/test/tor/minimal/shadow.data.template/hosts/exit1/keys/secret_onion_key_ntor
post-refactor-20b,PR117-M0223,shadow-main,src/test/tor/minimal/shadow.data.template/hosts/exit2,3,src/test/tor/minimal/shadow.data.template/hosts/exit2/fingerprint,34b806cf214ebcbee811e944821bcdaad00bbaafefbbd97e53c7d56352de9041,src/test/tor/minimal/shadow.data.template/hosts/exit2/fingerprint,src/test/tor/minimal/shadow.data.template/hosts/exit2/torrc-defaults
post-refactor-20b,PR117-M0224,shadow-main,src/test/tor/minimal/shadow.data.template/hosts/exit2/keys,3,src/test/tor/minimal/shadow.data.template/hosts/exit2/keys/secret_id_key,5059d44bbe0fa7fce7c5363997a96cdc27be1669e26ee0d5d6ad529a43d4cac5,src/test/tor/minimal/shadow.data.template/hosts/exit2/keys/secret_id_key,src/test/tor/minimal/shadow.data.template/hosts/exit2/keys/secret_onion_key_ntor
post-refactor-20b,PR117-M0225,shadow-main,src/test/tor/minimal/shadow.data.template/hosts/hiddenserver,2,src/test/tor/minimal/shadow.data.template/hosts/hiddenserver/torrc,e3b0c44298fc1c149afbf4c8996fb92427ae41e4649b934ca495991b7852b855,src/test/tor/minimal/shadow.data.template/hosts/hiddenserver/torrc,src/test/tor/minimal/shadow.data.template/hosts/hiddenserver/torrc-defaults
post-refactor-20b,PR117-M0226,shadow-main,src/test/tor/minimal/shadow.data.template/hosts/hiddenserver/hs,3,src/test/tor/minimal/shadow.data.template/hosts/hiddenserver/hs/hostname,ffb6342498ade5e944df6e6a6dc7cefebf7535f3142d0f4790a6de30cc33a317,src/test/tor/minimal/shadow.data.template/hosts/hiddenserver/hs/hostname,src/test/tor/minimal/shadow.data.template/hosts/hiddenserver/hs/hs_ed25519_secret_key
post-refactor-20b,PR117-M0227,shadow-main,src/test/tor/minimal/shadow.data.template/hosts/ptbridge,4,src/test/tor/minimal/shadow.data.template/hosts/ptbridge/fingerprint,f4a17e4b9f0a59419c7df72fc6cf6244fdf4b6939c612d0cbad669df1ec10cde,src/test/tor/minimal/shadow.data.template/hosts/ptbridge/fingerprint,src/test/tor/minimal/shadow.data.template/hosts/ptbridge/torrc-defaults
post-refactor-20b,PR117-M0228,shadow-main,src/test/tor/minimal/shadow.data.template/hosts/ptbridge/keys,7,src/test/tor/minimal/shadow.data.template/hosts/ptbridge/keys/ed25519_master_id_public_key,92077573835011b1d98f567076b7ecc2f06863a6d8aabc903bd00165d2894ff0,src/test/tor/minimal/shadow.data.template/hosts/ptbridge/keys/ed25519_master_id_public_key,src/test/tor/minimal/shadow.data.template/hosts/ptbridge/keys/secret_onion_key_ntor
post-refactor-20b,PR117-M0229,shadow-main,src/test/tor/minimal/shadow.data.template/hosts/ptbridge/pt_state,2,src/test/tor/minimal/shadow.data.template/hosts/ptbridge/pt_state/obfs4_bridgeline.txt,b65d176d5d7dc01c4989f674b95e0be41cb49e9262abb286186568443976ec3f,src/test/tor/minimal/shadow.data.template/hosts/ptbridge/pt_state/obfs4_bridgeline.txt,src/test/tor/minimal/shadow.data.template/hosts/ptbridge/pt_state/obfs4_state.json
post-refactor-20b,PR117-M0230,shadow-main,src/test/tor/minimal/shadow.data.template/hosts/relay1,3,src/test/tor/minimal/shadow.data.template/hosts/relay1/fingerprint,114c87741635c0235d329dfa786b4fe6773c13fe1c915bc6a07b25a93a728b6f,src/test/tor/minimal/shadow.data.template/hosts/relay1/fingerprint,src/test/tor/minimal/shadow.data.template/hosts/relay1/torrc-defaults
post-refactor-20b,PR117-M0231,shadow-main,src/test/tor/minimal/shadow.data.template/hosts/relay1/keys,3,src/test/tor/minimal/shadow.data.template/hosts/relay1/keys/secret_id_key,f6247fc23c53dfb31b255abb4fe444ab5b73afd74edc22a6463ebe0d629c5d19,src/test/tor/minimal/shadow.data.template/hosts/relay1/keys/secret_id_key,src/test/tor/minimal/shadow.data.template/hosts/relay1/keys/secret_onion_key_ntor
post-refactor-20b,PR117-M0232,shadow-main,src/test/tor/minimal/shadow.data.template/hosts/relay2,3,src/test/tor/minimal/shadow.data.template/hosts/relay2/fingerprint,a7aca05a103d11dd0b14a8c2af7f12f27ec1f6cc50230f299d249d958ff1815c,src/test/tor/minimal/shadow.data.template/hosts/relay2/fingerprint,src/test/tor/minimal/shadow.data.template/hosts/relay2/torrc-defaults
post-refactor-20b,PR117-M0233,shadow-main,src/test/tor/minimal/shadow.data.template/hosts/relay2/keys,3,src/test/tor/minimal/shadow.data.template/hosts/relay2/keys/secret_id_key,7cd2c8303511b50e1a9505714399799a67913af149bba0e32a82539ec4090549,src/test/tor/minimal/shadow.data.template/hosts/relay2/keys/secret_id_key,src/test/tor/minimal/shadow.data.template/hosts/relay2/keys/secret_onion_key_ntor
post-refactor-20b,PR117-M0234,shadow-main,src/test/tor/minimal/shadow.data.template/hosts/relay3,3,src/test/tor/minimal/shadow.data.template/hosts/relay3/fingerprint,cd13fc115666c6f0afc77dd1978311dcd2089ab4676455004a5e61651328d9f5,src/test/tor/minimal/shadow.data.template/hosts/relay3/fingerprint,src/test/tor/minimal/shadow.data.template/hosts/relay3/torrc-defaults
post-refactor-20b,PR117-M0235,shadow-main,src/test/tor/minimal/shadow.data.template/hosts/relay3/keys,7,src/test/tor/minimal/shadow.data.template/hosts/relay3/keys/ed25519_master_id_public_key,77fbcc3d674b26c89163719b0df9b8fe06341306f1b15352fe47687cbab5b9d4,src/test/tor/minimal/shadow.data.template/hosts/relay3/keys/ed25519_master_id_public_key,src/test/tor/minimal/shadow.data.template/hosts/relay3/keys/secret_onion_key_ntor
post-refactor-20b,PR117-M0236,shadow-main,src/test/tor/minimal/shadow.data.template/hosts/relay4,3,src/test/tor/minimal/shadow.data.template/hosts/relay4/fingerprint,5e86171b82b8df45268bc214c6c2dfcd292bec0ac9d456c9163a95d4d2010514,src/test/tor/minimal/shadow.data.template/hosts/relay4/fingerprint,src/test/tor/minimal/shadow.data.template/hosts/relay4/torrc-defaults
post-refactor-20b,PR117-M0237,shadow-main,src/test/tor/minimal/shadow.data.template/hosts/relay4/keys,7,src/test/tor/minimal/shadow.data.template/hosts/relay4/keys/ed25519_master_id_public_key,e4d2edf1198f6c13b1f83e39434a07198eca70f8629f75da22a26cffd6997254,src/test/tor/minimal/shadow.data.template/hosts/relay4/keys/ed25519_master_id_public_key,src/test/tor/minimal/shadow.data.template/hosts/relay4/keys/secret_onion_key_ntor
post-refactor-20b,PR117-M0238,shadow-main,src/test/tor/minimal/shadow.data.template/hosts/torbridgeclient,2,src/test/tor/minimal/shadow.data.template/hosts/torbridgeclient/torrc,e3b0c44298fc1c149afbf4c8996fb92427ae41e4649b934ca495991b7852b855,src/test/tor/minimal/shadow.data.template/hosts/torbridgeclient/torrc,src/test/tor/minimal/shadow.data.template/hosts/torbridgeclient/torrc-defaults
post-refactor-20b,PR117-M0239,shadow-main,src/test/tor/minimal/shadow.data.template/hosts/torclient,2,src/test/tor/minimal/shadow.data.template/hosts/torclient/torrc,e3b0c44298fc1c149afbf4c8996fb92427ae41e4649b934ca495991b7852b855,src/test/tor/minimal/shadow.data.template/hosts/torclient/torrc,src/test/tor/minimal/shadow.data.template/hosts/torclient/torrc-defaults
post-refactor-20b,PR117-M0240,shadow-main,src/test/tor/minimal/shadow.data.template/hosts/torflowauthority,1,src/test/tor/minimal/shadow.data.template/hosts/torflowauthority/v3bw,31cb80f4d9353e0dc24bd026db773d1d9d04bf618afde9aec7641457945961eb,src/test/tor/minimal/shadow.data.template/hosts/torflowauthority/v3bw,src/test/tor/minimal/shadow.data.template/hosts/torflowauthority/v3bw
post-refactor-20b,PR117-M0241,shadow-main,src/test/tor/minimal/shadow.data.template/hosts/torhiddenclient,2,src/test/tor/minimal/shadow.data.template/hosts/torhiddenclient/torrc,e3b0c44298fc1c149afbf4c8996fb92427ae41e4649b934ca495991b7852b855,src/test/tor/minimal/shadow.data.template/hosts/torhiddenclient/torrc,src/test/tor/minimal/shadow.data.template/hosts/torhiddenclient/torrc-defaults
post-refactor-20b,PR117-M0242,shadow-main,src/test/tor/minimal/shadow.data.template/hosts/torptbridgeclient,2,src/test/tor/minimal/shadow.data.template/hosts/torptbridgeclient/torrc,e3b0c44298fc1c149afbf4c8996fb92427ae41e4649b934ca495991b7852b855,src/test/tor/minimal/shadow.data.template/hosts/torptbridgeclient/torrc,src/test/tor/minimal/shadow.data.template/hosts/torptbridgeclient/torrc-defaults
post-refactor-20b,PR117-M0243,shadow-main,src/test/udp,5,src/test/udp/CMakeLists.txt,a0eed60a85771262d3d9d751d9f556cc9d6a22b5ff43f5f688f22fc1bfaeb24c,src/test/udp/CMakeLists.txt,src/test/udp/udp.yaml
post-refactor-20b,PR117-M0244,shadow-main,src/test/unistd,3,src/test/unistd/CMakeLists.txt,2893d56f6d9a085907bea300abfa28beda3e26ca8c9014bc1a030ab5794e6749,src/test/unistd/CMakeLists.txt,src/test/unistd/unistd.yaml
post-refactor-20b,PR117-M0245,shadowsocks-libev-master,@root,13,.dockerignore,cab5eee7023cc4c7d2dfdeb332cf794bd0bb8efe5c300444f4834c5fc2b8c580,.dockerignore,README_pt_BR.md
post-refactor-20b,PR117-M0246,shadowsocks-libev-master,.copr,1,.copr/Makefile,2cb910fcec0a42700505ed883075dfa3daeced4354b5c40b0005bc67ff6cd03e,.copr/Makefile,.copr/Makefile
post-refactor-20b,PR117-M0247,shadowsocks-libev-master,.github,3,.github/FUNDING.yml,096eb7c6e2495eda9e7fa9dc4beb49dea4540c153d0bdde76c279784696d379b,.github/FUNDING.yml,.github/issue_template.md
post-refactor-20b,PR117-M0248,shadowsocks-libev-master,.github/workflows,1,.github/workflows/build.yml,6c037d7555cc2fb8b744143ad061aeae8e4f3d74320522e55bb88d3283532a89,.github/workflows/build.yml,.github/workflows/build.yml
post-refactor-20b,PR117-M0249,shadowsocks-libev-master,acl,5,acl/chn.acl,e34dfbdd11ffb037413caa78fff7dbaac04c93786d86bea7c658a9ea2b7be9e4,acl/chn.acl,acl/server_block_local.acl
post-refactor-20b,PR117-M0250,shadowsocks-libev-master,cmake,7,cmake/FindCares.cmake,8cfa14b3d2e1070a804f71796dc0cb281cb1044946704ca1a5b598a47eb7100a,cmake/FindCares.cmake,cmake/shadowsocks-libev.pc.cmake
post-refactor-20b,PR117-M0251,shadowsocks-libev-master,completions/bash,5,completions/bash/ss-local,3df990df7b6bc734509e32e82b692ac4d43c77e7180570633250cd85cb74fee3,completions/bash/ss-local,completions/bash/ss-tunnel
post-refactor-20b,PR117-M0252,shadowsocks-libev-master,completions/zsh,5,completions/zsh/_ss-local,224534778051963d10ba1e992f70c78259f784a97431bee72e564ece63d805ef,completions/zsh/_ss-local,completions/zsh/_ss-tunnel
post-refactor-20b,PR117-M0253,shadowsocks-libev-master,debian,26,debian/.gitignore,aefe8dd405a07870311b54fa42816d29803f4842af7e4b8cf3032cbf2bb0d827,debian/.gitignore,debian/watch
post-refactor-20b,PR117-M0254,shadowsocks-libev-master,debian/source,1,debian/source/format,1be7080d72e6b566df3e236ce2c55efdfbbb8fa1c972d825e5b672ff8773be1a,debian/source/format,debian/source/format
post-refactor-20b,PR117-M0255,shadowsocks-libev-master,debian/tests,1,debian/tests/control,b8dd6150ef079a244e1f71892355c5df49bcca00bd7346b45167536d84e2ce4d,debian/tests/control,debian/tests/control
post-refactor-20b,PR117-M0256,shadowsocks-libev-master,debian/upstream,1,debian/upstream/metadata,7bf574303e54b366d15612e2a5ac23ae6a60344e8489961f8436a07b115f228b,debian/upstream/metadata,debian/upstream/metadata
post-refactor-20b,PR117-M0257,shadowsocks-libev-master,doc,12,doc/CMakeLists.txt,08d17fd70e351601c73d4e8343477d31f5483e5b5c416cb67d4e24c6ea8553d7,doc/CMakeLists.txt,doc/ss-tunnel.asciidoc
post-refactor-20b,PR117-M0258,shadowsocks-libev-master,docker/alpine,4,docker/alpine/Dockerfile,b12880ae9e05e1d707742d8aeaebf9af35fbec5dfb7e799dd28d73fb17f5b51d,docker/alpine/Dockerfile,docker/alpine/entrypoint.sh
post-refactor-20b,PR117-M0259,shadowsocks-libev-master,docker/build,2,docker/build/builder.Dockerfile,ab5b10625e6ef149b77ba259fbb019a647df1e734e239330d1d28ff5d5ebcc6e,docker/build/builder.Dockerfile,docker/build/dockerbuild.sh
post-refactor-20b,PR117-M0260,shadowsocks-libev-master,docker/mingw,7,docker/mingw/Dockerfile,71c015a6401a8c01e0b73ababd9bb4e253bc8362f067880accb23f39f3d9b3f9,docker/mingw/Dockerfile,docker/mingw/prepare.sh
post-refactor-20b,PR117-M0261,shadowsocks-libev-master,rpm,1,rpm/genrpm.sh,10c97deda37c75a6011515712a882ebb96d9b0ce0820e15f0a54a8a174645abc,rpm/genrpm.sh,rpm/genrpm.sh
post-refactor-20b,PR117-M0262,shadowsocks-libev-master,rpm/SOURCES/etc/init.d,1,rpm/SOURCES/etc/init.d/shadowsocks-libev,dd2186ce505cec9cccb5e1408ee88277935800255682ae9d4a9bacb20c049c82,rpm/SOURCES/etc/init.d/shadowsocks-libev,rpm/SOURCES/etc/init.d/shadowsocks-libev
post-refactor-20b,PR117-M0263,shadowsocks-libev-master,rpm/SOURCES/systemd,7,rpm/SOURCES/systemd/shadowsocks-libev-local.service,fa4d7555df54c73682e5e98cdf8c689c5699eca7de9e7634e509649697ddf693,rpm/SOURCES/systemd/shadowsocks-libev-local.service,rpm/SOURCES/systemd/shadowsocks-libev.service
post-refactor-20b,PR117-M0264,shadowsocks-libev-master,rpm/SPECS,1,rpm/SPECS/shadowsocks-libev.spec.in,15fd57e3ddea2bb6cd0ff24795f429a44397895e9024d2f428b8d35471649e5a,rpm/SPECS/shadowsocks-libev.spec.in,rpm/SPECS/shadowsocks-libev.spec.in
post-refactor-20b,PR117-M0265,shadowsocks-libev-master,scripts,8,scripts/build_deb.sh,152ec74ffab7823438f4f1fac18c9d6edf0c0349d39370fb0745e58ae0a93710,scripts/build_deb.sh,scripts/ss-setup.sh
post-refactor-20b,PR117-M0266,shadowsocks-libev-master,snap,1,snap/snapcraft.yaml,7e2e3579e8a3ccd565f4237ae8194c067757c544245e4ad3def29f857329b4fa,snap/snapcraft.yaml,snap/snapcraft.yaml
post-refactor-20b,PR117-M0267,shadowsocks-libev-master,src,49,src/CMakeLists.txt,f9306cddbbcd7ef2a01dfed4a58950bb2b8e155e960db82da6b58e33bfbbe729,src/CMakeLists.txt,src/winsock.h
post-refactor-20b,PR117-M0268,shadowsocks-libev-master,tests,26,tests/CMakeLists.txt,19fc16494d3cc2a448f4d7a196b86ee0cd0421a8914f209d7f3ddfa7d230913c,tests/CMakeLists.txt,tests/test_utils.c
post-refactor-20b,PR117-M0269,shadowsocks-libev-master,tests/qemu,1,tests/qemu/guest-init.sh,90b688bfb2edc45f13afe78115b1e17a319a57dcfabd6187540e1e8c659b6342,tests/qemu/guest-init.sh,tests/qemu/guest-init.sh
post-refactor-20b,PR117-M0270,simple-obfs-android-master,@root,7,.gitignore,a8689607b7e812e1ebcf056f669c7d6dcc1054ed80aa90dcd941ee66a7013283,.gitignore,local.properties.example
post-refactor-20b,PR117-M0271,simple-obfs-android-master,.github/ISSUE_TEMPLATE,3,.github/ISSUE_TEMPLATE/bug_report.md,77dc9cc16d8d6508400bc7271a1b593c0f7e297ad4463bc371a2fcce9956b8cf,.github/ISSUE_TEMPLATE/bug_report.md,.github/ISSUE_TEMPLATE/questions-support-requests-other.md
post-refactor-20b,PR117-M0272,simple-obfs-android-master,project,2,project/build.properties,1ba0b959f23e67e1673e939b84e00da782aed4612e437d4230ac54a4abbdab77,project/build.properties,project/plugins.sbt
post-refactor-20b,PR117-M0273,simple-obfs-android-master,src/main,2,src/main/AndroidManifest.xml,e8003ff6e86cc910bbdc7c8d8105623fae54aa1a10998188629f0bc4c354bf9a,src/main/AndroidManifest.xml,src/main/web_hi_res_512.png
post-refactor-20b,PR117-M0274,simple-obfs-android-master,src/main/jni,3,src/main/jni/Android.mk,9db48f41ab67f02185c44f654db41dc1692e356210151edd379791e2e686c3a9,src/main/jni/Android.mk,src/main/jni/build-shared-executable.mk
post-refactor-20b,PR117-M0275,simple-obfs-android-master,src/main/jni/include/libev,1,src/main/jni/include/libev/config.h,8a06df0b76bc1171f8d88fc5143d10131c681e5d1a08f60cf211f48cf9fde9ff,src/main/jni/include/libev/config.h,src/main/jni/include/libev/config.h
post-refactor-20b,PR117-M0276,simple-obfs-android-master,src/main/jni/include/simple-obfs,1,src/main/jni/include/simple-obfs/config.h,c5e7d7af2fad466e03550eb69e105c96816d23612d9b778802024f9a805d15fc,src/main/jni/include/simple-obfs/config.h,src/main/jni/include/simple-obfs/config.h
post-refactor-20b,PR117-M0277,simple-obfs-android-master,src/main/res/drawable,2,src/main/res/drawable/ic_action_done.xml,a158d4ff0b578d6b528e303eb648fccbea371f3c3c8c0a338024cbbd776442b6,src/main/res/drawable/ic_action_done.xml,src/main/res/drawable/ic_navigation_close.xml
post-refactor-20b,PR117-M0278,simple-obfs-android-master,src/main/res/layout,1,src/main/res/layout/activity_config.xml,aab3021d948436cb10138b048e3acc215001cabcb44aeccabe1fbc984676272a,src/main/res/layout/activity_config.xml,src/main/res/layout/activity_config.xml
post-refactor-20b,PR117-M0279,simple-obfs-android-master,src/main/res/menu,1,src/main/res/menu/menu_config.xml,57278df390162ee96f15aefe19faa6a795717a24fd455ba7b521a9e33d15d5a4,src/main/res/menu/menu_config.xml,src/main/res/menu/menu_config.xml
post-refactor-20b,PR117-M0280,simple-obfs-android-master,src/main/res/mipmap-hdpi,1,src/main/res/mipmap-hdpi/ic_launcher.png,78de4112735f81998906adb36a889addbb95b6db80c20ee60c9647988a1ea1b8,src/main/res/mipmap-hdpi/ic_launcher.png,src/main/res/mipmap-hdpi/ic_launcher.png
post-refactor-20b,PR117-M0281,simple-obfs-android-master,src/main/res/mipmap-mdpi,1,src/main/res/mipmap-mdpi/ic_launcher.png,82e4f7e24822b0e70c598ff49a84e42b0bf95e4f95cb460eb42dd29120bcff27,src/main/res/mipmap-mdpi/ic_launcher.png,src/main/res/mipmap-mdpi/ic_launcher.png
post-refactor-20b,PR117-M0282,simple-obfs-android-master,src/main/res/mipmap-xhdpi,1,src/main/res/mipmap-xhdpi/ic_launcher.png,a84baf3699a297588cd91790e8ea3f10e6ee790eb084eeb4d2f79c38814ceca6,src/main/res/mipmap-xhdpi/ic_launcher.png,src/main/res/mipmap-xhdpi/ic_launcher.png
post-refactor-20b,PR117-M0283,simple-obfs-android-master,src/main/res/mipmap-xxhdpi,1,src/main/res/mipmap-xxhdpi/ic_launcher.png,b537b3cf32dcca83e19c01a02a9c72ef30462ac002279d510cf8e89c99445d46,src/main/res/mipmap-xxhdpi/ic_launcher.png,src/main/res/mipmap-xxhdpi/ic_launcher.png
post-refactor-20b,PR117-M0284,simple-obfs-android-master,src/main/res/mipmap-xxxhdpi,1,src/main/res/mipmap-xxxhdpi/ic_launcher.png,2368ca964e1b529d676bb0c27c66bde543302b68386f6502ac4d02cc11d45fa7,src/main/res/mipmap-xxxhdpi/ic_launcher.png,src/main/res/mipmap-xxxhdpi/ic_launcher.png
post-refactor-20b,PR117-M0285,simple-obfs-android-master,src/main/res/values,2,src/main/res/values/arrays.xml,3b91bbf8866f29541d6188360045e17e52d4048163676c2927fd3071d13a0600,src/main/res/values/arrays.xml,src/main/res/values/strings.xml
post-refactor-20b,PR117-M0286,simple-obfs-android-master,src/main/res/xml,1,src/main/res/xml/config.xml,fa2ed61f8ee4b70af5152a75394470a8a53d419d6575bb26c60d6b051d9a1553,src/main/res/xml/config.xml,src/main/res/xml/config.xml
post-refactor-20b,PR117-M0287,simple-obfs-android-master,src/main/scala/com/github/shadowsocks/plugin/obfs_local,3,src/main/scala/com/github/shadowsocks/plugin/obfs_local/BinaryProvider.scala,a7f5133cbb22dbb049a18e019497783bdbf5a8620b1c521a5867f2d87cf8260c,src/main/scala/com/github/shadowsocks/plugin/obfs_local/BinaryProvider.scala,src/main/scala/com/github/shadowsocks/plugin/obfs_local/ConfigFragment.scala
post-refactor-20b,PR117-M0288,sing-box-dashboard-main,@root,12,.gitignore,75cb205c80f5a69c05c0d6213568752fcf3aecbf5725c4e2e0ee1c89336f1a0f,.gitignore,vite.config.ts
post-refactor-20b,PR117-M0289,sing-box-dashboard-main,.github/workflows,2,.github/workflows/ci.yml,842a163da5a9decde4feedf7eb111961ea8eb365c8d384a9ed3cd2316e708789,.github/workflows/ci.yml,.github/workflows/deploy.yml
post-refactor-20b,PR117-M0290,sing-box-dashboard-main,public,1,public/favicon.svg,570774a1666351b7754209a50b56f74be7a90c7cd105e7478d060ee7d7c71e94,public/favicon.svg,public/favicon.svg
post-refactor-20b,PR117-M0291,sing-box-dashboard-main,scripts,2,scripts/gen-icons.mjs,7325a91ec90976b807fd9351aba6e305ff506cc6960c60638ffb2fd04e2d7903,scripts/gen-icons.mjs,scripts/gen-terminal-themes.mjs
post-refactor-20b,PR117-M0292,sing-box-dashboard-main,src,3,src/App.tsx,13dd7830d11ec5753a0c90f3f6928c320c99c2ddafaffe8f2f913270ed0f4e73,src/App.tsx,src/vite-env.d.ts
post-refactor-20b,PR117-M0293,sing-box-dashboard-main,src/api,7,src/api/config.test.ts,be07de639d6ac39a042d3da0d4c070a04126c74bcdf9813226dd05765f67f426,src/api/config.test.ts,src/api/websocket.ts
post-refactor-20b,PR117-M0294,sing-box-dashboard-main,src/app,8,src/app/capabilities.ts,bef14435b33e9550d44ea8a7333539c13031411ab5a1043f69805f3623c76991,src/app/capabilities.ts,src/app/translations.ts
post-refactor-20b,PR117-M0295,sing-box-dashboard-main,src/components,6,src/components/Icon.tsx,91322ac93b5bde99dd14f87021428718a4ece750a4f6025a6a6d3c2c4bd0f2db,src/components/Icon.tsx,src/components/ui.tsx
post-refactor-20b,PR117-M0296,sing-box-dashboard-main,src/lib,12,src/lib/ansi.test.ts,56f75d8ab6f1810a3347fcd656dbd81da543e1440d7ebfc3f6ca0f9db7714456,src/lib/ansi.test.ts,src/lib/webusb.ts
post-refactor-20b,PR117-M0297,sing-box-dashboard-main,src/styles,1,src/styles/global.css,76c0c313804a70cd77578cccc7634cd00538d1540a0a6c3b406f734cd8268e26,src/styles/global.css,src/styles/global.css
post-refactor-20b,PR117-M0298,sing-box-dashboard-main,src/views,11,src/views/ConnectionErrorView.tsx,99d99caa1c5c5943033dd0a0a280b83effb701d7e2d4013b200e0724130e9451,src/views/ConnectionErrorView.tsx,src/views/UsbipView.tsx
post-refactor-20b,PR117-M0299,sing-box-dev-next,@root,18,.fpm_openwrt,afe26fcc1ac49ce911336259e346d99bae762fda857e641ebe129ddeb90b268a,.fpm_openwrt,mkdocs.yml
post-refactor-20b,PR117-M0300,sing-box-dev-next,.github,8,.github/CRONET_GO_VERSION,a175ec27113025e4c9bf5d47511fc098cb16a23883d64ad08b1e3c8447860652,.github/CRONET_GO_VERSION,.github/update_dependencies.sh
post-refactor-20b,PR117-M0301,sing-box-dev-next,.github/ISSUE_TEMPLATE,2,.github/ISSUE_TEMPLATE/bug_report.yml,3a1d21d43c21653f74cc223ba75900a895000df71e7db7ae910d560e966dd65c,.github/ISSUE_TEMPLATE/bug_report.yml,.github/ISSUE_TEMPLATE/bug_report_zh.yml
post-refactor-20b,PR117-M0302,sing-box-dev-next,.github/workflows,5,.github/workflows/build.yml,3b23e0ffd98bf3520a00986a992c3050fb39b3866de46de61481c3380bdf8984,.github/workflows/build.yml,.github/workflows/stale.yml
post-refactor-20b,PR117-M0303,sing-box-dev-next,adapter,23,adapter/certificate.go,bec4b5381911f9e0c1591d5d6b0ac4eee92b61ad1529941fefb008669f367f70,adapter/certificate.go,adapter/v2ray.go
post-refactor-20b,PR117-M0304,sing-box-dev-next,adapter/endpoint,3,adapter/endpoint/adapter.go,196727bc4bf7c2f4c30509d26635bd503cd7151a94741f943bdcf276e99bdedc,adapter/endpoint/adapter.go,adapter/endpoint/registry.go
post-refactor-20b,PR117-M0305,sing-box-dev-next,adapter/inbound,3,adapter/inbound/adapter.go,b4681805b29293aeaabf678603122a3d3ccf62f43085a4e253f39608e24dbbba,adapter/inbound/adapter.go,adapter/inbound/registry.go
post-refactor-20b,PR117-M0306,sing-box-dev-next,adapter/outbound,3,adapter/outbound/adapter.go,74095fbeb9798078f932a671167956870c072b0fc054ab7cc779f085e89ec991,adapter/outbound/adapter.go,adapter/outbound/registry.go
post-refactor-20b,PR117-M0307,sing-box-dev-next,adapter/service,3,adapter/service/adapter.go,6d2cb9bcff0571877ca54d84c50298c7c6c8fe5167f4880a66541b7c3744bab3,adapter/service/adapter.go,adapter/service/registry.go
post-refactor-20b,PR117-M0308,sing-box-dev-next,cmd/internal/app_store_connect,1,cmd/internal/app_store_connect/main.go,b5aaddc1f00230824b890f73572b2c0b7dbab03528f24512517c960cda7b5615,cmd/internal/app_store_connect/main.go,cmd/internal/app_store_connect/main.go
post-refactor-20b,PR117-M0309,sing-box-dev-next,cmd/internal/build,1,cmd/internal/build/main.go,90c4cc5754006976ce0462aa22431a2400d8180111e0e0763f1fb47e5812c2f3,cmd/internal/build/main.go,cmd/internal/build/main.go
post-refactor-20b,PR117-M0310,sing-box-dev-next,cmd/internal/build_libbox,1,cmd/internal/build_libbox/main.go,4c4e05f669cf5413bafecd73f045cb7222ee451fd02aa69386359ce872aaa458,cmd/internal/build_libbox/main.go,cmd/internal/build_libbox/main.go
post-refactor-20b,PR117-M0311,sing-box-dev-next,cmd/internal/build_shared,2,cmd/internal/build_shared/sdk.go,cc58b302466402cf45f924828cddce70a5687465d958777f81ba4470d1c87472,cmd/internal/build_shared/sdk.go,cmd/internal/build_shared/tag.go
post-refactor-20b,PR117-M0312,sing-box-dev-next,cmd/internal/format_docs,1,cmd/internal/format_docs/main.go,75c421f6220690607f671a314d7635182d83dd969672e375dbd265185a7456a2,cmd/internal/format_docs/main.go,cmd/internal/format_docs/main.go
post-refactor-20b,PR117-M0313,sing-box-dev-next,cmd/internal/protogen,1,cmd/internal/protogen/main.go,5b8a7e312831029e8f8991e78a8dc3cec9f7586f9b4a9ec85f16d2a342e0df0d,cmd/internal/protogen/main.go,cmd/internal/protogen/main.go
post-refactor-20b,PR117-M0314,sing-box-dev-next,cmd/internal/read_tag,1,cmd/internal/read_tag/main.go,1181a91889b5832213dd110a8a340aab329245b6ca2cb6b44d8f7227326b37eb,cmd/internal/read_tag/main.go,cmd/internal/read_tag/main.go
post-refactor-20b,PR117-M0315,sing-box-dev-next,cmd/internal/tun_bench,1,cmd/internal/tun_bench/main.go,759ae904bae53d3478a1844b2407ab94a647816820e1d014c4b2aa0cb9ea45b0,cmd/internal/tun_bench/main.go,cmd/internal/tun_bench/main.go
post-refactor-20b,PR117-M0316,sing-box-dev-next,cmd/internal/update_android_version,1,cmd/internal/update_android_version/main.go,e0dd6711022963eaa51e037f190c06a5456990d05fb31ca62497576d453354b6,cmd/internal/update_android_version/main.go,cmd/internal/update_android_version/main.go
post-refactor-20b,PR117-M0317,sing-box-dev-next,cmd/internal/update_apple_version,1,cmd/internal/update_apple_version/main.go,bab52cd0b24df31e3d550d66b4b8394264a8b62928fc0f97d5bd68d17399d431,cmd/internal/update_apple_version/main.go,cmd/internal/update_apple_version/main.go
post-refactor-20b,PR117-M0318,sing-box-dev-next,cmd/internal/update_certificates,1,cmd/internal/update_certificates/main.go,704fdbed27902e2a3f49340043c613d276d6e3d728f1da7b753fabb861278d86,cmd/internal/update_certificates/main.go,cmd/internal/update_certificates/main.go
post-refactor-20b,PR117-M0319,sing-box-dev-next,cmd/sing-box,36,cmd/sing-box/cmd.go,2130f8d63cbf93517c90660e761d6e30acfe77dc50854358a857d04de2e04ac9,cmd/sing-box/cmd.go,cmd/sing-box/main.go
post-refactor-20b,PR117-M0320,sing-box-dev-next,common/badtls,6,common/badtls/raw_conn.go,3fd0194089576445ad5ee423fd9e6f66cc5c7bf512b95be3ff431241edcecf3c,common/badtls/raw_conn.go,common/badtls/registry_utls.go
post-refactor-20b,PR117-M0321,sing-box-dev-next,common/badversion,3,common/badversion/version.go,2c2eb3fcc940184d59e54641bc513f927a5ad0728798b97eec26639503decd13,common/badversion/version.go,common/badversion/version_test.go
post-refactor-20b,PR117-M0322,sing-box-dev-next,common/certificate,3,common/certificate/chrome.go,fc10ccd23d12c175be5a82d9aa3a37862fee74b14f5e9b02c058bd0c1c459fcf,common/certificate/chrome.go,common/certificate/store.go
post-refactor-20b,PR117-M0323,sing-box-dev-next,common/compatible,1,common/compatible/map.go,24185ff81af8ff7a2a1990f70422b868e26e359b12d00458988824869e8c346c,common/compatible/map.go,common/compatible/map.go
post-refactor-20b,PR117-M0324,sing-box-dev-next,common/conntrack,6,common/conntrack/conn.go,69c18ae43c2e624f937ada02a894d3dc9b24150e19967a45014ba1e8102be07a,common/conntrack/conn.go,common/conntrack/track_enable.go
post-refactor-20b,PR117-M0325,sing-box-dev-next,common/convertor/adguard,2,common/convertor/adguard/convertor.go,6415a337602c1e6997f55e826c5ac3e53ef8f01bf0e49fd5e843a39f9f1fd9c4,common/convertor/adguard/convertor.go,common/convertor/adguard/convertor_test.go
post-refactor-20b,PR117-M0326,sing-box-dev-next,common/dialer,9,common/dialer/default.go,fda9999bb92dec0ca935a98ebeafb8555950225e075749921b723bc22dba202a,common/dialer/default.go,common/dialer/wireguard.go
post-refactor-20b,PR117-M0327,sing-box-dev-next,common/geoip,1,common/geoip/reader.go,9cb7cb981c5f2bbc764853aaf6ec098001232b00c7e3a2411279c1d0528cf874,common/geoip/reader.go,common/geoip/reader.go
post-refactor-20b,PR117-M0328,sing-box-dev-next,common/geosite,4,common/geosite/geosite_test.go,1d26e6770a0d6983690532927cd9019cdc72062107a6e67381c7cfb6d64ba631,common/geosite/geosite_test.go,common/geosite/writer.go
post-refactor-20b,PR117-M0329,sing-box-dev-next,common/interrupt,3,common/interrupt/conn.go,6d052d47f58bf33767fb8a695148b36aa5bf79d5338347dd57be582a93d55d32,common/interrupt/conn.go,common/interrupt/group.go
post-refactor-20b,PR117-M0330,sing-box-dev-next,common/ja3,5,common/ja3/LICENSE,31cbb9419e5fbd3fe353eb5b5efb2667d5969f42e44f976e8c0b3a28893b3c09,common/ja3/LICENSE,common/ja3/parser.go
post-refactor-20b,PR117-M0331,sing-box-dev-next,common/ktls,15,common/ktls/ktls.go,bddfa51950e664e1cce6f8228a3bc5d61a9646651f258643b062bfa8986a64a1,common/ktls/ktls.go,common/ktls/ktls_write.go
post-refactor-20b,PR117-M0332,sing-box-dev-next,common/listener,3,common/listener/listener.go,b6f15a160f6adfc84f2e10fccf94cd4a4b6f67efbcbc54f6816ebcc2bd6a8d12,common/listener/listener.go,common/listener/listener_udp.go
post-refactor-20b,PR117-M0333,sing-box-dev-next,common/mux,2,common/mux/client.go,75768f7ac943e74b370c867c7fed0fbe665cf81db6e40add1fa04fa24cb85efa,common/mux/client.go,common/mux/router.go
post-refactor-20b,PR117-M0334,sing-box-dev-next,common/pipelistener,1,common/pipelistener/listener.go,4d0d3999ef63c8769b25cda40a0eed513ec61abfe0eb52b73ff119d7dea79e4b,common/pipelistener/listener.go,common/pipelistener/listener.go
post-refactor-20b,PR117-M0335,sing-box-dev-next,common/process,7,common/process/searcher.go,c5c7171301ef81550b1bb07ea95ffd1c0cb8d521434cdabe2cd29182c18d06e5,common/process/searcher.go,common/process/searcher_windows.go
post-refactor-20b,PR117-M0336,sing-box-dev-next,common/redir,5,common/redir/redir_darwin.go,70c4e5b30fb5b5e8fe9487bc3253d3b2022986f54f11839ac4a6c85897f98b6f,common/redir/redir_darwin.go,common/redir/tproxy_other.go
post-refactor-20b,PR117-M0337,sing-box-dev-next,common/settings,14,common/settings/proxy_android.go,aa033296eade5cb7dd8fc3214d442cb18c3e820e4c2b9e9f85c299f18b66df6b,common/settings/proxy_android.go,common/settings/wifi_windows.go
post-refactor-20b,PR117-M0338,sing-box-dev-next,common/sniff,22,common/sniff/bittorrent.go,93d9a4fcef5f2bbf184ee720a3e53b424e84df4c307d1b183964d719a57b091b,common/sniff/bittorrent.go,common/sniff/tls.go
post-refactor-20b,PR117-M0339,sing-box-dev-next,common/sniff/internal/qtls,1,common/sniff/internal/qtls/qtls.go,a316dc16383a106e35705ef6dae8e507d36e29d4b50317d11b81afb679a6269d,common/sniff/internal/qtls/qtls.go,common/sniff/internal/qtls/qtls.go
post-refactor-20b,PR117-M0340,sing-box-dev-next,common/srs,3,common/srs/binary.go,648f8fae7e7eea756471171a66043009b99242b564d0c483b9d62eca4a5514aa,common/srs/binary.go,common/srs/ip_set.go
post-refactor-20b,PR117-M0341,sing-box-dev-next,common/taskmonitor,1,common/taskmonitor/monitor.go,853cfc1a1210a071c11af45a193b81479fc7f3d8ae07e503396cd416b2596422,common/taskmonitor/monitor.go,common/taskmonitor/monitor.go
post-refactor-20b,PR117-M0342,sing-box-dev-next,common/tls,20,common/tls/acme.go,df7af0ceee624c32122f4eae37ef8d32646fcaffb7743e9b55f26cc8cb32cb1f,common/tls/acme.go,common/tls/utls_stub.go
post-refactor-20b,PR117-M0343,sing-box-dev-next,common/tlsfragment,8,common/tlsfragment/conn.go,31b6c323cb564f4c6cae6bba5c37e8261c221f71b7a27cb0f97809890467d2ad,common/tlsfragment/conn.go,common/tlsfragment/wait_windows.go
post-refactor-20b,PR117-M0344,sing-box-dev-next,common/uot,1,common/uot/router.go,7daaa523609b6e6aeb7477274bf5360b14299cd83462b900315780160254639d,common/uot/router.go,common/uot/router.go
post-refactor-20b,PR117-M0345,sing-box-dev-next,common/urltest,1,common/urltest/urltest.go,dcfd06afe19b2d1b9ce8378cbed2f43dfe1af984ef3d2271eb1c4d69c6e995e0,common/urltest/urltest.go,common/urltest/urltest.go
post-refactor-20b,PR117-M0346,sing-box-dev-next,constant,21,constant/certificate.go,0d22b2761a9476be6ee2bb313791bd6ab777840f22e25472a317af39b60e97e0,constant/certificate.go,constant/version.go
post-refactor-20b,PR117-M0347,sing-box-dev-next,constant/goos,18,constant/goos/gengoos.go,f10a7783eaf8b7823cb3da86976521b5c37aa953866046f362b11ba08c35cee1,constant/goos/gengoos.go,constant/goos/zgoos_zos.go
post-refactor-20b,PR117-M0348,sing-box-dev-next,daemon,7,daemon/deprecated.go,8da97209d1802afbf4e3375a75a450b5702813421c633e5aede11d7ea988b6e3,daemon/deprecated.go,daemon/started_service_grpc.pb.go
post-refactor-20b,PR117-M0349,sing-box-dev-next,dns,10,dns/client.go,9fd4c795e4d35121cb02b9030f98825cb3fa6453e2732131df4cc497585af6be,dns/client.go,dns/transport_registry.go
post-refactor-20b,PR117-M0350,sing-box-dev-next,dns/transport,7,dns/transport/base.go,6451ec1b7e0bc37561a7b3dfda2a6d7a2904b5d04b8945a08faf6e1fff37eaf5,dns/transport/base.go,dns/transport/udp.go
post-refactor-20b,PR117-M0351,sing-box-dev-next,dns/transport/dhcp,2,dns/transport/dhcp/dhcp.go,079245520036163e2945b494f93fb29b57255a547d77c331355844fff03de710,dns/transport/dhcp/dhcp.go,dns/transport/dhcp/dhcp_shared.go
post-refactor-20b,PR117-M0352,sing-box-dev-next,dns/transport/fakeip,3,dns/transport/fakeip/fakeip.go,a81c5f7fa6cec2956726240e76830ab77a354a2faead6a070cbeca9569cd4237,dns/transport/fakeip/fakeip.go,dns/transport/fakeip/store.go
post-refactor-20b,PR117-M0353,sing-box-dev-next,dns/transport/hosts,5,dns/transport/hosts/hosts.go,6166542ea3396ba12f58ef11ceaaf488ddcf9fd5a62d7b746be6532cd9114afa,dns/transport/hosts/hosts.go,dns/transport/hosts/hosts_windows.go
post-refactor-20b,PR117-M0354,sing-box-dev-next,dns/transport/hosts/testdata,1,dns/transport/hosts/testdata/hosts,f54fdf8f8382183b87e80fc204fd663462abd44cabc138007704f6b740e028f9,dns/transport/hosts/testdata/hosts,dns/transport/hosts/testdata/hosts
post-refactor-20b,PR117-M0355,sing-box-dev-next,dns/transport/local,13,dns/transport/local/local.go,05c832d98ddc7e50c94b0e20c8a31b9b44d62bee8de33efddeb80bd995357241,dns/transport/local/local.go,dns/transport/local/resolv_windows.go
post-refactor-20b,PR117-M0356,sing-box-dev-next,dns/transport/quic,2,dns/transport/quic/http3.go,5c34059f1513a92c9731fdef01bd2e9246e8f99070f0622e37c6e64a4940ed67,dns/transport/quic/http3.go,dns/transport/quic/quic.go
post-refactor-20b,PR117-M0357,sing-box-dev-next,docs,11,docs/CNAME,5ac733872346205ce23cc3f366844a925bb42cb63b799dd1fb89f6ce166194bd,docs/CNAME,docs/support.zh.md
post-refactor-20b,PR117-M0358,sing-box-dev-next,docs/assets,1,docs/assets/icon.svg,2f14bc985fe00cecda1213ee74dade3a357d880e6d57c196f254f810428524ae,docs/assets/icon.svg,docs/assets/icon.svg
post-refactor-20b,PR117-M0359,sing-box-dev-next,docs/clients,4,docs/clients/general.md,129100c40e8bebb23fef4ac1749449e7656b5badab4d04aa9581000677b30998,docs/clients/general.md,docs/clients/privacy.md
post-refactor-20b,PR117-M0360,sing-box-dev-next,docs/clients/android,2,docs/clients/android/features.md,cfc3b1bb14c49636fcc37e4739dc3f6582ef49335f4ac0d2fe57958ae8472aa8,docs/clients/android/features.md,docs/clients/android/index.md
post-refactor-20b,PR117-M0361,sing-box-dev-next,docs/clients/apple,2,docs/clients/apple/features.md,0aad6c5447eb84f5e32106755834bbd7b69c4de0e769f11698166e6cad44dfb7,docs/clients/apple/features.md,docs/clients/apple/index.md
post-refactor-20b,PR117-M0362,sing-box-dev-next,docs/configuration,2,docs/configuration/index.md,fdf695bee1b63bae1b6807341a052d139ce1bbd7ea12aa71b70fb1210f2e8f9f,docs/configuration/index.md,docs/configuration/index.zh.md
post-refactor-20b,PR117-M0363,sing-box-dev-next,docs/configuration/certificate,2,docs/configuration/certificate/index.md,28095c6ae649797e9181b09c40fcd15c0bc1bb5786b2489f246c2d3530933c8f,docs/configuration/certificate/index.md,docs/configuration/certificate/index.zh.md
post-refactor-20b,PR117-M0364,sing-box-dev-next,docs/configuration/dns,8,docs/configuration/dns/fakeip.md,92df4ae1aae187e2a191f8f95526af7780e0a58e089f52f89b12b1ce9fe393ad,docs/configuration/dns/fakeip.md,docs/configuration/dns/rule_action.zh.md
post-refactor-20b,PR117-M0365,sing-box-dev-next,docs/configuration/dns/server,28,docs/configuration/dns/server/dhcp.md,73df66449c8a139ec8caaebd20fae413e0bcf8813dbaf16605af79a38d270b61,docs/configuration/dns/server/dhcp.md,docs/configuration/dns/server/udp.zh.md
post-refactor-20b,PR117-M0366,sing-box-dev-next,docs/configuration/endpoint,6,docs/configuration/endpoint/index.md,a42fc6ec05165e90c0634210626ba6a09ab92d530517cb83cfaf20a61cf8b57f,docs/configuration/endpoint/index.md,docs/configuration/endpoint/wireguard.zh.md
post-refactor-20b,PR117-M0367,sing-box-dev-next,docs/configuration/experimental,8,docs/configuration/experimental/cache-file.md,78faadc0f90c4a2bfe034e003266e0f454bda764fa4b0292702c7c9c922a5057,docs/configuration/experimental/cache-file.md,docs/configuration/experimental/v2ray-api.zh.md
post-refactor-20b,PR117-M0368,sing-box-dev-next,docs/configuration/inbound,36,docs/configuration/inbound/anytls.md,84edc5fe78c9d791b204f213fb627d780553b778b85168c0793389cf326c3f73,docs/configuration/inbound/anytls.md,docs/configuration/inbound/vmess.zh.md
post-refactor-20b,PR117-M0369,sing-box-dev-next,docs/configuration/log,2,docs/configuration/log/index.md,13f18a1a7047bda726a2546f6d30e413442f64bb385af5ae2ad3c43cd228cfcf,docs/configuration/log/index.md,docs/configuration/log/index.zh.md
post-refactor-20b,PR117-M0370,sing-box-dev-next,docs/configuration/ntp,2,docs/configuration/ntp/index.md,0c93c7309807d7695ce72c2a34655534e763779359df2294a227aaf4943400c7,docs/configuration/ntp/index.md,docs/configuration/ntp/index.zh.md
post-refactor-20b,PR117-M0371,sing-box-dev-next,docs/configuration/outbound,42,docs/configuration/outbound/anytls.md,5f9204bbde07cdbf985246e4ca8f3b998102e5ecd0ff83ab569a068e8a15d7a2,docs/configuration/outbound/anytls.md,docs/configuration/outbound/wireguard.zh.md
post-refactor-20b,PR117-M0372,sing-box-dev-next,docs/configuration/route,12,docs/configuration/route/geoip.md,0ac361fb1150bf6c9e9b0de2d1ba285bdaa8ee919d7588065b3e50fd132067c9,docs/configuration/route/geoip.md,docs/configuration/route/sniff.zh.md
post-refactor-20b,PR117-M0373,sing-box-dev-next,docs/configuration/rule-set,8,docs/configuration/rule-set/adguard.md,639e0fde714d3fc86e7e48f0e97c6c68558b77b7b986722010bbf43c0b6c2043,docs/configuration/rule-set/adguard.md,docs/configuration/rule-set/source-format.zh.md
post-refactor-20b,PR117-M0374,sing-box-dev-next,docs/configuration/service,12,docs/configuration/service/ccm.md,a833e6af42d8ff65cf01dea617b76e2649846b03acd309c2096747f88c16dcea,docs/configuration/service/ccm.md,docs/configuration/service/ssm-api.zh.md
post-refactor-20b,PR117-M0375,sing-box-dev-next,docs/configuration/shared,20,docs/configuration/shared/dial.md,95e7a4fa8324c968c0a292f6b05bee2a02be5d70c675b6c7f66d24e43e2e7211,docs/configuration/shared/dial.md,docs/configuration/shared/wifi-state.zh.md
post-refactor-20b,PR117-M0376,sing-box-dev-next,docs/installation,6,docs/installation/build-from-source.md,310705d38d8f3d6ee563a6897abec0f0a45d11d1d7cf0df89326cfd8413fd9ac,docs/installation/build-from-source.md,docs/installation/package-manager.zh.md
post-refactor-20b,PR117-M0377,sing-box-dev-next,docs/installation/tools,5,docs/installation/tools/arch-install.sh,2dbf06e3a4a92cf9b8f45b529e9c293043e130537be771949c8127d2ad0f62a7,docs/installation/tools/arch-install.sh,docs/installation/tools/sing-box.repo
post-refactor-20b,PR117-M0378,sing-box-dev-next,docs/manual/misc,1,docs/manual/misc/tunnelvision.md,471dc3a81fc019284b710f1d8876c26565871dfb910bf0b12ca17ce441a46121,docs/manual/misc/tunnelvision.md,docs/manual/misc/tunnelvision.md
post-refactor-20b,PR117-M0379,sing-box-dev-next,docs/manual/proxy,2,docs/manual/proxy/client.md,070b4046cf589331ff5656e04fb4288fa6fc926425c71a6ac72283f2e3e9521f,docs/manual/proxy/client.md,docs/manual/proxy/server.md
post-refactor-20b,PR117-M0380,sing-box-dev-next,docs/manual/proxy-protocol,3,docs/manual/proxy-protocol/hysteria2.md,02144b572963ef740f051b1680c7c048d26f20b91bd008f5e35abdea0dfcad7d,docs/manual/proxy-protocol/hysteria2.md,docs/manual/proxy-protocol/trojan.md
post-refactor-20b,PR117-M0381,sing-box-dev-next,experimental,2,experimental/clashapi.go,4d062c53d004fe0429c2d48586645667a39045ad2d7916543eafc4ee9b78b8c2,experimental/clashapi.go,experimental/v2rayapi.go
post-refactor-20b,PR117-M0382,sing-box-dev-next,experimental/cachefile,3,experimental/cachefile/cache.go,54ba6e50dd4adf3f73516814bcfb478a3e85c20857494506f4325db8f74c5ee7,experimental/cachefile/cache.go,experimental/cachefile/rdrc.go
post-refactor-20b,PR117-M0383,sing-box-dev-next,experimental/clashapi,19,experimental/clashapi/api_meta.go,6e6d2bb76bc06b35f2e105df9877cd7ab31ae1afcb8e4da7cc13fec66f417027,experimental/clashapi/api_meta.go,experimental/clashapi/server_resources.go
post-refactor-20b,PR117-M0384,sing-box-dev-next,experimental/clashapi/trafficontrol,2,experimental/clashapi/trafficontrol/manager.go,090d87cbdc71abf45a6816a93ea1bfffbcfe88a17ef83df0ca884f850fe7e770,experimental/clashapi/trafficontrol/manager.go,experimental/clashapi/trafficontrol/tracker.go
post-refactor-20b,PR117-M0385,sing-box-dev-next,experimental/deprecated,3,experimental/deprecated/constants.go,2cd85e319cea26fe2697044d175015da187d5e2446b764204588bc91b0eac0c0,experimental/deprecated/constants.go,experimental/deprecated/stderr.go
post-refactor-20b,PR117-M0386,sing-box-dev-next,experimental/libbox,30,experimental/libbox/build_info.go,6d17d97083202147a1611344f724122e42a94cbda600d555cd57f895ef001a0a,experimental/libbox/build_info.go,experimental/libbox/tun_name_other.go
post-refactor-20b,PR117-M0387,sing-box-dev-next,experimental/libbox/internal/procfs,1,experimental/libbox/internal/procfs/procfs.go,3470b9ca7e40c0ccd0453c3ee68a59a6122d5b6e028b4684e0d757e317d8bff8,experimental/libbox/internal/procfs/procfs.go,experimental/libbox/internal/procfs/procfs.go
post-refactor-20b,PR117-M0388,sing-box-dev-next,experimental/locale,2,experimental/locale/locale.go,00fdc2ba7dc6149475decfc33481907cda420dbe665d6493b7642c73fee11853,experimental/locale/locale.go,experimental/locale/locale_zh_CN.go
post-refactor-20b,PR117-M0389,sing-box-dev-next,experimental/v2rayapi,5,experimental/v2rayapi/server.go,ab4880dd018c3790331500ea00b089d9f6f036677db1fb727c9884c605ee8ebe,experimental/v2rayapi/server.go,experimental/v2rayapi/stats_grpc.pb.go
post-refactor-20b,PR117-M0390,sing-box-dev-next,include,22,include/ccm.go,66ed7b8998df606525611d4f07845893076be009a2a33628794aedfd1bcf7e4a,include/ccm.go,include/wireguard_stub.go
post-refactor-20b,PR117-M0391,sing-box-dev-next,log,10,log/export.go,44bddb8ab29e2a66f300fe1e1f015f8c50ace3c3f5d7ded4d170b92bc194585b,log/export.go,log/platform.go
post-refactor-20b,PR117-M0392,sing-box-dev-next,option,49,option/anytls.go,b65098f78c8ff4e417c31124516a201975a89e24fc91c070ce162bd9a1cb41d1,option/anytls.go,option/wireguard.go
post-refactor-20b,PR117-M0393,sing-box-dev-next,protocol/anytls,2,protocol/anytls/inbound.go,66de0be7e3072c8136f1cc94501ee3fcaf987f9820aa310a7c29c71965a7e568,protocol/anytls/inbound.go,protocol/anytls/outbound.go
post-refactor-20b,PR117-M0394,sing-box-dev-next,protocol/block,1,protocol/block/outbound.go,158b42a9d1ad6196995079e4b4cfaf1d4b7a3d6c1aea5df32d66991b578fee76,protocol/block/outbound.go,protocol/block/outbound.go
post-refactor-20b,PR117-M0395,sing-box-dev-next,protocol/direct,3,protocol/direct/inbound.go,7ddf6bdb09ffe2e0a1b040c4f66466d05e403adc3ec13c056fc05f2a277d108f,protocol/direct/inbound.go,protocol/direct/outbound.go
post-refactor-20b,PR117-M0396,sing-box-dev-next,protocol/dns,2,protocol/dns/handle.go,4a77bc54b873f338222e6b8c35e7977a55f7cb2d595931cbc218406991b3f2c7,protocol/dns/handle.go,protocol/dns/outbound.go
post-refactor-20b,PR117-M0397,sing-box-dev-next,protocol/group,2,protocol/group/selector.go,12ba424ed8a9ee3f560f008e5f2c0c116ae6b9538ea6b688240dd8d96a0eda52,protocol/group/selector.go,protocol/group/urltest.go
post-refactor-20b,PR117-M0398,sing-box-dev-next,protocol/http,2,protocol/http/inbound.go,a4e050782e18f965a81a27cb59b8ec073548c5170033631fc89e2c1198400fbe,protocol/http/inbound.go,protocol/http/outbound.go
post-refactor-20b,PR117-M0399,sing-box-dev-next,protocol/hysteria,2,protocol/hysteria/inbound.go,d727e6c29909463cc4fabffc398ff7d0ce218212b5aa71c4ae5280b449f10a8a,protocol/hysteria/inbound.go,protocol/hysteria/outbound.go
post-refactor-20b,PR117-M0400,sing-box-dev-next,protocol/hysteria2,2,protocol/hysteria2/inbound.go,e859177dd40d68ab1845cd7d242f30ab3e8ed3153f94883a5628da77d045db0a,protocol/hysteria2/inbound.go,protocol/hysteria2/outbound.go
post-refactor-20b,PR117-M0401,sing-box-dev-next,protocol/mixed,1,protocol/mixed/inbound.go,dfa44773753e22e7cbf346cd4ba56e2baa03e5b446dc228b43f722ed52fa614c,protocol/mixed/inbound.go,protocol/mixed/inbound.go
post-refactor-20b,PR117-M0402,sing-box-dev-next,protocol/naive,3,protocol/naive/inbound.go,405913d5f604fa572c36a257437e7e90f3a8f31d8c6a161b71ec3f77d4b4d3fe,protocol/naive/inbound.go,protocol/naive/outbound.go
post-refactor-20b,PR117-M0403,sing-box-dev-next,protocol/naive/quic,1,protocol/naive/quic/inbound_init.go,ef6fc47529702495b910d8b0576e7ac357c55042966211f12f622115f858f0fb,protocol/naive/quic/inbound_init.go,protocol/naive/quic/inbound_init.go
post-refactor-20b,PR117-M0404,sing-box-dev-next,protocol/redirect,2,protocol/redirect/redirect.go,426499338933db24d77c8ff5fd927ef50263be4f5f7d3cd723bd03b3a3e736d7,protocol/redirect/redirect.go,protocol/redirect/tproxy.go
post-refactor-20b,PR117-M0405,sing-box-dev-next,protocol/shadowsocks,4,protocol/shadowsocks/inbound.go,3fdb4f792d1cb3e0da723bd0353fca6b02517732b42ad07c86b8257049f09ab1,protocol/shadowsocks/inbound.go,protocol/shadowsocks/outbound.go
post-refactor-20b,PR117-M0406,sing-box-dev-next,protocol/shadowtls,2,protocol/shadowtls/inbound.go,2765fbc1c24fff3b53b16edfdde1917601d54bab8e32d4c9aa13cb1f70cbc9b8,protocol/shadowtls/inbound.go,protocol/shadowtls/outbound.go
post-refactor-20b,PR117-M0407,sing-box-dev-next,protocol/socks,2,protocol/socks/inbound.go,a579aa93400d079d153fc8a2ef75234af7a27c1e3854a2363b35f688d4d1636b,protocol/socks/inbound.go,protocol/socks/outbound.go
post-refactor-20b,PR117-M0408,sing-box-dev-next,protocol/ssh,1,protocol/ssh/outbound.go,8b47a78679b38863ddfd483143c3c0a1700e36099b7e573b9c8733570e3ec9b0,protocol/ssh/outbound.go,protocol/ssh/outbound.go
post-refactor-20b,PR117-M0409,sing-box-dev-next,protocol/tailscale,6,protocol/tailscale/dns_transport.go,1b8e6d0d1382138eb162fd33712748c005afecd3f6995a148745bef217ba9cab,protocol/tailscale/dns_transport.go,protocol/tailscale/tun_device_windows.go
post-refactor-20b,PR117-M0410,sing-box-dev-next,protocol/tor,2,protocol/tor/outbound.go,99d472aa7c546728807e8f615406b8fdb7d6b9676afb275f30b2378b1dc235be,protocol/tor/outbound.go,protocol/tor/proxy.go
post-refactor-20b,PR117-M0411,sing-box-dev-next,protocol/trojan,2,protocol/trojan/inbound.go,7d91669f254130b98c6abdbe54639f1046e58223317772eab63d0aa16d05aebc,protocol/trojan/inbound.go,protocol/trojan/outbound.go
post-refactor-20b,PR117-M0412,sing-box-dev-next,protocol/tuic,2,protocol/tuic/inbound.go,dfa5f688ee9e51bed1e5cd306d9a64583931e98410039531248eacfc4f634266,protocol/tuic/inbound.go,protocol/tuic/outbound.go
post-refactor-20b,PR117-M0413,sing-box-dev-next,protocol/tun,2,protocol/tun/hook.go,d206b26f7fc3d81fcdd566db69996cc016ec0692c9ada704cfd61f1f78018711,protocol/tun/hook.go,protocol/tun/inbound.go
post-refactor-20b,PR117-M0414,sing-box-dev-next,protocol/vless,2,protocol/vless/inbound.go,af4b0a82425f63a49b0de0e0d581ca206d48609b95d6277209b28fb438515284,protocol/vless/inbound.go,protocol/vless/outbound.go
post-refactor-20b,PR117-M0415,sing-box-dev-next,protocol/vmess,2,protocol/vmess/inbound.go,123873cadfe33fd73f48bfa3ea007817aec6aee44a71f26bebd686a4d1872422,protocol/vmess/inbound.go,protocol/vmess/outbound.go
post-refactor-20b,PR117-M0416,sing-box-dev-next,protocol/wireguard,2,protocol/wireguard/endpoint.go,cfe79353b084729884f82f7a1ed95b17fa465490e410064f82bc32ce96a9109e,protocol/wireguard/endpoint.go,protocol/wireguard/outbound.go
post-refactor-20b,PR117-M0417,sing-box-dev-next,release/completions,3,release/completions/sing-box.bash,5538e45bf46d7ddfa246b5de32788142606206cdaf5105ff34a3ed20b9cd4c62,release/completions/sing-box.bash,release/completions/sing-box.zsh
post-refactor-20b,PR117-M0418,sing-box-dev-next,release/config,12,release/config/config.json,0a3dceb574bb2be06866fa7fd9222c59a768c05afd854b7a4ddd2a11e895e82f,release/config/config.json,release/config/sing-box@.service
post-refactor-20b,PR117-M0419,sing-box-dev-next,release/local,9,release/local/common.sh,4bee55938503a487e364e200dedafacdcc78d99ddcf9ed1385772d60cdfcedaf,release/local/common.sh,release/local/update.sh
post-refactor-20b,PR117-M0420,sing-box-dev-next,route,7,route/conn.go,8c87819e8a097c81d14080f7a967273025ee0a3e328954ca065dbd1fafd6050c,route/conn.go,route/rule_conds.go
post-refactor-20b,PR117-M0421,sing-box-dev-next,route/rule,42,route/rule/rule_abstract.go,6dce078aab16bcf034b003f33c14fca53b5d8d5050da331822262cf463e32e39,route/rule/rule_abstract.go,route/rule/rule_set_remote.go
post-refactor-20b,PR117-M0422,sing-box-dev-next,service/ccm,6,service/ccm/credential.go,1454cbf1ea89fd6088f6d00e0b3f20f1dfadc06d2645955fb026b8b017d4bc1d,service/ccm/credential.go,service/ccm/service_user.go
post-refactor-20b,PR117-M0423,sing-box-dev-next,service/derp,1,service/derp/service.go,e4eb477f8f324e07628fca3eb8b4f532f1022e4064087555bec30003ea5cc62f,service/derp/service.go,service/derp/service.go
post-refactor-20b,PR117-M0424,sing-box-dev-next,service/ocm,6,service/ocm/credential.go,151b16fc1beea850e16bb6e7bd91634a89450157361ff2f2d96d7e3f893f623c,service/ocm/credential.go,service/ocm/service_user.go
post-refactor-20b,PR117-M0425,sing-box-dev-next,service/resolved,4,service/resolved/resolve1.go,2a1331f2dc27667650a12254e9a1b0d3cfa38d52e56dcff2d4f00d8ecdba2481,service/resolved/resolve1.go,service/resolved/transport.go
post-refactor-20b,PR117-M0426,sing-box-dev-next,service/ssmapi,5,service/ssmapi/api.go,5f00a5529c72bba46595619ad088c25f7e49d327959b413bb8daac2a8968d8e1,service/ssmapi/api.go,service/ssmapi/user.go
post-refactor-20b,PR117-M0427,sing-box-dev-next,test,37,test/box_test.go,68e7e0cd013fa737c25fa87d1c5450ce32bc139188fa7c5543c09d37ebf8a358,test/box_test.go,test/wrapper_test.go
post-refactor-20b,PR117-M0428,sing-box-dev-next,test/config,23,test/config/hysteria-client.json,ab51f904cfab127927ab02c653fd7933ba1fe530f7b3d1f861f8f6f94ad7c780,test/config/hysteria-client.json,test/config/wireguard.conf
post-refactor-20b,PR117-M0429,sing-box-dev-next,transport/simple-obfs,3,transport/simple-obfs/README.md,6e8774597542bbd3f5fe49b67921c8bb2aabb0c592904c48716e59b1fae640c3,transport/simple-obfs/README.md,transport/simple-obfs/tls.go
post-refactor-20b,PR117-M0430,sing-box-dev-next,transport/sip003,4,transport/sip003/args.go,0429fccdfc0d53a542216a31b2a4c15616914b2ff82b5046abd87f31b1881323,transport/sip003/args.go,transport/sip003/v2ray.go
post-refactor-20b,PR117-M0431,sing-box-dev-next,transport/trojan,5,transport/trojan/mux.go,38a414b2a1e7329dd1da3e57a3dc391f94a783bcd58aec9bf872a8c344cd5ae5,transport/trojan/mux.go,transport/trojan/service_wait.go
post-refactor-20b,PR117-M0432,sing-box-dev-next,transport/v2ray,4,transport/v2ray/grpc.go,e3dd0de0fa2ed3cb2d7f15d63a9b5e83da1447d06620c9131dd01d32217c26a6,transport/v2ray/grpc.go,transport/v2ray/transport.go
post-refactor-20b,PR117-M0433,sing-box-dev-next,transport/v2raygrpc,8,transport/v2raygrpc/client.go,33c32d4bd135ff440bf8d107be3d45903ba226b0864026fa94d9a7deab542502,transport/v2raygrpc/client.go,transport/v2raygrpc/tls_credentials.go
post-refactor-20b,PR117-M0434,sing-box-dev-next,transport/v2raygrpc/credentials,4,transport/v2raygrpc/credentials/credentials.go,bfab67d8bf0e2841875dd53c8a28bfb13d1a504d243ffc9ed566b2b81785fc2c,transport/v2raygrpc/credentials/credentials.go,transport/v2raygrpc/credentials/util.go
post-refactor-20b,PR117-M0435,sing-box-dev-next,transport/v2raygrpclite,3,transport/v2raygrpclite/client.go,3811444d5494aaa95a1ea670f8972281d4b346785b0830f7fd90af543c34af41,transport/v2raygrpclite/client.go,transport/v2raygrpclite/server.go
post-refactor-20b,PR117-M0436,sing-box-dev-next,transport/v2rayhttp,5,transport/v2rayhttp/client.go,9fd30406b588cd07c0a578a15670945da231ada7732261bc54af7fb1bbb0d1f5,transport/v2rayhttp/client.go,transport/v2rayhttp/server.go
post-refactor-20b,PR117-M0437,sing-box-dev-next,transport/v2rayhttpupgrade,2,transport/v2rayhttpupgrade/client.go,f944cff8f167f7deb3f736f73f4f822cee34fb720897a30e78f4f51829b932fb,transport/v2rayhttpupgrade/client.go,transport/v2rayhttpupgrade/server.go
post-refactor-20b,PR117-M0438,sing-box-dev-next,transport/v2rayquic,4,transport/v2rayquic/client.go,d65f75111ae3069eab959f724e2b4a2260b61782dffc01750ca7f272e7c537b8,transport/v2rayquic/client.go,transport/v2rayquic/stream.go
post-refactor-20b,PR117-M0439,sing-box-dev-next,transport/v2raywebsocket,4,transport/v2raywebsocket/client.go,7fb4bea7f5c6ad2b5ad300ae63c495d09caec41175ef93c0d7f5254e9561f5aa,transport/v2raywebsocket/client.go,transport/v2raywebsocket/writer.go
post-refactor-20b,PR117-M0440,sing-box-dev-next,transport/wireguard,10,transport/wireguard/client_bind.go,01ba5750aeee7abff6bf0fc72295398349cb67e1fd5bc4c4ff152a7fb42cc0f7,transport/wireguard/client_bind.go,transport/wireguard/endpoint_options.go
post-refactor-20b,PR117-M0441,sing-box-extended-extended,@root,22,.fpm_openwrt,8bf78610c44d7f24b7a1ca85f4ba3b7d2b0c7618de51a98a56fb34b88c78ded7,.fpm_openwrt,mkdocs.yml
post-refactor-20b,PR117-M0442,sing-box-extended-extended,.github,14,.github/CRONET_GO_VERSION,c047164aeb4884811b71f518d69dc1d8df8bbdca8a36f14726549c9d417c989a,.github/CRONET_GO_VERSION,.github/update_dependencies.sh
post-refactor-20b,PR117-M0443,sing-box-extended-extended,.github/ISSUE_TEMPLATE,2,.github/ISSUE_TEMPLATE/bug_report.yml,3a1d21d43c21653f74cc223ba75900a895000df71e7db7ae910d560e966dd65c,.github/ISSUE_TEMPLATE/bug_report.yml,.github/ISSUE_TEMPLATE/bug_report_zh.yml
post-refactor-20b,PR117-M0444,sing-box-extended-extended,.github/workflows,5,.github/workflows/build.yml,f09dc799bb7d20334f6b9015db7a5430c037fcf4de7c28e0f42a0e909cfc6ace,.github/workflows/build.yml,.github/workflows/stale.yml
post-refactor-20b,PR117-M0445,sing-box-extended-extended,adapter,24,adapter/certificate.go,bec4b5381911f9e0c1591d5d6b0ac4eee92b61ad1529941fefb008669f367f70,adapter/certificate.go,adapter/v2ray.go
post-refactor-20b,PR117-M0446,sing-box-extended-extended,adapter/endpoint,3,adapter/endpoint/adapter.go,196727bc4bf7c2f4c30509d26635bd503cd7151a94741f943bdcf276e99bdedc,adapter/endpoint/adapter.go,adapter/endpoint/registry.go
post-refactor-20b,PR117-M0447,sing-box-extended-extended,adapter/inbound,3,adapter/inbound/adapter.go,b4681805b29293aeaabf678603122a3d3ccf62f43085a4e253f39608e24dbbba,adapter/inbound/adapter.go,adapter/inbound/registry.go
post-refactor-20b,PR117-M0448,sing-box-extended-extended,adapter/outbound,3,adapter/outbound/adapter.go,74095fbeb9798078f932a671167956870c072b0fc054ab7cc779f085e89ec991,adapter/outbound/adapter.go,adapter/outbound/registry.go
post-refactor-20b,PR117-M0449,sing-box-extended-extended,adapter/provider,4,adapter/provider/adapter.go,58009b75069377d8b3ea51c3d80affc64d592fba72dcb72e595b1660133840ac,adapter/provider/adapter.go,adapter/provider/registry.go
post-refactor-20b,PR117-M0450,sing-box-extended-extended,adapter/service,3,adapter/service/adapter.go,6d2cb9bcff0571877ca54d84c50298c7c6c8fe5167f4880a66541b7c3744bab3,adapter/service/adapter.go,adapter/service/registry.go
post-refactor-20b,PR117-M0451,sing-box-extended-extended,cmd/internal/admin_panel_pack,1,cmd/internal/admin_panel_pack/main.go,261f9ebc8dcd3ab4be741dff1afcc9b59a053b1822afd91fb1d954af51c5b0cf,cmd/internal/admin_panel_pack/main.go,cmd/internal/admin_panel_pack/main.go
post-refactor-20b,PR117-M0452,sing-box-extended-extended,cmd/internal/app_store_connect,1,cmd/internal/app_store_connect/main.go,62c05d3fc14ad1b49395c0259c5bf13140f4e6ebcd28c55cfd911e23fd202ad4,cmd/internal/app_store_connect/main.go,cmd/internal/app_store_connect/main.go
post-refactor-20b,PR117-M0453,sing-box-extended-extended,cmd/internal/build,1,cmd/internal/build/main.go,90c4cc5754006976ce0462aa22431a2400d8180111e0e0763f1fb47e5812c2f3,cmd/internal/build/main.go,cmd/internal/build/main.go
post-refactor-20b,PR117-M0454,sing-box-extended-extended,cmd/internal/build_libbox,1,cmd/internal/build_libbox/main.go,9d235ca2bd3b5232f61fbe41fe89f1b91567a8675b011c33e9c232d66a9b943d,cmd/internal/build_libbox/main.go,cmd/internal/build_libbox/main.go
post-refactor-20b,PR117-M0455,sing-box-extended-extended,cmd/internal/build_shared,2,cmd/internal/build_shared/sdk.go,cc58b302466402cf45f924828cddce70a5687465d958777f81ba4470d1c87472,cmd/internal/build_shared/sdk.go,cmd/internal/build_shared/tag.go
post-refactor-20b,PR117-M0456,sing-box-extended-extended,cmd/internal/format_docs,1,cmd/internal/format_docs/main.go,75c421f6220690607f671a314d7635182d83dd969672e375dbd265185a7456a2,cmd/internal/format_docs/main.go,cmd/internal/format_docs/main.go
post-refactor-20b,PR117-M0457,sing-box-extended-extended,cmd/internal/protogen,1,cmd/internal/protogen/main.go,f35165226b4d7c830aa75aac0a69f370362e79c426ade56cc27265f056429527,cmd/internal/protogen/main.go,cmd/internal/protogen/main.go
post-refactor-20b,PR117-M0458,sing-box-extended-extended,cmd/internal/read_tag,1,cmd/internal/read_tag/main.go,1181a91889b5832213dd110a8a340aab329245b6ca2cb6b44d8f7227326b37eb,cmd/internal/read_tag/main.go,cmd/internal/read_tag/main.go
post-refactor-20b,PR117-M0459,sing-box-extended-extended,cmd/internal/tun_bench,1,cmd/internal/tun_bench/main.go,759ae904bae53d3478a1844b2407ab94a647816820e1d014c4b2aa0cb9ea45b0,cmd/internal/tun_bench/main.go,cmd/internal/tun_bench/main.go
post-refactor-20b,PR117-M0460,sing-box-extended-extended,cmd/internal/update_android_version,1,cmd/internal/update_android_version/main.go,143494520fdcc6f38bccb3e0a252042e82b51bc5ffa7fadba79b2d2006ccbb37,cmd/internal/update_android_version/main.go,cmd/internal/update_android_version/main.go
post-refactor-20b,PR117-M0461,sing-box-extended-extended,cmd/internal/update_apple_version,1,cmd/internal/update_apple_version/main.go,9477d55c58adc53d7986106574ab75f3047d10bbf5ce6d71cec6341c68debb83,cmd/internal/update_apple_version/main.go,cmd/internal/update_apple_version/main.go
post-refactor-20b,PR117-M0462,sing-box-extended-extended,cmd/internal/update_certificates,1,cmd/internal/update_certificates/main.go,8f6e98af39a7aa5111cf2f75b25432ec57dee6cd398609bd6fc7e148f8ef0d45,cmd/internal/update_certificates/main.go,cmd/internal/update_certificates/main.go
post-refactor-20b,PR117-M0463,sing-box-extended-extended,cmd/sing-box,36,cmd/sing-box/cmd.go,2130f8d63cbf93517c90660e761d6e30acfe77dc50854358a857d04de2e04ac9,cmd/sing-box/cmd.go,cmd/sing-box/main.go
post-refactor-20b,PR117-M0464,sing-box-extended-extended,common,1,common/utils.go,5e4e475308cdb7a1a4eaea54b6cba7e35c3fe34bb17e196899b7f0b8d56e23a3,common/utils.go,common/utils.go
post-refactor-20b,PR117-M0465,sing-box-extended-extended,common/badtls,6,common/badtls/raw_conn.go,3fd0194089576445ad5ee423fd9e6f66cc5c7bf512b95be3ff431241edcecf3c,common/badtls/raw_conn.go,common/badtls/registry_utls.go
post-refactor-20b,PR117-M0466,sing-box-extended-extended,common/badversion,3,common/badversion/version.go,9cf07c350844d88c8d27b7ec5ef5cf16f9f3f3d78c4f453709965f1b89373091,common/badversion/version.go,common/badversion/version_test.go
post-refactor-20b,PR117-M0467,sing-box-extended-extended,common/certificate,3,common/certificate/chrome.go,41baa49d1b35066f1ad8ec274378cbef72d99c3762b9f756fdb5f1ce3c2f7daa,common/certificate/chrome.go,common/certificate/store.go
post-refactor-20b,PR117-M0468,sing-box-extended-extended,common/cloudflare,5,common/cloudflare/api.go,d3c78a3d31e4b58c64fbd920597d202d52534e1256de331f084168b4eb5d9912,common/cloudflare/api.go,common/cloudflare/utils.go
post-refactor-20b,PR117-M0469,sing-box-extended-extended,common/compatible,1,common/compatible/map.go,24185ff81af8ff7a2a1990f70422b868e26e359b12d00458988824869e8c346c,common/compatible/map.go,common/compatible/map.go
post-refactor-20b,PR117-M0470,sing-box-extended-extended,common/convertor/adguard,2,common/convertor/adguard/convertor.go,aa7895a56f07d3b9ecfb99d8bcdb42a7af16df34bb793ffa3fca1cd6b0cc156d,common/convertor/adguard/convertor.go,common/convertor/adguard/convertor_test.go
post-refactor-20b,PR117-M0471,sing-box-extended-extended,common/dialer,9,common/dialer/default.go,c4b587c75f1122f94e77a71c629fee7603b195a535df27125b6a0779ab93d740,common/dialer/default.go,common/dialer/wireguard.go
post-refactor-20b,PR117-M0472,sing-box-extended-extended,common/geoip,1,common/geoip/reader.go,9cb7cb981c5f2bbc764853aaf6ec098001232b00c7e3a2411279c1d0528cf874,common/geoip/reader.go,common/geoip/reader.go
post-refactor-20b,PR117-M0473,sing-box-extended-extended,common/geosite,5,common/geosite/compat_test.go,d8525065c826694f76706f2275ea1eb1408058f5811b0c9fe0918a8fc0b470c4,common/geosite/compat_test.go,common/geosite/writer.go
post-refactor-20b,PR117-M0474,sing-box-extended-extended,common/interrupt,3,common/interrupt/conn.go,6ca7f1c3544737ddd4cbe0d6e9b63f87158a511543d4f40c10ff52a3b96d0a05,common/interrupt/conn.go,common/interrupt/group.go
post-refactor-20b,PR117-M0475,sing-box-extended-extended,common/ja3,5,common/ja3/LICENSE,31cbb9419e5fbd3fe353eb5b5efb2667d5969f42e44f976e8c0b3a28893b3c09,common/ja3/LICENSE,common/ja3/parser.go
post-refactor-20b,PR117-M0476,sing-box-extended-extended,common/kmutex,2,common/kmutex/mutex.go,f4d0f1ec99a3472268da102c823845775e17f46567aac5454c02347b343c5e02,common/kmutex/mutex.go,common/kmutex/mutex_test.go
post-refactor-20b,PR117-M0477,sing-box-extended-extended,common/ktls,15,common/ktls/ktls.go,bddfa51950e664e1cce6f8228a3bc5d61a9646651f258643b062bfa8986a64a1,common/ktls/ktls.go,common/ktls/ktls_write.go
post-refactor-20b,PR117-M0478,sing-box-extended-extended,common/listener,3,common/listener/listener.go,af8dc8fe9602590a10439b9b1e9461e953685261f4f3a950f6e357319906f54b,common/listener/listener.go,common/listener/listener_udp.go
post-refactor-20b,PR117-M0479,sing-box-extended-extended,common/migrate/source,1,common/migrate/source/raw.go,5f67e57d77a35ded1582d9be2fbc863a42d167b5168d920b30c83e46c70a2cb6,common/migrate/source/raw.go,common/migrate/source/raw.go
post-refactor-20b,PR117-M0480,sing-box-extended-extended,common/mux,2,common/mux/client.go,75768f7ac943e74b370c867c7fed0fbe665cf81db6e40add1fa04fa24cb85efa,common/mux/client.go,common/mux/router.go
post-refactor-20b,PR117-M0481,sing-box-extended-extended,common/onclose,1,common/onclose/conn.go,0164dc1b71b75dc3cb4c21282c80d35a620b629131521de06d337316a2ae1f6b,common/onclose/conn.go,common/onclose/conn.go
post-refactor-20b,PR117-M0482,sing-box-extended-extended,common/pipelistener,1,common/pipelistener/listener.go,4d0d3999ef63c8769b25cda40a0eed513ec61abfe0eb52b73ff119d7dea79e4b,common/pipelistener/listener.go,common/pipelistener/listener.go
post-refactor-20b,PR117-M0483,sing-box-extended-extended,common/process,9,common/process/searcher.go,3677e618b594c3a58a5c055cc00534560aeae523a28894eccf2b0b860ffdd30e,common/process/searcher.go,common/process/searcher_windows.go
post-refactor-20b,PR117-M0484,sing-box-extended-extended,common/redir,5,common/redir/redir_darwin.go,70c4e5b30fb5b5e8fe9487bc3253d3b2022986f54f11839ac4a6c85897f98b6f,common/redir/redir_darwin.go,common/redir/tproxy_other.go
post-refactor-20b,PR117-M0485,sing-box-extended-extended,common/settings,14,common/settings/proxy_android.go,aa033296eade5cb7dd8fc3214d442cb18c3e820e4c2b9e9f85c299f18b66df6b,common/settings/proxy_android.go,common/settings/wifi_windows.go
post-refactor-20b,PR117-M0486,sing-box-extended-extended,common/sniff,22,common/sniff/bittorrent.go,93d9a4fcef5f2bbf184ee720a3e53b424e84df4c307d1b183964d719a57b091b,common/sniff/bittorrent.go,common/sniff/tls.go
post-refactor-20b,PR117-M0487,sing-box-extended-extended,common/sniff/internal/qtls,1,common/sniff/internal/qtls/qtls.go,90950d0f844c77fce149436a5f0b84c970921348880f739655836c00a655a10b,common/sniff/internal/qtls/qtls.go,common/sniff/internal/qtls/qtls.go
post-refactor-20b,PR117-M0488,sing-box-extended-extended,common/srs,4,common/srs/binary.go,5374d8ac255ff72d6bc27c07237c2aadfdaba83514ab3cceafcc5e16082e9a73,common/srs/binary.go,common/srs/ip_set.go
post-refactor-20b,PR117-M0489,sing-box-extended-extended,common/taskmonitor,1,common/taskmonitor/monitor.go,853cfc1a1210a071c11af45a193b81479fc7f3d8ae07e503396cd416b2596422,common/taskmonitor/monitor.go,common/taskmonitor/monitor.go
post-refactor-20b,PR117-M0490,sing-box-extended-extended,common/tls,22,common/tls/acme.go,4fa353bb43afb09fbc65b7d383690a82a83a7a3450ab9e2e1504baecc541da04,common/tls/acme.go,common/tls/utls_stub.go
post-refactor-20b,PR117-M0491,sing-box-extended-extended,common/tlsfragment,8,common/tlsfragment/conn.go,31b6c323cb564f4c6cae6bba5c37e8261c221f71b7a27cb0f97809890467d2ad,common/tlsfragment/conn.go,common/tlsfragment/wait_windows.go
post-refactor-20b,PR117-M0492,sing-box-extended-extended,common/uot,1,common/uot/router.go,7daaa523609b6e6aeb7477274bf5360b14299cd83462b900315780160254639d,common/uot/router.go,common/uot/router.go
post-refactor-20b,PR117-M0493,sing-box-extended-extended,common/urltest,2,common/urltest/context.go,bf26b98c5541ae2ec62a0c954b744fe5616afd4cbd8d98f5378a8a36354ff214,common/urltest/context.go,common/urltest/urltest.go
post-refactor-20b,PR117-M0494,sing-box-extended-extended,common/vision,1,common/vision/hook.go,e15016e1d5469a3c13cd7a50b50dd647aeb6f8dcaff6981a2295fd5a100b6e0a,common/vision/hook.go,common/vision/hook.go
post-refactor-20b,PR117-M0495,sing-box-extended-extended,common/xray,2,common/xray/common.go,c318101ac795f93e10941177324e09fe903e2270fe79d34cb5cddc05f3d1f361,common/xray/common.go,common/xray/interfaces.go
post-refactor-20b,PR117-M0496,sing-box-extended-extended,common/xray/buf,7,common/xray/buf/buffer.go,91a5db40febcc2edb5228eb07e962e9ed43aa1c7dae30c3c30b9cf2066f7ce4f,common/xray/buf/buffer.go,common/xray/buf/writer.go
post-refactor-20b,PR117-M0497,sing-box-extended-extended,common/xray/bytespool,1,common/xray/bytespool/pool.go,54794e377996a9362fd7af5e86a1f4eec6d372023b9bbaad3c90ed8adf5ab9cd,common/xray/bytespool/pool.go,common/xray/bytespool/pool.go
post-refactor-20b,PR117-M0498,sing-box-extended-extended,common/xray/cpuid,1,common/xray/cpuid/cpuid.go,b0fe057dda5597b6156af771f81fbf03cd009dcd29bc3bd851212df7642b7fca,common/xray/cpuid/cpuid.go,common/xray/cpuid/cpuid.go
post-refactor-20b,PR117-M0499,sing-box-extended-extended,common/xray/crypto,1,common/xray/crypto/crypto.go,b49df43e0b21dfe571260ec5d8d11b0fd53b3a17052a22c6b4a12ce985fc83dc,common/xray/crypto/crypto.go,common/xray/crypto/crypto.go
post-refactor-20b,PR117-M0500,sing-box-extended-extended,common/xray/errors,1,common/xray/errors/errors.go,d0b3dc54b94387f46a7544b39f124d01926167c1c48cfe01feac60ebf6982460,common/xray/errors/errors.go,common/xray/errors/errors.go
post-refactor-20b,PR117-M0501,sing-box-extended-extended,common/xray/json/badoption,1,common/xray/json/badoption/range.go,3ad88fb8e26d275150167bab6c541edc9e47f3cc49a44ce0603f21efead7b520,common/xray/json/badoption/range.go,common/xray/json/badoption/range.go
post-refactor-20b,PR117-M0502,sing-box-extended-extended,common/xray/net,6,common/xray/net/address.go,d6dd78e45e8a5666ceaa730bf5eda56aa93c1b0e09b72b1ea690b7da4155cf69,common/xray/net/address.go,common/xray/net/system.go
post-refactor-20b,PR117-M0503,sing-box-extended-extended,common/xray/pipe,4,common/xray/pipe/impl.go,f6c460c5f618eda3e8a05a9f03d76a30fc2decc7f19ec47c4061b0472d834de5,common/xray/pipe/impl.go,common/xray/pipe/writer.go
post-refactor-20b,PR117-M0504,sing-box-extended-extended,common/xray/serial,2,common/xray/serial/serial.go,9905898d06cbd976f5e6e1ccc08828335a2311f5256a159b92e81588bc693800,common/xray/serial/serial.go,common/xray/serial/string.go
post-refactor-20b,PR117-M0505,sing-box-extended-extended,common/xray/signal,2,common/xray/signal/notifier.go,a5e1f51efcb7853d17380470bda13ae21e7681227230fc07990e2622201aa736,common/xray/signal/notifier.go,common/xray/signal/timer.go
post-refactor-20b,PR117-M0506,sing-box-extended-extended,common/xray/signal/done,1,common/xray/signal/done/done.go,d79b2cc0c2377d07fd13483dd90b19f9689dae63c410ff9597c3ca06a52e82ac,common/xray/signal/done/done.go,common/xray/signal/done/done.go
post-refactor-20b,PR117-M0507,sing-box-extended-extended,common/xray/signal/pubsub,1,common/xray/signal/pubsub/pubsub.go,64a8737bf3f261a6fc76c604b58cbd35a9e29471b27ab5325a942f0a65dbe199,common/xray/signal/pubsub/pubsub.go,common/xray/signal/pubsub/pubsub.go
post-refactor-20b,PR117-M0508,sing-box-extended-extended,common/xray/signal/semaphore,1,common/xray/signal/semaphore/semaphore.go,96dc8763e2276da983e48e2256fb84466d7d3128cd9e121bac62f0782a153c33,common/xray/signal/semaphore/semaphore.go,common/xray/signal/semaphore/semaphore.go
post-refactor-20b,PR117-M0509,sing-box-extended-extended,common/xray/stat,1,common/xray/stat/connection.go,1ebbcd74de704b62e8ef608443289804b91a5acda046dbf2b1de3b3fcff97f6f,common/xray/stat/connection.go,common/xray/stat/connection.go
post-refactor-20b,PR117-M0510,sing-box-extended-extended,common/xray/stats,1,common/xray/stats/stats.go,f47d211e19da9360c58df2e10e2d92769840c92b883919547e69df5426aee7e5,common/xray/stats/stats.go,common/xray/stats/stats.go
post-refactor-20b,PR117-M0511,sing-box-extended-extended,common/xray/task,3,common/xray/task/common.go,3b4748fc955f214e17fd781d82ddb3aa470e49606396c7680283ea49a2b33895,common/xray/task/common.go,common/xray/task/task.go
post-refactor-20b,PR117-M0512,sing-box-extended-extended,common/xray/utils,2,common/xray/utils/browser.go,8695b91d011efb48426e0e2e44374d6cf9c0b73444d2882ab77a284050db6043,common/xray/utils/browser.go,common/xray/utils/padding.go
post-refactor-20b,PR117-M0513,sing-box-extended-extended,common/xray/uuid,1,common/xray/uuid/uuid.go,b94ea693582ee50f6cdcba54e14cf254a0b0a600da31025473dafa7133d5dd72,common/xray/uuid/uuid.go,common/xray/uuid/uuid.go
post-refactor-20b,PR117-M0514,sing-box-extended-extended,constant,24,constant/certificate.go,0d22b2761a9476be6ee2bb313791bd6ab777840f22e25472a317af39b60e97e0,constant/certificate.go,constant/version.go
post-refactor-20b,PR117-M0515,sing-box-extended-extended,constant/goos,18,constant/goos/gengoos.go,f10a7783eaf8b7823cb3da86976521b5c37aa953866046f362b11ba08c35cee1,constant/goos/gengoos.go,constant/goos/zgoos_zos.go
post-refactor-20b,PR117-M0516,sing-box-extended-extended,daemon,7,daemon/deprecated.go,8da97209d1802afbf4e3375a75a450b5702813421c633e5aede11d7ea988b6e3,daemon/deprecated.go,daemon/started_service_grpc.pb.go
post-refactor-20b,PR117-M0517,sing-box-extended-extended,dns,10,dns/client.go,f4bd0a1410525883fb162ac76002fc62453db3d648df07753136d4f4243c8780,dns/client.go,dns/transport_registry.go
post-refactor-20b,PR117-M0518,sing-box-extended-extended,dns/transport,7,dns/transport/conn_pool.go,581b4390c3b88faa679d71bc9bce6064743e54c2a1265b8a8c4e8a766662435b,dns/transport/conn_pool.go,dns/transport/udp.go
post-refactor-20b,PR117-M0519,sing-box-extended-extended,dns/transport/dhcp,2,dns/transport/dhcp/dhcp.go,bce79c16e15976c2033858ecf5c416f61a686986211070bab945b4e2f9cd1edf,dns/transport/dhcp/dhcp.go,dns/transport/dhcp/dhcp_shared.go
post-refactor-20b,PR117-M0520,sing-box-extended-extended,dns/transport/fakeip,3,dns/transport/fakeip/fakeip.go,33a3abc752db16e6dd3c2a876d569ef8507c607e62a362a7dfb5e5e0cb80bbc2,dns/transport/fakeip/fakeip.go,dns/transport/fakeip/store.go
post-refactor-20b,PR117-M0521,sing-box-extended-extended,dns/transport/fallback,2,dns/transport/fallback/fallback.go,e2f21a9d696a94806027edba088318c9bb1d938f231f13076e5e77e52de188b8,dns/transport/fallback/fallback.go,dns/transport/fallback/strategy.go
post-refactor-20b,PR117-M0522,sing-box-extended-extended,dns/transport/hosts,5,dns/transport/hosts/hosts.go,6166542ea3396ba12f58ef11ceaaf488ddcf9fd5a62d7b746be6532cd9114afa,dns/transport/hosts/hosts.go,dns/transport/hosts/hosts_windows.go
post-refactor-20b,PR117-M0523,sing-box-extended-extended,dns/transport/hosts/testdata,1,dns/transport/hosts/testdata/hosts,f54fdf8f8382183b87e80fc204fd663462abd44cabc138007704f6b740e028f9,dns/transport/hosts/testdata/hosts,dns/transport/hosts/testdata/hosts
post-refactor-20b,PR117-M0524,sing-box-extended-extended,dns/transport/local,13,dns/transport/local/local.go,ca248ffab445cef87c0d51fd648fb2c177909806a9a215c114612c6bc8646751,dns/transport/local/local.go,dns/transport/local/resolv_windows.go
post-refactor-20b,PR117-M0525,sing-box-extended-extended,dns/transport/quic,2,dns/transport/quic/http3.go,5c34059f1513a92c9731fdef01bd2e9246e8f99070f0622e37c6e64a4940ed67,dns/transport/quic/http3.go,dns/transport/quic/quic.go
post-refactor-20b,PR117-M0526,sing-box-extended-extended,docs,11,docs/CNAME,5ac733872346205ce23cc3f366844a925bb42cb63b799dd1fb89f6ce166194bd,docs/CNAME,docs/support.zh.md
post-refactor-20b,PR117-M0527,sing-box-extended-extended,docs/assets,1,docs/assets/icon.svg,2f14bc985fe00cecda1213ee74dade3a357d880e6d57c196f254f810428524ae,docs/assets/icon.svg,docs/assets/icon.svg
post-refactor-20b,PR117-M0528,sing-box-extended-extended,docs/clients,4,docs/clients/general.md,129100c40e8bebb23fef4ac1749449e7656b5badab4d04aa9581000677b30998,docs/clients/general.md,docs/clients/privacy.md
post-refactor-20b,PR117-M0529,sing-box-extended-extended,docs/clients/android,2,docs/clients/android/features.md,cfc3b1bb14c49636fcc37e4739dc3f6582ef49335f4ac0d2fe57958ae8472aa8,docs/clients/android/features.md,docs/clients/android/index.md
post-refactor-20b,PR117-M0530,sing-box-extended-extended,docs/clients/apple,2,docs/clients/apple/features.md,0aad6c5447eb84f5e32106755834bbd7b69c4de0e769f11698166e6cad44dfb7,docs/clients/apple/features.md,docs/clients/apple/index.md
post-refactor-20b,PR117-M0531,sing-box-extended-extended,docs/configuration,2,docs/configuration/index.md,fdf695bee1b63bae1b6807341a052d139ce1bbd7ea12aa71b70fb1210f2e8f9f,docs/configuration/index.md,docs/configuration/index.zh.md
post-refactor-20b,PR117-M0532,sing-box-extended-extended,docs/configuration/certificate,2,docs/configuration/certificate/index.md,28095c6ae649797e9181b09c40fcd15c0bc1bb5786b2489f246c2d3530933c8f,docs/configuration/certificate/index.md,docs/configuration/certificate/index.zh.md
post-refactor-20b,PR117-M0533,sing-box-extended-extended,docs/configuration/dns,8,docs/configuration/dns/fakeip.md,92df4ae1aae187e2a191f8f95526af7780e0a58e089f52f89b12b1ce9fe393ad,docs/configuration/dns/fakeip.md,docs/configuration/dns/rule_action.zh.md
post-refactor-20b,PR117-M0534,sing-box-extended-extended,docs/configuration/dns/server,28,docs/configuration/dns/server/dhcp.md,73df66449c8a139ec8caaebd20fae413e0bcf8813dbaf16605af79a38d270b61,docs/configuration/dns/server/dhcp.md,docs/configuration/dns/server/udp.zh.md
post-refactor-20b,PR117-M0535,sing-box-extended-extended,docs/configuration/endpoint,6,docs/configuration/endpoint/index.md,a42fc6ec05165e90c0634210626ba6a09ab92d530517cb83cfaf20a61cf8b57f,docs/configuration/endpoint/index.md,docs/configuration/endpoint/wireguard.zh.md
post-refactor-20b,PR117-M0536,sing-box-extended-extended,docs/configuration/experimental,8,docs/configuration/experimental/cache-file.md,78faadc0f90c4a2bfe034e003266e0f454bda764fa4b0292702c7c9c922a5057,docs/configuration/experimental/cache-file.md,docs/configuration/experimental/v2ray-api.zh.md
post-refactor-20b,PR117-M0537,sing-box-extended-extended,docs/configuration/inbound,38,docs/configuration/inbound/anytls.md,84edc5fe78c9d791b204f213fb627d780553b778b85168c0793389cf326c3f73,docs/configuration/inbound/anytls.md,docs/configuration/inbound/vmess.zh.md
post-refactor-20b,PR117-M0538,sing-box-extended-extended,docs/configuration/log,2,docs/configuration/log/index.md,13f18a1a7047bda726a2546f6d30e413442f64bb385af5ae2ad3c43cd228cfcf,docs/configuration/log/index.md,docs/configuration/log/index.zh.md
post-refactor-20b,PR117-M0539,sing-box-extended-extended,docs/configuration/ntp,2,docs/configuration/ntp/index.md,0c93c7309807d7695ce72c2a34655534e763779359df2294a227aaf4943400c7,docs/configuration/ntp/index.md,docs/configuration/ntp/index.zh.md
post-refactor-20b,PR117-M0540,sing-box-extended-extended,docs/configuration/outbound,44,docs/configuration/outbound/anytls.md,5f9204bbde07cdbf985246e4ca8f3b998102e5ecd0ff83ab569a068e8a15d7a2,docs/configuration/outbound/anytls.md,docs/configuration/outbound/wireguard.zh.md
post-refactor-20b,PR117-M0541,sing-box-extended-extended,docs/configuration/route,12,docs/configuration/route/geoip.md,0ac361fb1150bf6c9e9b0de2d1ba285bdaa8ee919d7588065b3e50fd132067c9,docs/configuration/route/geoip.md,docs/configuration/route/sniff.zh.md
post-refactor-20b,PR117-M0542,sing-box-extended-extended,docs/configuration/rule-set,8,docs/configuration/rule-set/adguard.md,639e0fde714d3fc86e7e48f0e97c6c68558b77b7b986722010bbf43c0b6c2043,docs/configuration/rule-set/adguard.md,docs/configuration/rule-set/source-format.zh.md
post-refactor-20b,PR117-M0543,sing-box-extended-extended,docs/configuration/service,12,docs/configuration/service/ccm.md,85c42d160f22420e0bc885d8b9e8e3b85cd1e4f1e053d4a02c8f5460b7385346,docs/configuration/service/ccm.md,docs/configuration/service/ssm-api.zh.md
post-refactor-20b,PR117-M0544,sing-box-extended-extended,docs/configuration/shared,20,docs/configuration/shared/dial.md,95e7a4fa8324c968c0a292f6b05bee2a02be5d70c675b6c7f66d24e43e2e7211,docs/configuration/shared/dial.md,docs/configuration/shared/wifi-state.zh.md
post-refactor-20b,PR117-M0545,sing-box-extended-extended,docs/installation,6,docs/installation/build-from-source.md,105cc2bd5ff75b98bf0ced060659937a5125fc0adb19b05eb4dc22c8243e3c59,docs/installation/build-from-source.md,docs/installation/package-manager.zh.md
post-refactor-20b,PR117-M0546,sing-box-extended-extended,docs/installation/tools,5,docs/installation/tools/arch-install.sh,2dbf06e3a4a92cf9b8f45b529e9c293043e130537be771949c8127d2ad0f62a7,docs/installation/tools/arch-install.sh,docs/installation/tools/sing-box.repo
post-refactor-20b,PR117-M0547,sing-box-extended-extended,docs/manual/misc,1,docs/manual/misc/tunnelvision.md,471dc3a81fc019284b710f1d8876c26565871dfb910bf0b12ca17ce441a46121,docs/manual/misc/tunnelvision.md,docs/manual/misc/tunnelvision.md
post-refactor-20b,PR117-M0548,sing-box-extended-extended,docs/manual/proxy,2,docs/manual/proxy/client.md,070b4046cf589331ff5656e04fb4288fa6fc926425c71a6ac72283f2e3e9521f,docs/manual/proxy/client.md,docs/manual/proxy/server.md
post-refactor-20b,PR117-M0549,sing-box-extended-extended,docs/manual/proxy-protocol,3,docs/manual/proxy-protocol/hysteria2.md,02144b572963ef740f051b1680c7c048d26f20b91bd008f5e35abdea0dfcad7d,docs/manual/proxy-protocol/hysteria2.md,docs/manual/proxy-protocol/trojan.md
post-refactor-20b,PR117-M0550,sing-box-extended-extended,examples/admin_panel-manager-node,3,examples/admin_panel-manager-node/client.json,e86d9b7c3ca02f7ac15284e1fd475448dc7f07d0d257b01e89949c0ba1be0b5e,examples/admin_panel-manager-node/client.json,examples/admin_panel-manager-node/node.json
post-refactor-20b,PR117-M0551,sing-box-extended-extended,examples/admin_panel-manager-node/screens/desktop,9,examples/admin_panel-manager-node/screens/desktop/00-login.png,5b1c19bba02e9c427f4f3341e687d6e11b627c7a910a68b3164db9578794b20c,examples/admin_panel-manager-node/screens/desktop/00-login.png,examples/admin_panel-manager-node/screens/desktop/08-rate-limiters.png
post-refactor-20b,PR117-M0552,sing-box-extended-extended,examples/admin_panel-manager-node/screens/mobile,10,examples/admin_panel-manager-node/screens/mobile/00-login.png,51678ebe2e8d05b948a5a43ccf14a6e4601c9b295c23bf9ca216fb06f5dc0359,examples/admin_panel-manager-node/screens/mobile/00-login.png,examples/admin_panel-manager-node/screens/mobile/09-nav-open.png
post-refactor-20b,PR117-M0553,sing-box-extended-extended,examples/amnezia,1,examples/amnezia/client.json,5bd2e9cc34efc19c1a1c1a3c5efa5edd1a14b7b91dfc1225c2b7bb2023e46781,examples/amnezia/client.json,examples/amnezia/client.json
post-refactor-20b,PR117-M0554,sing-box-extended-extended,examples/bond,4,examples/bond/client.json,a4fb9ad5d8c3868fd201bdc4e92a76afaccba709f627b1537204d3f890761106,examples/bond/client.json,examples/bond/server.json
post-refactor-20b,PR117-M0555,sing-box-extended-extended,examples/dns_fallback,1,examples/dns_fallback/client.json,a74ae2a79922d59372232b82c4cd6e1903154af773037d2cca3b4801c17b2260,examples/dns_fallback/client.json,examples/dns_fallback/client.json
post-refactor-20b,PR117-M0556,sing-box-extended-extended,examples/failover,2,examples/failover/client.json,c39ac066c7876b97d395102b9c525934ae2601d271a41122f59ffef862775cf7,examples/failover/client.json,examples/failover/server.json
post-refactor-20b,PR117-M0557,sing-box-extended-extended,examples/fallback,1,examples/fallback/client.json,5b5ff1c33972376fc288fcc7f5be0657b5183b3d936903456c5f25efc9079252,examples/fallback/client.json,examples/fallback/client.json
post-refactor-20b,PR117-M0558,sing-box-extended-extended,examples/limiters/bandwidth,5,examples/limiters/bandwidth/connection.json,5d1a2d19f79d2fba02cd2d72768738da1d58ba8bd50f9ecd8191bc1ce42a90b8,examples/limiters/bandwidth/connection.json,examples/limiters/bandwidth/users.json
post-refactor-20b,PR117-M0559,sing-box-extended-extended,examples/limiters/connection,3,examples/limiters/connection/connection.json,07b6cae8b14f9f8a186aeb6ac92a399caa37285f344780ab010158070ebfeb52,examples/limiters/connection/connection.json,examples/limiters/connection/users.json
post-refactor-20b,PR117-M0560,sing-box-extended-extended,examples/limiters/rate,4,examples/limiters/rate/connection.json,e1cd9285c6ca0fee77f7435f43f6a09c9c880d51152b5e428d068a8dcf7a0ad9,examples/limiters/rate/connection.json,examples/limiters/rate/users.json
post-refactor-20b,PR117-M0561,sing-box-extended-extended,examples/limiters/traffic,3,examples/limiters/traffic/global.json,f66fed83b109ea38d253fcdbe973c5b6f8c9670a3226406c76a34fa61a4b089d,examples/limiters/traffic/global.json,examples/limiters/traffic/users.json
post-refactor-20b,PR117-M0562,sing-box-extended-extended,examples/masque,1,examples/masque/client.json,aaf260dd28022f5c2eac22533cbbdf0e48ba1bb0501dc9b29181d2cfd5bc0efb,examples/masque/client.json,examples/masque/client.json
post-refactor-20b,PR117-M0563,sing-box-extended-extended,examples/mieru,2,examples/mieru/client.json,5a92d011b9a9619abfc3199d7fd10c0ce32e1c352210779afd5564e34300b90f,examples/mieru/client.json,examples/mieru/server.json
post-refactor-20b,PR117-M0564,sing-box-extended-extended,examples/mkcp,2,examples/mkcp/client.json,b30a3021ff5977480dea5de261fe30742aac636b2f8514ec42b528617181eb20,examples/mkcp/client.json,examples/mkcp/server.json
post-refactor-20b,PR117-M0565,sing-box-extended-extended,examples/mtproxy,1,examples/mtproxy/server.json,20b3c16d1f19424971df6e9f4295000d61fb0403d774b793b598e77343abb685,examples/mtproxy/server.json,examples/mtproxy/server.json
post-refactor-20b,PR117-M0566,sing-box-extended-extended,examples/openvpn,4,examples/openvpn/auth-user-pass.json,6abbf45354bb433cccc33f212e36ace04a65f6905aadb32460ef57c7b7466e49,examples/openvpn/auth-user-pass.json,examples/openvpn/tls-crypt.json
post-refactor-20b,PR117-M0567,sing-box-extended-extended,examples/parser,1,examples/parser/client.json,fbda3d2fe1406223da3ede6ca5d99b132a455fafbbbac2a68a44031f57ffb38e,examples/parser/client.json,examples/parser/client.json
post-refactor-20b,PR117-M0568,sing-box-extended-extended,examples/provider,3,examples/provider/inline.json,ebd0be66e93215c9c76d1c978452109828a0b933b0cb12ba51b46103e27c0ff4,examples/provider/inline.json,examples/provider/remote.json
post-refactor-20b,PR117-M0569,sing-box-extended-extended,examples/sdns,1,examples/sdns/client.json,df48ecb8e588bc4215d7e57d6bc67a67730480b2a7f0cf5a9f983389f49bf9f2,examples/sdns/client.json,examples/sdns/client.json
post-refactor-20b,PR117-M0570,sing-box-extended-extended,examples/ssh,2,examples/ssh/client.json,76699f6bd70a86583ca728b70a5b9c7139d66adb7030df9c8384be435f8ca857,examples/ssh/client.json,examples/ssh/server.json
post-refactor-20b,PR117-M0571,sing-box-extended-extended,examples/sudoku,4,examples/sudoku/client.json,52d56cd82c12e4e49623e1c6aacb8c68179eb89e09803dbb857bf18fcf4def5e,examples/sudoku/client.json,examples/sudoku/server_advanced.json
post-refactor-20b,PR117-M0572,sing-box-extended-extended,examples/trusttunnel,2,examples/trusttunnel/client.json,3d4379862f372d8edf062a03e704d0b82759b6cd4e9b02a5589c9928751702b6,examples/trusttunnel/client.json,examples/trusttunnel/server.json
post-refactor-20b,PR117-M0573,sing-box-extended-extended,examples/unified_delay,1,examples/unified_delay/client.json,6b31e1883f1476dbc56e918c58c4e7f447308896b8b88905a31ac092c328edf4,examples/unified_delay/client.json,examples/unified_delay/client.json
post-refactor-20b,PR117-M0574,sing-box-extended-extended,examples/vless_encryption,2,examples/vless_encryption/client.json,64e2fc70407b599b5f77c5e78b4e74186e2a2b342851cc36f7f492df1e618a6c,examples/vless_encryption/client.json,examples/vless_encryption/server.json
post-refactor-20b,PR117-M0575,sing-box-extended-extended,examples/vpn/client-server,2,examples/vpn/client-server/client.json,930cb09e097b762a5363d0de2a114499c8e0ef3faa95601708ec6f2a9359d2c1,examples/vpn/client-server/client.json,examples/vpn/client-server/server.json
post-refactor-20b,PR117-M0576,sing-box-extended-extended,examples/vpn/client1-server-client2,3,examples/vpn/client1-server-client2/client1.json,6fa0d059a737c79dacc47ad2d8e0fd690d4c3dfda45778f663cf580f176ad8f8,examples/vpn/client1-server-client2/client1.json,examples/vpn/client1-server-client2/server.json
post-refactor-20b,PR117-M0577,sing-box-extended-extended,examples/vpn/proxy_client-server-vpn_client,3,examples/vpn/proxy_client-server-vpn_client/proxy_client.json,ee70ed8e0965d4e7b90917207966fb4e9dda4577c4800c05159c14eec95d42f9,examples/vpn/proxy_client-server-vpn_client/proxy_client.json,examples/vpn/proxy_client-server-vpn_client/vpn_client.json
post-refactor-20b,PR117-M0578,sing-box-extended-extended,examples/vpn/server-client,2,examples/vpn/server-client/client.json,a34f756e513574772b67696e224d959fb0c5e09dad2061ada01dc780ce56c18c,examples/vpn/server-client/client.json,examples/vpn/server-client/server.json
post-refactor-20b,PR117-M0579,sing-box-extended-extended,examples/warp,1,examples/warp/client.json,ff3c15a00e76930959edfc6eaff9a8ce6122b61a83bc7f1d46ccd04b18f136ef,examples/warp/client.json,examples/warp/client.json
post-refactor-20b,PR117-M0580,sing-box-extended-extended,examples/wireguard,1,examples/wireguard/client.json,095414907b3dc14c2b5523e6fa32f87a0867c13ac004a8b54354896120cbb693,examples/wireguard/client.json,examples/wireguard/client.json
post-refactor-20b,PR117-M0581,sing-box-extended-extended,examples/xhttp,2,examples/xhttp/client.json,031b2f7cac8426fb9cfc3f3d859ad198bd26728228bab72133aad5acbbcdeb03,examples/xhttp/client.json,examples/xhttp/server.json
post-refactor-20b,PR117-M0582,sing-box-extended-extended,experimental,2,experimental/clashapi.go,4d062c53d004fe0429c2d48586645667a39045ad2d7916543eafc4ee9b78b8c2,experimental/clashapi.go,experimental/v2rayapi.go
post-refactor-20b,PR117-M0583,sing-box-extended-extended,experimental/cachefile,3,experimental/cachefile/cache.go,53c511725e1d5ac7617a190502ca76346166472bd5cc61fb81fde4457d9b97c9,experimental/cachefile/cache.go,experimental/cachefile/rdrc.go
post-refactor-20b,PR117-M0584,sing-box-extended-extended,experimental/clashapi,19,experimental/clashapi/api_meta.go,a0c5ff84b409efd8a70f22a0fe68b3c6cdf5011dd394aba1c2280f5afacd2f60,experimental/clashapi/api_meta.go,experimental/clashapi/server_resources.go
post-refactor-20b,PR117-M0585,sing-box-extended-extended,experimental/clashapi/trafficontrol,2,experimental/clashapi/trafficontrol/manager.go,58712bde43bdf590ffcc7d016a19496b283d0e43b69eeb6c7355af4457971c37,experimental/clashapi/trafficontrol/manager.go,experimental/clashapi/trafficontrol/tracker.go
post-refactor-20b,PR117-M0586,sing-box-extended-extended,experimental/deprecated,3,experimental/deprecated/constants.go,327c9ffb59eb2f437ff7a36a743a1ce5c35f955ef450018f016fa45de075ad28,experimental/deprecated/constants.go,experimental/deprecated/stderr.go
post-refactor-20b,PR117-M0587,sing-box-extended-extended,experimental/libbox,36,experimental/libbox/build_info.go,6d17d97083202147a1611344f724122e42a94cbda600d555cd57f895ef001a0a,experimental/libbox/build_info.go,experimental/libbox/tun_name_other.go
post-refactor-20b,PR117-M0588,sing-box-extended-extended,experimental/libbox/internal/procfs,1,experimental/libbox/internal/procfs/procfs.go,3470b9ca7e40c0ccd0453c3ee68a59a6122d5b6e028b4684e0d757e317d8bff8,experimental/libbox/internal/procfs/procfs.go,experimental/libbox/internal/procfs/procfs.go
post-refactor-20b,PR117-M0589,sing-box-extended-extended,experimental/locale,2,experimental/locale/locale.go,00fdc2ba7dc6149475decfc33481907cda420dbe665d6493b7642c73fee11853,experimental/locale/locale.go,experimental/locale/locale_zh_CN.go
post-refactor-20b,PR117-M0590,sing-box-extended-extended,experimental/v2rayapi,5,experimental/v2rayapi/server.go,fba96906a06b024545947d20baa07128e476c620f03111004163c6712667efae,experimental/v2rayapi/server.go,experimental/v2rayapi/stats_grpc.pb.go
post-refactor-20b,PR117-M0591,sing-box-extended-extended,include,35,include/ccm.go,66ed7b8998df606525611d4f07845893076be009a2a33628794aedfd1bcf7e4a,include/ccm.go,include/wireguard_stub.go
post-refactor-20b,PR117-M0592,sing-box-extended-extended,log,10,log/export.go,aef6fc136897999b89694d7f85f208634e84f1046cac8a8ac1d73caa63beac6a,log/export.go,log/platform.go
post-refactor-20b,PR117-M0593,sing-box-extended-extended,option,70,option/admin_panel.go,52318e85143525fa0e13f22319c26ce60c8617a5a8c7b961f7420be7ca59f8d7,option/admin_panel.go,option/wireguard.go
post-refactor-20b,PR117-M0594,sing-box-extended-extended,parser,1,parser/parser.go,756ab4e286befa166b36eb5987653c4c2591d12cd75fe189aa3247d5a05bd4f9,parser/parser.go,parser/parser.go
post-refactor-20b,PR117-M0595,sing-box-extended-extended,parser/clash,14,parser/clash/anytls.go,11dd3886ba6e850582e3887d8e07ab966feac635c41a1c1d17d804ff39ef3912,parser/clash/anytls.go,parser/clash/vmess.go
post-refactor-20b,PR117-M0596,sing-box-extended-extended,parser/link,9,parser/link/hysteria.go,49e7a46d9341c1abdce0cbb5ac0b98ff54ab51bc1e7118714c9ba4e31166b1fe,parser/link/hysteria.go,parser/link/vmess.go
post-refactor-20b,PR117-M0597,sing-box-extended-extended,parser/raw,1,parser/raw/parser.go,84e7c9ca31089c40b0673f6fb62037600d57ec9a2fc40bc552138bc89fc243ff,parser/raw/parser.go,parser/raw/parser.go
post-refactor-20b,PR117-M0598,sing-box-extended-extended,parser/singbox,1,parser/singbox/parser.go,e03f2a887b4086a2f9226cd9d968bd2f044ea241b589143d1733980683a61fc0,parser/singbox/parser.go,parser/singbox/parser.go
post-refactor-20b,PR117-M0599,sing-box-extended-extended,parser/sip008,1,parser/sip008/parser.go,de6f92f74e87f0e56cf637ccb79314536819026f9b937d74e7158634737c3b00,parser/sip008/parser.go,parser/sip008/parser.go
post-refactor-20b,PR117-M0600,sing-box-extended-extended,protocol/anytls,2,protocol/anytls/inbound.go,dbca5612af33c3b4c84c13d51abfec5d7f38eba6ef48238e90ded5ee329dcf9b,protocol/anytls/inbound.go,protocol/anytls/outbound.go
post-refactor-20b,PR117-M0601,sing-box-extended-extended,protocol/block,1,protocol/block/outbound.go,158b42a9d1ad6196995079e4b4cfaf1d4b7a3d6c1aea5df32d66991b578fee76,protocol/block/outbound.go,protocol/block/outbound.go
post-refactor-20b,PR117-M0602,sing-box-extended-extended,protocol/bond,5,protocol/bond/conn.go,95dca3d05a393bc068b047bc3ee3311b9811051f2fb8434d1c7b02f223418a4c,protocol/bond/conn.go,protocol/bond/router.go
post-refactor-20b,PR117-M0603,sing-box-extended-extended,protocol/direct,2,protocol/direct/inbound.go,32e169dcc358a199d92cc39c19e2ccb432420b02f8dd5a02e68b588757cf9f7e,protocol/direct/inbound.go,protocol/direct/outbound.go
post-refactor-20b,PR117-M0604,sing-box-extended-extended,protocol/dns,2,protocol/dns/handle.go,6aa06b7117d9b642f6437af19da33bcc7749ee6d07846c917ef3f1640536248e,protocol/dns/handle.go,protocol/dns/outbound.go
post-refactor-20b,PR117-M0605,sing-box-extended-extended,protocol/failover,6,protocol/failover/conn.go,908f51b6d522b717f45394c16b05dae068bdc2bb957b0cadac5597d4d9e4ee21,protocol/failover/conn.go,protocol/failover/strategy.go
post-refactor-20b,PR117-M0606,sing-box-extended-extended,protocol/group,3,protocol/group/fallback.go,8b91a9868decbf7a5ba3df5697031c81fe96e2d6cfc0f4a6e41540bbd0c150ab,protocol/group/fallback.go,protocol/group/urltest.go
post-refactor-20b,PR117-M0607,sing-box-extended-extended,protocol/http,2,protocol/http/inbound.go,422c60f899cf47f4ac84a56c97023b8127638e751b1d4a0f13bc3e38f667bdda,protocol/http/inbound.go,protocol/http/outbound.go
post-refactor-20b,PR117-M0608,sing-box-extended-extended,protocol/hysteria,2,protocol/hysteria/inbound.go,f3b1cdde281cbaaf2282c7555c035f4a547ffe5a2a3b8c55c78f8e60d70f384f,protocol/hysteria/inbound.go,protocol/hysteria/outbound.go
post-refactor-20b,PR117-M0609,sing-box-extended-extended,protocol/hysteria2,2,protocol/hysteria2/inbound.go,a6fac013ee0aec937386cae1b2e937996afe245827337416a69e75917bbe2bb0,protocol/hysteria2/inbound.go,protocol/hysteria2/outbound.go
post-refactor-20b,PR117-M0610,sing-box-extended-extended,protocol/limiter/bandwidth,4,protocol/limiter/bandwidth/conn.go,c462c085bbba7f1548479a8434b28c871e84e969a203e54a649615ec740dd5dd,protocol/limiter/bandwidth/conn.go,protocol/limiter/bandwidth/strategy.go
post-refactor-20b,PR117-M0611,sing-box-extended-extended,protocol/limiter/connection,3,protocol/limiter/connection/lock.go,802b3b4af1cb123c70dc2849cdd32efab1fce713e96678d2665b2ddc6aae6790,protocol/limiter/connection/lock.go,protocol/limiter/connection/strategy.go
post-refactor-20b,PR117-M0612,sing-box-extended-extended,protocol/limiter/rate,2,protocol/limiter/rate/outbound.go,a4a16535c1cab10edee992812958fee5f196c248a27e678581b418c74624917a,protocol/limiter/rate/outbound.go,protocol/limiter/rate/strategy.go
post-refactor-20b,PR117-M0613,sing-box-extended-extended,protocol/limiter/traffic,4,protocol/limiter/traffic/conn.go,acac9591caf4c30a5815ed23d53669fce3fee5f87ce98aa26b3cdad25604853d,protocol/limiter/traffic/conn.go,protocol/limiter/traffic/strategy.go
post-refactor-20b,PR117-M0614,sing-box-extended-extended,protocol/masque,2,protocol/masque/config.go,abe87f825ca8c4400324dc27a5bcd6ce6c80dc414f8422bd78a8110eb5c1108a,protocol/masque/config.go,protocol/masque/outbound.go
post-refactor-20b,PR117-M0615,sing-box-extended-extended,protocol/mieru,2,protocol/mieru/inbound.go,17c540acc8ef7da3d40715643f74fbfdf388e0d67f42354f3fa1966e4bf28bc4,protocol/mieru/inbound.go,protocol/mieru/outbound.go
post-refactor-20b,PR117-M0616,sing-box-extended-extended,protocol/mixed,1,protocol/mixed/inbound.go,3e4cf861d182e8742f3c7de5c74d73ad30ea30861b1bc630adf7c10e2f7f6efd,protocol/mixed/inbound.go,protocol/mixed/inbound.go
post-refactor-20b,PR117-M0617,sing-box-extended-extended,protocol/mtproxy,4,protocol/mtproxy/dialer.go,db66326b7fe404a2d223e91ac84063f884ac8a8c85adc3338d0c20bfa00d9fcb,protocol/mtproxy/dialer.go,protocol/mtproxy/network.go
post-refactor-20b,PR117-M0618,sing-box-extended-extended,protocol/naive,3,protocol/naive/inbound.go,ad2679e928f403ef136c78bbcb309d9eb44b9a422e695fae1c80c0db5ad4fbcf,protocol/naive/inbound.go,protocol/naive/outbound.go
post-refactor-20b,PR117-M0619,sing-box-extended-extended,protocol/naive/quic,1,protocol/naive/quic/inbound_init.go,284b397450cbe141ec7383a69f831a7f7f36798c38bd7b82f925a3ea530298e5,protocol/naive/quic/inbound_init.go,protocol/naive/quic/inbound_init.go
post-refactor-20b,PR117-M0620,sing-box-extended-extended,protocol/openvpn,1,protocol/openvpn/outbound.go,e3e19c53f7967b3133af85840e74475479811cd742a8e8cce9f6dcc404bcab94,protocol/openvpn/outbound.go,protocol/openvpn/outbound.go
post-refactor-20b,PR117-M0621,sing-box-extended-extended,protocol/parser,1,protocol/parser/outbound.go,ae2dcaddd8cde63c5dc2de106fcde7ce187e585b821e57192733c45ba77d9368,protocol/parser/outbound.go,protocol/parser/outbound.go
post-refactor-20b,PR117-M0622,sing-box-extended-extended,protocol/redirect,2,protocol/redirect/redirect.go,426499338933db24d77c8ff5fd927ef50263be4f5f7d3cd723bd03b3a3e736d7,protocol/redirect/redirect.go,protocol/redirect/tproxy.go
post-refactor-20b,PR117-M0623,sing-box-extended-extended,protocol/shadowsocks,4,protocol/shadowsocks/inbound.go,3fdb4f792d1cb3e0da723bd0353fca6b02517732b42ad07c86b8257049f09ab1,protocol/shadowsocks/inbound.go,protocol/shadowsocks/outbound.go
post-refactor-20b,PR117-M0624,sing-box-extended-extended,protocol/shadowtls,2,protocol/shadowtls/inbound.go,2f79bf95593c8a329b1d4bff164f6877cf780b18b89e001a8f49bbe6e505d85b,protocol/shadowtls/inbound.go,protocol/shadowtls/outbound.go
post-refactor-20b,PR117-M0625,sing-box-extended-extended,protocol/socks,2,protocol/socks/inbound.go,f7924dfbf61005afe29595cca28bb593fce286cd6a18e5e3013a3b5e70ac3b49,protocol/socks/inbound.go,protocol/socks/outbound.go
post-refactor-20b,PR117-M0626,sing-box-extended-extended,protocol/ssh,5,protocol/ssh/certificate.go,2fd2b002dc06408e896406395dd7aea5845ac8f768a8173694a53dd132f80ae0,protocol/ssh/certificate.go,protocol/ssh/service.go
post-refactor-20b,PR117-M0627,sing-box-extended-extended,protocol/sudoku,2,protocol/sudoku/inbound.go,63398895743f7b33e54c61ce10f9d8c665cab4ff7775bde3626b93e7b5d01899,protocol/sudoku/inbound.go,protocol/sudoku/outbound.go
post-refactor-20b,PR117-M0628,sing-box-extended-extended,protocol/tailscale,4,protocol/tailscale/dns_transport.go,e73e81f501ef1e1d45dd4232e87e57ca43a81b6b48d9df8eac0db22eff29ad5c,protocol/tailscale/dns_transport.go,protocol/tailscale/tun_device_windows.go
post-refactor-20b,PR117-M0629,sing-box-extended-extended,protocol/tor,2,protocol/tor/outbound.go,99d472aa7c546728807e8f615406b8fdb7d6b9676afb275f30b2378b1dc235be,protocol/tor/outbound.go,protocol/tor/proxy.go
post-refactor-20b,PR117-M0630,sing-box-extended-extended,protocol/trojan,2,protocol/trojan/inbound.go,fc7aedaabaf888ac24ee572a28ca49d3c542d241875a423ae095c9de20c2365a,protocol/trojan/inbound.go,protocol/trojan/outbound.go
post-refactor-20b,PR117-M0631,sing-box-extended-extended,protocol/trusttunnel,2,protocol/trusttunnel/inbound.go,a25d1c5887dd93084920bb7db7ce7013d504d5309733c63ee3a464634409f139,protocol/trusttunnel/inbound.go,protocol/trusttunnel/outbound.go
post-refactor-20b,PR117-M0632,sing-box-extended-extended,protocol/tuic,2,protocol/tuic/inbound.go,6d2e1b746ed578312b7e7dedc7e10234eb4a56cb5d8f6d80a305ea68ae78da6d,protocol/tuic/inbound.go,protocol/tuic/outbound.go
post-refactor-20b,PR117-M0633,sing-box-extended-extended,protocol/tun,2,protocol/tun/hook.go,d206b26f7fc3d81fcdd566db69996cc016ec0692c9ada704cfd61f1f78018711,protocol/tun/hook.go,protocol/tun/inbound.go
post-refactor-20b,PR117-M0634,sing-box-extended-extended,protocol/vless,2,protocol/vless/inbound.go,1776a541ea3e181c39a34956747c1a460f158e4205b29ff058d50c1afc05304f,protocol/vless/inbound.go,protocol/vless/outbound.go
post-refactor-20b,PR117-M0635,sing-box-extended-extended,protocol/vless/encryption,4,protocol/vless/encryption/client.go,959bd5a16a9f143deeb0c059faf9d1adfa610948181cacaeb127e1529ff9b958,protocol/vless/encryption/client.go,protocol/vless/encryption/xor.go
post-refactor-20b,PR117-M0636,sing-box-extended-extended,protocol/vmess,2,protocol/vmess/inbound.go,02382af4d6602ee5bc917eb831fd90f1ad7cbc60f51601c36ff4b8879f0a92f7,protocol/vmess/inbound.go,protocol/vmess/outbound.go
post-refactor-20b,PR117-M0637,sing-box-extended-extended,protocol/vpn,4,protocol/vpn/client.go,7c24322b8fd7364cb82fb3a9ca7a485e994f5ca9a667b3ae5908e75d4792baa0,protocol/vpn/client.go,protocol/vpn/server.go
post-refactor-20b,PR117-M0638,sing-box-extended-extended,protocol/warp,2,protocol/warp/config.go,6f44c9b174d3e8cc984f1850a7b35f80891cf61565fd613e3682d9ec5c5d1ecd,protocol/warp/config.go,protocol/warp/endpoint.go
post-refactor-20b,PR117-M0639,sing-box-extended-extended,protocol/wireguard,1,protocol/wireguard/endpoint.go,f04e5d45762fc1f519e979ec4ed437eaf7ab7621ab58f25732c7c2e9650c8e9b,protocol/wireguard/endpoint.go,protocol/wireguard/endpoint.go
post-refactor-20b,PR117-M0640,sing-box-extended-extended,provider/local,1,provider/local/provider.go,70cf5d12db283aa661cda348264813273a0a71412dcb27d18ad8e7437c4ad444,provider/local/provider.go,provider/local/provider.go
post-refactor-20b,PR117-M0641,sing-box-extended-extended,provider/remote,1,provider/remote/provider.go,2b0fdd55d44e75971f76e95ef415d5dc0ff268c8c322a9a93b86bcd87104bbba,provider/remote/provider.go,provider/remote/provider.go
post-refactor-20b,PR117-M0642,sing-box-extended-extended,release,4,release/DEFAULT_BUILD_TAGS,50f439961c6f9fe73e8b40a45c5313c906eb7705b2d22f0c9d85aee7bc72cb3a,release/DEFAULT_BUILD_TAGS,release/LDFLAGS
post-refactor-20b,PR117-M0643,sing-box-extended-extended,release/completions,3,release/completions/sing-box.bash,5538e45bf46d7ddfa246b5de32788142606206cdaf5105ff34a3ed20b9cd4c62,release/completions/sing-box.bash,release/completions/sing-box.zsh
post-refactor-20b,PR117-M0644,sing-box-extended-extended,release/config,13,release/config/config.json,4da8152e6cc1b50b1eaa4ff5606510aeb6d3f6a6a5c91614d4b2c0ea9a2b1bde,release/config/config.json,release/config/sing-box@.service
post-refactor-20b,PR117-M0645,sing-box-extended-extended,release/local,9,release/local/common.sh,52c5841c0ae5078034c5fbe2796d81b5589ae7ffb1ee45da4fa05cdbe649a865,release/local/common.sh,release/local/update.sh
post-refactor-20b,PR117-M0646,sing-box-extended-extended,route,8,route/conn.go,5e44ec403d4eaa16ec7ef1aa1681cb4fc4d53efa82aa0d991be82dcec622be21,route/conn.go,route/rule_conds.go
post-refactor-20b,PR117-M0647,sing-box-extended-extended,route/rule,45,route/rule/match_state.go,5035b776b9b274aadf623c45238f435b3daeeeaffa289803b7836412c9f7526c,route/rule/match_state.go,route/rule/rule_set_semantics_test.go
post-refactor-20b,PR117-M0648,sing-box-extended-extended,service/admin_panel,4,service/admin_panel/README.md,b537755d1dce1c761f2730157414c3d218942c6cc347909236739018df11a392,service/admin_panel/README.md,service/admin_panel/service_test.go
post-refactor-20b,PR117-M0649,sing-box-extended-extended,service/admin_panel/web,7,service/admin_panel/web/.gitignore,fd262c109c6682bc0901fe25db2b359317e57011da7617eafba329f409c5fc0f,service/admin_panel/web/.gitignore,service/admin_panel/web/vite.config.ts
post-refactor-20b,PR117-M0650,sing-box-extended-extended,service/admin_panel/web/src,4,service/admin_panel/web/src/App.tsx,7d392c96227946769da033ff889829a220c6294c0b3129e2b0684770eb023437,service/admin_panel/web/src/App.tsx,service/admin_panel/web/src/vite-env.d.ts
post-refactor-20b,PR117-M0651,sing-box-extended-extended,service/admin_panel/web/src/api,2,service/admin_panel/web/src/api/client.ts,d4946518c5edb5d3b9a1397e927bd2012def922bd3dd313ae816dee266688d53,service/admin_panel/web/src/api/client.ts,service/admin_panel/web/src/api/types.ts
post-refactor-20b,PR117-M0652,sing-box-extended-extended,service/admin_panel/web/src/assets,1,service/admin_panel/web/src/assets/icon.svg,2f14bc985fe00cecda1213ee74dade3a357d880e6d57c196f254f810428524ae,service/admin_panel/web/src/assets/icon.svg,service/admin_panel/web/src/assets/icon.svg
post-refactor-20b,PR117-M0653,sing-box-extended-extended,service/admin_panel/web/src/auth,1,service/admin_panel/web/src/auth/AuthContext.tsx,9d2fdb37c46c0bc9fe75070f6065e5ccffe60f4f8a31d42ad993012ef8014b63,service/admin_panel/web/src/auth/AuthContext.tsx,service/admin_panel/web/src/auth/AuthContext.tsx
post-refactor-20b,PR117-M0654,sing-box-extended-extended,service/admin_panel/web/src/components,7,service/admin_panel/web/src/components/ColorPickerButton.tsx,35142c9b1b8ac7c31aca08cee67e5eefd0a028c82ba548112448a28e6e82fcb1,service/admin_panel/web/src/components/ColorPickerButton.tsx,service/admin_panel/web/src/components/PageHeader.tsx
post-refactor-20b,PR117-M0655,sing-box-extended-extended,service/admin_panel/web/src/notifications,1,service/admin_panel/web/src/notifications/NotificationsProvider.tsx,f7ae538eba4f97b57e156ca5bdd8f9025ff1c18d7ecd855015904ddeb25029b2,service/admin_panel/web/src/notifications/NotificationsProvider.tsx,service/admin_panel/web/src/notifications/NotificationsProvider.tsx
post-refactor-20b,PR117-M0656,sing-box-extended-extended,service/admin_panel/web/src/pages,10,service/admin_panel/web/src/pages/BandwidthLimitersPage.tsx,e4525eda180a43b6b9088db03f51dca0274f042821432c43deadcc28740c43fa,service/admin_panel/web/src/pages/BandwidthLimitersPage.tsx,service/admin_panel/web/src/pages/squadField.tsx
post-refactor-20b,PR117-M0657,sing-box-extended-extended,service/admin_panel/web/src/theme,1,service/admin_panel/web/src/theme/AppThemeProvider.tsx,1a14dfcc9505fa4e239632024d46905ee62dd3d700672b9b9f31c9bf2b4e9a58,service/admin_panel/web/src/theme/AppThemeProvider.tsx,service/admin_panel/web/src/theme/AppThemeProvider.tsx
post-refactor-20b,PR117-M0658,sing-box-extended-extended,service/ccm,6,service/ccm/credential.go,1454cbf1ea89fd6088f6d00e0b3f20f1dfadc06d2645955fb026b8b017d4bc1d,service/ccm/credential.go,service/ccm/service_user.go
post-refactor-20b,PR117-M0659,sing-box-extended-extended,service/derp,1,service/derp/service.go,61eb98c8483d841239b75ba252a43b4e5f1bb9f4ff5602f3741b341f60fb0578,service/derp/service.go,service/derp/service.go
post-refactor-20b,PR117-M0660,sing-box-extended-extended,service/manager,2,service/manager/service.go,eb3dec9cc67f7b0c8fa83f87a2eaca3109399ffa1ae28c0d200c0495c459faee,service/manager/service.go,service/manager/service_stub.go
post-refactor-20b,PR117-M0661,sing-box-extended-extended,service/manager/constant,5,service/manager/constant/dto.go,d387022127c9eaf04638b473c53f5f76a5c26d6c7a6ef62c6e0b75b66abf0f6e,service/manager/constant/dto.go,service/manager/constant/repository.go
post-refactor-20b,PR117-M0662,sing-box-extended-extended,service/manager/repository/postgresql,4,service/manager/repository/postgresql/filter.go,86973f2774ffbc5ef3dfd0f5993fef42bf7d27bd501b45aace4b38eb2c88a22c,service/manager/repository/postgresql/filter.go,service/manager/repository/postgresql/utils.go
post-refactor-20b,PR117-M0663,sing-box-extended-extended,service/manager/repository/sqlite,4,service/manager/repository/sqlite/filter.go,d01e32c409c2cc39d1b8321cdafa0178a5dfc75c2cd6d9c7aa98b9d63464ecf4,service/manager/repository/sqlite/filter.go,service/manager/repository/sqlite/utils.go
post-refactor-20b,PR117-M0664,sing-box-extended-extended,service/manager_api,1,service/manager_api/service.go,e7b9608d0c8445deeced52c1df921087a241c84a0f7e9ba880fba3bdf0250a7a,service/manager_api/service.go,service/manager_api/service.go
post-refactor-20b,PR117-M0665,sing-box-extended-extended,service/manager_api/grpc/client,4,service/manager_api/grpc/client/client.go,2f0b8c262001fc71199ec289a093f16a1b3cf460f5246a323d75d0c154f69ad3,service/manager_api/grpc/client/client.go,service/manager_api/grpc/client/tls.go
post-refactor-20b,PR117-M0666,sing-box-extended-extended,service/manager_api/grpc/manager,3,service/manager_api/grpc/manager/manager.pb.go,99c1c7e670b5e63c4df64cda3366d6b9e7a5e41047ce4231b1d517050dee79e1,service/manager_api/grpc/manager/manager.pb.go,service/manager_api/grpc/manager/manager_grpc.pb.go
post-refactor-20b,PR117-M0667,sing-box-extended-extended,service/manager_api/grpc/server,3,service/manager_api/grpc/server/converter.go,1ca84a96f14e7b5d79832eb597fc15b480c46cf63338a34136507ea5d4f51f51,service/manager_api/grpc/server/converter.go,service/manager_api/grpc/server/server.go
post-refactor-20b,PR117-M0668,sing-box-extended-extended,service/manager_api/http/client,2,service/manager_api/http/client/client.go,af9d5c95524df34213aa8954330b203e42a13a3f402da7a233addf7cefa66653,service/manager_api/http/client/client.go,service/manager_api/http/client/manager.go
post-refactor-20b,PR117-M0669,sing-box-extended-extended,service/manager_api/http/server,4,service/manager_api/http/server/openapi.yaml,b474f3fb22848d1df1d043985f8d31232db5748588435cfc57adca0c16633556,service/manager_api/http/server/openapi.yaml,service/manager_api/http/server/swagger.go
post-refactor-20b,PR117-M0670,sing-box-extended-extended,service/node,1,service/node/service.go,29d9a81fd251f71c9d7fb507c051e4f616e8b9875b58c11d51a6072be426cff5,service/node/service.go,service/node/service.go
post-refactor-20b,PR117-M0671,sing-box-extended-extended,service/node/constant,5,service/node/constant/bandwidth.go,c88dd58650b11095efd181557984192b924eceac0df725341c7ef2621c3ca559,service/node/constant/bandwidth.go,service/node/constant/traffic.go
post-refactor-20b,PR117-M0672,sing-box-extended-extended,service/node/inbound,14,service/node/inbound/anytls.go,5649f2a9d3ac4e46df2b5246cd0280d40a280988f1b83ab21c9ba2da41e6b451,service/node/inbound/anytls.go,service/node/inbound/vmess.go
post-refactor-20b,PR117-M0673,sing-box-extended-extended,service/node/limiter,4,service/node/limiter/bandwidth.go,a261171b0a23055d84f7157a1d691a101f1c40a7c8117facbd89c3955c5340cf,service/node/limiter/bandwidth.go,service/node/limiter/traffic.go
post-refactor-20b,PR117-M0674,sing-box-extended-extended,service/node_manager_api,1,service/node_manager_api/service.go,a4ad5d47c942918a96e2ee58d61a900d768bfaf6a545bcc4d1c6f7720c9d8307,service/node_manager_api/service.go,service/node_manager_api/service.go
post-refactor-20b,PR117-M0675,sing-box-extended-extended,service/node_manager_api/client,2,service/node_manager_api/client/client.go,c4088399e7eca19ff3259459e23b311be3fcdc0156994f66b56640526e0a2476,service/node_manager_api/client/client.go,service/node_manager_api/client/tls.go
post-refactor-20b,PR117-M0676,sing-box-extended-extended,service/node_manager_api/manager,3,service/node_manager_api/manager/manager.pb.go,803142f9e4d37845864b6828b309dfea622a2b03e2a537fc7c394031b30aa6aa,service/node_manager_api/manager/manager.pb.go,service/node_manager_api/manager/manager_grpc.pb.go
post-refactor-20b,PR117-M0677,sing-box-extended-extended,service/node_manager_api/server,2,service/node_manager_api/server/node.go,345873c7d7017adac75fecc4e6908a7cc7d1e5468b63780b1c52e97b555f2947,service/node_manager_api/server/node.go,service/node_manager_api/server/server.go
post-refactor-20b,PR117-M0678,sing-box-extended-extended,service/ocm,7,service/ocm/credential.go,151b16fc1beea850e16bb6e7bd91634a89450157361ff2f2d96d7e3f893f623c,service/ocm/credential.go,service/ocm/service_websocket.go
post-refactor-20b,PR117-M0679,sing-box-extended-extended,service/oomkiller,4,service/oomkiller/config.go,03469b1050b472b6031970b95900fc0f2d56abe0bf3ce47a78adfabeda6df12d,service/oomkiller/config.go,service/oomkiller/service_timer.go
post-refactor-20b,PR117-M0680,sing-box-extended-extended,service/profiler,1,service/profiler/service.go,bce95231c1e2786162447aea35c8a5a5b4de7db2147e87fd845ee5e48de2f196,service/profiler/service.go,service/profiler/service.go
post-refactor-20b,PR117-M0681,sing-box-extended-extended,service/resolved,4,service/resolved/resolve1.go,93b35e93e88db1dd2f342b4f8d49a232a1adc063454bffef7b2bfa59aa90eec0,service/resolved/resolve1.go,service/resolved/transport.go
post-refactor-20b,PR117-M0682,sing-box-extended-extended,service/ssmapi,5,service/ssmapi/api.go,5f00a5529c72bba46595619ad088c25f7e49d327959b413bb8daac2a8968d8e1,service/ssmapi/api.go,service/ssmapi/user.go
post-refactor-20b,PR117-M0683,sing-box-extended-extended,test,38,test/box_test.go,c65d69f03be7f375a9f0336074a29d31a71ebd95bd4641431cff73244a097716,test/box_test.go,test/wrapper_test.go
post-refactor-20b,PR117-M0684,sing-box-extended-extended,test/config,23,test/config/hysteria-client.json,ab51f904cfab127927ab02c653fd7933ba1fe530f7b3d1f861f8f6f94ad7c780,test/config/hysteria-client.json,test/config/wireguard.conf
post-refactor-20b,PR117-M0685,sing-box-extended-extended,transport/masque,9,transport/masque/device.go,5625db77d3fc0b6cc1b6aa9032e4c9c7b89b1e579a425c332ec8fb876cd1653a,transport/masque/device.go,transport/masque/utils.go
post-refactor-20b,PR117-M0686,sing-box-extended-extended,transport/openvpn,17,transport/openvpn/cipher.go,8295b14d0bdb8e2f69becd83c5d5e2da2e0ce33bab6b9fcdd7cb4dbebefa8db7,transport/openvpn/cipher.go,transport/openvpn/tunnel.go
post-refactor-20b,PR117-M0687,sing-box-extended-extended,transport/simple-obfs,3,transport/simple-obfs/README.md,6e8774597542bbd3f5fe49b67921c8bb2aabb0c592904c48716e59b1fae640c3,transport/simple-obfs/README.md,transport/simple-obfs/tls.go
post-refactor-20b,PR117-M0688,sing-box-extended-extended,transport/sip003,4,transport/sip003/args.go,f6f2c9a5150e5f1e3dbcf38a04c0f338801580b2e09f482cbbad897f24ef5a9e,transport/sip003/args.go,transport/sip003/v2ray.go
post-refactor-20b,PR117-M0689,sing-box-extended-extended,transport/sudoku,16,transport/sudoku/address.go,ef4634eef6f5a6b87455b87ede3364a1b772a3af684e69e652521feec4400926,transport/sudoku/address.go,transport/sudoku/write_chunks.go
post-refactor-20b,PR117-M0690,sing-box-extended-extended,transport/sudoku/crypto,3,transport/sudoku/crypto/aead.go,cdfc2f9efd6030d836c0290550ced3c4075ef3ff36a1b4c66cef3eb734ee9afd,transport/sudoku/crypto/aead.go,transport/sudoku/crypto/record_conn.go
post-refactor-20b,PR117-M0691,sing-box-extended-extended,transport/sudoku/multiplex,2,transport/sudoku/multiplex/session.go,55d45df8be6fbb9d2bbf03265f2b86e1b71ae7e68815604a5d08607e78672c2c,transport/sudoku/multiplex/session.go,transport/sudoku/multiplex/write_chunks.go
post-refactor-20b,PR117-M0692,sing-box-extended-extended,transport/sudoku/obfs/httpmask,9,transport/sudoku/obfs/httpmask/auth.go,43fc36bb2d94acd1223f4937dc66ea2db835fafb3d75a812ef48664b94bfa237,transport/sudoku/obfs/httpmask/auth.go,transport/sudoku/obfs/httpmask/ws_stream_conn.go
post-refactor-20b,PR117-M0693,sing-box-extended-extended,transport/sudoku/obfs/sudoku,11,transport/sudoku/obfs/sudoku/ascii_mode.go,156eea4f082b2745750dd200fd0395a242267edc9a12091193461333a03cec07,transport/sudoku/obfs/sudoku/ascii_mode.go,transport/sudoku/obfs/sudoku/table_set.go
post-refactor-20b,PR117-M0694,sing-box-extended-extended,transport/trojan,5,transport/trojan/mux.go,38a414b2a1e7329dd1da3e57a3dc391f94a783bcd58aec9bf872a8c344cd5ae5,transport/trojan/mux.go,transport/trojan/service_wait.go
post-refactor-20b,PR117-M0695,sing-box-extended-extended,transport/trusttunnel,5,transport/trusttunnel/client.go,88b9cddfbeaed1efed46d868fa65beb4750a8295c806988d946757ff6bf62bd9,transport/trusttunnel/client.go,transport/trusttunnel/service.go
post-refactor-20b,PR117-M0696,sing-box-extended-extended,transport/v2ray,4,transport/v2ray/grpc.go,e3dd0de0fa2ed3cb2d7f15d63a9b5e83da1447d06620c9131dd01d32217c26a6,transport/v2ray/grpc.go,transport/v2ray/transport.go
post-refactor-20b,PR117-M0697,sing-box-extended-extended,transport/v2raygrpc,8,transport/v2raygrpc/client.go,d6b4a42d4d4097728b6711ab6e3e3430ae78f1c3b9c063fa4ea0a604ae4c00e5,transport/v2raygrpc/client.go,transport/v2raygrpc/tls_credentials.go
post-refactor-20b,PR117-M0698,sing-box-extended-extended,transport/v2raygrpc/credentials,4,transport/v2raygrpc/credentials/credentials.go,98f5904d23d4e53ce37b7e2dca8066a868605b96e7e79d541cc6b51e5fa435b4,transport/v2raygrpc/credentials/credentials.go,transport/v2raygrpc/credentials/util.go
post-refactor-20b,PR117-M0699,sing-box-extended-extended,transport/v2raygrpclite,3,transport/v2raygrpclite/client.go,3811444d5494aaa95a1ea670f8972281d4b346785b0830f7fd90af543c34af41,transport/v2raygrpclite/client.go,transport/v2raygrpclite/server.go
post-refactor-20b,PR117-M0700,sing-box-extended-extended,transport/v2rayhttp,5,transport/v2rayhttp/client.go,9fd30406b588cd07c0a578a15670945da231ada7732261bc54af7fb1bbb0d1f5,transport/v2rayhttp/client.go,transport/v2rayhttp/server.go
post-refactor-20b,PR117-M0701,sing-box-extended-extended,transport/v2rayhttpupgrade,2,transport/v2rayhttpupgrade/client.go,f944cff8f167f7deb3f736f73f4f822cee34fb720897a30e78f4f51829b932fb,transport/v2rayhttpupgrade/client.go,transport/v2rayhttpupgrade/server.go
post-refactor-20b,PR117-M0702,sing-box-extended-extended,transport/v2raykcp,13,transport/v2raykcp/config.go,b22b846e9df205443e82fa186dd1559872cdfc5a14583bc17443e4d486d35279,transport/v2raykcp/config.go,transport/v2raykcp/updater.go
post-refactor-20b,PR117-M0703,sing-box-extended-extended,transport/v2rayquic,4,transport/v2rayquic/client.go,d65f75111ae3069eab959f724e2b4a2260b61782dffc01750ca7f272e7c537b8,transport/v2rayquic/client.go,transport/v2rayquic/stream.go
post-refactor-20b,PR117-M0704,sing-box-extended-extended,transport/v2raywebsocket,4,transport/v2raywebsocket/client.go,7fb4bea7f5c6ad2b5ad300ae63c495d09caec41175ef93c0d7f5254e9561f5aa,transport/v2raywebsocket/client.go,transport/v2raywebsocket/writer.go
post-refactor-20b,PR117-M0705,sing-box-extended-extended,transport/v2rayxhttp,10,transport/v2rayxhttp/client.go,282092e808044caf59a6856311555efa140910cc7b9942c0197aa24b346f11f8,transport/v2rayxhttp/client.go,transport/v2rayxhttp/xpadding.go
post-refactor-20b,PR117-M0706,sing-box-extended-extended,transport/wireguard,10,transport/wireguard/client_bind.go,b7d4f3a1ba0b1d1d843b291fbb14bd20360847978fa4781877333958134a581c,transport/wireguard/client_bind.go,transport/wireguard/endpoint_options.go
post-refactor-20b,PR117-M0707,sing-box-for-android-dev,@root,11,.editorconfig,76a586fed06e6cc4ec559d355981c3b131eed07ac8d367ef4b50002c777d194e,.editorconfig,version.properties
post-refactor-20b,PR117-M0708,sing-box-for-android-dev,app,5,app/.gitignore,5c3174b74edc6f2b9e0743594b8bd3c7f31e4f4405758cc9872b3fe1de1d28b4,app/.gitignore,app/release.keystore
post-refactor-20b,PR117-M0709,sing-box-for-android-dev,app/schemas/io.nekohasekai.sfa.database.ProfileDatabase,3,app/schemas/io.nekohasekai.sfa.database.ProfileDatabase/1.json,a98c7b1f1aad4e959733e044527969cd6b66e810f17eb1abeccd0f1a623cfccf,app/schemas/io.nekohasekai.sfa.database.ProfileDatabase/1.json,app/schemas/io.nekohasekai.sfa.database.ProfileDatabase/3.json
post-refactor-20b,PR117-M0710,sing-box-for-android-dev,app/schemas/io.nekohasekai.sfa.database.preference.KeyValueDatabase,1,app/schemas/io.nekohasekai.sfa.database.preference.KeyValueDatabase/1.json,87940af2f6b9d9100e53c52c1662e85c0b1198fb58e1e7f1cc989d1420426bfd,app/schemas/io.nekohasekai.sfa.database.preference.KeyValueDatabase/1.json,app/schemas/io.nekohasekai.sfa.database.preference.KeyValueDatabase/1.json
post-refactor-20b,PR117-M0711,sing-box-for-android-dev,app/src/github,1,app/src/github/AndroidManifest.xml,36e00299680cecac2c43cafba2650332e9991463bad97decd81611da8bc7a1cb,app/src/github/AndroidManifest.xml,app/src/github/AndroidManifest.xml
post-refactor-20b,PR117-M0712,sing-box-for-android-dev,app/src/github/java/io/nekohasekai/sfa/vendor,6,app/src/github/java/io/nekohasekai/sfa/vendor/ApkDownloader.kt,b50c878206eee5f8a47c574ea9029bdd84061a5189ee32179b7b8ac40fb94d5f,app/src/github/java/io/nekohasekai/sfa/vendor/ApkDownloader.kt,app/src/github/java/io/nekohasekai/sfa/vendor/UpdateWorker.kt
post-refactor-20b,PR117-M0713,sing-box-for-android-dev,app/src/main,2,app/src/main/AndroidManifest.xml,49e32ea708f233b87e496113b9fab9070a2e52ab33213b12ddc9d17c72cae60d,app/src/main/AndroidManifest.xml,app/src/main/ic_launcher-playstore.png
post-refactor-20b,PR117-M0714,sing-box-for-android-dev,app/src/main/aidl/io/github/libxposed/service,2,app/src/main/aidl/io/github/libxposed/service/IXposedScopeCallback.aidl,5509a97a1b5129ae3c7bd90bf3450431d2cc64f7f363f108f469fd913d16f44d,app/src/main/aidl/io/github/libxposed/service/IXposedScopeCallback.aidl,app/src/main/aidl/io/github/libxposed/service/IXposedService.aidl
post-refactor-20b,PR117-M0715,sing-box-for-android-dev,app/src/main/aidl/io/nekohasekai/sfa/aidl,2,app/src/main/aidl/io/nekohasekai/sfa/aidl/IService.aidl,d992e2773b687d817d75b9185569f1a0dba990fd618f2f9f2d26508692d3beb4,app/src/main/aidl/io/nekohasekai/sfa/aidl/IService.aidl,app/src/main/aidl/io/nekohasekai/sfa/aidl/IServiceCallback.aidl
post-refactor-20b,PR117-M0716,sing-box-for-android-dev,app/src/main/aidl/io/nekohasekai/sfa/bg,8,app/src/main/aidl/io/nekohasekai/sfa/bg/INeighborTableCallback.aidl,30effb9bd6048af4400068b468cede40866fe213aece537093bd1a34839fef37,app/src/main/aidl/io/nekohasekai/sfa/bg/INeighborTableCallback.aidl,app/src/main/aidl/io/nekohasekai/sfa/bg/ParceledListSlice.aidl
post-refactor-20b,PR117-M0717,sing-box-for-android-dev,app/src/main/assets/termux-colors#chunk1,100,app/src/main/assets/termux-colors/argonaut.properties,6f4dd97b80ac9667767ff4734116f2ae29ca67f7447473a20e59b3f3c3de24b2,app/src/main/assets/termux-colors/argonaut.properties,app/src/main/assets/termux-colors/rosé-pine-dawn.properties
post-refactor-20b,PR117-M1171,sing-box-for-android-dev,app/src/main/assets/termux-colors#chunk2,14,app/src/main/assets/termux-colors/rosé-pine-moon.properties,fb077ad2435a66c187093b4b1a159d59b8ef2a2176eea90a781e70c31a4d2e58,app/src/main/assets/termux-colors/rosé-pine-moon.properties,app/src/main/assets/termux-colors/zenburn.properties
post-refactor-20b,PR117-M0718,sing-box-for-android-dev,app/src/main/java/android/content,2,app/src/main/java/android/content/IIntentReceiver.java,d3ac9116a0a51af135d4acafbe9f61a8be8fa93fce0f14c9db0f8a894dde8c5c,app/src/main/java/android/content/IIntentReceiver.java,app/src/main/java/android/content/IIntentSender.java
post-refactor-20b,PR117-M0719,sing-box-for-android-dev,app/src/main/java/android/content/pm,2,app/src/main/java/android/content/pm/IPackageInstaller.java,c897ec887c6f981edcc2441490fdc48802bf915ea66a80877e101ebe06572b96,app/src/main/java/android/content/pm/IPackageInstaller.java,app/src/main/java/android/content/pm/IPackageInstallerSession.java
post-refactor-20b,PR117-M0720,sing-box-for-android-dev,app/src/main/java/io/github/libxposed/service,4,app/src/main/java/io/github/libxposed/service/RemotePreferences.java,75c1be50439f7c3476ed2701a2f3a25630d1575ce9dd33f0ac5cb9ed9d134b89,app/src/main/java/io/github/libxposed/service/RemotePreferences.java,app/src/main/java/io/github/libxposed/service/XposedServiceHelper.java
post-refactor-20b,PR117-M0721,sing-box-for-android-dev,app/src/main/java/io/nekohasekai/sfa,2,app/src/main/java/io/nekohasekai/sfa/Application.kt,0e10e4e6cc14e3f9ffc9f6df6eb68b744d0c9b5aec30db29c40dafca88325563,app/src/main/java/io/nekohasekai/sfa/Application.kt,app/src/main/java/io/nekohasekai/sfa/WorkingDirectoryProvider.kt
post-refactor-20b,PR117-M0722,sing-box-for-android-dev,app/src/main/java/io/nekohasekai/sfa/bg,26,app/src/main/java/io/nekohasekai/sfa/bg/AppChangeReceiver.kt,a8beb416d855c1377d55e60b073f5c6474b22cc6c3eb833fcaeb7b486a674b88,app/src/main/java/io/nekohasekai/sfa/bg/AppChangeReceiver.kt,app/src/main/java/io/nekohasekai/sfa/bg/VPNService.kt
post-refactor-20b,PR117-M0723,sing-box-for-android-dev,app/src/main/java/io/nekohasekai/sfa/compose,2,app/src/main/java/io/nekohasekai/sfa/compose/LineChart.kt,a20b42a6926a65e0cda6d62e8229d6ce7545b24a67a8914d59c0543c83099a81,app/src/main/java/io/nekohasekai/sfa/compose/LineChart.kt,app/src/main/java/io/nekohasekai/sfa/compose/MainActivity.kt
post-refactor-20b,PR117-M0724,sing-box-for-android-dev,app/src/main/java/io/nekohasekai/sfa/compose/base,6,app/src/main/java/io/nekohasekai/sfa/compose/base/ApplyServiceChangeNotifier.kt,d08d3be39b632d373963219fe3e76471d009e483f792d975d3a91aef770cd1f4,app/src/main/java/io/nekohasekai/sfa/compose/base/ApplyServiceChangeNotifier.kt,app/src/main/java/io/nekohasekai/sfa/compose/base/UiState.kt
post-refactor-20b,PR117-M0725,sing-box-for-android-dev,app/src/main/java/io/nekohasekai/sfa/compose/component,4,app/src/main/java/io/nekohasekai/sfa/compose/component/RemoteControlMenuItems.kt,0b51a1b9172525910be2d29a72acf0f28fb6e455c9fcd9071d85a8f31818d60b,app/src/main/java/io/nekohasekai/sfa/compose/component/RemoteControlMenuItems.kt,app/src/main/java/io/nekohasekai/sfa/compose/component/UpdateDialog.kt
post-refactor-20b,PR117-M0726,sing-box-for-android-dev,app/src/main/java/io/nekohasekai/sfa/compose/component/qr,4,app/src/main/java/io/nekohasekai/sfa/compose/component/qr/QRCodeDialog.kt,8b5708f9a28d8ee8ee26a3abcc8d08c27a8c0ddac6a4f6d1f5226b2e77e3ccb7,app/src/main/java/io/nekohasekai/sfa/compose/component/qr/QRCodeDialog.kt,app/src/main/java/io/nekohasekai/sfa/compose/component/qr/QRScanSheet.kt
post-refactor-20b,PR117-M0727,sing-box-for-android-dev,app/src/main/java/io/nekohasekai/sfa/compose/model,3,app/src/main/java/io/nekohasekai/sfa/compose/model/Connection.kt,c6fcb2125e965870cbc5d8c8bf041c6294c4710f34fdefb60cb37b2b5ad8d911,app/src/main/java/io/nekohasekai/sfa/compose/model/Connection.kt,app/src/main/java/io/nekohasekai/sfa/compose/model/Groups.kt
post-refactor-20b,PR117-M0728,sing-box-for-android-dev,app/src/main/java/io/nekohasekai/sfa/compose/navigation,3,app/src/main/java/io/nekohasekai/sfa/compose/navigation/NavigationDestinations.kt,bd26fd03969d3657bb32c104d0d1a6b3c17138803f52cb2dd449237e543639b2,app/src/main/java/io/nekohasekai/sfa/compose/navigation/NavigationDestinations.kt,app/src/main/java/io/nekohasekai/sfa/compose/navigation/SFANavigation.kt
post-refactor-20b,PR117-M0729,sing-box-for-android-dev,app/src/main/java/io/nekohasekai/sfa/compose/screen/configuration,3,app/src/main/java/io/nekohasekai/sfa/compose/screen/configuration/NewProfileScreen.kt,83bbdac3145d870f3286727c49ac9cb0939f54f80501f180d9a4ab1c99ec99b3,app/src/main/java/io/nekohasekai/sfa/compose/screen/configuration/NewProfileScreen.kt,app/src/main/java/io/nekohasekai/sfa/compose/screen/configuration/ProfileImportHandler.kt
post-refactor-20b,PR117-M0730,sing-box-for-android-dev,app/src/main/java/io/nekohasekai/sfa/compose/screen/connections,4,app/src/main/java/io/nekohasekai/sfa/compose/screen/connections/ConnectionDetailsScreen.kt,3174476ff3dba0eac9af3659d87f036c2ad0efd99c97d416dd6514fbcbe31fb5,app/src/main/java/io/nekohasekai/sfa/compose/screen/connections/ConnectionDetailsScreen.kt,app/src/main/java/io/nekohasekai/sfa/compose/screen/connections/ConnectionsViewModel.kt
post-refactor-20b,PR117-M0731,sing-box-for-android-dev,app/src/main/java/io/nekohasekai/sfa/compose/screen/dashboard,14,app/src/main/java/io/nekohasekai/sfa/compose/screen/dashboard/ClashModeCard.kt,cbbd53c14d989b873de6181ce5bec56ed1538717ee869b3785ade2f232738714,app/src/main/java/io/nekohasekai/sfa/compose/screen/dashboard/ClashModeCard.kt,app/src/main/java/io/nekohasekai/sfa/compose/screen/dashboard/UploadTrafficCard.kt
post-refactor-20b,PR117-M0732,sing-box-for-android-dev,app/src/main/java/io/nekohasekai/sfa/compose/screen/dashboard/groups,2,app/src/main/java/io/nekohasekai/sfa/compose/screen/dashboard/groups/GroupsScreen.kt,ea7205b698fd920411b3dc5d960757c5d21aa65a7cf6469ef55138608368b03c,app/src/main/java/io/nekohasekai/sfa/compose/screen/dashboard/groups/GroupsScreen.kt,app/src/main/java/io/nekohasekai/sfa/compose/screen/dashboard/groups/GroupsViewModel.kt
post-refactor-20b,PR117-M0733,sing-box-for-android-dev,app/src/main/java/io/nekohasekai/sfa/compose/screen/log,7,app/src/main/java/io/nekohasekai/sfa/compose/screen/log/BaseLogViewModel.kt,b4997d381cc0ecbce11d6b63dce25b94a736a5cd4c286053f0dcf062d8021319,app/src/main/java/io/nekohasekai/sfa/compose/screen/log/BaseLogViewModel.kt,app/src/main/java/io/nekohasekai/sfa/compose/screen/log/LogViewerViewModel.kt
post-refactor-20b,PR117-M0734,sing-box-for-android-dev,app/src/main/java/io/nekohasekai/sfa/compose/screen/privilegesettings,1,app/src/main/java/io/nekohasekai/sfa/compose/screen/privilegesettings/PrivilegeSettingsManageScreen.kt,0a51f7fea97ef361b6cf2d73f172f502bd3f1e4aa1ba43feb352dfa23b58ee48,app/src/main/java/io/nekohasekai/sfa/compose/screen/privilegesettings/PrivilegeSettingsManageScreen.kt,app/src/main/java/io/nekohasekai/sfa/compose/screen/privilegesettings/PrivilegeSettingsManageScreen.kt
post-refactor-20b,PR117-M0735,sing-box-for-android-dev,app/src/main/java/io/nekohasekai/sfa/compose/screen/profile,8,app/src/main/java/io/nekohasekai/sfa/compose/screen/profile/EditProfileContentScreen.kt,069951760f4dc545e0296d32ada0cd3ca7fa6bae9e3dbca5dd488dc32c190a08,app/src/main/java/io/nekohasekai/sfa/compose/screen/profile/EditProfileContentScreen.kt,app/src/main/java/io/nekohasekai/sfa/compose/screen/profile/ManualScrollTextProcessor.java
post-refactor-20b,PR117-M0736,sing-box-for-android-dev,app/src/main/java/io/nekohasekai/sfa/compose/screen/profileoverride,1,app/src/main/java/io/nekohasekai/sfa/compose/screen/profileoverride/PerAppProxyScreen.kt,4fc0d32aa419a28735cf16484c502cda6e4969ce3e24268c7d841fdfe817bdfb,app/src/main/java/io/nekohasekai/sfa/compose/screen/profileoverride/PerAppProxyScreen.kt,app/src/main/java/io/nekohasekai/sfa/compose/screen/profileoverride/PerAppProxyScreen.kt
post-refactor-20b,PR117-M0737,sing-box-for-android-dev,app/src/main/java/io/nekohasekai/sfa/compose/screen/qrscan,3,app/src/main/java/io/nekohasekai/sfa/compose/screen/qrscan/QRCodeSmartCrop.kt,9bb8cae60d04021da716ce9309fd2de8b400ad5e4e1c460a9611736bc8fb4b6a,app/src/main/java/io/nekohasekai/sfa/compose/screen/qrscan/QRCodeSmartCrop.kt,app/src/main/java/io/nekohasekai/sfa/compose/screen/qrscan/ZxingQRCodeAnalyzer.kt
post-refactor-20b,PR117-M0738,sing-box-for-android-dev,app/src/main/java/io/nekohasekai/sfa/compose/screen/settings,12,app/src/main/java/io/nekohasekai/sfa/compose/screen/settings/AppSettingsScreen.kt,c7bc54b46357390dc7c7e6cef2c064b82b583345a7aee7be81c7dae3404e7f25,app/src/main/java/io/nekohasekai/sfa/compose/screen/settings/AppSettingsScreen.kt,app/src/main/java/io/nekohasekai/sfa/compose/screen/settings/TailscaleThemePickerScreen.kt
post-refactor-20b,PR117-M0739,sing-box-for-android-dev,app/src/main/java/io/nekohasekai/sfa/compose/screen/tools,21,app/src/main/java/io/nekohasekai/sfa/compose/screen/tools/CrashReportDetailScreen.kt,a586560f6ef8936f972a9cc1ccc008ad32be9c803da2211c806a246c2df198e6,app/src/main/java/io/nekohasekai/sfa/compose/screen/tools/CrashReportDetailScreen.kt,app/src/main/java/io/nekohasekai/sfa/compose/screen/tools/ToolsScreen.kt
post-refactor-20b,PR117-M0740,sing-box-for-android-dev,app/src/main/java/io/nekohasekai/sfa/compose/screen/usbip,4,app/src/main/java/io/nekohasekai/sfa/compose/screen/usbip/USBIPDeviceDetailScreen.kt,d3c7329d785c1a0610a409a2956747cc0456c340a163c81830153ddaf45eac1e,app/src/main/java/io/nekohasekai/sfa/compose/screen/usbip/USBIPDeviceDetailScreen.kt,app/src/main/java/io/nekohasekai/sfa/compose/screen/usbip/UsbAttach.kt
post-refactor-20b,PR117-M0741,sing-box-for-android-dev,app/src/main/java/io/nekohasekai/sfa/compose/shared,1,app/src/main/java/io/nekohasekai/sfa/compose/shared/AppSelectionComponents.kt,c9f33be92ab09c49adcc96de2d2b44ddb10a86122897b0fa651781300f78ebe4,app/src/main/java/io/nekohasekai/sfa/compose/shared/AppSelectionComponents.kt,app/src/main/java/io/nekohasekai/sfa/compose/shared/AppSelectionComponents.kt
post-refactor-20b,PR117-M0742,sing-box-for-android-dev,app/src/main/java/io/nekohasekai/sfa/compose/theme,4,app/src/main/java/io/nekohasekai/sfa/compose/theme/Color.kt,3cfb046d7be8225638f371128f11735a1e7aa2251c1dc54f40aee00cdc38d00d,app/src/main/java/io/nekohasekai/sfa/compose/theme/Color.kt,app/src/main/java/io/nekohasekai/sfa/compose/theme/Type.kt
post-refactor-20b,PR117-M0743,sing-box-for-android-dev,app/src/main/java/io/nekohasekai/sfa/compose/topbar,1,app/src/main/java/io/nekohasekai/sfa/compose/topbar/TopBarController.kt,6f0c6ea1231e1565ecaefbc00bf17f4ef8bafec0582c51d9954ec86dc93973c0,app/src/main/java/io/nekohasekai/sfa/compose/topbar/TopBarController.kt,app/src/main/java/io/nekohasekai/sfa/compose/topbar/TopBarController.kt
post-refactor-20b,PR117-M0744,sing-box-for-android-dev,app/src/main/java/io/nekohasekai/sfa/compose/util,6,app/src/main/java/io/nekohasekai/sfa/compose/util/AnsiColorUtils.kt,f8b5750909bc7e9b33e2fcff7445f82c663fc3218f2d9e06942ce02804b96ac7,app/src/main/java/io/nekohasekai/sfa/compose/util/AnsiColorUtils.kt,app/src/main/java/io/nekohasekai/sfa/compose/util/SheetNestedScroll.kt
post-refactor-20b,PR117-M0745,sing-box-for-android-dev,app/src/main/java/io/nekohasekai/sfa/compose/util/icons,18,app/src/main/java/io/nekohasekai/sfa/compose/util/icons/AVIcons.kt,f8ac60c196d9b1415ef99922ba1f352508923d1c6a4b2e1e9a5d53b330646507,app/src/main/java/io/nekohasekai/sfa/compose/util/icons/AVIcons.kt,app/src/main/java/io/nekohasekai/sfa/compose/util/icons/ToggleIcons.kt
post-refactor-20b,PR117-M0746,sing-box-for-android-dev,app/src/main/java/io/nekohasekai/sfa/constant,8,app/src/main/java/io/nekohasekai/sfa/constant/Action.kt,bd5af1f3b29c3c01c472dbac6933644347425a840f582d3b8f905356911d4f9f,app/src/main/java/io/nekohasekai/sfa/constant/Action.kt,app/src/main/java/io/nekohasekai/sfa/constant/Status.kt
post-refactor-20b,PR117-M0747,sing-box-for-android-dev,app/src/main/java/io/nekohasekai/sfa/database,7,app/src/main/java/io/nekohasekai/sfa/database/Profile.kt,f62aa1452ee0249f4c558cdb68e46cce53695b67e45a5e525fa920437da1fdef,app/src/main/java/io/nekohasekai/sfa/database/Profile.kt,app/src/main/java/io/nekohasekai/sfa/database/TypedProfile.kt
post-refactor-20b,PR117-M0748,sing-box-for-android-dev,app/src/main/java/io/nekohasekai/sfa/database/preference,4,app/src/main/java/io/nekohasekai/sfa/database/preference/KeyValueDatabase.kt,3d956cc77c4f88124c93c30866866caa3db14e397407b37b38ce0545b70b5f59,app/src/main/java/io/nekohasekai/sfa/database/preference/KeyValueDatabase.kt,app/src/main/java/io/nekohasekai/sfa/database/preference/RoomPreferenceDataStore.kt
post-refactor-20b,PR117-M0749,sing-box-for-android-dev,app/src/main/java/io/nekohasekai/sfa/ktx,13,app/src/main/java/io/nekohasekai/sfa/ktx/Browsers.kt,a910a5949a3cd4288e949adabffb52d3e1a0dc71c08a34e0e814f404eada7b61,app/src/main/java/io/nekohasekai/sfa/ktx/Browsers.kt,app/src/main/java/io/nekohasekai/sfa/ktx/Wrappers.kt
post-refactor-20b,PR117-M0750,sing-box-for-android-dev,app/src/main/java/io/nekohasekai/sfa/qrs,6,app/src/main/java/io/nekohasekai/sfa/qrs/ByteArrayExtensions.kt,772719ef796506ee24403b9e9586c27d8307827b48d470caa856e6aab3734dac,app/src/main/java/io/nekohasekai/sfa/qrs/ByteArrayExtensions.kt,app/src/main/java/io/nekohasekai/sfa/qrs/SolitonDistribution.kt
post-refactor-20b,PR117-M0751,sing-box-for-android-dev,app/src/main/java/io/nekohasekai/sfa/terminal,6,app/src/main/java/io/nekohasekai/sfa/terminal/ImportedFontStore.kt,0b6d01ad4120af756145449ae582d48ccf4512ebabeadbf0a72127303a47fcf8,app/src/main/java/io/nekohasekai/sfa/terminal/ImportedFontStore.kt,app/src/main/java/io/nekohasekai/sfa/terminal/TerminalSessionManager.kt
post-refactor-20b,PR117-M0752,sing-box-for-android-dev,app/src/main/java/io/nekohasekai/sfa/update,6,app/src/main/java/io/nekohasekai/sfa/update/FDroidUpdateChecker.kt,aa8aa22e86d2b3df3382108109d28984a4e00b2db8c517cc6fdaac84606aef83,app/src/main/java/io/nekohasekai/sfa/update/FDroidUpdateChecker.kt,app/src/main/java/io/nekohasekai/sfa/update/UpdateTrack.kt
post-refactor-20b,PR117-M0753,sing-box-for-android-dev,app/src/main/java/io/nekohasekai/sfa/usbip,5,app/src/main/java/io/nekohasekai/sfa/usbip/ProvidedDevice.kt,d65b09dbba08156dbc9c33594f68c119d8f73a2a0e1b7c3f168b6e0b79d6e38e,app/src/main/java/io/nekohasekai/sfa/usbip/ProvidedDevice.kt,app/src/main/java/io/nekohasekai/sfa/usbip/UsbUrb.kt
post-refactor-20b,PR117-M0754,sing-box-for-android-dev,app/src/main/java/io/nekohasekai/sfa/utils,13,app/src/main/java/io/nekohasekai/sfa/utils/AppLifecycleObserver.kt,a9934d26e5a4f2de89f9d2acca4f8351b8e0c6cb61878af588f1bd306925287e,app/src/main/java/io/nekohasekai/sfa/utils/AppLifecycleObserver.kt,app/src/main/java/io/nekohasekai/sfa/utils/VpnDetectionTest.kt
post-refactor-20b,PR117-M0755,sing-box-for-android-dev,app/src/main/java/io/nekohasekai/sfa/vendor,5,app/src/main/java/io/nekohasekai/sfa/vendor/PackageQueryStrategy.kt,7123a5cbbb3cb1bea4dc936e4f7f955622dac5ca2beb3a8f863a5697416b66ae,app/src/main/java/io/nekohasekai/sfa/vendor/PackageQueryStrategy.kt,app/src/main/java/io/nekohasekai/sfa/vendor/VendorInterface.kt
post-refactor-20b,PR117-M0756,sing-box-for-android-dev,app/src/main/java/io/nekohasekai/sfa/xposed,13,app/src/main/java/io/nekohasekai/sfa/xposed/HookErrorStore.kt,d9c2e71c7f0fbc0a16d850f4f7e575c8be5ae2282dabeb6525b21a8e703373a8,app/src/main/java/io/nekohasekai/sfa/xposed/HookErrorStore.kt,app/src/main/java/io/nekohasekai/sfa/xposed/XposedInit101.kt
post-refactor-20b,PR117-M0757,sing-box-for-android-dev,app/src/main/java/io/nekohasekai/sfa/xposed/hooks,3,app/src/main/java/io/nekohasekai/sfa/xposed/hooks/IConnectivityManager+onTransact.kt,42a4c07e7161685d02d01234e1f5b139f216a0c1b63783fa79364de1b1d33fef,app/src/main/java/io/nekohasekai/sfa/xposed/hooks/IConnectivityManager+onTransact.kt,app/src/main/java/io/nekohasekai/sfa/xposed/hooks/XHook.kt
post-refactor-20b,PR117-M0758,sing-box-for-android-dev,app/src/main/java/io/nekohasekai/sfa/xposed/hooks/hidevpn,15,app/src/main/java/io/nekohasekai/sfa/xposed/hooks/hidevpn/ConnectivityManager+CONNECTIVITY_ACTION.kt,e4f331fe1695fe60c320c77c70500c93fde2132e3cd22e8970cf008752821f67,app/src/main/java/io/nekohasekai/sfa/xposed/hooks/hidevpn/ConnectivityManager+CONNECTIVITY_ACTION.kt,app/src/main/java/io/nekohasekai/sfa/xposed/hooks/hidevpn/NetworkInterface+getName.kt
post-refactor-20b,PR117-M0759,sing-box-for-android-dev,app/src/main/java/io/nekohasekai/sfa/xposed/hooks/hidevpnapp,1,app/src/main/java/io/nekohasekai/sfa/xposed/hooks/hidevpnapp/PackageManager+getInstalledPackages.kt,a1e974fd4b167de050255ca28c8ae2ece0e7092292db9cb5beaead6a4b5b60e1,app/src/main/java/io/nekohasekai/sfa/xposed/hooks/hidevpnapp/PackageManager+getInstalledPackages.kt,app/src/main/java/io/nekohasekai/sfa/xposed/hooks/hidevpnapp/PackageManager+getInstalledPackages.kt
post-refactor-20b,PR117-M0760,sing-box-for-android-dev,app/src/main/play/release-notes/en-US,1,app/src/main/play/release-notes/en-US/beta.txt,b0029c34c2f8e5a637900a727c6a3dab2e4f0059fb0579dd80938f61cc0be317,app/src/main/play/release-notes/en-US/beta.txt,app/src/main/play/release-notes/en-US/beta.txt
post-refactor-20b,PR117-M0761,sing-box-for-android-dev,app/src/main/res,1,app/src/main/res/resources.properties,e5b0dfdb7d3662b11207b4e44b4e0328ac36b551e202138e3aa33293661d75c1,app/src/main/res/resources.properties,app/src/main/res/resources.properties
post-refactor-20b,PR117-M0762,sing-box-for-android-dev,app/src/main/res/drawable,27,app/src/main/res/drawable/bg_rounded_rectangle.xml,feb8ae5c65ad13ec7aa903fce98d271b95e64c0b6ecdaebbb701fede2744bd12,app/src/main/res/drawable/bg_rounded_rectangle.xml,app/src/main/res/drawable/ic_update_24.xml
post-refactor-20b,PR117-M0763,sing-box-for-android-dev,app/src/main/res/layout,4,app/src/main/res/layout/activity_per_app_proxy.xml,aa6f6118bf00b52919580a1ad53361c32670d27df70b11e1497b4ad8ac53fbe0,app/src/main/res/layout/activity_per_app_proxy.xml,app/src/main/res/layout/view_appbar.xml
post-refactor-20b,PR117-M0764,sing-box-for-android-dev,app/src/main/res/menu,3,app/src/main/res/menu/app_menu.xml,fe55fc4aeec9f8d5e92982d90abde8b76dbbd4c470d5a7814a12234b24c0b88d,app/src/main/res/menu/app_menu.xml,app/src/main/res/menu/qr_scan_menu.xml
post-refactor-20b,PR117-M0765,sing-box-for-android-dev,app/src/main/res/mipmap-anydpi-v26,2,app/src/main/res/mipmap-anydpi-v26/ic_launcher.xml,07d3b8f67a12668e6f9efd9dc9d9cf111e4f92b43addfaf4c8e5850959513db3,app/src/main/res/mipmap-anydpi-v26/ic_launcher.xml,app/src/main/res/mipmap-anydpi-v26/ic_launcher_round.xml
post-refactor-20b,PR117-M0766,sing-box-for-android-dev,app/src/main/res/mipmap-hdpi,2,app/src/main/res/mipmap-hdpi/ic_launcher.png,1575ef84915b0e83771627375251fb62ad1aea46066f0bb5aa1e43088bddce87,app/src/main/res/mipmap-hdpi/ic_launcher.png,app/src/main/res/mipmap-hdpi/ic_launcher_round.png
post-refactor-20b,PR117-M0767,sing-box-for-android-dev,app/src/main/res/mipmap-mdpi,2,app/src/main/res/mipmap-mdpi/ic_launcher.png,445a5c58a6744726a2a857ca5e6977881db4e65dc8e79b8578bf9ec4b03eaabf,app/src/main/res/mipmap-mdpi/ic_launcher.png,app/src/main/res/mipmap-mdpi/ic_launcher_round.png
post-refactor-20b,PR117-M0768,sing-box-for-android-dev,app/src/main/res/mipmap-xhdpi,2,app/src/main/res/mipmap-xhdpi/ic_launcher.png,31679123ffbdba0062874362b56944471784ab731b9b510cb95f7df0264498d7,app/src/main/res/mipmap-xhdpi/ic_launcher.png,app/src/main/res/mipmap-xhdpi/ic_launcher_round.png
post-refactor-20b,PR117-M0769,sing-box-for-android-dev,app/src/main/res/mipmap-xxhdpi,2,app/src/main/res/mipmap-xxhdpi/ic_launcher.png,a2ed1dc7c86f9e991a577f32ece2aaec03c642730491c1d6301f4ee842f137cd,app/src/main/res/mipmap-xxhdpi/ic_launcher.png,app/src/main/res/mipmap-xxhdpi/ic_launcher_round.png
post-refactor-20b,PR117-M0770,sing-box-for-android-dev,app/src/main/res/mipmap-xxxhdpi,2,app/src/main/res/mipmap-xxxhdpi/ic_launcher.png,5e19230d6ad1b18674da85c21bfa4fbbfb32cf0b9b5c89bcca60d674b6b29863,app/src/main/res/mipmap-xxxhdpi/ic_launcher.png,app/src/main/res/mipmap-xxxhdpi/ic_launcher_round.png
post-refactor-20b,PR117-M0771,sing-box-for-android-dev,app/src/main/res/values,5,app/src/main/res/values/arrays.xml,027ebf1b690d6dc2a1ea2d545dd900d1bbd27e5a0a3965827a68f7d7ec95c05c,app/src/main/res/values/arrays.xml,app/src/main/res/values/themes.xml
post-refactor-20b,PR117-M0772,sing-box-for-android-dev,app/src/main/res/values-fa,1,app/src/main/res/values-fa/strings.xml,6c441e0e27bd2333cf5c1bd00d50bd660f8db51d1b9858f09f79df62575ff61c,app/src/main/res/values-fa/strings.xml,app/src/main/res/values-fa/strings.xml
post-refactor-20b,PR117-M0773,sing-box-for-android-dev,app/src/main/res/values-night-v23,1,app/src/main/res/values-night-v23/themes.xml,2db9dc79004ae4598dabba446bd2df885fa55ef30a665c8b679ba8f40f6071b7,app/src/main/res/values-night-v23/themes.xml,app/src/main/res/values-night-v23/themes.xml
post-refactor-20b,PR117-M0774,sing-box-for-android-dev,app/src/main/res/values-night-v26,1,app/src/main/res/values-night-v26/themes.xml,814f254be0384043fdfc0b412150509cbc0e0515aaac4c052b61b4e043d08984,app/src/main/res/values-night-v26/themes.xml,app/src/main/res/values-night-v26/themes.xml
post-refactor-20b,PR117-M0775,sing-box-for-android-dev,app/src/main/res/values-ru-rRU,1,app/src/main/res/values-ru-rRU/strings.xml,1f3c03d306d39e65e57ff5e1f023a62b629f9a0d0f92052c87cf1482d4f95080,app/src/main/res/values-ru-rRU/strings.xml,app/src/main/res/values-ru-rRU/strings.xml
post-refactor-20b,PR117-M0776,sing-box-for-android-dev,app/src/main/res/values-v23,1,app/src/main/res/values-v23/themes.xml,e610b222a69f286a954b39ad9e35ac64307e00a874f540ac0999d4916a42686b,app/src/main/res/values-v23/themes.xml,app/src/main/res/values-v23/themes.xml
post-refactor-20b,PR117-M0777,sing-box-for-android-dev,app/src/main/res/values-v26,1,app/src/main/res/values-v26/themes.xml,d9b129b89917bc23cd90da60be008f07039b3cc19f3dd1d0cccd84c308d1da15,app/src/main/res/values-v26/themes.xml,app/src/main/res/values-v26/themes.xml
post-refactor-20b,PR117-M0778,sing-box-for-android-dev,app/src/main/res/values-v27,1,app/src/main/res/values-v27/themes.xml,4f71b679522a97ad00db70a11ca6813d63accd0777e12c97ce6d347a11dc96d4,app/src/main/res/values-v27/themes.xml,app/src/main/res/values-v27/themes.xml
post-refactor-20b,PR117-M0779,sing-box-for-android-dev,app/src/main/res/values-zh-rCN,1,app/src/main/res/values-zh-rCN/strings.xml,b09eff7e92b6d7a2d7e00b69c6ae5ae93d347ee7e2dd9104bd92a7fe551c0163,app/src/main/res/values-zh-rCN/strings.xml,app/src/main/res/values-zh-rCN/strings.xml
post-refactor-20b,PR117-M0780,sing-box-for-android-dev,app/src/main/res/values-zh-rTW,1,app/src/main/res/values-zh-rTW/strings.xml,4cefc450182672198cc0bffddfd8f6358a70f41e3e77edd742cd91aa183738e7,app/src/main/res/values-zh-rTW/strings.xml,app/src/main/res/values-zh-rTW/strings.xml
post-refactor-20b,PR117-M0781,sing-box-for-android-dev,app/src/main/res/xml,3,app/src/main/res/xml/backup_rules.xml,1a4737c2f41a20718f6b30795982702094a8bdde20006ce42c364a832a5e404c,app/src/main/res/xml/backup_rules.xml,app/src/main/res/xml/data_extraction_rules.xml
post-refactor-20b,PR117-M0782,sing-box-for-android-dev,app/src/main/resources/META-INF/xposed,3,app/src/main/resources/META-INF/xposed/java_init.list,15544c2755b3e73fbb4bf9f1d0bce79d274e7863ff56b236cba7a97fd0d70390,app/src/main/resources/META-INF/xposed/java_init.list,app/src/main/resources/META-INF/xposed/scope.list
post-refactor-20b,PR117-M0783,sing-box-for-android-dev,app/src/minApi21/java/io/nekohasekai/sfa/compat,3,app/src/minApi21/java/io/nekohasekai/sfa/compat/LazyItemModifiers.kt,acb396abbfacecd8adc95340c7e49ff3af9137b1dba39114ca13ab72a9c74257,app/src/minApi21/java/io/nekohasekai/sfa/compat/LazyItemModifiers.kt,app/src/minApi21/java/io/nekohasekai/sfa/compat/WindowSizeClassCompat.kt
post-refactor-20b,PR117-M0784,sing-box-for-android-dev,app/src/minApi21/java/io/nekohasekai/sfa/vendor,1,app/src/minApi21/java/io/nekohasekai/sfa/vendor/PackageQueryManager.kt,e91000d68730f7991aa40ca7b38f19608c06c99c570d215dd7e8c7d9f6b8a432,app/src/minApi21/java/io/nekohasekai/sfa/vendor/PackageQueryManager.kt,app/src/minApi21/java/io/nekohasekai/sfa/vendor/PackageQueryManager.kt
post-refactor-20b,PR117-M0785,sing-box-for-android-dev,app/src/minApi23/java/io/nekohasekai/sfa/compat,3,app/src/minApi23/java/io/nekohasekai/sfa/compat/LazyItemModifiers.kt,e34462d73e3c2a0a1f25fdfcb51e8677b99d2eabe45fdbd5830a9eea699aada0,app/src/minApi23/java/io/nekohasekai/sfa/compat/LazyItemModifiers.kt,app/src/minApi23/java/io/nekohasekai/sfa/compat/WindowSizeClassCompat.kt
post-refactor-20b,PR117-M0786,sing-box-for-android-dev,app/src/minApi23/java/io/nekohasekai/sfa/vendor,5,app/src/minApi23/java/io/nekohasekai/sfa/vendor/PackageQueryManager.kt,574750a0dd52c683af0bd6c0fa48d14451ded06e657cdaf056bed82ed3db0525,app/src/minApi23/java/io/nekohasekai/sfa/vendor/PackageQueryManager.kt,app/src/minApi23/java/io/nekohasekai/sfa/vendor/ShizukuPrivilegedServiceClient.kt
post-refactor-20b,PR117-M0787,sing-box-for-android-dev,app/src/other,1,app/src/other/AndroidManifest.xml,d472d19504b413899d1b1befb83181c390d041965b58f45bdc431f5c6bd2bea6,app/src/other/AndroidManifest.xml,app/src/other/AndroidManifest.xml
post-refactor-20b,PR117-M0788,sing-box-for-android-dev,app/src/other/java/io/nekohasekai/sfa/vendor,2,app/src/other/java/io/nekohasekai/sfa/vendor/ApkInstaller.kt,1b598d16e070491cde3b10b83bb58a3ab0209c477859cdf31a1129909466fae9,app/src/other/java/io/nekohasekai/sfa/vendor/ApkInstaller.kt,app/src/other/java/io/nekohasekai/sfa/vendor/Vendor.kt
post-refactor-20b,PR117-M0789,sing-box-for-android-dev,app/src/other/play/listings/en-US,2,app/src/other/play/listings/en-US/full-description.txt,81536e8d5c88613d97bfb99fa37575db9103c5b8d339ea02708c8ea6f14675e3,app/src/other/play/listings/en-US/full-description.txt,app/src/other/play/listings/en-US/short-description.txt
post-refactor-20b,PR117-M0790,sing-box-for-android-dev,app/src/other/play/listings/en-US/graphics/icon,1,app/src/other/play/listings/en-US/graphics/icon/ic_launcher-playstore.png,a030ca808d08e1e3011e824bc52d668587f936fa49e98d84caa1e3756904b787,app/src/other/play/listings/en-US/graphics/icon/ic_launcher-playstore.png,app/src/other/play/listings/en-US/graphics/icon/ic_launcher-playstore.png
post-refactor-20b,PR117-M0791,sing-box-for-android-dev,app/src/other/play/listings/en-US/graphics/phone-screenshots,4,app/src/other/play/listings/en-US/graphics/phone-screenshots/1.png,1f3837c5d6e8c7d2556dee923ee49a6e073c526a3707c7bb0961965464676d98,app/src/other/play/listings/en-US/graphics/phone-screenshots/1.png,app/src/other/play/listings/en-US/graphics/phone-screenshots/4.png
post-refactor-20b,PR117-M0792,sing-box-for-android-dev,app/src/otherLegacy,1,app/src/otherLegacy/AndroidManifest.xml,c2458bb9c68fda45c9732c3266526cf5d0a44223d38d2e3a917cdc1fe5bb7edc,app/src/otherLegacy/AndroidManifest.xml,app/src/otherLegacy/AndroidManifest.xml
post-refactor-20b,PR117-M0793,sing-box-for-android-dev,app/src/otherLegacy/java/io/nekohasekai/sfa/vendor,2,app/src/otherLegacy/java/io/nekohasekai/sfa/vendor/ApkInstaller.kt,efb336dcec86cc71f07d6be5be220eaa565fd07c215a827d58ac7d3a1b9908e1,app/src/otherLegacy/java/io/nekohasekai/sfa/vendor/ApkInstaller.kt,app/src/otherLegacy/java/io/nekohasekai/sfa/vendor/Vendor.kt
post-refactor-20b,PR117-M0794,sing-box-for-android-dev,app/src/play,1,app/src/play/AndroidManifest.xml,c1d533ecbdf3fb16ea36644c453f6cbee17f09d887abae05698aedc096e259d2,app/src/play/AndroidManifest.xml,app/src/play/AndroidManifest.xml
post-refactor-20b,PR117-M0795,sing-box-for-android-dev,app/src/play/java/io/nekohasekai/sfa/vendor,2,app/src/play/java/io/nekohasekai/sfa/vendor/MLKitQRCodeAnalyzer.kt,4ec981419c4bf4088da5f0db86bd7c1a5dd3a9dddd496ba95723d3d46693aca4,app/src/play/java/io/nekohasekai/sfa/vendor/MLKitQRCodeAnalyzer.kt,app/src/play/java/io/nekohasekai/sfa/vendor/Vendor.kt
post-refactor-20b,PR117-M0796,sing-box-for-android-dev,config/detekt,1,config/detekt/detekt.yml,2c8feec4f3c4214512f6e943d513260a3a1b4e10a02158fb22e29822dea95024,config/detekt/detekt.yml,config/detekt/detekt.yml
post-refactor-20b,PR117-M0797,sing-box-for-android-dev,gradle,1,gradle/libs.versions.toml,7f4434ad09d26d087aeb8ef869ccbd7815b6d39907c8c14ed3bd8a77d58cc408,gradle/libs.versions.toml,gradle/libs.versions.toml
post-refactor-20b,PR117-M0798,sing-box-for-android-dev,gradle/wrapper,2,gradle/wrapper/gradle-wrapper.jar,d3b261c2820e9e3d8d639ed084900f11f4a86050a8f83342ade7b6bc9b0d2bdd,gradle/wrapper/gradle-wrapper.jar,gradle/wrapper/gradle-wrapper.properties
post-refactor-20b,PR117-M0799,sing-box-for-android-dev,third_party/libxposed-api,2,third_party/libxposed-api/LICENSE,c71d239df91726fc519c6eb72d318ec65820627232b2f796219e87dcf35d0ab4,third_party/libxposed-api/LICENSE,third_party/libxposed-api/build.gradle.kts
post-refactor-20b,PR117-M0800,sing-box-for-android-dev,third_party/libxposed-api/src/main,1,third_party/libxposed-api/src/main/AndroidManifest.xml,daa0fb1f32ba7ea85a07ef6302ab3d58c3407d7fd2aa03ec132cb9e38e8d9849,third_party/libxposed-api/src/main/AndroidManifest.xml,third_party/libxposed-api/src/main/AndroidManifest.xml
post-refactor-20b,PR117-M0801,sing-box-for-android-dev,third_party/libxposed-api/src/main/java/io/github/libxposed/api,4,third_party/libxposed-api/src/main/java/io/github/libxposed/api/XposedInterface.java,22933ca1cc71f0333a386c5599af4256c051420d76aa21c8adf4ac43584b790b,third_party/libxposed-api/src/main/java/io/github/libxposed/api/XposedInterface.java,third_party/libxposed-api/src/main/java/io/github/libxposed/api/XposedModuleInterface.java
post-refactor-20b,PR117-M0802,sing-box-for-android-dev,third_party/libxposed-api/src/main/java/io/github/libxposed/api/errors,2,third_party/libxposed-api/src/main/java/io/github/libxposed/api/errors/HookFailedError.java,c6c8254f8ebcd7df4327d642071cc55d30fa35d0b44e58b7da84b94fe03e17af,third_party/libxposed-api/src/main/java/io/github/libxposed/api/errors/HookFailedError.java,third_party/libxposed-api/src/main/java/io/github/libxposed/api/errors/XposedFrameworkError.java
post-refactor-20b,PR117-M0803,sing-box-for-android-dev,third_party/libxposed-api/src/main/java/io/github/libxposed/api/utils,1,third_party/libxposed-api/src/main/java/io/github/libxposed/api/utils/DexParser.java,f8e974c0208865609627caac921d188e15f8c1400f53b6fd7796c9eb836a4e73,third_party/libxposed-api/src/main/java/io/github/libxposed/api/utils/DexParser.java,third_party/libxposed-api/src/main/java/io/github/libxposed/api/utils/DexParser.java
post-refactor-20b,PR117-M0804,sing-cloudflared-main,@root,62,.gitignore,ae739f38b4e74468633c3709d9ffd2f003acc0aeac5da5ca52d0c5a32afae437,.gitignore,websocket_conn_additional_test.go
post-refactor-20b,PR117-M0805,sing-cloudflared-main,.github,1,.github/update_dependencies.sh,c4c5f89f2fd7bfcbb33ed0bd674d23f6b06a3d0f7ade26f9f7601174c4bf1c0f,.github/update_dependencies.sh,.github/update_dependencies.sh
post-refactor-20b,PR117-M0806,sing-cloudflared-main,.github/workflows,2,.github/workflows/test-live.yml,3d3447759da76ced131fe513b89ece8c2e64da3ccbae8c684928611d8c4d287e,.github/workflows/test-live.yml,.github/workflows/test.yml
post-refactor-20b,PR117-M0807,sing-cloudflared-main,cmd/cloudflared,1,cmd/cloudflared/main.go,128afc6712850d54b75e368d1ecc80ec0544a61954575bae020bee8500ee371d,cmd/cloudflared/main.go,cmd/cloudflared/main.go
post-refactor-20b,PR117-M0808,sing-cloudflared-main,cmd/internal/capnpgen,1,cmd/internal/capnpgen/main.go,2d9fd86a0ca6ba2932f9df4daa05b6e09433aba5ea0c950499b69a1e986cff5c,cmd/internal/capnpgen/main.go,cmd/internal/capnpgen/main.go
post-refactor-20b,PR117-M0809,sing-cloudflared-main,cmd/internal/update_cloudflare_ca,1,cmd/internal/update_cloudflare_ca/main.go,a28daf06965483d6bbda1cb9b51952b7181b1c702c0d78fa8de806ac64f74a30,cmd/internal/update_cloudflare_ca/main.go,cmd/internal/update_cloudflare_ca/main.go
post-refactor-20b,PR117-M0810,sing-cloudflared-main,internal/cmd,4,internal/cmd/cmd.go,e16f72d505b18a6c749654852f09b082d97a49fa1c4fff0cd8cd8e361d53f9e3,internal/cmd/cmd.go,internal/cmd/logger.go
post-refactor-20b,PR117-M0811,sing-cloudflared-main,internal/config,2,internal/config/ip_rule_policy.go,246a2fcc4e066981af86e64a6bc84fad4dc3c7a8033903301376b13405a3d40c,internal/config/ip_rule_policy.go,internal/config/runtime_config.go
post-refactor-20b,PR117-M0812,sing-cloudflared-main,internal/control,2,internal/control/control.go,5573495d39412772fb13bcca90188e4c6a2ef856582c750bebe49e7027b88c43,internal/control/control.go,internal/control/safe_transport.go
post-refactor-20b,PR117-M0813,sing-cloudflared-main,internal/datagram,10,internal/datagram/datagram_additional_test.go,b663755b9b150503cfdf6d21987b3840e656ef7ffb7e4b466216272a8adfed99,internal/datagram/datagram_additional_test.go,internal/datagram/test_helpers_test.go
post-refactor-20b,PR117-M0814,sing-cloudflared-main,internal/discovery,3,internal/discovery/edge_discovery.go,688f30b3b0915d6b99f637be51500f20bd374c83d063d768a66d925212391e43,internal/discovery/edge_discovery.go,internal/discovery/test_helpers_test.go
post-refactor-20b,PR117-M0815,sing-cloudflared-main,internal/icmp,3,internal/icmp/handler.go,09ac30d934f6d195376fc2d836f33b3943beb12992db66bf5c069a5aff5b04ce,internal/icmp/handler.go,internal/icmp/icmp_test.go
post-refactor-20b,PR117-M0816,sing-cloudflared-main,internal/icmptest,1,internal/icmptest/packet.go,9becce9171bafa6515a0e69f2856e7eaa69ca61f3dae1c96f40585561a9f07fa,internal/icmptest/packet.go,internal/icmptest/packet.go
post-refactor-20b,PR117-M0817,sing-cloudflared-main,internal/pkg/icmp,1,internal/pkg/icmp/direct.go,2cf27ef4933848d5a04e03adbb43bd8c585103115269948c361af6cd9333d720,internal/pkg/icmp/direct.go,internal/pkg/icmp/direct.go
post-refactor-20b,PR117-M0818,sing-cloudflared-main,internal/protocol,4,internal/protocol/credentials.go,0395f8870cb533bdf9df1c682c3c149ea4cbedc60119add762808854ae69ff7f,internal/protocol/credentials.go,internal/protocol/stream.go
post-refactor-20b,PR117-M0819,sing-cloudflared-main,internal/transport,13,internal/transport/cloudflare_ca.pem,02d22ccd469a66dce563fda77084593ccd5016e47468b873e073d58b033d5fce,internal/transport/cloudflare_ca.pem,internal/transport/websocket_conn.go
post-refactor-20b,PR117-M0820,sing-cloudflared-main,internal/tunnelrpc,5,internal/tunnelrpc/go.capnp,e6723446565e5d8cbbc97fbb6123e0e3283ade1e3ec5884d879a0f78df16f8c1,internal/tunnelrpc/go.capnp,internal/tunnelrpc/tunnelrpc.capnp.go
post-refactor-20b,PR117-M0821,tun2proxy-master,@root,14,.dockerignore,bc37d034bad564583790a46f19d807abfe519c5671395fd494d8cce506c42947,.dockerignore,rustfmt.toml
post-refactor-20b,PR117-M0822,tun2proxy-master,.cargo,1,.cargo/config.toml,baa6464e318198ee6f320ba31c93bc285d63e149cc099b805cc3c4a1aceb0981,.cargo/config.toml,.cargo/config.toml
post-refactor-20b,PR117-M0823,tun2proxy-master,.github,1,.github/dependabot.yml,0d74e21633346a5e7d157257cc84a4abc2413149bcd08250b98bfd922ff09724,.github/dependabot.yml,.github/dependabot.yml
post-refactor-20b,PR117-M0824,tun2proxy-master,.github/workflows,8,.github/workflows/auto-merge.yaml,2cd2f79b218c670364930fc7babcd6fbfc96d36d2f17ae1b24d2a3905f64bb6a,.github/workflows/auto-merge.yaml,.github/workflows/tests.yml
post-refactor-20b,PR117-M0825,tun2proxy-master,apple,1,apple/readme.md,c0ee1445c603c049ade477b724b7328dacf3bc2c201adba184a8d1a334e32c9b,apple/readme.md,apple/readme.md
post-refactor-20b,PR117-M0826,tun2proxy-master,scripts,4,scripts/dante.conf,c7616388df84dbdd252d3861c6d9acdb465e6442c42459c2bb268e68d4a05883,scripts/dante.conf,scripts/rperf.sh
post-refactor-20b,PR117-M0827,tun2proxy-master,src,18,src/android.rs,a70183cab62f35e22b32ba49c20400159a0c6ca8540747f2581dce41047a0de3,src/android.rs,src/win_svc.rs
post-refactor-20b,PR117-M0828,tun2proxy-master,src/bin,2,src/bin/main.rs,4cd0400e5b2cec671dcce5bdb6f7cb5add899dc9bff6e1a11afd4b4c5e510e02,src/bin/main.rs,src/bin/udpgw_server.rs
post-refactor-20b,PR117-M0829,tun2proxy-master,tests,4,tests/Dockerfile,2bfb9a41162cba48cb962b069283f1d8dd1948eb7ee747028d97f7fa0507660f,tests/Dockerfile,tests/tests.py
post-refactor-20b,PR117-M0830,tun2proxy-master,tests/iperf,2,tests/iperf/dante.conf,8ff92fa6581e065e3e5ca92326e0f419c6dbf6b2b6dae5eb6e3c226ae9ae9394,tests/iperf/dante.conf,tests/iperf/test.sh
post-refactor-20b,PR117-M0831,tun2proxy-master,tests/manual-tests,1,tests/manual-tests/test-ds-dns-lookup.py,722506fe355429aa5de39cb5c46801ccc7286007c30572e5995d14529eeb8fe1,tests/manual-tests/test-ds-dns-lookup.py,tests/manual-tests/test-ds-dns-lookup.py
post-refactor-20b,PR117-M0832,tun2proxy-master,tests/manual-tests/half-open-close-client,2,tests/manual-tests/half-open-close-client/client.py,64ab154a8091fc8db172ffbf0417e74fcf056ee41e32d0324ded26d4143c3b70,tests/manual-tests/half-open-close-client/client.py,tests/manual-tests/half-open-close-client/server.py
post-refactor-20b,PR117-M0833,tun2proxy-master,tests/manual-tests/half-open-close-server,2,tests/manual-tests/half-open-close-server/client.py,7bc2a6680fd8febfa8266eb72a63cb316a9db075a391048cd179d4236773c8c1,tests/manual-tests/half-open-close-server/client.py,tests/manual-tests/half-open-close-server/server.py
post-refactor-20b,PR117-M0834,tun2socks-main,@root,10,.dockerignore,694c4ebdce36c68dfd9b8df5d3bfdd461b52dd4039e49843fa4727f663b4a670,.dockerignore,main.go
post-refactor-20b,PR117-M0835,tun2socks-main,.github,3,.github/CODE_OF_CONDUCT.md,ffdc595e89605549aaf99aeb7a0d58ef42b5206935fc89732fd0115eb4348ce1,.github/CODE_OF_CONDUCT.md,.github/SECURITY.md
post-refactor-20b,PR117-M0836,tun2socks-main,.github/ISSUE_TEMPLATE,3,.github/ISSUE_TEMPLATE/bug_report.yml,2931ac60f5ad0be6c8f11750894ae7ff8500cdff6bd857eb9850b6e7a65b678a,.github/ISSUE_TEMPLATE/bug_report.yml,.github/ISSUE_TEMPLATE/feature_request.yml
post-refactor-20b,PR117-M0837,tun2socks-main,.github/workflows,6,.github/workflows/codeql-analysis.yml,eb9f5e2946d0650870c3492d86cf762b7b98246b82791dba54ee74bcb0640d8b,.github/workflows/codeql-analysis.yml,.github/workflows/test.yml
post-refactor-20b,PR117-M0838,tun2socks-main,buffer,1,buffer/pool.go,b355e66370ca1e7e8055a2bdf516c1dddb489092d2eb87727fbcdbd2c9e8fa8b,buffer/pool.go,buffer/pool.go
post-refactor-20b,PR117-M0839,tun2socks-main,buffer/allocator,2,buffer/allocator/allocator.go,749b9b9a784c2fff16a3d6c9e1071218b46d21b8aff93dcc7b23c2a9824c845f,buffer/allocator/allocator.go,buffer/allocator/allocator_test.go
post-refactor-20b,PR117-M0840,tun2socks-main,core,6,core/icmp.go,62d29ccfcb9acfedcedc2da5bc683fa35db081035f270185587c690040f4a2fa,core/icmp.go,core/udp.go
post-refactor-20b,PR117-M0841,tun2socks-main,core/adapter,2,core/adapter/adapter.go,ff497096d16894f7fc4e4dad22d947baa0b99225b78aab382eb50d169198270e,core/adapter/adapter.go,core/adapter/handler.go
post-refactor-20b,PR117-M0842,tun2socks-main,core/device,1,core/device/device.go,3101f8ca37d8f5b62c4e5b782bfc2fa4ca7792ca9eb7a91aa6086107a7ffbe45,core/device/device.go,core/device/device.go
post-refactor-20b,PR117-M0843,tun2socks-main,core/device/fdbased,5,core/device/fdbased/fd.go,1765f0f0e3d920f108f3daf58e3684fdd8d7c03666602f39fa08b32f990f613e,core/device/fdbased/fd.go,core/device/fdbased/open_unix.go
post-refactor-20b,PR117-M0844,tun2socks-main,core/device/iobased,1,core/device/iobased/endpoint.go,21073093b46b5638dc23bbab6448d541e478151f7d6de655c6ea8576c87a42e0,core/device/iobased/endpoint.go,core/device/iobased/endpoint.go
post-refactor-20b,PR117-M0845,tun2socks-main,core/device/tun,5,core/device/tun/tun.go,e7a8a003822f228ab6838c8518ad8380b03f425f79c4abc188df0494c7c97aec,core/device/tun/tun.go,core/device/tun/tun_wireguard_windows.go
post-refactor-20b,PR117-M0846,tun2socks-main,core/option,1,core/option/option.go,bbadd23b185134d4250855fa81ef35308cbca8dbef1ee8e146f8e20214a7c228,core/option/option.go,core/option/option.go
post-refactor-20b,PR117-M0847,tun2socks-main,dialer,8,dialer/dialer.go,fe7c11fe01376004f0b61d0e34f9e3d4527b84f278883782fd59782b33af7940,dialer/dialer.go,dialer/sockopt_windows.go
post-refactor-20b,PR117-M0848,tun2socks-main,dns,1,dns/resolver.go,a2f0621e709ec9cbef38512de2c23ed38691d97c728e34fecf6632ee6137191e,dns/resolver.go,dns/resolver.go
post-refactor-20b,PR117-M0849,tun2socks-main,docker,1,docker/entrypoint.sh,0e32a90b5ae1c35376c31e4f2eb36b5e4251cbec9dd47e9f68c4889fce7f9903,docker/entrypoint.sh,docker/entrypoint.sh
post-refactor-20b,PR117-M0850,tun2socks-main,docs,3,docs/benchmark.png,5384c496ed0790297c3656e4741a683d014fd8116a94f6a9ae6149bb4e1d5f17,docs/benchmark.png,docs/logo.png
post-refactor-20b,PR117-M0851,tun2socks-main,engine,6,engine/engine.go,5d8c7cfb1486abc5d5abcca531a5a4ebb64575835666a03dd6d94fbc7f30dbc8,engine/engine.go,engine/register.go
post-refactor-20b,PR117-M0852,tun2socks-main,internal/pool,2,internal/pool/pool.go,8ae29f993e54d4515bb409029eb43943b81fdca4a99f0e999b80a319889008e8,internal/pool/pool.go,internal/pool/pool_test.go
post-refactor-20b,PR117-M0853,tun2socks-main,internal/version,2,internal/version/module.go,85afae9aeba8453b64063a0e726b42c8f94c9fbf08c13e487691a4c6b4efd467,internal/version/module.go,internal/version/version.go
post-refactor-20b,PR117-M0854,tun2socks-main,log,5,log/doc.go,b809a72b51f9d6e2b8f02a742d6fb70fc549a520c1e9f3198c8ca688183dba6b,log/doc.go,log/zap.go
post-refactor-20b,PR117-M0855,tun2socks-main,metadata,2,metadata/metadata.go,ea9bb65aa2a3797065988e5f09a99786d2634db5223b46825d0ab15ae2d0340d,metadata/metadata.go,metadata/network.go
post-refactor-20b,PR117-M0856,tun2socks-main,proxy,2,proxy/protocol.go,88d0ae027c24b281d46fea550d2f88e13f4b93c797e01d49b2c73e8ef14a836e,proxy/protocol.go,proxy/proxy.go
post-refactor-20b,PR117-M0857,tun2socks-main,proxy/direct,1,proxy/direct/direct.go,0a33dfbee1bb1c93a8db85e89aea9bd9a3359c0c297ea41724f2a40979581fca,proxy/direct/direct.go,proxy/direct/direct.go
post-refactor-20b,PR117-M0858,tun2socks-main,proxy/http,1,proxy/http/http.go,f538e7cda681cbdbd7274cec6ea2d4ee23c1cb1785783b562f48d31cfb886faa,proxy/http/http.go,proxy/http/http.go
post-refactor-20b,PR117-M0859,tun2socks-main,proxy/internal/utils,1,proxy/internal/utils/utils.go,5d0186d7a33af63876ce5cf9a39301c9ae4e64c5eadcfa70cec686cb971b8042,proxy/internal/utils/utils.go,proxy/internal/utils/utils.go
post-refactor-20b,PR117-M0860,tun2socks-main,proxy/reject,1,proxy/reject/reject.go,9c79ae328f15205191aa09a4e4ece6e331288447866ebd93c92160af2253917b,proxy/reject/reject.go,proxy/reject/reject.go
post-refactor-20b,PR117-M0861,tun2socks-main,proxy/relay,1,proxy/relay/relay.go,f6de00cc8de34092c6f18e05a87c4a8b62828a39a058a589ba8814885b3bf75c,proxy/relay/relay.go,proxy/relay/relay.go
post-refactor-20b,PR117-M0862,tun2socks-main,proxy/shadowsocks,1,proxy/shadowsocks/shadowsocks.go,5bad92ed995f5161dd72283f80c32cf19fc8289c0cf6f6936e58cb6d89c2bee2,proxy/shadowsocks/shadowsocks.go,proxy/shadowsocks/shadowsocks.go
post-refactor-20b,PR117-M0863,tun2socks-main,proxy/socks4,1,proxy/socks4/socks4.go,0b3e64796d8654a8bd6f091932978cb9f9ad95aeb0e758ac40b36c70cda100fc,proxy/socks4/socks4.go,proxy/socks4/socks4.go
post-refactor-20b,PR117-M0864,tun2socks-main,proxy/socks5,1,proxy/socks5/socks5.go,d16d284494b9f10251ed5361fec04bf8fdb835f122ae652081c9d56c466c8d59,proxy/socks5/socks5.go,proxy/socks5/socks5.go
post-refactor-20b,PR117-M0865,tun2socks-main,proxy/ssh,1,proxy/ssh/ssh.go,944d0464c7a473037538f47196b42983f41ff414e435a79a8613632fa17cf41b,proxy/ssh/ssh.go,proxy/ssh/ssh.go
post-refactor-20b,PR117-M0866,tun2socks-main,restapi,5,restapi/connections.go,2ae461dfcfb096e6ec77c02aa5d718be474129eb3354d424291e21890e00a801,restapi/connections.go,restapi/server.go
post-refactor-20b,PR117-M0867,tun2socks-main,transport/internal/bufferpool,1,transport/internal/bufferpool/bufferpool.go,b64f413759496d960868f39d7edf6c7b781b4b010d5cb34881eade6603a8f0e4,transport/internal/bufferpool/bufferpool.go,transport/internal/bufferpool/bufferpool.go
post-refactor-20b,PR117-M0868,tun2socks-main,transport/shadowsocks,1,transport/shadowsocks/README.md,6f9c5761f034e031308421b8ffb080509e968dc15320dfc87c8dd18202ec2748,transport/shadowsocks/README.md,transport/shadowsocks/README.md
post-refactor-20b,PR117-M0869,tun2socks-main,transport/shadowsocks/core,1,transport/shadowsocks/core/cipher.go,7b1f8d33742a6b3c1214d1ccd8bc57f1f148cc7ca26dbf70e579a0bfcb3e29b9,transport/shadowsocks/core/cipher.go,transport/shadowsocks/core/cipher.go
post-refactor-20b,PR117-M0870,tun2socks-main,transport/shadowsocks/shadowaead,3,transport/shadowsocks/shadowaead/cipher.go,bce92b5d0d626981ee5818309f00ddb73071495750e69fb294e4e34aefc47fef,transport/shadowsocks/shadowaead/cipher.go,transport/shadowsocks/shadowaead/stream.go
post-refactor-20b,PR117-M0871,tun2socks-main,transport/shadowsocks/shadowstream,3,transport/shadowsocks/shadowstream/cipher.go,63e8c2004397bb2fb93b30ba3b1cfa4699dbcb48297eaaec691881b6debd7ea5,transport/shadowsocks/shadowstream/cipher.go,transport/shadowsocks/shadowstream/stream.go
post-refactor-20b,PR117-M0872,tun2socks-main,transport/simple-obfs,3,transport/simple-obfs/http.go,21f32a63bd7c9498b9557910332072f48b937e27e70995edfab2feef7805b6bb,transport/simple-obfs/http.go,transport/simple-obfs/tls.go
post-refactor-20b,PR117-M0873,tun2socks-main,transport/socks4,4,transport/socks4/socks4.go,ae3e1292542f8256a3a7d57e758146a00e61d7adceabe7c4f6ab9a24b7ddd154,transport/socks4/socks4.go,transport/socks4/socks4a.txt
post-refactor-20b,PR117-M0874,tun2socks-main,transport/socks5,4,transport/socks5/rfc1928.txt,ddc2916419a52bedae0fc7d0c051ea513e88c2b930dda27128982fb0c1d6fe2a,transport/socks5/rfc1928.txt,transport/socks5/socks5_test.go
post-refactor-20b,PR117-M0875,tun2socks-main,tunnel,5,tunnel/addr.go,f013cd6946a4ef2c022dea737d64680b81e2b20a076faae7eca73384d2effcba,tunnel/addr.go,tunnel/udp.go
post-refactor-20b,PR117-M0876,tun2socks-main,tunnel/statistic,2,tunnel/statistic/manager.go,ea8b51a3a377fb2c06dfee464a9809356c83cda06af02c926a5c8a78dbc2defc,tunnel/statistic/manager.go,tunnel/statistic/tracker.go
post-refactor-20b,PR117-M0877,tun2socks-python-main,@root,6,.gitignore,246243e877801355d309d4587eda95990e29b0988f684dfc336de961e089be1d,.gitignore,setup.py
post-refactor-20b,PR117-M0878,tun2socks-python-main,.github,1,.github/dependabot.yml,be7f0fd8ac67ae100f7415ae7d4406d720c03ee531aecae04fca3076e18b0cc1,.github/dependabot.yml,.github/dependabot.yml
post-refactor-20b,PR117-M0879,tun2socks-python-main,.github/workflows,1,.github/workflows/deploy-pypi.yml,915f7b060cb4d6f3d2a2f311d729c941f4c67ac8cfe3668327516c34a8a8bcac,.github/workflows/deploy-pypi.yml,.github/workflows/deploy-pypi.yml
post-refactor-20b,PR117-M0880,tun2socks-python-main,gobuild,1,gobuild/.gitkeep,e3b0c44298fc1c149afbf4c8996fb92427ae41e4649b934ca495991b7852b855,gobuild/.gitkeep,gobuild/.gitkeep
post-refactor-20b,PR117-M0881,tun2socks-python-main,pybind11,18,pybind11/.appveyor.yml,a6366a991f857bf2886c5418b0119dfc82e93fbfef23167283d822a9f1829b61,pybind11/.appveyor.yml,pybind11/setup.py
post-refactor-20b,PR117-M0882,tun2socks-python-main,pybind11/.github,6,pybind11/.github/CODEOWNERS,9ebdaab465f1c0f6beee7cb4b4212e4b6c8f8e9d3441302fd4ac2a08ec811ffd,pybind11/.github/CODEOWNERS,pybind11/.github/pull_request_template.md
post-refactor-20b,PR117-M0883,tun2socks-python-main,pybind11/.github/ISSUE_TEMPLATE,2,pybind11/.github/ISSUE_TEMPLATE/bug-report.yml,ff158c5cc2d856dbfc2daf3f04e6a0105717eebdedb08d41ac932543ac55814c,pybind11/.github/ISSUE_TEMPLATE/bug-report.yml,pybind11/.github/ISSUE_TEMPLATE/config.yml
post-refactor-20b,PR117-M0884,tun2socks-python-main,pybind11/.github/matchers,1,pybind11/.github/matchers/pylint.json,3d2fac15cc40237cfc4014902a5062787f35213994faf1cdacedcb282c96da6e,pybind11/.github/matchers/pylint.json,pybind11/.github/matchers/pylint.json
post-refactor-20b,PR117-M0885,tun2socks-python-main,pybind11/.github/workflows,7,pybind11/.github/workflows/ci.yml,2e62c2fab76e3f45b425ac1bfbba6f5c474a2f33b279e4b462551e6d4f672bc9,pybind11/.github/workflows/ci.yml,pybind11/.github/workflows/upstream.yml
post-refactor-20b,PR117-M0886,tun2socks-python-main,pybind11/docs,22,pybind11/docs/Doxyfile,f30a44a02ba041cf5918377d148363d062808891105d8f6a298f8ab624f2e027,pybind11/docs/Doxyfile,pybind11/docs/upgrade.rst
post-refactor-20b,PR117-M0887,tun2socks-python-main,pybind11/docs/_static/css,1,pybind11/docs/_static/css/custom.css,3f8aaac2aed63a1463de3c77ed326e496249bf282a2db2a78998c1ec2fe1a237,pybind11/docs/_static/css/custom.css,pybind11/docs/_static/css/custom.css
post-refactor-20b,PR117-M0888,tun2socks-python-main,pybind11/docs/advanced,6,pybind11/docs/advanced/classes.rst,02bdaaf3994421ca0aa42baf6d2901a93d2c9fd0be995dcf7bbccd55a6d27288,pybind11/docs/advanced/classes.rst,pybind11/docs/advanced/smart_ptrs.rst
post-refactor-20b,PR117-M0889,tun2socks-python-main,pybind11/docs/advanced/cast,8,pybind11/docs/advanced/cast/chrono.rst,0f0839136dcc71ff4104a41c5cadef367ce2fd16ac8d11bfbf2598608f0cd675,pybind11/docs/advanced/cast/chrono.rst,pybind11/docs/advanced/cast/strings.rst
post-refactor-20b,PR117-M0890,tun2socks-python-main,pybind11/docs/advanced/pycpp,4,pybind11/docs/advanced/pycpp/index.rst,67846224822a7aa9f925ec8af0c2d432b105e38f4413f7f8718d228ea8aea3ca,pybind11/docs/advanced/pycpp/index.rst,pybind11/docs/advanced/pycpp/utilities.rst
post-refactor-20b,PR117-M0891,tun2socks-python-main,pybind11/docs/cmake,1,pybind11/docs/cmake/index.rst,cac48e25b4e00a25c768c5adf8af5415725d610605bc0119ca160d352ab815f3,pybind11/docs/cmake/index.rst,pybind11/docs/cmake/index.rst
post-refactor-20b,PR117-M0892,tun2socks-python-main,pybind11/include/pybind11,22,pybind11/include/pybind11/attr.h,40f8c7ec17e12fc405c071e4ac36a4f2034e2cc95bd62b403b97e86e37682e9f,pybind11/include/pybind11/attr.h,pybind11/include/pybind11/typing.h
post-refactor-20b,PR117-M0893,tun2socks-python-main,pybind11/include/pybind11/detail,10,pybind11/include/pybind11/detail/class.h,0639372bac40320c313cd4ca7e293b482e58db8c202acf0ecf9563bc5772d240,pybind11/include/pybind11/detail/class.h,pybind11/include/pybind11/detail/value_and_holder.h
post-refactor-20b,PR117-M0894,tun2socks-python-main,pybind11/include/pybind11/eigen,3,pybind11/include/pybind11/eigen/common.h,7487aa98aec8cd6e4ae24da56ab3e703503ceb7ac3a77f14f586cd230888c989,pybind11/include/pybind11/eigen/common.h,pybind11/include/pybind11/eigen/tensor.h
post-refactor-20b,PR117-M0895,tun2socks-python-main,pybind11/include/pybind11/stl,1,pybind11/include/pybind11/stl/filesystem.h,95c6110b0340f177f87b81516de621dfa480c108f12a0c935d776b82e47880ce,pybind11/include/pybind11/stl/filesystem.h,pybind11/include/pybind11/stl/filesystem.h
post-refactor-20b,PR117-M0896,tun2socks-python-main,pybind11/pybind11,6,pybind11/pybind11/__init__.py,f6fb74ea9beec2f74a5b463061028e4f104482643491be5950e26b82d1a174ab,pybind11/pybind11/__init__.py,pybind11/pybind11/setup_helpers.py
post-refactor-20b,PR117-M0897,tun2socks-python-main,pybind11/tests#chunk1,100,pybind11/tests/CMakeLists.txt,17198a0ad1946c01dfacd2b0d16a0193336e3c362c2bcbb3a1cebc1a67424c78,pybind11/tests/CMakeLists.txt,pybind11/tests/test_stl_binders.cpp
post-refactor-20b,PR117-M1172,tun2socks-python-main,pybind11/tests#chunk2,21,pybind11/tests/test_stl_binders.py,b84ef7a84ecc6787b235c493111c58ce506222b002dd23f2e5303c5924297195,pybind11/tests/test_stl_binders.py,pybind11/tests/valgrind-python.supp
post-refactor-20b,PR117-M0898,tun2socks-python-main,pybind11/tests/extra_python_package,2,pybind11/tests/extra_python_package/pytest.ini,e3b0c44298fc1c149afbf4c8996fb92427ae41e4649b934ca495991b7852b855,pybind11/tests/extra_python_package/pytest.ini,pybind11/tests/extra_python_package/test_files.py
post-refactor-20b,PR117-M0899,tun2socks-python-main,pybind11/tests/extra_setuptools,2,pybind11/tests/extra_setuptools/pytest.ini,e3b0c44298fc1c149afbf4c8996fb92427ae41e4649b934ca495991b7852b855,pybind11/tests/extra_setuptools/pytest.ini,pybind11/tests/extra_setuptools/test_setuphelper.py
post-refactor-20b,PR117-M0900,tun2socks-python-main,pybind11/tests/test_cmake_build,4,pybind11/tests/test_cmake_build/CMakeLists.txt,44b0b025d938eb6f2371306fec39557fd490b22ad4c54bda6c5e4697dd59920b,pybind11/tests/test_cmake_build/CMakeLists.txt,pybind11/tests/test_cmake_build/test.py
post-refactor-20b,PR117-M0901,tun2socks-python-main,pybind11/tests/test_cmake_build/installed_embed,1,pybind11/tests/test_cmake_build/installed_embed/CMakeLists.txt,8f4a025ab151dfc154ab0d7fc622759dcfd1152d86b2ff5385c0719635c47860,pybind11/tests/test_cmake_build/installed_embed/CMakeLists.txt,pybind11/tests/test_cmake_build/installed_embed/CMakeLists.txt
post-refactor-20b,PR117-M0902,tun2socks-python-main,pybind11/tests/test_cmake_build/installed_function,1,pybind11/tests/test_cmake_build/installed_function/CMakeLists.txt,b9215f4c8a585cfbc3df152b0643c13a003d086659535a8ec546608a963523ac,pybind11/tests/test_cmake_build/installed_function/CMakeLists.txt,pybind11/tests/test_cmake_build/installed_function/CMakeLists.txt
post-refactor-20b,PR117-M0903,tun2socks-python-main,pybind11/tests/test_cmake_build/installed_target,1,pybind11/tests/test_cmake_build/installed_target/CMakeLists.txt,0be2d4b07836c64c87e8f575470ab5d60b31b9d167b49633539d47ea083eb621,pybind11/tests/test_cmake_build/installed_target/CMakeLists.txt,pybind11/tests/test_cmake_build/installed_target/CMakeLists.txt
post-refactor-20b,PR117-M0904,tun2socks-python-main,pybind11/tests/test_cmake_build/subdirectory_embed,1,pybind11/tests/test_cmake_build/subdirectory_embed/CMakeLists.txt,df5920e788969dbb08bbb8363eb18233fb7d45b598aee13382e767ffca0d00f0,pybind11/tests/test_cmake_build/subdirectory_embed/CMakeLists.txt,pybind11/tests/test_cmake_build/subdirectory_embed/CMakeLists.txt
post-refactor-20b,PR117-M0905,tun2socks-python-main,pybind11/tests/test_cmake_build/subdirectory_function,1,pybind11/tests/test_cmake_build/subdirectory_function/CMakeLists.txt,585cc54b0388632d2500ac85a24187efde2e99f1bd09074a242f828e8017499f,pybind11/tests/test_cmake_build/subdirectory_function/CMakeLists.txt,pybind11/tests/test_cmake_build/subdirectory_function/CMakeLists.txt
post-refactor-20b,PR117-M0906,tun2socks-python-main,pybind11/tests/test_cmake_build/subdirectory_target,1,pybind11/tests/test_cmake_build/subdirectory_target/CMakeLists.txt,2cd3880eb76aee0a484f48e140cc6d171f325a733b4405dd70fea3b64b2123d1,pybind11/tests/test_cmake_build/subdirectory_target/CMakeLists.txt,pybind11/tests/test_cmake_build/subdirectory_target/CMakeLists.txt
post-refactor-20b,PR117-M0907,tun2socks-python-main,pybind11/tests/test_embed,6,pybind11/tests/test_embed/CMakeLists.txt,b9eb65ee4ec8c0be87f577e031b9565460625a6126378f990490a22a501f17f1,pybind11/tests/test_embed/CMakeLists.txt,pybind11/tests/test_embed/test_trampoline.py
post-refactor-20b,PR117-M0908,tun2socks-python-main,pybind11/tools,19,pybind11/tools/FindCatch.cmake,ec3e06c04de5830ff4cbe34c1aa9064bd69311716d7866e3dd9817957af78360,pybind11/tools/FindCatch.cmake,pybind11/tools/test-pybind11GuessPythonExtSuffix.cmake
post-refactor-20b,PR117-M0909,tun2socks-python-main,sample,1,sample/sample.py,9a28612fd7e77f7910872da261896212cc931d0ddfdc6865d92f0afdbb8de3ce,sample/sample.py,sample/sample.py
post-refactor-20b,PR117-M0910,tun2socks-python-main,src,1,src/tun2socks.cpp,e87a87ff53aa0d6890d297b2179949e85fc74a54c41ae89d1a28c31a7654dd36,src/tun2socks.cpp,src/tun2socks.cpp
post-refactor-20b,PR117-M0911,tun2socks-python-main,tun2socks,1,tun2socks/__init__.py,4d2ee70162a7a2d238cb4067876acd249651667af8f311e66e1f723b4192fafa,tun2socks/__init__.py,tun2socks/__init__.py
post-refactor-20b,PR117-M0912,tun2socks-python-main,tun2socks-go,10,tun2socks-go/.dockerignore,694c4ebdce36c68dfd9b8df5d3bfdd461b52dd4039e49843fa4727f663b4a670,tun2socks-go/.dockerignore,tun2socks-go/main.go
post-refactor-20b,PR117-M0913,tun2socks-python-main,tun2socks-go/.github,3,tun2socks-go/.github/CODE_OF_CONDUCT.md,ffdc595e89605549aaf99aeb7a0d58ef42b5206935fc89732fd0115eb4348ce1,tun2socks-go/.github/CODE_OF_CONDUCT.md,tun2socks-go/.github/SECURITY.md
post-refactor-20b,PR117-M0914,tun2socks-python-main,tun2socks-go/.github/ISSUE_TEMPLATE,3,tun2socks-go/.github/ISSUE_TEMPLATE/bug_report.yml,2931ac60f5ad0be6c8f11750894ae7ff8500cdff6bd857eb9850b6e7a65b678a,tun2socks-go/.github/ISSUE_TEMPLATE/bug_report.yml,tun2socks-go/.github/ISSUE_TEMPLATE/feature_request.yml
post-refactor-20b,PR117-M0915,tun2socks-python-main,tun2socks-go/.github/workflows,6,tun2socks-go/.github/workflows/codeql-analysis.yml,eb9f5e2946d0650870c3492d86cf762b7b98246b82791dba54ee74bcb0640d8b,tun2socks-go/.github/workflows/codeql-analysis.yml,tun2socks-go/.github/workflows/test.yml
post-refactor-20b,PR117-M0916,tun2socks-python-main,tun2socks-go/buffer,1,tun2socks-go/buffer/pool.go,b355e66370ca1e7e8055a2bdf516c1dddb489092d2eb87727fbcdbd2c9e8fa8b,tun2socks-go/buffer/pool.go,tun2socks-go/buffer/pool.go
post-refactor-20b,PR117-M0917,tun2socks-python-main,tun2socks-go/buffer/allocator,2,tun2socks-go/buffer/allocator/allocator.go,749b9b9a784c2fff16a3d6c9e1071218b46d21b8aff93dcc7b23c2a9824c845f,tun2socks-go/buffer/allocator/allocator.go,tun2socks-go/buffer/allocator/allocator_test.go
post-refactor-20b,PR117-M0918,tun2socks-python-main,tun2socks-go/core,6,tun2socks-go/core/icmp.go,62d29ccfcb9acfedcedc2da5bc683fa35db081035f270185587c690040f4a2fa,tun2socks-go/core/icmp.go,tun2socks-go/core/udp.go
post-refactor-20b,PR117-M0919,tun2socks-python-main,tun2socks-go/core/adapter,2,tun2socks-go/core/adapter/adapter.go,ff497096d16894f7fc4e4dad22d947baa0b99225b78aab382eb50d169198270e,tun2socks-go/core/adapter/adapter.go,tun2socks-go/core/adapter/handler.go
post-refactor-20b,PR117-M0920,tun2socks-python-main,tun2socks-go/core/device,1,tun2socks-go/core/device/device.go,3101f8ca37d8f5b62c4e5b782bfc2fa4ca7792ca9eb7a91aa6086107a7ffbe45,tun2socks-go/core/device/device.go,tun2socks-go/core/device/device.go
post-refactor-20b,PR117-M0921,tun2socks-python-main,tun2socks-go/core/device/fdbased,5,tun2socks-go/core/device/fdbased/fd.go,1765f0f0e3d920f108f3daf58e3684fdd8d7c03666602f39fa08b32f990f613e,tun2socks-go/core/device/fdbased/fd.go,tun2socks-go/core/device/fdbased/open_unix.go
post-refactor-20b,PR117-M0922,tun2socks-python-main,tun2socks-go/core/device/iobased,1,tun2socks-go/core/device/iobased/endpoint.go,21073093b46b5638dc23bbab6448d541e478151f7d6de655c6ea8576c87a42e0,tun2socks-go/core/device/iobased/endpoint.go,tun2socks-go/core/device/iobased/endpoint.go
post-refactor-20b,PR117-M0923,tun2socks-python-main,tun2socks-go/core/device/tun,5,tun2socks-go/core/device/tun/tun.go,e7a8a003822f228ab6838c8518ad8380b03f425f79c4abc188df0494c7c97aec,tun2socks-go/core/device/tun/tun.go,tun2socks-go/core/device/tun/tun_wireguard_windows.go
post-refactor-20b,PR117-M0924,tun2socks-python-main,tun2socks-go/core/option,1,tun2socks-go/core/option/option.go,bbadd23b185134d4250855fa81ef35308cbca8dbef1ee8e146f8e20214a7c228,tun2socks-go/core/option/option.go,tun2socks-go/core/option/option.go
post-refactor-20b,PR117-M0925,tun2socks-python-main,tun2socks-go/dialer,8,tun2socks-go/dialer/dialer.go,fe7c11fe01376004f0b61d0e34f9e3d4527b84f278883782fd59782b33af7940,tun2socks-go/dialer/dialer.go,tun2socks-go/dialer/sockopt_windows.go
post-refactor-20b,PR117-M0926,tun2socks-python-main,tun2socks-go/dns,1,tun2socks-go/dns/resolver.go,a2f0621e709ec9cbef38512de2c23ed38691d97c728e34fecf6632ee6137191e,tun2socks-go/dns/resolver.go,tun2socks-go/dns/resolver.go
post-refactor-20b,PR117-M0927,tun2socks-python-main,tun2socks-go/docker,1,tun2socks-go/docker/entrypoint.sh,0e32a90b5ae1c35376c31e4f2eb36b5e4251cbec9dd47e9f68c4889fce7f9903,tun2socks-go/docker/entrypoint.sh,tun2socks-go/docker/entrypoint.sh
post-refactor-20b,PR117-M0928,tun2socks-python-main,tun2socks-go/docs,3,tun2socks-go/docs/benchmark.png,5384c496ed0790297c3656e4741a683d014fd8116a94f6a9ae6149bb4e1d5f17,tun2socks-go/docs/benchmark.png,tun2socks-go/docs/logo.png
post-refactor-20b,PR117-M0929,tun2socks-python-main,tun2socks-go/engine,6,tun2socks-go/engine/engine.go,5d8c7cfb1486abc5d5abcca531a5a4ebb64575835666a03dd6d94fbc7f30dbc8,tun2socks-go/engine/engine.go,tun2socks-go/engine/register.go
post-refactor-20b,PR117-M0930,tun2socks-python-main,tun2socks-go/internal/pool,2,tun2socks-go/internal/pool/pool.go,8ae29f993e54d4515bb409029eb43943b81fdca4a99f0e999b80a319889008e8,tun2socks-go/internal/pool/pool.go,tun2socks-go/internal/pool/pool_test.go
post-refactor-20b,PR117-M0931,tun2socks-python-main,tun2socks-go/internal/version,2,tun2socks-go/internal/version/module.go,85afae9aeba8453b64063a0e726b42c8f94c9fbf08c13e487691a4c6b4efd467,tun2socks-go/internal/version/module.go,tun2socks-go/internal/version/version.go
post-refactor-20b,PR117-M0932,tun2socks-python-main,tun2socks-go/log,5,tun2socks-go/log/doc.go,b809a72b51f9d6e2b8f02a742d6fb70fc549a520c1e9f3198c8ca688183dba6b,tun2socks-go/log/doc.go,tun2socks-go/log/zap.go
post-refactor-20b,PR117-M0933,tun2socks-python-main,tun2socks-go/metadata,2,tun2socks-go/metadata/metadata.go,ea9bb65aa2a3797065988e5f09a99786d2634db5223b46825d0ab15ae2d0340d,tun2socks-go/metadata/metadata.go,tun2socks-go/metadata/network.go
post-refactor-20b,PR117-M0934,tun2socks-python-main,tun2socks-go/proxy,2,tun2socks-go/proxy/protocol.go,88d0ae027c24b281d46fea550d2f88e13f4b93c797e01d49b2c73e8ef14a836e,tun2socks-go/proxy/protocol.go,tun2socks-go/proxy/proxy.go
post-refactor-20b,PR117-M0935,tun2socks-python-main,tun2socks-go/proxy/direct,1,tun2socks-go/proxy/direct/direct.go,0a33dfbee1bb1c93a8db85e89aea9bd9a3359c0c297ea41724f2a40979581fca,tun2socks-go/proxy/direct/direct.go,tun2socks-go/proxy/direct/direct.go
post-refactor-20b,PR117-M0936,tun2socks-python-main,tun2socks-go/proxy/http,1,tun2socks-go/proxy/http/http.go,f538e7cda681cbdbd7274cec6ea2d4ee23c1cb1785783b562f48d31cfb886faa,tun2socks-go/proxy/http/http.go,tun2socks-go/proxy/http/http.go
post-refactor-20b,PR117-M0937,tun2socks-python-main,tun2socks-go/proxy/internal/utils,1,tun2socks-go/proxy/internal/utils/utils.go,5d0186d7a33af63876ce5cf9a39301c9ae4e64c5eadcfa70cec686cb971b8042,tun2socks-go/proxy/internal/utils/utils.go,tun2socks-go/proxy/internal/utils/utils.go
post-refactor-20b,PR117-M0938,tun2socks-python-main,tun2socks-go/proxy/reject,1,tun2socks-go/proxy/reject/reject.go,9c79ae328f15205191aa09a4e4ece6e331288447866ebd93c92160af2253917b,tun2socks-go/proxy/reject/reject.go,tun2socks-go/proxy/reject/reject.go
post-refactor-20b,PR117-M0939,tun2socks-python-main,tun2socks-go/proxy/relay,1,tun2socks-go/proxy/relay/relay.go,f6de00cc8de34092c6f18e05a87c4a8b62828a39a058a589ba8814885b3bf75c,tun2socks-go/proxy/relay/relay.go,tun2socks-go/proxy/relay/relay.go
post-refactor-20b,PR117-M0940,tun2socks-python-main,tun2socks-go/proxy/shadowsocks,1,tun2socks-go/proxy/shadowsocks/shadowsocks.go,5bad92ed995f5161dd72283f80c32cf19fc8289c0cf6f6936e58cb6d89c2bee2,tun2socks-go/proxy/shadowsocks/shadowsocks.go,tun2socks-go/proxy/shadowsocks/shadowsocks.go
post-refactor-20b,PR117-M0941,tun2socks-python-main,tun2socks-go/proxy/socks4,1,tun2socks-go/proxy/socks4/socks4.go,0b3e64796d8654a8bd6f091932978cb9f9ad95aeb0e758ac40b36c70cda100fc,tun2socks-go/proxy/socks4/socks4.go,tun2socks-go/proxy/socks4/socks4.go
post-refactor-20b,PR117-M0942,tun2socks-python-main,tun2socks-go/proxy/socks5,1,tun2socks-go/proxy/socks5/socks5.go,d16d284494b9f10251ed5361fec04bf8fdb835f122ae652081c9d56c466c8d59,tun2socks-go/proxy/socks5/socks5.go,tun2socks-go/proxy/socks5/socks5.go
post-refactor-20b,PR117-M0943,tun2socks-python-main,tun2socks-go/proxy/ssh,1,tun2socks-go/proxy/ssh/ssh.go,944d0464c7a473037538f47196b42983f41ff414e435a79a8613632fa17cf41b,tun2socks-go/proxy/ssh/ssh.go,tun2socks-go/proxy/ssh/ssh.go
post-refactor-20b,PR117-M0944,tun2socks-python-main,tun2socks-go/restapi,5,tun2socks-go/restapi/connections.go,2ae461dfcfb096e6ec77c02aa5d718be474129eb3354d424291e21890e00a801,tun2socks-go/restapi/connections.go,tun2socks-go/restapi/server.go
post-refactor-20b,PR117-M0945,tun2socks-python-main,tun2socks-go/transport/internal/bufferpool,1,tun2socks-go/transport/internal/bufferpool/bufferpool.go,b64f413759496d960868f39d7edf6c7b781b4b010d5cb34881eade6603a8f0e4,tun2socks-go/transport/internal/bufferpool/bufferpool.go,tun2socks-go/transport/internal/bufferpool/bufferpool.go
post-refactor-20b,PR117-M0946,tun2socks-python-main,tun2socks-go/transport/shadowsocks,1,tun2socks-go/transport/shadowsocks/README.md,6f9c5761f034e031308421b8ffb080509e968dc15320dfc87c8dd18202ec2748,tun2socks-go/transport/shadowsocks/README.md,tun2socks-go/transport/shadowsocks/README.md
post-refactor-20b,PR117-M0947,tun2socks-python-main,tun2socks-go/transport/shadowsocks/core,1,tun2socks-go/transport/shadowsocks/core/cipher.go,7b1f8d33742a6b3c1214d1ccd8bc57f1f148cc7ca26dbf70e579a0bfcb3e29b9,tun2socks-go/transport/shadowsocks/core/cipher.go,tun2socks-go/transport/shadowsocks/core/cipher.go
post-refactor-20b,PR117-M0948,tun2socks-python-main,tun2socks-go/transport/shadowsocks/shadowaead,3,tun2socks-go/transport/shadowsocks/shadowaead/cipher.go,bce92b5d0d626981ee5818309f00ddb73071495750e69fb294e4e34aefc47fef,tun2socks-go/transport/shadowsocks/shadowaead/cipher.go,tun2socks-go/transport/shadowsocks/shadowaead/stream.go
post-refactor-20b,PR117-M0949,tun2socks-python-main,tun2socks-go/transport/shadowsocks/shadowstream,3,tun2socks-go/transport/shadowsocks/shadowstream/cipher.go,63e8c2004397bb2fb93b30ba3b1cfa4699dbcb48297eaaec691881b6debd7ea5,tun2socks-go/transport/shadowsocks/shadowstream/cipher.go,tun2socks-go/transport/shadowsocks/shadowstream/stream.go
post-refactor-20b,PR117-M0950,tun2socks-python-main,tun2socks-go/transport/simple-obfs,3,tun2socks-go/transport/simple-obfs/http.go,21f32a63bd7c9498b9557910332072f48b937e27e70995edfab2feef7805b6bb,tun2socks-go/transport/simple-obfs/http.go,tun2socks-go/transport/simple-obfs/tls.go
post-refactor-20b,PR117-M0951,tun2socks-python-main,tun2socks-go/transport/socks4,4,tun2socks-go/transport/socks4/socks4.go,ae3e1292542f8256a3a7d57e758146a00e61d7adceabe7c4f6ab9a24b7ddd154,tun2socks-go/transport/socks4/socks4.go,tun2socks-go/transport/socks4/socks4a.txt
post-refactor-20b,PR117-M0952,tun2socks-python-main,tun2socks-go/transport/socks5,4,tun2socks-go/transport/socks5/rfc1928.txt,ddc2916419a52bedae0fc7d0c051ea513e88c2b930dda27128982fb0c1d6fe2a,tun2socks-go/transport/socks5/rfc1928.txt,tun2socks-go/transport/socks5/socks5_test.go
post-refactor-20b,PR117-M0953,tun2socks-python-main,tun2socks-go/tunnel,5,tun2socks-go/tunnel/addr.go,f013cd6946a4ef2c022dea737d64680b81e2b20a076faae7eca73384d2effcba,tun2socks-go/tunnel/addr.go,tun2socks-go/tunnel/udp.go
post-refactor-20b,PR117-M0954,tun2socks-python-main,tun2socks-go/tunnel/statistic,2,tun2socks-go/tunnel/statistic/manager.go,ea8b51a3a377fb2c06dfee464a9809356c83cda06af02c926a5c8a78dbc2defc,tun2socks-go/tunnel/statistic/manager.go,tun2socks-go/tunnel/statistic/tracker.go
post-refactor-20b,PR117-M0955,uquic-master,@root#chunk1,100,.gitignore,1a9d56a7a40220cd1f9027e46302d5e9596e7d27cef5de35754fa5d4937cfd7c,.gitignore,sys_conn_df_darwin_test.go
post-refactor-20b,PR117-M1173,uquic-master,@root#chunk2,29,sys_conn_df_linux.go,8a4a985a42583c0c617b4efa783292e2942391a7cf4c7555f771bac3529fc310,sys_conn_df_linux.go,u_transport_params_shuffle_test.go
post-refactor-20b,PR117-M0956,uquic-master,.claude,1,.claude/scheduled_tasks.lock,d0880ee35d23f055c0b93b31b33ab619998506eef7844deaae6a4a222ded9d53,.claude/scheduled_tasks.lock,.claude/scheduled_tasks.lock
post-refactor-20b,PR117-M0957,uquic-master,.clusterfuzzlite,3,.clusterfuzzlite/Dockerfile,380e5d3e818a17ec4133eae204ac711bb19cc32b049b38b3c688d615bb575da1,.clusterfuzzlite/Dockerfile,.clusterfuzzlite/project.yaml
post-refactor-20b,PR117-M0958,uquic-master,.github,2,.github/FUNDING.yml,cfd77d5edb0a13a44805225f9f6d0e5c3c9152ac4a6755a7b739bc9f977e037d,.github/FUNDING.yml,.github/dependabot.yml
post-refactor-20b,PR117-M0959,uquic-master,.github/workflows,7,.github/workflows/build-interop-docker.yml,f76ff2cffc3c79b4d831290025ff2c1bca2c77037fde9b9689697b72978cccaf,.github/workflows/build-interop-docker.yml,.github/workflows/unit.yml
post-refactor-20b,PR117-M0960,uquic-master,assets,3,assets/LICENSE.md,2c8d4ff4244edf09d99dcd428d278e47a059d24f0030b38c1ab38e93b1c8030c,assets/LICENSE.md,assets/quic-go-logo.png
post-refactor-20b,PR117-M0961,uquic-master,docs,4,docs/uQUIC.png,b70a8bc1d2ea1ac9bc0df4dc013ac253fcf732f9f5d1558ebf918ae5830bedef,docs/uQUIC.png,docs/utls_logo_small.png
post-refactor-20b,PR117-M0962,uquic-master,example,1,example/main.go,1049eed69f1f1db432cde3da2ddd7b4554387301f4f24b9e3d77419f81ed5ca2,example/main.go,example/main.go
post-refactor-20b,PR117-M0963,uquic-master,example/client,1,example/client/main.go,72aa989af5c6253ddcac78024d3149755850b3464196d37fdd370339405cfe22,example/client/main.go,example/client/main.go
post-refactor-20b,PR117-M0964,uquic-master,example/echo,1,example/echo/echo.go,59ccc8d4dbbb08ecfbe73b2f18a11f2da4c8aa3b82d51fbef67da05ebf73bd5a,example/echo/echo.go,example/echo/echo.go
post-refactor-20b,PR117-M0965,uquic-master,example/uquic,1,example/uquic/main.go,1859ac80856157fe03fa4473dd5b85c9dcb9fb38db482dd7b8a4526062a5121d,example/uquic/main.go,example/uquic/main.go
post-refactor-20b,PR117-M0966,uquic-master,fuzzing/frames,1,fuzzing/frames/fuzz.go,f592997753866bbd79014c2b41a6a53d13bc16071b6481572b32e55d0a719e4a,fuzzing/frames/fuzz.go,fuzzing/frames/fuzz.go
post-refactor-20b,PR117-M0967,uquic-master,fuzzing/frames/cmd,1,fuzzing/frames/cmd/corpus.go,9187a79774f1a9f9ab4bdec399f874567ad59112b8c3eff1ed261a6547cbd3d2,fuzzing/frames/cmd/corpus.go,fuzzing/frames/cmd/corpus.go
post-refactor-20b,PR117-M0968,uquic-master,fuzzing/handshake,1,fuzzing/handshake/fuzz.go,01c4f4418bcf6b3bd59a1d60b4c1f68c89de77ab20677add922a26e3aace1d82,fuzzing/handshake/fuzz.go,fuzzing/handshake/fuzz.go
post-refactor-20b,PR117-M0969,uquic-master,fuzzing/handshake/cmd,1,fuzzing/handshake/cmd/corpus.go,90c5000633f71a7667cadf6c4169a6fa4f95965a2153b094bdfcba8800ee1dfd,fuzzing/handshake/cmd/corpus.go,fuzzing/handshake/cmd/corpus.go
post-refactor-20b,PR117-M0970,uquic-master,fuzzing/header,1,fuzzing/header/fuzz.go,80091d05ef0d6bf5679fa4af3f32ad3c293c82fe64b4631a4a9202bf82bc2ded,fuzzing/header/fuzz.go,fuzzing/header/fuzz.go
post-refactor-20b,PR117-M0971,uquic-master,fuzzing/header/cmd,1,fuzzing/header/cmd/corpus.go,56f3d042c7a70c3929c7a53b646d7fd95db6779e4cf9a781f6f1825c820fab6f,fuzzing/header/cmd/corpus.go,fuzzing/header/cmd/corpus.go
post-refactor-20b,PR117-M0972,uquic-master,fuzzing/internal/helper,2,fuzzing/internal/helper/helper.go,2fd1e2e91b93bd7c90d6c6d702ee2ace2b9c0c15afd1feeae0bf96b0ef3f4a0d,fuzzing/internal/helper/helper.go,fuzzing/internal/helper/helper_test.go
post-refactor-20b,PR117-M0973,uquic-master,fuzzing/tokens,1,fuzzing/tokens/fuzz.go,eb5e292743c0dc9624ff15c122e6c82e78cc002c9eec2725eb881304d1800a6f,fuzzing/tokens/fuzz.go,fuzzing/tokens/fuzz.go
post-refactor-20b,PR117-M0974,uquic-master,fuzzing/transportparameters,1,fuzzing/transportparameters/fuzz.go,821f040fbd839333ae7795fcfdc6c136561878393cbb93308f14c022f246aeb1,fuzzing/transportparameters/fuzz.go,fuzzing/transportparameters/fuzz.go
post-refactor-20b,PR117-M0975,uquic-master,fuzzing/transportparameters/cmd,1,fuzzing/transportparameters/cmd/corpus.go,ec3bae8fa0d206eefea07a12d68a3ae0312fab38881e2c6d2f9b00d644e2bacc,fuzzing/transportparameters/cmd/corpus.go,fuzzing/transportparameters/cmd/corpus.go
post-refactor-20b,PR117-M0976,uquic-master,http3,39,http3/README.md,8f970fa9102fc4703b9d2ed78b718b9805498eea12c13d11b8e2b057fd1502bd,http3/README.md,http3/transport_test.go
post-refactor-20b,PR117-M0977,uquic-master,http3/internal/testdata,6,http3/internal/testdata/ca.pem,1dabfeda5e2efd6c2e08c0fc296751e85343e07be2bbef62f228c931bca3a7c4,http3/internal/testdata/ca.pem,http3/internal/testdata/priv.key
post-refactor-20b,PR117-M0978,uquic-master,http3/qlog,6,http3/qlog/event.go,279cdfca0afb2d0c49eaaab51f0b22b22621770f65c32520638543cff47aa7d1,http3/qlog/event.go,http3/qlog/qlog_dir_test.go
post-refactor-20b,PR117-M0979,uquic-master,integrationtests/gomodvendor,4,integrationtests/gomodvendor/.gitignore,e15b1b0e0f10012abb6f06891455da689a7a4ff323b70ce46144d8611b7d4d8a,integrationtests/gomodvendor/.gitignore,integrationtests/gomodvendor/main.go
post-refactor-20b,PR117-M0980,uquic-master,integrationtests/self,40,integrationtests/self/benchmark_test.go,8e987c2db91deeb89c0197e774de39da6c91fb36096b6d120104b527f9345f84,integrationtests/self/benchmark_test.go,integrationtests/self/zero_rtt_test.go
post-refactor-20b,PR117-M0981,uquic-master,integrationtests/tools,3,integrationtests/tools/crypto.go,61d961bab73e57beb69f678434484f960f830226d0a571be586892b7aadd6a83,integrationtests/tools/crypto.go,integrationtests/tools/qlog.go
post-refactor-20b,PR117-M0982,uquic-master,integrationtests/tools/israce,2,integrationtests/tools/israce/norace.go,27cb9bcd4c0d290ea2551394ffdfe24c3dd9433b0bcef4d6f2a73a3f78747850,integrationtests/tools/israce/norace.go,integrationtests/tools/israce/race.go
post-refactor-20b,PR117-M0983,uquic-master,integrationtests/tools/proxy,2,integrationtests/tools/proxy/proxy.go,c20ea805066c8b5e5dfe486231a985be63c19baab28aca6c46b022385d98894c,integrationtests/tools/proxy/proxy.go,integrationtests/tools/proxy/proxy_test.go
post-refactor-20b,PR117-M0984,uquic-master,integrationtests/versionnegotiation,3,integrationtests/versionnegotiation/handshake_test.go,faeeaf64e564b01f15de30b2cb1a16c95ad9d51496b0618d3196cde9b2281031,integrationtests/versionnegotiation/handshake_test.go,integrationtests/versionnegotiation/test_helper_test.go
post-refactor-20b,PR117-M0985,uquic-master,internal/ackhandler,29,internal/ackhandler/ack_eliciting.go,2d877305a7e1353adc4210bd7ce847e446867ba11add322635229bd6defc7c44,internal/ackhandler/ack_eliciting.go,internal/ackhandler/u_sent_packet_handler.go
post-refactor-20b,PR117-M0986,uquic-master,internal/congestion,12,internal/congestion/bandwidth.go,1d7063ae5c49f6fdf6b4a7fa6358d3c4e9ae73219d79eb2ac138680796ce4ab4,internal/congestion/bandwidth.go,internal/congestion/pacer_test.go
post-refactor-20b,PR117-M0987,uquic-master,internal/flowcontrol,6,internal/flowcontrol/base_flow_controller.go,2a517e89162917c50fac2fd342e47222597aef5009af6690ada2dfda05d5af9b,internal/flowcontrol/base_flow_controller.go,internal/flowcontrol/stream_flow_controller_test.go
post-refactor-20b,PR117-M0988,uquic-master,internal/handshake,26,internal/handshake/aead.go,d0d54caefb185bf461663be0c0c16a48aca515418c58c8329ec92fa8bd0d271f,internal/handshake/aead.go,internal/handshake/updatable_aead_test.go
post-refactor-20b,PR117-M0989,uquic-master,internal/mocks,8,internal/mocks/congestion.go,1b11c9cd20f09716e70f029a26711f6c57359112b6a071b812a5a3e16f1fe1e6,internal/mocks/congestion.go,internal/mocks/stream_flow_controller.go
post-refactor-20b,PR117-M0990,uquic-master,internal/mocks/ackhandler,2,internal/mocks/ackhandler/received_packet_handler.go,42df29a9a57b436320ced0e9475a0b7fcc9d146cfcead2301e25a1e7dd6c2173,internal/mocks/ackhandler/received_packet_handler.go,internal/mocks/ackhandler/sent_packet_handler.go
post-refactor-20b,PR117-M0991,uquic-master,internal/mocks/quic,2,internal/mocks/quic/early_conn.go,93b6b4ead040037e686b44002befa2c0b6df95a3001979cf181367de73431b37,internal/mocks/quic/early_conn.go,internal/mocks/quic/stream.go
post-refactor-20b,PR117-M0992,uquic-master,internal/monotime,2,internal/monotime/time.go,a9957ea88956b8c5139e4a57d7efcdc3a3a7ae703b92774c524bf52eadfdd13d,internal/monotime/time.go,internal/monotime/time_test.go
post-refactor-20b,PR117-M0993,uquic-master,internal/protocol,19,internal/protocol/connection_id.go,9935062a2a72d2464da8197a2059b83a1c864f04a9aa5da6a3dc9f19a963fb8d,internal/protocol/connection_id.go,internal/protocol/version_test.go
post-refactor-20b,PR117-M0994,uquic-master,internal/qerr,4,internal/qerr/error_codes.go,74310c5087458983e4150e4896f77ec66b8b2a2f25c2d75a85f78f745bc321d2,internal/qerr/error_codes.go,internal/qerr/errors_test.go
post-refactor-20b,PR117-M0995,uquic-master,internal/qtls,2,internal/qtls/cipher_suite.go,24d161fe17837860d1615d477a832cf9e8c50f0b5e99689a5e402091fa0b1245,internal/qtls/cipher_suite.go,internal/qtls/cipher_suite_test.go
post-refactor-20b,PR117-M0996,uquic-master,internal/synctest,3,internal/synctest/synctest_go124.go,857f6196825d2719767f18ce653e7d954b9ddd3ff26020019815cb85c4b539e5,internal/synctest/synctest_go124.go,internal/synctest/synctest_other.go
post-refactor-20b,PR117-M0997,uquic-master,internal/testdata,6,internal/testdata/ca.pem,1dabfeda5e2efd6c2e08c0fc296751e85343e07be2bbef62f228c931bca3a7c4,internal/testdata/ca.pem,internal/testdata/priv.key
post-refactor-20b,PR117-M0998,uquic-master,internal/utils,9,internal/utils/buffered_write_closer.go,906b25481e2c4b98617906a6e85b9c157daed902490a2cc243d7cfd575774b3d,internal/utils/buffered_write_closer.go,internal/utils/rtt_stats_test.go
post-refactor-20b,PR117-M0999,uquic-master,internal/utils/linkedlist,2,internal/utils/linkedlist/README.md,cc6335080162ebbae8aab7bdda8f1d973fba052760ea40f90fa240dfc2f2b44c,internal/utils/linkedlist/README.md,internal/utils/linkedlist/linkedlist.go
post-refactor-20b,PR117-M1000,uquic-master,internal/utils/ringbuffer,3,internal/utils/ringbuffer/ringbuffer.go,8a4c04d6a2d6f2c754e744724b06bd88aaf0615b6fca394d8431b9ec70b25987,internal/utils/ringbuffer/ringbuffer.go,internal/utils/ringbuffer/ringbuffer_test.go
post-refactor-20b,PR117-M1001,uquic-master,internal/wire,68,internal/wire/ack_frame.go,5f1338566189b12b57e0e91ac07a7a904eebb0eb23c456b961d0d13469e9f54a,internal/wire/ack_frame.go,internal/wire/version_negotiation_test.go
post-refactor-20b,PR117-M1002,uquic-master,interop,1,interop/Dockerfile,81f039d86912ba573554a297af6cbf402186600ba5b93e8253f985bec07782d5,interop/Dockerfile,interop/Dockerfile
post-refactor-20b,PR117-M1003,uquic-master,interop/http09,2,interop/http09/client.go,cef24209be2df3e70746bc1c77b1c557f8ab8f8e4fe2216bf0feefa4b25c1c10,interop/http09/client.go,interop/http09/server.go
post-refactor-20b,PR117-M1004,uquic-master,interop/utils,1,interop/utils/logging.go,f5e7e77da0d888991e1a5fc25c84d37dbd24b21c234ed37dbd19423998f08955,interop/utils/logging.go,interop/utils/logging.go
post-refactor-20b,PR117-M1005,uquic-master,logging,2,logging/frame.go,1c6c011900fd02e594c5eb1048844bb24f405e921f2214113f6070f5172325f9,logging/frame.go,logging/interface.go
post-refactor-20b,PR117-M1006,uquic-master,metrics/dashboards,5,metrics/dashboards/README.md,4dcbb910fac636f1f21367a09c8306cf7f7c29487bdd2c8eda09425199f7101f,metrics/dashboards/README.md,metrics/dashboards/quic-go.json
post-refactor-20b,PR117-M1007,uquic-master,qlog,12,qlog/benchmark_test.go,e2a56a97552cfe6adcf6bfdd58a546f819332efc6b845254070bb975860c5cb0,qlog/benchmark_test.go,qlog/types_test.go
post-refactor-20b,PR117-M1008,uquic-master,qlogwriter,4,qlogwriter/trace.go,ffb4c4ca435531ce59932a798089c2c535f6af6ee52fa99e0f355f9a685de4f8,qlogwriter/trace.go,qlogwriter/writer_test.go
post-refactor-20b,PR117-M1009,uquic-master,qlogwriter/jsontext,2,qlogwriter/jsontext/encoder.go,6a4243da4a643ce41d2df45e321177c5c63f901629a787869fdcfb95e7151c9c,qlogwriter/jsontext/encoder.go,qlogwriter/jsontext/encoder_test.go
post-refactor-20b,PR117-M1010,uquic-master,quicvarint,4,quicvarint/io.go,b49ba0718ad54ea0e69e8b1686e0c2a3882d0a5d085b03e27f147ef0936e2445,quicvarint/io.go,quicvarint/varint_test.go
post-refactor-20b,PR117-M1011,uquic-master,testutils,2,testutils/frames.go,2b6f95664fad669df482945c90b2c6c5b530db7a3d546fbd44ae5499ad200be2,testutils/frames.go,testutils/testutils.go
post-refactor-20b,PR117-M1012,uquic-master,testutils/events,2,testutils/events/event_recorder.go,db68be8b0be039749e6e818a46db88b764cfa181dc4529e05db5f2d1acb3924b,testutils/events/event_recorder.go,testutils/events/event_recorder_test.go
post-refactor-20b,PR117-M1013,uquic-master,testutils/simnet,10,testutils/simnet/README.md,1a9de5a38e6554f8c435c5bd85448db1be2d9374572f1fa12a7afd95f69fff0e,testutils/simnet/README.md,testutils/simnet/simnet_synctest_test.go
post-refactor-20b,PR117-M1014,vanguards-master,@root,19,.travis.yml,70fac580cfb58c27a46a7e7f822a110e40b23f71e415305c2078d5522e07d8d6,.travis.yml,vanguards_parallel.sh
post-refactor-20b,PR117-M1015,vanguards-master,src,1,src/vanguards.py,c1b8720dd459cc92f5ddb91a840036e507fcf19c93ec69c35fb956b4983d5f40,src/vanguards.py,src/vanguards.py
post-refactor-20b,PR117-M1016,vanguards-master,src/vanguards,12,src/vanguards/NodeSelection.py,7f27a2009d44565505dc200966a36b0cae0f8aad44d741cf4d0b624563fdfa24,src/vanguards/NodeSelection.py,src/vanguards/vanguards.py
post-refactor-20b,PR117-M1017,vanguards-master,tests,14,tests/2-3-8-perf.conf,971a75b94deda9074c059f5927ed6d42c98ebf0b73facb6490eb99341316d2c5,tests/2-3-8-perf.conf,tests/test_vanguards.py
post-refactor-20b,PR117-M1018,water-master,@root,23,.gitignore,4f27b38d17045caf068d7d7dd7e37b90f55716fa3e6f8f6282bf1ee986fd5a17,.gitignore,wazero_config.go
post-refactor-20b,PR117-M1019,water-master,.github,1,.github/CODEOWNERS,4047f5a82e19e586788f3d21146a017faa0008b6e63ad3d67325b1f285a39669,.github/CODEOWNERS,.github/CODEOWNERS
post-refactor-20b,PR117-M1020,water-master,.github/assets,1,.github/assets/logo_v0.svg,4b66f357b3d8cbd3b70272be97335dec697d8f6b1f55d129c61a7c29fcaaaaca,.github/assets/logo_v0.svg,.github/assets/logo_v0.svg
post-refactor-20b,PR117-M1021,water-master,.github/workflows,1,.github/workflows/water.yml,ac10f0dc94777c31bcbe7958a55158546e85bf63e8f9eae21bfefc835e88bff4,.github/workflows/water.yml,.github/workflows/water.yml
post-refactor-20b,PR117-M1022,water-master,configbuilder,3,configbuilder/README.md,d12e70b0ecacbe8a12b9d00cd2f613e093f3440219c96aa6b0f00bf2224a0c7d,configbuilder/README.md,configbuilder/config.pb.go
post-refactor-20b,PR117-M1023,water-master,configbuilder/pb,3,configbuilder/pb/Makefile,228e2b744cdc596c3e020269c1c3df21a1fa8d8795394ae4628e30e806bf071f,configbuilder/pb/Makefile,configbuilder/pb/config.proto
post-refactor-20b,PR117-M1024,water-master,examples,1,examples/README.md,75c2755273395381af64f349486360f4b22e947e7bd4f19ded71f9c57541e626,examples/README.md,examples/README.md
post-refactor-20b,PR117-M1025,water-master,examples/v0/dialer,2,examples/v0/dialer/README.md,e2ffd1327ac194d9dbd27b5b5245f4d0d2524989d1eab1ec97c45ab424b628b9,examples/v0/dialer/README.md,examples/v0/dialer/main.go
post-refactor-20b,PR117-M1026,water-master,examples/v0/listener,2,examples/v0/listener/README.md,0fee10684cbf6f8c2f68d67d049c68552db641451742d540088d927f316efb62,examples/v0/listener/README.md,examples/v0/listener/main.go
post-refactor-20b,PR117-M1027,water-master,examples/v0/relay,2,examples/v0/relay/README.md,ff0fc7fb7fc014c32aa4cdd040c5cd37a258ea7428838230fd4dd908c60194e1,examples/v0/relay/README.md,examples/v0/relay/main.go
post-refactor-20b,PR117-M1028,water-master,examples/v0/watm,4,examples/v0/watm/plain.go.wasm,85373799d69aa5caa895f4d333a7178623b804d99d0f50815f9c94c167930212,examples/v0/watm/plain.go.wasm,examples/v0/watm/reverse.rs.wasm
post-refactor-20b,PR117-M1029,water-master,internal/log,4,internal/log/README.md,78a2d34738ac004b6fbbaf183faadf5cab4dab5369d563365502c913deb16ffa,internal/log/README.md,internal/log/slog_alias_go1_21.go
post-refactor-20b,PR117-M1030,water-master,internal/socket,5,internal/socket/README.md,fbe1af655b2abfd6f552a0db89ec31f6044b5731c0604ee4cb197980a40daa18,internal/socket/README.md,internal/socket/unixconn_test.go
post-refactor-20b,PR117-M1031,water-master,internal/wasip1,3,internal/wasip1/README.md,f23af6b033040c012a467853d07c9995ffc14ac86bb7ddbcd996416db513a707,internal/wasip1/README.md,internal/wasip1/tables.go
post-refactor-20b,PR117-M1032,water-master,transport,1,transport/README.md,fc43d16d3680b5009e2809f3826f9401441f831a7d768bc3ceed6d1425bfe635,transport/README.md,transport/README.md
post-refactor-20b,PR117-M1033,water-master,transport/v0,13,transport/v0/README.md,c7ea8be15b9d04fd1baddbfff8b77740a61c5787d3e313862d684bf3f9286835,transport/v0/README.md,transport/v0/transport_module.go
post-refactor-20b,PR117-M1034,water-master,transport/v0/testdata,2,transport/v0/testdata/plain.wasm,85373799d69aa5caa895f4d333a7178623b804d99d0f50815f9c94c167930212,transport/v0/testdata/plain.wasm,transport/v0/testdata/reverse.wasm
post-refactor-20b,PR117-M1035,water-master,transport/v1,15,transport/v1/README.md,af92d6cb4c62434b9de28fb652e24a99d6f7270b31cac4ee3a1c66e6b286cb05,transport/v1/README.md,transport/v1/transport_module.go
post-refactor-20b,PR117-M1036,water-master,transport/v1/testdata,2,transport/v1/testdata/plain.wasm,4fb6e0010553ed13be7dbea4497b6736896ddf5c6a1987733352eaddc0808dd4,transport/v1/testdata/plain.wasm,transport/v1/testdata/reverse.wasm
post-refactor-20b,PR117-M1037,water-rs-main,@root,5,.gitignore,0a18e221127c6129f8636a2ee607adf1523568109db2fbd5d0399b7ec3a76503,.gitignore,README.md
post-refactor-20b,PR117-M1038,water-rs-main,.github,2,.github/CODEOWNERS,4047f5a82e19e586788f3d21146a017faa0008b6e63ad3d67325b1f285a39669,.github/CODEOWNERS,.github/dependabot.yml
post-refactor-20b,PR117-M1039,water-rs-main,.github/assets,2,.github/assets/logo_v0.svg,4b66f357b3d8cbd3b70272be97335dec697d8f6b1f55d129c61a7c29fcaaaaca,.github/assets/logo_v0.svg,.github/assets/water_rust_lib_draft1.png
post-refactor-20b,PR117-M1040,water-rs-main,.github/workflows,1,.github/workflows/rust.yml,772785a6c853fb271fc3e12187d7edfc2ad37047b767ed916bdf43f9ff9f2c50,.github/workflows/rust.yml,.github/workflows/rust.yml
post-refactor-20b,PR117-M1041,water-rs-main,crates/water,3,crates/water/Cargo.toml,1172a7ed4143115eb17e6d822350d66d7813f687eeb72e74c7a9685aa50d4e54,crates/water/Cargo.toml,crates/water/config.json
post-refactor-20b,PR117-M1042,water-rs-main,crates/water/src,2,crates/water/src/globals.rs,a2e705a703b13907b4f2421712fb45dc69b71e7dd33067a841cb2bec781786ec,crates/water/src/globals.rs,crates/water/src/lib.rs
post-refactor-20b,PR117-M1043,water-rs-main,crates/water/src/config,2,crates/water/src/config/mod.rs,fbc9b582b8ea2557b60d5e3ddc1b5190c096e790a1548337d5a18e3bf817634a,crates/water/src/config/mod.rs,crates/water/src/config/wasm_shared_config.rs
post-refactor-20b,PR117-M1044,water-rs-main,crates/water/src/runtime,9,crates/water/src/runtime/client.rs,e71db632b67cfdf15a0226f0f6b0f5ad4d8b749894113f1b87a07472be9bba05,crates/water/src/runtime/client.rs,crates/water/src/runtime/version.rs
post-refactor-20b,PR117-M1045,water-rs-main,crates/water/src/runtime/net,1,crates/water/src/runtime/net/mod.rs,89a5668dba991de7db9f7736007cd38f4dfa49111a0ffd4399e1f12aa40db3c1,crates/water/src/runtime/net/mod.rs,crates/water/src/runtime/net/mod.rs
post-refactor-20b,PR117-M1046,water-rs-main,crates/water/src/runtime/v0,6,crates/water/src/runtime/v0/config.rs,e5462b9c120f69380bf3fce25fde4a9bab661333e26bbae745a291fa9be34b50,crates/water/src/runtime/v0/config.rs,crates/water/src/runtime/v0/stream.rs
post-refactor-20b,PR117-M1047,water-rs-main,crates/water/src/runtime/v1,4,crates/water/src/runtime/v1/funcs.rs,b781eaf602ff9d362723aad015bc337dfa86c9849274de179d29cddb58e07d29,crates/water/src/runtime/v1/funcs.rs,crates/water/src/runtime/v1/stream.rs
post-refactor-20b,PR117-M1048,water-rs-main,crates/water/src/runtime/version_common,2,crates/water/src/runtime/version_common/funcs.rs,70617591247612273731b324f0aa1bb0d45d1f764cd4519bd04b253c4aa5585c,crates/water/src/runtime/version_common/funcs.rs,crates/water/src/runtime/version_common/mod.rs
post-refactor-20b,PR117-M1049,water-rs-main,crates/watm,1,crates/watm/Cargo.toml,d782a024a00390226a644f38921d964a7485f996ca488d165e3b95f125747302,crates/watm/Cargo.toml,crates/watm/Cargo.toml
post-refactor-20b,PR117-M1050,water-rs-main,crates/watm/.cargo,1,crates/watm/.cargo/config,8ff54fd47c489d9ff2003293deb337cf00ca9e6c9e95e76e65ba656d8c5dc23a,crates/watm/.cargo/config,crates/watm/.cargo/config
post-refactor-20b,PR117-M1051,water-rs-main,crates/watm/src,7,crates/watm/src/config.rs,003577072b70f75ef570d3fd2954bda61a3a629c003ba6de359c0c8043b6a8ee,crates/watm/src/config.rs,crates/watm/src/version.rs
post-refactor-20b,PR117-M1052,water-rs-main,crates/watm/src/net,2,crates/watm/src/net/mod.rs,a55af3f1719243073f45b045a9391d80648ed048b806c27b78442fb045812267,crates/watm/src/net/mod.rs,crates/watm/src/net/tls.rs
post-refactor-20b,PR117-M1053,water-rs-main,crates/watm_v0,2,crates/watm_v0/Cargo.toml,754e1d4029feb3e6f846fdf3aa1989d3a0b728ccf2bc74da0100a34b31a44d2a,crates/watm_v0/Cargo.toml,crates/watm_v0/README.md
post-refactor-20b,PR117-M1054,water-rs-main,crates/watm_v0/.cargo,1,crates/watm_v0/.cargo/config,8ff54fd47c489d9ff2003293deb337cf00ca9e6c9e95e76e65ba656d8c5dc23a,crates/watm_v0/.cargo/config,crates/watm_v0/.cargo/config
post-refactor-20b,PR117-M1055,water-rs-main,crates/watm_v0/src,4,crates/watm_v0/src/common.rs,8e1e5038481532ae4d30e1e7d0a7397e0b30b04283cbe4f74a582d564ba1b592,crates/watm_v0/src/common.rs,crates/watm_v0/src/v0plus.rs
post-refactor-20b,PR117-M1056,water-rs-main,examples/clients/cli,2,examples/clients/cli/Cargo.toml,80f800fffc9a89c8242ceb1a52a3ca539818a727e9616d228405c75617cdea70,examples/clients/cli/Cargo.toml,examples/clients/cli/README.md
post-refactor-20b,PR117-M1057,water-rs-main,examples/clients/cli/demo_configs,3,examples/clients/cli/demo_configs/ss_config.json,bd608a21bb126bb29a5f5d9c15be11a5c9e0b822099167883a8275a99f00266e,examples/clients/cli/demo_configs/ss_config.json,examples/clients/cli/demo_configs/v0_relay_config.json
post-refactor-20b,PR117-M1058,water-rs-main,examples/clients/cli/demo_wasm,4,examples/clients/cli/demo_wasm/echo_client.wasm,5b0c724c7dd21157c25ebc020b1e6fd2d4dfdb5b0f29ff65d39c85fb354e38eb,examples/clients/cli/demo_wasm/echo_client.wasm,examples/clients/cli/demo_wasm/ss_client_wasm.wasm
post-refactor-20b,PR117-M1059,water-rs-main,examples/clients/cli/src,2,examples/clients/cli/src/cli.rs,26e14646e26b328746bd626db8c769f0bacfdba3a25d9174abcbacbef719415d,examples/clients/cli/src/cli.rs,examples/clients/cli/src/main.rs
post-refactor-20b,PR117-M1060,water-rs-main,examples/water_bins,1,examples/water_bins/README.md,c8cf14221148beaf53c0890b045721184226d30abdfb665dad02c82637da3b3f,examples/water_bins/README.md,examples/water_bins/README.md
post-refactor-20b,PR117-M1061,water-rs-main,examples/water_bins/echo_client,3,examples/water_bins/echo_client/Cargo.toml,3c9d48940e934ec7ae52f7982efb50fa8010d1a84d56e8170f518a6e87d5c505,examples/water_bins/echo_client/Cargo.toml,examples/water_bins/echo_client/echo_client.wasm
post-refactor-20b,PR117-M1062,water-rs-main,examples/water_bins/echo_client/.cargo,1,examples/water_bins/echo_client/.cargo/config,8ff54fd47c489d9ff2003293deb337cf00ca9e6c9e95e76e65ba656d8c5dc23a,examples/water_bins/echo_client/.cargo/config,examples/water_bins/echo_client/.cargo/config
post-refactor-20b,PR117-M1063,water-rs-main,examples/water_bins/echo_client/src,2,examples/water_bins/echo_client/src/async_socks5_listener.rs,33091680ab71562726daa797240be935f6452f3ee98ceccf8f0b803351c60640,examples/water_bins/echo_client/src/async_socks5_listener.rs,examples/water_bins/echo_client/src/lib.rs
post-refactor-20b,PR117-M1064,water-rs-main,examples/water_bins/plain_v0,2,examples/water_bins/plain_v0/Cargo.toml,a01eec985cf813909a46b0dd6f0caecf4dceb1003a3fd4ecf50b3738ef784d7f,examples/water_bins/plain_v0/Cargo.toml,examples/water_bins/plain_v0/plain.wasm
post-refactor-20b,PR117-M1065,water-rs-main,examples/water_bins/plain_v0/.cargo,1,examples/water_bins/plain_v0/.cargo/config,8ff54fd47c489d9ff2003293deb337cf00ca9e6c9e95e76e65ba656d8c5dc23a,examples/water_bins/plain_v0/.cargo/config,examples/water_bins/plain_v0/.cargo/config
post-refactor-20b,PR117-M1066,water-rs-main,examples/water_bins/plain_v0/src,1,examples/water_bins/plain_v0/src/lib.rs,851ffa61181acd59efd937601d4729b65134cfa2be5f9172d78563043ec13653,examples/water_bins/plain_v0/src/lib.rs,examples/water_bins/plain_v0/src/lib.rs
post-refactor-20b,PR117-M1067,water-rs-main,examples/water_bins/reverse_v0,2,examples/water_bins/reverse_v0/Cargo.toml,49cd21397bf446b95ea3eab9a5b80d7dad22c4c21447ec1cab2db77e0f665c96,examples/water_bins/reverse_v0/Cargo.toml,examples/water_bins/reverse_v0/reverse.wasm
post-refactor-20b,PR117-M1068,water-rs-main,examples/water_bins/reverse_v0/.cargo,1,examples/water_bins/reverse_v0/.cargo/config,8ff54fd47c489d9ff2003293deb337cf00ca9e6c9e95e76e65ba656d8c5dc23a,examples/water_bins/reverse_v0/.cargo/config,examples/water_bins/reverse_v0/.cargo/config
post-refactor-20b,PR117-M1069,water-rs-main,examples/water_bins/reverse_v0/src,1,examples/water_bins/reverse_v0/src/lib.rs,a11fbfeaf3038cefb821bba13002deb59d2b42fe4af71f12ca469b0a22339f59,examples/water_bins/reverse_v0/src/lib.rs,examples/water_bins/reverse_v0/src/lib.rs
post-refactor-20b,PR117-M1070,water-rs-main,examples/water_bins/ss_client_wasm_v1,3,examples/water_bins/ss_client_wasm_v1/Cargo.toml,1614450df018bd7dd8f274b13ccd3db1ce2f7d1283c914173eb9fa1394bfbf97,examples/water_bins/ss_client_wasm_v1/Cargo.toml,examples/water_bins/ss_client_wasm_v1/ss_client_wasm.wasm
post-refactor-20b,PR117-M1071,water-rs-main,examples/water_bins/ss_client_wasm_v1/.cargo,1,examples/water_bins/ss_client_wasm_v1/.cargo/config,8ff54fd47c489d9ff2003293deb337cf00ca9e6c9e95e76e65ba656d8c5dc23a,examples/water_bins/ss_client_wasm_v1/.cargo/config,examples/water_bins/ss_client_wasm_v1/.cargo/config
post-refactor-20b,PR117-M1072,water-rs-main,examples/water_bins/ss_client_wasm_v1/src,8,examples/water_bins/ss_client_wasm_v1/src/aead.rs,b3f156bbec11f8a81911857fb87a361f0d7b0e31e116baaac1965d83619dd08a,examples/water_bins/ss_client_wasm_v1/src/aead.rs,examples/water_bins/ss_client_wasm_v1/src/water.rs
post-refactor-20b,PR117-M1073,water-rs-main,scripts,2,scripts/build_wasm_targets.sh,623d0a5c20590049a151aa31f1156ffdecea13dd28e79630f48fbd055e902e50,scripts/build_wasm_targets.sh,scripts/make_and_opt_wasm.sh
post-refactor-20b,PR117-M1074,water-rs-main,tests,1,tests/Cargo.toml,14e47059b69a4688cddb182c5006d96ca302133e64aee787f5d3941a3b72ad87,tests/Cargo.toml,tests/Cargo.toml
post-refactor-20b,PR117-M1075,water-rs-main,tests/benches,1,tests/benches/benchmarking_v0.rs,2d99862d57a21831b73747486dbfaf3e415be487bab7c20c35b523e319dd2f0e,tests/benches/benchmarking_v0.rs,tests/benches/benchmarking_v0.rs
post-refactor-20b,PR117-M1076,water-rs-main,tests/test_data,1,tests/test_data/config.json,0c7718660a592eb3d83c9dec2ba86ca3c0897c56d4032474d9f1fc7c7883e1e3,tests/test_data/config.json,tests/test_data/config.json
post-refactor-20b,PR117-M1077,water-rs-main,tests/test_wasm,5,tests/test_wasm/echo_client.wasm,5b0c724c7dd21157c25ebc020b1e6fd2d4dfdb5b0f29ff65d39c85fb354e38eb,tests/test_wasm/echo_client.wasm,tests/test_wasm/ss_client_wasm.wasm
post-refactor-20b,PR117-M1078,water-rs-main,tests/tests,4,tests/tests/echo_tests.rs,fd80a22082aaca3334d54000ceb73ce48a4e8943de404124654f6776774d12d6,tests/tests/echo_tests.rs,tests/tests/v0_plus_tests.rs
post-refactor-20b,PR117-M1079,website-master,@root,9,.gitignore,22043ad531e5d4028726a94705a0650987661949d37832ca62182869a61df817,.gitignore,build.xml
post-refactor-20b,PR117-M1080,website-master,src/main/R/rserver,4,src/main/R/rserver/no-data-available.pdf,130b90abb73fc0ed37b0fa79a6a108d3b4e6a39794a9cedcf057400ae9b7af36,src/main/R/rserver/no-data-available.pdf,src/main/R/rserver/rserve-init.R
post-refactor-20b,PR117-M1081,website-master,src/main/java/org/torproject/metrics/stats/advbwdist,1,src/main/java/org/torproject/metrics/stats/advbwdist/Main.java,b787dbc1dc9ca264ea1bb64796ebb6661c749390d2890ae0464b70acd2967c23,src/main/java/org/torproject/metrics/stats/advbwdist/Main.java,src/main/java/org/torproject/metrics/stats/advbwdist/Main.java
post-refactor-20b,PR117-M1082,website-master,src/main/java/org/torproject/metrics/stats/bridgedb,1,src/main/java/org/torproject/metrics/stats/bridgedb/Main.java,26d796f89054733104d53db97a0ff4b7efce5613c5c1dd76e8da2f9c5cc94d3d,src/main/java/org/torproject/metrics/stats/bridgedb/Main.java,src/main/java/org/torproject/metrics/stats/bridgedb/Main.java
post-refactor-20b,PR117-M1083,website-master,src/main/java/org/torproject/metrics/stats/bwhist,3,src/main/java/org/torproject/metrics/stats/bwhist/Main.java,604fce9d4d00a072d174e353f159d9fd1be767f9623dfe5983f49fb45568e1e1,src/main/java/org/torproject/metrics/stats/bwhist/Main.java,src/main/java/org/torproject/metrics/stats/bwhist/Writer.java
post-refactor-20b,PR117-M1084,website-master,src/main/java/org/torproject/metrics/stats/clients,4,src/main/java/org/torproject/metrics/stats/clients/Database.java,dfcb6504fe522f918b253a13ea7b43ac988914bec9cc0f7aceba99a13ec91c13,src/main/java/org/torproject/metrics/stats/clients/Database.java,src/main/java/org/torproject/metrics/stats/clients/Writer.java
post-refactor-20b,PR117-M1085,website-master,src/main/java/org/torproject/metrics/stats/collectdescs,1,src/main/java/org/torproject/metrics/stats/collectdescs/Main.java,54b528c2ff0087e22e4f3a091dd28b283f36e2d057047f6df032702d16b54789,src/main/java/org/torproject/metrics/stats/collectdescs/Main.java,src/main/java/org/torproject/metrics/stats/collectdescs/Main.java
post-refactor-20b,PR117-M1086,website-master,src/main/java/org/torproject/metrics/stats/connbidirect,1,src/main/java/org/torproject/metrics/stats/connbidirect/Main.java,acdcfc3b1e66069d1f939b7b0b40b41237ccac0ef8330fcfdb42bb092773089d,src/main/java/org/torproject/metrics/stats/connbidirect/Main.java,src/main/java/org/torproject/metrics/stats/connbidirect/Main.java
post-refactor-20b,PR117-M1087,website-master,src/main/java/org/torproject/metrics/stats/hidserv,11,src/main/java/org/torproject/metrics/stats/hidserv/Aggregator.java,146caec3fe182b40525a609b6643a7bb357b8235fffbf12ce3ed91dd169429ea,src/main/java/org/torproject/metrics/stats/hidserv/Aggregator.java,src/main/java/org/torproject/metrics/stats/hidserv/Simulate.java
post-refactor-20b,PR117-M1088,website-master,src/main/java/org/torproject/metrics/stats/main,1,src/main/java/org/torproject/metrics/stats/main/Main.java,fc7ec226daf9b31a9d4d3ac849edc7e52694376cb662304975c812efb733adfd,src/main/java/org/torproject/metrics/stats/main/Main.java,src/main/java/org/torproject/metrics/stats/main/Main.java
post-refactor-20b,PR117-M1089,website-master,src/main/java/org/torproject/metrics/stats/onionperf,1,src/main/java/org/torproject/metrics/stats/onionperf/Main.java,2f4c79638be0564e2d869c17639525e1a5cf34bdb30edde998910489c0dac4bb,src/main/java/org/torproject/metrics/stats/onionperf/Main.java,src/main/java/org/torproject/metrics/stats/onionperf/Main.java
post-refactor-20b,PR117-M1090,website-master,src/main/java/org/torproject/metrics/stats/servers,6,src/main/java/org/torproject/metrics/stats/servers/Database.java,a96866c3cd48dc3c85c64b27953b58377784a778a9485b197486a4122c5acb4b,src/main/java/org/torproject/metrics/stats/servers/Database.java,src/main/java/org/torproject/metrics/stats/servers/Writer.java
post-refactor-20b,PR117-M1091,website-master,src/main/java/org/torproject/metrics/stats/totalcw,6,src/main/java/org/torproject/metrics/stats/totalcw/Database.java,08e1ce7d292bfc9af4cc9ab4439b2e0673b82e91172abac2f4882ec27649565c,src/main/java/org/torproject/metrics/stats/totalcw/Database.java,src/main/java/org/torproject/metrics/stats/totalcw/Writer.java
post-refactor-20b,PR117-M1092,website-master,src/main/java/org/torproject/metrics/stats/webstats,1,src/main/java/org/torproject/metrics/stats/webstats/Main.java,5ba700860541a8f9a229c982b468a201cf1b9faf5bccfb5c8f0db98d1d8ed16b,src/main/java/org/torproject/metrics/stats/webstats/Main.java,src/main/java/org/torproject/metrics/stats/webstats/Main.java
post-refactor-20b,PR117-M1093,website-master,src/main/java/org/torproject/metrics/web,39,src/main/java/org/torproject/metrics/web/AboutServlet.java,3e5b47d7875af13a172dd539d240d161360b3da7af2a24dd5f4a3f0462f46ccf,src/main/java/org/torproject/metrics/web/AboutServlet.java,src/main/java/org/torproject/metrics/web/UpdateNews.java
post-refactor-20b,PR117-M1094,website-master,src/main/python,1,src/main/python/fallback_dir.py,396d4ed3cf611c4ab2e62b51d93c6402f7d1109102b6f393848fc4da12dae518,src/main/python/fallback_dir.py,src/main/python/fallback_dir.py
post-refactor-20b,PR117-M1095,website-master,src/main/resources,4,src/main/resources/bootstrap-development.sh,348669e13362398e1579da0f85bd86370195abf27d8bac621fd4ec1b69d3eb8c,src/main/resources/bootstrap-development.sh,src/main/resources/web.xml
post-refactor-20b,PR117-M1096,website-master,src/main/resources/doc,1,src/main/resources/doc/users-q-and-a.txt,4834806d9e1a404638499ff3b4ae63500515ffffc8562f586784a39a25b37ef4,src/main/resources/doc/users-q-and-a.txt,src/main/resources/doc/users-q-and-a.txt
post-refactor-20b,PR117-M1097,website-master,src/main/resources/graphviz,1,src/main/resources/graphviz/ecosystem.gv,5de5440e7f93f81204187fb7f52f9aae06e989334ca974f6271560bbe7860e68,src/main/resources/graphviz/ecosystem.gv,src/main/resources/graphviz/ecosystem.gv
post-refactor-20b,PR117-M1098,website-master,src/main/resources/spec,8,src/main/resources/spec/README.txt,b25a77564882a1b3c1388a3112273ad0cc12faec7ef025f313faae61df1e6d18,src/main/resources/spec/README.txt,src/main/resources/spec/web-server-logs.xml
post-refactor-20b,PR117-M1099,website-master,src/main/resources/web/css,5,src/main/resources/web/css/atlas.css,039605a4624561a4112bc892bcb531f4b9d361484c0461d9ad35fbbedfb4cad7,src/main/resources/web/css/atlas.css,src/main/resources/web/css/style.css
post-refactor-20b,PR117-M1100,website-master,src/main/resources/web/fonts,12,src/main/resources/web/fonts/FontAwesome.otf,444dd4366615ffc4a16d012b2fa90137065d3ccb410fa6fd5e4ddd7b5e4ffcd5,src/main/resources/web/fonts/FontAwesome.otf,src/main/resources/web/fonts/source-sans-pro.css
post-refactor-20b,PR117-M1101,website-master,src/main/resources/web/fonts/EOT,12,src/main/resources/web/fonts/EOT/SourceSansPro-Black.eot,016f39f60f6bb934f0ab6393005916f7b0fdd2bc52b6b2e847fb35e81fcc155f,src/main/resources/web/fonts/EOT/SourceSansPro-Black.eot,src/main/resources/web/fonts/EOT/SourceSansPro-SemiboldIt.eot
post-refactor-20b,PR117-M1102,website-master,src/main/resources/web/fonts/OTF,12,src/main/resources/web/fonts/OTF/SourceSansPro-Black.otf,e447cd47a62874dc94d6ab97a84dbeb7f2f0aba3e490b9f0128b6c8399a96f37,src/main/resources/web/fonts/OTF/SourceSansPro-Black.otf,src/main/resources/web/fonts/OTF/SourceSansPro-SemiboldIt.otf
post-refactor-20b,PR117-M1103,website-master,src/main/resources/web/fonts/TTF,12,src/main/resources/web/fonts/TTF/SourceSansPro-Black.ttf,1e59595ebe0445db9bcea5de0d0fa2e08766809d1c97789d938b71a77ecf3cf5,src/main/resources/web/fonts/TTF/SourceSansPro-Black.ttf,src/main/resources/web/fonts/TTF/SourceSansPro-SemiboldIt.ttf
post-refactor-20b,PR117-M1104,website-master,src/main/resources/web/fonts/WOFF/OTF,12,src/main/resources/web/fonts/WOFF/OTF/SourceSansPro-Black.otf.woff,9f418a17c5e74c65aa64d5b0d2b28ef01415406a05d72f0b0ec71f789a1c531f,src/main/resources/web/fonts/WOFF/OTF/SourceSansPro-Black.otf.woff,src/main/resources/web/fonts/WOFF/OTF/SourceSansPro-SemiboldIt.otf.woff
post-refactor-20b,PR117-M1105,website-master,src/main/resources/web/fonts/WOFF/TTF,12,src/main/resources/web/fonts/WOFF/TTF/SourceSansPro-Black.ttf.woff,b420de355e205983fae5a90d1ca278491fd6e0613e0e5f3a2c4cbc1de20768e5,src/main/resources/web/fonts/WOFF/TTF/SourceSansPro-Black.ttf.woff,src/main/resources/web/fonts/WOFF/TTF/SourceSansPro-SemiboldIt.ttf.woff
post-refactor-20b,PR117-M1106,website-master,src/main/resources/web/fonts/WOFF2/OTF,12,src/main/resources/web/fonts/WOFF2/OTF/SourceSansPro-Black.otf.woff2,5eacdb6ce7bb56fd666cb4cd89378c1560e44c1481b56cc51e835f99574390fe,src/main/resources/web/fonts/WOFF2/OTF/SourceSansPro-Black.otf.woff2,src/main/resources/web/fonts/WOFF2/OTF/SourceSansPro-SemiboldIt.otf.woff2
post-refactor-20b,PR117-M1107,website-master,src/main/resources/web/fonts/WOFF2/TTF,12,src/main/resources/web/fonts/WOFF2/TTF/SourceSansPro-Black.ttf.woff2,cc1ee781508ebbae00d923c7fc67fc8c04d1245a2550792f64063a41872044ed,src/main/resources/web/fonts/WOFF2/TTF/SourceSansPro-Black.ttf.woff2,src/main/resources/web/fonts/WOFF2/TTF/SourceSansPro-SemiboldIt.ttf.woff2
post-refactor-20b,PR117-M1108,website-master,src/main/resources/web/images,20,src/main/resources/web/images/ajax-loader.gif,aebc793d0064383ee6b1625bf3bb32532ec30a5c12bf9117066107d412119123,src/main/resources/web/images/ajax-loader.gif,src/main/resources/web/images/widetile.png
post-refactor-20b,PR117-M1109,website-master,src/main/resources/web/images/cc#chunk1,100,src/main/resources/web/images/cc/_abkhazia.png,9791b083a0e680aa175ce4849b13494307aa08344fa3b3091c5c7f27555ada6b,src/main/resources/web/images/cc/_abkhazia.png,src/main/resources/web/images/cc/gd.png
post-refactor-20b,PR117-M1174,website-master,src/main/resources/web/images/cc#chunk2,100,src/main/resources/web/images/cc/ge.png,6ea84c95930c2db034406d600e8583e9605915c9aa029ea45fb98384c032cab7,src/main/resources/web/images/cc/ge.png,src/main/resources/web/images/cc/ph.png
post-refactor-20b,PR117-M1175,website-master,src/main/resources/web/images/cc#chunk3,73,src/main/resources/web/images/cc/pk.png,95b4d14feeea2bab950a89a269c66f255de5f9c7167ad1ce075a967ad9a9e516,src/main/resources/web/images/cc/pk.png,src/main/resources/web/images/cc/zw.png
post-refactor-20b,PR117-M1110,website-master,src/main/resources/web/images/flags,34,src/main/resources/web/images/flags/authority.png,ae1b3f9ad99dadb5b799ab4a5ead7f86178e7900e4e8cdafff02d1e9add6fc53,src/main/resources/web/images/flags/authority.png,src/main/resources/web/images/flags/valid.png
post-refactor-20b,PR117-M1111,website-master,src/main/resources/web/js,6,src/main/resources/web/js/bootstrap.min.js,c1a0b8ca48c4b35d6daa00374af2b121c179b61329bf5bc15d1576141e9f1d48,src/main/resources/web/js/bootstrap.min.js,src/main/resources/web/js/script.js
post-refactor-20b,PR117-M1112,website-master,src/main/resources/web/js/rs,8,src/main/resources/web/js/rs/app.build.js,32f8cb16e84d8c21a96e4cc806d2ede51243e1f691d7be40e95fcf10f3b2d7c5,src/main/resources/web/js/rs/app.build.js,src/main/resources/web/js/rs/router.js
post-refactor-20b,PR117-M1113,website-master,src/main/resources/web/js/rs/collections,2,src/main/resources/web/js/rs/collections/aggregates.js,7f18a2508bd4c43e12082d83d6cf05fe66616c6f8289417681bd07294745a331,src/main/resources/web/js/rs/collections/aggregates.js,src/main/resources/web/js/rs/collections/results.js
post-refactor-20b,PR117-M1114,website-master,src/main/resources/web/js/rs/libs/backbone,1,src/main/resources/web/js/rs/libs/backbone/backbone.min.js,d1ab688fac5538952804cf15a793c5cb0c0b2c4f9a365dacbe2e10f54599f9d4,src/main/resources/web/js/rs/libs/backbone/backbone.min.js,src/main/resources/web/js/rs/libs/backbone/backbone.min.js
post-refactor-20b,PR117-M1115,website-master,src/main/resources/web/js/rs/libs/bootstrap,1,src/main/resources/web/js/rs/libs/bootstrap/bootstrap.min.js,4a4de7903ea62d330e17410ea4db6c22bcbeb350ac6aa402d6b54b4c0cbed327,src/main/resources/web/js/rs/libs/bootstrap/bootstrap.min.js,src/main/resources/web/js/rs/libs/bootstrap/bootstrap.min.js
post-refactor-20b,PR117-M1116,website-master,src/main/resources/web/js/rs/libs/d3js,6,src/main/resources/web/js/rs/libs/d3js/d3-array.v1.min.js,7c69650631e1ccc4dba80af2422c9e2f1270391c01f971918568a523688f5e2d,src/main/resources/web/js/rs/libs/d3js/d3-array.v1.min.js,src/main/resources/web/js/rs/libs/d3js/topojson.v1.min.js
post-refactor-20b,PR117-M1117,website-master,src/main/resources/web/js/rs/libs/datatables,4,src/main/resources/web/js/rs/libs/datatables/dataTables.Sorting.js,b49fe52ee37c101f09bf1d38551f6ea6d7375f50fcdd1c2282ff9c12a9c0c52f,src/main/resources/web/js/rs/libs/datatables/dataTables.Sorting.js,src/main/resources/web/js/rs/libs/datatables/jquery.dataTables.min.js
post-refactor-20b,PR117-M1118,website-master,src/main/resources/web/js/rs/libs/jssha,1,src/main/resources/web/js/rs/libs/jssha/sha1.js,4aef45193ab8914866ca95332d51645f62674c1ed7aa53af442bdb1421cf7d28,src/main/resources/web/js/rs/libs/jssha/sha1.js,src/main/resources/web/js/rs/libs/jssha/sha1.js
post-refactor-20b,PR117-M1119,website-master,src/main/resources/web/js/rs/libs/require,2,src/main/resources/web/js/rs/libs/require/require.js,55723e64f42b1751419803799a21651fdcfa9fb1df025344a07f5b619fc09155,src/main/resources/web/js/rs/libs/require/require.js,src/main/resources/web/js/rs/libs/require/text.js
post-refactor-20b,PR117-M1120,website-master,src/main/resources/web/js/rs/libs/underscore,1,src/main/resources/web/js/rs/libs/underscore/underscore-min.js,4b328e42c558197d5b99d7727cfcc60bac9763fad660651230e8baf93f6067ed,src/main/resources/web/js/rs/libs/underscore/underscore-min.js,src/main/resources/web/js/rs/libs/underscore/underscore-min.js
post-refactor-20b,PR117-M1121,website-master,src/main/resources/web/js/rs/models,3,src/main/resources/web/js/rs/models/aggregate.js,2db75e4915b5c11cb27272b6f3bdbcec506ccf03f5653c30a1cab767e4790e69,src/main/resources/web/js/rs/models/aggregate.js,src/main/resources/web/js/rs/models/relay.js
post-refactor-20b,PR117-M1122,website-master,src/main/resources/web/js/rs/views/aggregate,2,src/main/resources/web/js/rs/views/aggregate/map.js,567b19661c41b03b56bb515ff6cbd7da684e8d2d96632c398725edc50795db8f,src/main/resources/web/js/rs/views/aggregate/map.js,src/main/resources/web/js/rs/views/aggregate/search.js
post-refactor-20b,PR117-M1123,website-master,src/main/resources/web/js/rs/views/details,1,src/main/resources/web/js/rs/views/details/main.js,e1f71ffea4a0ccb188873d610366aa66a6e8a8962adf000def08c64ec3b9be72,src/main/resources/web/js/rs/views/details/main.js,src/main/resources/web/js/rs/views/details/main.js
post-refactor-20b,PR117-M1124,website-master,src/main/resources/web/js/rs/views/search,2,src/main/resources/web/js/rs/views/search/do.js,53745d6e057c0e6a2e41cd44057ad2acf62efd657f06153481c678531e543521,src/main/resources/web/js/rs/views/search/do.js,src/main/resources/web/js/rs/views/search/main.js
post-refactor-20b,PR117-M1125,website-master,src/main/resources/web/json,5,src/main/resources/web/json/categories.json,4a2b812faa5e176def1876479d66df0f4fc38bbf1e57f6e5ad88b8584f988040,src/main/resources/web/json/categories.json,src/main/resources/web/json/news.json
post-refactor-20b,PR117-M1126,website-master,src/main/resources/web/jsps,29,src/main/resources/web/jsps/about.jsp,4e9507a5c352425541a48abfc0ab710b7b0317dd444c167d8377a27c70514e16,src/main/resources/web/jsps/about.jsp,src/main/resources/web/jsps/web-server-logs.jsp
post-refactor-20b,PR117-M1127,website-master,src/main/resources/web/properties,5,src/main/resources/web/properties/ExoneraTor.properties,3a812b72599435f5537db645389e999f14c023b7d86afccd742cb5857a33897e,src/main/resources/web/properties/ExoneraTor.properties,src/main/resources/web/properties/ExoneraTor_sv.properties
post-refactor-20b,PR117-M1128,website-master,src/main/resources/web/templates/rs/aggregate,2,src/main/resources/web/templates/rs/aggregate/map.html,c0ec1c94212480a55c6334f1c3ceba0fda42bbe1566fed8f58a2ea31bdf288c4,src/main/resources/web/templates/rs/aggregate/map.html,src/main/resources/web/templates/rs/aggregate/search.html
post-refactor-20b,PR117-M1129,website-master,src/main/resources/web/templates/rs/details,3,src/main/resources/web/templates/rs/details/bridge.html,74f59cbc0088e3c450430c149e6a2b23d8bbb9eacf3e462c88c506b70d4a4c89,src/main/resources/web/templates/rs/details/bridge.html,src/main/resources/web/templates/rs/details/router.html
post-refactor-20b,PR117-M1130,website-master,src/main/resources/web/templates/rs/search,2,src/main/resources/web/templates/rs/search/do.html,8abcdf84b3557b501e09de9f76ed392b33d836899526576eb86cc2a3f9133404,src/main/resources/web/templates/rs/search/do.html,src/main/resources/web/templates/rs/search/main.html
post-refactor-20b,PR117-M1131,website-master,src/main/sql/bwhist,1,src/main/sql/bwhist/tordir.sql,f5893d946b3634ca703c31f10beea725ea6391262843b144919e1efd16bf13b8,src/main/sql/bwhist/tordir.sql,src/main/sql/bwhist/tordir.sql
post-refactor-20b,PR117-M1132,website-master,src/main/sql/clients,1,src/main/sql/clients/init-userstats.sql,54dfea1381d7a0aecd4d5c0bfd8a7b591b6e3d95b4c068079a4a847e79bd6465,src/main/sql/clients/init-userstats.sql,src/main/sql/clients/init-userstats.sql
post-refactor-20b,PR117-M1133,website-master,src/main/sql/onionperf,1,src/main/sql/onionperf/init-onionperf.sql,d8c75d3cc9d9189d43edfcd12004337131a86894ea35840c7188a77fba425ef6,src/main/sql/onionperf/init-onionperf.sql,src/main/sql/onionperf/init-onionperf.sql
post-refactor-20b,PR117-M1134,website-master,src/main/sql/servers,1,src/main/sql/servers/init-ipv6servers.sql,6948404f81b29a9f501a074a1557d9efa1fcc8af9236e15092dd50143f858827,src/main/sql/servers/init-ipv6servers.sql,src/main/sql/servers/init-ipv6servers.sql
post-refactor-20b,PR117-M1135,website-master,src/main/sql/totalcw,1,src/main/sql/totalcw/init-totalcw.sql,0f22b2fa61996082201ebe7cea1a6b2c455c50303ae9b7edabd690fe67a4de4b,src/main/sql/totalcw/init-totalcw.sql,src/main/sql/totalcw/init-totalcw.sql
post-refactor-20b,PR117-M1136,website-master,src/main/sql/webstats,1,src/main/sql/webstats/init-webstats.sql,468836a00fb3a68b89c5697d980eb081f593eaeed6e77767447ae5a1df025561,src/main/sql/webstats/init-webstats.sql,src/main/sql/webstats/init-webstats.sql
post-refactor-20b,PR117-M1137,website-master,src/test/java/org/torproject/metrics/stats/advbwdist,1,src/test/java/org/torproject/metrics/stats/advbwdist/MainTest.java,062a04cf57c6da5b3ab1d2ea324166261dab260b305f37e6d188bb7c2e78e8c7,src/test/java/org/torproject/metrics/stats/advbwdist/MainTest.java,src/test/java/org/torproject/metrics/stats/advbwdist/MainTest.java
post-refactor-20b,PR117-M1138,website-master,src/test/java/org/torproject/metrics/stats/connbidirect,1,src/test/java/org/torproject/metrics/stats/connbidirect/MainTest.java,d8c23d56100a08ad846360e7fce2d2b394b61f2197bfbe355abaf73f96bbc595,src/test/java/org/torproject/metrics/stats/connbidirect/MainTest.java,src/test/java/org/torproject/metrics/stats/connbidirect/MainTest.java
post-refactor-20b,PR117-M1139,website-master,src/test/java/org/torproject/metrics/stats/servers,2,src/test/java/org/torproject/metrics/stats/servers/Ipv6NetworkStatusTest.java,6b7db57ccfcfe498fe5884b4e715f26d1c094a6b5309986c6a9364ceb665699f,src/test/java/org/torproject/metrics/stats/servers/Ipv6NetworkStatusTest.java,src/test/java/org/torproject/metrics/stats/servers/Ipv6ServerDescriptorTest.java
post-refactor-20b,PR117-M1140,website-master,src/test/java/org/torproject/metrics/stats/totalcw,1,src/test/java/org/torproject/metrics/stats/totalcw/TotalcwRelayNetworkStatusTest.java,f0029d23f7c9caa4814439ae66698c48cfacf281c388810ebdfe0f169ba0e1e9,src/test/java/org/torproject/metrics/stats/totalcw/TotalcwRelayNetworkStatusTest.java,src/test/java/org/torproject/metrics/stats/totalcw/TotalcwRelayNetworkStatusTest.java
post-refactor-20b,PR117-M1141,website-master,src/test/java/org/torproject/metrics/web,1,src/test/java/org/torproject/metrics/web/DirectoryListingTest.java,c75d403453e5f4f04a236b4b0c96cbfeeb76023edc2e16b01f30b5c29843d5c2,src/test/java/org/torproject/metrics/web/DirectoryListingTest.java,src/test/java/org/torproject/metrics/web/DirectoryListingTest.java
post-refactor-20b,PR117-M1142,website-master,src/test/resources/servers,8,src/test/resources/servers/000a7fe20a17bf5d9839a126b1dff43f998aac6f,dd83ccab13ab74a4eda625ef3ee89bf8b5465fb7391178e22b7eb8d90e264f9d,src/test/resources/servers/000a7fe20a17bf5d9839a126b1dff43f998aac6f,src/test/resources/servers/64dd486d89af14027c9a7b4347a94b74dddb5cdb
post-refactor-20b,PR117-M1143,website-master,src/test/resources/totalcw,5,src/test/resources/totalcw/2018-10-15-00-00-00-consensus.part,3bfba585960339b7bdbf1d5fe449ba0b7aa0e6c6b14024ccbdf5077e7525a388,src/test/resources/totalcw/2018-10-15-00-00-00-consensus.part,src/test/resources/totalcw/2018-10-15-00-00-00-vote-EFCBE720AB3A82B99F9E953CD5BF50F7EEFC7B97-38C6A19F78948B689345EE41D7119D76246C4D3E.part
post-refactor-20b,PR117-M1144,website-master,src/test/sql/ipv6servers,1,src/test/sql/ipv6servers/test-ipv6servers.sql,bd43f67e2f491fd600d392b33e209eb8f0416f9d333e6ac03344cd1296ae8d02,src/test/sql/ipv6servers/test-ipv6servers.sql,src/test/sql/ipv6servers/test-ipv6servers.sql
post-refactor-20b,PR117-M1145,website-master,src/test/sql/userstats,1,src/test/sql/userstats/test-userstats.sql,aad3cba073a797370b193cd03bd45ec7fe5cd30b4122b889f49596d72674b4d5,src/test/sql/userstats/test-userstats.sql,src/test/sql/userstats/test-userstats.sql
post-refactor-20b,PR117-M1146,websocket-main,@root,32,.gitignore,f62e0890c991c82fb90f2b47bb92fa2498004d2a1c835aa57a3525b41810ab89,.gitignore,x_net_proxy.go
post-refactor-20b,PR117-M1147,websocket-main,.circleci,1,.circleci/config.yml,3103e1665e2e2433f830f6fa4262247b56aa0366b54ae9fbe5973eac0b475b4c,.circleci/config.yml,.circleci/config.yml
post-refactor-20b,PR117-M1148,websocket-main,.github,1,.github/release-drafter.yml,9cb8b3b86b6956a5b5f73146e65188082c6414be421e055987128c74c6902cdb,.github/release-drafter.yml,.github/release-drafter.yml
post-refactor-20b,PR117-M1149,wgsocks-main,@root,8,.gitignore,857125de368417aaa9cd9b28a71afa7b96c2abdae94c58463cd13d3b1c31e5c7,.gitignore,tun.go
post-refactor-20b,PR117-M1150,wsnet-master,@root,10,.gitattributes,615fe9a561494fcf8b248185618d344c723bcf81d65c8be83085a331016dc145,.gitattributes,vcpkg.json
post-refactor-20b,PR117-M1151,wsnet-master,cmake,6,cmake/code-coverage.cmake,c73c2e30410b5969aae5d2cae9d528bc323d5a19b4df66e05d62dff15ab25a9e,cmake/code-coverage.cmake,cmake/wsnet_version.h.in
post-refactor-20b,PR117-M1152,wsnet-master,include/wsnet,19,include/wsnet/WSNet.h,cf8533ffbe33abc1e5789152c5a83c0f3eb2a3f9b4ea3f42982136f97ed7d07c,include/wsnet/WSNet.h,include/wsnet/scapix_object.h
post-refactor-20b,PR117-M1153,wsnet-master,resources,3,resources/certs_bundle.pem,4d89992b90f3e177ab1d895c00e8cded6c9009bec9d56981ff4f0a59e9cc56d6,resources/certs_bundle.pem,resources/windscribe_cert.crt
post-refactor-20b,PR117-M1154,wsnet-master,src,5,src/CMakeLists.txt,3f8042bdc5f9365a7c9fe116398e67adf1c70ba0a437ea19bacd4546d6302cb4,src/CMakeLists.txt,src/wsnet.cpp
post-refactor-20b,PR117-M1155,wsnet-master,src/api,3,src/api/CMakeLists.txt,0b694dece424f5af2a824e8c043f13e39eff781274b4f71e010590f3fee60f59,src/api/CMakeLists.txt,src/api/baserequest.h
post-refactor-20b,PR117-M1156,wsnet-master,src/api/bridgeapi,13,src/api/bridgeapi/CMakeLists.txt,ddca30b25cdd259925fdda8329f44fb54bf5f57546ec904dd7a83c569dc2b5c5,src/api/bridgeapi/CMakeLists.txt,src/api/bridgeapi/bridgetokenrequest.h
post-refactor-20b,PR117-M1157,wsnet-master,src/api/serverapi,20,src/api/serverapi/CMakeLists.txt,094ef5cd138b7fe97a5e44ac05546f5affc8caa9e40bb72439e1af27bbec8023,src/api/serverapi/CMakeLists.txt,src/api/serverapi/wsnet_utils_impl.h
post-refactor-20b,PR117-M1158,wsnet-master,src/apiresourcesmanager,7,src/apiresourcesmanager/CMakeLists.txt,2bcb6e0d3ebb0f316d2262db077d1768fe414f31955448eddf24d4af0e47dd07,src/apiresourcesmanager/CMakeLists.txt,src/apiresourcesmanager/sessionstatus.h
post-refactor-20b,PR117-M1159,wsnet-master,src/decoytraffic,5,src/decoytraffic/CMakeLists.txt,bcc3c395596773ccae6f13b352311130da23663b8f3549cb23a975df2d95c455,src/decoytraffic/CMakeLists.txt,src/decoytraffic/decoytraffic_impl.h
post-refactor-20b,PR117-M1160,wsnet-master,src/dnsresolver,9,src/dnsresolver/CMakeLists.txt,94c61ef493462a2a4bab194d1ba81608557da63b4a3a7d31fc47ac191beec1b5,src/dnsresolver/CMakeLists.txt,src/dnsresolver/getdnsconfig_mac.h
post-refactor-20b,PR117-M1161,wsnet-master,src/emergencyconnect,4,src/emergencyconnect/CMakeLists.txt,e098d2434633d3b18a99fce169d99c30a37154edea52c43b670066992992f11d,src/emergencyconnect/CMakeLists.txt,src/emergencyconnect/emergencyconnectendpoint.h
post-refactor-20b,PR117-M1162,wsnet-master,src/failover,4,src/failover/CMakeLists.txt,f3ab3280727f56f62eb4f16296e70da4dcc0887cc7e38f3654a220c3c92207d7,src/failover/CMakeLists.txt,src/failover/ifailovercontainer.h
post-refactor-20b,PR117-M1163,wsnet-master,src/failover/failovers,1,src/failover/failovers/hardcodeddomainfailover.h,667df8213b1af63a54f0435fc8375ff37920e2edb41a1083c3538c4c731a666d,src/failover/failovers/hardcodeddomainfailover.h,src/failover/failovers/hardcodeddomainfailover.h
post-refactor-20b,PR117-M1164,wsnet-master,src/httpnetworkmanager,13,src/httpnetworkmanager/CMakeLists.txt,b3307ff1c0e813e727bf26e21be8f6e5fa9ee79c02bed79def4562dccf037ff1,src/httpnetworkmanager/CMakeLists.txt,src/httpnetworkmanager/httprequest.h
post-refactor-20b,PR117-M1165,wsnet-master,src/pingmanager,16,src/pingmanager/CMakeLists.txt,4333f5628785d70ee5aeaf6e645a698bc4142b194d72781b6141a367d5ba0e57,src/pingmanager/CMakeLists.txt,src/pingmanager/processmanager.h
post-refactor-20b,PR117-M1166,wsnet-master,src/pingmanager/apple,4,src/pingmanager/apple/pingmanager_apple.h,7dbc6cd4247010d657a4cf322ed1c9372e479f153492037a41be2f41816e9091,src/pingmanager/apple/pingmanager_apple.h,src/pingmanager/apple/simple_ping.mm
post-refactor-20b,PR117-M1167,wsnet-master,src/public,1,src/public/CMakeLists.txt,423cd2a5123ed44ab517f501e7668e6ed5734cd308a42a34247271bb13172817,src/public/CMakeLists.txt,src/public/CMakeLists.txt
post-refactor-20b,PR117-M1168,wsnet-master,src/public/failover,3,src/public/failover/CMakeLists.txt,8dacbc0b59e664239a4091e5d8b8a4b3225224e0df83256cf3f1906141d8c71a,src/public/failover/CMakeLists.txt,src/public/failover/failovercontainer.h
post-refactor-20b,PR117-M1169,wsnet-master,src/utils,16,src/utils/CMakeLists.txt,5e90e9271affd7db49e648171ddda02c80002de3b99734719d323f56f23d90d7,src/utils/CMakeLists.txt,src/utils/wsnet_logger.h
post-refactor-20b,PR117-M1170,wsnet-master,tools,3,tools/AndroidManifest.xml,4701464a719d058ae2dedcbb25e91fe63c78fe6d67c0aa19a864e5c316db8459,tools/AndroidManifest.xml,tools/build_ios.sh
