donor,path,sha256,size_bytes,mode,kind,authority,language,high_signal,ui_product,module_record_id,semantic_record_ids,disposition,unresolved
ansible_relayor,.github/ISSUE_TEMPLATE/Bug_report.md,e5bf244ff096e5f22642f4a69cc99b87d2d7b5e1c764471ba6981eddc7b6f079,720,0o644,documentation,authoritative-source,n/a,0,1,PR236-M001,PR236-S001,resolved,0
ansible_relayor,.gitignore,f9bf5596ed759a60b7933bbfd27b271fd8d13ac8a50bf1c4e64871ec4a80363c,30,0o644,repository-administration,derived-or-reference,n/a,0,0,PR236-M002,PR236-S001,resolved,0
ansible_relayor,.kitchen.yml,2637d973d6baa1ce87e7b0b01049118398a57f1ae7be37412a18180c29ed18b9,3188,0o644,configuration,authoritative-source,n/a,1,0,PR236-M002,PR236-S001,resolved,0
ansible_relayor,.travis.yml,6d4c57883b1a985c7a2f0f3fc77178b5458ebfa6ff1f4a2571cd7a69f042f7bc,106,0o644,configuration,authoritative-source,n/a,1,0,PR236-M002,PR236-S001,resolved,0
ansible_relayor,LICENSE,8ceb4b9ee5adedde47b31e975c1d90c73ad27b6b165a1dcd80c7c545eb65b903,35147,0o644,fixture,derived-or-reference,n/a,0,0,PR236-M002,PR236-S001,resolved,0
ansible_relayor,README.md,5100e3aa52eccf1c209d0292db636eb82098a0e9869f090d71bf0c757a3f1ccd,30878,0o644,documentation,authoritative-source,n/a,1,0,PR236-M002,PR236-S001,resolved,0
ansible_relayor,SECURITY.md,e3c134dfc8979cccf0f0ccb3b1fe6b5487d5742ed354e81c60521b9cf50bae7a,98,0o644,documentation,authoritative-source,n/a,1,0,PR236-M002,PR236-S001,resolved,0
ansible_relayor,defaults/main.yml,16d73d1cf776c6e3e1e5607b799f7172e8770cd3cb485ff0190ec98174f67237,9563,0o644,configuration,authoritative-source,n/a,1,0,PR236-M003,PR236-S001;PR236-S027,resolved,0
ansible_relayor,files/deb.torproject.org-keyring.gpg,f2d60f042bae9da3f4857a0a7ce36ea7c945e2cc725c283ae579eb526c844f05,36720,0o644,fixture,derived-or-reference,n/a,0,0,PR236-M004,PR236-S001,resolved,0
ansible_relayor,files/local.conf,ab8c16cc1fd5c1214cb8dcf579f20ede4e7871e35e114934faacca67f9784db0,73,0o644,configuration,authoritative-source,n/a,1,0,PR236-M004,PR236-S001,resolved,0
ansible_relayor,files/tor-generator,8f268e3c539bb2d0c752a7acc06a4f0033d310e25acea87d40a265036a0aa120,752,0o644,fixture,derived-or-reference,n/a,0,0,PR236-M004,PR236-S001,resolved,0
ansible_relayor,handlers/main.yml,908dd99b61a08a3543eca3d16f1b5f55ec84c6ef70c59c06689bea5675fed1b2,2980,0o644,configuration,authoritative-source,n/a,1,0,PR236-M005,PR236-S001,resolved,0
ansible_relayor,meta/main.yml,37146f552da3d973873ae964bef2a6eb0cf4128fb106c2e26e2597e1e8c3c713,428,0o644,configuration,authoritative-source,n/a,1,0,PR236-M006,PR236-S001,resolved,0
ansible_relayor,playbook-examples/exit-relays/10_4_instances_per_IP.yml,4310fcaa67d2045798cabc7e4b2d4358ba13573592f1bdb159b417659de4307e,287,0o644,configuration,authoritative-source,n/a,1,0,PR236-M007,PR236-S001,resolved,0
ansible_relayor,playbook-examples/exit-relays/11_4_instances_per_IP_prometheus.yml,b0b7f7ec141c46acbfe30307b9c69ea04012b4a0d86f365ba921649489459499,354,0o644,configuration,authoritative-source,n/a,1,0,PR236-M007,PR236-S001,resolved,0
ansible_relayor,playbook-examples/exit-relays/12_4_instances_per_IP_prometheus-alertrules.yml,129f599d531eccfd8c1003142f1bb732f6457857556f35d501a486573c37fe55,395,0o644,configuration,authoritative-source,n/a,1,0,PR236-M007,PR236-S001,resolved,0
ansible_relayor,playbook-examples/exit-relays/8_reduced_exitpolicy.yml,63543996aec885fcc1f8dc15ce14902e041aee3ba7ca7fc2bbd7c1f60e9ff0e4,231,0o644,configuration,authoritative-source,n/a,1,0,PR236-M007,PR236-S001,resolved,0
ansible_relayor,playbook-examples/exit-relays/9_custom_exit_policy.yml,85b420fd7f4a5279c9270807a79a102e61377f6c62535db52c48b9b941a73ce3,311,0o644,configuration,authoritative-source,n/a,1,0,PR236-M007,PR236-S001,resolved,0
ansible_relayor,playbook-examples/non-exit-relays/1_contactInfo.yml,3bdd7f23132723ba0ec0f0995262eb370e7f4f4ea23eadbb0932547eca55e0e6,108,0o644,configuration,authoritative-source,n/a,1,0,PR236-M007,PR236-S001,resolved,0
ansible_relayor,playbook-examples/non-exit-relays/2_keyexpiry_90days.yml,983335b0b1e816c5dc931d1f3d1f604c2af3dbe59cf76822abef03ad1f04c18f,144,0o644,configuration,authoritative-source,n/a,1,0,PR236-M007,PR236-S001,resolved,0
ansible_relayor,playbook-examples/non-exit-relays/3_nickname.yml,3040b4359719d5ba62cad1375066fe5fd100fefa0fdf524433453672e237ada5,187,0o644,configuration,authoritative-source,n/a,1,0,PR236-M007,PR236-S001,resolved,0
ansible_relayor,playbook-examples/non-exit-relays/4_custom_ports.yml,b33edeadb3478ef44090782f6db0daacb4a5a0273d14d8b50689baf6b4e8223c,280,0o644,configuration,authoritative-source,n/a,1,0,PR236-M007,PR236-S001,resolved,0
ansible_relayor,playbook-examples/non-exit-relays/5_single_instance.yml,5c8dc24d469cc0847f474b55856d6dea61fe2440fcfb93363d6602c64d1670ea,240,0o644,configuration,authoritative-source,n/a,1,0,PR236-M007,PR236-S001,resolved,0
ansible_relayor,playbook-examples/non-exit-relays/6_four_instances.yml,290d71cbefb8261e280a7d7b9ad899bed91809aa62bbc49826a9243f8ac6a08f,400,0o644,configuration,authoritative-source,n/a,1,0,PR236-M007,PR236-S001,resolved,0
ansible_relayor,playbook-examples/non-exit-relays/7_alpha-apt-repo.yml,e3e87022be997a967d1fd83dc2f6b13d274f5e277e4e29493d3d964bad8ac13f,207,0o644,configuration,authoritative-source,n/a,1,0,PR236-M007,PR236-S001,resolved,0
ansible_relayor,tasks/apt_prepare.yml,9a80cb3cda6b767318c30fab5d0629a9cb09bb2c5fc4e2be3f8b691a98d5b263,2117,0o644,configuration,authoritative-source,n/a,1,0,PR236-M008,PR236-S001,resolved,0
ansible_relayor,tasks/configure.yml,e73884d243d56872908599e3f6fb716509520a201f16df948bd3e1faf6eb2e02,13365,0o644,configuration,authoritative-source,n/a,1,0,PR236-M008,PR236-S001;PR236-S029,resolved,0
ansible_relayor,tasks/freebsd_prepare.yml,abdb5418246b121eff9ba81cb6cca080383060105353d129ad3c1fef123adc71,1238,0o644,configuration,authoritative-source,n/a,1,0,PR236-M008,PR236-S001,resolved,0
ansible_relayor,tasks/freebsd_service.yml,7ec0d89ca7752c98244cf8bd236098d5730cba8a12ee2e3d4ffd4f0a5ba1f9ff,1288,0o644,configuration,authoritative-source,n/a,1,1,PR236-M008,PR236-S001,resolved,0
ansible_relayor,tasks/ip-list.yml,079f5cd49a80f0d778d42e15a1a42c7106a5bf0b2e912349e00fead11fb4eae1,1656,0o644,configuration,authoritative-source,n/a,1,0,PR236-M008,PR236-S001,resolved,0
ansible_relayor,tasks/linux_service.yml,c9ddc0707de5787a72a6ff95df79f81cbb4cd934cb95f465b129099717abdda0,331,0o644,configuration,authoritative-source,n/a,1,1,PR236-M008,PR236-S001,resolved,0
ansible_relayor,tasks/main.yml,d1e2b0a557cee5829bf4e921a71c6b9bc5a8fa949a9dee129cbbe4ac3e76540e,3933,0o644,configuration,authoritative-source,n/a,1,0,PR236-M008,PR236-S001,resolved,0
ansible_relayor,tasks/openbsd_prepare.yml,d757505c0d540a7ff6454fcd85ae42a2f3fcbbb5836cc36053e96f06bf2d1ff9,1066,0o644,configuration,authoritative-source,n/a,1,0,PR236-M008,PR236-S001,resolved,0
ansible_relayor,tasks/openbsd_service.yml,009bfd6cfe869295eb401c17f3d6c317f9f2d95894ae38606fa75321b28bb5a7,942,0o644,configuration,authoritative-source,n/a,1,1,PR236-M008,PR236-S001,resolved,0
ansible_relayor,tasks/rpm_prepare.yml,a1d1e6652d2f8bd9a583ec92aec2f393c046823e17ac3f5aad70b3561e08dc17,1393,0o644,configuration,authoritative-source,n/a,1,0,PR236-M008,PR236-S001,resolved,0
ansible_relayor,templates/cpu-affinity-service-drop-in,2f5a8f43383be43b830ff54ef964d98cdce7e7e252e22f7b1c59d1df3a6d1936,138,0o644,fixture,derived-or-reference,n/a,0,1,PR236-M009,PR236-S001,resolved,0
ansible_relayor,templates/nginx-reverse-proxy-for-metricsport,11c9c8f775bbc9094de5a039c4242610184079c07fc223a6753ed401e365b61f,522,0o644,fixture,derived-or-reference,n/a,0,1,PR236-M009,PR236-S001,resolved,0
ansible_relayor,templates/prometheus-alert-rules,299ea9ea61798be5ab8693bd0821bf34232e0928d3c0e7a1e79033bd4a16f6f7,369,0o644,fixture,derived-or-reference,n/a,0,1,PR236-M009,PR236-S001;PR236-S028,resolved,0
ansible_relayor,templates/prometheus-scrape-configs,7f47b4433f254fdd80bb16d498e90bfc05051204d585c1e807b5404219537a87,2649,0o644,fixture,derived-or-reference,n/a,0,1,PR236-M009,PR236-S001,resolved,0
ansible_relayor,templates/tor-exit-notice.html,29a212f51993fad7d8d29be6cc43bba5c57e2841842a888af273df61538a2509,6587,0o644,fixture,derived-or-reference,n/a,0,1,PR236-M009,PR236-S001,resolved,0
ansible_relayor,templates/torrc,24cf19de46a8cea39a616138c5aeba94a68b67f62bd95bd06eb90b8c2d399dc1,4713,0o644,fixture,derived-or-reference,n/a,0,1,PR236-M009,PR236-S001,resolved,0
ansible_relayor,test/integration/default/2publicIPs-exit-node.yml,f56f78750de6652ade399ff5b6d510625dfa29debb8b8050edfb2ba5df1bf6b2,198,0o644,configuration,authoritative-source,n/a,1,0,PR236-M010,PR236-S001,resolved,0
ansible_relayor,test/integration/default/2publicIPs-guard-metricsport.yml,10861e5f7502e16cefd72c447ff457791a3bec9ec022f769e0975b9c343d6b79,375,0o644,configuration,authoritative-source,n/a,1,0,PR236-M010,PR236-S001,resolved,0
ansible_relayor,test/integration/default/2publicIPs-guard-node.yml,1bcddb4426af250a07bcd70954bb961c6dad7521e6d1fa3edca343fd44ef3881,174,0o644,configuration,authoritative-source,n/a,1,0,PR236-M010,PR236-S001,resolved,0
ansible_relayor,test/integration/default/2publicIPs-guard4-metricsport.yml,15a3fe7699f01a24bffe22582ca43e2fcde2c4060c688cb48f9937853aed6ac4,562,0o644,configuration,authoritative-source,n/a,1,0,PR236-M010,PR236-S001,resolved,0
ansible_relayor,test/integration/default/exit-node.yml,bc64630b2500856d85463d2a0b3a8f5cef31098fd3fcf16b85a6b75bffdc62b6,172,0o644,configuration,authoritative-source,n/a,1,0,PR236-M010,PR236-S001,resolved,0
ansible_relayor,test/integration/default/exit-node4.yml,466a9457d7f91621fdc3e031f611c1c43692ebb203f73fb77e0f7ea9589786fa,385,0o644,configuration,authoritative-source,n/a,1,0,PR236-M010,PR236-S001,resolved,0
ansible_relayor,test/integration/default/exit-per-instance-exitpolicy.yml,23ccbdbff152d09c2bf6811bf34ccc6e69c167d95da3e83fc536ed8943465039,226,0o644,configuration,authoritative-source,n/a,1,0,PR236-M010,PR236-S001,resolved,0
ansible_relayor,test/integration/default/guard-blackbox-exporter.yml,dcca6497a5034dbe12c426970f2d972fd52e0f958203ac6ebfd32a4d9ba556bb,275,0o644,configuration,authoritative-source,n/a,1,0,PR236-M010,PR236-S001,resolved,0
ansible_relayor,test/integration/default/guard-metricsport-blackbox-alertrules.yml,e13777c467d32877774a4bbb606afff1b8b49b137310a4d988b2bb5419eb1e60,457,0o644,configuration,authoritative-source,n/a,1,0,PR236-M010,PR236-S001,resolved,0
ansible_relayor,test/integration/default/guard-metricsport-blackbox-customalertrules.yml,6483c5c81d78b19e409312cd88c5c8f2d52f4cb882b52aaa12998ee7cc1a3a79,674,0o644,configuration,authoritative-source,n/a,1,0,PR236-M010,PR236-S001,resolved,0
ansible_relayor,test/integration/default/guard-metricsport-blackbox.yml,602515739f99ef7cbbc4abb9402ee655bb0bc86898bf381b1aecdcb21064c89b,416,0o644,configuration,authoritative-source,n/a,1,0,PR236-M010,PR236-S001,resolved,0
ansible_relayor,test/integration/default/guard-nightly-metricsport-blackbox.yml,23df45ac74dcd473741216eccbe462aafe9b323c34032c0752ffa27f1f4ab529,378,0o644,configuration,authoritative-source,n/a,1,0,PR236-M010,PR236-S001,resolved,0
ansible_relayor,test/integration/default/guard-nightly-node.yml,3c18c87c6a9cbb585cb2e7c6abf7fe6be94a7d5b374120bdbccfc78a2e7bf93c,177,0o644,configuration,authoritative-source,n/a,1,0,PR236-M010,PR236-S001,resolved,0
ansible_relayor,test/integration/default/guard-node.yml,e556a57b5d2b251e349900d95ab49612ea591396df2690e448a321319fdd872d,211,0o644,configuration,authoritative-source,n/a,1,0,PR236-M010,PR236-S001,resolved,0
ansible_relayor,test/integration/default/guard-node4.yml,9d7bb7598804157c2b523c1059f0054eb1847aa45d51f0f9cf4a0eac0b5ce44e,361,0o644,configuration,authoritative-source,n/a,1,0,PR236-M010,PR236-S001,resolved,0
ansible_relayor,test/integration/default/mixed-node.yml,96eb4e640f874dffd22b45d0c4f9b9f7a90e631b68495e4346ab87d5a6c2b265,218,0o644,configuration,authoritative-source,n/a,1,0,PR236-M010,PR236-S001,resolved,0
ansible_relayor,test/integration/default/vars/dry-run-vars.yml,4abed9edfab0b0d4cc6d7382291e13afe04aef7f87363d24f0d99df20adcdc3b,335,0o644,configuration,authoritative-source,n/a,1,0,PR236-M010,PR236-S001,resolved,0
ansible_relayor,test/integration/default/vars/exit-conf,1b2ead2c17433bb9859143b076386942215be79818af3000f8ec96a635c55dbb,210,0o644,fixture,derived-or-reference,n/a,0,0,PR236-M010,PR236-S001,resolved,0
ansible_relayor,test/integration/default/vars/per-instance-exitpolicy,41e0d8f29ed2114767e3041a9501a3eecdfc04f131bc9c0f07385934dc8ad2e2,245,0o644,fixture,derived-or-reference,n/a,0,0,PR236-M010,PR236-S001,resolved,0
ansible_relayor,test/vagrant_provisions/freebsd_vagrant_provision.rb,bcae2f4677cbfc0daca5b806a57db9a7c7f6dd9b6ccc5db0db228168d5f37d05,305,0o644,implementation,authoritative-source,Ruby,1,0,PR236-M011,PR236-S001,resolved,0
ansible_relayor,test/vagrant_provisions/openbsd_vagrant_provision.rb,eef89b011657d726408250a4d8602ea2ebd7a283caaf9d45540584c6cfad6842,176,0o644,implementation,authoritative-source,Ruby,1,0,PR236-M011,PR236-S001,resolved,0
ansible_relayor,vars/os_Debian.yml,45476e64935e68268e6d8b106554d4655c6f8464b65a212083019501e098c188,229,0o644,configuration,authoritative-source,n/a,1,0,PR236-M012,PR236-S001,resolved,0
ansible_relayor,vars/os_FreeBSD.yml,8e85adad6d3ea14981acfcf72e5536d067613df742031257d56c18b38972c9fa,160,0o644,configuration,authoritative-source,n/a,1,0,PR236-M012,PR236-S001,resolved,0
ansible_relayor,vars/os_OpenBSD.yml,de0d7f22269617b49e0493429038df18693c5e9a16fd4688205abd8d10fe1e89,145,0o644,configuration,authoritative-source,n/a,1,0,PR236-M012,PR236-S001,resolved,0
ansible_relayor,vars/os_RedHat.yml,585eee0933d8b1096c5157305bfba1095f30b059f6dacee517f897500b2c9d8b,100,0o644,configuration,authoritative-source,n/a,1,0,PR236-M012,PR236-S001,resolved,0
ansible_relayor,vars/private_IPv4_only.yml,39c92f5ea024cd2fc5db891ebb7624001dffb5b90fc2200be3a0460ba8c37f44,153,0o644,configuration,authoritative-source,n/a,1,0,PR236-M012,PR236-S001,resolved,0
backhaulmanager,README.md,69fe3d9ff1ad78b9fd6e7df4fdd2b3227ea8db7dabe0c7470deaaa6b8f5b3282,2034,0o644,documentation,authoritative-source,n/a,1,0,PR236-M013,PR236-S002,resolved,0
backhaulmanager,assets/showcase.png,20c9b3ff72a5c38baf4f5f9a98a36a5b5ea0397b334adefdd1703dd9d11deec5,28762,0o644,media,derived-or-reference,n/a,0,0,PR236-M014,PR236-S002,resolved,0
backhaulmanager,backhaul-manager.sh,5588dbc47affce52ba7e21c8ec1a366ac6984be68680540955e1b5d778d7de23,83195,0o644,script,authoritative-source,Shell,1,0,PR236-M013,PR236-S002;PR236-S052,resolved,0
backhaulmanager,linktest.sh,3228e6c001e3c72f4b548334a3047ef4c56300748ee7df8c3a6b76dacd67abec,9917,0o644,script,authoritative-source,Shell,1,0,PR236-M013,PR236-S002;PR236-S053,resolved,0
chutney,.flake8,7f1b1518b6ea148087b73985ab39dfa9597c45a83956092030870d6a72829449,686,0o644,fixture,derived-or-reference,n/a,0,0,PR236-M016,PR236-S003,resolved,0
chutney,.gitignore,865f5b9d9922e63eaeb5bd9dc92ede534e0565c7e2f665c8ad8f14327613aced,50,0o644,repository-administration,derived-or-reference,n/a,0,0,PR236-M016,PR236-S003,resolved,0
chutney,.gitlab/issue_templates/bug.md,14995898292853b71e2c427f75285de410c69007366b4e54ff96ac73eda33e05,648,0o644,documentation,authoritative-source,n/a,0,1,PR236-M015,PR236-S003,resolved,0
chutney,.gitlab/issue_templates/documentation.md,dc59dfa83f559d25a8bba33a0694a123e2cfa2ba313813c9ed143e5ec3cfd895,840,0o644,documentation,authoritative-source,n/a,0,1,PR236-M015,PR236-S003,resolved,0
chutney,.gitlab/issue_templates/feature.md,7770ba19f6824d2fea1468127c017f179979f49cc63920c129601feeca80cb75,133,0o644,documentation,authoritative-source,n/a,0,1,PR236-M015,PR236-S003,resolved,0
chutney,.gitlab/issue_templates/proposal.md,31dde6d76978639ff6e8108cdc0a28e190db09f30ec45225912411d33c3f40df,301,0o644,documentation,authoritative-source,n/a,0,1,PR236-M015,PR236-S003,resolved,0
chutney,.gitlab-ci.yml,95f9aefbddc6d947253e69b62e27dbeb2d4dbfc7ebfe6ae847e3e609659abce7,11598,0o644,configuration,authoritative-source,n/a,1,0,PR236-M016,PR236-S003,resolved,0
chutney,.travis.yml,f8f35b7c7803b17191e8fb639a5a8c7eeb8c9676fe17e95df2368d8755208823,10381,0o644,configuration,authoritative-source,n/a,1,0,PR236-M016,PR236-S003,resolved,0
chutney,CODE_OF_CONDUCT,9f307bd9dc0e8e50812f9bbcf085a4e20d782cf50242e372f1e1cf6b63d42a4c,282,0o644,documentation,authoritative-source,n/a,0,0,PR236-M016,PR236-S003,resolved,0
chutney,LICENSE,29d92dfbbb315d82d8b4ec3c33c776f15641de47edc092d989f7e146bbb72337,309,0o644,fixture,derived-or-reference,n/a,0,0,PR236-M016,PR236-S003,resolved,0
chutney,MANIFEST.in,8844e88c456d93829011c772d08c6dfd2888a1e89ee153fcd6c25529bfd153d0,263,0o644,fixture,derived-or-reference,n/a,0,0,PR236-M016,PR236-S003,resolved,0
chutney,README.md,9fc27e1b190cc6e94a45063ff86293018c9c63e2dacdc2e0edd05e3dc2dcc1d7,16820,0o644,documentation,authoritative-source,n/a,1,0,PR236-M016,PR236-S003,resolved,0
chutney,TODO,08af4c26753b330639a0c1701832b5c450dcb97fef5b5419a1c243ada935abb8,671,0o644,documentation,authoritative-source,n/a,0,0,PR236-M016,PR236-S003,resolved,0
chutney,chutney,4e2970b7e8580613a25f47c4591c0bd9bd143dbc31aac537fb0e2603c9c89e32,1562,0o755,fixture,derived-or-reference,n/a,0,0,PR236-M016,PR236-S003,resolved,0
chutney,ci/tor-gitlab-ci.yml,70d10b3c04032f35398ac51aa8eb04da3a5028eb45af38b9d27d3de0e082cf3d,4374,0o644,configuration,authoritative-source,n/a,1,0,PR236-M017,PR236-S003,resolved,0
chutney,examples/use_as_module.py,53041550b894e6785d452f862f0a88cd55b068a08560042d480df09be9e9f886,794,0o755,implementation,authoritative-source,Python,1,0,PR236-M018,PR236-S003,resolved,0
chutney,lib/chutney/Host.py,dbd86857b270e2a6024a6420dc7fb82fd30bc2de48adebfce1657a86c2b4fc2c,637,0o644,implementation,authoritative-source,Python,1,0,PR236-M019,PR236-S003,resolved,0
chutney,lib/chutney/TorNet.py,5e6caee62acb3fbbe16ace7ce5ad176b744191d5768461669c661760071309b7,90167,0o644,implementation,authoritative-source,Python,1,0,PR236-M019,PR236-S003;PR236-S078,resolved,0
chutney,lib/chutney/Traffic.py,328b9eb61c122e82ae39f42ea5c6792a7d43447316b1be29f2925b095077682a,23759,0o755,implementation,authoritative-source,Python,1,0,PR236-M019,PR236-S003,resolved,0
chutney,lib/chutney/Util.py,48faefb67aa814b93c15f592832785911d102c5ff1267c0e01c1e9f31993ec54,9297,0o644,implementation,authoritative-source,Python,1,0,PR236-M019,PR236-S003,resolved,0
chutney,lib/chutney/__init__.py,f781d9a0696678e330e2dd92a9f96a4082be0573a0cb7d5b1f5477af6d5b82b5,214,0o644,implementation,authoritative-source,Python,1,0,PR236-M019,PR236-S003,resolved,0
chutney,lib/chutney/arti/__init__.py,e3b0c44298fc1c149afbf4c8996fb92427ae41e4649b934ca495991b7852b855,0,0o644,implementation,authoritative-source,Python,1,0,PR236-M019,PR236-S003,resolved,0
chutney,lib/chutney/arti/builder.py,880d28942e18f33b3d1263ae87087b10e49ada2235c452ddf7adb263c90eeeed,12527,0o644,implementation,authoritative-source,Python,1,1,PR236-M019,PR236-S003,resolved,0
chutney,lib/chutney/arti/config.py,12be9c6117a716bcbbee1324cbadca0c0f410215c3e2df5097ed2162da8e04e8,5365,0o644,implementation,authoritative-source,Python,1,0,PR236-M019,PR236-S003,resolved,0
chutney,lib/chutney/arti/controller.py,3eb672ee1239c4a3272cf8ae9ba0369e07339cba9fa74ae088c26192fca4c146,13992,0o644,implementation,authoritative-source,Python,1,1,PR236-M019,PR236-S003,resolved,0
chutney,lib/chutney/chutney_logging.py,afa5f353cfb3230280b7f8a16fdb37d57889eb48cba00f4fd4d51cc92031dcde,532,0o644,implementation,authoritative-source,Python,1,0,PR236-M019,PR236-S003,resolved,0
chutney,lib/chutney/data/networks/basic,3138b0540b0c48e82055f042d9a62d408aa1c824e38ff8ca286c96904db3ced2,265,0o644,fixture,derived-or-reference,n/a,0,0,PR236-M019,PR236-S003,resolved,0
chutney,lib/chutney/data/networks/basic-arti,725f7b495db711b1f86b72332a7bca8a9d9f46a6b353de2a91430b60d4647fb4,387,0o644,fixture,derived-or-reference,n/a,0,0,PR236-M019,PR236-S003,resolved,0
chutney,lib/chutney/data/networks/basic-dual-stack,2677295d30087ef6e768864c5662d3ab3e07e9bc9109a87a9bcb0b7542a161b7,490,0o644,fixture,derived-or-reference,n/a,0,0,PR236-M019,PR236-S003,resolved,0
chutney,lib/chutney/data/networks/basic-families,8ce1a8d5b32ad5012c7168b8f758cdc3b031a3ffc4f6d22e13a35a3cb37d9f39,485,0o644,fixture,derived-or-reference,n/a,0,0,PR236-M019,PR236-S003,resolved,0
chutney,lib/chutney/data/networks/basic-min,d07971f6e78613e71e81bdddc3bc85162fa5962713ed59b599ac58fe0841aa85,379,0o644,fixture,derived-or-reference,n/a,0,0,PR236-M019,PR236-S003,resolved,0
chutney,lib/chutney/data/networks/bridges+hs-v3,bae0fdfda8541f6813a3245af6480e3e92c17a2fe68f7855c884f13288229565,702,0o644,fixture,derived-or-reference,n/a,0,0,PR236-M019,PR236-S003,resolved,0
chutney,lib/chutney/data/networks/bridges+ipv6-min,e45bf1c43a6e25ee4e0a476c3314e95e44720d12cf7c6c584481576eb5f6d992,819,0o644,fixture,derived-or-reference,n/a,0,0,PR236-M019,PR236-S003,resolved,0
chutney,lib/chutney/data/networks/bridges-min,bdd156b1b1e933b3368235a12dd5befc964c5aef69b85c2b357e5c876cd56f8b,740,0o644,fixture,derived-or-reference,n/a,0,0,PR236-M019,PR236-S003,resolved,0
chutney,lib/chutney/data/networks/bridges-min-arti,6b1fde19e0255ebaf146aac684549ccfaabfbd4d5d3eb75d95f90699559283ae,832,0o644,fixture,derived-or-reference,n/a,0,0,PR236-M019,PR236-S003,resolved,0
chutney,lib/chutney/data/networks/bridges-obfs4,79d1af6207f5de79486fb70680027aaa52ff9cf2e05ff646bebe4012ee5eba55,756,0o644,fixture,derived-or-reference,n/a,0,0,PR236-M019,PR236-S003,resolved,0
chutney,lib/chutney/data/networks/bwscanner,52af0121cb06fa2e5da04ff39e1dea25744bd386cc39be9f4287ff943cf804e3,868,0o644,fixture,derived-or-reference,n/a,0,0,PR236-M019,PR236-S003,resolved,0
chutney,lib/chutney/data/networks/hs-ob-v3,344ac1d4e5ff5d4da736345bceb93fe15c69af7773f2d35c916eaeba6ab40232,489,0o644,fixture,derived-or-reference,n/a,0,0,PR236-M019,PR236-S003,resolved,0
chutney,lib/chutney/data/networks/hs-v3,4fa5591d2888c2b7e476e1bd372779e5fa63bf1708c42ef2f2c1d310adac18a5,445,0o644,fixture,derived-or-reference,n/a,0,0,PR236-M019,PR236-S003,resolved,0
chutney,lib/chutney/data/networks/hs-v3-arti,a267786dc5e0614f24ded351add0aa1a283e11a94d4d011fd31099bedee5d8b1,568,0o644,fixture,derived-or-reference,n/a,0,0,PR236-M019,PR236-S003,resolved,0
chutney,lib/chutney/data/networks/hs-v3-ipv6,414243fae3040470f9372b4c29e3b3dec6816518981c1abfbc68621b9f320f8c,1047,0o644,fixture,derived-or-reference,n/a,0,0,PR236-M019,PR236-S003,resolved,0
chutney,lib/chutney/data/networks/hs-v3-min,d7214724b2c777c54fb0808945e250bad020b2e9cd2349a2da516c9a5f9fa901,645,0o644,fixture,derived-or-reference,n/a,0,0,PR236-M019,PR236-S003,resolved,0
chutney,lib/chutney/data/networks/hs-v3-rd-arti,5a4251eda0881077d80364473d3409902911639e7a072d4c7950a47fc2ca79c2,974,0o644,fixture,derived-or-reference,n/a,0,0,PR236-M019,PR236-S003,resolved,0
chutney,lib/chutney/data/networks/ipv6-exit-min,f1ed8213f1e032204c7f8a2c77adbcafcad5ac94bf35790eee121993c2341cf8,441,0o644,fixture,derived-or-reference,n/a,0,0,PR236-M019,PR236-S003,resolved,0
chutney,lib/chutney/data/networks/mixed+hs-v3,60b543c06d0934012d75221814a203fbb203c6346100dd9d6f79706fd2a76a6e,766,0o644,fixture,derived-or-reference,n/a,0,0,PR236-M019,PR236-S003,resolved,0
chutney,lib/chutney/data/networks/mixed+hs-v3-ipv6,a7cc197308f0e8e722d57cde776e98dc76e00076ebf91115becfc1f69bac8790,1394,0o644,fixture,derived-or-reference,n/a,0,0,PR236-M019,PR236-S003,resolved,0
chutney,lib/chutney/data/networks/single-onion-v3,db46084dac55125d6c9620f96ab01293b48aa30e6feab58d42f2af717eb3c599,694,0o644,fixture,derived-or-reference,n/a,0,0,PR236-M019,PR236-S003,resolved,0
chutney,lib/chutney/data/networks/single-onion-v3-ipv6-md,44a1e9d432598d9f90fe995f0d6cf425c5db816fc137eab7bd38060a4cf1b4fb,990,0o644,fixture,derived-or-reference,n/a,0,0,PR236-M019,PR236-S003,resolved,0
chutney,lib/chutney/dirinfo.py,52266ffbf288a4669b3118a40f9f9f8408bcee58006a94edcd0ffc311b1649f8,3581,0o644,implementation,authoritative-source,Python,1,0,PR236-M019,PR236-S003,resolved,0
chutney,lib/chutney/envvars.py,65f054ae263d6d6032c480c0b1cbaf7af8f9e2a6b984dc9b705d2494b8de8ac8,7324,0o644,implementation,authoritative-source,Python,1,0,PR236-M019,PR236-S003,resolved,0
chutney,lib/chutney/errors.py,d5e03385389608736d729eb646f8a071b4d6159db9bf215864a3535d0e1d77a9,2447,0o644,implementation,authoritative-source,Python,1,0,PR236-M019,PR236-S003,resolved,0
chutney,lib/chutney/jsonable.py,f20bea21af064fbd2c88bbb1ddd5267ca4dc6579f539cb4f0a607ddd353634f4,4035,0o644,implementation,authoritative-source,Python,1,0,PR236-M019,PR236-S003,resolved,0
chutney,lib/chutney/known_bins.py,16d27b79321cb93cbc3604e854daa6fceb7eb7527d63bf2771f5aa452fd39f4d,2283,0o644,implementation,authoritative-source,Python,1,0,PR236-M019,PR236-S003,resolved,0
chutney,lib/chutney/launcher.py,7ae25df7405d7dde59bf7b560e88729d5f5f4dc160697f413b4265c50491c969,44073,0o644,implementation,authoritative-source,Python,1,0,PR236-M019,PR236-S003,resolved,0
chutney,lib/chutney/main.py,4b6a5d950a6a04739490af7205e9537917cc718bd3d5dcc6a487013bd6e5fe56,469,0o644,implementation,authoritative-source,Python,1,0,PR236-M019,PR236-S003,resolved,0
chutney,lib/chutney/network_tests/__init__.py,1425ef6771a3555fd9d398288996e32d03860c6d8cd2b2c76d0e6187c7f7f198,292,0o644,implementation,authoritative-source,Python,1,0,PR236-M019,PR236-S003,resolved,0
chutney,lib/chutney/network_tests/verify.py,dba61342eee165402c3c0696e013c6735fbf306c394a246d23e724ba43ec75b7,13909,0o644,implementation,authoritative-source,Python,1,0,PR236-M019,PR236-S003;PR236-S060,resolved,0
chutney,lib/chutney/node_builder.py,929a9d19a6bf85c4e0ed92d93e40d021b78551c85894cabe88568a90c9fa8d25,3250,0o644,implementation,authoritative-source,Python,1,1,PR236-M019,PR236-S003,resolved,0
chutney,lib/chutney/node_controller.py,714f6ac8fd6d86a2b727ac592354b480b3a8c7b16585fbc25abeafa2dd75f9d9,3296,0o644,implementation,authoritative-source,Python,1,1,PR236-M019,PR236-S003,resolved,0
chutney,lib/chutney/py.typed,caee860711c23215ca6510a9823cb96e5a6c52aa57d3d458d29f19dda7137293,82,0o644,fixture,derived-or-reference,n/a,0,0,PR236-M019,PR236-S003,resolved,0
chutney,lib/chutney/shadow_util.py,a58b37caf417dd3dc7a9d0b8555b7c39ff6075ba3309b0addbbc81cad192d208,6474,0o644,implementation,authoritative-source,Python,1,0,PR236-M019,PR236-S003,resolved,0
chutney,lib/chutney/tor/__init__.py,e3b0c44298fc1c149afbf4c8996fb92427ae41e4649b934ca495991b7852b855,0,0o644,implementation,authoritative-source,Python,1,0,PR236-M019,PR236-S003,resolved,0
chutney,lib/chutney/tor/builder.py,2956af19159cc4f9f0b22292ba911e746b0aa129cd5cb7d47037636f4cfc7983,27860,0o644,implementation,authoritative-source,Python,1,1,PR236-M019,PR236-S003,resolved,0
chutney,lib/chutney/tor/controller.py,dadbd7348ca1372da85ff72160e81f7e23d23f234f15cdeefc0ed2d38757e516,31185,0o644,implementation,authoritative-source,Python,1,1,PR236-M019,PR236-S003;PR236-S058,resolved,0
chutney,lib/chutney/tor/torrc.py,f1cb6ab119bf0224351bca219fbf03daea26200bed8f3167140bdb406c0db546,17884,0o644,implementation,authoritative-source,Python,1,0,PR236-M019,PR236-S003;PR236-S059,resolved,0
chutney,lib/chutney/tor/util.py,a8e47e5f09790d48277eaab9d3c121b3005fa8e6c3e8488b1a79d4fd6ecee4cc,2035,0o644,implementation,authoritative-source,Python,1,0,PR236-M019,PR236-S003,resolved,0
chutney,net/.empty,e3b0c44298fc1c149afbf4c8996fb92427ae41e4649b934ca495991b7852b855,0,0o644,fixture,derived-or-reference,n/a,0,0,PR236-M020,PR236-S003,resolved,0
chutney,pyproject.toml,11e8fd1c5e5840ce54433af0b68e4569e73f6191abd33c098511eee2e6ab352d,2370,0o644,configuration,authoritative-source,n/a,1,0,PR236-M016,PR236-S003,resolved,0
chutney,resolv.conf,3f2501fa02a672b622999a8f980d03727a207ed512bce0260207cc774f25862d,56,0o644,configuration,authoritative-source,n/a,1,0,PR236-M016,PR236-S003,resolved,0
chutney,scratch/NOTES,5c92858ea5fa116aa524ca71d25953de165a4afc23977d4f4b327ba1cd5acaf3,2340,0o644,fixture,derived-or-reference,n/a,0,0,PR236-M021,PR236-S003,resolved,0
chutney,scripts/git/pre-commit.git-hook,c135633103152f004c4381497dda983ee3dafcfee7bfad56dad524a20632d55d,516,0o755,fixture,derived-or-reference,n/a,0,0,PR236-M022,PR236-S003,resolved,0
chutney,tests/chutney-as-module-tests.py,5043c24f6f767427298afc128b52a42e5e841d52839ecd34e174d70454baa110,6580,0o755,implementation,authoritative-source,Python,1,0,PR236-M023,PR236-S003,resolved,0
chutney,tests/network-config-test.py,3129c5616518d5bb0fcd82fa96421720634430eecc0a3cc4c950e328272897e1,2043,0o755,implementation,authoritative-source,Python,1,0,PR236-M023,PR236-S003,resolved,0
chutney,tests/network-config-tests-diff,afd60451c7ec6c9741d26f712ff0781eb5ca958332827b337166b02ec925fb8f,3984,0o755,fixture,derived-or-reference,n/a,0,0,PR236-M023,PR236-S003,resolved,0
chutney,tests/network-config-tests.py,c113abacb85c45bcf92bac05ccbf104ae85abfc022d5805cc47c94b515d8d8ef,1082,0o755,implementation,authoritative-source,Python,1,0,PR236-M023,PR236-S003,resolved,0
chutney,tests/shadow_multi_host_test.py,2d3eb4dac64fe139d0745e8bd4e33877d466b8618c09dfdfb800c0222f7547ec,15525,0o755,test,authoritative-source,Python,1,0,PR236-M023,PR236-S003,resolved,0
chutney,tests/shellcheck-tests.sh,8f4095e5a78ff2d9ad50d17e4274bca2a7813d65af27243ad7655b29e7b8ff82,630,0o755,script,authoritative-source,Shell,1,0,PR236-M023,PR236-S003,resolved,0
chutney,tests/torrc-template-tests.py,fd07005bdb19ce211a7df749f7be38798190272511856d00d9b44fa30d13b4ea,5222,0o755,implementation,authoritative-source,Python,1,1,PR236-M023,PR236-S003,resolved,0
chutney,tests/unit-tests.sh,df15fbe3acb88d401f0e0ced883cfbc222d3946587bd17e4d81035b877ac6ceb,998,0o755,script,authoritative-source,Shell,1,0,PR236-M023,PR236-S003,resolved,0
chutney,tools/bootstrap-network.sh,2fc45a9500fea27eb2e97475c2775c74711a4f3a0de372d313cce7f1e3782db7,2958,0o755,script,authoritative-source,Shell,1,0,PR236-M024,PR236-S003,resolved,0
chutney,tools/diagnostics.sh,bd11c9648c74b37c1b379f67ac8e1c72dfc058eecb634c350747368f3818b22a,5276,0o755,script,authoritative-source,Shell,1,0,PR236-M024,PR236-S003,resolved,0
chutney,tools/hsaddress.sh,c05e0aae3c2848c7cd413242e59e1d5be68036f786ef9e32c1ba1a0e9ab98da8,2036,0o755,script,authoritative-source,Shell,1,0,PR236-M024,PR236-S003,resolved,0
chutney,tools/ignore.warnings,39c49b7a517b0eff3fb4743f3fc680e38fcfcf8cfd17da4a8e0b3606e0491032,3864,0o644,fixture,derived-or-reference,n/a,0,0,PR236-M024,PR236-S003,resolved,0
chutney,tools/test-network-impl.sh,459484f9f4404ece69a5a84b9739c3fefccfb72dad17a1f587411853641a99fa,2216,0o755,test,authoritative-source,Shell,1,0,PR236-M024,PR236-S003,resolved,0
chutney,tools/test-network.sh,20d79c8f9ae418a26241ffddf07be31b409068e9779a44e23d0d3d696d88d605,16101,0o755,test,authoritative-source,Shell,1,0,PR236-M024,PR236-S003,resolved,0
chutney,tools/truncate-logs.sh,db192f37d15cb239c5c1778a31e701ad9a3d6432cfc5f8d2085ee505d16a552e,2048,0o755,script,authoritative-source,Shell,1,0,PR236-M024,PR236-S003,resolved,0
chutney,tools/warnings.sh,60fc385ce743bb0e7a0572abb79f18d6432e24568be55db44ac31bdc4124acab,5011,0o755,script,authoritative-source,Shell,1,0,PR236-M024,PR236-S003,resolved,0
clienthellod,.deepsource.toml,5d64f16602c50062a43db0e7afc44e4aa37830533a68b5b9ccab3f5226bd86b1,192,0o644,configuration,authoritative-source,n/a,1,0,PR236-M026,PR236-S004,resolved,0
clienthellod,.github/workflows/conformance.yml,a3636869082814ebe6b061736f9698944c1ae74dcc25b7d14317da8527c9e60c,1582,0o644,configuration,authoritative-source,n/a,1,0,PR236-M025,PR236-S004,resolved,0
clienthellod,.github/workflows/go.yml,462debd25cfce01b6e0e79b93da04f88a89106d8fdf4652ddf5d4fe23b11c56a,857,0o644,configuration,authoritative-source,n/a,1,0,PR236-M025,PR236-S004,resolved,0
clienthellod,.gitignore,b7dc40d325714c785ebd78f21e159cf2d11ba85bd0f05824217031faa43bf902,1828,0o644,repository-administration,derived-or-reference,n/a,0,0,PR236-M026,PR236-S004,resolved,0
clienthellod,.gitmodules,76bb631c53cfb1ec4b4ab7e5774b6f6e43cd1623bbbdbae3c16cc63b3375fe10,141,0o644,fixture,derived-or-reference,n/a,0,0,PR236-M026,PR236-S004,resolved,0
clienthellod,LICENSE,c71d239df91726fc519c6eb72d318ec65820627232b2f796219e87dcf35d0ab4,11357,0o644,fixture,derived-or-reference,n/a,0,0,PR236-M026,PR236-S004,resolved,0
clienthellod,README.md,5c203034af8e201c114a8dbad017c6d6c78d0b808665bc91c69d22a916987b2c,5228,0o644,documentation,authoritative-source,n/a,1,0,PR236-M026,PR236-S004,resolved,0
clienthellod,SECURITY.md,754f5253e37e09b2ad7dff190d2de5d3f64d3482736f3806dde9fff6c9b3be41,325,0o644,documentation,authoritative-source,n/a,1,0,PR236-M026,PR236-S004,resolved,0
clienthellod,clienthello.go,d5f9a1e8ffed8c66a5fa98d7f78f557fae0d760a0980f0dd8e951b6ae7d7c7d4,11944,0o644,implementation,authoritative-source,Go,1,1,PR236-M026,PR236-S004;PR236-S030,resolved,0
clienthellod,corpus_conformance_test.go,5ef8752c5bd0d11ae2896f6279576e8f73275f9a15dc794da7c2506b0248571b,6652,0o644,test,authoritative-source,Go,1,0,PR236-M026,PR236-S004;PR236-S032,resolved,0
clienthellod,fingerprint_hash.go,0a81fee82037af795c0d8459b35ec65fcc43766bf8b19529e80be7c241b536b9,7827,0o644,implementation,authoritative-source,Go,1,0,PR236-M026,PR236-S004,resolved,0
clienthellod,go.mod,2e96c6521365b8512e2ea081708944ca7b8f78b79aef87114fcd6378d3187132,5640,0o644,configuration,authoritative-source,n/a,1,0,PR236-M026,PR236-S004,resolved,0
clienthellod,go.sum,6b82bd9874d74175059dbaf46fba3287d94b1bc91b7deb23c2575c74875a8089,56128,0o644,configuration,authoritative-source,n/a,1,0,PR236-M026,PR236-S004,resolved,0
clienthellod,internal/testdata/QUIC_ClientHello_Chrome_124.bin,5cd58faf117a94418050ee2e6818f68ec001213d1ca8cd8556ef0d72215d04a1,1749,0o644,fixture,derived-or-reference,n/a,0,1,PR236-M027,PR236-S004,resolved,0
clienthellod,internal/testdata/QUIC_Frame_Chrome_124_CRYPTO_0.bin,0e3f5df2d8b81bb6bf1fbcf82dd1676d198e6a118fad6a7adcddb90b97cd68a2,1191,0o644,fixture,derived-or-reference,n/a,0,1,PR236-M027,PR236-S004,resolved,0
clienthellod,internal/testdata/QUIC_Frame_Chrome_124_CRYPTO_1191.bin,60bd3f842c79d5e9a6e2a5ba2950255cc2c3567f54a98cb05298e64f90903769,96,0o644,fixture,derived-or-reference,n/a,0,1,PR236-M027,PR236-S004,resolved,0
clienthellod,internal/testdata/QUIC_Frame_Chrome_124_CRYPTO_1287.bin,dc5752085e5beb09862f555dd2a80d14d3afdf6b45894cbc2ee656db4151b7da,274,0o644,fixture,derived-or-reference,n/a,0,1,PR236-M027,PR236-S004,resolved,0
clienthellod,internal/testdata/QUIC_Frame_Chrome_124_CRYPTO_1561.bin,bf60822a891798d6a28ed3423d171aa14ad0c0835feba44fe58e73c72a3d196a,102,0o644,fixture,derived-or-reference,n/a,0,1,PR236-M027,PR236-S004,resolved,0
clienthellod,internal/testdata/QUIC_Frame_Chrome_124_CRYPTO_1663.bin,c2e152e35efcff179338204a6bb64f3f771aa1df6bde8caa5a9014c8e98a563d,86,0o644,fixture,derived-or-reference,n/a,0,1,PR236-M027,PR236-S004,resolved,0
clienthellod,internal/testdata/QUIC_IETF_Chrome_125_PKN1.bin,58c12266b554123a8c45c4e85f33f53a8a5d066df5516f5f1a5f9207fdb2c586,1250,0o644,fixture,derived-or-reference,n/a,0,1,PR236-M027,PR236-S004,resolved,0
clienthellod,internal/testdata/QUIC_IETF_Chrome_125_PKN2.bin,9f65fc2c6b83ae01c9c0e57534687fc791a52d3455dcfd7cceb20fc7be2e9fc2,1250,0o644,fixture,derived-or-reference,n/a,0,1,PR236-M027,PR236-S004,resolved,0
clienthellod,internal/testdata/QUIC_IETF_Firefox_126.bin,d703ddc04be1f3e83413bc8d16019cb9a966d9e068485dc22ba9ca84716f0d82,1357,0o644,fixture,derived-or-reference,n/a,0,1,PR236-M027,PR236-S004,resolved,0
clienthellod,internal/testdata/QUIC_IETF_Firefox_126_0-RTT.bin,ca5967bef765dd823451bb3ca959962a951556a893fe8cd94c400ac1e239e632,1357,0o644,fixture,derived-or-reference,n/a,0,1,PR236-M027,PR236-S004,resolved,0
clienthellod,internal/testdata/TLS_ClientHello_Firefox_126.bin,6b96f8678727425ce01c826dc45b872ee9b9207f27a955d982439140a7740cb0,672,0o644,fixture,derived-or-reference,n/a,0,1,PR236-M027,PR236-S004,resolved,0
clienthellod,internal/utils/arr_dedup.go,b7bb21bf1022ae6c957ac0b21cf74f4a91b907a094eb15c6ff9b5018c1062b18,474,0o644,implementation,authoritative-source,Go,1,0,PR236-M027,PR236-S004,resolved,0
clienthellod,internal/utils/rewindconn.go,f770ee8db2cebeb111cd9b2105ca87acc298696ebf93ea7e9d0785e4238d9a8a,939,0o644,implementation,authoritative-source,Go,1,0,PR236-M027,PR236-S004,resolved,0
clienthellod,internal/utils/rewindreader.go,91ae573e212c071a7f2cab774727e165272e98e764db748ef48e623fe0f8170e,688,0o644,implementation,authoritative-source,Go,1,0,PR236-M027,PR236-S004,resolved,0
clienthellod,internal/utils/typeconv.go,e2ac0523fb9925ee6c4e4188317d9e3f8c57c2818c1146c80f06142b9f9acfcc,156,0o644,implementation,authoritative-source,Go,1,0,PR236-M027,PR236-S004,resolved,0
clienthellod,internal/utils/udppacket.go,da8c362c05d77cfb42f7245b3a53ca5b0541fe7bc122a72a046fe0eee521c885,343,0o644,implementation,authoritative-source,Go,1,0,PR236-M027,PR236-S004,resolved,0
clienthellod,internal/utils/uint8_not_string.go,311e72b9d4e6b885ec9980bfc4a2d5cb6f63078f0e4e44b400df4cd333ceab5b,401,0o644,implementation,authoritative-source,Go,1,1,PR236-M027,PR236-S004,resolved,0
clienthellod,internal/utils/uint8_not_string_test.go,2c2c431ac446a78570d43f0400ffb03e94ff0c0d9806a20d931cd07906bf160b,520,0o644,test,authoritative-source,Go,1,1,PR236-M027,PR236-S004,resolved,0
clienthellod,internal/utils/utls.go,0f77a3eb593cec2a575284f6b89bbea30f71e9b49ac1b80ab419f21e95e068d9,166,0o644,implementation,authoritative-source,Go,1,0,PR236-M027,PR236-S004,resolved,0
clienthellod,modcaddy/Caddyfile,640d91448cfc01d0f3c702c06dc97992db08ad5aaa6dd57fa11b2fb4f3095a39,1669,0o644,fixture,derived-or-reference,n/a,0,0,PR236-M028,PR236-S004,resolved,0
clienthellod,modcaddy/README.md,9adb845e49a3728033c3d0c072553248b1900edf6e215365f95e276147c13d0e,2815,0o644,documentation,authoritative-source,n/a,1,0,PR236-M028,PR236-S004,resolved,0
clienthellod,modcaddy/app/caddyfile.go,059fd3872e3c65efd7228abe399b053694e87fcaf157d3745f50a81dc9c920f1,1883,0o644,implementation,authoritative-source,Go,1,0,PR236-M028,PR236-S004,resolved,0
clienthellod,modcaddy/app/reservoir.go,b8dcb55af031dfa8dd05dea4c63105d55c905f115cdde83e5498ce50e9ceee81,4154,0o644,implementation,authoritative-source,Go,1,0,PR236-M028,PR236-S004,resolved,0
clienthellod,modcaddy/handler/handler.go,2393c869ffcd820bc8214459600036f4d8f03976ebaa1446eee9dd371cd4739d,9542,0o644,implementation,authoritative-source,Go,1,0,PR236-M028,PR236-S004,resolved,0
clienthellod,modcaddy/listener/listener.go,9ee5214c3bbd6ecd356f969427656818bf7d4487c58fe1f0dfa4de8959974814,5517,0o644,implementation,authoritative-source,Go,1,0,PR236-M028,PR236-S004,resolved,0
clienthellod,modcaddy/mod_caddy.go,cd69257e5585deb2e130f9fdee1cbbabd9faad29540ffaed307fd378e5976082,230,0o644,implementation,authoritative-source,Go,1,0,PR236-M028,PR236-S004,resolved,0
clienthellod,quic_client_initial.go,f6d9a1b7e0a0a8f4aa0f9fedb944ffb5f240d61b66248f72b704b823d1deb560,7579,0o644,implementation,authoritative-source,Go,1,1,PR236-M026,PR236-S004,resolved,0
clienthellod,quic_client_initial_test.go,5ea6f1693f3c559fced85ae05d5a0fee4fdef866b35c842bae5d7d961165ec5b,1554,0o644,test,authoritative-source,Go,1,1,PR236-M026,PR236-S004,resolved,0
clienthellod,quic_clienthello.go,c28371fe244239fd31a1556d91eecd408cb4786c5590c9bad5d20d1a2a2e77b6,1155,0o644,implementation,authoritative-source,Go,1,1,PR236-M026,PR236-S004,resolved,0
clienthellod,quic_clienthello_reconstructor.go,22670943319ea27d8ce5e7ce43eb10a0828d324d4552c343d546de0b1d9c6386,4478,0o644,implementation,authoritative-source,Go,1,1,PR236-M026,PR236-S004;PR236-S031,resolved,0
clienthellod,quic_clienthello_reconstructor_test.go,7b21f5c249ab9dd4cfde95ce56ba3f69d2b24ebc669c25f6a3e988431ef5efc7,1946,0o644,test,authoritative-source,Go,1,1,PR236-M026,PR236-S004,resolved,0
clienthellod,quic_clienthello_test.go,2ad2cb47c8ab107498e7582ce61823e0273b8c656a046f7f2e2b2f5a830d5b9c,4579,0o644,test,authoritative-source,Go,1,1,PR236-M026,PR236-S004,resolved,0
clienthellod,quic_common.go,ba2531fadce6de294240f4eaeb6a74ab60ded4d5ce73a87ace20414263935099,6994,0o644,implementation,authoritative-source,Go,1,1,PR236-M026,PR236-S004,resolved,0
clienthellod,quic_common_test.go,ac4fd436ac0ea08db4459ab73cb624ecfca4bc5fdd9e11b2d8351e0ab1857e2c,4228,0o644,test,authoritative-source,Go,1,1,PR236-M026,PR236-S004,resolved,0
clienthellod,quic_crypto.go,81032a6addd14e4288698c964d4e0b14feb5796298198e7819bcd266517edcdf,3250,0o644,implementation,authoritative-source,Go,1,1,PR236-M026,PR236-S004,resolved,0
clienthellod,quic_crypto_test.go,b927ee698ad70f75c19f14ed9e83e3ece85f9fc6f2c92730d4ec6b09e3269898,3044,0o644,test,authoritative-source,Go,1,1,PR236-M026,PR236-S004,resolved,0
clienthellod,quic_fingerprint.go,231fc2de258243fcef63bb1c1af5b1173fb58085c43bfb244460545720d5b3dc,7436,0o644,implementation,authoritative-source,Go,1,1,PR236-M026,PR236-S004,resolved,0
clienthellod,quic_frame.go,09efd15e4aa613397265146f449a5d0b8b37b19617222d588745d1ada6613a45,5613,0o644,implementation,authoritative-source,Go,1,1,PR236-M026,PR236-S004,resolved,0
clienthellod,quic_frame_test.go,3b041eab77647b5072f9a6dcdf6bbe51b6f4c1571e52952ea09e83e1b428df8a,15218,0o644,test,authoritative-source,Go,1,1,PR236-M026,PR236-S004,resolved,0
clienthellod,quic_header.go,054e131a01b2948ff3894605725230b113adc4e1d5bee68a0838df2c049a07aa,783,0o644,implementation,authoritative-source,Go,1,1,PR236-M026,PR236-S004,resolved,0
clienthellod,quic_header_test.go,69327532d5823ef7345d5e2ed5522f99b256ccb4c5294110e903672af645fd44,1698,0o644,test,authoritative-source,Go,1,1,PR236-M026,PR236-S004,resolved,0
clienthellod,quic_transport_parameters.go,c5082576c70fba5c7c806499885ef25112ab40132a23539d69b5c0e05193c212,6030,0o644,implementation,authoritative-source,Go,1,1,PR236-M026,PR236-S004,resolved,0
clienthellod,quic_transport_parameters_test.go,6a2666db8f326fca2aee27ceef5e11059a419914c41e104c8657db4a262d86ad,3404,0o644,test,authoritative-source,Go,1,1,PR236-M026,PR236-S004,resolved,0
clienthellod,quic_version_test.go,ee2ba860f11e8e5b14c8b3f9bbe04dce8897b2968a0c763189e1e38445c3e95c,1260,0o644,test,authoritative-source,Go,1,1,PR236-M026,PR236-S004,resolved,0
clienthellod,tls_fingerprint.go,c4d334433f15d2cf4752a6fd5419903990c9c0995e373c57d1181a53aa3a47d7,3265,0o644,implementation,authoritative-source,Go,1,0,PR236-M026,PR236-S004;PR236-S076,resolved,0
doh_server,.github/FUNDING.yml,c7031e964e8b241947071d9a7d9bc4ce55beb8f225df692683121629e4a168fd,26,0o644,configuration,authoritative-source,n/a,1,0,PR236-M029,PR236-S005,resolved,0
doh_server,.github/dependabot.yml,9dc3030fc87139b49c283e6fafe1d1f46b2002659ab4eea26350f67d0367b491,145,0o644,configuration,authoritative-source,n/a,1,0,PR236-M029,PR236-S005,resolved,0
doh_server,.github/workflows/issues.yml,e2daa7f282a37d1bc5736f937fb28c3cebe4a90f99c5c48e17cc41702e879cc0,526,0o644,configuration,authoritative-source,n/a,1,0,PR236-M029,PR236-S005,resolved,0
doh_server,.github/workflows/release.yml,d6d4173ca9587212ae5b12e9d919b189389e495fe75535b1b498fbbdf012994c,4383,0o644,configuration,authoritative-source,n/a,1,0,PR236-M029,PR236-S005,resolved,0
doh_server,.github/workflows/test.yml,00d17e9fe07f0d78a343572d9f2e0d8e752bcf245c1b370fc616f9449c6ebbff,598,0o644,test,authoritative-source,n/a,1,0,PR236-M029,PR236-S005,resolved,0
doh_server,.gitignore,91d1cdf7676bde1831386f4b42a06601f597913c3468fb9f9475455cc375bfe0,74,0o644,repository-administration,derived-or-reference,n/a,0,0,PR236-M030,PR236-S005,resolved,0
doh_server,Cargo.toml,39f2ebe46314c5e93198e784354d9b74ac63fb62c381ac2a28ef348aad013223,1433,0o644,configuration,authoritative-source,n/a,1,0,PR236-M030,PR236-S005,resolved,0
doh_server,LICENSE,b465133a876cf434a1a9cc0f8bb9d86b317d5e174c97590e47a213b712873a7e,1073,0o644,fixture,derived-or-reference,n/a,0,0,PR236-M030,PR236-S005,resolved,0
doh_server,README.md,08596b8243eef5aa9ee4b27520e45729334f92f69996bdd82854624c0f059420,21874,0o644,documentation,authoritative-source,n/a,1,0,PR236-M030,PR236-S005,resolved,0
doh_server,localhost.pem,28eb1ca4726f5a1699e9c0f9730c1f59c9b7ac105ca1da3a0070b9b483f7c62e,2807,0o644,fixture,derived-or-reference,n/a,0,0,PR236-M030,PR236-S005,resolved,0
doh_server,logo.png,4164b674a6141693fcd804066a0c01ad0d225b6fc9d8efd01d0cab2bae77c5da,59408,0o644,media,derived-or-reference,n/a,0,0,PR236-M030,PR236-S005,resolved,0
doh_server,src/config.rs,6766d4766aa7660d5fb70cb733e9be22a89df302f5e87bf115c92450fa01d471,15330,0o644,implementation,authoritative-source,Rust,1,0,PR236-M031,PR236-S005,resolved,0
doh_server,src/constants.rs,d1be66b53f69543bebf142d4ce41646397889b9d7d8fda3513995729770ce571,405,0o644,implementation,authoritative-source,Rust,1,0,PR236-M031,PR236-S005,resolved,0
doh_server,src/libdoh/Cargo.toml,d2f68be6b0875f84eaca3c81d31393dedb42ceda88377caee27a960c66b1f567,1194,0o644,configuration,authoritative-source,n/a,1,0,PR236-M031,PR236-S005,resolved,0
doh_server,src/libdoh/LICENSE,b465133a876cf434a1a9cc0f8bb9d86b317d5e174c97590e47a213b712873a7e,1073,0o644,fixture,derived-or-reference,n/a,0,0,PR236-M031,PR236-S005,resolved,0
doh_server,src/libdoh/src/constants.rs,6fb794da032d29f5db7e27bc334173b4748ad9163c0fa243c52ffd93e0f469fc,394,0o644,implementation,authoritative-source,Rust,1,0,PR236-M031,PR236-S005,resolved,0
doh_server,src/libdoh/src/dns.rs,d61da0cf08fc3d3da0ee6aefc2332ff84acad7f0abf54156b7eb0146f23bd224,9327,0o644,implementation,authoritative-source,Rust,1,0,PR236-M031,PR236-S005;PR236-S024,resolved,0
doh_server,src/libdoh/src/dns_json.rs,ebba0f412ad9a640fa88e9abb37a2faf0243b310f01ea3696443acc0a6ef9f0e,13303,0o644,implementation,authoritative-source,Rust,1,0,PR236-M031,PR236-S005,resolved,0
doh_server,src/libdoh/src/edns_ecs.rs,7c7516338bf6c7e7ac28751d478fbb62181790cbd6615b86f467146f59a2cac3,12217,0o644,implementation,authoritative-source,Rust,1,0,PR236-M031,PR236-S005;PR236-S025,resolved,0
doh_server,src/libdoh/src/errors.rs,3e502ab9f0cbee60407b33c105f6a00ec9fbe57563e7c09b2784dec0c3501091,1971,0o644,implementation,authoritative-source,Rust,1,0,PR236-M031,PR236-S005,resolved,0
doh_server,src/libdoh/src/globals.rs,783eadee9f3a5598030573b676a24c13ecb297953b620aff6f5a5c6bd7d6bc98,1647,0o644,implementation,authoritative-source,Rust,1,0,PR236-M031,PR236-S005,resolved,0
doh_server,src/libdoh/src/lib.rs,9423195b9770158a0303f4786773df53a476d331b7d6d8de6a81327dbad32680,25818,0o644,implementation,authoritative-source,Rust,1,0,PR236-M031,PR236-S005,resolved,0
doh_server,src/libdoh/src/odoh.rs,1d53cbefd23f56da12c85dcce3bbc27f8dc30a3523dbc28bd3a605ad1ccfdf72,4151,0o644,implementation,authoritative-source,Rust,1,0,PR236-M031,PR236-S005;PR236-S026,resolved,0
doh_server,src/libdoh/src/tls.rs,9d8c607a2499a9263e9d401a40a1e6ece576be1f772a57076215fcd164c01166,6960,0o644,implementation,authoritative-source,Rust,1,0,PR236-M031,PR236-S005,resolved,0
doh_server,src/main.rs,1fbf5bda40edef2ded7af5d05b4be7733d746cfa1d31965010782063f9827abb,2764,0o644,implementation,authoritative-source,Rust,1,0,PR236-M031,PR236-S005,resolved,0
doh_server,src/utils.rs,a9d8c9e4108e19305d870c0779fc0eab33abb0136c488004e8e9f5fa2b9c85ea,797,0o644,implementation,authoritative-source,Rust,1,0,PR236-M031,PR236-S005,resolved,0
encrypted_dns_server,.github/FUNDING.yml,c7031e964e8b241947071d9a7d9bc4ce55beb8f225df692683121629e4a168fd,26,0o644,configuration,authoritative-source,n/a,1,0,PR236-M032,PR236-S006,resolved,0
encrypted_dns_server,.github/dependabot.yml,9dc3030fc87139b49c283e6fafe1d1f46b2002659ab4eea26350f67d0367b491,145,0o644,configuration,authoritative-source,n/a,1,0,PR236-M032,PR236-S006,resolved,0
encrypted_dns_server,.github/workflows/issues.yml,b7f30a2a870d09450e0111f7fb5b3cf08a2fb369ccbd8e97e95b2286e5b8aa9b,522,0o644,configuration,authoritative-source,n/a,1,0,PR236-M032,PR236-S006,resolved,0
encrypted_dns_server,.github/workflows/release.yml,7f0c9187e7276d1498c30de28799c87af1dd16b99948d8e54085870bb5514f89,3071,0o644,configuration,authoritative-source,n/a,1,0,PR236-M032,PR236-S006,resolved,0
encrypted_dns_server,.github/workflows/test.yml,4fa6c022071c139e9aad3f71c0521ba35bd413f49638196d7f27f80ff7068cb2,649,0o644,test,authoritative-source,n/a,1,0,PR236-M032,PR236-S006,resolved,0
encrypted_dns_server,.gitignore,873e212e305c1e973e0884644d84b7b5c6d627e36d9a96cbfd78930fce4b1028,85,0o644,repository-administration,derived-or-reference,n/a,0,0,PR236-M033,PR236-S006,resolved,0
encrypted_dns_server,Cargo.lock,08d14a55eee6b495b7c18ea1a66fc9441d6f78a60a4673f8e039f23f4b7b8c3a,38738,0o644,fixture,derived-or-reference,n/a,0,0,PR236-M033,PR236-S006,resolved,0
encrypted_dns_server,Cargo.toml,b75e88fc2d6dded8925a2d6d3468921e564994db08f13bb8fd2636e1e465226d,2648,0o644,configuration,authoritative-source,n/a,1,0,PR236-M033,PR236-S006,resolved,0
encrypted_dns_server,LICENSE,a97fe8773cdf1ff036440fcac1f92ce87ce4969084725cb50c181948687d92ad,1073,0o644,fixture,derived-or-reference,n/a,0,0,PR236-M033,PR236-S006,resolved,0
encrypted_dns_server,README.md,f1259da93922032aebf0f01aa76fe459ed6e099c32b4bf1d27c738e79d684a7e,5329,0o644,documentation,authoritative-source,n/a,1,0,PR236-M033,PR236-S006,resolved,0
encrypted_dns_server,dashboard.png,56fded3b38f5a7bb9bf02f7726e6713ff2afd2ff0dadf777090f2216451a06cc,18353,0o644,media,derived-or-reference,n/a,0,0,PR236-M033,PR236-S006,resolved,0
encrypted_dns_server,example-encrypted-dns.toml,7ca0100ed052aa1ec5f9f31afe076555a96359923a727a25f4950e149e0e1c53,6667,0o644,configuration,authoritative-source,n/a,1,0,PR236-M033,PR236-S006,resolved,0
encrypted_dns_server,logo.png,fabcedd7f10903a6ee603f487ff8cc8807e2c41db67f83977c6da901fb4cbc8f,4002,0o644,media,derived-or-reference,n/a,0,0,PR236-M033,PR236-S006,resolved,0
encrypted_dns_server,src/anonymized_dns.rs,ad89199c13d33a2c8ae698ba3ec728d7ae42414381f086dcfa02fe46041676de,6967,0o644,implementation,authoritative-source,Rust,1,0,PR236-M034,PR236-S006;PR236-S037,resolved,0
encrypted_dns_server,src/blacklist.rs,d5ac3ddeae01b14bb394ffc116bc57c759c1509c76de3191f44b2402b7bcad26,3823,0o644,implementation,authoritative-source,Rust,1,0,PR236-M034,PR236-S006,resolved,0
encrypted_dns_server,src/cache.rs,1febca0b31bf9b30cb8ac91594b9663aadc2e1d80c1a3813a3234992f8396014,1824,0o644,implementation,authoritative-source,Rust,1,0,PR236-M034,PR236-S006;PR236-S036,resolved,0
encrypted_dns_server,src/config.rs,1aeb5edbb9447c37500f1f8ee18b441d714611f024d8898d570b4c25ab4b50bb,6479,0o644,implementation,authoritative-source,Rust,1,0,PR236-M034,PR236-S006;PR236-S077,resolved,0
encrypted_dns_server,src/crypto.rs,297fbd7a747708512c2e0a716833bd76023d985c309b7eb138305f24391c1398,9449,0o644,implementation,authoritative-source,Rust,1,0,PR236-M034,PR236-S006,resolved,0
encrypted_dns_server,src/dns.rs,09c59872d87e6b7643df953dfbdf4d94bffab62299ebf745fcd6ebb6aa15dc10,26289,0o644,implementation,authoritative-source,Rust,1,0,PR236-M034,PR236-S006,resolved,0
encrypted_dns_server,src/dnscrypt.rs,320fc08e848d919d84534f946517954cb873ea13d7ec88b3dfe9bba2641c7df3,12027,0o644,implementation,authoritative-source,Rust,1,0,PR236-M034,PR236-S006,resolved,0
encrypted_dns_server,src/dnscrypt_certs.rs,b8919ad815b694b3d6a2b607930c2a4e563e06ced322cf4654c3f3ecc514aee9,13367,0o644,implementation,authoritative-source,Rust,1,0,PR236-M034,PR236-S006,resolved,0
encrypted_dns_server,src/errors.rs,a7c94d6e010de0346db609c2f305ab1d0f49cf134c22929d90a06edf488d936f,47,0o644,implementation,authoritative-source,Rust,1,0,PR236-M034,PR236-S006,resolved,0
encrypted_dns_server,src/globals.rs,e06b3b9bb320995f4c5b8c441208837f56dd41749dc46175b39d010ad26dfe78,2241,0o644,implementation,authoritative-source,Rust,1,0,PR236-M034,PR236-S006,resolved,0
encrypted_dns_server,src/main.rs,fcca92b627863503317e425152659d886d9522cdae07962cfcb3a97a92f28f0f,39559,0o644,implementation,authoritative-source,Rust,1,0,PR236-M034,PR236-S006,resolved,0
encrypted_dns_server,src/metrics.rs,1bfd797e933f5c2ccb7bcee07ae82fe4a26ef3bf1b16c2e55aa1d34eea830949,3770,0o644,implementation,authoritative-source,Rust,1,0,PR236-M034,PR236-S006,resolved,0
encrypted_dns_server,src/pq.rs,bba4b79dc4e72f5f12df9df32dc30f8d90eb761944c143f10fc74feff683da61,19032,0o644,implementation,authoritative-source,Rust,1,0,PR236-M034,PR236-S006;PR236-S038,resolved,0
encrypted_dns_server,src/quic_proxy.rs,ce86aa85ffa278428f338dc019fd5b23830b577a4361cfba5700e3fa6b90f608,13278,0o644,implementation,authoritative-source,Rust,1,1,PR236-M034,PR236-S006,resolved,0
encrypted_dns_server,src/rate_limiter.rs,00688b54f09f0305751a0ab93e1221f7eee9a9fec0abe93c31d399c47deb377e,3376,0o644,implementation,authoritative-source,Rust,1,0,PR236-M034,PR236-S006,resolved,0
encrypted_dns_server,src/resolver.rs,8aecdb0176db76b4f04d4578088f12afbad85c26d9371226228bf6f5fd54ce96,12076,0o644,implementation,authoritative-source,Rust,1,0,PR236-M034,PR236-S006,resolved,0
encrypted_dns_server,src/varz.rs,4ffe687fb7e7fac67b83fc463b2c61d3791a0c02328e4006ca82e811070fbbd8,6973,0o644,implementation,authoritative-source,Rust,1,0,PR236-M034,PR236-S006,resolved,0
encrypted_dns_server,undelegated.txt,3941ac48f71466279ca1833117d296d82d0a843564204cb9ca63564ccc113ace,2497,0o644,fixture,derived-or-reference,n/a,0,0,PR236-M033,PR236-S006,resolved,0
exitmap,.coveragerc,fd135a8f5d86849ea21e7636b7a6fb6eabc4d06b0d53c88506e2def5d817390e,67,0o644,repository-administration,derived-or-reference,n/a,0,0,PR236-M035,PR236-S007,resolved,0
exitmap,.gitignore,1d622f437a4fb3d3e69bef350a547ded2b5e20f22830dc7461b3ec1e38c788fd,34,0o644,repository-administration,derived-or-reference,n/a,0,0,PR236-M035,PR236-S007,resolved,0
exitmap,.travis.yml,4955f9e0e029ff7d9067e56c2dad79e4aff67f94653b7b5e5805d383970cb0d8,287,0o644,configuration,authoritative-source,n/a,1,0,PR236-M035,PR236-S007,resolved,0
exitmap,COPYING,8ceb4b9ee5adedde47b31e975c1d90c73ad27b6b165a1dcd80c7c545eb65b903,35147,0o644,fixture,derived-or-reference,n/a,0,0,PR236-M035,PR236-S007,resolved,0
exitmap,ChangeLog,795f6b829f99b4b910988e778974b6d87f7249a082cffb49f623c39fc0dee358,1291,0o644,documentation,authoritative-source,n/a,0,0,PR236-M035,PR236-S007,resolved,0
exitmap,README.md,ab7905d56a5a44deb66f97e7ab3faae369fb1f83d3cf25a6375f8116a72b918f,4982,0o644,documentation,authoritative-source,n/a,1,0,PR236-M035,PR236-S007,resolved,0
exitmap,bin/exitmap,0cc348b81a63086fb04ae6d799af67c1e89ca1264e73fbf5a669b133ab0d3a80,994,0o755,fixture,derived-or-reference,n/a,0,0,PR236-M036,PR236-S007,resolved,0
exitmap,doc/HACKING.md,3b52c28e7df55eac349baf741d65c0b2338c6d7598eaa392b53b35ef46fedd3a,2100,0o644,documentation,authoritative-source,n/a,0,0,PR236-M037,PR236-S007,resolved,0
exitmap,doc/logo.png,a9f73338694955f5d70c30722877f7989db9d90a05a517706842185bb9e8e408,8024,0o644,media,derived-or-reference,n/a,0,0,PR236-M037,PR236-S007,resolved,0
exitmap,doc/logo.svg,f25e56f8ef83d142de24755312ce0902df784ecbefd9368651061e75f3146758,3823,0o644,media,derived-or-reference,n/a,0,0,PR236-M037,PR236-S007,resolved,0
exitmap,requirements-dev.txt,ed57dd09f79097998186172abd6d7817c6acb4092b7324941d4fbd0f9f9d787a,23,0o644,fixture,derived-or-reference,n/a,0,1,PR236-M035,PR236-S007,resolved,0
exitmap,requirements.txt,3ae3215288e2a36be29c267a054cbff9f0c0b5a62b988fd2989213b56aa89c8c,23,0o644,fixture,derived-or-reference,n/a,0,1,PR236-M035,PR236-S007,resolved,0
exitmap,src/command.py,1bbcf398f8b564c5c18d8fbb7a399b08c60388996501ff1ff71729740a77be15,4965,0o644,implementation,authoritative-source,Python,1,0,PR236-M038,PR236-S007,resolved,0
exitmap,src/error.py,8066aa395f5956a6a5bce214fe7530c2654502bafabc6c2e0318160bc5a6e5e5,1110,0o644,implementation,authoritative-source,Python,1,0,PR236-M038,PR236-S007,resolved,0
exitmap,src/eventhandler.py,607c60a5247c2531bb70417355f0eccce8459dfdd1604f5c0a2d071398978f24,11148,0o644,implementation,authoritative-source,Python,1,0,PR236-M038,PR236-S007,resolved,0
exitmap,src/exitmap.py,79bfa6ab5ed1940b42e24b7057c4513c654fad2a76279cb19e60dd4d3e5a5f4e,15615,0o644,implementation,authoritative-source,Python,1,0,PR236-M038,PR236-S007,resolved,0
exitmap,src/modules/__init__.py,e3b0c44298fc1c149afbf4c8996fb92427ae41e4649b934ca495991b7852b855,0,0o644,implementation,authoritative-source,Python,1,0,PR236-M038,PR236-S007,resolved,0
exitmap,src/modules/checktest.py,f1ee1c186fc629cdfc23bd2ae9d5a3a8bbe4bd8fdf3e4d0fd31b28d06ca08ca2,2547,0o644,implementation,authoritative-source,Python,1,0,PR236-M038,PR236-S007,resolved,0
exitmap,src/modules/cloudflared.py,563129658a9a84fddd57b396884444ef8ef66a944632baba1361697ffd0214ec,2969,0o644,implementation,authoritative-source,Python,1,0,PR236-M038,PR236-S007,resolved,0
exitmap,src/modules/dnspoison.py,8ceee862f57644ff011e3f702cedd539a555f023ffd0085a06a77213a5f1b6b5,3014,0o644,implementation,authoritative-source,Python,1,0,PR236-M038,PR236-S007;PR236-S040,resolved,0
exitmap,src/modules/dnssec.py,3a932b419d5b37301632c71611455e1c2afebd68dc27704fcb2e4cdaaa264420,2192,0o644,implementation,authoritative-source,Python,1,0,PR236-M038,PR236-S007,resolved,0
exitmap,src/modules/patchingCheck.py,b616253dd6c83d05907bae5fd9ead3ded49b98835a08e15179f9ac0330b23d30,5994,0o644,implementation,authoritative-source,Python,1,0,PR236-M038,PR236-S007,resolved,0
exitmap,src/modules/rtt.py,73608a6a1993cb1b30a6bf52dc1b16aa87e0ae6c2611f3c345a049c5d121ee55,10519,0o644,implementation,authoritative-source,Python,1,0,PR236-M038,PR236-S007,resolved,0
exitmap,src/modules/testfds.py,03e3c5140c86cc6663f2a8e868c85eb83e7e5a097e5c8f3ce296351391d6d29a,2478,0o644,test,authoritative-source,Python,1,0,PR236-M038,PR236-S007,resolved,0
exitmap,src/relayselector.py,544c969ba0d60b815b9d807f70e0a41b5e77b3cb8eb6da1ce8a7aed6a4b01fb0,10720,0o755,implementation,authoritative-source,Python,1,0,PR236-M038,PR236-S007;PR236-S039,resolved,0
exitmap,src/selectors34.py,08f875f61b185d6c2f5fbfc87f0b31c20d7e63e82be2e1b9445063843246bdfb,22426,0o644,implementation,authoritative-source,Python,1,0,PR236-M038,PR236-S007,resolved,0
exitmap,src/six.py,f2e8ed0632f34b72f65b85ce6cbf0582856c28795bdef6ec6802ff3ded08cc26,30098,0o644,implementation,authoritative-source,Python,1,0,PR236-M038,PR236-S007,resolved,0
exitmap,src/stats.py,1e4c332f1663e5126b02f77facef6aae13723effd9ba3938bb69b9dbde246e86,2720,0o644,implementation,authoritative-source,Python,1,0,PR236-M038,PR236-S007,resolved,0
exitmap,src/torsocks.py,b22fd22aef42bcf2950d426ff1e9cfd870b15a7e562a18da4e8d5824209a8564,7827,0o644,implementation,authoritative-source,Python,1,0,PR236-M038,PR236-S007,resolved,0
exitmap,src/util.py,f06b1f011a0753ac198b2e727290d4a7f082438f8e53f737bdd050b87caaa1e2,5679,0o644,implementation,authoritative-source,Python,1,0,PR236-M038,PR236-S007,resolved,0
exitmap,test/run_tests.py,ff58ceb9283ee94cf31f82a25e6fe52e04d61bac112339eb179780f004ff903f,1901,0o755,implementation,authoritative-source,Python,1,0,PR236-M039,PR236-S007,resolved,0
exitmap,test/test_relayselector.py,a125f4f6c0ee88c0ee817068a77ededdbcadb8edbaa31691d9ed291c9efba6fa,1583,0o644,test,authoritative-source,Python,1,0,PR236-M039,PR236-S007,resolved,0
exitmap,test/test_settings.cfg,d4214bd4353a8cad2c04db7d6c7ba8141c6071cfb59f108c379d3c20f67eb68b,97,0o644,test,authoritative-source,n/a,1,0,PR236-M039,PR236-S007,resolved,0
exitmap,test/test_stats.py,93a43819198c0ee166fd64656e8e1696dad03e88de5ff85b0b516bc27ae04211,1611,0o644,test,authoritative-source,Python,1,0,PR236-M039,PR236-S007,resolved,0
exitmap,test/test_torsocks.py,9aef5444f38e09761fdbfe5328f2b4eef315ff403ba80b1a62c35480e4b05ee5,1141,0o644,test,authoritative-source,Python,1,0,PR236-M039,PR236-S007,resolved,0
exitmap,test/test_util.py,cb1d301215bc747f6356147a6ec779adfe3f7b95081832027ba411f2fbee3808,3603,0o644,test,authoritative-source,Python,1,0,PR236-M039,PR236-S007,resolved,0
fptnclient_ios,.gitignore,2a946cbe89dff166867dd1012bf4a8450096e9192a92c0f719fc970d07b04746,1873,0o644,repository-administration,derived-or-reference,n/a,0,0,PR236-M040,PR236-S008,resolved,0
fptnclient_ios,.gitmodules,af07ce85098fd1438f9b152770b4bd11955fc7a992f819a52c60e2b748675ce0,92,0o644,fixture,derived-or-reference,n/a,0,0,PR236-M040,PR236-S008,resolved,0
fptnclient_ios,FptnLib/.gitignore,3abde468548e3b31896fc725848e777ee02c28ebb76fd09a75006ff0076fa307,117,0o644,repository-administration,derived-or-reference,n/a,0,0,PR236-M041,PR236-S008,resolved,0
fptnclient_ios,FptnLib/CMakeLists.txt,5f8b53a57bd3423daaaab92b6d46f019c8ed8dc33c4b5255f0daf3bee507ef14,2949,0o644,fixture,derived-or-reference,n/a,0,0,PR236-M041,PR236-S008,resolved,0
fptnclient_ios,FptnLib/conan-device-profile,98f6a9920188734cef2aa0bfad7c7c6707374b38fad4f1865df5e754da5fd25c,164,0o644,fixture,derived-or-reference,n/a,0,0,PR236-M041,PR236-S008,resolved,0
fptnclient_ios,FptnLib/conan-simulator-profile,a6429ec1b71ecd32e1b96492f351140e376f930f4330136f224d2e079177e2e8,170,0o644,fixture,derived-or-reference,n/a,0,0,PR236-M041,PR236-S008,resolved,0
fptnclient_ios,FptnLib/conan_toolchain.cmake,16d3be765f8c1685f6f8e5c1a2bdcb0ff99c5a10e5e4d833fafafebe5c3ef7c3,456,0o644,fixture,derived-or-reference,n/a,0,0,PR236-M041,PR236-S008,resolved,0
fptnclient_ios,FptnLib/conanfile.py,479ebaec27da648d62c70c3e1acf5aae0544c494368e6d4764b3aaf4eac8b45e,3573,0o644,implementation,authoritative-source,Python,1,0,PR236-M041,PR236-S008,resolved,0
fptnclient_ios,FptnLib/src/https/WrapperHttpsClientBridge.cpp,c45a30202bc4526dc642097ccb85d349fc2b2a9d5be35e74100be8a6ad93ebdc,2845,0o644,implementation,authoritative-source,C++,1,1,PR236-M041,PR236-S008,resolved,0
fptnclient_ios,FptnLib/src/https/WrapperHttpsClientBridge.h,190120bceb0dcd027cf1dfbb60cd7095bb9b97ccd5d29929b17f6d0401f3b021,833,0o644,implementation,authoritative-source,C/C++,1,1,PR236-M041,PR236-S008,resolved,0
fptnclient_ios,FptnLib/src/websocket/WrapperWebsocketClientBridge.cpp,c513e9b199e1d1dcb769b31fe47fe600b9fe8ce9f4ecb6562c8599981f3426fe,8050,0o644,implementation,authoritative-source,C++,1,1,PR236-M041,PR236-S008,resolved,0
fptnclient_ios,FptnLib/src/websocket/WrapperWebsocketClientBridge.h,c724ae6457648a43b04968aeb9f4beb80916b2c269eb99e585aeb00e54283225,1801,0o644,implementation,authoritative-source,C/C++,1,1,PR236-M041,PR236-S008,resolved,0
fptnclient_ios,FptnVPN/Assets.xcassets/AccentColor.colorset/Contents.json,9af65086fa30b49252fae1a1225731691de794f7775af74d71befeb507d12b7c,123,0o644,configuration,authoritative-source,n/a,1,0,PR236-M044,PR236-S008,resolved,0
fptnclient_ios,FptnVPN/Assets.xcassets/AppIcon.appiconset/Contents.json,d776cfae1b33325f70befa1b0fc5e5420c660655603409e8588d94fd8fc6e112,607,0o644,configuration,authoritative-source,n/a,1,0,PR236-M044,PR236-S008,resolved,0
fptnclient_ios,FptnVPN/Assets.xcassets/Contents.json,0fd49ba3c3585c709678e0046a821c3c60685ec7063720d30d3a3448be3a208b,63,0o644,configuration,authoritative-source,n/a,1,0,PR236-M044,PR236-S008,resolved,0
fptnclient_ios,FptnVPN/Assets.xcassets/toggle_button_off.imageset/Contents.json,4358ad965ef5b23e00560c22495858f021972399f764dbfa55dd7b6431a68ad7,315,0o644,configuration,authoritative-source,n/a,1,0,PR236-M044,PR236-S008,resolved,0
fptnclient_ios,FptnVPN/Assets.xcassets/toggle_button_off.imageset/toggle_button_off.png,8877dc16cd94f98c4e07198f87e98fad32eb88480893ed058ed117aa58c5aa9a,11775,0o644,media,derived-or-reference,n/a,0,0,PR236-M044,PR236-S008,resolved,0
fptnclient_ios,FptnVPN/Assets.xcassets/toggle_button_on.imageset/Contents.json,e155353ab0c04ceda60c3b942fe3cb4c2bdd7d42afc7d18543b2ed1d065c149c,314,0o644,configuration,authoritative-source,n/a,1,0,PR236-M044,PR236-S008,resolved,0
fptnclient_ios,FptnVPN/Assets.xcassets/toggle_button_on.imageset/toggle_button_on.png,8cebe397fe1370163c4b975cc235b87484f1ebedbeba7d546f28c36270004f72,12474,0o644,media,derived-or-reference,n/a,0,0,PR236-M044,PR236-S008,resolved,0
fptnclient_ios,FptnVPN/Cpp/Bridges/HttpsClientBridge.mm,f5fa559a7b8afd1a6e5ca199d1a518897b789a2e4d5f7e5c5b2214cc33abed32,3081,0o644,implementation,authoritative-source,Objective-C++,1,1,PR236-M045,PR236-S008,resolved,0
fptnclient_ios,FptnVPN/Cpp/Bridges/WebsocketClientBridge.mm,fd61ac7596639f42d8679de90a85ec1d29635091a9a6d9af184a9fa70312e7bf,3689,0o644,implementation,authoritative-source,Objective-C++,1,1,PR236-M045,PR236-S008,resolved,0
fptnclient_ios,FptnVPN/Cpp/FptnVPN-Bridging-Header.h,885a43b3be99fc981d325a67d946a45c0f362b48c65fbba87b23e07ea6ebfc2b,484,0o644,implementation,authoritative-source,C/C++,1,0,PR236-M045,PR236-S008,resolved,0
fptnclient_ios,FptnVPN/Cpp/Wrappers/HttpsClientSwift.swift,fe7c32d4680bb704036322d4030663a3f8929e6921b7a1db69973ba377fe959c,1801,0o644,implementation,authoritative-source,Swift,1,1,PR236-M045,PR236-S008,resolved,0
fptnclient_ios,FptnVPN/Cpp/Wrappers/WebScoketClientBridge.swift,96e6b585a983ab646f4eba3a9231f12416bae0bc687e8429fb3a9c88187abf58,4261,0o644,implementation,authoritative-source,Swift,1,1,PR236-M045,PR236-S008,resolved,0
fptnclient_ios,FptnVPN/FptnVPNApp.swift,20c2fcad06c72657ea3c62beaf387d34e5ea4da6d2ea4ab92a13e5dbbb096e46,408,0o644,implementation,authoritative-source,Swift,1,0,PR236-M042,PR236-S008,resolved,0
fptnclient_ios,FptnVPN/FptnVPNTunnel/PacketTunnelProvider.swift,6d17162288d0aec40952b0c5dbf636b99781e8c08235115b87abfa5cc5072ee7,5457,0o644,implementation,authoritative-source,Swift,1,0,PR236-M046,PR236-S008,resolved,0
fptnclient_ios,FptnVPN/Models/FPTNToken.swift,778669e9a8e24f8666f3ef55c031512349f1fcada0cc675875c107efc80832db,448,0o644,implementation,authoritative-source,Swift,1,0,PR236-M047,PR236-S008,resolved,0
fptnclient_ios,FptnVPN/Models/VPNConnection.swift,a1a8e0028acd707a6a9be5a1f41b42f91a57d9840df1080569927bfee9087f75,623,0o644,implementation,authoritative-source,Swift,1,0,PR236-M047,PR236-S008,resolved,0
fptnclient_ios,FptnVPN/Models/VPNServer.swift,5a8888d5d3d03090efb7924b34c0dee07ac3f1294fa202ecbdd06407d3d180e6,659,0o644,implementation,authoritative-source,Swift,1,0,PR236-M047,PR236-S008,resolved,0
fptnclient_ios,FptnVPN/ProjectData.swift,1d525b40af64b8578ad2e262ef9e084d25a4525cfbd8878ee3e33364cfe41191,626,0o644,implementation,authoritative-source,Swift,1,0,PR236-M042,PR236-S008,resolved,0
fptnclient_ios,FptnVPN/Services/ServerSelectionService.swift,80b593b27f4ddc076e6d90cfd7b87525e37227c4cdac42746d47787e9e09275a,816,0o644,implementation,authoritative-source,Swift,1,1,PR236-M048,PR236-S008;PR236-S045,resolved,0
fptnclient_ios,FptnVPN/Services/TokenService.swift,a9a8d33bc51184175c99c4c07ef0a0fafa72cb7a8c7a931c3ff443eb6f579077,2265,0o644,implementation,authoritative-source,Swift,1,1,PR236-M048,PR236-S008;PR236-S044,resolved,0
fptnclient_ios,FptnVPN/Services/VPNService.swift,56650bd709dca3abb920f5ae347c0d21c311c292f1d3c037aa7102652aeb65c3,15844,0o644,implementation,authoritative-source,Swift,1,1,PR236-M048,PR236-S008;PR236-S043,resolved,0
fptnclient_ios,FptnVPN/Utilities/NetworkUtils.swift,756342503baa0281b7fbf62e297d8743dd10a37bba31a56d757fffe2cc6c0c1e,1236,0o644,implementation,authoritative-source,Swift,1,0,PR236-M049,PR236-S008,resolved,0
fptnclient_ios,FptnVPN/Views/HomeView.swift,d05d7aac7d3519a533a9911a2d701a8d45694c6715b5ed9f983c581b828c38bc,4903,0o644,implementation,authoritative-source,Swift,1,1,PR236-M050,PR236-S008,resolved,0
fptnclient_ios,FptnVPN/Views/LoginView.swift,08427936c4b4fcfc2a3d79c2363c719b1a4049fb0136f1c4fdd139dbfff36c3e,4439,0o644,implementation,authoritative-source,Swift,1,1,PR236-M050,PR236-S008,resolved,0
fptnclient_ios,FptnVPN/Views/ServerListView.swift,5a6c9e122cf0703545932de570c3dc885381c65103d756f74627217022999bd4,2300,0o644,implementation,authoritative-source,Swift,1,1,PR236-M050,PR236-S008,resolved,0
fptnclient_ios,FptnVPN.xcodeproj/project.pbxproj,b537435ed102f017de67331a72706f845881dfed8b1d7c412be36fe2cda6e505,29594,0o644,fixture,derived-or-reference,n/a,0,0,PR236-M043,PR236-S008,resolved,0
fptnclient_ios,FptnVPN.xcodeproj/project.xcworkspace/contents.xcworkspacedata,7f3b00b5c3fdb45242d7b87e1e5c4e25d1fa8129a16c94295ecc4e8ea2235c5f,135,0o644,fixture,derived-or-reference,n/a,0,0,PR236-M043,PR236-S008,resolved,0
fptnclient_ios,FptnVPN.xcodeproj/xcuserdata/stanislav.xcuserdatad/xcschemes/xcschememanagement.plist,9e0c31622331a7f0c750fa1900e5bb3e7a4ef32e402490de43522edc79180868,342,0o644,configuration,authoritative-source,n/a,1,0,PR236-M043,PR236-S008,resolved,0
fptnclient_ios,FptnVPNTests/FptnVPNTests.swift,0e405a93b1e525797e6a54741df5a1a9d1839a1d09e750598ffa148594116eab,478,0o644,implementation,authoritative-source,Swift,1,0,PR236-M051,PR236-S008,resolved,0
fptnclient_ios,FptnVPNTunnel/AppProxyProvider.swift,6daceab0daacc9b9da292a5a89935397d794cb438d1bddbb7984a2eeaa1d7e18,1385,0o644,implementation,authoritative-source,Swift,1,0,PR236-M052,PR236-S008,resolved,0
fptnclient_ios,FptnVPNTunnel/FptnVPNTunnel.entitlements,1884b94df91e0c7dda2225196d53d0e255704e3dd0cfc555022242a8eedff4b8,449,0o644,configuration,authoritative-source,n/a,1,0,PR236-M052,PR236-S008,resolved,0
fptnclient_ios,FptnVPNTunnel/FptnVPNTunnelDebug.entitlements,05c5d12a8d6ac44dba9f52ac2d646cd3042c609f671d46046eabea872941813e,581,0o644,configuration,authoritative-source,n/a,1,0,PR236-M052,PR236-S008,resolved,0
fptnclient_ios,FptnVPNTunnel/Info.plist,84da844e80867903241d8cfc7697e2fcdef1155e1757fa75e8eea2fef4e6a901,423,0o644,configuration,authoritative-source,n/a,1,0,PR236-M052,PR236-S008,resolved,0
fptnclient_ios,FptnVPNUITests/FptnVPNUITests.swift,625c998b4c05ae8324c9c4ba393e55e84ee67c7cb892dd9a30aff53af99d8fd1,1303,0o644,implementation,authoritative-source,Swift,1,1,PR236-M053,PR236-S008,resolved,0
fptnclient_ios,FptnVPNUITests/FptnVPNUITestsLaunchTests.swift,c66848da6315ae87a95723e99666070c4cb1c938e7bd6ebdfedfc895754aceac,816,0o644,implementation,authoritative-source,Swift,1,1,PR236-M053,PR236-S008,resolved,0
fptnclient_ios,README.md,50319af36770ee30e29632c66073a24c93cde1aa62d293e7549bce8145519c48,1046,0o644,documentation,authoritative-source,n/a,1,0,PR236-M040,PR236-S008,resolved,0
gojq,.dockerignore,354337e8bcd074cc72416f6b2ba2b7894972e07f8834d400f9da4f74168eaa71,121,0o644,fixture,derived-or-reference,n/a,0,0,PR236-M055,PR236-S009,resolved,0
gojq,.gitattributes,74ff97a746074047b9cff225e247120cfa94a1828395b363b9183abdb9359849,114,0o644,fixture,derived-or-reference,n/a,0,0,PR236-M055,PR236-S009,resolved,0
gojq,.github/workflows/ci.yaml,b5e01a9a666e1f4bd56c353c859a65c5e2bf55766260cef111f793cf43fdd15a,4405,0o644,configuration,authoritative-source,n/a,1,0,PR236-M054,PR236-S009,resolved,0
gojq,.gitignore,7ee14f0c9592779b7ce00698ee12415db5dfd392311406568e6de7b4560270f6,50,0o644,repository-administration,derived-or-reference,n/a,0,0,PR236-M055,PR236-S009,resolved,0
gojq,CHANGELOG.md,f78c3bd7ca31852ccafe6a383e38a254ba4cf5b44693b23e4dd0745444ebb392,24388,0o644,documentation,authoritative-source,n/a,0,0,PR236-M055,PR236-S009,resolved,0
gojq,Dockerfile,4f1e8089142cda7e5678a9387dc5e143777ce67a6534c194d06c5515dae96856,303,0o644,fixture,derived-or-reference,n/a,0,0,PR236-M055,PR236-S009,resolved,0
gojq,LICENSE,9f2644f13f17c2d93faa7e715cf3fb150ab37fc9365fbad401cfb50f76ab4233,1079,0o644,fixture,derived-or-reference,n/a,0,0,PR236-M055,PR236-S009,resolved,0
gojq,Makefile,e95511d86ffe0303e5a29dac84671e4d498392cbe51d711dad7c75477cee910c,2549,0o644,configuration,authoritative-source,n/a,1,0,PR236-M055,PR236-S009,resolved,0
gojq,README.md,c3fb008cea4a74687eb8325fb05ac9fb2385badfb488abf1a4096bb0cb089028,11892,0o644,documentation,authoritative-source,n/a,1,0,PR236-M055,PR236-S009,resolved,0
gojq,_gojq,b45ce141402588b446b1cbcc7b21bccacfd62adae55ce8dffe1c56a18430767b,2605,0o644,fixture,derived-or-reference,n/a,0,0,PR236-M055,PR236-S009,resolved,0
gojq,_tools/gen_builtin.go,4801259401aaec74d481d2ca1bf5c184918ad4aa4fbe536a0cc12e8714810d90,2209,0o644,implementation,authoritative-source,Go,1,1,PR236-M056,PR236-S009,resolved,0
gojq,_tools/print_builtin.go,c662da2b1dcb6d70cc49613393b801118b3108e3efe2cab63d5a651363c72738,933,0o644,implementation,authoritative-source,Go,1,1,PR236-M056,PR236-S009,resolved,0
gojq,builtin.go,a3fce496dd9920f617f60e67d1478b523cb5c8c6ff329acb23f251893f7e6f7d,43681,0o644,implementation,authoritative-source,Go,1,1,PR236-M055,PR236-S009,resolved,0
gojq,builtin.jq,70e038f7b258ebbcaec9782473fcf7d1bd5fb34a69400a7911b99ec4aa065e66,5350,0o644,fixture,derived-or-reference,n/a,0,1,PR236-M055,PR236-S009,resolved,0
gojq,cli/cli.go,506563a6882d37b42f293f7317d86ce56bf18fd997179d52658f7c2c3d1922e0,12254,0o644,implementation,authoritative-source,Go,1,1,PR236-M057,PR236-S009,resolved,0
gojq,cli/cli_test.go,f45a785c3d1623f6cdc0ff34f45d6203ed04a818656f93aa2266dfa138d0b5c2,3820,0o644,test,authoritative-source,Go,1,1,PR236-M057,PR236-S009,resolved,0
gojq,cli/color.go,7078581518402a043e2cdbfa95035760e7385caa0ae7bdf6500222f90b43821d,1292,0o644,implementation,authoritative-source,Go,1,1,PR236-M057,PR236-S009,resolved,0
gojq,cli/encoder.go,be20d9f8e90d51f397c2281429b46c74508412f429864513973b3e3b00359b32,5196,0o644,implementation,authoritative-source,Go,1,1,PR236-M057,PR236-S009,resolved,0
gojq,cli/error.go,c9c1ddb0ff69d5cd7cebcbf7aad6902d3551d773e5ec28aba848f42971ad09f7,5035,0o644,implementation,authoritative-source,Go,1,1,PR236-M057,PR236-S009,resolved,0
gojq,cli/error_test.go,12388248182b51c35885121a6643c33ed155a8d03f072b50b6e1392d1ed1a969,2553,0o644,test,authoritative-source,Go,1,1,PR236-M057,PR236-S009,resolved,0
gojq,cli/flags.go,3a5b6341f482082e90c8db63dac4932512837e3ad786cf3057b190c800660179,4808,0o644,implementation,authoritative-source,Go,1,1,PR236-M057,PR236-S009,resolved,0
gojq,cli/inputs.go,96654b54b55333073e8d801bf1ae6f8a3c1ff7334630d1a1b34cf10ad2a77af5,7778,0o644,implementation,authoritative-source,Go,1,1,PR236-M057,PR236-S009,resolved,0
gojq,cli/inputs_test.go,80ccf92fd0652d8025659a90dd295716fbf16509b6c6414b53ba4ed603155703,6253,0o644,test,authoritative-source,Go,1,1,PR236-M057,PR236-S009,resolved,0
gojq,cli/marshaler.go,21979b9f8c5bf42f5fbc72d46322675a4239970c4829421d8b9e5761e39c03e2,880,0o644,implementation,authoritative-source,Go,1,1,PR236-M057,PR236-S009,resolved,0
gojq,cli/run.go,246306b41eafb4fec41951a6c37c31df0feb762539161d895744dd71e1b4f1f4,165,0o644,implementation,authoritative-source,Go,1,1,PR236-M057,PR236-S009,resolved,0
gojq,cli/stream.go,df361bd808319a513518dfbff1d26d727e5ee4b258fbb3c1e4b2a80b359bdec4,2913,0o644,implementation,authoritative-source,Go,1,1,PR236-M057,PR236-S009,resolved,0
gojq,cli/test.yaml,d11ec237d81fb47e3077383d0710e60b9c9470cfd10dca872036aee60547f5b6,192084,0o644,test,authoritative-source,n/a,1,1,PR236-M057,PR236-S009,resolved,0
gojq,cli/testdata/1.jq,e7eeb233f6fbbb9456d5f3cdd98a883a7f788deb632d34a3575c63f307796ce0,9,0o644,fixture,derived-or-reference,n/a,0,1,PR236-M058,PR236-S009,resolved,0
gojq,cli/testdata/1.json,2e26fcc58c15f26b80b63bc9a6255384d91ff187ca069b3d6d470e3695796497,11,0o644,configuration,authoritative-source,n/a,1,1,PR236-M058,PR236-S009,resolved,0
gojq,cli/testdata/1.yaml,6afcef1708bae0a0cfa8660364953d2c171ff73d9331af741bb66b350fb78d2d,64,0o644,configuration,authoritative-source,n/a,1,1,PR236-M058,PR236-S009,resolved,0
gojq,cli/testdata/10.jq,ff686859a5a86be2ba336f6fb2f7ef2c8b5c672e4cd1f2bc60c07c939c7f2e62,18,0o644,fixture,derived-or-reference,n/a,0,1,PR236-M058,PR236-S009,resolved,0
gojq,cli/testdata/11.jq,c50871c441b7df15c329a47b59d1ce7e18b27e55402b1b9b100a7929f89137da,23,0o644,fixture,derived-or-reference,n/a,0,1,PR236-M058,PR236-S009,resolved,0
gojq,cli/testdata/12.jq,b1c0bcc96a7b0bf4382ff62848e62c5d7e0f3b3c4e2712762a62e817b3e589ab,18,0o644,fixture,derived-or-reference,n/a,0,1,PR236-M058,PR236-S009,resolved,0
gojq,cli/testdata/13.jq,4e6abaa1903d6f8f2e1f1d945d42b6dc483b805d74774538d6f94d22e8afeeea,46,0o644,fixture,derived-or-reference,n/a,0,1,PR236-M058,PR236-S009,resolved,0
gojq,cli/testdata/14.jq,1cc66fd373d1419beb2a447f7f7f6f33b1d5cf7c0db4a4316c4c6749e3bb6fe2,6,0o644,fixture,derived-or-reference,n/a,0,1,PR236-M058,PR236-S009,resolved,0
gojq,cli/testdata/2.jq,894014434300adfbfbb55b0a1267fe71867038746180b5c4244c14b4bc45f3f3,28,0o644,fixture,derived-or-reference,n/a,0,1,PR236-M058,PR236-S009,resolved,0
gojq,cli/testdata/2.json,cb321f42b71dc40869db089ec774b0eb60328206b371569e26a2a0a785dbd19c,17,0o644,configuration,authoritative-source,n/a,1,1,PR236-M058,PR236-S009,resolved,0
gojq,cli/testdata/2.yaml,58b661c810af02d91cbf1fd61b3545d3f312feed9a4ab3c1ada6acddac6c426c,36,0o644,configuration,authoritative-source,n/a,1,1,PR236-M058,PR236-S009,resolved,0
gojq,cli/testdata/3.json,a6fb08fda1acb957b6116bd37811a1fe41a01611c0631edbf786d6889a27a55c,2,0o644,configuration,authoritative-source,n/a,1,1,PR236-M058,PR236-S009,resolved,0
gojq,cli/testdata/3.yaml,83b32a4b68e8d2015d7fe1855ab59b9f48aded12e0716a1d7a751b4088d9fac9,42,0o644,configuration,authoritative-source,n/a,1,1,PR236-M058,PR236-S009,resolved,0
gojq,cli/testdata/4.jq,17bca0af5336dabab72d691eeee6e3a34a349fd180adb2f48b729b2a198e7730,95,0o644,fixture,derived-or-reference,n/a,0,1,PR236-M058,PR236-S009,resolved,0
gojq,cli/testdata/4.json,e99131b3581708844ecf5836ee8947cbaaf5a6f89921a00d8f1cc5f143f54efa,23,0o644,configuration,authoritative-source,n/a,1,1,PR236-M058,PR236-S009,resolved,0
gojq,cli/testdata/4.yaml,8c0b68138238a4682239b1a748221b196f5a60ac5389af53da47dde3558ebf67,36,0o644,configuration,authoritative-source,n/a,1,1,PR236-M058,PR236-S009,resolved,0
gojq,cli/testdata/5.jq,19034239999c233ce333d249fd355be98bdd04b88a968050c933c55d69febec6,54,0o644,fixture,derived-or-reference,n/a,0,1,PR236-M058,PR236-S009,resolved,0
gojq,cli/testdata/5.json,acf00250741d5f6dc826bfae151438d982ca1e0e3c02898d09b74442c5352080,520,0o644,configuration,authoritative-source,n/a,1,1,PR236-M058,PR236-S009,resolved,0
gojq,cli/testdata/6.jq,965b79110fa79dce12e326c0860ff3b9ad2eafb2528ad1ec4047bc063303a622,39,0o644,fixture,derived-or-reference,n/a,0,1,PR236-M058,PR236-S009,resolved,0
gojq,cli/testdata/7.jq,4fd854652fde7168187c52dbdf53e45ef2821e2df02671d3191b11d95e06b767,10,0o644,fixture,derived-or-reference,n/a,0,1,PR236-M058,PR236-S009,resolved,0
gojq,cli/testdata/7.json,67005c15b25cf1813474a9a8530985774fbabf688d4a4903bf9405ca9e2b0159,18,0o644,configuration,authoritative-source,n/a,1,1,PR236-M058,PR236-S009,resolved,0
gojq,cli/testdata/8.jq,01ba4719c80b6fe911b091a7c05124b64eeece964e09c058ef8f9805daca546b,1,0o644,fixture,derived-or-reference,n/a,0,1,PR236-M058,PR236-S009,resolved,0
gojq,cli/testdata/8.json,a9aa6ee7cd2a9739e54f101153fbbd8dc4a3ebf0138b0e6756a204f76e9607ec,120,0o644,configuration,authoritative-source,n/a,1,1,PR236-M058,PR236-S009,resolved,0
gojq,cli/testdata/9.jq,eb05dae022131a9fe56f4e95d71e60fb7e77f386ac377d661241ccbacc0cbea9,204,0o644,fixture,derived-or-reference,n/a,0,1,PR236-M058,PR236-S009,resolved,0
gojq,cli/testdata/9.json,514e273767ceec3e590f00622f61fd28e846b3178692524044e81b9f734336f1,671,0o644,configuration,authoritative-source,n/a,1,1,PR236-M058,PR236-S009,resolved,0
gojq,cli/testdata/m1/m1.jq,18402bda822a2e058a8c3e026a74c65077fc28fce9f1af6a679fed65cb90bdfb,37,0o644,fixture,derived-or-reference,n/a,0,1,PR236-M058,PR236-S009,resolved,0
gojq,cli/testdata/m1/m1.json,e8a2c59546cd42147fcd135362dc730bbd906f0c6ee994df06381269549cef4e,18,0o644,configuration,authoritative-source,n/a,1,1,PR236-M058,PR236-S009,resolved,0
gojq,cli/testdata/m2/m2.jq,1003d3b8b76b894fa17314192718f8dd8e5fed69bee47765418e25b9dc955ea8,96,0o644,fixture,derived-or-reference,n/a,0,1,PR236-M058,PR236-S009,resolved,0
gojq,cli/testdata/m2/m3.jq,6e69ac97b7b5a366410b9953fca248cafbccf574e6d82cd89a561d047e4e599a,11,0o644,fixture,derived-or-reference,n/a,0,1,PR236-M058,PR236-S009,resolved,0
gojq,cli/testdata/m2/m3.json,b1ce0aa6fdf3cf349d773243dab9fbbe09d30619f38b0c1e8977e28c4f0bc495,3,0o644,configuration,authoritative-source,n/a,1,1,PR236-M058,PR236-S009,resolved,0
gojq,cli/testdata/m3/m3.jq,d839bd7f4cb87c7618bf432b7720df16522e92005c7fcb807cfe183a234a23e8,11,0o644,fixture,derived-or-reference,n/a,0,1,PR236-M058,PR236-S009,resolved,0
gojq,cmd/gojq/main.go,a171317192400c6b5dd500804b36412bc01de3da543b57583eb9291232a0a160,134,0o644,implementation,authoritative-source,Go,1,1,PR236-M059,PR236-S009,resolved,0
gojq,code.go,634e80c09e1c8fde5adc8b61ab91be23a9fecd3aaa7065f81b3b2203e86cb1c6,1501,0o644,implementation,authoritative-source,Go,1,0,PR236-M055,PR236-S009,resolved,0
gojq,compare.go,fbd752e5869c03a823dfb10fe3aea36cf4bec953835a725fdebc61f49b1fa79d,1369,0o644,implementation,authoritative-source,Go,1,0,PR236-M055,PR236-S009,resolved,0
gojq,compare_test.go,e4f2acfddbc3f679f6c10a0edc842f29b25480c13467ab2d67c4a671c670b37d,1901,0o644,test,authoritative-source,Go,1,0,PR236-M055,PR236-S009,resolved,0
gojq,compiler.go,eb67a91488e1ddaac238a4423c0e15a44e2e167ed54bb1e39bd82a7a235564fd,43490,0o644,implementation,authoritative-source,Go,1,0,PR236-M055,PR236-S009,resolved,0
gojq,compiler_test.go,134c7d0e1f59a4033602fdc26a336b3e1ea414729fa181f0d59804fa7a9fc350,8229,0o644,test,authoritative-source,Go,1,0,PR236-M055,PR236-S009,resolved,0
gojq,debug.go,675b439b13ceaba6436d88ff7927b57a42d8180aa125d38ff562fd7dcb9c5eed,4016,0o644,implementation,authoritative-source,Go,1,0,PR236-M055,PR236-S009,resolved,0
gojq,encoder.go,7e3314b56e3c1f87378365cd2a19eda8558de06686d3dedce8730fba9398fdda,3969,0o644,implementation,authoritative-source,Go,1,0,PR236-M055,PR236-S009,resolved,0
gojq,encoder_test.go,20f07e5b52e4ca9bbbb478a4dda0846733776de7e5420a14bb7f8e3d22966f91,1404,0o644,test,authoritative-source,Go,1,0,PR236-M055,PR236-S009,resolved,0
gojq,env.go,b786f72cbb6fb551fb796ff0b19189631c018210d01f5c396eb49845c9ad0fce,752,0o644,implementation,authoritative-source,Go,1,0,PR236-M055,PR236-S009,resolved,0
gojq,error.go,a5b70089e4c5e631f663e2c1c2184a16655b95a8a2501a82755df3e5ef4e9b47,8365,0o644,implementation,authoritative-source,Go,1,0,PR236-M055,PR236-S009,resolved,0
gojq,execute.go,a9c95583353359521d731d09a50558cfa019f1040e906a130c7f2ee23a1f66d3,9495,0o644,implementation,authoritative-source,Go,1,0,PR236-M055,PR236-S009,resolved,0
gojq,func.go,1df5e744241f86168b05ceadde984caf8d5f2e74de62ee2526b94f1ff8bbc048,44856,0o644,implementation,authoritative-source,Go,1,0,PR236-M055,PR236-S009,resolved,0
gojq,go.dev.mod,72418252eca7eb92f1845a41015483a59221e0f311b2db3a874dc712721c77bd,182,0o644,fixture,derived-or-reference,n/a,0,0,PR236-M055,PR236-S009,resolved,0
gojq,go.dev.sum,eb27a3ee4f308a032a3280c209b8a9a642033665f9449c551dad6fe08d62f1c0,408,0o644,fixture,derived-or-reference,n/a,0,0,PR236-M055,PR236-S009,resolved,0
gojq,go.mod,6194832bbe8898a24ff616b6943a87f7ce73caa7be27619b04547821ffd6bd57,422,0o644,configuration,authoritative-source,n/a,1,0,PR236-M055,PR236-S009,resolved,0
gojq,go.sum,92db6ef2de42422c5d12612d4e8f0d6ff05eb49e4b2597257bc75ec0b7697297,1523,0o644,configuration,authoritative-source,n/a,1,0,PR236-M055,PR236-S009,resolved,0
gojq,gojq.go,a1767be0af0dab2610051134ecf547a3a3478118adc0da303a3f7e188aae39ef,215,0o644,implementation,authoritative-source,Go,1,0,PR236-M055,PR236-S009,resolved,0
gojq,iter.go,00a9c87f136ec6574134c109f737b513cf9616f8bdf78f1094e223fa551e9cf3,790,0o644,implementation,authoritative-source,Go,1,0,PR236-M055,PR236-S009;PR236-S061,resolved,0
gojq,lexer.go,718d06d270813c37776f254c054c51551e05f8996514d3e776e6326694d8a484,10971,0o644,implementation,authoritative-source,Go,1,0,PR236-M055,PR236-S009,resolved,0
gojq,module_loader.go,944fc18e240b2b77d66891bcbe001664fdc0e5a5f323e60ef4b757314555c85f,4231,0o644,implementation,authoritative-source,Go,1,0,PR236-M055,PR236-S009,resolved,0
gojq,operator.go,fdb52ca1d65b2f10602688b54c3518e439b950df3863917719b14fabdbfa6df7,10365,0o644,implementation,authoritative-source,Go,1,0,PR236-M055,PR236-S009,resolved,0
gojq,option.go,e22a413e0fe69cea49d625411760650e9d5e4976b0515bdce9a0f3534dae59ee,3786,0o644,implementation,authoritative-source,Go,1,0,PR236-M055,PR236-S009;PR236-S062,resolved,0
gojq,option_environ_loader_test.go,1697ddb33c644821d03415fa152aa1a9039f2ca3af4d91542baebe533b4d02b7,552,0o644,test,authoritative-source,Go,1,0,PR236-M055,PR236-S009,resolved,0
gojq,option_function_test.go,60647c88f995bde5d2c1d68726adc68acb24d92eba609a21cbe42894297e1dfe,1284,0o644,test,authoritative-source,Go,1,0,PR236-M055,PR236-S009,resolved,0
gojq,option_input_iter_test.go,5edabdc569579ebad4f2f55f22fe5a5d057163e6f381b05e564a20e21c3a4ed1,516,0o644,test,authoritative-source,Go,1,0,PR236-M055,PR236-S009,resolved,0
gojq,option_iter_function_test.go,17bfd098d311662d315d088b317eafdb258bfe3dba647d52c64f32b5574966b1,961,0o644,test,authoritative-source,Go,1,0,PR236-M055,PR236-S009,resolved,0
gojq,option_module_loader_test.go,02a1577e61f7a6f335b66d2a8e385ff0d23986b4915cdafeb00fadcda08293fd,954,0o644,test,authoritative-source,Go,1,0,PR236-M055,PR236-S009,resolved,0
gojq,option_test.go,a6e62c9985655a7195e46ab13a2030d323cb23c2991b545ec8b3010d8ecddc6a,19894,0o644,test,authoritative-source,Go,1,0,PR236-M055,PR236-S009,resolved,0
gojq,option_variables_test.go,a6a4c731ff97b2fd25b6f14ba5ec922c0c47a17d55ed0390eaca903c3170a240,532,0o644,test,authoritative-source,Go,1,0,PR236-M055,PR236-S009,resolved,0
gojq,parser.go,3a62f1f6aa6b7e11111cae13e0d55c4d9bc1e14d1d9c3affddc5413cd3be49c2,38618,0o644,implementation,authoritative-source,Go,1,0,PR236-M055,PR236-S009,resolved,0
gojq,parser.go.y,6013f3d8453536aa9f67bce55c2d56a223ef4a1bdf686ce9ebd595038c8c0af3,14651,0o644,fixture,derived-or-reference,n/a,0,0,PR236-M055,PR236-S009,resolved,0
gojq,preview.go,c4ae18a16e46060902ccafb5f714b27c6252115153f83914ff032b82fdcd2417,1796,0o644,implementation,authoritative-source,Go,1,1,PR236-M055,PR236-S009,resolved,0
gojq,preview_test.go,08372944e9145d9d6dd642507929ec19dd4f4dd5f8646085691cbb04ae36d6f2,2314,0o644,test,authoritative-source,Go,1,1,PR236-M055,PR236-S009,resolved,0
gojq,query.go,8305f0f79b23469d5b117c5a92cd82cc124c75cb033b4641114516ca2cbb8b6a,16399,0o644,implementation,authoritative-source,Go,1,0,PR236-M055,PR236-S009,resolved,0
gojq,query_test.go,5a5eb73d3a1d11504dd1fa814b0f58f33436236308254923bb2cb8d60a3e98ea,8267,0o644,test,authoritative-source,Go,1,0,PR236-M055,PR236-S009;PR236-S063,resolved,0
gojq,release.go,346f98d7198f066379d22d3534d7074b6d2cfad61efd3978296fc77426027c95,253,0o644,implementation,authoritative-source,Go,1,0,PR236-M055,PR236-S009,resolved,0
gojq,scope_stack.go,41fad326730d0cebca6430f94bfcff6cf4633b0459d10a014dc8be1d8a00bc63,791,0o644,implementation,authoritative-source,Go,1,0,PR236-M055,PR236-S009,resolved,0
gojq,stack.go,1f886a3a784f711b980e26f29495322eb6f8b0ffccb741e78576c73fb243b1d8,786,0o644,implementation,authoritative-source,Go,1,0,PR236-M055,PR236-S009,resolved,0
gojq,term_type.go,909eb916009b46c8b0d5cdff48d0b96517a79e23127ac65999482c8938640419,1541,0o644,implementation,authoritative-source,Go,1,0,PR236-M055,PR236-S009,resolved,0
gojq,type.go,0d287c68aacc949fe0cf5949dc2a6bbb40be70d0ca65c24f0d5e49e4cb88dd33,627,0o644,implementation,authoritative-source,Go,1,0,PR236-M055,PR236-S009,resolved,0
gojq,type_test.go,ce80cdd44fc6f3e458eba268007d60f9410d2ab31e4414f7cc52c0d423487040,1010,0o644,test,authoritative-source,Go,1,0,PR236-M055,PR236-S009,resolved,0
haskell_tor,.gitignore,a8b6ac78a9b2655ce54fd848d94963caf5cea3394657e93dc6d119c62367564f,43,0o644,repository-administration,derived-or-reference,n/a,0,0,PR236-M060,PR236-S010,resolved,0
haskell_tor,.gitmodules,d617f21db9d7299f808d51dd3b5a1a9d9c12e2cef044b01dc32bc1a0028b36e1,78,0o644,fixture,derived-or-reference,n/a,0,0,PR236-M060,PR236-S010,resolved,0
haskell_tor,.travis.yml,e692ccfc1ecd3a69f665188f73cfeb233e760cee46bf278c88736c6c56005357,2984,0o644,configuration,authoritative-source,n/a,1,0,PR236-M060,PR236-S010,resolved,0
haskell_tor,LICENSE,a70d8305db12e255d43cd4b122ed0a34f9817034e9eabe51d19a633273b9ffda,1506,0o644,fixture,derived-or-reference,n/a,0,0,PR236-M060,PR236-S010,resolved,0
haskell_tor,README.md,ad0155c88169416e48aebb18a1732f85a6ce7af04efd42c8d394b39d286f9395,4307,0o644,documentation,authoritative-source,n/a,1,0,PR236-M060,PR236-S010,resolved,0
haskell_tor,Setup.hs,5066653559d4d6134b022d66a634a17fdcf8db35d28b447e581fec284afa4689,46,0o644,implementation,authoritative-source,Haskell,1,0,PR236-M060,PR236-S010,resolved,0
haskell_tor,exe/Main.hs,b108bdad2b5b5cf3bf7dade1bb0494b905b2923eebb9fad82d718853ef5f07fc,5979,0o644,implementation,authoritative-source,Haskell,1,0,PR236-M061,PR236-S010,resolved,0
haskell_tor,exe/Tor/Flags.hs,2f91d3d74cb96914c6ae4cf3eaa9ba4218051ef5909f57ac91762a7cc5cd359f,2934,0o644,implementation,authoritative-source,Haskell,1,0,PR236-M061,PR236-S010,resolved,0
haskell_tor,haskell-tor.cabal,38214ac91204af54838db881cff9313ad00905807408afb830f79cfb32bcbd50,7480,0o644,fixture,derived-or-reference,n/a,0,0,PR236-M060,PR236-S010,resolved,0
haskell_tor,src/Crypto/Hash/Easy.hs,28c1e5ec7eb2462304e915bbff9f3ddd115d20c302bbdc827abcff18c89afd0c,1026,0o644,implementation,authoritative-source,Haskell,1,0,PR236-M063,PR236-S010,resolved,0
haskell_tor,src/Crypto/PubKey/RSA/KeyHash.hs,2fa9574b9197d7bb0208f81877a5eacc5c97ebf8b860a9d395c9e99d5bf944d3,890,0o644,implementation,authoritative-source,Haskell,1,0,PR236-M063,PR236-S010,resolved,0
haskell_tor,src/Tor/Circuit.hs,544769ffcf639e9f61d70fc13562c25a27b8cd022495e8fb96ca24d5bd3f0e19,45574,0o644,implementation,authoritative-source,Haskell,1,1,PR236-M064,PR236-S010,resolved,0
haskell_tor,src/Tor/DataFormat/Consensus.hs,e1e409260aeab052b527b889667afc666a5ecf65398bfb2f8bad8758ba862146,10918,0o644,implementation,authoritative-source,Haskell,1,0,PR236-M064,PR236-S010;PR236-S033,resolved,0
haskell_tor,src/Tor/DataFormat/DefaultDirectory.hs,ae18abb32cc388ebe3d3b88b71a73d252d0b88aebce6c2604d1283cbc31f47fa,2205,0o644,implementation,authoritative-source,Haskell,1,0,PR236-M064,PR236-S010,resolved,0
haskell_tor,src/Tor/DataFormat/DirCertInfo.hs,19537832bb5ac69b3bbf63166c448685b37aa1fabe6f7f55efaf9ab0205c0982,2986,0o644,implementation,authoritative-source,Haskell,1,0,PR236-M064,PR236-S010,resolved,0
haskell_tor,src/Tor/DataFormat/Helpers.hs,6a3f9ec6b39a69a29b9941cd5d02850febadcb8a1925164b3a33953d23d78a11,8262,0o644,implementation,authoritative-source,Haskell,1,0,PR236-M064,PR236-S010,resolved,0
haskell_tor,src/Tor/DataFormat/RelayCell.hs,03f3c60b287dca1aecad5fa47e45d64c22f6089a7fbd0fb0405de36c14c0b5ce,21889,0o644,implementation,authoritative-source,Haskell,1,0,PR236-M064,PR236-S010,resolved,0
haskell_tor,src/Tor/DataFormat/RouterDesc.hs,98c07ae147bb8f749a19a00eeeab1a2b91bd1135bfe91105cd4f2d681343d621,16833,0o644,implementation,authoritative-source,Haskell,1,0,PR236-M064,PR236-S010,resolved,0
haskell_tor,src/Tor/DataFormat/TorAddress.hs,9e902a44a2c5d5a7c4172b8359bfccc31be396b489a4dd847087abfa5bcbf1e0,5387,0o644,implementation,authoritative-source,Haskell,1,0,PR236-M064,PR236-S010,resolved,0
haskell_tor,src/Tor/DataFormat/TorCell.hs,c0ceab95d5daafa48560d3c278a6d612da2b269e123f403cef5972de9f5ebdcd,13037,0o644,implementation,authoritative-source,Haskell,1,0,PR236-M064,PR236-S010,resolved,0
haskell_tor,src/Tor/HybridCrypto.hs,e99af92663252b270a8c148970e31f46d06426499c86c81d8796567de3a7aa35,2555,0o644,implementation,authoritative-source,Haskell,1,0,PR236-M064,PR236-S010,resolved,0
haskell_tor,src/Tor/Link/CipherSuites.hs,2b712b60d84e7d968fea184571cc5738e27ba744adeb760c9fe6575a0ef00dcc,14280,0o644,implementation,authoritative-source,Haskell,1,1,PR236-M064,PR236-S010,resolved,0
haskell_tor,src/Tor/Link/DH.hs,f996ce3c52a822484c5ba8731aefca880649017eea398ce1d220bd561e4a2157,534,0o644,implementation,authoritative-source,Haskell,1,0,PR236-M064,PR236-S010,resolved,0
haskell_tor,src/Tor/Link.hs,7e1efcdf620069451083551fde70cc4dadb2140284641d33ebe30427dd274cb7,33715,0o644,implementation,authoritative-source,Haskell,1,0,PR236-M064,PR236-S010,resolved,0
haskell_tor,src/Tor/NetworkStack/Fetch.hs,c0a18b27189397a6d03fa2fee393dfaadf1368c1a8cb44de504eb942fec087da,6336,0o644,implementation,authoritative-source,Haskell,1,0,PR236-M064,PR236-S010,resolved,0
haskell_tor,src/Tor/NetworkStack/Hans.hs,827b9972a3591d2bfa8615564f776280b9a93412e0d02cd107373b7fa1271fee,2769,0o644,implementation,authoritative-source,Haskell,1,0,PR236-M064,PR236-S010,resolved,0
haskell_tor,src/Tor/NetworkStack/System.hs,58fff5f499b361f34fc8893112d9a440c6f6976c23453d90096472f0602d5dd4,2757,0o644,implementation,authoritative-source,Haskell,1,0,PR236-M064,PR236-S010,resolved,0
haskell_tor,src/Tor/NetworkStack.hs,4c990a76122da00cba06301def2131ee105f5985ca23c79afa5c88f0ac21d640,2487,0o644,implementation,authoritative-source,Haskell,1,0,PR236-M064,PR236-S010,resolved,0
haskell_tor,src/Tor/Options.hs,a2bb0c7a4e2b8b4e7f57c99d96e3c02664c488b9fecede9d00a13128ffc4f7ad,6094,0o644,implementation,authoritative-source,Haskell,1,0,PR236-M064,PR236-S010,resolved,0
haskell_tor,src/Tor/RNG.hs,bd885a48f230ca2fdd7550be147db4d12df03d2c2e006113968e6e948f53ecaa,244,0o644,implementation,authoritative-source,Haskell,1,0,PR236-M064,PR236-S010,resolved,0
haskell_tor,src/Tor/RouterDesc/Render.hs,346bbe8f2060bd576b72ca06195a6cca58786289e4aeee7fcb05d18bb1c2e0ae,10431,0o644,implementation,authoritative-source,Haskell,1,0,PR236-M064,PR236-S010,resolved,0
haskell_tor,src/Tor/RouterDesc.hs,ffcb3630ac9a7fe63ea668bc2538ae4b75b1ea2f1a07b27ad64355d2a3dc5f2f,5143,0o644,implementation,authoritative-source,Haskell,1,0,PR236-M064,PR236-S010,resolved,0
haskell_tor,src/Tor/State/CircuitManager.hs,4e45101555a86ee85d68663da705f61b2a0372b5d7277fd81e4285b9fe63ffcb,7381,0o644,implementation,authoritative-source,Haskell,1,1,PR236-M064,PR236-S010;PR236-S034,resolved,0
haskell_tor,src/Tor/State/Credentials.hs,e714835f52ca28b243643cc2536860a8a237faa63c7ab801a0b058788ae228ad,12973,0o644,implementation,authoritative-source,Haskell,1,0,PR236-M064,PR236-S010,resolved,0
haskell_tor,src/Tor/State/Directories.hs,8cf4cc7dc7e0f4d1a493430be285847253533f2d9c3faad20f35fd0f40b13244,8881,0o644,implementation,authoritative-source,Haskell,1,0,PR236-M064,PR236-S010,resolved,0
haskell_tor,src/Tor/State/LinkManager.hs,ac3fee7871337e0b858b92935bd87595fc53ee3a12f3e6948073ad50e6300f2a,4827,0o644,implementation,authoritative-source,Haskell,1,0,PR236-M064,PR236-S010,resolved,0
haskell_tor,src/Tor/State/Routers.hs,89f3439956648ba6b21202297f04a8ec65e2099e82b1707b82deedfbee0cf904,12928,0o644,implementation,authoritative-source,Haskell,1,0,PR236-M064,PR236-S010,resolved,0
haskell_tor,src/Tor.hs,1279c4d58b8c8fd1be150d3f4a035affa5ebfbcb1ee0e2e63d46122fbf1de37b,4382,0o644,implementation,authoritative-source,Haskell,1,0,PR236-M062,PR236-S010,resolved,0
haskell_tor,test/Test/CipherSuite.hs,0989894ca77ded69dbe1af290616252e28649c7a01810b00c3bcdf3516d941e0,3659,0o644,test,authoritative-source,Haskell,1,1,PR236-M065,PR236-S010,resolved,0
haskell_tor,test/Test/Handshakes.hs,7e81552a36faba135a882b9b33bbfd587fdf6251abd9a3e1ca756b6e419205ff,2960,0o644,test,authoritative-source,Haskell,1,0,PR236-M065,PR236-S010;PR236-S035,resolved,0
haskell_tor,test/Test/HybridEncrypt.hs,ac8e526f0dc8c17a6ce7194bf341f0ff977805f09c4acdb4130c50505f9fedf6,1676,0o644,test,authoritative-source,Haskell,1,0,PR236-M065,PR236-S010,resolved,0
haskell_tor,test/Test/Standard.hs,3f9771e6cd1185e7d2a5a8af235f8ae37f45b671718c152c7db14cb278e52a78,714,0o644,test,authoritative-source,Haskell,1,0,PR236-M065,PR236-S010,resolved,0
haskell_tor,test/Test/TorCell.hs,607cbb92a67631141f333abb8b2f68fd11270357da2c41e61704e471f4ee27fa,13072,0o644,test,authoritative-source,Haskell,1,0,PR236-M065,PR236-S010,resolved,0
haskell_tor,test/Test.hs,24329782baef14769d5c3b902758fb6ab60609ae6f08668615dd0715ffcb65f1,210,0o644,test,authoritative-source,Haskell,1,0,PR236-M065,PR236-S010,resolved,0
incy_link_encoder,.gitignore,adb6f1de15639975481c90c728d81430e39996f4d36c252ef4566ed89ddf6e35,65,0o644,repository-administration,derived-or-reference,n/a,0,0,PR236-M066,PR236-S011,resolved,0
incy_link_encoder,.npmignore,35b112d08e6c9ca6dfd225934e4575e46741ab8d3ada07232e4ce8ca310edc30,47,0o644,fixture,derived-or-reference,n/a,0,0,PR236-M066,PR236-S011,resolved,0
incy_link_encoder,LICENSE,385b2f1f8944fee3e59c768307fe213dd305b457c194514316e28a8af91d35f5,1065,0o644,fixture,derived-or-reference,n/a,0,0,PR236-M066,PR236-S011,resolved,0
incy_link_encoder,README.md,f3c347e1e9a4c9c7ad17f059dd05a9748b8ef3becd63b665702cdf39bc57fb37,3446,0o644,documentation,authoritative-source,n/a,1,0,PR236-M066,PR236-S011,resolved,0
incy_link_encoder,assets/incy_assets_a.bin,29047e8cbf382932a491608ae9202e3efe447f2739f81dca25b37019dc24d8f7,4096,0o644,fixture,derived-or-reference,n/a,0,0,PR236-M067,PR236-S011,resolved,0
incy_link_encoder,assets/incy_assets_b.bin,0cc7e650c25b10bd53587f01424bc901810ba6ea43af4dac49a3e7d9c5ac10ec,4096,0o644,fixture,derived-or-reference,n/a,0,0,PR236-M067,PR236-S011,resolved,0
incy_link_encoder,package-lock.json,fada905529963af01b4c7ee6c459cfdc56dd3335fbffa70072cb56a72607cc8e,63953,0o644,configuration,authoritative-source,n/a,1,0,PR236-M066,PR236-S011,resolved,0
incy_link_encoder,package.json,c39d4780d9abbffa6f9a6fc733189ea81d4af64ef8eab55e4f792c6f1ea9dfac,1380,0o644,configuration,authoritative-source,n/a,1,0,PR236-M066,PR236-S011,resolved,0
incy_link_encoder,scripts/gen-keymat.mjs,50b66985e5d7413c195edd77b5d5802ad4863b4700d88e0199fa688f823cc227,1139,0o644,implementation,authoritative-source,JavaScript,1,0,PR236-M068,PR236-S011,resolved,0
incy_link_encoder,src/index.ts,5f6a1a9732c09578cf5b41cc1417d5460709dc294862bfbf87c235e1abba1eeb,9748,0o644,implementation,authoritative-source,TypeScript,1,0,PR236-M069,PR236-S011;PR236-S054,resolved,0
incy_link_encoder,src/keymat.ts,6f12f6ec9de44e8498e2a52da2378c8220cfcf5a722a3273282766a6199179ec,11092,0o644,implementation,authoritative-source,TypeScript,1,0,PR236-M069,PR236-S011;PR236-S055,resolved,0
incy_link_encoder,test/index.test.ts,a5abf146db61b0db0d34747bb0143745d5ec01bb34a5aa4b21cbb0badb9e054a,3693,0o644,implementation,authoritative-source,TypeScript,1,0,PR236-M070,PR236-S011,resolved,0
incy_link_encoder,tsconfig.json,a38c5b9a7ec9f4855acbaf92933710b0f2147c59518d7f6f91da4b8a4259b822,410,0o644,configuration,authoritative-source,n/a,1,0,PR236-M066,PR236-S011,resolved,0
mem_db,.github/workflows/ci.yml,ededc5a884f9c7755fbb6c98e9525f6336ed1e207981ae9689a085fd0ce5aed3,529,0o644,configuration,authoritative-source,n/a,1,0,PR236-M071,PR236-S012,resolved,0
mem_db,.gitignore,0ee3a4dedffef637a301f40ece78007103793823cbca2bf31ef6c8048592cea6,68,0o644,repository-administration,derived-or-reference,n/a,0,0,PR236-M073,PR236-S012,resolved,0
mem_db,.idea/.gitignore,be4cc3de7958b6a973a8c1b41479eed7a40d1bf1a6b9e10402f3e3aead933fd4,228,0o644,repository-administration,derived-or-reference,n/a,0,0,PR236-M072,PR236-S012,resolved,0
mem_db,.idea/mem-stream.iml,cee52f9eee96ce0f5cc5fe41cd272af07b36850f82d2281ceb8c3124cc7ef3a9,283,0o644,fixture,derived-or-reference,n/a,0,0,PR236-M072,PR236-S012,resolved,0
mem_db,.idea/modules.xml,daea8d37932e751dd576283cc631ad27da757b35764ac8291a5692d6b52de849,272,0o644,fixture,derived-or-reference,n/a,0,0,PR236-M072,PR236-S012,resolved,0
mem_db,.idea/vcs.xml,6323e12648862a0a96fc0d7877672817d6cd91e2c2a3c3d78f1090db23c6e88e,167,0o644,fixture,derived-or-reference,n/a,0,0,PR236-M072,PR236-S012,resolved,0
mem_db,Cargo.toml,6c1b114bf36d22e9659d387c696927be251a88151186f4dc7ea5bf2963f0299d,57,0o644,configuration,authoritative-source,n/a,1,0,PR236-M073,PR236-S012,resolved,0
mem_db,README.md,414474d8935fee2a9e9c36a5192dd6bdf5675abae4d40fa188d0dea77c6d1054,2829,0o644,documentation,authoritative-source,n/a,1,0,PR236-M073,PR236-S012,resolved,0
mem_db,client/.vscode/settings.json,10de116b18b7baf47bab78d0d295f983123e8d2437a7b09551551cbd4d077b6a,136,0o644,configuration,authoritative-source,n/a,1,1,PR236-M074,PR236-S012,resolved,0
mem_db,client/Cargo.lock,8470f37a9504192eb99972568f99426513675ed2c60e8ff4c19dc0c90e0e35e6,28478,0o644,fixture,derived-or-reference,n/a,0,1,PR236-M074,PR236-S012,resolved,0
mem_db,client/Cargo.toml,c54a194f8ee39f12d4bc9a75a9937ea6c3c660de50d8389cd993f0537154c5d4,523,0o644,configuration,authoritative-source,n/a,1,1,PR236-M074,PR236-S012,resolved,0
mem_db,client/Dockerfile,1749b4d4ee7ea4bfbe81eef51f67b79eb287a3e6c14df5668ad0702a46c966bd,315,0o644,fixture,derived-or-reference,n/a,0,1,PR236-M074,PR236-S012,resolved,0
mem_db,client/src/api/handlers.rs,b8a368975039d1b90d6f15d8c21664ceb3e8ad24ccbbbcc87461970d9cc77503,23072,0o644,implementation,authoritative-source,Rust,1,1,PR236-M074,PR236-S012,resolved,0
mem_db,client/src/api/mod.rs,4199fd96c1452333b248151ef356719989c6f3c2a98cda68eaee1cbe99881adb,29,0o644,implementation,authoritative-source,Rust,1,1,PR236-M074,PR236-S012,resolved,0
mem_db,client/src/api/router.rs,5c1cb53ad7ecdc3cb0074923dfbbd2de7f0deeecf78222dfa1a2e6420e641f33,1821,0o644,implementation,authoritative-source,Rust,1,1,PR236-M074,PR236-S012,resolved,0
mem_db,client/src/client/client.rs,2a54e119d15a156bf523a7e953321bd7290af6a6ec45eb09451439ed627b8e2c,16380,0o644,implementation,authoritative-source,Rust,1,1,PR236-M074,PR236-S012,resolved,0
mem_db,client/src/client/mod.rs,1aaa3d34c2434ff49abfada1df8e6d3218f065d5056c00951c0983a5b93383cb,29,0o644,implementation,authoritative-source,Rust,1,1,PR236-M074,PR236-S012,resolved,0
mem_db,client/src/client/pool.rs,6a5a76c09d75c30c90e16947b83f2f474d2df1a1f564ef3d2fe1ae6dc0e01f2a,3702,0o644,implementation,authoritative-source,Rust,1,1,PR236-M074,PR236-S012,resolved,0
mem_db,client/src/main.rs,2958e993524882f8a8a734f53454b826d1b4e9f24b8ece4b0db34826634817d6,1025,0o644,implementation,authoritative-source,Rust,1,1,PR236-M074,PR236-S012,resolved,0
mem_db,makefile,2ee8826b43322797e71a34e07a629cc7b4037f7bcee6ee5b501cba6bbba27cc4,974,0o644,configuration,authoritative-source,n/a,1,0,PR236-M073,PR236-S012,resolved,0
mem_db,server/.vscode/settings.json,10de116b18b7baf47bab78d0d295f983123e8d2437a7b09551551cbd4d077b6a,136,0o644,configuration,authoritative-source,n/a,1,0,PR236-M075,PR236-S012,resolved,0
mem_db,server/Cargo.lock,8aa018dea859e0f0661cf002af2e3056bae372eef1eac320d5b4a1d705531453,19422,0o644,fixture,derived-or-reference,n/a,0,0,PR236-M075,PR236-S012,resolved,0
mem_db,server/Cargo.toml,02252d1f500b7ccf91a206c778f9eeb337f5096a1b2b1b7df60445e540f3fd7f,398,0o644,configuration,authoritative-source,n/a,1,0,PR236-M075,PR236-S012,resolved,0
mem_db,server/Dockerfile,c5163c5f461fa7d79261080d399949278375dcccbe50d5630ef8989fb551bc9a,253,0o644,fixture,derived-or-reference,n/a,0,0,PR236-M075,PR236-S012,resolved,0
mem_db,server/src/conf.rs,7c630994178ce9e599e1f68f65bb4a1fa331026cc98f00661bf86d44a09501f7,1679,0o644,implementation,authoritative-source,Rust,1,0,PR236-M075,PR236-S012,resolved,0
mem_db,server/src/db/aof.rs,358b4e4ae4e41cc7c21f73bf72280a56d170aff6bd3c09d96d917cfbd0c2ee7a,13791,0o644,implementation,authoritative-source,Rust,1,0,PR236-M075,PR236-S012;PR236-S049,resolved,0
mem_db,server/src/db/db.rs,acfa607af81e7587682e820d7cb5ed81b57695729d8e19ce6c6534470ff35e53,20485,0o644,implementation,authoritative-source,Rust,1,0,PR236-M075,PR236-S012,resolved,0
mem_db,server/src/db/groups.rs,17576408c727ddeb0f83fa6e8ac8de32a8eb267703ec87ef9dfef1cedc723f72,8593,0o644,implementation,authoritative-source,Rust,1,0,PR236-M075,PR236-S012,resolved,0
mem_db,server/src/db/kv.rs,d33547f2b81cc121ba24fa73f12a6a0940edde0ad3dcdbd7d3f502935a6be99c,7426,0o644,implementation,authoritative-source,Rust,1,0,PR236-M075,PR236-S012,resolved,0
mem_db,server/src/db/lru.rs,d06f3acdd123ebaf7d046c67756d14c128cb58a50c950a304040eb0bb8f6a167,4062,0o644,implementation,authoritative-source,Rust,1,0,PR236-M075,PR236-S012;PR236-S050,resolved,0
mem_db,server/src/db/mod.rs,c731d419760c3f157a0ec7c2d9abdd0f5e4985a9b697282ef7f5277469cf08c9,99,0o644,implementation,authoritative-source,Rust,1,0,PR236-M075,PR236-S012,resolved,0
mem_db,server/src/db/pipeline.rs,f857ebd2838632eb99d98b4e4ad516581562891af693305f3912ea641d6e0d16,15766,0o644,implementation,authoritative-source,Rust,1,0,PR236-M075,PR236-S012,resolved,0
mem_db,server/src/db/seg_list.rs,6bced4ffc269406ec17607337b1702deebc6f3ddd9a92db47c4688246dfd099e,13002,0o644,implementation,authoritative-source,Rust,1,0,PR236-M075,PR236-S012,resolved,0
mem_db,server/src/db/seg_log.rs,b42cd80404efa28e4664c5484fa9a5634113f8cddfb8d7190baa9ee7df32176b,16325,0o644,implementation,authoritative-source,Rust,1,0,PR236-M075,PR236-S012,resolved,0
mem_db,server/src/ha.rs,b11b0959171a57fc92e152a31d292b75ccf387c262452d15122bc80d6054745f,7264,0o644,implementation,authoritative-source,Rust,1,0,PR236-M075,PR236-S012;PR236-S051,resolved,0
mem_db,server/src/main.rs,d8838a6a7828f9122e2592db238da927f0bba547c3fb66e555014d7c8cbcdb9d,1701,0o644,implementation,authoritative-source,Rust,1,0,PR236-M075,PR236-S012,resolved,0
mem_db,server/src/server/codec.rs,4362bc3c402060bb2d6d85da7509c5721521ca9d3609d0dd83527a300d3b0e0f,1683,0o644,implementation,authoritative-source,Rust,1,0,PR236-M075,PR236-S012,resolved,0
mem_db,server/src/server/mod.rs,b608b81f92166d2668b91a299d5fb86eb89902eb8d6d85669081b1298f98ed09,42,0o644,implementation,authoritative-source,Rust,1,0,PR236-M075,PR236-S012,resolved,0
mem_db,server/src/server/proto.rs,f61f9a811fc527cea493c0502a2ff90e2c19efff9677892066aac757f2bbc8b1,14361,0o644,implementation,authoritative-source,Rust,1,0,PR236-M075,PR236-S012,resolved,0
mem_db,server/src/server/server.rs,48c9075cfbda74b78a9ab215c98af7dfca63806fca092957dd3b5d4fd6a1f08d,11300,0o644,implementation,authoritative-source,Rust,1,0,PR236-M075,PR236-S012,resolved,0
njuconnect,.github/workflows/main.yml,b3d542b2a75c5279ae275ecb70cb37820e24b16bd4218f7a852d3429c66138e5,2997,0o644,configuration,authoritative-source,n/a,1,0,PR236-M076,PR236-S013,resolved,0
njuconnect,.gitignore,e39e0dc08ff94866ba3a047635cab6670d1dfd6d097e90627fbb6e91447de96a,485,0o644,repository-administration,derived-or-reference,n/a,0,0,PR236-M077,PR236-S013,resolved,0
njuconnect,README.md,30abe7b4f0be9e2b7090ab665e13b15bb5d008470f396586ca4a4055f2566001,1341,0o644,documentation,authoritative-source,n/a,1,0,PR236-M077,PR236-S013,resolved,0
njuconnect,core/EasyConnectClient.go,039858461bb309e96a8b50b4ab00390dc4a6060e3c4f0ea631762e3f5796566d,2489,0o644,implementation,authoritative-source,Go,1,1,PR236-M078,PR236-S013;PR236-S056,resolved,0
njuconnect,core/protocol.go,cc21b1d89b9cad2c5950c74fa71946f2771f40ac5eaffe6be0d37cdd1e5c355b,5082,0o644,implementation,authoritative-source,Go,1,0,PR236-M078,PR236-S013;PR236-S057,resolved,0
njuconnect,core/socks.go,fac1db841f8645d5f2f864825b8f1043978561c99f7b9f1d91326569feb4891c,1411,0o644,implementation,authoritative-source,Go,1,0,PR236-M078,PR236-S013,resolved,0
njuconnect,core/tun_stack.go,e91b963a03da79ae950bef2e9fea8970ca82d7faadc9506e0f42c13a25d7bf3d,2947,0o644,implementation,authoritative-source,Go,1,0,PR236-M078,PR236-S013,resolved,0
njuconnect,core/web_login.go,b8d1cd1394260b59eea37f7a931b721fa4d4d3412d44679b7cbe6a3097978e73,7663,0o644,implementation,authoritative-source,Go,1,1,PR236-M078,PR236-S013,resolved,0
njuconnect,go.mod,d36ac4fe9dd77aaaecfec95f336dc29360410e58a8c945b924ef6668d5f48e60,2249,0o644,configuration,authoritative-source,n/a,1,0,PR236-M077,PR236-S013,resolved,0
njuconnect,go.sum,7b7b99298de4bb470835a4350346540f3353c7b4b61ebc2f42fde165c3dc2e8a,69525,0o644,configuration,authoritative-source,n/a,1,0,PR236-M077,PR236-S013,resolved,0
njuconnect,gui/component/adapter.go,7e465eb1cf0de8c24ee99874b970952f0f84398cdb3913a5bd9225226e582986,680,0o644,implementation,authoritative-source,Go,1,1,PR236-M079,PR236-S013,resolved,0
njuconnect,gui/component/window.go,4175ce98e78fe0f90479608568b1f72893fdef192a4723501b9a13457e8ac64d,2838,0o644,implementation,authoritative-source,Go,1,1,PR236-M079,PR236-S013,resolved,0
njuconnect,gui/gui_entry.go,8f05c1f6dacb021ea0f7f0401040f52be29b589f02ed2e703ad31349368d9cef,97,0o644,implementation,authoritative-source,Go,1,1,PR236-M079,PR236-S013,resolved,0
njuconnect,main.go,d07737aa8851bbf4246e8a0ed513e688033699bd80ab9e55a2d8e442698f3be2,2235,0o644,implementation,authoritative-source,Go,1,0,PR236-M077,PR236-S013,resolved,0
outline_ss_server,.github/dependabot.yml,8d0493f26f3b4441f6702347f56b2e2a605042b5935b05260390d619d56ecf4f,182,0o644,configuration,authoritative-source,n/a,1,0,PR236-M080,PR236-S014,resolved,0
outline_ss_server,.github/workflows/build.yml,42831c0ec9f1d212777b91aad5a63040178c4a76a58f16d72ef18e797632e64a,1096,0o644,configuration,authoritative-source,n/a,1,1,PR236-M080,PR236-S014,resolved,0
outline_ss_server,.github/workflows/release.yml,4d1e34886c97801f5844368944634fa569d0a61ff74fd7980d2116897663a847,3334,0o644,configuration,authoritative-source,n/a,1,0,PR236-M080,PR236-S014,resolved,0
outline_ss_server,.gitignore,d628c284726ceb783b53b16dabdec1e58b705e518db9cfab83b7be6c9c86f256,421,0o644,repository-administration,derived-or-reference,n/a,0,0,PR236-M081,PR236-S014,resolved,0
outline_ss_server,.gitmodules,dc3b29bc5ee5bb5a12de3227079ba5d13568747116d66de95b897e8d3c2b8cbf,109,0o644,fixture,derived-or-reference,n/a,0,0,PR236-M081,PR236-S014,resolved,0
outline_ss_server,.goreleaser.yml,461ffb3baf9be3fa6fa0eb7ee1cf80a7c5c1432e4c40169ca181814ed0e91d31,1406,0o644,configuration,authoritative-source,n/a,1,0,PR236-M081,PR236-S014,resolved,0
outline_ss_server,.travis.yml,be42bdc79f2cb0b407cbb06ecbb1fa27fd6bf92dbedf170c4e1d1b3bb8f5b2b4,101,0o644,configuration,authoritative-source,n/a,1,0,PR236-M081,PR236-S014,resolved,0
outline_ss_server,LICENSE,c71d239df91726fc519c6eb72d318ec65820627232b2f796219e87dcf35d0ab4,11357,0o644,fixture,derived-or-reference,n/a,0,0,PR236-M081,PR236-S014,resolved,0
outline_ss_server,README.md,42408f3b8e2d816e8ce1047ff4742dd8c21cca09ea5234ac7a52b5636aff6ed2,454,0o644,documentation,authoritative-source,n/a,1,0,PR236-M081,PR236-S014,resolved,0
outline_ss_server,client/client.go,5462ab226d3ed5752ba233d83a3612b881a57fe958c18e71e260bd3a2a74660f,16856,0o644,implementation,authoritative-source,Go,1,1,PR236-M082,PR236-S014,resolved,0
outline_ss_server,client/client_test.go,7b404780ead784134cbad147b5ad7db1bca47c6cc16d63808a14795647783ce4,9634,0o644,test,authoritative-source,Go,1,1,PR236-M082,PR236-S014,resolved,0
outline_ss_server,client/logger.go,f8e099f20d3b92b4bc4ae05579db2bda574f787e34a47054298bcaf7d2e78e65,254,0o644,implementation,authoritative-source,Go,1,1,PR236-M082,PR236-S014,resolved,0
outline_ss_server,client/nat.go,747dc868454fae8274b2c22f515623bd37111b39e2712bc793091de86ef04379,5482,0o644,implementation,authoritative-source,Go,1,1,PR236-M082,PR236-S014,resolved,0
outline_ss_server,client/service.go,e74cf162a248fe70935761ed9da14a853e920e7c6c0728fbdcd1a5ac1172dfc2,301,0o644,implementation,authoritative-source,Go,1,1,PR236-M082,PR236-S014,resolved,0
outline_ss_server,client/tcp.go,343c35f1ee5d80ba57f77b44a62f7bb28f43f83a8fcb0044f302417c54d52d1e,10188,0o644,implementation,authoritative-source,Go,1,1,PR236-M082,PR236-S014,resolved,0
outline_ss_server,client/udp.go,7723d40f1cfadbbcd0d8739435cea6e9eb63469cabdb1de9986e40b80a500cf3,8805,0o644,implementation,authoritative-source,Go,1,1,PR236-M082,PR236-S014,resolved,0
outline_ss_server,cmd/outline-ss-client/main.go,ac80122c4044a3f057b44903251c8a2497a7aa30e9d54900eb9be2fbcc975f3b,6116,0o644,implementation,authoritative-source,Go,1,1,PR236-M083,PR236-S014,resolved,0
outline_ss_server,cmd/outline-ss-server/main.go,189b6524449bce829482622a0a073ff4c99ab7d65b36b09a12cf57a8b6de587c,9418,0o644,implementation,authoritative-source,Go,1,1,PR236-M083,PR236-S014,resolved,0
outline_ss_server,config_example.yml,6fe06601e26650efca6be184e368b47a3f148f28191dab7462c63753efadd5f9,263,0o644,configuration,authoritative-source,n/a,1,0,PR236-M081,PR236-S014,resolved,0
outline_ss_server,go.mod,cec3de19b49a27737ffd689b28a4c4f619c7b06fdfb7290b199b01292ffb5907,1325,0o644,configuration,authoritative-source,n/a,1,0,PR236-M081,PR236-S014,resolved,0
outline_ss_server,go.sum,a68291f62b8817cf2d24530825f38934a043e9d6202359abb4e56326e202cf73,51109,0o644,configuration,authoritative-source,n/a,1,0,PR236-M081,PR236-S014,resolved,0
outline_ss_server,integration_test/integration_test.go,701e67e925cd584ea74929a5cc6c5ad54f3a9cfbadec75ac930a8eba33473de3,11550,0o644,test,authoritative-source,Go,1,0,PR236-M084,PR236-S014,resolved,0
outline_ss_server,logging/zap.go,7c6ceb7fe239d86e0c276442fb68d055df8c009010c6f8a54725e3c4abea8cdc,2331,0o644,implementation,authoritative-source,Go,1,0,PR236-M085,PR236-S014,resolved,0
outline_ss_server,net/net.go,b2b9198ae9625c2026d5d9b3165258fb63f5e25eceb2a8ccf46f690cbab7de91,3348,0o644,implementation,authoritative-source,Go,1,0,PR236-M086,PR236-S014,resolved,0
outline_ss_server,net/net_default.go,a54c1378573ff072825868b8ff03b04da54faf928ad831263c289dca4cddf5de,623,0o644,implementation,authoritative-source,Go,1,0,PR236-M086,PR236-S014,resolved,0
outline_ss_server,net/net_linux.go,004427fe15e1b3e3502c5b4cfbe37f974db27af0da2e598ebd43b1ba6f8ff2a4,2962,0o644,implementation,authoritative-source,Go,1,0,PR236-M086,PR236-S014,resolved,0
outline_ss_server,net/private_net.go,1e6725a137060b94cb30f8722e880f02d768adff373c759b13c74081e8ded6d5,1801,0o644,implementation,authoritative-source,Go,1,0,PR236-M086,PR236-S014,resolved,0
outline_ss_server,net/private_net_test.go,eebdbf67e84c2ab26f924572bdc351a568ae237910b52a160d56fe1a4b8ba86e,2217,0o644,test,authoritative-source,Go,1,0,PR236-M086,PR236-S014,resolved,0
outline_ss_server,prometheus_example.yml,c98781b0634881a13a8bd0388a02a0c2923dbf9e0e58e124e1f59ac74c8e5d88,860,0o644,configuration,authoritative-source,n/a,1,0,PR236-M081,PR236-S014,resolved,0
outline_ss_server,service/PROBES.md,4fafb23a84f2c6233be607a81d30f0940e1c5fb913897f97f4fafd4eacf9d9c9,4598,0o644,documentation,authoritative-source,n/a,0,1,PR236-M087,PR236-S014,resolved,0
outline_ss_server,service/cipher_list.go,d9050135d60aab5cec8b8b1e8cf507c1294ef2ffd690fa4c8c5c606079e35db0,3516,0o644,implementation,authoritative-source,Go,1,1,PR236-M087,PR236-S014;PR236-S071,resolved,0
outline_ss_server,service/cipher_list_test.go,2a86557db5c37c719519b5c208187980050806fecbcb84606e8eb071eef952b6,1862,0o644,test,authoritative-source,Go,1,1,PR236-M087,PR236-S014,resolved,0
outline_ss_server,service/cipher_list_testing.go,d940847ae04ebdd6d2a74ec7a53925a9d27fbee0e4f7fe892e7d4f1ccd681d0b,1284,0o644,implementation,authoritative-source,Go,1,1,PR236-M087,PR236-S014,resolved,0
outline_ss_server,service/logger.go,471e769a04b8dc041465619c540382c726f124f6bdf7827083cf4492c2a5f929,255,0o644,implementation,authoritative-source,Go,1,1,PR236-M087,PR236-S014,resolved,0
outline_ss_server,service/metrics/metrics.go,f76d870c72dac419a0dd59b4aaf5e225433d222d291b40f88db2b27872c8b244,11862,0o644,implementation,authoritative-source,Go,1,1,PR236-M087,PR236-S014,resolved,0
outline_ss_server,service/metrics/metrics_test.go,c360daec6a4bd49298421015282d207b382dc89d0526c6537b2727836d6e460e,3578,0o644,test,authoritative-source,Go,1,1,PR236-M087,PR236-S014,resolved,0
outline_ss_server,service/nat.go,3889ee74f4216b14ff8a4d8761fa4e741f221caac91a0af734d6aa4bf1f1cca5,10623,0o644,implementation,authoritative-source,Go,1,1,PR236-M087,PR236-S014,resolved,0
outline_ss_server,service/replay.go,4e2705c819f0d8eb9039a09940961d569b73ea85c5b9020ca378a2da1787fe2a,4384,0o644,implementation,authoritative-source,Go,1,1,PR236-M087,PR236-S014;PR236-S069,resolved,0
outline_ss_server,service/replay_test.go,e3ab618be732d50ff9ea6c5f131f43605640c3dfd4ce0c744129d239ec6f285d,3391,0o644,test,authoritative-source,Go,1,1,PR236-M087,PR236-S014,resolved,0
outline_ss_server,service/server_salt.go,4a7b29437f321f2adbb65266ec8b45ffc251842268554cb2d4ef419841177387,3992,0o644,implementation,authoritative-source,Go,1,1,PR236-M087,PR236-S014;PR236-S070,resolved,0
outline_ss_server,service/server_salt_test.go,e019cc1a62f8dd0d4514918ae195246159e07f1970fd21091086a29831a2e4ae,3845,0o644,test,authoritative-source,Go,1,1,PR236-M087,PR236-S014,resolved,0
outline_ss_server,service/tcp.go,ad522aab985a75d99780f7ef72c6073767580035b34134954e1c178c90df04db,16903,0o644,implementation,authoritative-source,Go,1,1,PR236-M087,PR236-S014,resolved,0
outline_ss_server,service/tcp_test.go,676fdd2dc69fe287df1bcdf98fa8fa2b687f1ad25bddc68d851f0e8783970072,21310,0o644,test,authoritative-source,Go,1,1,PR236-M087,PR236-S014,resolved,0
outline_ss_server,service/udp.go,50dd520d7b963dfab0e53e5fa786047f90f5e593a58f591850288f1cc805f7fe,16555,0o644,implementation,authoritative-source,Go,1,1,PR236-M087,PR236-S014,resolved,0
outline_ss_server,service/udp_test.go,2f79affada19bb090160b465b556fe64b98eb169215a31a1aabe55b7df1881a9,17499,0o644,test,authoritative-source,Go,1,1,PR236-M087,PR236-S014,resolved,0
outline_ss_server,shadowsocks/cipher.go,84cce80dc3fffa1c1ddb48d22510859deacfff75a5017091fd459923be150253,6627,0o644,implementation,authoritative-source,Go,1,0,PR236-M088,PR236-S014,resolved,0
outline_ss_server,shadowsocks/cipher_test.go,8cf53615f98435598d24a85fc2ded295364dfb0611ae66eb62a9b49d3b2d5255,1839,0o644,test,authoritative-source,Go,1,0,PR236-M088,PR236-S014,resolved,0
outline_ss_server,shadowsocks/cipher_testing.go,f921dc6730f2836507d9cb90e7e466cdaa964a5a69ba3fe16837592ccffa8b6c,1177,0o644,implementation,authoritative-source,Go,1,0,PR236-M088,PR236-S014,resolved,0
outline_ss_server,shadowsocks/header.go,43b697d568a6eced11768290437ae42adacf023eef1a36024fbfdd89d6e76abe,11084,0o644,implementation,authoritative-source,Go,1,0,PR236-M088,PR236-S014,resolved,0
outline_ss_server,shadowsocks/packet.go,5e0e157417a050135ea09aed08ec49e36a8abc411755ce421061ac7b581f4676,4216,0o644,implementation,authoritative-source,Go,1,0,PR236-M088,PR236-S014,resolved,0
outline_ss_server,shadowsocks/salt.go,9d6b5e550443af919b54cc5f2a2f0ae8b3c97721788a8b44c530d73ae8510caa,1685,0o644,implementation,authoritative-source,Go,1,0,PR236-M088,PR236-S014,resolved,0
outline_ss_server,shadowsocks/salt_test.go,16e6706154171931df49fa62e5f1bfc477558ebba57d61db52dc000bd33f1e13,1182,0o644,test,authoritative-source,Go,1,0,PR236-M088,PR236-S014,resolved,0
outline_ss_server,shadowsocks/stream.go,9a2a2bacc686c202746dfb3135ae68ede80c42f0bad9f870e040fe964e65a302,16021,0o644,implementation,authoritative-source,Go,1,0,PR236-M088,PR236-S014,resolved,0
outline_ss_server,shadowsocks/stream_test.go,8d28266f65f760a5edce72a2b4f8d7a957125e3f3fd5721c4a04f46574f6d857,9344,0o644,test,authoritative-source,Go,1,0,PR236-M088,PR236-S014,resolved,0
outline_ss_server,slicepool/slicepool.go,643926a790fbdd4c1c8ffc5509a489546075aac64073a2c9c3259133c66d3da4,2301,0o644,implementation,authoritative-source,Go,1,0,PR236-M089,PR236-S014,resolved,0
outline_ss_server,slicepool/slicepool_test.go,feb1e07c3818c3f3d1bd2cb749257476018b8491e0f786b5828f94303fa15c55,990,0o644,test,authoritative-source,Go,1,0,PR236-M089,PR236-S014,resolved,0
outline_ss_server,socks/socks.go,20d4bf2be491f68ca44e91b3937f278ecb4f8c7318a381f403e599fbfdeb5a3e,7836,0o644,implementation,authoritative-source,Go,1,0,PR236-M090,PR236-S014,resolved,0
phantom,.gitignore,187b8a9ab4482b5e25ecb98a32107ecf244b2f5b5ae9acc2c72684b4e8d6803f,128,0o644,repository-administration,derived-or-reference,n/a,0,0,PR236-M091,PR236-S015,resolved,0
phantom,LICENSE,70176b56df3ce4ee8ab5d740d2fa2588bf2e5e1b7145312c9aadba06fcc41d42,1069,0o644,fixture,derived-or-reference,n/a,0,0,PR236-M091,PR236-S015,resolved,0
phantom,MANUAL.md,01fe4e2783715d1f87e7d6c0de989a3a346b7fe308a79be3729c813bcf22fab3,21139,0o644,documentation,authoritative-source,n/a,1,0,PR236-M091,PR236-S015,resolved,0
phantom,README.md,d74bcfb7d55a50ffb2f1ab89cdc919d8578ecfdaf03bb020c3ed708263bf182c,16521,0o644,documentation,authoritative-source,n/a,1,0,PR236-M091,PR236-S015,resolved,0
phantom,app/__init__.py,01ba4719c80b6fe911b091a7c05124b64eeece964e09c058ef8f9805daca546b,1,0o644,implementation,authoritative-source,Python,1,0,PR236-M092,PR236-S015,resolved,0
phantom,app/config.py,f75bd4aea70db55d503c49362bf1daa390c12233b05596f2347779366cb56ec2,5274,0o644,implementation,authoritative-source,Python,1,0,PR236-M092,PR236-S015,resolved,0
phantom,app/fptn.py,eb1c6828004e30af91fee9529069d56b4eca3eeb81a7baf0b7cfc0c8123bd51a,3321,0o644,implementation,authoritative-source,Python,1,0,PR236-M092,PR236-S015,resolved,0
phantom,app/main.py,a588d0b0a1607ca2848c9e0486cb312b4df682310513cc083ea5734c3dfb0810,28683,0o644,implementation,authoritative-source,Python,1,0,PR236-M092,PR236-S015,resolved,0
phantom,app/node_agent_grpc.py,a996fc101a2affb97fcabdfe54c610bb78a282669cd8222860024d73384706d4,3916,0o644,implementation,authoritative-source,Python,1,0,PR236-M092,PR236-S015,resolved,0
phantom,app/service.py,2b0395e883f82867c28dc1d514e896364545bbdd31d168131437355bd78255cf,110100,0o644,implementation,authoritative-source,Python,1,1,PR236-M092,PR236-S015,resolved,0
phantom,data/.gitkeep,01ba4719c80b6fe911b091a7c05124b64eeece964e09c058ef8f9805daca546b,1,0o644,fixture,derived-or-reference,n/a,0,0,PR236-M093,PR236-S015,resolved,0
phantom,deploy/backup.sh,e6007446a321ddcd2000d2ca07d0d1a65f2275de07abd4cc4cdfa8cb29dbbd23,2991,0o755,script,authoritative-source,Shell,1,0,PR236-M094,PR236-S015;PR236-S021,resolved,0
phantom,deploy/panel-auto-deploy.sh,e166205f4a261b98b163760d0a7ed2a827f2f66e9588ba6830288496be27c001,13691,0o755,script,authoritative-source,Shell,1,0,PR236-M094,PR236-S015,resolved,0
phantom,deploy/panel.env.example,76913089d229c75cc71dd7fff47fe4d4e316ed1ec8d78418f58cac39d730abbe,856,0o644,fixture,derived-or-reference,n/a,0,0,PR236-M094,PR236-S015,resolved,0
phantom,deploy/phantom-backup.service,4d8de4358cabdc4f99d5a64d6c3f4f4fe98a68dd39e022016529efd2112cc909,167,0o644,fixture,derived-or-reference,n/a,0,1,PR236-M094,PR236-S015,resolved,0
phantom,deploy/phantom-backup.timer,1946149f10be731b846e60c3c9ebcbf5a972ee2ff69b1943cde21db9c4a56844,157,0o644,fixture,derived-or-reference,n/a,0,0,PR236-M094,PR236-S015,resolved,0
phantom,deploy/phantom-control-plane.service,98ccefa63c1580f90b5ed2b8e64a23597b89a18b7622ec82211c64d3d847821d,573,0o644,fixture,derived-or-reference,n/a,0,1,PR236-M094,PR236-S015,resolved,0
phantom,deploy/restore.sh,166dab5fda2f6d20b15dca927785912d889992d42b370c968824c27159f333b3,3583,0o755,script,authoritative-source,Shell,1,0,PR236-M094,PR236-S015;PR236-S022,resolved,0
phantom,easy-deploy.sh,43e87f1fe2c7b849d689f504d14714bb207c6be1f39aed6a395728e7f7b424cd,5457,0o755,script,authoritative-source,Shell,1,0,PR236-M091,PR236-S015,resolved,0
phantom,fptn-config/.gitkeep,01ba4719c80b6fe911b091a7c05124b64eeece964e09c058ef8f9805daca546b,1,0o644,fixture,derived-or-reference,n/a,0,0,PR236-M095,PR236-S015,resolved,0
phantom,node-controller/README.md,5ab48ccf8d1787dc81d96540dd6ddd1bc6ec7856d3a77b93f13a016faa4ae67f,9024,0o644,documentation,authoritative-source,n/a,1,1,PR236-M096,PR236-S015,resolved,0
phantom,node-controller/agent.py,15a9e1a71a0e0e900804c54db75ab5c7cc55620ef96246d67c643b836ebb3f11,23907,0o644,implementation,authoritative-source,Python,1,1,PR236-M096,PR236-S015;PR236-S023,resolved,0
phantom,node-controller/auto-deploy.sh,596101c4fb775e486236259c5d68effa0c3d22c97ada544557a386b0ba9cbafc,12451,0o644,script,authoritative-source,Shell,1,1,PR236-M096,PR236-S015,resolved,0
phantom,node-controller/config.env.example,6337cc91628516662c52b04fb5d168fc13f4c155baeabffc6db7131171d53480,1178,0o644,fixture,derived-or-reference,n/a,0,1,PR236-M096,PR236-S015,resolved,0
phantom,node-controller/install-fptn-node.sh,01978dcffc1133d08c5ee026687314cb12f80d7876af1c0356154ff5c2fe827f,20861,0o644,script,authoritative-source,Shell,1,1,PR236-M096,PR236-S015,resolved,0
phantom,node-controller/install-via-github.sh,08e62712eaa7de1b385356fa03da14615b5c41a6e5b155c9d98f8b04d7d25b7b,2185,0o755,script,authoritative-source,Shell,1,1,PR236-M096,PR236-S015,resolved,0
phantom,node-controller/install.sh,3f4338feae94ee90e9ea2fbcd3707576a7365d5a90128d3300fa967919b959d6,956,0o644,script,authoritative-source,Shell,1,1,PR236-M096,PR236-S015,resolved,0
phantom,node-controller/phantom-node-controller.service,0b899e001358e0b42aff2d311cffffcadbdb6e25f33b69b0996b5c9c7cf0cf66,501,0o644,fixture,derived-or-reference,n/a,0,1,PR236-M096,PR236-S015,resolved,0
phantom,requirements.txt,4db3577217710e41dff19e86836db8a522504c621eb108a65915af40c03a9850,117,0o644,fixture,derived-or-reference,n/a,0,1,PR236-M091,PR236-S015,resolved,0
phantom,static/css/app.css,1fbd5858df016ecb77f9feda9b751082e159a5bc1d5d4cfa63b3f24903915317,10417,0o644,fixture,derived-or-reference,n/a,0,0,PR236-M097,PR236-S015,resolved,0
phantom,templates/_accuracy.html,a2b6bc612b695217a1d35fe1111a00541b3e729c4677914ee87608c848112298,1289,0o644,fixture,derived-or-reference,n/a,0,1,PR236-M098,PR236-S015,resolved,0
phantom,templates/_flash.html,f62a711306f44fe155a63725e23ddfb19e191e2a604f27fef8d1c859c46b3a37,227,0o644,fixture,derived-or-reference,n/a,0,1,PR236-M098,PR236-S015,resolved,0
phantom,templates/_nodes_grid.html,8cb1199a8c86bc1e413757c1ce7ce8e1029e508920dd6649e45d46d1cbbc50cd,2627,0o644,fixture,derived-or-reference,n/a,0,1,PR236-M098,PR236-S015,resolved,0
phantom,templates/_sessions_table.html,360923f2b3b215a3ab48b0e0feb995e47fac5f899155a3a9e79e131833e0e89f,1580,0o644,fixture,derived-or-reference,n/a,0,1,PR236-M098,PR236-S015,resolved,0
phantom,templates/_users_table.html,0affbe2ba106e567852ddbfd6f38a3dbccfd10bda12136b99583fffb0ff646e5,5494,0o644,fixture,derived-or-reference,n/a,0,1,PR236-M098,PR236-S015,resolved,0
phantom,templates/base.html,564b3cfd789273666cc0e27f894bab366377257f027df2ba1d1875bc38ab6849,5460,0o644,fixture,derived-or-reference,n/a,0,1,PR236-M098,PR236-S015,resolved,0
phantom,templates/dashboard.html,d1c1a83d1cffdbd6801cf464b0153d8b191ac9881604141c4c3f9ebcbc44bf6a,6498,0o644,fixture,derived-or-reference,n/a,0,1,PR236-M098,PR236-S015,resolved,0
phantom,templates/index.html,cf2582c5ed0f0689d36b8b40811be089f8abbac41d44df388b37fa4a37092e3e,26018,0o644,fixture,derived-or-reference,n/a,0,1,PR236-M098,PR236-S015,resolved,0
phantom,templates/login.html,f2b7cff9c62db975bea879085a8f2bddd9f81370d38ec728e1fdf0487940faf7,2563,0o644,fixture,derived-or-reference,n/a,0,1,PR236-M098,PR236-S015,resolved,0
phantom,templates/nodes.html,3c13a254f4f61854e6b172b3ef159d12f39c5eef09892d7f5a0e330a05a6b14c,16076,0o644,fixture,derived-or-reference,n/a,0,1,PR236-M098,PR236-S015,resolved,0
phantom,templates/sessions.html,fdcbbfb873c384dd7ac1a508322f6c4492664d11a2014146d3a5f6c19296e48e,1473,0o644,fixture,derived-or-reference,n/a,0,1,PR236-M098,PR236-S015,resolved,0
phantom,templates/settings.html,d38eff48af38eb854a10afcdb820d325bd50453641f7bb22b97e39d66f46ab7d,10056,0o644,fixture,derived-or-reference,n/a,0,1,PR236-M098,PR236-S015,resolved,0
phantom,templates/users.html,b84acb6306781bf3a3e42da66436a0ce5ab82abecc188e75e4836cc69fab0326,6283,0o644,fixture,derived-or-reference,n/a,0,1,PR236-M098,PR236-S015,resolved,0
pion_transport,.github/.gitignore,f66f8135057a3464b8272c04851dc753d1ae76020f68b33ca65348671e70caaa,110,0o644,repository-administration,derived-or-reference,n/a,0,0,PR236-M099,PR236-S016,resolved,0
pion_transport,.github/fetch-scripts.sh,2667c4949fbd60fca20daf40b19422ddfa8c0688c0837a9208a6341b6172549c,896,0o755,script,authoritative-source,Shell,1,0,PR236-M099,PR236-S016,resolved,0
pion_transport,.github/install-hooks.sh,382db88828b0ef01695bba06decc3337f85754f2f4fb4ed3a5f9cac62a472acb,594,0o755,script,authoritative-source,Shell,1,0,PR236-M099,PR236-S016,resolved,0
pion_transport,.github/workflows/api.yaml,200d208b9248a8f5136ef3efab5ee389c8b699f9fa893fd5504f03b4a3cacaa3,588,0o644,configuration,authoritative-source,n/a,1,0,PR236-M099,PR236-S016,resolved,0
pion_transport,.github/workflows/codeql-analysis.yml,48269b7f1cf344c5438f5ec77a95ca5e9e0373838f575fd50ea6c6de2759605d,720,0o644,configuration,authoritative-source,n/a,1,0,PR236-M099,PR236-S016,resolved,0
pion_transport,.github/workflows/fuzz.yaml,b19ff60465d09f2eea6f0e77120148c00d3e36a74daa173bc5665203f7aff1fe,738,0o644,configuration,authoritative-source,n/a,1,0,PR236-M099,PR236-S016,resolved,0
pion_transport,.github/workflows/lint.yaml,5abc3fd577235c9e95a5c861470b40e5ddfeefe44d74714c14589d7d1d3be2f4,589,0o644,configuration,authoritative-source,n/a,1,0,PR236-M099,PR236-S016,resolved,0
pion_transport,.github/workflows/release.yml,186105b594960aa29bbf2b282117c52845698eadd2ed9a076fa30d99230d9a22,680,0o644,configuration,authoritative-source,n/a,1,0,PR236-M099,PR236-S016,resolved,0
pion_transport,.github/workflows/renovate-go-sum-fix.yaml,202e5baa731807d0b2684ca4ed5c7129c3273aa7fa671064b3699bf82eaa9751,695,0o644,configuration,authoritative-source,n/a,1,0,PR236-M099,PR236-S016,resolved,0
pion_transport,.github/workflows/reuse.yml,2436e2af6a2780f1eabdeed6e6b78585bbc865bb3c019d46898fe4fdee9cd77f,617,0o644,configuration,authoritative-source,n/a,1,0,PR236-M099,PR236-S016,resolved,0
pion_transport,.github/workflows/test.yaml,87a409f66f0697c8649a4ef38f07a350d668bc86dd80f0252d18cf5165b91406,1751,0o644,test,authoritative-source,n/a,1,0,PR236-M099,PR236-S016,resolved,0
pion_transport,.github/workflows/tidy-check.yaml,fb482637605aed68dc74864394864902561128cfdc4db78d6792fb2c1e50f17b,706,0o644,configuration,authoritative-source,n/a,1,0,PR236-M099,PR236-S016,resolved,0
pion_transport,.gitignore,26c8d940512f913ec054898bb41bfd1881612fb1eeafc5c224406b622528a560,410,0o644,repository-administration,derived-or-reference,n/a,0,0,PR236-M101,PR236-S016,resolved,0
pion_transport,.golangci.yml,22607d76a7cfbc3e952ecc60f9de593feeefbb95c6197c0713cf76207d863b9b,8374,0o644,configuration,authoritative-source,n/a,1,0,PR236-M101,PR236-S016,resolved,0
pion_transport,.goreleaser.yml,f3b7781cbf13be4d84270fd859f8ca5600096636e97e7885ddc43144f4996f2d,121,0o644,configuration,authoritative-source,n/a,1,0,PR236-M101,PR236-S016,resolved,0
pion_transport,.reuse/dep5,f8653ef2fcacfaaa1e6d1ef52cac1042d43f761dd696e6320c9bf8d1b52453bf,588,0o644,fixture,derived-or-reference,n/a,0,0,PR236-M100,PR236-S016,resolved,0
pion_transport,LICENSE,87272dba8c4fcf57101a3195f4f53f7b010b6e153b9b0977bb1a3f91acddf691,1093,0o644,fixture,derived-or-reference,n/a,0,0,PR236-M101,PR236-S016,resolved,0
pion_transport,LICENSES/BSD-3-Clause.txt,5a93d5831e1297ab10fe643e1a631e83be392896da14ee2951285a79012df69d,1460,0o644,fixture,derived-or-reference,n/a,0,0,PR236-M102,PR236-S016,resolved,0
pion_transport,LICENSES/MIT.txt,b85dcd3e453d05982552c52b5fc9e0bdd6d23c6f8e844b984a88af32570b0cc0,1078,0o644,fixture,derived-or-reference,n/a,0,0,PR236-M102,PR236-S016,resolved,0
pion_transport,README.md,fa753617118fd20b7454e54285c6fbf4b233e7da42c580ea68a02b819af5a925,2256,0o644,documentation,authoritative-source,n/a,1,0,PR236-M101,PR236-S016,resolved,0
pion_transport,codecov.yml,acd983a7d96ccdf5e32435d6b7a3d87809eceb93debc99bdaadfa9343014daa2,461,0o644,configuration,authoritative-source,n/a,1,0,PR236-M101,PR236-S016,resolved,0
pion_transport,deadline/deadline.go,9e63d561b703a83e83905b3c04fd3746647b2da06e4521cf2770fd0b7dbece84,2253,0o644,implementation,authoritative-source,Go,1,0,PR236-M103,PR236-S016,resolved,0
pion_transport,deadline/deadline_test.go,e69e680a8d1c5982bd33c11c34b8ceac0d9fdd57975af697358de4c00180e6cf,4329,0o644,test,authoritative-source,Go,1,0,PR236-M103,PR236-S016,resolved,0
pion_transport,deadline/timer.go,dba09f1fd95f12ab480e0929d209556a8de7ed76ea94d40e80d607a8690d27b1,205,0o644,implementation,authoritative-source,Go,1,0,PR236-M103,PR236-S016,resolved,0
pion_transport,deadline/timer_generic.go,b60b7e9c1f6d7c5f3664acd8bfa3376b76218953d222421b2deaf8024c81fdfb,251,0o644,implementation,authoritative-source,Go,1,0,PR236-M103,PR236-S016,resolved,0
pion_transport,deadline/timer_js.go,332f9867db2de99d77a90bd2cb7803aaaee51b9e00b1b4018d4cc8c77073ca1d,991,0o644,implementation,authoritative-source,Go,1,0,PR236-M103,PR236-S016,resolved,0
pion_transport,dpipe/dpipe.go,6f6ba566117a9e4af6d540d3b1b7bd94e7d7eb3b1b9a88cebd632fb61042c81c,3037,0o644,implementation,authoritative-source,Go,1,0,PR236-M104,PR236-S016,resolved,0
pion_transport,dpipe/dpipe_test.go,aaeb96a0aad239d1d01ffa5a5245b834d4c19b907ada578e3fc38ab985948fc1,2270,0o644,test,authoritative-source,Go,1,0,PR236-M104,PR236-S016,resolved,0
pion_transport,examples/vnet-udpproxy/README.md,c1cbd9da500c438ed7e0d86245ee72a81e3afb15ef27c2f9a3a1c65362b59791,1173,0o644,documentation,authoritative-source,n/a,1,0,PR236-M105,PR236-S016,resolved,0
pion_transport,examples/vnet-udpproxy/main.go,32294809819b4253a72587508581c103160f93fa510612d35beed0ff6f4f1948,2319,0o644,implementation,authoritative-source,Go,1,0,PR236-M105,PR236-S016,resolved,0
pion_transport,go.mod,853943d88fa81bf514518069ff5dbd3510b50041ad7bf3a9dd6b3b6f178f1452,331,0o644,configuration,authoritative-source,n/a,1,0,PR236-M101,PR236-S016,resolved,0
pion_transport,go.sum,07995d72ff59d8e430110f9189d453807b9f860ffb251e54e406a8dba672d634,1344,0o644,configuration,authoritative-source,n/a,1,0,PR236-M101,PR236-S016,resolved,0
pion_transport,logging/logger.go,cec25cbdc6873515c6bb34ffa7c9b74dd6d1b681867fc8b5579fc8a25c1fca45,7079,0o644,implementation,authoritative-source,Go,1,0,PR236-M106,PR236-S016,resolved,0
pion_transport,logging/logging_test.go,e325628f9b7395acf85ebc49be7326de77b94280eabe51d9d576d44b22e734a1,7732,0o644,test,authoritative-source,Go,1,0,PR236-M106,PR236-S016,resolved,0
pion_transport,logging/scoped.go,e89ee1ba660a6b9e649ca23b9de2644ca49db2d0f50cc2dbbd41591c952b9d9a,1985,0o644,implementation,authoritative-source,Go,1,0,PR236-M106,PR236-S016,resolved,0
pion_transport,net.go,0be09e9fadba876c64f8c63d3a19cbb19b1fb8b6cedc967d282d313665825dd7,16985,0o644,implementation,authoritative-source,Go,1,0,PR236-M101,PR236-S016,resolved,0
pion_transport,netctx/conn.go,a66a184ffd5376f846a76acda34ea8976d8727022cb0ec4e16e26a0e1785aead,3924,0o644,implementation,authoritative-source,Go,1,0,PR236-M107,PR236-S016,resolved,0
pion_transport,netctx/conn_test.go,664a5d011c9f78209a4236ce6519b2df4f6708c54d02a11ae2c6c15e4c3126a4,6088,0o644,test,authoritative-source,Go,1,0,PR236-M107,PR236-S016,resolved,0
pion_transport,netctx/packetconn.go,59ea089d51498fe6b425230415e69282386171d1304ab779aff36be0e516b526,4080,0o644,implementation,authoritative-source,Go,1,0,PR236-M107,PR236-S016,resolved,0
pion_transport,netctx/packetconn_test.go,d92133ba22d6c5663c0f865fa8ea5602c82f3ae7512bbf458a59b43371ffa578,7067,0o644,test,authoritative-source,Go,1,0,PR236-M107,PR236-S016,resolved,0
pion_transport,netctx/pipe.go,4321b4e9526406894f54abc56f3f7ceac46e3628e823c68c0f45c95503c21afd,258,0o644,implementation,authoritative-source,Go,1,0,PR236-M107,PR236-S016,resolved,0
pion_transport,packetio/buffer.go,a489fb0d51b4fcf6025a338edc695561827dd110e6be0f6d69c6d0138577b8d8,7628,0o644,implementation,authoritative-source,Go,1,0,PR236-M108,PR236-S016,resolved,0
pion_transport,packetio/buffer_test.go,26cec033af247302a21a311a9477cdd52e20f42343dbc3881797b4d9b4c7d779,15197,0o644,test,authoritative-source,Go,1,0,PR236-M108,PR236-S016,resolved,0
pion_transport,packetio/errors.go,3e1e2ac7445131fd53be2a86877279eada0dbf3be0c0a9bffbdcb2558b33b824,595,0o644,implementation,authoritative-source,Go,1,0,PR236-M108,PR236-S016,resolved,0
pion_transport,packetio/hardlimit.go,0a74f71a729ca68c978f613488feb5f91bad7fe59208ecd939040f0608991dd1,213,0o644,implementation,authoritative-source,Go,1,0,PR236-M108,PR236-S016,resolved,0
pion_transport,packetio/no_hardlimit.go,490b43730972772f58b5a633ce674729c699bcc32a0c59f5412a2c5f59c28def,216,0o644,implementation,authoritative-source,Go,1,0,PR236-M108,PR236-S016,resolved,0
pion_transport,renovate.json,cf1f3f0896bb8e416317ea6ff19716de11ba3ae2b3d19987c506eda1f0dd0703,123,0o644,configuration,authoritative-source,n/a,1,0,PR236-M101,PR236-S016,resolved,0
pion_transport,replaydetector/fixedbig.go,8ad3d9525c50612c8181148adc3d1b7defe0bfe6133ba2c786b969c5b7af925f,1581,0o644,implementation,authoritative-source,Go,1,0,PR236-M109,PR236-S016,resolved,0
pion_transport,replaydetector/fixedbig_test.go,cf3434a6ed5e59b7a5d72d13dbeb0a4ae497349b55cdc4fac2c0cd3c52cd7f11,1573,0o644,test,authoritative-source,Go,1,0,PR236-M109,PR236-S016,resolved,0
pion_transport,replaydetector/replaydetector.go,5ae0d449062c82d80fb23898e4526e322f2b28c1e79da905366ffcbe097bd89b,3438,0o644,implementation,authoritative-source,Go,1,0,PR236-M109,PR236-S016;PR236-S064,resolved,0
pion_transport,replaydetector/replaydetector_test.go,a56d3ef5c1624a26042daecdd07e19fbfb5d8d0c1afcb3ef99058e697ca8b7b8,8230,0o644,test,authoritative-source,Go,1,0,PR236-M109,PR236-S016,resolved,0
pion_transport,reuseport/control_default.go,dbcbc6130c87423b137158302e5e19694ea536260db7c1f7819aa50cd5f7f8b0,253,0o644,implementation,authoritative-source,Go,1,0,PR236-M110,PR236-S016,resolved,0
pion_transport,reuseport/control_unix.go,706d703e859ceb050974fa50a9f2178326fa573a27d982eccc93cc54dfba6101,482,0o644,implementation,authoritative-source,Go,1,0,PR236-M110,PR236-S016,resolved,0
pion_transport,reuseport/control_windows.go,d2af78d712d84a7da53f2373c15d367e0acedb1b433a4b7206065427a759d712,400,0o644,implementation,authoritative-source,Go,1,0,PR236-M110,PR236-S016,resolved,0
pion_transport,reuseport/reuse_test.go,1d00972e00406b227be3222634d458a9575cc0f73e1bd3debdaab968afca6009,1998,0o644,test,authoritative-source,Go,1,0,PR236-M110,PR236-S016,resolved,0
pion_transport,reuseport/reuseport.go,a0296e250f4f8f030fca3177667777e4d5070ae4da3da775455887f3609070bb,187,0o644,implementation,authoritative-source,Go,1,0,PR236-M110,PR236-S016,resolved,0
pion_transport,stdnet/net.go,5e44f88daa2ef524e9864aa135201c4e25bc3298c637bab081b0d6e66e0967ea,4819,0o644,implementation,authoritative-source,Go,1,0,PR236-M111,PR236-S016,resolved,0
pion_transport,stdnet/net_test.go,bcb41c9d4d4e0e162fe2989e1a96056f400f47f81de3cd6b02b60599d633c9c5,8221,0o644,test,authoritative-source,Go,1,0,PR236-M111,PR236-S016,resolved,0
pion_transport,test/bridge.go,039539666616e53a6210b71d60b658d571af3088730d62fddeb7273561b09c60,10526,0o644,implementation,authoritative-source,Go,1,0,PR236-M112,PR236-S016,resolved,0
pion_transport,test/bridge_test.go,0799dd4b6a4f876d4ef1ab38dc729fbd784bd6afa2ffb72423e445bf5b553fce,8264,0o644,test,authoritative-source,Go,1,0,PR236-M112,PR236-S016,resolved,0
pion_transport,test/connctx.go,88ac6703a8c17b3755142c375fe609ea0b02ee91fa18fe3a88a4482c1e3477f9,730,0o644,implementation,authoritative-source,Go,1,0,PR236-M112,PR236-S016,resolved,0
pion_transport,test/rand.go,fdcfdfdea458a664c899c82d4e6858d5dfbabb6dd9afbaa4feb0c32f3e2f1cf2,856,0o644,implementation,authoritative-source,Go,1,0,PR236-M112,PR236-S016,resolved,0
pion_transport,test/stress.go,ec69220e2c3245285358d6ce414be864cf13fe554c4d0e9950dd4e4ae124fbeb,2796,0o644,implementation,authoritative-source,Go,1,0,PR236-M112,PR236-S016,resolved,0
pion_transport,test/test.go,308a98d49e0f3cbfdcd53fa4c31d1df197e7434891d149463c592c0c289bb07d,349,0o644,test,authoritative-source,Go,1,0,PR236-M112,PR236-S016,resolved,0
pion_transport,test/test_test.go,f690a0cd141f91a741b74ba145bb4dcc466b2dbc1c8d293e1ffd9626f8a6d204,692,0o644,test,authoritative-source,Go,1,0,PR236-M112,PR236-S016,resolved,0
pion_transport,test/util.go,02348a8b4e409cdaa76889e844f494c89f7ede729d0419d51a76a845e335cb60,4084,0o644,implementation,authoritative-source,Go,1,0,PR236-M112,PR236-S016,resolved,0
pion_transport,test/util_nowasm.go,7986024d12f4105eb9964f912f12b3bfde9f6b46e46aa58d950d5aea61133a7a,204,0o644,implementation,authoritative-source,Go,1,0,PR236-M112,PR236-S016,resolved,0
pion_transport,test/util_test.go,356ad5f3d07592280cbe07d0a32e48e30754a1af0cbc97e50f2114a2876ecf42,1090,0o644,test,authoritative-source,Go,1,0,PR236-M112,PR236-S016,resolved,0
pion_transport,test/util_wasm.go,c9d6446fd66378f5913d81269f1bd15b4d5492a470736ee7f16a9b9264d7b2e8,357,0o644,implementation,authoritative-source,Go,1,0,PR236-M112,PR236-S016,resolved,0
pion_transport,udp/batchconn.go,98d71134f227e08fd9e65fafe750921448ef4068a8b90cec65351f67e26b4866,6605,0o644,implementation,authoritative-source,Go,1,0,PR236-M113,PR236-S016,resolved,0
pion_transport,udp/batchconn_test.go,898f13c5c4609850287d4508db4b6901a3bfc2b6cdd28ddab0743e5c5afe4256,6733,0o644,test,authoritative-source,Go,1,0,PR236-M113,PR236-S016,resolved,0
pion_transport,udp/conn.go,8dac456099ca5f67e3cf6c12e1803b54a287f9b0cbc3c6eacdd95709e4f2922a,9494,0o644,implementation,authoritative-source,Go,1,0,PR236-M113,PR236-S016,resolved,0
pion_transport,udp/conn_test.go,51a16eae14945dd86e407e4b46ab001a08915efb87f6ab110294e7f9cf202106,11954,0o644,test,authoritative-source,Go,1,0,PR236-M113,PR236-S016,resolved,0
pion_transport,utils/xor/xor_arm.go,d80127ae82d29521e90201d1f5bc996ce9359577b4132dcc5673c42c1c7c73a5,1359,0o644,implementation,authoritative-source,Go,1,0,PR236-M114,PR236-S016,resolved,0
pion_transport,utils/xor/xor_arm.s,fb381997d32eafb79c27493d7b3cd5a2edd5943019be14ba0284e8dadd676bb9,1939,0o644,fixture,derived-or-reference,n/a,0,0,PR236-M114,PR236-S016,resolved,0
pion_transport,utils/xor/xor_generic.go,6da1f17fcba3d3dfffdabb2936ba4e5379b6117c86f4c1b74a77df8d4311c097,486,0o644,implementation,authoritative-source,Go,1,0,PR236-M114,PR236-S016,resolved,0
pion_transport,utils/xor/xor_old.go,cb41ed75e4d4c30af2f68c6451801155404edac0731cf308b5ce4bf200433396,2191,0o644,implementation,authoritative-source,Go,1,0,PR236-M114,PR236-S016,resolved,0
pion_transport,utils/xor/xor_test.go,cdbf4f2d675ba58dce02412ea672de7ed48adb99b294c78711f5fa554452dcc2,2034,0o644,test,authoritative-source,Go,1,0,PR236-M114,PR236-S016,resolved,0
pion_transport,vnet/.gitignore,80cea58da12ec2c4a727888b3587b93fea337fc1aaeca1eb9fd6b3da75f0a2f7,110,0o644,repository-administration,derived-or-reference,n/a,0,0,PR236-M115,PR236-S016,resolved,0
pion_transport,vnet/README.md,a7e63786c4b2be3c09aeb1dba028676b1b8cb993daeae4556355a89fee6f22b8,9229,0o644,documentation,authoritative-source,n/a,1,0,PR236-M115,PR236-S016,resolved,0
pion_transport,vnet/chunk.go,9f7c22d4a6bb8245b1e42780089c6173283df5cca241c404d5a4d550f35aff4d,5843,0o644,implementation,authoritative-source,Go,1,0,PR236-M115,PR236-S016,resolved,0
pion_transport,vnet/chunk_queue.go,155dd1b39e0b42130956a0de241d2f78fb3c1a71da793823d7902782bc6ab43e,1265,0o644,implementation,authoritative-source,Go,1,0,PR236-M115,PR236-S016,resolved,0
pion_transport,vnet/chunk_queue_test.go,148365eade24207832d6afd6a81d29629f683716f43ebebb0252da1f9b9d9038,1314,0o644,test,authoritative-source,Go,1,0,PR236-M115,PR236-S016,resolved,0
pion_transport,vnet/chunk_test.go,9ee4f09cdc16fe9bc1df6e474961753b00a0332408c999e85be4f1944b36b78b,4594,0o644,test,authoritative-source,Go,1,0,PR236-M115,PR236-S016,resolved,0
pion_transport,vnet/conn.go,2d879a5d8f33ddfce36577560124a314149b891e1c9b96c084856c779c1a6ce2,8486,0o644,implementation,authoritative-source,Go,1,0,PR236-M115,PR236-S016,resolved,0
pion_transport,vnet/conn_map.go,e7fd90e41e363309608ab073d63c06d8b950f3d7d50364e0a6f1929c2c27452f,2898,0o644,implementation,authoritative-source,Go,1,0,PR236-M115,PR236-S016,resolved,0
pion_transport,vnet/conn_map_test.go,0f43d5ca9a9782ea59a05d79b52aafea70e21e07bad479446ac9c1a8ab815ae2,7126,0o644,test,authoritative-source,Go,1,0,PR236-M115,PR236-S016,resolved,0
pion_transport,vnet/conn_test.go,4bc00037ca0efece67ea3ac4242ac634571453a12ae969632e28539935ed0c43,6373,0o644,test,authoritative-source,Go,1,0,PR236-M115,PR236-S016,resolved,0
pion_transport,vnet/delay_filter.go,4229f81ad2258f4b3b86743db21b828e4e742a91bd334b993acc3ef1267e2667,4263,0o644,implementation,authoritative-source,Go,1,0,PR236-M115,PR236-S016,resolved,0
pion_transport,vnet/delay_filter_test.go,21d6018339de7312b9ce9829b7e8383986bb422004b22b4c0f039fc77189ea5e,5252,0o644,test,authoritative-source,Go,1,0,PR236-M115,PR236-S016,resolved,0
pion_transport,vnet/duplication_filter.go,24c8b2cd4420c56938a16160ea1625d10b516f175c074d65ed743574a0a928d1,10234,0o644,implementation,authoritative-source,Go,1,0,PR236-M115,PR236-S016,resolved,0
pion_transport,vnet/duplication_filter_test.go,8fd4f029b0ebce75430a97868f63cd660eb7a55ec6080aa40109e7425903cd08,23137,0o644,test,authoritative-source,Go,1,0,PR236-M115,PR236-S016,resolved,0
pion_transport,vnet/errors.go,a1c81805564d92406168dc7e57051b24c0e79881da2f22e212c6f47ec5e36516,352,0o644,implementation,authoritative-source,Go,1,0,PR236-M115,PR236-S016,resolved,0
pion_transport,vnet/loss_filter.go,48dae47f9e2ceeed4109207e0fd9824420cf1318ae609cd15b8efe29368d48e2,8883,0o644,implementation,authoritative-source,Go,1,0,PR236-M115,PR236-S016,resolved,0
pion_transport,vnet/loss_filter_test.go,fc01cc00a3674053e0a07ce21038ae5e914cb8627cd9ae97a2639dd1adf8cfa7,30025,0o644,test,authoritative-source,Go,1,0,PR236-M115,PR236-S016,resolved,0
pion_transport,vnet/nat.go,3421dc9dc7f4ad299844fd9b9ec68b5fac5faf40e2cf61ffc5843ca7e19610aa,10310,0o644,implementation,authoritative-source,Go,1,0,PR236-M115,PR236-S016;PR236-S065,resolved,0
pion_transport,vnet/nat_test.go,5b5eadfbfe9a332107e513c22c4a9ed0049d5d1e5a706fe2f8ca852d6978f950,22078,0o644,test,authoritative-source,Go,1,0,PR236-M115,PR236-S016,resolved,0
pion_transport,vnet/net.go,ec50e490487d87e0372e7a44c93f100292cc3d95dbd90584b60eb033dfe9b3c3,15550,0o644,implementation,authoritative-source,Go,1,0,PR236-M115,PR236-S016,resolved,0
pion_transport,vnet/net_test.go,d58aee61eff239636f888a5a32cd430f37f939c981e2142a0123cf189fb11ea0,25967,0o644,test,authoritative-source,Go,1,0,PR236-M115,PR236-S016,resolved,0
pion_transport,vnet/queue.go,9fe753b1e8d9a1b3a8779aff846c051a789890e1831711890440d24ed45b459d,1465,0o644,implementation,authoritative-source,Go,1,0,PR236-M115,PR236-S016,resolved,0
pion_transport,vnet/queue_test.go,4e41c081dd72d15d2bc6b5c9fe7da66db913afb4940b93c0108833c18e64c649,2656,0o644,test,authoritative-source,Go,1,0,PR236-M115,PR236-S016,resolved,0
pion_transport,vnet/resolver.go,306d8f464889780cc06d1c8ee48a7b38b237c50e258b50cc6aabd3041ab73cbf,1860,0o644,implementation,authoritative-source,Go,1,0,PR236-M115,PR236-S016,resolved,0
pion_transport,vnet/resolver_test.go,6ff57bcd9f68d35095b0705f421a04a983431888c1d2b456f88407032d8a6a10,1978,0o644,test,authoritative-source,Go,1,0,PR236-M115,PR236-S016,resolved,0
pion_transport,vnet/router.go,6521cdabe9914aa4575cfe7cb9e27fa89013f67ede18eec5f919cd8a0cec8b37,15035,0o644,implementation,authoritative-source,Go,1,0,PR236-M115,PR236-S016,resolved,0
pion_transport,vnet/router_test.go,b456363fdfb8ed63c0f08fdfd7b128b3ab7b414af8bc78bb4b8e012b53a8b15a,18064,0o644,test,authoritative-source,Go,1,0,PR236-M115,PR236-S016,resolved,0
pion_transport,vnet/stress_test.go,adf1023ee545d68062a7234b0acc3cdb9f16c13cf66519d3688fea704174ad7b,4202,0o644,test,authoritative-source,Go,1,0,PR236-M115,PR236-S016,resolved,0
pion_transport,vnet/tbf_queue.go,b55828eb1ffdc8a1f08319707fd9b95baf9edf94affb158796576982cf791ec8,2023,0o644,implementation,authoritative-source,Go,1,0,PR236-M115,PR236-S016;PR236-S066,resolved,0
pion_transport,vnet/tbf_queue_test.go,db3edf8138fd4af968a1b152f330d8ffe6d6d53d20e19b281ac6345c2a60d988,1785,0o644,test,authoritative-source,Go,1,0,PR236-M115,PR236-S016,resolved,0
pion_transport,vnet/udpproxy.go,07023568a923c73535ee307b8c7d284e14abcf6ee24447b6ca05a9753c2d6ac5,6187,0o644,implementation,authoritative-source,Go,1,0,PR236-M115,PR236-S016,resolved,0
pion_transport,vnet/udpproxy_direct.go,b3e5efe5913af01b58e1a7f38ab0cc1b9f810d0d6188ac2d87f869bd971a4fb0,1307,0o644,implementation,authoritative-source,Go,1,0,PR236-M115,PR236-S016,resolved,0
pion_transport,vnet/udpproxy_direct_test.go,a92cf1ec524956db9967c15d86b7f00e65cecdd4b19063d25122f06b488a46fc,8634,0o644,test,authoritative-source,Go,1,0,PR236-M115,PR236-S016,resolved,0
pion_transport,vnet/udpproxy_test.go,771e3638b8661f38da6af975549eb82846c2a13629116b879be6380990d30637,15247,0o644,test,authoritative-source,Go,1,0,PR236-M115,PR236-S016,resolved,0
pion_transport,vnet/vnet.go,2f7e6c1b5b00bcb92a7daa7432553bd5f7b132eb144f1777b817a50071f16191,173,0o644,implementation,authoritative-source,Go,1,0,PR236-M115,PR236-S016,resolved,0
proxychains_ng,.gitignore,6bcc4311e368bcc999a7273934f2596b7f1a2096884c72155fdbf11b1112b359,130,0o644,repository-administration,derived-or-reference,n/a,0,0,PR236-M116,PR236-S017,resolved,0
proxychains_ng,AUTHORS,d8cf5f2067a234367c6994ee7b857be5665415ec6d864672197ab169a46dccc8,703,0o644,documentation,authoritative-source,n/a,0,0,PR236-M116,PR236-S017,resolved,0
proxychains_ng,COPYING,86728623caeff60e9bcc37e03b432fd191de927eed48a72a3bb4ac4e53fe20df,15127,0o644,fixture,derived-or-reference,n/a,0,0,PR236-M116,PR236-S017,resolved,0
proxychains_ng,Makefile,4ec6fb36ab38eeda6073d942a9629af553856487367c8a40348a3de7db834859,2462,0o644,configuration,authoritative-source,n/a,1,0,PR236-M116,PR236-S017,resolved,0
proxychains_ng,README,88bc7935b214ff0b43119482461c5ed7e42a929509ff11892a3c1137edb4d8e1,8632,0o644,documentation,authoritative-source,n/a,1,0,PR236-M116,PR236-S017,resolved,0
proxychains_ng,TODO,b99ea3549d5e11a64ddd599ec35d37e07f9d3b5f03c45118bc4033a71c90ce09,109,0o644,documentation,authoritative-source,n/a,0,0,PR236-M116,PR236-S017,resolved,0
proxychains_ng,VERSION,e3f5258b6ace6cc410d71eba418a83f3ad89abf73ca23a51748b9e76de8211f1,5,0o644,fixture,derived-or-reference,n/a,0,0,PR236-M116,PR236-S017,resolved,0
proxychains_ng,configure,877ba911e4c7130220dd7e032bc38de7ef63cfbde26cbed604cbd82c2a667922,6843,0o755,fixture,derived-or-reference,n/a,0,0,PR236-M116,PR236-S017,resolved,0
proxychains_ng,src/allocator_thread.c,e1beed4fe4a49f659c29c94a35222852744744f5cca42056bc07cc4993358ec7,8634,0o644,implementation,authoritative-source,C,1,0,PR236-M117,PR236-S017,resolved,0
proxychains_ng,src/allocator_thread.h,6714ee9190ef98dd55e2265fc72b5c2f9f2904c48fdfc19bc322250934da5cf6,341,0o644,implementation,authoritative-source,C/C++,1,0,PR236-M117,PR236-S017,resolved,0
proxychains_ng,src/common.c,cf50e48fa645709641160d5ec3e367b9fe0c2924b98d961f86a8a3992e4ca00f,2715,0o644,implementation,authoritative-source,C,1,0,PR236-M117,PR236-S017,resolved,0
proxychains_ng,src/common.h,99960a1e1d32d863563cfdc8741e2864ce13300b807fa02735b3b05b0cd589c5,665,0o644,implementation,authoritative-source,C/C++,1,0,PR236-M117,PR236-S017,resolved,0
proxychains_ng,src/core.c,fbc4d4ba554ed623bd76e8554d96629405d9b5f9323bcce25c15626bc23b155d,28833,0o644,implementation,authoritative-source,C,1,0,PR236-M117,PR236-S017;PR236-S046,resolved,0
proxychains_ng,src/core.h,74593cae3df7a2227494a885f9939649f3835c3c419565fa4dc3c64a668baa5d,3944,0o644,implementation,authoritative-source,C/C++,1,0,PR236-M117,PR236-S017,resolved,0
proxychains_ng,src/daemon/daemon.c,6522f882dce1c97183527fb7deb2f03ac33434d9a21e1c8fdbf4d9d6bac8fc57,5846,0o644,implementation,authoritative-source,C,1,0,PR236-M118,PR236-S017,resolved,0
proxychains_ng,src/daemon/hsearch.c,7b7c5bd7f7fc3438f02024d9fd83fce4949ff8dad46e80f6b55e7d182a64b802,4119,0o644,implementation,authoritative-source,C,1,0,PR236-M118,PR236-S017,resolved,0
proxychains_ng,src/daemon/hsearch.h,0e3a822d9a559554535c8758ecd6329420f8f782437ea04112708fff8fcb6202,502,0o644,implementation,authoritative-source,C/C++,1,0,PR236-M118,PR236-S017,resolved,0
proxychains_ng,src/daemon/sblist.c,34312f474781daa43dd27b733c75de40df846bcf2e0c739f0b703c939bf1cc91,1545,0o644,implementation,authoritative-source,C,1,0,PR236-M118,PR236-S017,resolved,0
proxychains_ng,src/daemon/sblist.h,3e4cb14cbcb6f589cff051da35902e4aff11bf93d81297b00edc6811416e61fa,2952,0o644,implementation,authoritative-source,C/C++,1,0,PR236-M118,PR236-S017,resolved,0
proxychains_ng,src/daemon/sblist_delete.c,470652a67383b27ec8d8f386ad2afb2be3d07295f72a37ff6d1c0280776f23b9,270,0o644,implementation,authoritative-source,C,1,0,PR236-M118,PR236-S017,resolved,0
proxychains_ng,src/daemon/udpclient.c,556803461a006500bb672050746128c08e18e773db4a1939f1ddffcd09dd8477,1045,0o644,implementation,authoritative-source,C,1,1,PR236-M118,PR236-S017,resolved,0
proxychains_ng,src/daemon/udpserver.c,499f9ca209183fadd897600ce1f2d24ac66383bd08a68a31046075aaf06c2ca5,1759,0o644,implementation,authoritative-source,C,1,0,PR236-M118,PR236-S017,resolved,0
proxychains_ng,src/daemon/udpserver.h,ba68d7a79a7bfedb7997fdd19d2d5197d19caf2c3ded3b56cbb81b95d479b6cb,1355,0o644,implementation,authoritative-source,C/C++,1,0,PR236-M118,PR236-S017,resolved,0
proxychains_ng,src/debug.c,a3af12ee6dfd149525b64051a8e46b4e51cc76f2e8e70e527a104d9329678545,841,0o644,implementation,authoritative-source,C,1,0,PR236-M117,PR236-S017,resolved,0
proxychains_ng,src/debug.h,848b4725e9844e1520ae1aba336d22a51444654444c6e2ff2fc67a39d8e84658,602,0o644,implementation,authoritative-source,C/C++,1,0,PR236-M117,PR236-S017,resolved,0
proxychains_ng,src/hash.c,e5daa75a2da49b915248ba85a9266700d10af59864d66cfbe34dc112e5304751,230,0o644,implementation,authoritative-source,C,1,0,PR236-M117,PR236-S017,resolved,0
proxychains_ng,src/hash.h,234eb97894d686a6dae68b25c7432f5a399f32b533b0c629bb27a29ad399ce31,113,0o644,implementation,authoritative-source,C/C++,1,0,PR236-M117,PR236-S017,resolved,0
proxychains_ng,src/hostsreader.c,e040b50f5c84c3e4fa90f2b4969f7cbe6bc3d6d663dd913929cb92af2c92b5bd,2072,0o644,implementation,authoritative-source,C,1,0,PR236-M117,PR236-S017,resolved,0
proxychains_ng,src/ip_type.h,687f6ad3c8dcfedec57ab8c4c77ab565e00cfe460e6c4b7c8a5e6e33bd8ac0e1,434,0o644,implementation,authoritative-source,C/C++,1,0,PR236-M117,PR236-S017,resolved,0
proxychains_ng,src/libproxychains.c,997dcd266551dfc308273e7bc80d3662e080b4ee8636b832a5cb6b5000a8ab70,23344,0o644,implementation,authoritative-source,C,1,0,PR236-M117,PR236-S017;PR236-S048,resolved,0
proxychains_ng,src/main.c,53efb428bdbdd32aacd21403c083bda53eed47b1f0413cdaffa369217eb55009,4303,0o644,implementation,authoritative-source,C,1,0,PR236-M117,PR236-S017,resolved,0
proxychains_ng,src/mutex.h,914d979d6d7932d8464dc4a55f48825f9a8d465f626d34bde024a36c1577349f,258,0o644,implementation,authoritative-source,C/C++,1,0,PR236-M117,PR236-S017,resolved,0
proxychains_ng,src/nameinfo.c,2f5f0067a9d8ee0362126b9388ff42c7f64e367ea95a6941f8fef760829cadeb,439,0o644,implementation,authoritative-source,C,1,0,PR236-M117,PR236-S017,resolved,0
proxychains_ng,src/proxychains.conf,abeab0c91cbf2f8a3c87a45059a1c939d027fbd51d43df14e8dc1652da0f535b,5808,0o644,configuration,authoritative-source,n/a,1,0,PR236-M117,PR236-S017;PR236-S047,resolved,0
proxychains_ng,src/proxyresolv,aacdf2741ee861d63c954b0fcfdfc8b02f74ec5cdf089fffb1a6c413e733d21d,599,0o755,fixture,derived-or-reference,n/a,0,0,PR236-M117,PR236-S017,resolved,0
proxychains_ng,src/rdns.c,e0eb60af7974533e2302f49e414fd4dd06a3faa3ce0954873700f420dc0465a5,2476,0o644,implementation,authoritative-source,C,1,0,PR236-M117,PR236-S017,resolved,0
proxychains_ng,src/rdns.h,2f7e6bf5e7ec6a56f016fd88ca0cbb73ff23297b79179a7bb0965e946208a55e,690,0o644,implementation,authoritative-source,C/C++,1,0,PR236-M117,PR236-S017,resolved,0
proxychains_ng,src/remotedns.h,03eda692afac337fea83456a2cf6ac35549f04bb81e33db51d0105986a332d39,384,0o644,implementation,authoritative-source,C/C++,1,0,PR236-M117,PR236-S017,resolved,0
proxychains_ng,src/version.c,93bc0741481c1917851bc2cd867fa208b7ca26e6b18486f899076ba73c4f496f,124,0o644,implementation,authoritative-source,C,1,0,PR236-M117,PR236-S017,resolved,0
proxychains_ng,src/version.h,7a5d48d521066a8da5691fcf6c4c24c3ff1b9bfbd2d91df73e0d9bf131306456,38,0o644,implementation,authoritative-source,C/C++,1,0,PR236-M117,PR236-S017,resolved,0
proxychains_ng,tests/test_getaddrinfo.c,f43cbfdf81c0575b4fa2872173670f4b9ddcdb9c35fb426ccbb6b7e9e1e7d958,1295,0o644,test,authoritative-source,C,1,0,PR236-M119,PR236-S017,resolved,0
proxychains_ng,tests/test_gethostbyname.c,f5760d8e3f5d460ba258effe15dc0014f9273834a9941d000f41b500461ae183,500,0o644,test,authoritative-source,C,1,0,PR236-M119,PR236-S017,resolved,0
proxychains_ng,tests/test_gethostent.c,ee12707fd448f6d14c271db966d89d8d573cb9e0b562c1c9e835d03f2e42db22,470,0o644,test,authoritative-source,C,1,0,PR236-M119,PR236-S017,resolved,0
proxychains_ng,tests/test_gethostent_r.c,4e66f363a39b55ac96ccd80f35c2767dfdeb1a3dc2131111c74de53b954ee06b,1711,0o644,test,authoritative-source,C,1,0,PR236-M119,PR236-S017,resolved,0
proxychains_ng,tests/test_getnameinfo.c,86e0bb0f906bbc95c223b474897c2562a5aa68ef522e2fbdecc73503e1471635,3639,0o644,test,authoritative-source,C,1,0,PR236-M119,PR236-S017,resolved,0
proxychains_ng,tests/test_proxy_gethostbyname.c,7f40a921d7e660950f2680c27d35c91bf5c91d5eedc11a1032df1ceb47b34580,551,0o644,test,authoritative-source,C,1,0,PR236-M119,PR236-S017,resolved,0
proxychains_ng,tests/test_sendto.c,c154b7f90d7de07dc1723fbe2883b8cb16eba31d473662c872e974b29c62e077,1720,0o644,test,authoritative-source,C,1,0,PR236-M119,PR236-S017,resolved,0
proxychains_ng,tests/test_shm.c,d3ef79d62b3ac43275a06acbc1136e3f9a4e974926fe1b47aee35cd9ffad540e,732,0o644,test,authoritative-source,C,1,0,PR236-M119,PR236-S017,resolved,0
proxychains_ng,tests/test_v4_in_v6.c,48782e7e77fa89c044bea1af61dea2275257dbcf4e9ed8bc0515857d1c3cd781,1152,0o644,test,authoritative-source,C,1,0,PR236-M119,PR236-S017,resolved,0
proxychains_ng,tools/install.sh,9436deae10780b58193e50e4f1fd5880e0706603b77364c08b45ee5ed4318f65,924,0o755,script,authoritative-source,Shell,1,0,PR236-M120,PR236-S017,resolved,0
proxychains_ng,tools/version.sh,0a728e940376c9df6922ca2a723aef4900c02af462bdd91b7348f20af07e216e,209,0o644,script,authoritative-source,Shell,1,0,PR236-M120,PR236-S017,resolved,0
qtun_android,.github/workflows/build.yml,3ccad8d9f5edc9e49c3c54899c9a0b195f54f2190ef1972ca0fd5d737b151681,6379,0o644,configuration,authoritative-source,n/a,1,1,PR236-M121,PR236-S018,resolved,0
qtun_android,.gitignore,19784b5802f98866f62a7633c8d761844188bc11edca0d3418005a8b536598d4,112,0o644,repository-administration,derived-or-reference,n/a,0,0,PR236-M122,PR236-S018,resolved,0
qtun_android,.gitmodules,8e14e8e288f36e0fb7bef7e35774d7f359c3f49fe930acc348e62b546ff96b9c,115,0o644,fixture,derived-or-reference,n/a,0,0,PR236-M122,PR236-S018,resolved,0
qtun_android,LICENSE,3972dc9744f6499f0f9b2dbf76696f2ae7ad8af9b23dde66d6af86c9dfb36986,35149,0o644,fixture,derived-or-reference,n/a,0,0,PR236-M122,PR236-S018,resolved,0
qtun_android,README.md,41681e53bd887844039ffb34787e8b97b5650a919657c6c446652080ae742588,920,0o644,documentation,authoritative-source,n/a,1,0,PR236-M122,PR236-S018,resolved,0
qtun_android,app/.gitignore,5b46eb48d96e8571e8c93e4ef4f6ffbe6807b6d7350664a36a064e1167a32718,7,0o644,repository-administration,derived-or-reference,n/a,0,0,PR236-M123,PR236-S018,resolved,0
qtun_android,app/build.gradle.kts,abc03f622b4fee6e37c9734abcf04536ff81ed6557cac46fbae7bfff142f2c26,3407,0o644,configuration,authoritative-source,Kotlin,1,1,PR236-M123,PR236-S018,resolved,0
qtun_android,app/proguard-rules.pro,9119fceca6bb983cefe6f290fd4b2a9e81880250e31eab7ef22dd023ee674f2e,70,0o644,fixture,derived-or-reference,n/a,0,0,PR236-M123,PR236-S018,resolved,0
qtun_android,app/src/androidTest/java/com/github/shadowsocks/plugin/qtun/BinaryProviderTest.kt,dc991bee8361fe14c95bb67c64e7dbebea7aa1f00a6038215abda4a7aded73e5,2110,0o644,implementation,authoritative-source,Kotlin,1,0,PR236-M123,PR236-S018;PR236-S042,resolved,0
qtun_android,app/src/androidTest/java/com/github/shadowsocks/plugin/qtun/ConfigActivityTest.kt,afe1fb506a23664c350bc56eb3f2322708f480037e4d250187d78bda1d7904b7,2101,0o644,implementation,authoritative-source,Kotlin,1,1,PR236-M123,PR236-S018,resolved,0
qtun_android,app/src/androidTest/java/com/github/shadowsocks/plugin/qtun/ConfigFragmentTest.kt,dc77e333f8d97c16600e8011b4c1d0d54fcd24ae0f1881d07436991ab8f0d032,2740,0o644,implementation,authoritative-source,Kotlin,1,1,PR236-M123,PR236-S018,resolved,0
qtun_android,app/src/main/AndroidManifest.xml,dc809b8efce3a9630a770995c888e7775787ac303094bdf2c755b888293af358,2012,0o644,fixture,derived-or-reference,n/a,0,0,PR236-M123,PR236-S018,resolved,0
qtun_android,app/src/main/java/com/github/shadowsocks/plugin/qtun/BinaryProvider.kt,c8ce488acf2615003a57bd939daa6406f904323b4f3caa86b3263450b3ecf551,810,0o644,implementation,authoritative-source,Kotlin,1,0,PR236-M123,PR236-S018,resolved,0
qtun_android,app/src/main/java/com/github/shadowsocks/plugin/qtun/ConfigActivity.kt,300c2e2540d48bfbf75727aaee4140f07f2bc39cbf90ae7553ff5b46b0e8b630,2768,0o644,implementation,authoritative-source,Kotlin,1,1,PR236-M123,PR236-S018,resolved,0
qtun_android,app/src/main/java/com/github/shadowsocks/plugin/qtun/ConfigFragment.kt,15350781372abb94b0b3055c3a699b4d9cc62cde9fc6b81a05513049eebd2d7c,1350,0o644,implementation,authoritative-source,Kotlin,1,1,PR236-M123,PR236-S018;PR236-S041,resolved,0
qtun_android,app/src/main/res/drawable/ic_launcher_background.xml,fba94ffd721dc969ed79f3b1b688256f2066d494405fe4dff6181333988a3c57,329,0o644,fixture,derived-or-reference,n/a,0,0,PR236-M123,PR236-S018,resolved,0
qtun_android,app/src/main/res/drawable/ic_launcher_foreground.xml,682eb5b18e98e0ec7b6f5673fa862c1805809ac02ddf029f4da155584508d3b6,544,0o644,fixture,derived-or-reference,n/a,0,0,PR236-M123,PR236-S018,resolved,0
qtun_android,app/src/main/res/layout/activity_main.xml,b7272a9617af76a9a8df7fd6fae7a3ed2386b3c356c62ea4c314fe890df62abd,512,0o644,fixture,derived-or-reference,n/a,0,1,PR236-M123,PR236-S018,resolved,0
qtun_android,app/src/main/res/menu/toolbar_config.xml,37fb43788e4a41f851d010373a9210831cdd6ba8f49e892b0bf7a9a7851682ef,338,0o644,fixture,derived-or-reference,n/a,0,1,PR236-M123,PR236-S018,resolved,0
qtun_android,app/src/main/res/mipmap-anydpi-v26/ic_launcher.xml,9137642568eba268917309bee6b645300070a000bba4213da60bda3e197c376a,271,0o644,fixture,derived-or-reference,n/a,0,0,PR236-M123,PR236-S018,resolved,0
qtun_android,app/src/main/res/values/strings.xml,43a3111a7441562ad948af36e46fc7ecbdcbc4f5ed6ac2fb20a225f3a4b14a21,106,0o644,fixture,derived-or-reference,n/a,0,0,PR236-M123,PR236-S018,resolved,0
qtun_android,app/src/main/res/xml/config.xml,a1baf56811102014e936d6608d55d87021c8acd7459440e909923b6e38bd5fe5,342,0o644,fixture,derived-or-reference,n/a,0,0,PR236-M123,PR236-S018,resolved,0
qtun_android,build.gradle.kts,2f077752f6783c66399e4ccece38f8c858d5fc0163422a5b57fb674390d75d2d,502,0o644,configuration,authoritative-source,Kotlin,1,1,PR236-M122,PR236-S018,resolved,0
qtun_android,gradle/wrapper/gradle-wrapper.jar,b3a875ddc1f044746e1b1a55f645584505f4a10438c1afea9f15e92a7c42ec13,46175,0o644,media,derived-or-reference,n/a,0,0,PR236-M124,PR236-S018,resolved,0
qtun_android,gradle/wrapper/gradle-wrapper.properties,3d91f0932da99885c41e9dc4e85c9f9a2d3bfef4f0ad87473014dc0827a94884,250,0o644,configuration,authoritative-source,n/a,1,0,PR236-M124,PR236-S018,resolved,0
qtun_android,gradle.properties,0d14dcf919344c2e46d394aa3b2ef42a2d9211c34255fb2e4e84165d4aab38d6,155,0o644,configuration,authoritative-source,n/a,1,0,PR236-M122,PR236-S018,resolved,0
qtun_android,gradlew,fb68debc1b1acf8ec55dc0d5e5495e1dedd0bd6b61f304bee61613eeb2bd9b92,8618,0o755,fixture,derived-or-reference,n/a,0,0,PR236-M122,PR236-S018,resolved,0
qtun_android,gradlew.bat,fedad02c18e266ec094995a5751b7fe1eb6e74f66bf75db64fae2e50eb22c234,2896,0o644,fixture,derived-or-reference,n/a,0,0,PR236-M122,PR236-S018,resolved,0
qtun_android,settings.gradle.kts,1baa37a9002eee88a3931b3148028f35893bff35d1c75998602c4ea64501f3f5,16,0o644,configuration,authoritative-source,Kotlin,1,0,PR236-M122,PR236-S018,resolved,0
reality,LICENSE,7c1bcfe5b0a8009ffae73984bad8e3b5f6bc562f67d6d67bafb600a3b8c08c5e,16772,0o644,fixture,derived-or-reference,n/a,0,0,PR236-M125,PR236-S019,resolved,0
reality,LICENSE-Go,2d36597f7117c38b006835ae7f537487207d8ec407aa9d9980794b2030cbc067,1479,0o644,fixture,derived-or-reference,n/a,0,0,PR236-M125,PR236-S019,resolved,0
reality,README.en.md,5658a983b4335f8af1e0e24edba51fc1f50f57b0e6826660f14b65b5c5800c13,8266,0o644,documentation,authoritative-source,n/a,1,0,PR236-M125,PR236-S019,resolved,0
reality,README.md,25b411756bd987f8ef821c2ef5fbc64e7f7607b84cbc5831a0601419d8040a19,7729,0o644,documentation,authoritative-source,n/a,1,0,PR236-M125,PR236-S019,resolved,0
reality,alert.go,b0abd3e8f54d3a8a72978366cacaa17bff8e2ae26927bb69decb9f1ccb82c065,4405,0o644,implementation,authoritative-source,Go,1,0,PR236-M125,PR236-S019,resolved,0
reality,auth.go,9a7694b9dff8850b199e5c0aed25c7cd07ed01b06ff689992258b4cde78b34a7,10484,0o644,implementation,authoritative-source,Go,1,0,PR236-M125,PR236-S019,resolved,0
reality,cache.go,2939277088ef5a67efcc37cf839f1d69698f9b219b1f7a903bd37154d38c7eb5,1294,0o644,implementation,authoritative-source,Go,1,0,PR236-M125,PR236-S019,resolved,0
reality,cipher_suites.go,0d47811d932279bbad5638da091e39b0d2b78612bd79dc8b13c54255b8c6d0c3,26053,0o644,implementation,authoritative-source,Go,1,1,PR236-M125,PR236-S019,resolved,0
reality,common.go,e0e606972937e5d010816ba0280b87e5d78ee11a6db3f94f63ab2db973b8aeb5,66889,0o644,implementation,authoritative-source,Go,1,0,PR236-M125,PR236-S019;PR236-S067,resolved,0
reality,common_string.go,f2d58181fbf2e718b8201a13045195452ac5b775ada01fd99772189aa70264be,3460,0o644,implementation,authoritative-source,Go,1,0,PR236-M125,PR236-S019,resolved,0
reality,conn.go,9d793811946e5598d26e476a76c31ce4079df1cbda22bf49c0438e9bc8d53e38,55246,0o644,implementation,authoritative-source,Go,1,0,PR236-M125,PR236-S019,resolved,0
reality,defaults.go,db07e19b06f5bb35fe5e0c2910d8503f798afa7a8b9830274c7b6cf7cac38da4,3953,0o644,implementation,authoritative-source,Go,1,0,PR236-M125,PR236-S019,resolved,0
reality,defaults_boring.go,a96314c5dfe956d701d301df4bedcdbafa22ae03c6dcc7d4f680592ff08d09ad,1786,0o644,implementation,authoritative-source,Go,1,0,PR236-M125,PR236-S019,resolved,0
reality,defaults_fips140.go,b13fd9194eb3dc2d1d17f08107f794f30b96a6f96eb062c2b0651d8f4617615d,1960,0o644,implementation,authoritative-source,Go,1,0,PR236-M125,PR236-S019,resolved,0
reality,ech.go,805b4d9fc6b3ea0f1778dafead242b7bfdafa2c9e022bae291989e98090e76e4,19378,0o644,implementation,authoritative-source,Go,1,0,PR236-M125,PR236-S019,resolved,0
reality,fips140tls/fipstls.go,6f9250d1a22770a0e1cbfae4619def9aedf417adcbecd877b687e68020a84b8e,904,0o644,implementation,authoritative-source,Go,1,0,PR236-M126,PR236-S019,resolved,0
reality,generate_cert.go,483be9f525c603590453210a12d154a8eed23f393ff8872a73a26285fe785b5e,4950,0o644,implementation,authoritative-source,Go,1,0,PR236-M125,PR236-S019,resolved,0
reality,go.mod,8ea9ea51cf6de91b14f0cc757fa768ac13d5af047e5ea351d32c9dddd286c790,446,0o644,configuration,authoritative-source,n/a,1,0,PR236-M125,PR236-S019,resolved,0
reality,go.sum,df505cd21a6d05e67e6892883c54b193edc609f5fc30f13efc7f1b0ebb218010,1987,0o644,configuration,authoritative-source,n/a,1,0,PR236-M125,PR236-S019,resolved,0
reality,handshake_client.go,4d05ea2aa10fd88eac3a08b8979915a8423718b251f828183ce30c3c392a1035,41401,0o644,implementation,authoritative-source,Go,1,1,PR236-M125,PR236-S019,resolved,0
reality,handshake_client_tls13.go,3ecaab907112bc584725b7a75f7e347afdf81d64f2b6077718514b5e9d0a4a49,28614,0o644,implementation,authoritative-source,Go,1,1,PR236-M125,PR236-S019,resolved,0
reality,handshake_messages.go,89060cfd4216c95578733e1ea14d350f11aa8e000ba663aea7f737036623ef5f,53455,0o644,implementation,authoritative-source,Go,1,0,PR236-M125,PR236-S019,resolved,0
reality,handshake_server.go,579b4e8171249719add8cf70424bd29999d32971211f2bee61c2323d6ba6ea57,30380,0o644,implementation,authoritative-source,Go,1,0,PR236-M125,PR236-S019;PR236-S068,resolved,0
reality,handshake_server_tls13.go,42ead546474f55291b6d07470b5c93ff2d8c4d71e9a02b1aebbf2f9e92642dfe,39220,0o644,implementation,authoritative-source,Go,1,0,PR236-M125,PR236-S019,resolved,0
reality,hpke/hpye.go,26e97c08e4d3f497d6dc51431057c1842914bbce1a9134c3d6c09e1c563c7572,9129,0o644,implementation,authoritative-source,Go,1,0,PR236-M127,PR236-S019,resolved,0
reality,key_agreement.go,0852cef24d894323871eff721f146a37de0c1647387800291f35d0e5acdd7a20,12273,0o644,implementation,authoritative-source,Go,1,0,PR236-M125,PR236-S019,resolved,0
reality,key_schedule.go,9f3ca918962713f4527962eecb434ec4d368325a4258447bc11709f60d2f9d49,2687,0o644,implementation,authoritative-source,Go,1,0,PR236-M125,PR236-S019,resolved,0
reality,prf.go,6535e5e382ef7d7f2cd8caf22e497261178b4808b9e1f4b9b4388dc268e86e85,9370,0o644,implementation,authoritative-source,Go,1,0,PR236-M125,PR236-S019,resolved,0
reality,quic.go,4060cc44d696ef1fbb57cdedcccc28ae0fad62fb336564e2be86e1adac50aa5e,15457,0o644,implementation,authoritative-source,Go,1,1,PR236-M125,PR236-S019,resolved,0
reality,record_detect.go,625b78ce8d454956c2d15560ffc7976ed484cc268beed9a750a9a09b0e194bff,4505,0o644,implementation,authoritative-source,Go,1,0,PR236-M125,PR236-S019,resolved,0
reality,ticket.go,3b844277be91d912664926ae388ee9a43100fe868c1c8b2510cfac73f46dc72e,12936,0o644,implementation,authoritative-source,Go,1,0,PR236-M125,PR236-S019,resolved,0
reality,tls.go,d12b6740c17de3c1ce446a2b0eb49ba3c29da9abcdf472031a4d7977a535f596,26197,0o644,implementation,authoritative-source,Go,1,0,PR236-M125,PR236-S019,resolved,0
reality,tls12/tls12.go,669e113b94f3cf3b8745c20a15f0dd0342572d21716adcb58a93d96f05c8b895,1958,0o644,implementation,authoritative-source,Go,1,0,PR236-M128,PR236-S019,resolved,0
reality,tls13/tls13.go,c64274c73f7181d4cf55f7139ac3bdc85f2a51c2a327593ad81eedd7de8f5ef9,6542,0o644,implementation,authoritative-source,Go,1,0,PR236-M129,PR236-S019,resolved,0
setec,.github/workflows/go-presubmit.yml,7ca3be004846a4c8c3e40372a70b036f0490aa91f8b035746d72a0e393c1acaf,716,0o644,configuration,authoritative-source,n/a,1,0,PR236-M130,PR236-S020,resolved,0
setec,.gitignore,6ac9600c2416fb3aee7feb3afa86b669f940b3194a9daf8236d60493915f2598,7,0o644,repository-administration,derived-or-reference,n/a,0,0,PR236-M131,PR236-S020,resolved,0
setec,CODE_OF_CONDUCT.md,4a8f1289e344235e4586b692d9f044cbdc11b5f96375b5bce9bf86ca350fced9,5251,0o644,documentation,authoritative-source,n/a,0,0,PR236-M131,PR236-S020,resolved,0
setec,LICENSE,315a29895c2098f085e045c96793f6a1603e7263b893df7d421582f8741cf3d2,1515,0o644,fixture,derived-or-reference,n/a,0,0,PR236-M131,PR236-S020,resolved,0
setec,PATENTS,debc5ca73d082a6c7de743fecdba6f75deafdf9200acfbddeb8ca32d66e6e128,1377,0o644,fixture,derived-or-reference,n/a,0,0,PR236-M131,PR236-S020,resolved,0
setec,SECURITY.md,43c7d9a380c1f5d488105b04a3a3bc405749c7cdc6e18fe3e09adc367a84fb37,245,0o644,documentation,authoritative-source,n/a,1,0,PR236-M131,PR236-S020,resolved,0
setec,acl/acl.go,cd9d1caed0c3ecacdc755ae87d3b9baa8be3f19884d4abb5e50e7380e9556cb7,2724,0o644,implementation,authoritative-source,Go,1,0,PR236-M132,PR236-S020;PR236-S074,resolved,0
setec,acl/acl_test.go,67582f7dd8a9b0a81d24e55b9d021df9f23fcb2e1ebe44a9a42aedb71a1a167c,2131,0o644,test,authoritative-source,Go,1,0,PR236-M132,PR236-S020,resolved,0
setec,audit/audit.go,5cb137097ef22c56a621b244abdc6c161fbbab92f2dbaec4f27f67759cf67dda,3725,0o644,implementation,authoritative-source,Go,1,0,PR236-M133,PR236-S020;PR236-S075,resolved,0
setec,audit/audit_test.go,a6c4a1f177c1009fae595914f1e70c820f576763ec7076e2f9ea97023075db33,2084,0o644,test,authoritative-source,Go,1,0,PR236-M133,PR236-S020,resolved,0
setec,client/setec/cache.go,77764f4f5abee57b1069d6ec55c114518acd4bc43fb9bc33b597e9a46e299785,2681,0o644,implementation,authoritative-source,Go,1,1,PR236-M134,PR236-S020;PR236-S073,resolved,0
setec,client/setec/client.go,ad98346f25df4cc3ca42c4235639e8d5bbafbd05325ea31f5a311c4f7abe3e2e,10666,0o644,implementation,authoritative-source,Go,1,1,PR236-M134,PR236-S020,resolved,0
setec,client/setec/client_test.go,2bfc4139f67ce179f0f2fc6d297a843b6f4b5057fb1234f9b70bbbacc1be2a5b,5366,0o644,test,authoritative-source,Go,1,1,PR236-M134,PR236-S020,resolved,0
setec,client/setec/example_test.go,e31ecc371f740ddeaf91a7fc13b347e5a31cd2300e424a49cd8d468256847023,2246,0o644,test,authoritative-source,Go,1,1,PR236-M134,PR236-S020,resolved,0
setec,client/setec/fields.go,999f90904cdd02030b705052dcb888195d4e60f947691bd7527b786c9dcd0544,9378,0o644,implementation,authoritative-source,Go,1,1,PR236-M134,PR236-S020,resolved,0
setec,client/setec/fields_test.go,f4ffa3530bf210113cf30adf3799ba4783f3dcdc68b7d71e47028da8d263c175,4244,0o644,test,authoritative-source,Go,1,1,PR236-M134,PR236-S020,resolved,0
setec,client/setec/fileclient.go,e06f89e25a54f079278afcff43160f938bfee3e78c8ab7ff3dbd16f0f20e7f09,4080,0o644,implementation,authoritative-source,Go,1,1,PR236-M134,PR236-S020,resolved,0
setec,client/setec/internal_test.go,c534ba0741397308fe945c24b97a88f4029246ff9721f11d3048f072c9f4cb24,2871,0o644,test,authoritative-source,Go,1,1,PR236-M134,PR236-S020,resolved,0
setec,client/setec/keyring.go,dd2b49f9af3a30f3656ef15210776fd0bbe7d0ddfbef961a2a3bc62cc3e650fc,2081,0o644,implementation,authoritative-source,Go,1,1,PR236-M134,PR236-S020,resolved,0
setec,client/setec/keyring_test.go,8e953b0829fadc406959eed9988eb3d36970b338db0744272c8bd5e2d5017560,2218,0o644,test,authoritative-source,Go,1,1,PR236-M134,PR236-S020,resolved,0
setec,client/setec/store.go,149ed7097aeb30eae62227c9fe63700aede6e3511d5317da15d4a9e7ae9547a4,34157,0o644,implementation,authoritative-source,Go,1,1,PR236-M134,PR236-S020;PR236-S072,resolved,0
setec,client/setec/store_test.go,dea97b774935fecb25d990ce076451253946281535e014c95da67a0c3501a1fa,24503,0o644,test,authoritative-source,Go,1,1,PR236-M134,PR236-S020,resolved,0
setec,client/setec/watcher.go,f33c05cea258121cca4613405732ee97ae8daf174e97b2169b9d4a30055c5c9a,1968,0o644,implementation,authoritative-source,Go,1,1,PR236-M134,PR236-S020;PR236-S079,resolved,0
setec,cmd/setec/setec.go,e52ff85a774ef58581f2ed5fd1cf27da67077b3b5142961983b8d2e197b3d9bb,18198,0o644,implementation,authoritative-source,Go,1,1,PR236-M135,PR236-S020,resolved,0
setec,db/db.go,13f3bb788a0a790bf35c05259533691f4a300c98d5b07f343a07483e94ad2932,11014,0o644,implementation,authoritative-source,Go,1,0,PR236-M136,PR236-S020,resolved,0
setec,db/db_test.go,7f8b004ac652d3f8a81f74713b3f7073e5f8d470cb1f78b7009567b14a7d7e09,13269,0o644,test,authoritative-source,Go,1,0,PR236-M136,PR236-S020,resolved,0
setec,db/kv.go,9245c874457f3c022794e38f10a021515725f121b62099b4a2543c8d629b527c,13044,0o644,implementation,authoritative-source,Go,1,0,PR236-M136,PR236-S020,resolved,0
setec,docs/README.md,72b4cfe5f661dd5f3b7abb50a6f9f4854cc2f6eca380c5d2e01b8b57184bef9b,26258,0o644,documentation,authoritative-source,n/a,1,0,PR236-M137,PR236-S020,resolved,0
setec,docs/api.md,5677aed2d9dff60846531fd45f5b6b61c2771bad0691b26d6bc9e5c024c2a0ab,5099,0o644,documentation,authoritative-source,n/a,0,0,PR236-M137,PR236-S020,resolved,0
setec,docs/server.md,8834edd5461ab271a9b6297eaf25f0142f7afe7a5db842030ee671ea31896ff4,6602,0o644,documentation,authoritative-source,n/a,0,0,PR236-M137,PR236-S020,resolved,0
setec,go.mod,31cc16694be92f69f84e3e27ce1124590e3fdb9170a35a80fe1b6c178ff5f5c3,4564,0o644,configuration,authoritative-source,n/a,1,0,PR236-M131,PR236-S020,resolved,0
setec,go.sum,28421b7570f7f83219f830104f2d6ca1dcbf55ca9eba7485059134d1009b05a9,25372,0o644,configuration,authoritative-source,n/a,1,0,PR236-M131,PR236-S020,resolved,0
setec,internal/tinktestutil/dummy-tink.go,0488c59cce6819ed9a229d1b97cdf0cf2eeb90c4eb94cdcbd81565d73754eb4b,2394,0o644,implementation,authoritative-source,Go,1,0,PR236-M138,PR236-S020,resolved,0
setec,server/backup.go,a2a612f0346a0a9c39a310cdff50af58a7a3a84e4e9d4b18177bbf9bc2a5e7c2,1351,0o644,implementation,authoritative-source,Go,1,0,PR236-M139,PR236-S020,resolved,0
setec,server/server.go,45b7f146ca20240a26592b78a1c2e0601c3bffac24cf41b2b22e3d0ae8605d7b,13825,0o644,implementation,authoritative-source,Go,1,0,PR236-M139,PR236-S020,resolved,0
setec,server/server_test.go,46c49175007ea0cee74ac355de4764c2d18ed8c645312844c57771054bddf3fc,5233,0o644,test,authoritative-source,Go,1,0,PR236-M139,PR236-S020,resolved,0
setec,server/static/style.css,0700419d45db04d1830e5c77ef906eb3ccafb94e284ce44f93467a3a224ee737,683,0o644,fixture,derived-or-reference,n/a,0,0,PR236-M139,PR236-S020,resolved,0
setec,server/templates/index.html,465dc00ff28bf965266e474b2bb5a17e75ea029dbe80285df4bdd1ebad453ccf,802,0o644,fixture,derived-or-reference,n/a,0,1,PR236-M139,PR236-S020,resolved,0
setec,setectest/dbtest.go,862e84e3f42e19c3a29ad2c3e4d3d6c6e3da04e81c8d662edc691625b87a2c5b,4294,0o644,implementation,authoritative-source,Go,1,0,PR236-M140,PR236-S020,resolved,0
setec,setectest/server.go,df963412eb42db554afa94d81f63f806421e8d61b2c53220db34b44707e8858e,3490,0o644,implementation,authoritative-source,Go,1,0,PR236-M140,PR236-S020,resolved,0
setec,setectest/utils.go,894f60f85c02367314fd7e836728d01e84ad8555caa1241bcabb9dd7aa71a3e0,789,0o644,implementation,authoritative-source,Go,1,0,PR236-M140,PR236-S020,resolved,0
setec,tools/deps.go,c63daa491d8509a6877e802b9bf79b99342d5b0f459ff1e3c284d5288c964af7,224,0o644,implementation,authoritative-source,Go,1,0,PR236-M141,PR236-S020,resolved,0
setec,types/api/api.go,7aba99ee00873ac9fe6f4545828823bbe97d4ec1e34930dbd5ab81321e4838be,4410,0o644,implementation,authoritative-source,Go,1,0,PR236-M142,PR236-S020,resolved,0
