donor,directory,merkle_sha256,direct_files,direct_dirs,recursive_files
mitmengine-master,.,61559e86b690eb77b45c98f48efc548b2fe107a8e723ccd394035510651a108a,10,7,1477
mitmengine-master,cmd/demo,f701da574cc0d078821c512a11e9d7689f256a57b5483520c7988605c0681d9f,1,0,1
mitmengine-master,cmd/mergedb,d6c8cd28bf5dc9c4bacfb1a15127d02558152fbf1217780160dbadb9b98f74a6,1,0,1
mitmengine-master,db,80c507c0d95b2c78a64ef274225a659fdb14c335a4b2009c8638918fe9f1bfa7,3,0,3
mitmengine-master,fputil,939fbe6625633be475d61c594ae2b6cfbf0d146518b7d502b934be777e957660,16,0,16
mitmengine-master,loader,a5f58c16dacbadae30adef3b0da9fad825be09c421737f00259d3be73ece70f9,3,0,3
mitmengine-master,reference_fingerprints,cfd5cc999c982305558de338b6f323c0c46ff872810a63d64614d7b66d0bc98a,1,2,1437
mitmengine-master,reference_fingerprints/mitmengine,7ad44c00da54512cdf22ba6a86a80a23ec4aa0c7b99e41edf2de1e8f084bc49c,3,0,3
mitmengine-master,reference_fingerprints/pcaps/antivirus/mac-10.11.4-avast-11.7-chrome-49,063a153178e8a5fb359525167bf22fac8036676b100b0c545aecf48ad7607af9,1,0,1
mitmengine-master,reference_fingerprints/pcaps/antivirus/mac-10.11.4-avast-11.7-firefox-45,835e8f6b0b24dd2c316219db4f1b19cbd2fb73fd33b0752f85d72edabccb0899,1,0,1
mitmengine-master,reference_fingerprints/pcaps/antivirus/mac-10.11.4-avast-11.7-safari-9.1,53ea31e928e4d563451df9b89f15f93697b2cc27e55fe8cbc2d45cd4d9cae0c1,1,0,1
mitmengine-master,reference_fingerprints/pcaps/antivirus/mac-10.11.4-dr-web-11.0.0-chrome-49,354c4da1b81eee4be7441c4a0f674ec49d8e033dc5ab38355585d5581691eb39,1,0,1
mitmengine-master,reference_fingerprints/pcaps/antivirus/mac-10.11.4-dr-web-11.0.0-safari-9.1,f1a030250a2dd9df75038d3840e28b1dd52a1e0341de9f462e1567d9cc59756f,1,0,1
mitmengine-master,reference_fingerprints/pcaps/antivirus/mac-10.11.4-kaspersky-16.0.0-chrome-49,884d411bba2243423d1c9c6886d67705ac665a780498b684fbea89dd47059a3c,1,0,1
mitmengine-master,reference_fingerprints/pcaps/antivirus/mac-10.11.4-kaspersky-16.0.0-firefox-45,4867f9277858b3d1aa8f1df22ea7ccb43f01d908bbb9a3319b2ca7517e294b19,1,0,1
mitmengine-master,reference_fingerprints/pcaps/antivirus/mac-10.11.4-kaspersky-16.0.0-safari-9.1,25bc14cc40948bb166012ed32fc9dbc01b463bf5f09853caf12fd54ba61916d3,1,0,1
mitmengine-master,reference_fingerprints/pcaps/antivirus/mac-10.11.4-net-nanny-3.1.7-chrome-49,40b7cde1ccda55bed96624c69181135b62851714c6ccd34f4bc5637c45a47986,1,0,1
mitmengine-master,reference_fingerprints/pcaps/antivirus/mac-10.11.4-net-nanny-3.1.7-firefox-45,92e6f44c887e02b96ed93a82a975588a17284c9ee33969aec607ac0acc2df804,1,0,1
mitmengine-master,reference_fingerprints/pcaps/antivirus/mac-10.11.4-net-nanny-3.1.7-safari-9.1,2a18d5d79f926e04301c3b3859fb7f18f708a13517c27a157b61bdcaeb5e51d6,1,0,1
mitmengine-master,reference_fingerprints/pcaps/antivirus/mac-10.11.4-qustodio-chrome-49,dfb11802751dfe35b5ef5a770cd560e27f420e8629c45039942cd0fffbb2ab90,1,0,1
mitmengine-master,reference_fingerprints/pcaps/antivirus/mac-10.11.4-qustodio-firefox-45,ba39868bd61f5bc10dd0d544c4e7ec094da1757b492c408b6d648cb6c8ea39cf,1,0,1
mitmengine-master,reference_fingerprints/pcaps/antivirus/mac-10.11.4-qustodio-safari-9.1,db1dfecf0eb8de41d3b086e5a3a38f7006bcbde1939567b33ec9b9471c0da3ae,1,0,1
mitmengine-master,reference_fingerprints/pcaps/antivirus/windows-7-adguard-6.0-chrome-51,fa5127dbe12be8ed16ff8995876136bcd96334aa9dd7616eed5bb1df4de73dc0,1,0,1
mitmengine-master,reference_fingerprints/pcaps/antivirus/windows-7-adguard-6.0-firefox-47,6278abaa7574918a3f662061fe9f3daefdd83504ea45dfdb0e7fd4ccb18318bd,1,0,1
mitmengine-master,reference_fingerprints/pcaps/antivirus/windows-7-adguard-6.0-ie-8,113cb38a8b5f2a78ee189cce8ea550d482b335d8008c885ff681dd427b9bba0f,1,0,1
mitmengine-master,reference_fingerprints/pcaps/antivirus/windows-7-avast-11.1.2253-ie-11,2448f8ba6677099381d7eaf947c388c8169eaa925b1c1a664d932cf3c77705b9,1,0,1
mitmengine-master,reference_fingerprints/pcaps/antivirus/windows-7-avast-free-antivirus-10-chrome-48,e6e32b2828080baa3a17039fa0a772204e1003eb37d04294dabf1905f28793b7,1,0,1
mitmengine-master,reference_fingerprints/pcaps/antivirus/windows-7-avast-free-antivirus-10-firefox-44,733f0ac9b58b0f62ec17f826ea0ececb279b7dfd60d82bab4aa1ae612eff7529,1,0,1
mitmengine-master,reference_fingerprints/pcaps/antivirus/windows-7-avast-free-antivirus-10-ie-11,f78db375b31e966684f93d278ce94bcea76c869562d5a96becf6b37f37b12105,1,0,1
mitmengine-master,reference_fingerprints/pcaps/antivirus/windows-7-avast-free-antivirus-11.1-ie-11,ed6f2d3d714afde51d76b5be378ab4eed447aaabd69740feae031af9a1931956,1,0,1
mitmengine-master,reference_fingerprints/pcaps/antivirus/windows-7-avg-16.61.7538-chrome-49,9715b1f329ad8a4de93dbff5c9f69acde250112bdbed81363eefaed5a4cf0426,1,0,1
mitmengine-master,reference_fingerprints/pcaps/antivirus/windows-7-avg-16.61.7538-ie-11,091c386f777efbf13f143f7e07d1bf83704c6515054917ea604898c943d20cba,1,0,1
mitmengine-master,reference_fingerprints/pcaps/antivirus/windows-7-avg-internet-security-2016-chrome-48,c8412421cd6166d498e9dafad01ceabad57740c74fe47e819d2fe0f04e93147f,1,0,1
mitmengine-master,reference_fingerprints/pcaps/antivirus/windows-7-avg-internet-security-2016-ie-11,9489ffa175e4a8fcf2d2f6c7d2063a289c89a28e86284eff1cf592dd1e6c3a27,1,0,1
mitmengine-master,reference_fingerprints/pcaps/antivirus/windows-7-avg-zen-1.41-chrome-48,8684946c22b3dd91f859c464bba8cec37fffe58eb0e5c83b8a12e9159c2ab288,1,0,1
mitmengine-master,reference_fingerprints/pcaps/antivirus/windows-7-avg-zen-1.41-ie-11,1a4f72a880a809df88a8b01e7a1ca272b553518c54cb806dd99540734853cb7b,1,0,1
mitmengine-master,reference_fingerprints/pcaps/antivirus/windows-7-bitdefender-antivirus-plus-2015-chrome-48,9c5998554c26c15e85a96b1489c010fc6d77458be8dceba2451e210ea9ccfd88,1,0,1
mitmengine-master,reference_fingerprints/pcaps/antivirus/windows-7-bitdefender-antivirus-plus-2015-firefox-44,97cd7617f9a07df89d0417fab238c1d8b86384fdac6964a27163683e0917255c,1,0,1
mitmengine-master,reference_fingerprints/pcaps/antivirus/windows-7-bitdefender-antivirus-plus-2015-ie-11,79217761972ad822ad5ba1b9ead89d3bc003625c5e683116d4784ebe058ce141,1,0,1
mitmengine-master,reference_fingerprints/pcaps/antivirus/windows-7-bitdefender-avplus-2013-chrome-48,a1e92c21d207035300064f154552b45e164374f503d2b70bf04df000d11b6cb2,1,0,1
mitmengine-master,reference_fingerprints/pcaps/antivirus/windows-7-bitdefender-avplus-2013-firefox-44,4aae2b8126f1f9fdd4391737848ee260379e2b85e8ca8ec02ceb56fc0fee9391,1,0,1
mitmengine-master,reference_fingerprints/pcaps/antivirus/windows-7-bitdefender-avplus-2013-ie-11,3b9bd1c7594ee3e6e9922e89691334dfc71426652d4b3c5f5c6e356f72a2272b,1,0,1
mitmengine-master,reference_fingerprints/pcaps/antivirus/windows-7-bitdefender-avplus-2016-chrome-48,f48b191b9c4ea521d9c0feece997e3df19f7d8ba22755439a687cca5a56440a7,1,0,1
mitmengine-master,reference_fingerprints/pcaps/antivirus/windows-7-bitdefender-avplus-2016-firefox-44,153b09211f3d5f0d972684903c84279964d2df0a4f7b154fc6bb7aa8819e81d6,1,0,1
mitmengine-master,reference_fingerprints/pcaps/antivirus/windows-7-bitdefender-avplus-2016-ie-11,782a3c7d536efb2764cf79d1093c1e59490f0fbc1b1d34335b2086e4bd62434d,1,0,1
mitmengine-master,reference_fingerprints/pcaps/antivirus/windows-7-bitdefender-isecurity-2016-chrome-48,fbde5fc3102b5598d8ab58d5524eb28c31cfd33605ff0686afe4a9d62e33d02e,1,0,1
mitmengine-master,reference_fingerprints/pcaps/antivirus/windows-7-bitdefender-isecurity-2016-firefox-44,c763a50b45d26217639dc107cee1631b923a80b29ff126eb2ffbb6556f9f5e08,1,0,1
mitmengine-master,reference_fingerprints/pcaps/antivirus/windows-7-bitdefender-isecurity-2016-ie-11,272ad44ef6d71f26523562e676eddcc64af620d454c0f82f2645cd85a8aca619,1,0,1
mitmengine-master,reference_fingerprints/pcaps/antivirus/windows-7-bitdefender-totalsecurity-2016-chrome-48,48a9836fb8278ccfd3c75cc3b9b1d2524f6ca578f3f2dce36e841bbfec822c71,1,0,1
mitmengine-master,reference_fingerprints/pcaps/antivirus/windows-7-bitdefender-totalsecurity-2016-firefox-44,a1722785f0b5b1da8364967d699357d65775afc46674d990148ad39b51a735d4,1,0,1
mitmengine-master,reference_fingerprints/pcaps/antivirus/windows-7-bitdefender-totalsecurity-2016-ie-11,e321e3dd5599d6293e318fe7ffb8b8c12a5edf3f5438825ff5905223788108e9,1,0,1
mitmengine-master,reference_fingerprints/pcaps/antivirus/windows-7-bullguard-internet-security-16-chrome-48,a8122d70c94e065d943506285259dc3602260889d9c7d8a2b66303cde83eecd8,1,0,1
mitmengine-master,reference_fingerprints/pcaps/antivirus/windows-7-bullguard-internet-security-16.0.323-chrome-53,d764dbf9037ca7c8b33031f989000ebb107d22c725ce371f129c841d9c708484,1,0,1
mitmengine-master,reference_fingerprints/pcaps/antivirus/windows-7-bullguard-internet-security-16.0.323-firefox-48,e37fb953a9e0afd7cfe9cddd8e906e145cba0b7994e13abc2c911e0dec459fa8,1,0,1
mitmengine-master,reference_fingerprints/pcaps/antivirus/windows-7-bullguard-internet-security-16.0.323-ie-8,d2b36fb1d2a62613e8728e036cc3e4d1bae2ac0b919aca1d44e97d70e639e135,1,0,1
mitmengine-master,reference_fingerprints/pcaps/antivirus/windows-7-content-explorer-ie-8,abcf1a9e9617177bde0823e04fcf2fcf76ab71e1f0573e49c90376204912a3b4,1,0,1
mitmengine-master,reference_fingerprints/pcaps/antivirus/windows-7-cybersitter-11.13.1-ie-11,49332a314f4446b52003e740f016ec86c7f29f8cb9c7b156b480ca517a13aa59,1,0,1
mitmengine-master,reference_fingerprints/pcaps/antivirus/windows-7-dr-web-10.0-chrome-48,dfe3fbe0cc862b21570f80208b9f66ef90e08a35a49c0d2417e0fde1e3ecd88e,1,0,1
mitmengine-master,reference_fingerprints/pcaps/antivirus/windows-7-dr-web-10.0-firefox-44,6297030118466e5bc644ac0f044924ec2e0ca876f79c5c3564337c9084dbb916,1,0,1
mitmengine-master,reference_fingerprints/pcaps/antivirus/windows-7-dr-web-10.0-ie-11,48a56f2fbd9bfbc20f4b88890a2c11e1550df392c86645524d7724f7c335d3a4,1,0,1
mitmengine-master,reference_fingerprints/pcaps/antivirus/windows-7-drweb-security-space11-chrome-53,147fed08b0834c831b69c3e5e086050898491c71180ad5d4f29d7d0098f2d5b9,1,0,1
mitmengine-master,reference_fingerprints/pcaps/antivirus/windows-7-eset-nod32-antivirus-9-chrome-48,2808ac04af20e81de3df85a0669d8619f4a22ffcd18f24370efceffafda173d6,1,0,1
mitmengine-master,reference_fingerprints/pcaps/antivirus/windows-7-eset-nod32-antivirus-9-firefox-44,673f1a8c46cbb87786d7be9d3e3054c823041c54b31816521422508249ecaf5a,1,0,1
mitmengine-master,reference_fingerprints/pcaps/antivirus/windows-7-eset-nod32-antivirus-9-ie-11,253fdcd94feccc68d065b887949a43793631e8946901b258e340328fd4b9c690,1,0,1
mitmengine-master,reference_fingerprints/pcaps/antivirus/windows-7-gdata-25.1.0-chrome-50,222002f72f27f6b431e6ee15f606f64269312b4076e450582b757d93c769e28c,1,0,1
mitmengine-master,reference_fingerprints/pcaps/antivirus/windows-7-gdata-25.1.0-firefox-44,f176666c37bd32a048051108043644946f10188254eff0a59802c5b2b8df677f,1,0,1
mitmengine-master,reference_fingerprints/pcaps/antivirus/windows-7-gdata-25.1.0-ie-11,886b165a9194ab449c761c9a946b1607b363ab94f5fa602821f4891b0de8dc30,1,0,1
mitmengine-master,reference_fingerprints/pcaps/antivirus/windows-7-kaspersky-internet-security-16-ie-11,ece8fb59480544645cb050e1ff6133044973253b833ad8e58f13919982ae9aae,1,0,1
mitmengine-master,reference_fingerprints/pcaps/antivirus/windows-7-kaspersky-internet-security-2016-chrome-49,5b0d4b29de6ce58196b47d4e36b7fdc6c4515c6000179ae0156eed12fbe0583d,1,0,1
mitmengine-master,reference_fingerprints/pcaps/antivirus/windows-7-kaspersky-internet-security-2016-firefox-44,edecf544d549054872b750be2559b83a220042bc3e5be25d1fad4b11a5d32d4c,1,0,1
mitmengine-master,reference_fingerprints/pcaps/antivirus/windows-7-kaspersky-internet-security-2016-ie-11,b6c497f656f8613bab68f14f3e936fef0bed7b9f9fd335ecfedf0892f053909c,1,0,1
mitmengine-master,reference_fingerprints/pcaps/antivirus/windows-7-kaspersky-total-security-16-chrome-48,b2f56356add30717f06d58a668a4389170c623e168b7be5088dfa9ec2f625d95,1,0,1
mitmengine-master,reference_fingerprints/pcaps/antivirus/windows-7-kaspersky-total-security-16-firefox-44,adf945e7ff420fd0c7e544af5065e8dd82609bec783a93a4c0210019a83ad3d3,1,0,1
mitmengine-master,reference_fingerprints/pcaps/antivirus/windows-7-kaspersky-total-security-16-ie-11,bc5be380b40853a12115cf6de0d547e274a522b0cc68e0f5a0e10a475dee1f1b,1,0,1
mitmengine-master,reference_fingerprints/pcaps/antivirus/windows-7-kaspersky-total-security-2016-firefox-47,5811079563899244ddc516c8d1ed48cbfa428e590a9bf75a0d2537a925c9a6a3,1,0,1
mitmengine-master,reference_fingerprints/pcaps/antivirus/windows-7-kaspersky-total-security-2016-ie-8,0d2ae20818be71d6409c9165f75b83da97ca1394ee7a004f2e80ec0eea04e1bf,1,0,1
mitmengine-master,reference_fingerprints/pcaps/antivirus/windows-7-kindergate-3.2.12589.0.1-chrome-51,4c9d245798f76eca8711c575c62b773cda58c7552a3fa725803bfdd3cd33ad1f,1,0,1
mitmengine-master,reference_fingerprints/pcaps/antivirus/windows-7-netnanny-7.2.7-chrome-50,765a3a3d0a76beadd9f6f16d0a45746f870661c73d798a38d8765f0c1c56f492,1,0,1
mitmengine-master,reference_fingerprints/pcaps/antivirus/windows-7-netnanny-7.2.7-firefox-44,f18f058260a8cf2b6ee5784f4a4e85d4803585c7627b10bf2a27dfff0ef21f7a,1,0,1
mitmengine-master,reference_fingerprints/pcaps/antivirus/windows-7-netnanny-7.2.7-ie-11,7405777859e42a2dcf84e3dd3aea371a33fe3a2b1ec9d264a76d83438202e501,1,0,1
mitmengine-master,reference_fingerprints/pcaps/antivirus/windows-7-none-chrome-51,67dba1f69546902085d8347c3fa708f78743309ad0e835cfb4647826ab894c0d,1,0,1
mitmengine-master,reference_fingerprints/pcaps/antivirus/windows-7-none-firefox-47,3ffc919874fc5d4c8110ba2df208c54fba0b8c1e868174d1b1e58ea4ff51dde5,1,0,1
mitmengine-master,reference_fingerprints/pcaps/antivirus/windows-7-pcpandora-7.0-chrome-49,4f6e59c3c01b3848262e98533c6b3d5b170a8f1f908dc04e47bfbec0bec52c13,1,0,1
mitmengine-master,reference_fingerprints/pcaps/antivirus/windows-7-pcpandora-7.0-firefox-44,90289f5c8b3facde4afef8c241a5a9a1a61f475ec88faa4478803dab8cbd231e,1,0,1
mitmengine-master,reference_fingerprints/pcaps/antivirus/windows-7-pcpandora-7.0-ie-11,f8980fbaadf7cacb2d6256880f02bad49a3debbaab9c000f82bc53559b63b1a2,1,0,1
mitmengine-master,reference_fingerprints/pcaps/antivirus/windows-7-tencentpcmanager-11.4-ie-11,8e4fcdee405157aeb172b545e81e7dae1d4d2e15b806aecabd43384986c10f47,1,0,1
mitmengine-master,reference_fingerprints/pcaps/antivirus/windows-7-windows-7-bitdefender-antivirus-plus-2014-chrome-49,67bbb94a4cd0ae6bbcd3acf532802a691424fccf29d6bad264869c80ab6bcf45,1,0,1
mitmengine-master,reference_fingerprints/pcaps/antivirus/windows-7-windows-7-bitdefender-antivirus-plus-2014-firefox-44,c6590b5ad55108a62554e23d1caa36bc02cb4ef50167e1d7224f39359c7f9a05,1,0,1
mitmengine-master,reference_fingerprints/pcaps/antivirus/windows-7-windows-7-bitdefender-antivirus-plus-2014-ie-11,036ac4f9476131b6612e2c7581358de49d7a6775d764add564e256783d9edd5d,1,0,1
mitmengine-master,reference_fingerprints/pcaps/antivirus-run2/AVGInternetSecurity2015-16-Windows/windows-7-avg-internet-security-2016-chrome-48,392a015ae7b97b1c320ab35bc4b2c269dee5bb9f1953795e8c66cd59355b7541,1,0,1
mitmengine-master,reference_fingerprints/pcaps/antivirus-run2/AVGInternetSecurity2015-16-Windows/windows-7-avg-internet-security-2016-firefox-44,a6fdfa427631b2a187af493878a4482dacc8fec484da9d96359c4534921e7d21,1,0,1
mitmengine-master,reference_fingerprints/pcaps/antivirus-run2/AVGInternetSecurity2015-16-Windows/windows-7-avg-internet-security-2016-ie-11,ff8c5f731f7abbf818688854dc429c0c04eebd085df2c3b3b3dd1cb061e4f3ea,1,0,1
mitmengine-master,reference_fingerprints/pcaps/antivirus-run2/AVGZen1.41-Windows/windows-7-avg-zen-1.41-chrome-48,af401b10664d57846e6700d53344e349b448c9b6bdbc7899a21ead6c3d297360,2,0,2
mitmengine-master,reference_fingerprints/pcaps/antivirus-run2/AVGZen1.41-Windows/windows-7-avg-zen-1.41-firefox-44,17a71f1f0f499983226649d9d4fed9da232f305cae3fb54e91aa89b2bdbf7f97,1,0,1
mitmengine-master,reference_fingerprints/pcaps/antivirus-run2/AVGZen1.41-Windows/windows-7-avg-zen-1.41-ie-11,6b50dac6868a4f79588554f7d35f5667cf537b1ed05bf1e1514712d0700d146e,2,0,2
mitmengine-master,reference_fingerprints/pcaps/antivirus-run2/AvastAV10-Windows/windows-7-avast-free-antivirus-10-chrome-48,741bf9797a8c9800c2c0883e987139d00395c7b30dc31d14add77fb92afedb49,2,0,2
mitmengine-master,reference_fingerprints/pcaps/antivirus-run2/AvastAV10-Windows/windows-7-avast-free-antivirus-10-firefox-44,273de6df71945ab836c1fdfb57a4be0b59b45cfe7f48fdf36a8ff76b5197ef0c,2,0,2
mitmengine-master,reference_fingerprints/pcaps/antivirus-run2/AvastAV10-Windows/windows-7-avast-free-antivirus-10-ie-11,ad44d362fdb40ad19dd729986309d12834569855d4e53b8564abc2ee77d82e8a,2,0,2
mitmengine-master,reference_fingerprints/pcaps/antivirus-run2/AvastAV11-Windows/windows-7-avast-11.1.2253-ie-11,7c3a89d8f43989dc9fb6c74f2bdfde5f8a449d3bca9d222c6717efcb6eab582e,2,0,2
mitmengine-master,reference_fingerprints/pcaps/antivirus-run2/AvastAV11-Windows/windows-7-avast-free-antivirus-11.1-chrome-48,4835b1dfe7eb46c0b3034da37b64f2e3210102827231829708187a24dd8d9feb,2,0,2
mitmengine-master,reference_fingerprints/pcaps/antivirus-run2/AvastAV11-Windows/windows-7-avast-free-antivirus-11.1-firefox-44,a27de56b38c55926422482630630a351ed34e3f872c9f4bcb9739df98bf611cc,2,0,2
mitmengine-master,reference_fingerprints/pcaps/antivirus-run2/AvastAV11.7-Mac/mac-10.11.4-avast-11.7-chrome-49,f3e9f4c649d1ca09d69d8ec1136dc0da471fd0259d4f4f0075a8c357f608fdd8,2,0,2
mitmengine-master,reference_fingerprints/pcaps/antivirus-run2/AvastAV11.7-Mac/mac-10.11.4-avast-11.7-firefox-45,a5baa3f804aed10252efddfd835f67d6943a9136ff8ad48a43c28169db6971be,2,0,2
mitmengine-master,reference_fingerprints/pcaps/antivirus-run2/AvastAV11.7-Mac/mac-10.11.4-avast-11.7-safari-9.1,691baa0b61109f172845be47c3bcd6a0fc168e912a444dcaba9f3bacebd4e160,2,0,2
mitmengine-master,reference_fingerprints/pcaps/antivirus-run2/BitdefenderAVPlus2013-Windows/windows-7-bitdefender-avplus-2013-chrome-48,24bdbbdfd9fd4862e26a486384267aeb87cfaefe49850355a461d8f54ea05bd4,1,0,1
mitmengine-master,reference_fingerprints/pcaps/antivirus-run2/BitdefenderAVPlus2013-Windows/windows-7-bitdefender-avplus-2013-firefox-44,4925f03e5daaf7dc7a51159ccff3bb83db93e80fa8ffdf05e198c966558d2177,1,0,1
mitmengine-master,reference_fingerprints/pcaps/antivirus-run2/BitdefenderAVPlus2013-Windows/windows-7-bitdefender-avplus-2013-ie-11,0263ceacadeccdfaaa06024d19004dde5d6edebaa36de7ea95b733194ae41642,1,0,1
mitmengine-master,reference_fingerprints/pcaps/antivirus-run2/BitdefenderAVPlus2015-16-Windows/windows-7-bitdefender-antivirus-plus-2015-chrome-48,2e7caa2a9f3382c4c591eeaf261455060e351e326803c1b7737beb01639cbde4,2,0,2
mitmengine-master,reference_fingerprints/pcaps/antivirus-run2/BitdefenderAVPlus2015-16-Windows/windows-7-bitdefender-antivirus-plus-2015-firefox-44,2d67289a0ae2bc3b59b94beb3595803c18d7e27da4a0b9901f8fb9168d558cb8,2,0,2
mitmengine-master,reference_fingerprints/pcaps/antivirus-run2/BitdefenderAVPlus2015-16-Windows/windows-7-bitdefender-antivirus-plus-2015-ie-11,b5718ac0df4fcd7099734fc68f665b3e4379fb7ac56393ebfa1d0443d775e3d8,2,0,2
mitmengine-master,reference_fingerprints/pcaps/antivirus-run2/BitdefenderAVPlus2015-16-Windows/windows-7-bitdefender-avplus-2016-chrome-48,fd18168756f39325ec803bc5854e6bc567f74b8d2bf80d8cfac5982fbe4e63e6,2,0,2
mitmengine-master,reference_fingerprints/pcaps/antivirus-run2/BitdefenderAVPlus2015-16-Windows/windows-7-bitdefender-avplus-2016-firefox-44,6d69f602ead8f850c9c6bb32f035a0835f95ca4397c2de534b0f85570f3f2649,2,0,2
mitmengine-master,reference_fingerprints/pcaps/antivirus-run2/BitdefenderAVPlus2015-16-Windows/windows-7-bitdefender-avplus-2016-ie-11,03aaffa7f6833f21f0bf820b97e6004ab8ef2739e03f639edbd6038bee426511,2,0,2
mitmengine-master,reference_fingerprints/pcaps/antivirus-run2/BitdefenderInternetSecurity2016-Windows/windows-7-bitdefender-isecurity-2016-chrome-48,59eedc98a6ba7510f51120fa4582c058e9e34ab47ce5339e6347f8e9f66028ff,2,0,2
mitmengine-master,reference_fingerprints/pcaps/antivirus-run2/BitdefenderInternetSecurity2016-Windows/windows-7-bitdefender-isecurity-2016-firefox-44,1312d06afb65606a6ea41aef5dfb28dbe23201591170cc094c15beb87c08f93b,2,0,2
mitmengine-master,reference_fingerprints/pcaps/antivirus-run2/BitdefenderInternetSecurity2016-Windows/windows-7-bitdefender-isecurity-2016-ie-11,df5c5b2ad47573e52f7a956d29b425e2c141d6a985b1ff42d30d7aaf987bf585,2,0,2
mitmengine-master,reference_fingerprints/pcaps/antivirus-run2/BitdefenderTotalSecurityPlus2016-Windows/windows-7-bitdefender-totalsecurity-2016-chrome-48,d272276a400bad0304971971d8b7e45861865ef779894584962e089d7f0ef323,2,0,2
mitmengine-master,reference_fingerprints/pcaps/antivirus-run2/BitdefenderTotalSecurityPlus2016-Windows/windows-7-bitdefender-totalsecurity-2016-firefox-44,f221c649159e209e1fedf2867ec9e5e12d3ab43e86f782a944c662ab77d70659,2,0,2
mitmengine-master,reference_fingerprints/pcaps/antivirus-run2/BitdefenderTotalSecurityPlus2016-Windows/windows-7-bitdefender-totalsecurity-2016-ie-11,46de0e71378732cd28688a987d6db37ccc1ea772fdfd1b04fccf3ffe2010e37a,2,0,2
mitmengine-master,reference_fingerprints/pcaps/antivirus-run2/BullguardInternetSecurity16-Windows/windows-7-bullguard-internet-security-16.0.323-chrome-53,5cc008d3c5185196c68c3b834fdb26f5ed4ed2ec116b58b0f872c9139cba2ea9,2,0,2
mitmengine-master,reference_fingerprints/pcaps/antivirus-run2/BullguardInternetSecurity16-Windows/windows-7-bullguard-internet-security-16.0.323-firefox-48,36ccdd960ee590521ee26038ab3561d15470064b04135ace97f8b5637d814f7f,2,0,2
mitmengine-master,reference_fingerprints/pcaps/antivirus-run2/BullguardInternetSecurity16-Windows/windows-7-bullguard-internet-security-16.0.323-ie-8,9b24f315ad66fe97a5ce4fe4407acbf1ababc0bec619152402b443dedc558dcd,1,0,1
mitmengine-master,reference_fingerprints/pcaps/antivirus-run2/CYBERsitter11-Windows/windows-7-cybersitter-11.13.1-chrome-50,bae54e1a1a8e1814f1b90ac1b3d448907216ac6c77db60cde46208fb21db10a0,2,0,2
mitmengine-master,reference_fingerprints/pcaps/antivirus-run2/CYBERsitter11-Windows/windows-7-cybersitter-11.13.1-firefox-44,05ae8d8fd5458c0769feaeac42ee1ce2e0c13425233fe782d2ab83d515012078,1,0,1
mitmengine-master,reference_fingerprints/pcaps/antivirus-run2/CYBERsitter11-Windows/windows-7-cybersitter-11.13.1-ie-11,2ce9575920ca0dfd7d8798013de86811952dda887a248b621bc2c9fc8b6b3606,2,0,2
mitmengine-master,reference_fingerprints/pcaps/antivirus-run2/DrWebAntivirus11-Mac/mac-10.11.4-dr-web-11.0.0-chrome-49,7f215779d69f0e549494974b8b3dfdec75efbe2b3929e73c5dc4248ee9124f27,2,0,2
mitmengine-master,reference_fingerprints/pcaps/antivirus-run2/DrWebAntivirus11-Mac/mac-10.11.4-dr-web-11.0.0-firefox-45,8e098b2b4645bffb0920b00e41a28b3058a4e480ca5305a913a4397195540474,2,0,2
mitmengine-master,reference_fingerprints/pcaps/antivirus-run2/DrWebAntivirus11-Mac/mac-10.11.4-dr-web-11.0.0-safari-9.1,c9e925a9a496a89ec038c60171676f0b45d7c77e0e66960e48cdc2b30a90be26,2,0,2
mitmengine-master,reference_fingerprints/pcaps/antivirus-run2/DrWebSecuritySpace10-Windows/windows-7-dr-web-10.0-chrome-48,17996f2dc69df33060f82100acd16f4d083b322b894ac59c36959ecf139d9cb6,1,0,1
mitmengine-master,reference_fingerprints/pcaps/antivirus-run2/DrWebSecuritySpace10-Windows/windows-7-dr-web-10.0-firefox-44,9bb132e24511a947f0d9636ed56b67b96bafe479a7a3d2cb3e44e85bb38e1c5c,1,0,1
mitmengine-master,reference_fingerprints/pcaps/antivirus-run2/DrWebSecuritySpace10-Windows/windows-7-dr-web-10.0-ie-11,7e0944f582ce97873f057bf5a9e00fb9a37379f1837c1d0756e6154ed652fd94,2,0,2
mitmengine-master,reference_fingerprints/pcaps/antivirus-run2/ESETNOD32AV9-Windows/windows-7-eset-nod32-antivirus-9-chrome-48,f95e500b3c04be0c5e269e9f4ff6cfe0405dd918c8ff44bd5abe8e2737df0413,2,0,2
mitmengine-master,reference_fingerprints/pcaps/antivirus-run2/ESETNOD32AV9-Windows/windows-7-eset-nod32-antivirus-9-firefox-44,8cf6be7fc9411eba2f13be846588b7f2e2f8fd39725e003d6ae099dec1e73cb5,2,0,2
mitmengine-master,reference_fingerprints/pcaps/antivirus-run2/ESETNOD32AV9-Windows/windows-7-eset-nod32-antivirus-9-ie-11,094e3a91bdac1d39cbdd4fc0996906eba852d968231af253f89ba4ae9eca0987,2,0,2
mitmengine-master,reference_fingerprints/pcaps/antivirus-run2/KasperskyInternetSecurity16-Mac/mac-10.11.4-kaspersky-16.0.0-chrome-49,4e96a0c219716786fc0195b51f21439363d265ac66f3df56d9370a5c271c33ac,2,0,2
mitmengine-master,reference_fingerprints/pcaps/antivirus-run2/KasperskyInternetSecurity16-Mac/mac-10.11.4-kaspersky-16.0.0-firefox-45,30d661a0a437168ada70cc8a169f0973d0a3167d51cd5bbc412d99ff0c98dcb0,2,0,2
mitmengine-master,reference_fingerprints/pcaps/antivirus-run2/KasperskyInternetSecurity16-Mac/mac-10.11.4-kaspersky-16.0.0-safari-9.1,759a56aebe67ff8c7580baf14478be03f567163845a0731b5f52f90c2c34d5ed,2,0,2
mitmengine-master,reference_fingerprints/pcaps/antivirus-run2/KasperskyInternetSecurity16-Windows/windows-7-kaspersky-internet-security-2016-chrome-49,f56d1d8cf2b1a3596d54906b9c74bcd6a1225229777ce9bbe69e1d09d393bd15,1,0,1
mitmengine-master,reference_fingerprints/pcaps/antivirus-run2/KasperskyInternetSecurity16-Windows/windows-7-kaspersky-internet-security-2016-firefox-44,f38764472f27f9c3abefef8fe0336344e979b2a8f516ec324e5d42b706969d1b,2,0,2
mitmengine-master,reference_fingerprints/pcaps/antivirus-run2/KasperskyInternetSecurity16-Windows/windows-7-kaspersky-internet-security-2016-ie-11,637ff8f280e60658e1ebadd2597a90b945d0db5159f5f00e8a61964e0eb4c716,2,0,2
mitmengine-master,reference_fingerprints/pcaps/antivirus-run2/KasperskyTotalSecurity16-Windows/windows-7-kaspersky-total-security-16-chrome-48,9f20dcb06b34006d891cd593422fd2b8bc2b57f9ed01e330ee36fbbd043fb5ad,2,0,2
mitmengine-master,reference_fingerprints/pcaps/antivirus-run2/KasperskyTotalSecurity16-Windows/windows-7-kaspersky-total-security-16-firefox-44,40ad872fcedbd3a5d7dba5474d4cedff5f4fd38493231bfe97100639e92caae3,1,0,1
mitmengine-master,reference_fingerprints/pcaps/antivirus-run2/KasperskyTotalSecurity16-Windows/windows-7-kaspersky-total-security-16-ie-11,16b4f722d5c0fd8b25e364a21d6add58df7054a111a55747e36452a050225ece,1,0,1
mitmengine-master,reference_fingerprints/pcaps/antivirus-run2/KinderGateParentalControl3-Windows/windows-7-kindergate-3.2.12589.0.1-chrome-51,19528b34bb200ebf9038bff41d253569b2044867144dd2ab1d838c36ef9c2970,2,0,2
mitmengine-master,reference_fingerprints/pcaps/antivirus-run2/NetNanny7-Mac/mac-10.11.4-net-nanny-3.1.7-chrome-49,f2164e1ab909eb21b214cc2a3eba3db57877f120912837be64c9f5d0c6e7fe30,2,0,2
mitmengine-master,reference_fingerprints/pcaps/antivirus-run2/NetNanny7-Mac/mac-10.11.4-net-nanny-3.1.7-firefox-45,7d58b27998287da81620f8595a6b8221ce9a1cd501f2e8a171040fc430761a3d,2,0,2
mitmengine-master,reference_fingerprints/pcaps/antivirus-run2/NetNanny7-Mac/mac-10.11.4-net-nanny-3.1.7-safari-9.1,55f02c80609a5cd2ca51751ef447b9b8f87905542765026422354058a1d79cf1,2,0,2
mitmengine-master,reference_fingerprints/pcaps/antivirus-run2/NetNanny7-Windows/windows-7-netnanny-7.2.7-chrome-50,ec7dbad4f3ef50ece3cab4c5fab67f0d99c88d2df7ae303a62bbcabf77156d04,2,0,2
mitmengine-master,reference_fingerprints/pcaps/antivirus-run2/NetNanny7-Windows/windows-7-netnanny-7.2.7-firefox-44,ba3e7dc3fdbc2481e9dbf59a8eaa90039a1fd707eaeb732d14f260a421c436ff,2,0,2
mitmengine-master,reference_fingerprints/pcaps/antivirus-run2/NetNanny7-Windows/windows-7-netnanny-7.2.7-ie-11,b4466efda74537fe5b61674e30f7a907e478d1dc90cbdb603a681df6104060ad,2,0,2
mitmengine-master,reference_fingerprints/pcaps/antivirus-run2/PCPandora7-Windows/windows-7-pcpandora-7.0-chrome-49,e7c80bda5511ab1d7dac4a12dd2b52811606bc3ea92d1ea10d28b2db7d1d8136,1,0,1
mitmengine-master,reference_fingerprints/pcaps/antivirus-run2/PCPandora7-Windows/windows-7-pcpandora-7.0-firefox-44,7917b1a3b099cf9c230f8ff0eae781ae5b242001d7107c37d550ee64b9e69c9d,1,0,1
mitmengine-master,reference_fingerprints/pcaps/antivirus-run2/PCPandora7-Windows/windows-7-pcpandora-7.0.22-ie-8,0c3c3a6aec3397ac6f597d619befae7bb87d1355ec65e4d223ddda623dfa9dd2,1,0,1
mitmengine-master,reference_fingerprints/pcaps/antivirus-run2/QustodioParentalControll2015-Mac/mac-10.11.4-qustodio-chrome-49,a233ce62c79a149a5b8e1902da8e5e8b03171712ba3fbba37f7df5c13909f19d,1,0,1
mitmengine-master,reference_fingerprints/pcaps/antivirus-run2/QustodioParentalControll2015-Mac/mac-10.11.4-qustodio-firefox-45,baf760cd9a766d5b0d39cd085f203dea575e45caf74d8193beece8b7a3671e43,2,0,2
mitmengine-master,reference_fingerprints/pcaps/antivirus-run2/QustodioParentalControll2015-Mac/mac-10.11.4-qustodio-safari-9.1,b8cc834600992eadae8951480f7b5507e6b7df08eb929cceaec1b44044d8a34e,1,0,1
mitmengine-master,reference_fingerprints/pcaps/browsers/Amazon_Kindle_Fire_2-android-4.0-android-unk,6b6b17c6ab050290134f4899912fd6ec8abbda375f72e28905e2be0b61f404b3,1,0,1
mitmengine-master,reference_fingerprints/pcaps/browsers/Amazon_Kindle_Fire_HDX_7-android-4.3-android-unk,ec74bcbd8f2a7a35d6c7aac4538c63670577c31095a1537993dd854866cbe64d,1,0,1
mitmengine-master,reference_fingerprints/pcaps/browsers/Amazon_Kindle_Fire_HD_8.9-android-4.0-android-unk,930162d98b388634247a60eec5aec2766266184d53ce13644356ca1f8b9e3438,1,0,1
mitmengine-master,reference_fingerprints/pcaps/browsers/Google_Nexus-android-4.0-android-unk,0750dd4dbdef7b2149dde639c1cb72f47a84908c7c31354fb8db3fe22947c5b7,1,0,1
mitmengine-master,reference_fingerprints/pcaps/browsers/Google_Nexus_4-android-4.2-android-unk,fa136f678b4627b6c14949d18cfc7a98e43be8432deda61174e6c34ea2b34a1e,1,0,1
mitmengine-master,reference_fingerprints/pcaps/browsers/Google_Nexus_5-android-5.0-android-unk,655bee32febd7e9f561f04c73a127e4a57fe6ff80f05ab2e65e0e5c324c8fb93,1,0,1
mitmengine-master,reference_fingerprints/pcaps/browsers/Google_Nexus_7-android-4.1-android-unk,33503851c578139ab7a3647b8fd992fc79cb550ef7d8682a34afaeb053d91d21,1,0,1
mitmengine-master,reference_fingerprints/pcaps/browsers/HTC_One_M8-android-4.4-android-unk,aa2415a8c45c51489e4da2989956203f2c0f0188d40830c0b355782982265b3e,1,0,1
mitmengine-master,reference_fingerprints/pcaps/browsers/HTC_One_X-android-4.0-android-unk,cb087b09b78dd3ee9b16ccce5707454920cbcd8b0ea5cbc863d4fa550bd1e390,1,0,1
mitmengine-master,reference_fingerprints/pcaps/browsers/Motorola_Razr-android-4.0-android-unk,698696a277f6e16898850bb75e0c51d226b38229d570b5f08d7b799f804773d9,1,0,1
mitmengine-master,reference_fingerprints/pcaps/browsers/Motorola_Razr_Maxx_HD-android-4.1-android-unk,b2c58d62d7768f5253a09233c8a28ce8768f901071ae686790dcd206f5d8e079,1,0,1
mitmengine-master,reference_fingerprints/pcaps/browsers/Samsung_Galaxy_Note_10.1-android-4.0-android-unk,6a1e8281067716143eb764b35033806cf077e852fb272416f7cd4617fe06acee,1,0,1
mitmengine-master,reference_fingerprints/pcaps/browsers/Samsung_Galaxy_Note_2-android-4.1-android-unk,13a2cbe5a0290efed527e8aa878a1787f367e35972d6b0f67249bdac8e634ff8,1,0,1
mitmengine-master,reference_fingerprints/pcaps/browsers/Samsung_Galaxy_Note_3-android-4.3-android-unk,62db0fca5be494ed01f5b1e47eda258f381bb23c0b3210594bf4d4f9fff220c2,1,0,1
mitmengine-master,reference_fingerprints/pcaps/browsers/Samsung_Galaxy_S3-android-4.1-android-unk,c69f691e1c5d010225e940a9eea5d3b9075a2f1590ce8feedccf9c4667abb4be,1,0,1
mitmengine-master,reference_fingerprints/pcaps/browsers/Samsung_Galaxy_S4-android-4.3-android-unk,68bd3068a039f9647523276d16ad102221c3b0f3ad10f12d7bc254366483be4c,1,0,1
mitmengine-master,reference_fingerprints/pcaps/browsers/Samsung_Galaxy_S5-android-4.4-android-unk,4417bff913d5be1981a68c1eff69a37722dce64673198537747650e55502da56,1,0,1
mitmengine-master,reference_fingerprints/pcaps/browsers/Samsung_Galaxy_S5_Mini-android-4.4-android-unk,00ce91e6f8b4c5ebc1c60def3eb96a1d19aa29b570005b6a6a1f282722cb6645,1,0,1
mitmengine-master,reference_fingerprints/pcaps/browsers/Samsung_Galaxy_Tab_4_10.1-android-4.4-android-unk,76ec3cc609a049a4d62624a30a75bfb53754d0ddce2250fd4e4f35643ce480b9,1,0,1
mitmengine-master,reference_fingerprints/pcaps/browsers/Sony_Xperia_Tipo-android-4.0-android-unk,df3162fd13fe85d72e74514117fbb948b5b2c0e5c7215551761adc8e7fd5c63b,1,0,1
mitmengine-master,reference_fingerprints/pcaps/browsers/computer-OS_X-El_Capitan-chrome-14.0,9749f393f706a52026cfc882844e21aa6ffec9115ef69d147158c84858dac49b,1,0,1
mitmengine-master,reference_fingerprints/pcaps/browsers/computer-OS_X-El_Capitan-chrome-16.0,35051acf235f0dbe6134448ed2f9518bd1ed87fd6bef5b3d9fbddcf525079c27,1,0,1
mitmengine-master,reference_fingerprints/pcaps/browsers/computer-OS_X-El_Capitan-chrome-17.0,fafdfe27e26601c6af5b988540e566b6dc31acbdccb78d6af864e82b7802e569,1,0,1
mitmengine-master,reference_fingerprints/pcaps/browsers/computer-OS_X-El_Capitan-chrome-18.0,1641558565973d683ecf1fd986ba1f8b7e07d76d95a70c2b68591e1e79a7c937,1,0,1
mitmengine-master,reference_fingerprints/pcaps/browsers/computer-OS_X-El_Capitan-chrome-19.0,a046e65246e8736822e5e47864cba1591b745774e1620d6efb1d7fc0d9cc06ba,1,0,1
mitmengine-master,reference_fingerprints/pcaps/browsers/computer-OS_X-El_Capitan-chrome-20.0,8cada67fc0b41ae1d8e49974cf641109bf1105d7d36ba721c621aef25d9acbab,1,0,1
mitmengine-master,reference_fingerprints/pcaps/browsers/computer-OS_X-El_Capitan-chrome-21.0,37ea4d1ba5b125f923276acbc3ff4e550ce585fb76c90196039c654ac951bc44,1,0,1
mitmengine-master,reference_fingerprints/pcaps/browsers/computer-OS_X-El_Capitan-chrome-22.0,6923a0b1fa769f4954378960d63bf7065d9db40f413d0ef3e60d8cfce0602b65,1,0,1
mitmengine-master,reference_fingerprints/pcaps/browsers/computer-OS_X-El_Capitan-chrome-23.0,dc569ad51088301a216d48577fa9fb402851c73766d9382f158a64f3020bd0fe,1,0,1
mitmengine-master,reference_fingerprints/pcaps/browsers/computer-OS_X-El_Capitan-chrome-24.0,5f8f153ad95083b1dc2a3bca450fa76cb5a91a66a1e8deeac54a072d792d1d29,1,0,1
mitmengine-master,reference_fingerprints/pcaps/browsers/computer-OS_X-El_Capitan-chrome-25.0,eb099bcdf747d230adb202de76e74c150ef410b9f9e4558300f80e2e49223d5c,1,0,1
mitmengine-master,reference_fingerprints/pcaps/browsers/computer-OS_X-El_Capitan-chrome-26.0,947593904f65ffc4c78326b0e7ca0f5154d29e235fdf6b1d05a538ebb6b9dea1,1,0,1
mitmengine-master,reference_fingerprints/pcaps/browsers/computer-OS_X-El_Capitan-chrome-27.0,3ee5ae55b1f32af0da2765b779e96337ba115840a23b9c3908b15df398a86db9,1,0,1
mitmengine-master,reference_fingerprints/pcaps/browsers/computer-OS_X-El_Capitan-chrome-28.0,f72c4307f1acdf169f1924dfdb9b0b4f74a9c0385f0ab38c223feeac8a773197,1,0,1
mitmengine-master,reference_fingerprints/pcaps/browsers/computer-OS_X-El_Capitan-chrome-29.0,a54d1c8c771ea17c80883f475436af87461281820905cae884cb066bd2ea95f0,1,0,1
mitmengine-master,reference_fingerprints/pcaps/browsers/computer-OS_X-El_Capitan-chrome-30.0,3dc03c4ed79a6dfc89d720ea595f3f3fbf00bd2c76446c4adae9eb7c8b604fed,1,0,1
mitmengine-master,reference_fingerprints/pcaps/browsers/computer-OS_X-El_Capitan-chrome-31.0,07a3a6190e3f6d95bade0d2e3da4def1a653d690d2e5e2b0a71bd6f052c9cea3,1,0,1
mitmengine-master,reference_fingerprints/pcaps/browsers/computer-OS_X-El_Capitan-chrome-32.0,232ed7da0e84b7d765e31f6e110737dd402f99887ce195b6e6208a80f0e0897a,1,0,1
mitmengine-master,reference_fingerprints/pcaps/browsers/computer-OS_X-El_Capitan-chrome-33.0,bb215e27b71048d0ae99a6bc5db186a1ac42c48edeb3f8be1ff15649fd0818c7,1,0,1
mitmengine-master,reference_fingerprints/pcaps/browsers/computer-OS_X-El_Capitan-chrome-34.0,24e7637f41e8d5eea744f33750c3e8165e8ab95f369127d617b0419910d7e547,1,0,1
mitmengine-master,reference_fingerprints/pcaps/browsers/computer-OS_X-El_Capitan-chrome-35.0,5715dcd5e3315414924e0b7af2e0aead777513384bb4ad80f87a7d22d5bba562,1,0,1
mitmengine-master,reference_fingerprints/pcaps/browsers/computer-OS_X-El_Capitan-chrome-36.0,01873abafd117ff593acccd0511f0e42547cd6b1d584ae0f24d1f0615ee3fa76,1,0,1
mitmengine-master,reference_fingerprints/pcaps/browsers/computer-OS_X-El_Capitan-chrome-37.0,8ecaaf1ea467ae2d18963125517bb305cc173cf64dc466acd7a1a7d937fda694,1,0,1
mitmengine-master,reference_fingerprints/pcaps/browsers/computer-OS_X-El_Capitan-chrome-38.0,9f48feb66597e5ef04f36b3775a96dec31b5edafed8bf5ee0a3fba2222f8ca2d,1,0,1
mitmengine-master,reference_fingerprints/pcaps/browsers/computer-OS_X-El_Capitan-chrome-39.0,ceac6b27270b1d73480e018e786a7ad123dcdf25f45c0da5888d30d2710d9bfe,1,0,1
mitmengine-master,reference_fingerprints/pcaps/browsers/computer-OS_X-El_Capitan-chrome-40.0,e4024e10a8f865222940c1d570463e31fc834ca4e6b94155b4210869f7808502,1,0,1
mitmengine-master,reference_fingerprints/pcaps/browsers/computer-OS_X-El_Capitan-chrome-41.0,c0c5746ee3da26895d75e6cea98e476a1e65ee5a8a0321d67efe372a127d4762,1,0,1
mitmengine-master,reference_fingerprints/pcaps/browsers/computer-OS_X-El_Capitan-chrome-42.0,ee57874aa74fb975c2ecb3940911031c945bbadd619a49a38e100d44425c2e54,1,0,1
mitmengine-master,reference_fingerprints/pcaps/browsers/computer-OS_X-El_Capitan-chrome-43.0,b60ed58dcbca2baccf4ffd61dcc43d53af098d7359943762c7954790c0323298,1,0,1
mitmengine-master,reference_fingerprints/pcaps/browsers/computer-OS_X-El_Capitan-chrome-44.0,f48e20027966657d6ecfe70ae1de65d920e10bd8f5f1c4e8c1f8869c9d72425b,1,0,1
mitmengine-master,reference_fingerprints/pcaps/browsers/computer-OS_X-El_Capitan-chrome-45.0,4535c256ef88b8973dbc0d9833797f3f9a3661332b78a472041a89006c51bbaa,1,0,1
mitmengine-master,reference_fingerprints/pcaps/browsers/computer-OS_X-El_Capitan-chrome-46.0,0c09a94f3803a392e514bd8d148247ec3023a2ac3b71bc71e2fbed3571502642,1,0,1
mitmengine-master,reference_fingerprints/pcaps/browsers/computer-OS_X-El_Capitan-chrome-47.0,4417d97787f357dd8fffc32a6132744639a4f07b5e80fd80c954c66636d013f2,1,0,1
mitmengine-master,reference_fingerprints/pcaps/browsers/computer-OS_X-El_Capitan-firefox-10.0,c7a9fd27e57208fff5418490e431568b12f1ef35eddb67d9cc31ebee5dac9b8e,1,0,1
mitmengine-master,reference_fingerprints/pcaps/browsers/computer-OS_X-El_Capitan-firefox-11.0,07b13f1093d906804fa639d7cc7bb67e774d2ec3786d0bc098b8dc0f7c0e31a0,1,0,1
mitmengine-master,reference_fingerprints/pcaps/browsers/computer-OS_X-El_Capitan-firefox-12.0,9a85881faaaa50452ae7a506ebf36dc3e759d02ad0660450a70146a430d29577,1,0,1
mitmengine-master,reference_fingerprints/pcaps/browsers/computer-OS_X-El_Capitan-firefox-13.0,55439ac51eb57e98639fc2b3f600f4de95da7c53dbb640a1d84a3443b468d19e,1,0,1
mitmengine-master,reference_fingerprints/pcaps/browsers/computer-OS_X-El_Capitan-firefox-14.0,e051178ea9d84437d3534bb7cc63185ee5a1d5679458885f649532f34bde8b0e,1,0,1
mitmengine-master,reference_fingerprints/pcaps/browsers/computer-OS_X-El_Capitan-firefox-15.0,ed83e2a579262352bc6b383b586815df4208cc65ed4a2c6d09fbd63c1a1c3598,1,0,1
mitmengine-master,reference_fingerprints/pcaps/browsers/computer-OS_X-El_Capitan-firefox-16.0,f13c360ef57bc109a5ad2ac0b81795bbf9a521fa005b3ffcc75251b19182d8e2,1,0,1
mitmengine-master,reference_fingerprints/pcaps/browsers/computer-OS_X-El_Capitan-firefox-17.0,f70a2d699887915dcbefe284cfb727ad12ad215301845c9a366c0d984abc2227,1,0,1
mitmengine-master,reference_fingerprints/pcaps/browsers/computer-OS_X-El_Capitan-firefox-18.0,38dcc4f27b6b9ff781ee64f49b3c1979bb96447d8a482ebdea5f1f6c8d76ab9f,1,0,1
mitmengine-master,reference_fingerprints/pcaps/browsers/computer-OS_X-El_Capitan-firefox-19.0,fbe3829440d934b1eb7d06e0332fb935b241cd0f5e7584ae1be715f1b1360a03,1,0,1
mitmengine-master,reference_fingerprints/pcaps/browsers/computer-OS_X-El_Capitan-firefox-20.0,93ecfdde36e093200b67f50566134509e115c24f27ea42374acda82b7a2e6108,1,0,1
mitmengine-master,reference_fingerprints/pcaps/browsers/computer-OS_X-El_Capitan-firefox-21.0,72730173a6b911f28cca1ff4f57dcce4c1d225a30d206f753a44a455fb985a08,1,0,1
mitmengine-master,reference_fingerprints/pcaps/browsers/computer-OS_X-El_Capitan-firefox-22.0,88f0d8fd4f18ee0137a92803b62c35a64c5927a4fcaae54ebf723ee529abd8c7,1,0,1
mitmengine-master,reference_fingerprints/pcaps/browsers/computer-OS_X-El_Capitan-firefox-23.0,7b1e1263e8f57a89f19ec19e03c3fd58229ec320dfe148291380aa30fe89ae75,1,0,1
mitmengine-master,reference_fingerprints/pcaps/browsers/computer-OS_X-El_Capitan-firefox-24.0,6d24b4e5ef72d2084461cff29d3f2b0a4573c97d06664e3bb0acea9a7a45b00b,1,0,1
mitmengine-master,reference_fingerprints/pcaps/browsers/computer-OS_X-El_Capitan-firefox-25.0,76b839de465380485b20a19c91b1d47dac8606e7281dc72d148d8dea27ad1f0d,1,0,1
mitmengine-master,reference_fingerprints/pcaps/browsers/computer-OS_X-El_Capitan-firefox-26.0,3501584ca9ac837b21934e91c41a7c585cabc09ecdae194a61785d7f634ed4cd,1,0,1
mitmengine-master,reference_fingerprints/pcaps/browsers/computer-OS_X-El_Capitan-firefox-27.0,c5eefcc535fe33e398a96ec0acc1650e887814cf275cf164a38c125ed8d29812,1,0,1
mitmengine-master,reference_fingerprints/pcaps/browsers/computer-OS_X-El_Capitan-firefox-28.0,7126fb1f77518c77a2ee93ada13ab2b6e363868cefada11067172658338be234,1,0,1
mitmengine-master,reference_fingerprints/pcaps/browsers/computer-OS_X-El_Capitan-firefox-29.0,547e398d0c05fd043f8c914ffaa733385a7e6817a508350e38a9f6369980fbfb,1,0,1
mitmengine-master,reference_fingerprints/pcaps/browsers/computer-OS_X-El_Capitan-firefox-30.0,73cd3c6e1243c0054226294cdcc5b0cdefb8cd731fa46da1488c23e291d60767,1,0,1
mitmengine-master,reference_fingerprints/pcaps/browsers/computer-OS_X-El_Capitan-firefox-31.0,ed3bfb2636830cc7cb6acafaa249a24021a1cb5ae219dae82757b65bd5443f4b,1,0,1
mitmengine-master,reference_fingerprints/pcaps/browsers/computer-OS_X-El_Capitan-firefox-32.0,5ed98dd117ebc68730a127729417f02b4d5140e55ced2940c551987df574272d,1,0,1
mitmengine-master,reference_fingerprints/pcaps/browsers/computer-OS_X-El_Capitan-firefox-33.0,336803db8f0e347251249c2426e66f87398c23940e3daa72e71df46da7823bd4,1,0,1
mitmengine-master,reference_fingerprints/pcaps/browsers/computer-OS_X-El_Capitan-firefox-34.0,d10f5ff7cfe3769d44269eebe6a4eafbcb1a0673c4119243a9e246141a2d3240,1,0,1
mitmengine-master,reference_fingerprints/pcaps/browsers/computer-OS_X-El_Capitan-firefox-35.0,5703a46873d2a0d5374197dd5849b81242b722d56221f802e82ca41a5fe06042,1,0,1
mitmengine-master,reference_fingerprints/pcaps/browsers/computer-OS_X-El_Capitan-firefox-36.0,0ff5fc170e621b112da2b05e36b3b0645c3cdaf951cb181cf7489010840c2d11,1,0,1
mitmengine-master,reference_fingerprints/pcaps/browsers/computer-OS_X-El_Capitan-firefox-37.0,97ec17649b5323e2e7e6b49b362b2f7b6e0e6b80f2a84de6f4fbdc9bede5f763,1,0,1
mitmengine-master,reference_fingerprints/pcaps/browsers/computer-OS_X-El_Capitan-firefox-38.0,342d8e6a556642ed12d60fd404fb79544ed547e5dc7f6087e79e673f3fa48620,1,0,1
mitmengine-master,reference_fingerprints/pcaps/browsers/computer-OS_X-El_Capitan-firefox-39.0,260ba2710dbd01170cf6cc32e6b686bc1df988843be515e795ebfc280a2b35db,1,0,1
mitmengine-master,reference_fingerprints/pcaps/browsers/computer-OS_X-El_Capitan-firefox-4.0,bc15ec502af48d9cb5cbb6922682cb7bef71ba5834b2dfb6f937a7e5056fe124,1,0,1
mitmengine-master,reference_fingerprints/pcaps/browsers/computer-OS_X-El_Capitan-firefox-40.0,9cd51a8e1c0fadc1659971952b434831e165fa348b57ce3ca2911de634fb3a95,1,0,1
mitmengine-master,reference_fingerprints/pcaps/browsers/computer-OS_X-El_Capitan-firefox-41.0,05da6acc146873ffc33ce10c5b5ed1999fb8317aebdc58f204212547f1e7209f,1,0,1
mitmengine-master,reference_fingerprints/pcaps/browsers/computer-OS_X-El_Capitan-firefox-42.0,c0624f2f910221562704db7765ede320241d285449ceeee36fef896ccc564e73,1,0,1
mitmengine-master,reference_fingerprints/pcaps/browsers/computer-OS_X-El_Capitan-firefox-43.0,c344a448a6fbc44acabdbb23922481bfeb56a7fec354dccc7cf07e0793a60bbb,1,0,1
mitmengine-master,reference_fingerprints/pcaps/browsers/computer-OS_X-El_Capitan-firefox-5.0,0baee0d8d7632abd0e17daa000b2e5c38ce7b338b352e8b512b1bd7dcbe9da4b,1,0,1
mitmengine-master,reference_fingerprints/pcaps/browsers/computer-OS_X-El_Capitan-firefox-6.0,f53ed77c45c8b66ea6dfeaf514128a5d73526d9841b1300b3895c96d3b6765bb,1,0,1
mitmengine-master,reference_fingerprints/pcaps/browsers/computer-OS_X-El_Capitan-firefox-7.0,8dd22f355c263d05ddb00d6f87b9c69b1c885e63769cc47dcf5860afb0cb9e0c,1,0,1
mitmengine-master,reference_fingerprints/pcaps/browsers/computer-OS_X-El_Capitan-firefox-8.0,59f6ef27c4d231b3529ebe0832948642fdd6f0f88361dd09da676b72fab61db7,1,0,1
mitmengine-master,reference_fingerprints/pcaps/browsers/computer-OS_X-El_Capitan-firefox-9.0,7b035a22ef52c05506caf720311b22d60fae337abf343874bee36270965cc2b0,1,0,1
mitmengine-master,reference_fingerprints/pcaps/browsers/computer-OS_X-El_Capitan-opera-12.15,3cc1f3ae1e00bbb3f739b2cc976a403424bdd9d28ca05c777011bb4580d9970e,1,0,1
mitmengine-master,reference_fingerprints/pcaps/browsers/computer-OS_X-El_Capitan-safari-9.0,b5aa7fe88146cdcb3f8c5142842462e5f7f3aaa5791f49bea04dde4c80b91474,1,0,1
mitmengine-master,reference_fingerprints/pcaps/browsers/computer-OS_X-Lion-chrome-14.0,ddc61ed85825e3075fa409141a019deb129ec7abf48a1bb05d2606bc349b9c6c,1,0,1
mitmengine-master,reference_fingerprints/pcaps/browsers/computer-OS_X-Lion-chrome-16.0,25cfd9469d8e019602a6bb2a27e0a643f92d2163fa8d422171afb281e818988a,1,0,1
mitmengine-master,reference_fingerprints/pcaps/browsers/computer-OS_X-Lion-chrome-17.0,4525bfdb5ed98aab893b02e8100a67c869749c436f7cc3647410ca70fa21a02a,1,0,1
mitmengine-master,reference_fingerprints/pcaps/browsers/computer-OS_X-Lion-chrome-18.0,04455d0c704c6948aeff7164e069dc8f567a9efcb9df99db9be27751f88a628f,1,0,1
mitmengine-master,reference_fingerprints/pcaps/browsers/computer-OS_X-Lion-chrome-19.0,f257f60bb85e747febcd54c90b0b0f6734ec4920ae8cb0012830112dab9a6d46,1,0,1
mitmengine-master,reference_fingerprints/pcaps/browsers/computer-OS_X-Lion-chrome-20.0,6673a0f1e1828e34ec3d21b73002f6d87ab805d50304c71f4f75ce42466ec295,1,0,1
mitmengine-master,reference_fingerprints/pcaps/browsers/computer-OS_X-Lion-chrome-21.0,944c7216001657c5d847af492ca878333d35556084d886ad4b61ce77a390f3a6,1,0,1
mitmengine-master,reference_fingerprints/pcaps/browsers/computer-OS_X-Lion-chrome-22.0,9dd59f81dc870b9c596190f92a40321f782d8f469bf727203131f77063c012a1,1,0,1
mitmengine-master,reference_fingerprints/pcaps/browsers/computer-OS_X-Lion-chrome-23.0,0a93a4a5e0f089a3b85763ad5d4a1359c434265c3494aac7d0837d34d1df34d6,1,0,1
mitmengine-master,reference_fingerprints/pcaps/browsers/computer-OS_X-Lion-chrome-24.0,72586d22f6972071c6887e96970f0ee9f536b1dcf025999727ae7660fcb25adb,1,0,1
mitmengine-master,reference_fingerprints/pcaps/browsers/computer-OS_X-Lion-chrome-25.0,0fea04dbe09ac2e7ca17e9de914cca016d33a4c95fdd24d7b0906f62fa088af9,1,0,1
mitmengine-master,reference_fingerprints/pcaps/browsers/computer-OS_X-Lion-chrome-26.0,4e7855f885599d49e87b84545fc8f4032676c4bee621aa900efb928c7308fb1d,1,0,1
mitmengine-master,reference_fingerprints/pcaps/browsers/computer-OS_X-Lion-chrome-27.0,082c3930e4bd6a2c22819b779719bf2670cc1b0b52bbfbc4a12552f53596850e,1,0,1
mitmengine-master,reference_fingerprints/pcaps/browsers/computer-OS_X-Lion-chrome-28.0,557b56fa4a9dff05f77037c33577b8c8ff9b0e3acaae7e23c4be0eb40e1e4fa1,1,0,1
mitmengine-master,reference_fingerprints/pcaps/browsers/computer-OS_X-Lion-chrome-29.0,9965ed7d5a754d174f14a100863c7b855d7869d3cbfa9aaea9a03ffc0ae4367e,1,0,1
mitmengine-master,reference_fingerprints/pcaps/browsers/computer-OS_X-Lion-chrome-30.0,f1c23708a25fa64a677b4870b24f658da833145089a2b669c4d0d964474fb905,1,0,1
mitmengine-master,reference_fingerprints/pcaps/browsers/computer-OS_X-Lion-chrome-31.0,74b05085239600ae0a9fbea6448a12cdd97dc636116b6dbf75633b345ff7aa25,1,0,1
mitmengine-master,reference_fingerprints/pcaps/browsers/computer-OS_X-Lion-chrome-32.0,3f541be4d49f9f77ae665594da786c8a3cef89b8fb71e0aec653032de89abd95,1,0,1
mitmengine-master,reference_fingerprints/pcaps/browsers/computer-OS_X-Lion-chrome-33.0,a5d320532da575162badee32881a4d9aeee778356cc1f4001476cf0d11e1dea4,1,0,1
mitmengine-master,reference_fingerprints/pcaps/browsers/computer-OS_X-Lion-chrome-34.0,76a77eea5f2fc2404d709bf2477842585ffff527816c37c00c158012cc4cdbb5,1,0,1
mitmengine-master,reference_fingerprints/pcaps/browsers/computer-OS_X-Lion-chrome-35.0,487a9e1545a574caf5d4d7d363a2f260aed6551e59652b5791f2df50f333702b,1,0,1
mitmengine-master,reference_fingerprints/pcaps/browsers/computer-OS_X-Lion-chrome-36.0,52e0ef7e06215d2eb71155a04577b03694f03fa5ea3a3e737a08bb2f2f433d18,1,0,1
mitmengine-master,reference_fingerprints/pcaps/browsers/computer-OS_X-Lion-chrome-37.0,791ce37e470db513975f23afabf50b9362bc9e7b1b9216d2154455309c3141c8,1,0,1
mitmengine-master,reference_fingerprints/pcaps/browsers/computer-OS_X-Lion-chrome-39.0,4e8654352b8fc2ac9200bb0a3d93126a935b52722026faebf2b630532880d212,1,0,1
mitmengine-master,reference_fingerprints/pcaps/browsers/computer-OS_X-Lion-chrome-40.0,84657e00b98552a1bc5a4e23b25523eaf91ccd8a0e5fffa0301ab96fe771e3a7,1,0,1
mitmengine-master,reference_fingerprints/pcaps/browsers/computer-OS_X-Lion-chrome-41.0,d243b7376796c1cea110afcebff7f0a2d41844fbec49db0ae44d375aa72caad6,1,0,1
mitmengine-master,reference_fingerprints/pcaps/browsers/computer-OS_X-Lion-chrome-42.0,3bd286eb01f99acefb6f0fa83a50a0637a0f37a0aa8783b58c74e9e1d0180549,1,0,1
mitmengine-master,reference_fingerprints/pcaps/browsers/computer-OS_X-Lion-chrome-43.0,a131411fbb47c18329939bd3b5afc8890f7b409648722baa6a8a2f63fb5199d6,1,0,1
mitmengine-master,reference_fingerprints/pcaps/browsers/computer-OS_X-Lion-chrome-44.0,78584ceb1900d9978379192cdd0a1db13f8f23cdf02455ec608c541d7f45226c,1,0,1
mitmengine-master,reference_fingerprints/pcaps/browsers/computer-OS_X-Lion-chrome-45.0,fce6791073679ce4eb3c4de93f982b5dafe98c340af0d5d5f1a7a7676b066f4e,1,0,1
mitmengine-master,reference_fingerprints/pcaps/browsers/computer-OS_X-Lion-chrome-46.0,e10f94f2563b8884b19bfce1260608c4e2cba29492542105b9f638e2dab4203e,1,0,1
mitmengine-master,reference_fingerprints/pcaps/browsers/computer-OS_X-Lion-chrome-47.0,b594d5dd6160aee709cba3eb8cb4afcf595dd126efb280313c14a29275bb6eff,1,0,1
mitmengine-master,reference_fingerprints/pcaps/browsers/computer-OS_X-Lion-firefox-10.0,6b9a4c743499d93d70a7fe1ee28a1c5bdb92386fd8a1937a8ea4c85019e116fc,1,0,1
mitmengine-master,reference_fingerprints/pcaps/browsers/computer-OS_X-Lion-firefox-11.0,82305267bc2185b08a270a5e11f0cb189de068b4837b03901152b71865ce5928,1,0,1
mitmengine-master,reference_fingerprints/pcaps/browsers/computer-OS_X-Lion-firefox-12.0,5e34094e3d95df114c1d33a5e56fde560151382e0f27ca019f38eaa757f512c8,1,0,1
mitmengine-master,reference_fingerprints/pcaps/browsers/computer-OS_X-Lion-firefox-13.0,80deeceff124e996ea3a5442eb6304ad3a20f83ce82a76351b2b7c1977f79b8c,1,0,1
mitmengine-master,reference_fingerprints/pcaps/browsers/computer-OS_X-Lion-firefox-14.0,8f0fca9c299705466517c705fd910ef9fa619bcdaaab53aecd234caa7af03e9d,1,0,1
mitmengine-master,reference_fingerprints/pcaps/browsers/computer-OS_X-Lion-firefox-15.0,ca96c439b57e1f0deb2df04df590ab31e55066052432cfd9cf2c796e7be223f9,1,0,1
mitmengine-master,reference_fingerprints/pcaps/browsers/computer-OS_X-Lion-firefox-16.0,003a2148209d952e8502895ee424f57d6f2152297495003255697884f442e739,1,0,1
mitmengine-master,reference_fingerprints/pcaps/browsers/computer-OS_X-Lion-firefox-17.0,385caa2d2f5a4961fab86d316eff5f636560c367093fb9387ac107fd3f30f610,1,0,1
mitmengine-master,reference_fingerprints/pcaps/browsers/computer-OS_X-Lion-firefox-18.0,4cc2af440d914e5d9617efb96be16fd358af816485325fa51812582ba70f2630,1,0,1
mitmengine-master,reference_fingerprints/pcaps/browsers/computer-OS_X-Lion-firefox-19.0,4cb37317e89f2931039fc2520203a43d98be8373ebab12d03d60b3df49dd44c9,1,0,1
mitmengine-master,reference_fingerprints/pcaps/browsers/computer-OS_X-Lion-firefox-20.0,d72307dfef69e07f44f8d43337e006d2e05e3f75870a19f2ed1c0f9fa95ff66d,1,0,1
mitmengine-master,reference_fingerprints/pcaps/browsers/computer-OS_X-Lion-firefox-21.0,507033d1b486a91a52b023487df70e07ecd7ef8ab21c8b240a479c98a52da487,1,0,1
mitmengine-master,reference_fingerprints/pcaps/browsers/computer-OS_X-Lion-firefox-22.0,c3cd6609a11fe87cafe96397d029f7b03a1bb6fcb12142c102b29a35783aad81,1,0,1
mitmengine-master,reference_fingerprints/pcaps/browsers/computer-OS_X-Lion-firefox-23.0,e0070791577021cfeb6dd6cbb51ea298e5618506577ef005f0f5bd400e1c090e,1,0,1
mitmengine-master,reference_fingerprints/pcaps/browsers/computer-OS_X-Lion-firefox-24.0,e1eee9ec5da78720c203ca6dd841ed7b1e8d485ac81df09c64f6fd8a12237207,1,0,1
mitmengine-master,reference_fingerprints/pcaps/browsers/computer-OS_X-Lion-firefox-25.0,52a631e90162205e736e3c5dda050fd21b1d82b498119fbb93be9510cb3eb101,1,0,1
mitmengine-master,reference_fingerprints/pcaps/browsers/computer-OS_X-Lion-firefox-26.0,052b33a6ce4787a7419129fae0e171bd9c60fc5cad5351fa68f91d3c0f07e481,1,0,1
mitmengine-master,reference_fingerprints/pcaps/browsers/computer-OS_X-Lion-firefox-27.0,23e80e62bedd1eb0f68623cdef60f49e65689884c09728a872f2fdc0f16ca6b3,1,0,1
mitmengine-master,reference_fingerprints/pcaps/browsers/computer-OS_X-Lion-firefox-28.0,a8ed87330c25008d04ac6c4efa223aa8325b9cea11da62e2683f633b0bc5abe5,1,0,1
mitmengine-master,reference_fingerprints/pcaps/browsers/computer-OS_X-Lion-firefox-29.0,e3503183838a8e54807d43bedd8d89e70701d6a6d4deb7dcf4f495463f4372db,1,0,1
mitmengine-master,reference_fingerprints/pcaps/browsers/computer-OS_X-Lion-firefox-3.6,368954113e62a15d6c6ab0b2059e1f80f6355447461a131fb2e938992b8576fb,1,0,1
mitmengine-master,reference_fingerprints/pcaps/browsers/computer-OS_X-Lion-firefox-30.0,a375b1badb0b8094d10c37a8ea2e59889afa3be76be6b5ddc3a6df9098bdb4af,1,0,1
mitmengine-master,reference_fingerprints/pcaps/browsers/computer-OS_X-Lion-firefox-31.0,b2ced25ae2fd2735c39e63a91547611d6d1a522ca47d57319727055298af280b,1,0,1
mitmengine-master,reference_fingerprints/pcaps/browsers/computer-OS_X-Lion-firefox-32.0,6d353d74099ba12bc4b1f49ae92366f2c9dcb1f1376eee7f01004b246d4738cd,1,0,1
mitmengine-master,reference_fingerprints/pcaps/browsers/computer-OS_X-Lion-firefox-33.0,cf3f2e366aeb5e2b197acdccfa7c4b182358ca0791b75b6d0c4c3905a34399b0,1,0,1
mitmengine-master,reference_fingerprints/pcaps/browsers/computer-OS_X-Lion-firefox-34.0,5e6a58c828ba4df98de1e2d23635509ea2a30fc5891bfce50b1888e7dfdf7296,1,0,1
mitmengine-master,reference_fingerprints/pcaps/browsers/computer-OS_X-Lion-firefox-35.0,bb9be37b3e83a5b9f4a5007a77234aa508943bb3c7207eb42cf7eb6fdc16d512,1,0,1
mitmengine-master,reference_fingerprints/pcaps/browsers/computer-OS_X-Lion-firefox-36.0,09737ecbc0556701f3a77ccad8ae062331f1a662c48108e25406f7b4fe1c2234,1,0,1
mitmengine-master,reference_fingerprints/pcaps/browsers/computer-OS_X-Lion-firefox-37.0,4cf013301637a681f5986332dd9410b46ff7f0e5d6a143652066e574a30f06a0,1,0,1
mitmengine-master,reference_fingerprints/pcaps/browsers/computer-OS_X-Lion-firefox-38.0,c9457342dfb584ea670e2cadf7c585caad00175f7c87ab9bfd7693d27a7cb313,1,0,1
mitmengine-master,reference_fingerprints/pcaps/browsers/computer-OS_X-Lion-firefox-4.0,19104a774473cab1f9f9e2eca86523c89cf8233cd000ce76657b64c0d11e8680,1,0,1
mitmengine-master,reference_fingerprints/pcaps/browsers/computer-OS_X-Lion-firefox-40.0,5c46bf61ceb1e531cb13f0b0383916821e9dc79f8e28ca9ce93529e93db2640a,1,0,1
mitmengine-master,reference_fingerprints/pcaps/browsers/computer-OS_X-Lion-firefox-41.0,3cbab1e79db0215a85a6263af7e9554a9ec912c47ce3280719adc71b8cad5d04,1,0,1
mitmengine-master,reference_fingerprints/pcaps/browsers/computer-OS_X-Lion-firefox-42.0,b70217e67938e2cbfed367755e49f458510faf22a13159a0e4b118e357a852a4,1,0,1
mitmengine-master,reference_fingerprints/pcaps/browsers/computer-OS_X-Lion-firefox-43.0,47230ee74266c65b14e0b8433fac605a77ac7cd914bf692206ac94fe0c097219,1,0,1
mitmengine-master,reference_fingerprints/pcaps/browsers/computer-OS_X-Lion-firefox-5.0,5666bc0a366350864fa89a1d7d47040299d9c834a25c5bdd8904411b3bb73fe1,1,0,1
mitmengine-master,reference_fingerprints/pcaps/browsers/computer-OS_X-Lion-firefox-6.0,899cfc82def44e5e5146d3186e3cccd9389458cf8d08502502c5c3ffb6093c90,1,0,1
mitmengine-master,reference_fingerprints/pcaps/browsers/computer-OS_X-Lion-firefox-7.0,f34a56cad93e2a7894161513ecb025dbbccfaa4218e06a3157d8f8d882c57beb,1,0,1
mitmengine-master,reference_fingerprints/pcaps/browsers/computer-OS_X-Lion-firefox-8.0,1156a7b92b14b1f44f7e50346842b79c0464a6697eb6c7ea43a3704bce4318e4,1,0,1
mitmengine-master,reference_fingerprints/pcaps/browsers/computer-OS_X-Lion-firefox-9.0,52fd27c787e2576265a6b09d647184a09a036028ec431134cab81c9f9257563c,1,0,1
mitmengine-master,reference_fingerprints/pcaps/browsers/computer-OS_X-Lion-opera-12.15,6a717d13b1a4cec9e55182d5e8f7123202749b31af2b22636b431ff19d8543ba,1,0,1
mitmengine-master,reference_fingerprints/pcaps/browsers/computer-OS_X-Lion-safari-6.0,60cedd3796c632bb20ead9d35ce168a4572c16c450ca7b89614bca995335bdac,1,0,1
mitmengine-master,reference_fingerprints/pcaps/browsers/computer-OS_X-Mavericks-chrome-14.0,cf3a7c8aec6d4d82855e1c1399824fc9ba675499b1ce15f1bbd84216a0261db6,1,0,1
mitmengine-master,reference_fingerprints/pcaps/browsers/computer-OS_X-Mavericks-chrome-16.0,a60bbd29060772eecdde7f751951abeb125309c4bd3662a104305497d0649e3b,1,0,1
mitmengine-master,reference_fingerprints/pcaps/browsers/computer-OS_X-Mavericks-chrome-17.0,402d2b15a23d98998e9b7cf754b2d5e669e6bae051775463258d764f75f102d7,1,0,1
mitmengine-master,reference_fingerprints/pcaps/browsers/computer-OS_X-Mavericks-chrome-18.0,ae130d633f34ec4a22550ea691d44a6bae02a883db31188acbd63fba010271d7,1,0,1
mitmengine-master,reference_fingerprints/pcaps/browsers/computer-OS_X-Mavericks-chrome-19.0,cc6ffc9b56f7cdffc295cf880b1a3847e0319ed96e6b40133015c4530a7d762c,1,0,1
mitmengine-master,reference_fingerprints/pcaps/browsers/computer-OS_X-Mavericks-chrome-20.0,2430fe8b550ab3a6f31351bd7171d079f01b5b5c0034eead86c62d639989f6d9,1,0,1
mitmengine-master,reference_fingerprints/pcaps/browsers/computer-OS_X-Mavericks-chrome-21.0,cc4de1397ecc9aaf504ff36ee45c658cc97098b4cb2854feded25701b0cadb98,1,0,1
mitmengine-master,reference_fingerprints/pcaps/browsers/computer-OS_X-Mavericks-chrome-22.0,785d098f1a15fa5bbd7c80a2fcb3cddbc779642e42de58105e99bbd0cdce5113,1,0,1
mitmengine-master,reference_fingerprints/pcaps/browsers/computer-OS_X-Mavericks-chrome-23.0,624f949d4a14561bc3129e47cfb5d2d151a44cae7e379504ac6f3f7dc44f3f42,1,0,1
mitmengine-master,reference_fingerprints/pcaps/browsers/computer-OS_X-Mavericks-chrome-24.0,2af4ff75531df9d1bd68540856eb30ed9119561eff719f841fc33518575ad942,1,0,1
mitmengine-master,reference_fingerprints/pcaps/browsers/computer-OS_X-Mavericks-chrome-25.0,662aaa04179581ea4f5ff4e4eafa051dafd64beaaa96017738250f9e4e1e6673,1,0,1
mitmengine-master,reference_fingerprints/pcaps/browsers/computer-OS_X-Mavericks-chrome-26.0,a5a87f8333ab99bb5f2ef9149c97b3375218ec1a70abcdd84cff336a2fcbf229,1,0,1
mitmengine-master,reference_fingerprints/pcaps/browsers/computer-OS_X-Mavericks-chrome-27.0,15ac7f0493257035d75a293a713bf4e2ffc6e303e3f01a88e6f1ba59de05a662,1,0,1
mitmengine-master,reference_fingerprints/pcaps/browsers/computer-OS_X-Mavericks-chrome-28.0,0535e6593d5908ef503332835ce1bf066d1732dcd3a3beeac5c37ebd7141f4b6,1,0,1
mitmengine-master,reference_fingerprints/pcaps/browsers/computer-OS_X-Mavericks-chrome-29.0,96ea6eebb275e7b56d20ef4c0d1094a25ec6ae05ba5ab444297f7f7f5aca91d3,1,0,1
mitmengine-master,reference_fingerprints/pcaps/browsers/computer-OS_X-Mavericks-chrome-30.0,a4def789c5895fa46bbd333dc5b1201c184a5af72523758b81f184170ffa7d8f,1,0,1
mitmengine-master,reference_fingerprints/pcaps/browsers/computer-OS_X-Mavericks-chrome-31.0,a173eff9f39dbd8efd8bb2c406b4ff6ea748f72e4e1dea3a8eb02aa20a5d5030,1,0,1
mitmengine-master,reference_fingerprints/pcaps/browsers/computer-OS_X-Mavericks-chrome-32.0,ee6f360b62caea19a9104422ef74e6cbf1565c85e7618d6ef8d16145a2284bbd,1,0,1
mitmengine-master,reference_fingerprints/pcaps/browsers/computer-OS_X-Mavericks-chrome-33.0,436750952c7b53521b27278696152d66365237d583ce551217de2f8e3ce920b6,1,0,1
mitmengine-master,reference_fingerprints/pcaps/browsers/computer-OS_X-Mavericks-chrome-34.0,1166c021a43709312f934addde739ae3202c0dc41674e3aa7b2b085486d5b29a,1,0,1
mitmengine-master,reference_fingerprints/pcaps/browsers/computer-OS_X-Mavericks-chrome-35.0,0d2b98fbc1342647c0d170349a55bbf317dff29ad2b6a4bf25275235d608f615,1,0,1
mitmengine-master,reference_fingerprints/pcaps/browsers/computer-OS_X-Mavericks-chrome-36.0,7de24fe4224120ebafa39bb7420dc7bcd5f8d4f47a7bb27789525d5ba5f747df,1,0,1
mitmengine-master,reference_fingerprints/pcaps/browsers/computer-OS_X-Mavericks-chrome-37.0,e3a03d060251bf76a58d9ff783933634f1e07e3fdd3aa3eb3486ecaf6ccf8d9a,1,0,1
mitmengine-master,reference_fingerprints/pcaps/browsers/computer-OS_X-Mavericks-chrome-38.0,20f321da6446ad9ee9b1a25eef8012ef613dbce9f606f83dcf86f86d3e71a424,1,0,1
mitmengine-master,reference_fingerprints/pcaps/browsers/computer-OS_X-Mavericks-chrome-39.0,8678d70100bf5980bff6f84d18da53dce833d1433b1b9809043b57acf78aace3,1,0,1
mitmengine-master,reference_fingerprints/pcaps/browsers/computer-OS_X-Mavericks-chrome-40.0,f048c678f082b958d273efc448bfb928550d850cc18d495d5fc28c02e41a4a8e,1,0,1
mitmengine-master,reference_fingerprints/pcaps/browsers/computer-OS_X-Mavericks-chrome-41.0,69297c29e095924b1cdd7e14a567e65cb34e8c1b4a8a62e97b2cf795a83662a2,1,0,1
mitmengine-master,reference_fingerprints/pcaps/browsers/computer-OS_X-Mavericks-chrome-42.0,a2bfbf93382d4b34e722651305bf9579932ea6d292cec21ecf511bafd526b79a,1,0,1
mitmengine-master,reference_fingerprints/pcaps/browsers/computer-OS_X-Mavericks-chrome-43.0,7849dec62d030164715893020d0e4c4855ba016e66be694d62cd7f7d84ec246a,1,0,1
mitmengine-master,reference_fingerprints/pcaps/browsers/computer-OS_X-Mavericks-chrome-44.0,12bb796b297c3dc675f66be9ab5af91a7687141f30b7a02d2aed168bcfb02111,1,0,1
mitmengine-master,reference_fingerprints/pcaps/browsers/computer-OS_X-Mavericks-chrome-45.0,0b43470a96e7763910e4c06e003c1f555d636131606bc64acb0bb2995fbfd0a5,1,0,1
mitmengine-master,reference_fingerprints/pcaps/browsers/computer-OS_X-Mavericks-chrome-46.0,5b5dd3c8e912fc3b55f5cfd1e20c002fc2c118a7a47de238326c07b299bb6f0a,1,0,1
mitmengine-master,reference_fingerprints/pcaps/browsers/computer-OS_X-Mavericks-chrome-47.0,cbac8dd7994791c1066ae39f8c4130dc64dfbd30d1475fc462a525ebf1cb8b47,1,0,1
mitmengine-master,reference_fingerprints/pcaps/browsers/computer-OS_X-Mavericks-firefox-10.0,c3d2f1a02f76a842e80173bb0faa29413f5c6b89b008340f1a00d29b4988b3eb,1,0,1
mitmengine-master,reference_fingerprints/pcaps/browsers/computer-OS_X-Mavericks-firefox-11.0,6c68f9d9cddae22b6cae77e75e62cd83b5bc14bc17f9376e28b008ce77bfb626,1,0,1
mitmengine-master,reference_fingerprints/pcaps/browsers/computer-OS_X-Mavericks-firefox-12.0,e6b57bf48a15a8706b1332eb5e160343f1c738ee3c3ef64727bbf887b2b77fba,1,0,1
mitmengine-master,reference_fingerprints/pcaps/browsers/computer-OS_X-Mavericks-firefox-13.0,d2b5987fd1b6d84d977c69b5d38482121751b3520c63cf0938c44ed48cd005cf,1,0,1
mitmengine-master,reference_fingerprints/pcaps/browsers/computer-OS_X-Mavericks-firefox-14.0,c51756946787d761b0394a291cd276df4eaafaa22d03abbd73473794c858f01b,1,0,1
mitmengine-master,reference_fingerprints/pcaps/browsers/computer-OS_X-Mavericks-firefox-15.0,48f6ddb28c5388e095276942280e26f894a90516ee742142a169e71a91de63d5,1,0,1
mitmengine-master,reference_fingerprints/pcaps/browsers/computer-OS_X-Mavericks-firefox-16.0,50118bc4f549ae2de29269e6133f8e24fbf4c2f37a50218f9fa0efd88304f745,1,0,1
mitmengine-master,reference_fingerprints/pcaps/browsers/computer-OS_X-Mavericks-firefox-17.0,349191d675b3ec10b7ad0c837db44ad3c4c823f7bf27cee9587150f2a18e357c,1,0,1
mitmengine-master,reference_fingerprints/pcaps/browsers/computer-OS_X-Mavericks-firefox-18.0,6b0bec0298660c3462221a9a438a7f6ce0df9563362e59ef039eef58968ad18f,1,0,1
mitmengine-master,reference_fingerprints/pcaps/browsers/computer-OS_X-Mavericks-firefox-19.0,f7c720719d74ae22a288c5030bbde01dc76f36cfe86c82f78496b691b70af3a7,1,0,1
mitmengine-master,reference_fingerprints/pcaps/browsers/computer-OS_X-Mavericks-firefox-20.0,52328e487e5f3b92c4bd8358a06b4936066ce7aec5d4af155981927b396358e7,1,0,1
mitmengine-master,reference_fingerprints/pcaps/browsers/computer-OS_X-Mavericks-firefox-21.0,1db60b782c84ec5524260f678e05a40f1922696511a03f37b5fc7f569054168e,1,0,1
mitmengine-master,reference_fingerprints/pcaps/browsers/computer-OS_X-Mavericks-firefox-22.0,d693dde52eb9f06459d8f2215c033e98885bb24e1c16a797edc4ab70768d0799,1,0,1
mitmengine-master,reference_fingerprints/pcaps/browsers/computer-OS_X-Mavericks-firefox-23.0,06ceba4b88cfa03d2e155547ea056b77b11e2922212dd8b2af4a787cb9c2ccb6,1,0,1
mitmengine-master,reference_fingerprints/pcaps/browsers/computer-OS_X-Mavericks-firefox-24.0,41cdd15fb7b3f10e795702b77c10def06c947c9751173ff93189adad0fb72ca1,1,0,1
mitmengine-master,reference_fingerprints/pcaps/browsers/computer-OS_X-Mavericks-firefox-25.0,a0a587e98adf141434087647ceb75db392fbd9f6404e06043005ff2b309b1e4e,1,0,1
mitmengine-master,reference_fingerprints/pcaps/browsers/computer-OS_X-Mavericks-firefox-26.0,0624368596ae3f5d595611d262140174e4e200b9258898ede1afec087b718d6f,1,0,1
mitmengine-master,reference_fingerprints/pcaps/browsers/computer-OS_X-Mavericks-firefox-27.0,e364ff565b76e759ea324f788ea8196aa0feed9105617ac2cf8cc23c4f730091,1,0,1
mitmengine-master,reference_fingerprints/pcaps/browsers/computer-OS_X-Mavericks-firefox-28.0,4409ca465d6842ecf33d7e58543610fdc8cb77e72825171de3bb410979bc201c,1,0,1
mitmengine-master,reference_fingerprints/pcaps/browsers/computer-OS_X-Mavericks-firefox-29.0,ba2909b60f261ff2440a57abf4e794260c86167597ab523e1ae49debf82cf6ea,1,0,1
mitmengine-master,reference_fingerprints/pcaps/browsers/computer-OS_X-Mavericks-firefox-3.6,372a97420078e6e7bccf58f2ea5aced6a84138a16f5679a08b69108fd1425b48,1,0,1
mitmengine-master,reference_fingerprints/pcaps/browsers/computer-OS_X-Mavericks-firefox-30.0,da3b498e6db997a687e5eab71e0878ada9ae93b40705d006d7155cdc530ca9c3,1,0,1
mitmengine-master,reference_fingerprints/pcaps/browsers/computer-OS_X-Mavericks-firefox-31.0,2fe6322067fdc852b785266ba79374c090aaa516ff9715afdb0b3001ddb0f07d,1,0,1
mitmengine-master,reference_fingerprints/pcaps/browsers/computer-OS_X-Mavericks-firefox-32.0,4f9a6a882ac9c829d34b6e72f1731ad338fe85c65108edd0451f2c95f7a32405,1,0,1
mitmengine-master,reference_fingerprints/pcaps/browsers/computer-OS_X-Mavericks-firefox-33.0,b21648031b183ca52b169ce6e47b11ead7092c65728e100be7191105fe4e35fe,1,0,1
mitmengine-master,reference_fingerprints/pcaps/browsers/computer-OS_X-Mavericks-firefox-34.0,a804be54e1be391c84095b0d5012bda2727970545a554c12c2016f35e7e60e9f,1,0,1
mitmengine-master,reference_fingerprints/pcaps/browsers/computer-OS_X-Mavericks-firefox-35.0,a216f38cdd865d48c8233f4a4c53588b4b153ac0de6de980ad3fc90f5acc2e39,1,0,1
mitmengine-master,reference_fingerprints/pcaps/browsers/computer-OS_X-Mavericks-firefox-36.0,385dfd209fed03dcb3c3433854394ed2ba461d9e6bdecb54890cfc6407d4918f,1,0,1
mitmengine-master,reference_fingerprints/pcaps/browsers/computer-OS_X-Mavericks-firefox-37.0,abf746e06fcdf999ce0db437ce30114dbcc1a9382dd28e409288f5500d9cdea6,1,0,1
mitmengine-master,reference_fingerprints/pcaps/browsers/computer-OS_X-Mavericks-firefox-38.0,c33004edc6b241d177819c720161a82942fd425e72143fcbaf90283789add436,1,0,1
mitmengine-master,reference_fingerprints/pcaps/browsers/computer-OS_X-Mavericks-firefox-39.0,8deba8d9289591af680efae8fb35fde6ef9e9c5437ad2584369e896ad0d5b33a,1,0,1
mitmengine-master,reference_fingerprints/pcaps/browsers/computer-OS_X-Mavericks-firefox-4.0,06defb37e9bc3c3013543f349300d189d896f087e4d1ac34400d209141457901,1,0,1
mitmengine-master,reference_fingerprints/pcaps/browsers/computer-OS_X-Mavericks-firefox-40.0,31d57f42666c31eafed860d5354392e70ac5f3f9c3182114ad1b3736c03e3b75,1,0,1
mitmengine-master,reference_fingerprints/pcaps/browsers/computer-OS_X-Mavericks-firefox-41.0,90b342ad311d770dc25df23a470c1506b85f8b89525ecf17bc40a9f62d82e0fc,1,0,1
mitmengine-master,reference_fingerprints/pcaps/browsers/computer-OS_X-Mavericks-firefox-42.0,62d9f490ca9a494ff4b5647e2090438eeeba9f10f5b7880a2fa24566a5837f77,1,0,1
mitmengine-master,reference_fingerprints/pcaps/browsers/computer-OS_X-Mavericks-firefox-43.0,0e92412477240ab38ca2174e49ed0502092bfae42ae87891912035a343dfbbd6,1,0,1
mitmengine-master,reference_fingerprints/pcaps/browsers/computer-OS_X-Mavericks-firefox-5.0,77d97a0c76426ed6d4a1016c787e662b8fc6a047a284c2fb9d80bfa750dca0da,1,0,1
mitmengine-master,reference_fingerprints/pcaps/browsers/computer-OS_X-Mavericks-firefox-6.0,3fba72d6403c19e5c1ac0ab4362b9c8f443ae444afee522f331c694cd5fb94d6,1,0,1
mitmengine-master,reference_fingerprints/pcaps/browsers/computer-OS_X-Mavericks-firefox-7.0,1513b6593f78efc4df3f2a54768078d5139a49d35d45b568e485b1244b7b2c25,1,0,1
mitmengine-master,reference_fingerprints/pcaps/browsers/computer-OS_X-Mavericks-firefox-8.0,272343b8202825d3745f1c77567f513b2c70e4698a2415d6017ba86c77129494,1,0,1
mitmengine-master,reference_fingerprints/pcaps/browsers/computer-OS_X-Mavericks-firefox-9.0,a70354e1381ccf8fa35b90458e288050e9f5b49585b444f055643157e2a045b3,1,0,1
mitmengine-master,reference_fingerprints/pcaps/browsers/computer-OS_X-Mavericks-opera-12.15,f0ed2c6082fd3d49a3294c7e1c54da4bb27150aa2f1de19d471b5f30b457167a,1,0,1
mitmengine-master,reference_fingerprints/pcaps/browsers/computer-OS_X-Mavericks-safari-7.1,38362051552b592b2429359b5883787f60c79f3ba3bcd331960c74c563b529f3,1,0,1
mitmengine-master,reference_fingerprints/pcaps/browsers/computer-OS_X-Mountain_Lion-chrome-14.0,7d663f1abbfc2810652b7b68c2628e435fd0b5fc8b2855bd6ad2ac0fa60c02d6,1,0,1
mitmengine-master,reference_fingerprints/pcaps/browsers/computer-OS_X-Mountain_Lion-chrome-16.0,7c7843ae2a589d868772cb342a36961e34d18858e6f62fa4325ab136c1048fab,1,0,1
mitmengine-master,reference_fingerprints/pcaps/browsers/computer-OS_X-Mountain_Lion-chrome-17.0,0ebc270c5b5d66868819748e5a2c9f97f8514e0ebe9b68efbbf62e91f3bb3e6e,1,0,1
mitmengine-master,reference_fingerprints/pcaps/browsers/computer-OS_X-Mountain_Lion-chrome-18.0,3eaf28d806a3a8b349f69383ebe5beeb9cf056ab327133a0a9e081b2f8e07848,1,0,1
mitmengine-master,reference_fingerprints/pcaps/browsers/computer-OS_X-Mountain_Lion-chrome-19.0,1b20c87a524542d785779610986ebaecac58ba1af92826aa7589aebe31c3cdbd,1,0,1
mitmengine-master,reference_fingerprints/pcaps/browsers/computer-OS_X-Mountain_Lion-chrome-20.0,fb32ef1c68c8e06d24629915bfaeab1d3191162fd50551c6535ee29480afa1ff,1,0,1
mitmengine-master,reference_fingerprints/pcaps/browsers/computer-OS_X-Mountain_Lion-chrome-21.0,d4240f26a995045812ee610916d17178a4c5d3b44628e0f4dc94ab6722e9e35d,1,0,1
mitmengine-master,reference_fingerprints/pcaps/browsers/computer-OS_X-Mountain_Lion-chrome-22.0,e638a1e0ff4a528f4c5b67ff62daaa622125102d5a4cd811c80d163beadd47c3,1,0,1
mitmengine-master,reference_fingerprints/pcaps/browsers/computer-OS_X-Mountain_Lion-chrome-23.0,a457044492153b8253210cb33d549e542e45780370276dff2fcfc2f31e75e213,1,0,1
mitmengine-master,reference_fingerprints/pcaps/browsers/computer-OS_X-Mountain_Lion-chrome-24.0,7bea1b77686d39dd30cf53105c1145a3614447c3c0a781ed98af2cb454ce5766,1,0,1
mitmengine-master,reference_fingerprints/pcaps/browsers/computer-OS_X-Mountain_Lion-chrome-25.0,e9aae32e1f7ba6da6bcef4669f0ca8b44f8aa9bb91b413608e435958352f4721,1,0,1
mitmengine-master,reference_fingerprints/pcaps/browsers/computer-OS_X-Mountain_Lion-chrome-26.0,e774712e71cf11c2675b86a03998ccfe9eaacfa0cd060a76382ba29527d4e979,1,0,1
mitmengine-master,reference_fingerprints/pcaps/browsers/computer-OS_X-Mountain_Lion-chrome-27.0,2472be70dad68d3f4185ecd82e508ce95239448cb95ac56e25cf013fd0da5c64,1,0,1
mitmengine-master,reference_fingerprints/pcaps/browsers/computer-OS_X-Mountain_Lion-chrome-28.0,ea75e888852c0734c8c53a29865e4a4e81f4405b884801ac8cec89cdb3349faf,1,0,1
mitmengine-master,reference_fingerprints/pcaps/browsers/computer-OS_X-Mountain_Lion-chrome-29.0,56ec795ae56593b6fb357771527550bff71ab27e7663773df5014fd55653198a,1,0,1
mitmengine-master,reference_fingerprints/pcaps/browsers/computer-OS_X-Mountain_Lion-chrome-30.0,a86d6ba7e8752d9169ca8907bd18145d6298af08624ed8c1017dcdcbd68b0c0e,1,0,1
mitmengine-master,reference_fingerprints/pcaps/browsers/computer-OS_X-Mountain_Lion-chrome-31.0,5ff5d0cb6fe05611f917136d505a8780fa19cfa493698fb0bc397032d024a5e1,1,0,1
mitmengine-master,reference_fingerprints/pcaps/browsers/computer-OS_X-Mountain_Lion-chrome-32.0,70d9a8cd40daaeccdb5c00df33bd96e094cd34c25ef1aee37bcd0341bf004611,1,0,1
mitmengine-master,reference_fingerprints/pcaps/browsers/computer-OS_X-Mountain_Lion-chrome-33.0,746b3f645d7329d9455abc66855ff89b61bb2a4e3951fb8b2e5865df6edd1ae4,1,0,1
mitmengine-master,reference_fingerprints/pcaps/browsers/computer-OS_X-Mountain_Lion-chrome-34.0,5e44272cb64a2ec7b74f4a4b04267499081e1deda7a0fda50e7b8b9f07955d0e,1,0,1
mitmengine-master,reference_fingerprints/pcaps/browsers/computer-OS_X-Mountain_Lion-chrome-35.0,26eccbad0a7ed5c81f2fc3fb5213df201d344b0ac95d005a87390773c3f97abd,1,0,1
mitmengine-master,reference_fingerprints/pcaps/browsers/computer-OS_X-Mountain_Lion-chrome-36.0,1ca0ecd2d528a7ec74c15f51165859ad2656170d3da23794d498538922808cd4,1,0,1
mitmengine-master,reference_fingerprints/pcaps/browsers/computer-OS_X-Mountain_Lion-chrome-37.0,35e7c3c3d2d37b4382a14fbf497d8acf3b46720f5379ec0461f0d82f94a922eb,1,0,1
mitmengine-master,reference_fingerprints/pcaps/browsers/computer-OS_X-Mountain_Lion-chrome-38.0,1f1e4699b205ba037634fa18343b9dd6e2662a9eb85f120c7d167e4f5e9df0ce,1,0,1
mitmengine-master,reference_fingerprints/pcaps/browsers/computer-OS_X-Mountain_Lion-chrome-39.0,0a1b7bdcbff0b8da92eaabeade1a3611d476318456263ab3c2a897becb7f7d6c,1,0,1
mitmengine-master,reference_fingerprints/pcaps/browsers/computer-OS_X-Mountain_Lion-chrome-40.0,df2e4c1b2b64f196eb7e0f442b1d3364f57254aceb9661c2315ec8dcd1d9ad4e,1,0,1
mitmengine-master,reference_fingerprints/pcaps/browsers/computer-OS_X-Mountain_Lion-chrome-41.0,5dbf778cda23c5e54ef619e82037fc3abc77be6e6b3e21fe9cb5fd83b3f81e27,1,0,1
mitmengine-master,reference_fingerprints/pcaps/browsers/computer-OS_X-Mountain_Lion-chrome-42.0,6838799075bbfcec5ef1e6d953670e722d70437a733565407ec86a4f1b93ba4e,1,0,1
mitmengine-master,reference_fingerprints/pcaps/browsers/computer-OS_X-Mountain_Lion-chrome-43.0,42c265aa1cb4e091332b9f72c47fa29ff73b4c95c9946aa0eb6a04d4d4e94618,1,0,1
mitmengine-master,reference_fingerprints/pcaps/browsers/computer-OS_X-Mountain_Lion-chrome-44.0,4d653aed7fe763b290fca9084a6dbf7ce7b3cf87b187e509623e5fbe8a4c47b0,1,0,1
mitmengine-master,reference_fingerprints/pcaps/browsers/computer-OS_X-Mountain_Lion-chrome-45.0,1a3b0b41009e5aa1469976e09b69861a7d5e0dd2c75e45596d8fb3fba4cf24c1,1,0,1
mitmengine-master,reference_fingerprints/pcaps/browsers/computer-OS_X-Mountain_Lion-chrome-47.0,5d3e4c59fd958d0a9d49fde73d483ac76b123cf0116aebe3abbdfec69c15fd8e,1,0,1
mitmengine-master,reference_fingerprints/pcaps/browsers/computer-OS_X-Mountain_Lion-firefox-10.0,15812b5166ae6c0b92ea556cf8cf34c6da4b29f2f40b14912751b35d963f81a9,1,0,1
mitmengine-master,reference_fingerprints/pcaps/browsers/computer-OS_X-Mountain_Lion-firefox-11.0,82e6167daf126d014fffda66d4f656930602baa2c3411a8834d8957e43ec825e,1,0,1
mitmengine-master,reference_fingerprints/pcaps/browsers/computer-OS_X-Mountain_Lion-firefox-12.0,9850ccdf648e7b8e0a5faf6ee3c189f97192338e8b5d98e17b3578da70b2fd70,1,0,1
mitmengine-master,reference_fingerprints/pcaps/browsers/computer-OS_X-Mountain_Lion-firefox-13.0,b2f6c65b0ac0809a4305554d87136a55b4efdb3baa9458a2d149cee69b343a93,1,0,1
mitmengine-master,reference_fingerprints/pcaps/browsers/computer-OS_X-Mountain_Lion-firefox-14.0,691c903f19cf0e29e393a96b7bfca1e41ad11138ca3788b5395d4a8c31d7ce1a,1,0,1
mitmengine-master,reference_fingerprints/pcaps/browsers/computer-OS_X-Mountain_Lion-firefox-15.0,765b9c67a31fe43fee60782798c2475b418229c5fe26890894a95367401af91c,1,0,1
mitmengine-master,reference_fingerprints/pcaps/browsers/computer-OS_X-Mountain_Lion-firefox-16.0,82d42f42875cb2675f0b4b7c8fdcf8928e707cad241e4eee26c5748cb2518743,1,0,1
mitmengine-master,reference_fingerprints/pcaps/browsers/computer-OS_X-Mountain_Lion-firefox-17.0,c8897b584b5e5bc0f8885f9efcc745f0b7f518ffee686ca2adbd85f4bdf3dac9,1,0,1
mitmengine-master,reference_fingerprints/pcaps/browsers/computer-OS_X-Mountain_Lion-firefox-18.0,5138cbce08f3b04e3d4b6b10aaa9c4e196edbb366d713643a4b3b528b6fe6bc9,1,0,1
mitmengine-master,reference_fingerprints/pcaps/browsers/computer-OS_X-Mountain_Lion-firefox-19.0,4a5f4f36505c7c855a93b414c1127d3b4e9372022a0c2885a9cd149661a36c68,1,0,1
mitmengine-master,reference_fingerprints/pcaps/browsers/computer-OS_X-Mountain_Lion-firefox-20.0,b80c696b8599ae45cae403e64d77abaff72f5a2594e791b53387da9ef746c634,1,0,1
mitmengine-master,reference_fingerprints/pcaps/browsers/computer-OS_X-Mountain_Lion-firefox-21.0,a81e4393180f507f742187ff406ef9c924d64c17e0c53a9ad8416db181625f87,1,0,1
mitmengine-master,reference_fingerprints/pcaps/browsers/computer-OS_X-Mountain_Lion-firefox-22.0,ece75676ddaf277e5dc4cb779a60b4788d9c58186321039e62e6a879c7ad1253,1,0,1
mitmengine-master,reference_fingerprints/pcaps/browsers/computer-OS_X-Mountain_Lion-firefox-23.0,6828e9ff8c54ceddb622e4cb50ad6f230ce6e42ddd35805f8207cfa307fdd5d4,1,0,1
mitmengine-master,reference_fingerprints/pcaps/browsers/computer-OS_X-Mountain_Lion-firefox-24.0,7b11396d50b764617de900d47b8c7a8a1b61be59ac8fa34225ac5d89010df925,1,0,1
mitmengine-master,reference_fingerprints/pcaps/browsers/computer-OS_X-Mountain_Lion-firefox-25.0,239ccb1edfd83d3a748da547b106fefe2c9ef2168d0b0da457b5ec85e195e256,1,0,1
mitmengine-master,reference_fingerprints/pcaps/browsers/computer-OS_X-Mountain_Lion-firefox-26.0,c67b8d9c24eea7881e82029e22eac69fc5baddac3927bec82658962bc83abb16,1,0,1
mitmengine-master,reference_fingerprints/pcaps/browsers/computer-OS_X-Mountain_Lion-firefox-27.0,a96e823bc34e7783a016991dc2b0edde114847f561b3360ee44630c353bfe6c3,1,0,1
mitmengine-master,reference_fingerprints/pcaps/browsers/computer-OS_X-Mountain_Lion-firefox-28.0,e212e89a02b0e62f13409d8cc8951cd06b5d920d728e0530e82e81390c24a787,1,0,1
mitmengine-master,reference_fingerprints/pcaps/browsers/computer-OS_X-Mountain_Lion-firefox-29.0,59cd21b120329c963a88c786fb522ce4ac97223b1a46ce3f9b24908f5658b651,1,0,1
mitmengine-master,reference_fingerprints/pcaps/browsers/computer-OS_X-Mountain_Lion-firefox-3.6,429e7da7eea0443aec69a3def3cd88c5b7deb644e44539f3fa5a90b606e0a834,1,0,1
mitmengine-master,reference_fingerprints/pcaps/browsers/computer-OS_X-Mountain_Lion-firefox-30.0,74248523667bd0ca182217570c8a80f9f90a80107581876b9927004dcf5f7296,1,0,1
mitmengine-master,reference_fingerprints/pcaps/browsers/computer-OS_X-Mountain_Lion-firefox-31.0,56554973ed1c76e176ca251b5ba29eecbe96910f36a5ac9943d9e37dc0150443,1,0,1
mitmengine-master,reference_fingerprints/pcaps/browsers/computer-OS_X-Mountain_Lion-firefox-32.0,c3d8cd0eeff5135650ba597d06dd84ff17964c78f563627f5d4da80a11afc480,1,0,1
mitmengine-master,reference_fingerprints/pcaps/browsers/computer-OS_X-Mountain_Lion-firefox-33.0,75b357fdea7dffada9ace973e0a6bf500434f8dcd42bad9c3082b8dfd46af353,1,0,1
mitmengine-master,reference_fingerprints/pcaps/browsers/computer-OS_X-Mountain_Lion-firefox-34.0,0108cac6a0d21208b4a210829ea3bb6ba95fc81fb8dfef101b9c930effb21260,1,0,1
mitmengine-master,reference_fingerprints/pcaps/browsers/computer-OS_X-Mountain_Lion-firefox-35.0,826dba1db6a51d1c05d3128b836da417ca9c281e575cbe6e9513d8aad87ca481,1,0,1
mitmengine-master,reference_fingerprints/pcaps/browsers/computer-OS_X-Mountain_Lion-firefox-36.0,cf75c3fd6a857afc74106f9faad73e19d129f5a5a071d6db2bae996d65f75e3a,1,0,1
mitmengine-master,reference_fingerprints/pcaps/browsers/computer-OS_X-Mountain_Lion-firefox-37.0,023744da40176fe9d0f1e581d87a027db0878fe302ca0fb67f1307b769597067,1,0,1
mitmengine-master,reference_fingerprints/pcaps/browsers/computer-OS_X-Mountain_Lion-firefox-38.0,1245f86248569ea31a5493379a99782fd9c57a37478089aa9958e48612187862,1,0,1
mitmengine-master,reference_fingerprints/pcaps/browsers/computer-OS_X-Mountain_Lion-firefox-39.0,ee9bb57d1a8da4963a2507abf52256909c29e0a3f71795e0cf9ad8e942d6d720,1,0,1
mitmengine-master,reference_fingerprints/pcaps/browsers/computer-OS_X-Mountain_Lion-firefox-4.0,774e6f4ff7c46780ca779b086741e2022dd6de7dc8a9ae57eb049cd045bd4a41,1,0,1
mitmengine-master,reference_fingerprints/pcaps/browsers/computer-OS_X-Mountain_Lion-firefox-40.0,55d694ebb66f110412b64e28f2888a4be52fdf13cbf10c6d717990dac51bc94b,1,0,1
mitmengine-master,reference_fingerprints/pcaps/browsers/computer-OS_X-Mountain_Lion-firefox-41.0,8b4b5941e2c21c1910f5f250078576b8e23fd361b217a67c45376cb8f3683c61,1,0,1
mitmengine-master,reference_fingerprints/pcaps/browsers/computer-OS_X-Mountain_Lion-firefox-42.0,5ab74f6fb3720f16df294f4e2c5ec5207505153b081be7eb5096f2d2a6564c01,1,0,1
mitmengine-master,reference_fingerprints/pcaps/browsers/computer-OS_X-Mountain_Lion-firefox-43.0,5839223332aefd370f9a35bdb3246954beb5e55cbe09b2a4bea87761b6411f5e,1,0,1
mitmengine-master,reference_fingerprints/pcaps/browsers/computer-OS_X-Mountain_Lion-firefox-5.0,565a1ffa33137e7018c30723d5f6e8ec179542b737128668d9d19ef5c71bd588,1,0,1
mitmengine-master,reference_fingerprints/pcaps/browsers/computer-OS_X-Mountain_Lion-firefox-6.0,57ca4cc6fae1079eb08d56ef74c6049339301d3fa188d4f6a635797003c3a94d,1,0,1
mitmengine-master,reference_fingerprints/pcaps/browsers/computer-OS_X-Mountain_Lion-firefox-7.0,3186b3c528bd662e33bf007b24130b965e093a982a7482e8a0a5adf4521c5fa5,1,0,1
mitmengine-master,reference_fingerprints/pcaps/browsers/computer-OS_X-Mountain_Lion-firefox-8.0,6dc8bf710d8adb7aa8b30d593a173dd3abdfd95f7a4936055ac394c399838df9,1,0,1
mitmengine-master,reference_fingerprints/pcaps/browsers/computer-OS_X-Mountain_Lion-firefox-9.0,909ba31ad87035a7a07b92c98fb713ead286f3c26b7b978e6b2e7f45d2f3cedc,1,0,1
mitmengine-master,reference_fingerprints/pcaps/browsers/computer-OS_X-Mountain_Lion-opera-12.15,256d0e1bcf0bc8afa21aff4135981af30fa42cbeb56a79435368afcfd1952097,1,0,1
mitmengine-master,reference_fingerprints/pcaps/browsers/computer-OS_X-Mountain_Lion-safari-6.2,2ecbac89712c2ca01408517e325a76e046873a46f049e98a2ea2904319f997cf,1,0,1
mitmengine-master,reference_fingerprints/pcaps/browsers/computer-OS_X-Snow_Leopard-chrome-14.0,c05e65491f57cfa87a572c9f89654bd8e0e2f428fdc7f240a1669c46fd50f700,1,0,1
mitmengine-master,reference_fingerprints/pcaps/browsers/computer-OS_X-Snow_Leopard-chrome-16.0,0a4eb8c57c440c36120f051ec146a7ccefbc3674b020b7a57bc98f3c7153f5ee,1,0,1
mitmengine-master,reference_fingerprints/pcaps/browsers/computer-OS_X-Snow_Leopard-chrome-17.0,dc2e783914f4a6a2739395b404d4de89bc9f05746dec5a1e26ce0895dcdc7b7f,1,0,1
mitmengine-master,reference_fingerprints/pcaps/browsers/computer-OS_X-Snow_Leopard-chrome-18.0,cd534985a0877d206aa6b82a835abac97bbe01016c09e08dab7db95930ddff37,1,0,1
mitmengine-master,reference_fingerprints/pcaps/browsers/computer-OS_X-Snow_Leopard-chrome-19.0,1c329b2515c0acb1fbdb601a7f0e761837487a18ddce66cfaa10a587d055f035,1,0,1
mitmengine-master,reference_fingerprints/pcaps/browsers/computer-OS_X-Snow_Leopard-chrome-20.0,22856395bd56d21c407091222d510df3cbe51fcf7e77a8c1cdb55bda662a5882,1,0,1
mitmengine-master,reference_fingerprints/pcaps/browsers/computer-OS_X-Snow_Leopard-chrome-21.0,ae4ca176eaf10c64066d090459e75322e5ac903fc08b8d628fdab01c583d0212,1,0,1
mitmengine-master,reference_fingerprints/pcaps/browsers/computer-OS_X-Snow_Leopard-chrome-22.0,d0416b33310a220636a844cdcbceb0b58696a1fa1d3cb636f75a21aaaa4ee240,1,0,1
mitmengine-master,reference_fingerprints/pcaps/browsers/computer-OS_X-Snow_Leopard-chrome-23.0,505e4e809c54d129bd61cf335770d83cd373eab517e7c29b7559ebc1fcd9f657,1,0,1
mitmengine-master,reference_fingerprints/pcaps/browsers/computer-OS_X-Snow_Leopard-chrome-24.0,b374e5729823f04c186b133282863ae681dd7442de215c3e739daf8b407df298,1,0,1
mitmengine-master,reference_fingerprints/pcaps/browsers/computer-OS_X-Snow_Leopard-chrome-25.0,81aa91c66ce73dd00c7107062255a4ab7f163269cb0d5a9b5f645b3dcb7995b3,1,0,1
mitmengine-master,reference_fingerprints/pcaps/browsers/computer-OS_X-Snow_Leopard-chrome-26.0,7e528313ec59cdc44662175ae28b57d4562e1a8246a85f2d61d0a701f2c15d1a,1,0,1
mitmengine-master,reference_fingerprints/pcaps/browsers/computer-OS_X-Snow_Leopard-chrome-27.0,c2ccaeec70763bbfd159d4bf896f3216dc9c36afe4648f09ec4f754a86030ad6,1,0,1
mitmengine-master,reference_fingerprints/pcaps/browsers/computer-OS_X-Snow_Leopard-chrome-28.0,3f36c1da0494249a6b683b7b1aaa667fb8f9d666199405e6f3bcc0a0c472712d,1,0,1
mitmengine-master,reference_fingerprints/pcaps/browsers/computer-OS_X-Snow_Leopard-chrome-29.0,99df75a44f3389b0bb66076474f18176570b24cd1dd30c1d65fb5b21f68c3010,1,0,1
mitmengine-master,reference_fingerprints/pcaps/browsers/computer-OS_X-Snow_Leopard-chrome-30.0,9c93644fdfa016a5813f085606195129a763ceba9c99aeebbc545a496ffb6147,1,0,1
mitmengine-master,reference_fingerprints/pcaps/browsers/computer-OS_X-Snow_Leopard-chrome-31.0,d886146dc58653e54c0d9a75f523d9262cab57bf6a04b31033429bb42d35c39e,1,0,1
mitmengine-master,reference_fingerprints/pcaps/browsers/computer-OS_X-Snow_Leopard-chrome-32.0,745f00caf30b303e7c288a7adc8678da8885efacbb336a4cfbe76b9885b28082,1,0,1
mitmengine-master,reference_fingerprints/pcaps/browsers/computer-OS_X-Snow_Leopard-chrome-33.0,ee44725dbb0056f591a6e078673af15a3d1a3a9d7d791d815a43b9c009cd46ae,1,0,1
mitmengine-master,reference_fingerprints/pcaps/browsers/computer-OS_X-Snow_Leopard-chrome-34.0,1d6f5ca725aabd635f5df885c5296d71a073499b44524ebf8d3d3d4cd5f8defd,1,0,1
mitmengine-master,reference_fingerprints/pcaps/browsers/computer-OS_X-Snow_Leopard-chrome-35.0,52e5a2c978492567f5cc433fd080ce55719bf382cd602d72c5576ce6d9990bd8,1,0,1
mitmengine-master,reference_fingerprints/pcaps/browsers/computer-OS_X-Snow_Leopard-chrome-36.0,fc54436b42213b188c53da2c0e2fabbdc3e456d06c9b6e8d632643dc089609d4,1,0,1
mitmengine-master,reference_fingerprints/pcaps/browsers/computer-OS_X-Snow_Leopard-chrome-37.0,33769e772fa56183d591fa19bf19379f4bcfd4c7770456a13ef67842b31dd801,1,0,1
mitmengine-master,reference_fingerprints/pcaps/browsers/computer-OS_X-Snow_Leopard-chrome-38.0,cb1f741820f8f82732d34e11d81fb76f60c21c6ce6f896300ca40a1fe07f418a,1,0,1
mitmengine-master,reference_fingerprints/pcaps/browsers/computer-OS_X-Snow_Leopard-chrome-39.0,45496e874b8cccc5e804a6f4337500c8fcf8aa21bcd30d16834262c2e7be88c2,1,0,1
mitmengine-master,reference_fingerprints/pcaps/browsers/computer-OS_X-Snow_Leopard-chrome-40.0,5605cb22f7247ea00a5cbecf1e79e9d3bdb329a12fcbdd4e37f6b33a3a11c0bf,1,0,1
mitmengine-master,reference_fingerprints/pcaps/browsers/computer-OS_X-Snow_Leopard-chrome-41.0,d8f7eaead1443aa70697008502c9e66dfe6999ff12e5403e9998a2b37d6dc31f,1,0,1
mitmengine-master,reference_fingerprints/pcaps/browsers/computer-OS_X-Snow_Leopard-chrome-42.0,014751f5381289b50b2311774119caddea08644ad57c04c6aa2ca5f1e550eeb1,1,0,1
mitmengine-master,reference_fingerprints/pcaps/browsers/computer-OS_X-Snow_Leopard-chrome-43.0,0176947462c7cff80e6f238b7738c6e3b3210c73155fcd00d45429722cf0a4a0,1,0,1
mitmengine-master,reference_fingerprints/pcaps/browsers/computer-OS_X-Snow_Leopard-chrome-44.0,3722bdaf43feaa33e0a46038a2fffb01872e02bd4e23459e7bb2bb1e58be0f05,1,0,1
mitmengine-master,reference_fingerprints/pcaps/browsers/computer-OS_X-Snow_Leopard-chrome-45.0,df61e986019be35f9198fc3c43a42c06093e3734a9d90ec17b3ae17bef326be6,1,0,1
mitmengine-master,reference_fingerprints/pcaps/browsers/computer-OS_X-Snow_Leopard-chrome-46.0,1389d4943b2805ed84132b8206268a7faa235bf020e13654528065b667298080,1,0,1
mitmengine-master,reference_fingerprints/pcaps/browsers/computer-OS_X-Snow_Leopard-chrome-47.0,ee2a9483a3e51b47a229aaf1dc2434063d31981951449cce75a51d7d261fdd15,1,0,1
mitmengine-master,reference_fingerprints/pcaps/browsers/computer-OS_X-Snow_Leopard-firefox-10.0,4b3169940e402d70d8469b839e1a2dfb606c079c48940e49635ff4d9f477ccf2,1,0,1
mitmengine-master,reference_fingerprints/pcaps/browsers/computer-OS_X-Snow_Leopard-firefox-11.0,c338fffd35b49dfcb62ed445183ad89eb83d98c7cf758c4514ec8d11aa5007b7,1,0,1
mitmengine-master,reference_fingerprints/pcaps/browsers/computer-OS_X-Snow_Leopard-firefox-12.0,8be9a2913600f8a436ba7812d0ecc1e763d7e1141b23098925ff8a2d149cc81a,1,0,1
mitmengine-master,reference_fingerprints/pcaps/browsers/computer-OS_X-Snow_Leopard-firefox-13.0,6a3dac512e307b753112206a1020cadf3dc3eff39d4ae1987d6ce908d4907192,1,0,1
mitmengine-master,reference_fingerprints/pcaps/browsers/computer-OS_X-Snow_Leopard-firefox-14.0,45fbee092013f7aff098db036ba8fbcd2257d8d6700d3819748e74c8de0fffed,1,0,1
mitmengine-master,reference_fingerprints/pcaps/browsers/computer-OS_X-Snow_Leopard-firefox-15.0,d170de29a1dae3ffd22a71c8b6ae086725856191104489427e1598c4c3a83bfc,1,0,1
mitmengine-master,reference_fingerprints/pcaps/browsers/computer-OS_X-Snow_Leopard-firefox-16.0,9565d1589d075223f7d4e6ed3b36be6530fd21731f06e46f3ccea81e084b596d,1,0,1
mitmengine-master,reference_fingerprints/pcaps/browsers/computer-OS_X-Snow_Leopard-firefox-17.0,14e1caafc9be861394f47b0a2bfb505a0c74e8ace5c697590212f94bee892253,1,0,1
mitmengine-master,reference_fingerprints/pcaps/browsers/computer-OS_X-Snow_Leopard-firefox-18.0,b9e476af96530d55894fbfa16796449d772711a86420483cc24f0ab40512c31b,1,0,1
mitmengine-master,reference_fingerprints/pcaps/browsers/computer-OS_X-Snow_Leopard-firefox-19.0,3b74be127c3a55f8cd62d1dcdb8cf41b766e562c60c67873debf155ebac8dc76,1,0,1
mitmengine-master,reference_fingerprints/pcaps/browsers/computer-OS_X-Snow_Leopard-firefox-20.0,c378041e0a1320cfecdc3ba304a2ed1a758516d673fd840c3e08d5bf22879a9d,1,0,1
mitmengine-master,reference_fingerprints/pcaps/browsers/computer-OS_X-Snow_Leopard-firefox-21.0,4ff43394ff2e4f039de49c4ea332a0a7ea8eb96e44385aa7824b8035fcc45d2c,1,0,1
mitmengine-master,reference_fingerprints/pcaps/browsers/computer-OS_X-Snow_Leopard-firefox-22.0,d8ab4be9c5427d7154e796d929c34693789c3c054375aa2e967013534504e58a,1,0,1
mitmengine-master,reference_fingerprints/pcaps/browsers/computer-OS_X-Snow_Leopard-firefox-23.0,3726fca1210dce43ba1a9bd01c06df9e8e575c65bd99357e7ba443d95b1d1854,1,0,1
mitmengine-master,reference_fingerprints/pcaps/browsers/computer-OS_X-Snow_Leopard-firefox-24.0,b25b0c0d597550864b5ba2deb49833e2c4ca25a88a097996bccd49e438defa13,1,0,1
mitmengine-master,reference_fingerprints/pcaps/browsers/computer-OS_X-Snow_Leopard-firefox-25.0,9266bd472d42a0dc08f0bdd5ee06fb0e6cb5df607953f598a10f6a62b0740bdf,1,0,1
mitmengine-master,reference_fingerprints/pcaps/browsers/computer-OS_X-Snow_Leopard-firefox-26.0,85e014f972b7c7c294011a6417adfffeac02e071d2ffdc89e64e02f1caba9769,1,0,1
mitmengine-master,reference_fingerprints/pcaps/browsers/computer-OS_X-Snow_Leopard-firefox-27.0,673a32d916248aeb092d4739a88a7679bc1f2ab3499ca0e13174f604fe7eb232,1,0,1
mitmengine-master,reference_fingerprints/pcaps/browsers/computer-OS_X-Snow_Leopard-firefox-28.0,d67981239d6d39b05662bf815005e13c739ffe1b3608c8da700695233d34299a,1,0,1
mitmengine-master,reference_fingerprints/pcaps/browsers/computer-OS_X-Snow_Leopard-firefox-29.0,9132b372c959af988a2e533ae99cfd6f1dff2ba6bc32c8a685f77e1a77b58575,1,0,1
mitmengine-master,reference_fingerprints/pcaps/browsers/computer-OS_X-Snow_Leopard-firefox-30.0,9ff7889a1ffd780e7f44512719a46ef72009b48986851da5d23ffcc8ee97ad70,1,0,1
mitmengine-master,reference_fingerprints/pcaps/browsers/computer-OS_X-Snow_Leopard-firefox-31.0,1cbe654adc4d78b74dfc9a5c03332ac5ac1852e8dc19cae10d5abb3af846dd43,1,0,1
mitmengine-master,reference_fingerprints/pcaps/browsers/computer-OS_X-Snow_Leopard-firefox-32.0,2e4ab04bfdc9d8755854b0dae9dd864fada6bfb9484d8722231a988476e7493b,1,0,1
mitmengine-master,reference_fingerprints/pcaps/browsers/computer-OS_X-Snow_Leopard-firefox-33.0,57c60f2e0378490f25004903314d79f8f1a39c53cc5f34dc605f9acdfc7f9058,1,0,1
mitmengine-master,reference_fingerprints/pcaps/browsers/computer-OS_X-Snow_Leopard-firefox-34.0,91299ffe59491aab244ee6e5b9c4bb73654857a608283ca482fae7eb7be8bc39,1,0,1
mitmengine-master,reference_fingerprints/pcaps/browsers/computer-OS_X-Snow_Leopard-firefox-35.0,8932105c875e5ce9936484c3f11e1339d13665fc67243e947562481769733640,1,0,1
mitmengine-master,reference_fingerprints/pcaps/browsers/computer-OS_X-Snow_Leopard-firefox-36.0,f9468148dee70ec3c42fa9571b410aa0694845a2958914cd347a9a002ba96fee,1,0,1
mitmengine-master,reference_fingerprints/pcaps/browsers/computer-OS_X-Snow_Leopard-firefox-37.0,ffa675ccb106acd025eafa45a7cd48358ece4ca0b1d5c911327814eff1170bcb,1,0,1
mitmengine-master,reference_fingerprints/pcaps/browsers/computer-OS_X-Snow_Leopard-firefox-38.0,2ed6efba1882dcb15d8fcb968aa7061aa20e4cbc177e4e0eeec7d6477dfd224e,1,0,1
mitmengine-master,reference_fingerprints/pcaps/browsers/computer-OS_X-Snow_Leopard-firefox-39.0,b396745f21252a9ceef2834cadf91c68811ed4361d6a82b2280453215df60112,1,0,1
mitmengine-master,reference_fingerprints/pcaps/browsers/computer-OS_X-Snow_Leopard-firefox-4.0,3e86d8b4f9eb8888669392e31b905e5395d77a2dd8305d5b6a01849cc975006c,1,0,1
mitmengine-master,reference_fingerprints/pcaps/browsers/computer-OS_X-Snow_Leopard-firefox-40.0,a63faa3831a96116957529df1b3ec2da09b6e74140e3b7680d456f4f907ce071,1,0,1
mitmengine-master,reference_fingerprints/pcaps/browsers/computer-OS_X-Snow_Leopard-firefox-41.0,168859f6343a128e1cf26d3f12ae8bcad888b92cf6fdc7e8d700933ae9227f45,1,0,1
mitmengine-master,reference_fingerprints/pcaps/browsers/computer-OS_X-Snow_Leopard-firefox-42.0,5a5aac18ba3535fcbd6ead6cbb8de9c21af48bca0720c2f5a774969bdff68905,1,0,1
mitmengine-master,reference_fingerprints/pcaps/browsers/computer-OS_X-Snow_Leopard-firefox-5.0,84fa71176f17dcac54fe295ea0fb0651357e8cc35e84d89587257d87c83b7afc,1,0,1
mitmengine-master,reference_fingerprints/pcaps/browsers/computer-OS_X-Snow_Leopard-firefox-6.0,1a70cb5ad877a0ddb8eff4d3b0a0a923347400d0938d6d41281938bedae54f81,1,0,1
mitmengine-master,reference_fingerprints/pcaps/browsers/computer-OS_X-Snow_Leopard-firefox-7.0,5b5a53d56aec956de17d06a2689205065a297024f0411595cbe1bb1bbbecef12,1,0,1
mitmengine-master,reference_fingerprints/pcaps/browsers/computer-OS_X-Snow_Leopard-firefox-8.0,ccb4bae8d59cc1c2a340d32fccb861930d73f3ebfc2612a96a37e4683d0ffde4,1,0,1
mitmengine-master,reference_fingerprints/pcaps/browsers/computer-OS_X-Snow_Leopard-firefox-9.0,700377325af5dd9ab50c0615c5ec2bb7765d64db1b59a28e623a3f8616f8945a,1,0,1
mitmengine-master,reference_fingerprints/pcaps/browsers/computer-OS_X-Snow_Leopard-opera-12.15,9487295f11dcd22bfb551413c81f7ab0179e02d18ece9b6802d189cfb82509a6,1,0,1
mitmengine-master,reference_fingerprints/pcaps/browsers/computer-OS_X-Snow_Leopard-safari-5.1,56a83decebc1d9a33ad0a9fcf8ec63692146e1d2bc8603d599cf756a4b2b837f,1,0,1
mitmengine-master,reference_fingerprints/pcaps/browsers/computer-OS_X-Yosemite-chrome-14.0,dce32fdf8ef2ad6962d1c460f40e4a0113ce6f3e342421c7702c8ac311823aa5,1,0,1
mitmengine-master,reference_fingerprints/pcaps/browsers/computer-OS_X-Yosemite-chrome-16.0,709264c55dcb3eed02ba59c3ea2a4c50d33291d873e9af81b8d7ac2f8f155be5,1,0,1
mitmengine-master,reference_fingerprints/pcaps/browsers/computer-OS_X-Yosemite-chrome-17.0,c852561a2a638df7e9a3563ecaa7bf262eab57d05e8dd30161b1271571ae3888,1,0,1
mitmengine-master,reference_fingerprints/pcaps/browsers/computer-OS_X-Yosemite-chrome-18.0,898d5d2ccddd50b1abe2c3faa1e60ff7fd6c4b8cff764eae5788b57eceea604f,1,0,1
mitmengine-master,reference_fingerprints/pcaps/browsers/computer-OS_X-Yosemite-chrome-19.0,a44c04a04690dfb7cbaffb6e0bfeafe1c1bf5f46fcc3ee73bbb143ec63e7dbf9,1,0,1
mitmengine-master,reference_fingerprints/pcaps/browsers/computer-OS_X-Yosemite-chrome-20.0,f5a2ec998e54fd849ce866bef1e204e360499eb1a8a3676587eeb2d1483392e5,1,0,1
mitmengine-master,reference_fingerprints/pcaps/browsers/computer-OS_X-Yosemite-chrome-21.0,15dffbcb9b06b6fd56fa5395f9c66280ddbdf6ebbfd44660e6e5e750e8c2e443,1,0,1
mitmengine-master,reference_fingerprints/pcaps/browsers/computer-OS_X-Yosemite-chrome-22.0,d16a3ed9116e30b3ad05bd196c1db8bafb67f11427284ebbe27fe33ffdbab374,1,0,1
mitmengine-master,reference_fingerprints/pcaps/browsers/computer-OS_X-Yosemite-chrome-23.0,fc40d0f317233039160e730aa07f3e9be229512748e472e429c777b8a4f63498,1,0,1
mitmengine-master,reference_fingerprints/pcaps/browsers/computer-OS_X-Yosemite-chrome-24.0,11e177a63fd637f1420f6be05716c9fe737c5e9b73dc87aa2d10e782a4c9f166,1,0,1
mitmengine-master,reference_fingerprints/pcaps/browsers/computer-OS_X-Yosemite-chrome-25.0,f37943395d6011290d69f176d759e3e1df0e5bf798d5457142db22494ce440de,1,0,1
mitmengine-master,reference_fingerprints/pcaps/browsers/computer-OS_X-Yosemite-chrome-26.0,c6240002a66d42b1fa68e60cc9cb2c6215dd92718511a7851e082dfcb1da80be,1,0,1
mitmengine-master,reference_fingerprints/pcaps/browsers/computer-OS_X-Yosemite-chrome-27.0,0a6de5c2c64130c876686ed39818edf96085d86d003f2c9b558985c958be4e12,1,0,1
mitmengine-master,reference_fingerprints/pcaps/browsers/computer-OS_X-Yosemite-chrome-28.0,eca7aab7d4fcab51ac3fcfc2ed127bdb10ff1b2601dae97d091b987916a536dd,1,0,1
mitmengine-master,reference_fingerprints/pcaps/browsers/computer-OS_X-Yosemite-chrome-29.0,f166408467d9a70e27c08bd0cf761077e78bb48902baec50d47fa81bc9552a25,1,0,1
mitmengine-master,reference_fingerprints/pcaps/browsers/computer-OS_X-Yosemite-chrome-30.0,f1331d2a0fa9026fcf239aad64410f3de9865203ebfa7c68d36835636bd1f1b0,1,0,1
mitmengine-master,reference_fingerprints/pcaps/browsers/computer-OS_X-Yosemite-chrome-31.0,c00b8442500d68c70c6b70a538276bfb19be04ef5e4410e83b38d3e00de93532,1,0,1
mitmengine-master,reference_fingerprints/pcaps/browsers/computer-OS_X-Yosemite-chrome-32.0,f5503156e3af53d7be238bedb7a954cc9d3aba273479f986d15af9c842ab3c69,1,0,1
mitmengine-master,reference_fingerprints/pcaps/browsers/computer-OS_X-Yosemite-chrome-33.0,4fbc647baab3c232ea3c3340e44f118705c18cef0cf1843914fc412d364785f5,1,0,1
mitmengine-master,reference_fingerprints/pcaps/browsers/computer-OS_X-Yosemite-chrome-34.0,a7f975b8f2dfedf8928391dfcaf5746bb361a5f40c7c523331830bdd9446d469,1,0,1
mitmengine-master,reference_fingerprints/pcaps/browsers/computer-OS_X-Yosemite-chrome-35.0,ea7805be761e5f564afa9d57d72f0951a700077bbf5224979d98da36f43761c6,1,0,1
mitmengine-master,reference_fingerprints/pcaps/browsers/computer-OS_X-Yosemite-chrome-36.0,1d253993feca605997ba866739027b72feab1a6cfe0b0681a9be0152a19bb148,1,0,1
mitmengine-master,reference_fingerprints/pcaps/browsers/computer-OS_X-Yosemite-chrome-37.0,c67db23db81206567accc51fead4036ab14d32ad14e3d4c9deea6c28464e07fd,1,0,1
mitmengine-master,reference_fingerprints/pcaps/browsers/computer-OS_X-Yosemite-chrome-38.0,a3d47f6eea82f5a7e8162f56e04d59bbe31f900db2acc86e04e4155f50cdacc9,1,0,1
mitmengine-master,reference_fingerprints/pcaps/browsers/computer-OS_X-Yosemite-chrome-39.0,8adf500248d824c8d248fcf15e59d09b47cad15903206c48e9b82e0de4ea8c58,1,0,1
mitmengine-master,reference_fingerprints/pcaps/browsers/computer-OS_X-Yosemite-chrome-40.0,026fbe70069a838a2a9b4b998251f373a92a9ed67f40f21316143806dcc626df,1,0,1
mitmengine-master,reference_fingerprints/pcaps/browsers/computer-OS_X-Yosemite-chrome-41.0,793a0f120c06a6cf5eded453f7b95ef116973e18a5cd6c3f134712795172cd03,1,0,1
mitmengine-master,reference_fingerprints/pcaps/browsers/computer-OS_X-Yosemite-chrome-42.0,fc4acb51796e86032768a2f3b5b4f371be2f521fdf90c5a73da6f036d2c4e771,1,0,1
mitmengine-master,reference_fingerprints/pcaps/browsers/computer-OS_X-Yosemite-chrome-43.0,aeeea498069ab672855796433b8f1f48abebdc762290588174e946075fb98d05,1,0,1
mitmengine-master,reference_fingerprints/pcaps/browsers/computer-OS_X-Yosemite-chrome-44.0,e7e1fb3ad1e893fb92c578c5e553ab4f987e8d015f8ad80528604a8f87ab62a2,1,0,1
mitmengine-master,reference_fingerprints/pcaps/browsers/computer-OS_X-Yosemite-chrome-45.0,7c0012e2bf119214d74b97397f3bc16f29bb2b09ac5b28b790aa791fae43235c,1,0,1
mitmengine-master,reference_fingerprints/pcaps/browsers/computer-OS_X-Yosemite-chrome-46.0,d282d7811cfc96ced0b3891fd32ab80ec75ca6aa615c87c28f70318c87aec5d0,1,0,1
mitmengine-master,reference_fingerprints/pcaps/browsers/computer-OS_X-Yosemite-chrome-47.0,969a4924341489c1a2bf40a5e5cbf6854b731bdf76b20bd22eea1d37e681c316,1,0,1
mitmengine-master,reference_fingerprints/pcaps/browsers/computer-OS_X-Yosemite-firefox-10.0,94e219e897fb08e968861836beca45f8ab80b973f239cdff0ed8a5295f22663a,1,0,1
mitmengine-master,reference_fingerprints/pcaps/browsers/computer-OS_X-Yosemite-firefox-11.0,d1166440fda41453fb88ea906af1741fb4d5fd51060d571b822180ec87bdcd4b,1,0,1
mitmengine-master,reference_fingerprints/pcaps/browsers/computer-OS_X-Yosemite-firefox-12.0,e4e4f00ef6ce4f8f109ce76f9f3d6714af4089ebb9f239c7b44e0471a8fd11ce,1,0,1
mitmengine-master,reference_fingerprints/pcaps/browsers/computer-OS_X-Yosemite-firefox-13.0,7e3487ddef4f0739bd04bc63d9a86cae5a8fab0902e55669227a56eccec2c76e,1,0,1
mitmengine-master,reference_fingerprints/pcaps/browsers/computer-OS_X-Yosemite-firefox-14.0,5824df49a836023ede05fc7e78c8c60746d3458db79f0827d40fc0b6db4dae3a,1,0,1
mitmengine-master,reference_fingerprints/pcaps/browsers/computer-OS_X-Yosemite-firefox-15.0,0223a5b18e9eca410c6badc473308a377e4ba405633ea253a03ca7f12630daef,1,0,1
mitmengine-master,reference_fingerprints/pcaps/browsers/computer-OS_X-Yosemite-firefox-16.0,7d26234c18ce82712efc6655ccdfa36ddc289ef76495651280e226df292efc1c,1,0,1
mitmengine-master,reference_fingerprints/pcaps/browsers/computer-OS_X-Yosemite-firefox-17.0,7d9b72abe58f8fbadac99109150e8ec2eedf4512313b2b9812ee88608bbefa40,1,0,1
mitmengine-master,reference_fingerprints/pcaps/browsers/computer-OS_X-Yosemite-firefox-18.0,b026f357a325a9d84996e3cc3cd47f858fd4e6a18f0009468e7fee5c3d3ddb82,1,0,1
mitmengine-master,reference_fingerprints/pcaps/browsers/computer-OS_X-Yosemite-firefox-19.0,f420ef82600365e980f8f14edcd2c6439ca6483a43194ef2d7279d28d9e10b3e,1,0,1
mitmengine-master,reference_fingerprints/pcaps/browsers/computer-OS_X-Yosemite-firefox-20.0,c0fb4adf79d781c519cfea2b917fd164b128dc7274e70b3969f5d69d9b2d9295,1,0,1
mitmengine-master,reference_fingerprints/pcaps/browsers/computer-OS_X-Yosemite-firefox-21.0,485ecdbde9cc1ae33c0a724ec86bfd38559444b191baf16bd64b99874aa0019f,1,0,1
mitmengine-master,reference_fingerprints/pcaps/browsers/computer-OS_X-Yosemite-firefox-22.0,a9cab70089c0f99938876697e2a0e1e2c2654f3e6d726eba1dcab70edb3debec,1,0,1
mitmengine-master,reference_fingerprints/pcaps/browsers/computer-OS_X-Yosemite-firefox-23.0,cbd189140f7fa930abb623cff02a41917a59cf266f5194104400d6db1b3a3436,1,0,1
mitmengine-master,reference_fingerprints/pcaps/browsers/computer-OS_X-Yosemite-firefox-24.0,d40c0f904744d77091ed9286ae310bf3e78068a05678049eecb454fdfd6b8eda,1,0,1
mitmengine-master,reference_fingerprints/pcaps/browsers/computer-OS_X-Yosemite-firefox-25.0,3c44195112a18d4fcc7a029256dc1f229117459274c6e35feb71ec59093b22c5,1,0,1
mitmengine-master,reference_fingerprints/pcaps/browsers/computer-OS_X-Yosemite-firefox-26.0,465eb7e79479069db802c9f5e0c2e50266c3db6b8b136ab487dfad2acd625508,1,0,1
mitmengine-master,reference_fingerprints/pcaps/browsers/computer-OS_X-Yosemite-firefox-27.0,4ce1c1c92ae901ddb37ee0b734f1f593817b678bb55989c019dc14a2b9a6c7d4,1,0,1
mitmengine-master,reference_fingerprints/pcaps/browsers/computer-OS_X-Yosemite-firefox-28.0,cd449cb31925d0e2a98cccad3bc45c9aae87a35e08aafbfca6af077ba89a8606,1,0,1
mitmengine-master,reference_fingerprints/pcaps/browsers/computer-OS_X-Yosemite-firefox-29.0,87008b9c3bec5903c5ea6d4d5d5ebefa742d3687347e40a1c00d3c369f0a7616,1,0,1
mitmengine-master,reference_fingerprints/pcaps/browsers/computer-OS_X-Yosemite-firefox-3.6,04de5dead733887740ff6f07d6c6baf41428c9f445bd1fc23daec91878883f51,1,0,1
mitmengine-master,reference_fingerprints/pcaps/browsers/computer-OS_X-Yosemite-firefox-30.0,4f76f62fa98e14ed316776aa5c6a9879f39ec5e7a9672506d3ff53e0d4b1c45f,1,0,1
mitmengine-master,reference_fingerprints/pcaps/browsers/computer-OS_X-Yosemite-firefox-31.0,89d666149697a91730a16f96d65529b305f6b70d107e43d81f969e21a860ebe9,1,0,1
mitmengine-master,reference_fingerprints/pcaps/browsers/computer-OS_X-Yosemite-firefox-32.0,84364bc5b03d6d8f3ab29306c8c3108feb016617732fbfc0ce48e341bb2e78c3,1,0,1
mitmengine-master,reference_fingerprints/pcaps/browsers/computer-OS_X-Yosemite-firefox-33.0,de251188cd166404df72b1804d9b029ca20a69d4ffe69c2acbc9232f7fe46f1e,1,0,1
mitmengine-master,reference_fingerprints/pcaps/browsers/computer-OS_X-Yosemite-firefox-34.0,8a6f3a8f255ea4913ba08806bbc3812b96c328c2ca981b94affe6f9a012a97ea,1,0,1
mitmengine-master,reference_fingerprints/pcaps/browsers/computer-OS_X-Yosemite-firefox-35.0,5cf4fa1e278f0b14667e48627a139c10990e3a7f91a8ceaef2eecd02e5f23aac,1,0,1
mitmengine-master,reference_fingerprints/pcaps/browsers/computer-OS_X-Yosemite-firefox-36.0,55c4e6fedd5d2fd4f741dfc264fcf1ec034dc78e73a225f0da7e7675bb442541,1,0,1
mitmengine-master,reference_fingerprints/pcaps/browsers/computer-OS_X-Yosemite-firefox-37.0,40ac23c09a5f2605ca9afb736fc4e4221245651f9476d7317b9fbd051051ddab,1,0,1
mitmengine-master,reference_fingerprints/pcaps/browsers/computer-OS_X-Yosemite-firefox-38.0,9a5bc48eea2a817f2e094cc27e589561cd000d1e2bba54be2aa2fd529f531a31,1,0,1
mitmengine-master,reference_fingerprints/pcaps/browsers/computer-OS_X-Yosemite-firefox-39.0,084ab59144c371ff90bcaf6ef8d2278cab972786177ca62614811612784a442f,1,0,1
mitmengine-master,reference_fingerprints/pcaps/browsers/computer-OS_X-Yosemite-firefox-4.0,a510235253864e9cd4357fd768c2db49b79b3a1475d6bb9ec68f99e710766400,1,0,1
mitmengine-master,reference_fingerprints/pcaps/browsers/computer-OS_X-Yosemite-firefox-40.0,6cea444b727ceb30448df418fa4d93166cfe00838ef9413435f3e6f7a34748f1,1,0,1
mitmengine-master,reference_fingerprints/pcaps/browsers/computer-OS_X-Yosemite-firefox-41.0,bb0b5dc2f6b085e08cfe66940246b5d82eaa580411dd8ffd2123d4248cc71ea2,1,0,1
mitmengine-master,reference_fingerprints/pcaps/browsers/computer-OS_X-Yosemite-firefox-42.0,875fc564a67bb6833a327ceaead22f637a95d0bdffdb9dbd5554dd678e5983d4,1,0,1
mitmengine-master,reference_fingerprints/pcaps/browsers/computer-OS_X-Yosemite-firefox-43.0,283dacb40c347ecd8a1149afe8dba250bd3c9b59d832115f7f58885c0c021b4f,1,0,1
mitmengine-master,reference_fingerprints/pcaps/browsers/computer-OS_X-Yosemite-firefox-5.0,84242b9f82e99d661c8f07e61bf6fc24206735ade8c7896931d56fb0087d1ae1,1,0,1
mitmengine-master,reference_fingerprints/pcaps/browsers/computer-OS_X-Yosemite-firefox-6.0,042911016d1c72c50465992ef71459ba72c2697bc57d74f19e50890a64776e5e,1,0,1
mitmengine-master,reference_fingerprints/pcaps/browsers/computer-OS_X-Yosemite-firefox-7.0,85416c99e3d6459d3c7b82cc5dcee914032f8236536b278059582985d3abafbd,1,0,1
mitmengine-master,reference_fingerprints/pcaps/browsers/computer-OS_X-Yosemite-firefox-8.0,63673c6244b694d403a41c48eb941f72d94499fd93436de6af62b446a2e676b2,1,0,1
mitmengine-master,reference_fingerprints/pcaps/browsers/computer-OS_X-Yosemite-firefox-9.0,1112d1e0e224ea25c9a9f792106ad2929bd743564ede7003130691f6108db040,1,0,1
mitmengine-master,reference_fingerprints/pcaps/browsers/computer-OS_X-Yosemite-opera-12.12,0a7d043fe188d0b5c0574e20aca0b105e2bea26370114092e49e72b71ae1cc06,1,0,1
mitmengine-master,reference_fingerprints/pcaps/browsers/computer-OS_X-Yosemite-opera-12.14,c5734f361de680c156e5ef88a0a1363f76b2d531181c3bc241534cddb2904258,1,0,1
mitmengine-master,reference_fingerprints/pcaps/browsers/computer-OS_X-Yosemite-opera-12.15,4f90fdcf881c65112985b18175ed73346ec86727d600b0af2109ac1b8428328e,1,0,1
mitmengine-master,reference_fingerprints/pcaps/browsers/computer-OS_X-Yosemite-opera-15,340cf370bdb58d46c54e9a80de38f92dc8e6ee23a13a3f994e833c06666f296e,1,0,1
mitmengine-master,reference_fingerprints/pcaps/browsers/computer-OS_X-Yosemite-opera-16,2e1bef2da987e72cf203c30df19414095fd60fff62992b798c4f6ec6c5b26c23,1,0,1
mitmengine-master,reference_fingerprints/pcaps/browsers/computer-OS_X-Yosemite-opera-17,43085d5a21707b0d68ddea7c185ab5fc34c23fad714f52bfbd03ea36de2e5071,1,0,1
mitmengine-master,reference_fingerprints/pcaps/browsers/computer-OS_X-Yosemite-opera-18,db590063af8d7ca6a6524054d5934fce7d800588747c4f93a56755101a063ab4,1,0,1
mitmengine-master,reference_fingerprints/pcaps/browsers/computer-OS_X-Yosemite-opera-19,a8876e51288d10c0295000b4a2d685d0da3a20464629079b0bccd30d2ca0752f,1,0,1
mitmengine-master,reference_fingerprints/pcaps/browsers/computer-OS_X-Yosemite-opera-20,e44fd551176f60bc93e2f4e4c7eae5f11187e6ccda6d7c50dfe757a0a1d6f0fd,1,0,1
mitmengine-master,reference_fingerprints/pcaps/browsers/computer-OS_X-Yosemite-opera-21,cca003de651bb9b24d31a9589b329f714aa60c3a9c2825a19d0535e2c501574b,1,0,1
mitmengine-master,reference_fingerprints/pcaps/browsers/computer-OS_X-Yosemite-opera-22,66195ce6fcd1b0e5e0d5defb37ea4670a9b33cf6592b6b8a640c054c7613dab1,1,0,1
mitmengine-master,reference_fingerprints/pcaps/browsers/computer-OS_X-Yosemite-opera-23,696237fca93b86620e72fc5b9d57f45c506fe8f0268d4ea8f8a6736ffc3195c7,1,0,1
mitmengine-master,reference_fingerprints/pcaps/browsers/computer-OS_X-Yosemite-opera-24,5a606559e7e5cfc635d3a0e64deb84fc48c23ed2020cb90afa5885f461729da1,1,0,1
mitmengine-master,reference_fingerprints/pcaps/browsers/computer-OS_X-Yosemite-opera-25,e9415323d076403c68b5d305aef2250761da75dae343f9679037770b8628fd1b,1,0,1
mitmengine-master,reference_fingerprints/pcaps/browsers/computer-OS_X-Yosemite-opera-26,65b966ccf1fb2a013a02db21cdb8daeb026bea84a23e01973ba8bd386b390c3e,1,0,1
mitmengine-master,reference_fingerprints/pcaps/browsers/computer-OS_X-Yosemite-opera-27,47da6df2946bcf2c5eb5c3fdfe39549927eacaecd6d5a2964b3570683939151f,1,0,1
mitmengine-master,reference_fingerprints/pcaps/browsers/computer-OS_X-Yosemite-opera-28,df0a5299f5c6af3153b2216d59f05bd22820f2b4db7b0851f69689329e037634,1,0,1
mitmengine-master,reference_fingerprints/pcaps/browsers/computer-OS_X-Yosemite-opera-29,37794310cea93e13137a8440a37b4e7dcc4bc74c462b0b242514b1913f26c5f6,1,0,1
mitmengine-master,reference_fingerprints/pcaps/browsers/computer-OS_X-Yosemite-opera-30,5d73d83293ee1c6eb5c635d25fa74ea6807bce1f97360870e215e6e627bb3c1b,1,0,1
mitmengine-master,reference_fingerprints/pcaps/browsers/computer-OS_X-Yosemite-opera-31,7776b8b3b880d043bd2f03bba52cbd2ba09b1f4d0fc6308fdf3f1561b4b7a987,1,0,1
mitmengine-master,reference_fingerprints/pcaps/browsers/computer-OS_X-Yosemite-opera-32,1ce1d2ef0a29e7096788e4e91349135fd880c7e45ef88aa980e66d7ee358baac,1,0,1
mitmengine-master,reference_fingerprints/pcaps/browsers/computer-OS_X-Yosemite-opera-33,99e73df52e660be44cfbe3fe7089694f910fceb4c3bde26ed3d63f3b6926ebff,1,0,1
mitmengine-master,reference_fingerprints/pcaps/browsers/computer-OS_X-Yosemite-opera-34,8eeb6c3652e078a18c796438993964b7876129a5a422c9070bb12a9a85cd8b43,1,0,1
mitmengine-master,reference_fingerprints/pcaps/browsers/computer-OS_X-Yosemite-opera-35,fc881a827404d30bbdea62aee535e411f44718d1de9502c7153f51ace93931be,1,0,1
mitmengine-master,reference_fingerprints/pcaps/browsers/computer-OS_X-Yosemite-safari-8.0,77a73b201b881e6ee934f2d20837aa28fee06b2a40fdfc5697e9a518e4782ec4,1,0,1
mitmengine-master,reference_fingerprints/pcaps/browsers/computer-Windows-10-chrome-37.0,f15b4412ee219615ceb0f44343e06e80598e332e78daf7c122d90fd6a7e13bbd,1,0,1
mitmengine-master,reference_fingerprints/pcaps/browsers/computer-Windows-10-chrome-38.0,8d6fb54be4c7ab0603c7a577977b58e949a0873d5d0dc1956959bf1c3dad18d8,1,0,1
mitmengine-master,reference_fingerprints/pcaps/browsers/computer-Windows-10-chrome-39.0,baf9ebd52749d788a2240dd24b3fb34b1eca0b43e2b5525b43639aa011f5131b,1,0,1
mitmengine-master,reference_fingerprints/pcaps/browsers/computer-Windows-10-chrome-40.0,0c494293a47e50df200fa118d14c6607c21fea2c6d18c4db17a461e070107094,1,0,1
mitmengine-master,reference_fingerprints/pcaps/browsers/computer-Windows-10-chrome-41.0,5a53d97b512d009f29f786538239146fb87b9f2ae46013cb23702f18b7dbc157,1,0,1
mitmengine-master,reference_fingerprints/pcaps/browsers/computer-Windows-10-chrome-42.0,99ab67db3037a956bb23d569513167eac7cb222d7faef4b31292af9aa3638bdc,1,0,1
mitmengine-master,reference_fingerprints/pcaps/browsers/computer-Windows-10-chrome-43.0,2495db7d77adb9f1aab3339b1cb88c52fd8ebfea356daba640dbe1b730c3dacd,1,0,1
mitmengine-master,reference_fingerprints/pcaps/browsers/computer-Windows-10-chrome-44.0,db5ec9f9a4a3ea417309f42132f3bc069c24f018e70857b39bdb6baa8c34667e,1,0,1
mitmengine-master,reference_fingerprints/pcaps/browsers/computer-Windows-10-chrome-45.0,e978489af46163beff7636280659e30044a526a059882abc38b7c6672778c754,1,0,1
mitmengine-master,reference_fingerprints/pcaps/browsers/computer-Windows-10-chrome-46.0,13b17bd4a2a060a22602e3eb2ab7d1a56ef2fe5626ad6d3216f0364e6ec38028,1,0,1
mitmengine-master,reference_fingerprints/pcaps/browsers/computer-Windows-10-chrome-47.0,a914dcdd69fd8455f7d7153e926be315dd917b66160048101a9f904dc3eb3a44,1,0,1
mitmengine-master,reference_fingerprints/pcaps/browsers/computer-Windows-10-edge-12.0,0e25f176d3a7658ba99d48132c8217962046388f16aedc493634c02a0b543cc0,1,0,1
mitmengine-master,reference_fingerprints/pcaps/browsers/computer-Windows-10-firefox-32.0,1de0c762ad8b8c849749fca37ee8e1e97a6a8fa636777c9cbf7ab7d27c1547d2,1,0,1
mitmengine-master,reference_fingerprints/pcaps/browsers/computer-Windows-10-firefox-33.0,6aebef53d52be0b21f68f80810dd94b419da86248f953cc796c963d5990212dd,1,0,1
mitmengine-master,reference_fingerprints/pcaps/browsers/computer-Windows-10-firefox-34.0,8534c91fb8e02218b34daa77dd6c95f07f93264e9a46cd8a2f933704a5ba8066,1,0,1
mitmengine-master,reference_fingerprints/pcaps/browsers/computer-Windows-10-firefox-35.0,2ca7593cc9f6e4bd2504c2811f1842cd9edd0c30d3cfad3b5f545338842ee494,1,0,1
mitmengine-master,reference_fingerprints/pcaps/browsers/computer-Windows-10-firefox-36.0,52e5875073b3c5e720bd247232f77ce23da3fe4e7c333e07fb6e838faa7af4a8,1,0,1
mitmengine-master,reference_fingerprints/pcaps/browsers/computer-Windows-10-firefox-37.0,e7c3b42762174bd9d7d8f1287f4f9f5fbb293cb844430aaa9e5fb375311419c1,1,0,1
mitmengine-master,reference_fingerprints/pcaps/browsers/computer-Windows-10-firefox-38.0,8b1047351b0858e7cae85181591c34185e88b9bc11df0cfbe8cbe61d27797232,1,0,1
mitmengine-master,reference_fingerprints/pcaps/browsers/computer-Windows-10-firefox-39.0,c5678a4d0b0a1b2ca82571d17d4743baacfecbc7f932dbdeb896f20e7cbae00d,1,0,1
mitmengine-master,reference_fingerprints/pcaps/browsers/computer-Windows-10-firefox-40.0,3457bf6f7767e1886a752375490b081283c22b33d1b58bc4a31d021695514b74,1,0,1
mitmengine-master,reference_fingerprints/pcaps/browsers/computer-Windows-10-firefox-41.0,97561116ac5300fbc8526264de13f8ea5ee95fbd91b48c3710a56dc5bdb0c038,1,0,1
mitmengine-master,reference_fingerprints/pcaps/browsers/computer-Windows-10-firefox-42.0,0e98e44e14541c9f9468cc4d333dedfdfeb5fd83cbf7b7522c90d0dae2a4c55d,1,0,1
mitmengine-master,reference_fingerprints/pcaps/browsers/computer-Windows-10-firefox-43.0,3645def3e62b42ae1741697156c9c669c38e40e0f20e21f42d4d1579db278dc2,1,0,1
mitmengine-master,reference_fingerprints/pcaps/browsers/computer-Windows-10-ie-11.0,fda742b1cfcab6ee58d3c1beadca42dd0acdc2b2aed0671d570d09cb8d5829f0,1,0,1
mitmengine-master,reference_fingerprints/pcaps/browsers/computer-Windows-7-chrome-14.0,2eb1f3915b27cb315e3f56329837bc8431891d1d44d2fdcc1533658fe94cdcb0,1,0,1
mitmengine-master,reference_fingerprints/pcaps/browsers/computer-Windows-7-chrome-15.0,675e53f4f54396a8f5daa5a8dbf7bd3bfd3a5bf6ef391f647bac7ab85d409dbb,1,0,1
mitmengine-master,reference_fingerprints/pcaps/browsers/computer-Windows-7-chrome-16.0,f6afbea883a40134ca0baeb2c54dc3e0e24df813f4d2defb32770d866130476e,1,0,1
mitmengine-master,reference_fingerprints/pcaps/browsers/computer-Windows-7-chrome-17.0,5c54034a3a10c7aeceb81e59f29d1737965b9667eb1b3b008531c06f92cabac5,1,0,1
mitmengine-master,reference_fingerprints/pcaps/browsers/computer-Windows-7-chrome-18.0,2448d07aedf7d45ee12381dbded639f58f0ae74761bd92bdbe5f5776e6bd18b2,1,0,1
mitmengine-master,reference_fingerprints/pcaps/browsers/computer-Windows-7-chrome-19.0,88d713aeeea375d12f8049f303e342c0371e053e005d0f0092fd8e04de3eae81,1,0,1
mitmengine-master,reference_fingerprints/pcaps/browsers/computer-Windows-7-chrome-20.0,d2b85fce4e84ce6d2e5a8ab9165a574c66bfbd010f54b4029120e97a4aa28055,1,0,1
mitmengine-master,reference_fingerprints/pcaps/browsers/computer-Windows-7-chrome-21.0,812042b1f44025744ae4c4a377ac475d2de30f83d28cf08372a39ef341a7f493,1,0,1
mitmengine-master,reference_fingerprints/pcaps/browsers/computer-Windows-7-chrome-22.0,1e2b7f03472a7676e6d2dea83d0b79f47313fb6ac7adc16a9b6df93a76c1fac2,1,0,1
mitmengine-master,reference_fingerprints/pcaps/browsers/computer-Windows-7-chrome-23.0,ab8dcfbefc7170a45c14046862c516a4123c1282d8a9af492b50b0b9ff878785,1,0,1
mitmengine-master,reference_fingerprints/pcaps/browsers/computer-Windows-7-chrome-24.0,fccd59180f4c64bc766952e8b88ef4382d4ef0a29807d966cff23f216575912d,1,0,1
mitmengine-master,reference_fingerprints/pcaps/browsers/computer-Windows-7-chrome-25.0,be665b592647b2f52d3cd2bd9c7360a985d0f078fd7371d672d0f7959cc25104,1,0,1
mitmengine-master,reference_fingerprints/pcaps/browsers/computer-Windows-7-chrome-26.0,6e8ac3d8983857e592a02ce6a3d0c3f4324d4a166532041344bde48f9cf84dab,1,0,1
mitmengine-master,reference_fingerprints/pcaps/browsers/computer-Windows-7-chrome-27.0,723bb10de86c864af903cdd4108b19b2b54c64ceafecda78f6c65298e4f844f0,1,0,1
mitmengine-master,reference_fingerprints/pcaps/browsers/computer-Windows-7-chrome-28.0,2563c3e7b0c42540d74126fbc5616b2bf42abf1eae1b97daa3f98a565944c427,1,0,1
mitmengine-master,reference_fingerprints/pcaps/browsers/computer-Windows-7-chrome-29.0,af1c94ed11ade366cfcee6acb5d456375355cf554cd373d3e117ecffc53088ba,1,0,1
mitmengine-master,reference_fingerprints/pcaps/browsers/computer-Windows-7-chrome-30.0,c17f57e23943f800b6890872d28db865471f701fb9833492a297f51b5bc18f5a,1,0,1
mitmengine-master,reference_fingerprints/pcaps/browsers/computer-Windows-7-chrome-31.0,7a6d5e2269f62e0422887cb439121d807df4890920364551b3c6a6c948464bdd,1,0,1
mitmengine-master,reference_fingerprints/pcaps/browsers/computer-Windows-7-chrome-32.0,ef58cf7307c2755d0a71c57b8ad1714933ad2902a544fc8eb2043916a81f8d1e,1,0,1
mitmengine-master,reference_fingerprints/pcaps/browsers/computer-Windows-7-chrome-33.0,fd2d94f2cf84eb78b820f28b5ed69141a4d9407b0f4b0da4230b93559706f430,1,0,1
mitmengine-master,reference_fingerprints/pcaps/browsers/computer-Windows-7-chrome-34.0,951c9013b09a3d6941db2fd912964a3f2e715977b08637115cda55db5ff126c9,1,0,1
mitmengine-master,reference_fingerprints/pcaps/browsers/computer-Windows-7-chrome-35.0,0c11d1328f6645e65911cf837cc53e1feee2a5612afada3f458777fe7b5d5569,1,0,1
mitmengine-master,reference_fingerprints/pcaps/browsers/computer-Windows-7-chrome-36.0,26a7130de987de7ef4ed3345b8b6a0fc6fb989fb516c48559bcba4081a07ec8c,1,0,1
mitmengine-master,reference_fingerprints/pcaps/browsers/computer-Windows-7-chrome-37.0,8915364f1016b4fde55f9c2e7a854ebcbcaf5a84f8aa45135c74aa8e438eb1f1,1,0,1
mitmengine-master,reference_fingerprints/pcaps/browsers/computer-Windows-7-chrome-38.0,23b127f4b617695bb70fb082b68dc071cdae2b933e25a482ec693776c714e67b,1,0,1
mitmengine-master,reference_fingerprints/pcaps/browsers/computer-Windows-7-chrome-39.0,6165545387d8956b10e5e0c9574fd9445e84d13723dfd3ac945f8ed97b0e9021,1,0,1
mitmengine-master,reference_fingerprints/pcaps/browsers/computer-Windows-7-chrome-40.0,eb95c0f3496cc9503650481f58f831577e878eecbe1952c20732289b91518637,1,0,1
mitmengine-master,reference_fingerprints/pcaps/browsers/computer-Windows-7-chrome-41.0,96e8f5667463abc8239d025c0f14549e82656535f2d7e1b89633c5805dd53fa2,1,0,1
mitmengine-master,reference_fingerprints/pcaps/browsers/computer-Windows-7-chrome-42.0,141d241a36b94729cfe3420d037a9a2cd20153002e935202e69a677b5b308151,1,0,1
mitmengine-master,reference_fingerprints/pcaps/browsers/computer-Windows-7-chrome-43.0,e30b74a64a254b8f816d75f8364855f66cb5522f3845a278b1f67da20246ae66,1,0,1
mitmengine-master,reference_fingerprints/pcaps/browsers/computer-Windows-7-chrome-44.0,d13a74ee4dd43b1050c24fc4c7510759dbbac5e3f89e33c269989c8cbf535b22,1,0,1
mitmengine-master,reference_fingerprints/pcaps/browsers/computer-Windows-7-chrome-45.0,c4813b06e07e6073197396b24d1d2f5d36afb9db2c35f62d20bdf6e5973680c2,1,0,1
mitmengine-master,reference_fingerprints/pcaps/browsers/computer-Windows-7-chrome-46.0,b5b02e41153a1171737a845c2317ce29bc0ec06497a26c563122288635a8ab5c,1,0,1
mitmengine-master,reference_fingerprints/pcaps/browsers/computer-Windows-7-chrome-47.0,6803a0d43f100c4e51a84e960d138c5d65f7112ee918193fa700dd4bf65bd15a,1,0,1
mitmengine-master,reference_fingerprints/pcaps/browsers/computer-Windows-7-firefox-10.0,67e154070325effb8c12fd2d3cedd45c24659ff2d15d7a88e335188f4d041174,1,0,1
mitmengine-master,reference_fingerprints/pcaps/browsers/computer-Windows-7-firefox-11.0,e41a29f1983bb71dddfbe0e9275f8e223d14202940253b5663887f8ae8194dcc,1,0,1
mitmengine-master,reference_fingerprints/pcaps/browsers/computer-Windows-7-firefox-12.0,ef722e0c6fd8c89f8850cfc5a15cf690f2707e41cc3bb9e473794d07d159ac92,1,0,1
mitmengine-master,reference_fingerprints/pcaps/browsers/computer-Windows-7-firefox-13.0,5de57fcfc6a1f65d2446caf0c380f8d544f64b8afed80754ee49ac5638489656,1,0,1
mitmengine-master,reference_fingerprints/pcaps/browsers/computer-Windows-7-firefox-14.0,51711814e5e064430da7763b413174708403913727f741e5f668c890c8353ff6,1,0,1
mitmengine-master,reference_fingerprints/pcaps/browsers/computer-Windows-7-firefox-15.0,5bea260a5adbf779d40242e87b1a870fe5ede22726e25c34ab78b81abdfa691a,1,0,1
mitmengine-master,reference_fingerprints/pcaps/browsers/computer-Windows-7-firefox-16.0,656d5af3fc453df9a80ac370ec087c46828db9cd5c413ec0460e7b2cf2838942,1,0,1
mitmengine-master,reference_fingerprints/pcaps/browsers/computer-Windows-7-firefox-17.0,8dc01579aa7dad0014542340a86d48bc8ec4b39cca39c7201e0e1ff8df57b10c,1,0,1
mitmengine-master,reference_fingerprints/pcaps/browsers/computer-Windows-7-firefox-18.0,3fef38133e0b6aad11d50ad86780053d0527a2676bb532c94cc4d9d131059515,1,0,1
mitmengine-master,reference_fingerprints/pcaps/browsers/computer-Windows-7-firefox-19.0,495dbcdcfd9ec327a92a19c176f3fbbc5c152c1834fffb12fe48e5edeb89ecfe,1,0,1
mitmengine-master,reference_fingerprints/pcaps/browsers/computer-Windows-7-firefox-20.0,4e338824f1f0ee40c534ddf36d2eaf5f4ddf0b89e871339df8d71193e4eff3c2,1,0,1
mitmengine-master,reference_fingerprints/pcaps/browsers/computer-Windows-7-firefox-21.0,830fc80dc4c7e7ed4376ec8f512682503ed47422cdd619b80e6ad7a715d8495b,1,0,1
mitmengine-master,reference_fingerprints/pcaps/browsers/computer-Windows-7-firefox-22.0,1b2a4c301a667fb247fd04871fdebb69f8282e212503cec81ec58516ab3f241d,1,0,1
mitmengine-master,reference_fingerprints/pcaps/browsers/computer-Windows-7-firefox-23.0,9df7163a84c75432a4d33ea9b52441d06e489370da1b5d38c0e573e3f4bd8dbb,1,0,1
mitmengine-master,reference_fingerprints/pcaps/browsers/computer-Windows-7-firefox-24.0,73498ee9d158cc55f844dc18c7745d7d6f7dd999b17e6d6ec17698236fe43b0d,1,0,1
mitmengine-master,reference_fingerprints/pcaps/browsers/computer-Windows-7-firefox-25.0,c4c6eda6895224da84fbcd53a7cca8875fc50d9b9c202ba01d1307ba59e7085b,1,0,1
mitmengine-master,reference_fingerprints/pcaps/browsers/computer-Windows-7-firefox-26.0,7a7d05e3473945a73a245b64de4c6fc071e29b34c514869ee481fd8b242e5904,1,0,1
mitmengine-master,reference_fingerprints/pcaps/browsers/computer-Windows-7-firefox-27.0,a67a128c15762992700d955cc6a7a14d0c8080a77500c50e3a4365b1b3a0ac07,1,0,1
mitmengine-master,reference_fingerprints/pcaps/browsers/computer-Windows-7-firefox-28.0,63c40dad587deef805c0efc17615313593beee2144b6100dfca047a1b9cdfa80,1,0,1
mitmengine-master,reference_fingerprints/pcaps/browsers/computer-Windows-7-firefox-29.0,2d54023f57f57e30e5973cc56e260859c00009fc71bcbda9b4b045044481477d,1,0,1
mitmengine-master,reference_fingerprints/pcaps/browsers/computer-Windows-7-firefox-3.6,43c7daa5460d8898b90bc936b3a4600f11bb81a7bf5d1b604fa5624772f42626,1,0,1
mitmengine-master,reference_fingerprints/pcaps/browsers/computer-Windows-7-firefox-30.0,7ffd89937a25d9fa8880c95f609ef9202a754f3af661fdf5a3a3f6720f7be68f,1,0,1
mitmengine-master,reference_fingerprints/pcaps/browsers/computer-Windows-7-firefox-31.0,b6a20782de1c705ddeabc039c8b15201724558432d9d8d58d77695f06d730913,1,0,1
mitmengine-master,reference_fingerprints/pcaps/browsers/computer-Windows-7-firefox-32.0,1445dc999db303bf1d4abeda5dc9c0f71b41afd41060befb309fab52e5293e1b,1,0,1
mitmengine-master,reference_fingerprints/pcaps/browsers/computer-Windows-7-firefox-33.0,f2d802fb743da27872a1702eddf05e6647956bc5de8399e197410908e895297c,1,0,1
mitmengine-master,reference_fingerprints/pcaps/browsers/computer-Windows-7-firefox-34.0,8f4b50676a137c520fa4d4c2ab9effe6d5d970904346a7b12146b9f34c2e8459,1,0,1
mitmengine-master,reference_fingerprints/pcaps/browsers/computer-Windows-7-firefox-35.0,7559dc5522669503baf882db6ec84a48a505877311dde11b35c713d4d550401a,1,0,1
mitmengine-master,reference_fingerprints/pcaps/browsers/computer-Windows-7-firefox-36.0,9f5c33d5d770998fd22f99c40fa61e380947e1d541f898eb4304e86981e9b4f8,1,0,1
mitmengine-master,reference_fingerprints/pcaps/browsers/computer-Windows-7-firefox-37.0,de84e9009eaf9b15fbfa82ae8ac0dcb8e1abebb0f473344da303165e3b41a52a,1,0,1
mitmengine-master,reference_fingerprints/pcaps/browsers/computer-Windows-7-firefox-38.0,d6ab11f8a5d8888b9084f16ece41900149aef3b04c2ad1eee698a4deafea2d39,1,0,1
mitmengine-master,reference_fingerprints/pcaps/browsers/computer-Windows-7-firefox-39.0,5bd29d7e6b44830f415bd02c644be11ccddf40758d39ff6cd55591239d4f4078,1,0,1
mitmengine-master,reference_fingerprints/pcaps/browsers/computer-Windows-7-firefox-4.0,e31758025ff8eff8e59cbcba61bf46b53f719291282f25c134be71ea49ea22f3,1,0,1
mitmengine-master,reference_fingerprints/pcaps/browsers/computer-Windows-7-firefox-40.0,a2ffb71fa8887eb924e3eb532988df8b9e7701a5cb178b3b516ef9ea6665b911,1,0,1
mitmengine-master,reference_fingerprints/pcaps/browsers/computer-Windows-7-firefox-41.0,8cfd35e2f948283ad3a9b4535192cb33a3ac34efe7a450059ec6f51677610665,1,0,1
mitmengine-master,reference_fingerprints/pcaps/browsers/computer-Windows-7-firefox-42.0,db93b5bc5ae85dc3d3bfcbefe486539635b4faac7a455f48a9ac8c369ceeeb4e,1,0,1
mitmengine-master,reference_fingerprints/pcaps/browsers/computer-Windows-7-firefox-43.0,e4e3a38a1b62f8dea7be370324d40d5be5efc1595ed65f40244b903cf075a4ec,1,0,1
mitmengine-master,reference_fingerprints/pcaps/browsers/computer-Windows-7-firefox-5.0,a76a28027ac3f03cdf6ea72cca912fea69d09e25ebe013e4d770dc84e0f9bf28,1,0,1
mitmengine-master,reference_fingerprints/pcaps/browsers/computer-Windows-7-firefox-6.0,3db315da50275e71700f65abb6e983da3537d17439df56d9f9f221592bc0d204,1,0,1
mitmengine-master,reference_fingerprints/pcaps/browsers/computer-Windows-7-firefox-7.0,86876dd9292c20ef862c49c5a3e922491e564ef6cb565080fc7fef264f1d9bf0,1,0,1
mitmengine-master,reference_fingerprints/pcaps/browsers/computer-Windows-7-firefox-8.0,59128993d4cbfd64761fec415fa2bb699fceeee340108c56f10521ea965af7d1,1,0,1
mitmengine-master,reference_fingerprints/pcaps/browsers/computer-Windows-7-firefox-9.0,969dc9a15ace35f35390c122720e984c2860e2ad55bc46ab3dd1f2a0ab46de25,1,0,1
mitmengine-master,reference_fingerprints/pcaps/browsers/computer-Windows-7-ie-10.0,4d4e140b4e9ab2e4a55e45a908814777137df4ec52df9609a54f198a17defab0,1,0,1
mitmengine-master,reference_fingerprints/pcaps/browsers/computer-Windows-7-ie-11.0,3a6e741b61632db2378299d46d9ea47d9ff9e5295ad75ad606084e39e2020672,1,0,1
mitmengine-master,reference_fingerprints/pcaps/browsers/computer-Windows-7-ie-8.0,fbdba74377141e63f4f053c83f1010a78d471b81f20bf5a1f10535c01ef4b2f5,1,0,1
mitmengine-master,reference_fingerprints/pcaps/browsers/computer-Windows-7-ie-9.0,40e41d7e9cafeac4b02beb72d3a580087886f74678e5f71a0abe0e82ed172851,1,0,1
mitmengine-master,reference_fingerprints/pcaps/browsers/computer-Windows-7-opera-12.15,21a03bd16fcc1036caa3273b788471d82a922850b0af4d0202b98af248783213,1,0,1
mitmengine-master,reference_fingerprints/pcaps/browsers/computer-Windows-7-opera-12.16,fb441d364859801b6ebbaf3e7d1fef89bc3699ddcb2570dfa3dd9e4979c36992,1,0,1
mitmengine-master,reference_fingerprints/pcaps/browsers/computer-Windows-8-chrome-22.0,022f3f5ce9ec039422ea931140cf278aadb04ea16688744c1f4f738285fe8279,1,0,1
mitmengine-master,reference_fingerprints/pcaps/browsers/computer-Windows-8-chrome-23.0,282bc63cafdf4b58ffc8712ff1d5bc94b4714aad6ca5d28cce0c7a605eb38ad9,1,0,1
mitmengine-master,reference_fingerprints/pcaps/browsers/computer-Windows-8-chrome-24.0,5b53c3aad116a0381c90641b4a3c0c1a93eeef4f6fb66a6ae0cac3acbf96b881,1,0,1
mitmengine-master,reference_fingerprints/pcaps/browsers/computer-Windows-8-chrome-25.0,1474d08394db2706d05b96354f0be3066096ffac72eb5e885489a94cdbc4a29d,1,0,1
mitmengine-master,reference_fingerprints/pcaps/browsers/computer-Windows-8-chrome-26.0,0cf20445a1ebb32f3f554d1b99d5defca0828decdff301721d8f253b0f28bd52,1,0,1
mitmengine-master,reference_fingerprints/pcaps/browsers/computer-Windows-8-chrome-27.0,ed074a081672cd4341f6a6886d4772d18a5fc1a9d579e9611cdc72f91eba0807,1,0,1
mitmengine-master,reference_fingerprints/pcaps/browsers/computer-Windows-8-chrome-28.0,467bc9d77def897322c000d7522a7d5c1e277a54d40a2acc8cdf6369c0ebf61d,1,0,1
mitmengine-master,reference_fingerprints/pcaps/browsers/computer-Windows-8-chrome-29.0,a6f49655d68d05cd71e71fdd4cc3e8203b455f4bb06f182d2b957db671d3153a,1,0,1
mitmengine-master,reference_fingerprints/pcaps/browsers/computer-Windows-8-chrome-30.0,2e2edac1d79927dd4d70cc24ea5c7e153ff6464746f445945a7052bed6c6059e,1,0,1
mitmengine-master,reference_fingerprints/pcaps/browsers/computer-Windows-8-chrome-31.0,3edd0fe519683b15dbec933362cb1e4f7580cba904bfe590c1234d6fb9c80a5e,1,0,1
mitmengine-master,reference_fingerprints/pcaps/browsers/computer-Windows-8-chrome-32.0,a3a136bd3507b31b06abdd850fdab15c79ed46f57cf6716c7fe846949dd76d61,1,0,1
mitmengine-master,reference_fingerprints/pcaps/browsers/computer-Windows-8-chrome-33.0,8012394ed3d8ca00d87f52207ed5d516c5f189ea3992075b7830867df469a890,1,0,1
mitmengine-master,reference_fingerprints/pcaps/browsers/computer-Windows-8-chrome-34.0,7c559f01dcdc4f8a6b57722a1f122e5d4ea35518e3ff5c811ec9db47fb59dbcd,1,0,1
mitmengine-master,reference_fingerprints/pcaps/browsers/computer-Windows-8-chrome-35.0,e285d4cef7ac0ef6d50e68641b31c433be5fbe7f4d5dbb80bfd62e7767328d50,1,0,1
mitmengine-master,reference_fingerprints/pcaps/browsers/computer-Windows-8-chrome-36.0,008032bd24e5e65da1510100bbaf0d5fec99500f75f2afb566e451930e8e7392,1,0,1
mitmengine-master,reference_fingerprints/pcaps/browsers/computer-Windows-8-chrome-37.0,08aada715fb07a1c039a43ac5deeed7214e94dfd00f5c538754dc67ba6d157fd,1,0,1
mitmengine-master,reference_fingerprints/pcaps/browsers/computer-Windows-8-chrome-38.0,ed75b9d57bfa901f4b58d3a3f95f5e84ca23adcd7dc2c6d8f4c7490ac8dc0b7e,1,0,1
mitmengine-master,reference_fingerprints/pcaps/browsers/computer-Windows-8-chrome-39.0,643e9fa90fc14985a5830926cfcdd20e7742cc1aad89999061e9c317169f077e,1,0,1
mitmengine-master,reference_fingerprints/pcaps/browsers/computer-Windows-8-chrome-40.0,94f8bf931d18b3b3fe2a69b06c39d7dab212f1f51b35c0f210f5e38b553825cf,1,0,1
mitmengine-master,reference_fingerprints/pcaps/browsers/computer-Windows-8-chrome-41.0,1d5b6f3424a213d60d4e56e5a7144d170c2d2ed158abb8aa613400ea640311bd,1,0,1
mitmengine-master,reference_fingerprints/pcaps/browsers/computer-Windows-8-chrome-42.0,b919a475fd9bca6665c4302e77f513a292beb17187047fecd7aab5be018e3097,1,0,1
mitmengine-master,reference_fingerprints/pcaps/browsers/computer-Windows-8-chrome-43.0,f79aad225d47e04801ab18891ba1e58c95728c80ac8f5b104d100759831f0d68,1,0,1
mitmengine-master,reference_fingerprints/pcaps/browsers/computer-Windows-8-chrome-44.0,abe3b95d08fd619138bef1b699971052a901d11edfe773b04d79967cc95b063b,1,0,1
mitmengine-master,reference_fingerprints/pcaps/browsers/computer-Windows-8-chrome-45.0,2bc7744897011238d447d4908c3d539e305269fb7374c255ecdf858acb55ed3d,1,0,1
mitmengine-master,reference_fingerprints/pcaps/browsers/computer-Windows-8-chrome-46.0,f2a9924b16b178d3aa1ecf08a40fcf593e1b0e8ddc7df397267d6feb3d5179e8,1,0,1
mitmengine-master,reference_fingerprints/pcaps/browsers/computer-Windows-8-chrome-47.0,66532f309b78029daf410192bb971bc74ec3aa52001ce0c9eeeadac96a0a43ad,1,0,1
mitmengine-master,reference_fingerprints/pcaps/browsers/computer-Windows-8-firefox-16.0,7801d5fdec249fb5a4f679154859320abb2f00a679665de20fac910b45e18125,1,0,1
mitmengine-master,reference_fingerprints/pcaps/browsers/computer-Windows-8-firefox-17.0,e890cb9566544861504c1a567a8fbf17e02e5abe44d38e4e14db338cf55a58d6,1,0,1
mitmengine-master,reference_fingerprints/pcaps/browsers/computer-Windows-8-firefox-18.0,fada262c8e20af39b435b925986ec2b240ab347138ab0eab087210483242b562,1,0,1
mitmengine-master,reference_fingerprints/pcaps/browsers/computer-Windows-8-firefox-19.0,2fbb97f758551fd385d35c640ab42dc0ac89909067f115198fbf5077d23d5c7a,1,0,1
mitmengine-master,reference_fingerprints/pcaps/browsers/computer-Windows-8-firefox-20.0,0f426ef010711589f4043f9de696ff5b7c4a652385a804e992c27f64f341fbfd,1,0,1
mitmengine-master,reference_fingerprints/pcaps/browsers/computer-Windows-8-firefox-21.0,6a50b7edfd68e24c8d406895a31ac63d4a78528108dc319d7f435b88f879e80c,1,0,1
mitmengine-master,reference_fingerprints/pcaps/browsers/computer-Windows-8-firefox-22.0,b2f02b1cf3a98654b76f7257cd3b3e576ab625e1230930966f80bf82f59c02bc,1,0,1
mitmengine-master,reference_fingerprints/pcaps/browsers/computer-Windows-8-firefox-23.0,bc47e4e51462246a622344624327f96bfaee9c273b83d916ccb75cb2691fa614,1,0,1
mitmengine-master,reference_fingerprints/pcaps/browsers/computer-Windows-8-firefox-24.0,7f65e3c95d39e24c8737edaad949be90e34543cfc8e963c8bc12efed625b90d3,1,0,1
mitmengine-master,reference_fingerprints/pcaps/browsers/computer-Windows-8-firefox-25.0,ae0d180b6c4259c49047911f04c143d467a73abcee7e53f0451f9933ef9c9148,1,0,1
mitmengine-master,reference_fingerprints/pcaps/browsers/computer-Windows-8-firefox-26.0,886bb8c02b23391606de7a157ff6b494f44d16056b49fa6923f249794e98a7aa,1,0,1
mitmengine-master,reference_fingerprints/pcaps/browsers/computer-Windows-8-firefox-27.0,0893e5cb9af2ae2496dac99e85fd963a13ccb05766ba489a82bf43b0124ef92a,1,0,1
mitmengine-master,reference_fingerprints/pcaps/browsers/computer-Windows-8-firefox-28.0,588f76c7ed9c781ee81ed72866fe349408e2d656abad8738b22f8d58630bf1f5,1,0,1
mitmengine-master,reference_fingerprints/pcaps/browsers/computer-Windows-8-firefox-29.0,30bb709dbdef43298647fdf5db083fcf91b7226bc7b266fd3bca5e57801d8ab6,1,0,1
mitmengine-master,reference_fingerprints/pcaps/browsers/computer-Windows-8-firefox-30.0,6719ec8a255e027212201f0c6e95351ed9602a626e782db2aece4cf54cc108ff,1,0,1
mitmengine-master,reference_fingerprints/pcaps/browsers/computer-Windows-8-firefox-31.0,dd62e345148788485aa257bc40ba41f4c1e588c6ab4cebf0fd85d773e2c78271,1,0,1
mitmengine-master,reference_fingerprints/pcaps/browsers/computer-Windows-8-firefox-32.0,343382dc0e46b00c7ec2e9825ad857c0208adbea200330f1b27c9df43f365f17,1,0,1
mitmengine-master,reference_fingerprints/pcaps/browsers/computer-Windows-8-firefox-33.0,be80bab586d0e475c5ac14e0c2731a748d43bef78198129bde21058a878a6341,1,0,1
mitmengine-master,reference_fingerprints/pcaps/browsers/computer-Windows-8-firefox-34.0,a60881e027afb5c98809391881e800219abc2d568b461163e3912fc44aba8cc7,1,0,1
mitmengine-master,reference_fingerprints/pcaps/browsers/computer-Windows-8-firefox-35.0,9d96143529256c5d33cab1fa1c437daf9babaa50942e21cb885a0b9a97f722e9,1,0,1
mitmengine-master,reference_fingerprints/pcaps/browsers/computer-Windows-8-firefox-36.0,87660790ec9265a4d04064d5f1158590a37ec969c5a5c211a2d9f7e420d81398,1,0,1
mitmengine-master,reference_fingerprints/pcaps/browsers/computer-Windows-8-firefox-37.0,fb9e90493a0c7fc44a89eddaf142d4f8ff89b1aa9c1cf36270adae08cc270835,1,0,1
mitmengine-master,reference_fingerprints/pcaps/browsers/computer-Windows-8-firefox-38.0,87db5453564e4a85671574bec92fbcc5a98b4e561922da969fda7cba9df279d0,1,0,1
mitmengine-master,reference_fingerprints/pcaps/browsers/computer-Windows-8-firefox-39.0,9d1c0dd359bf9b7cd29ae14181cc54bcfc2a03052d759d02a5b940ee7a5bfd9b,1,0,1
mitmengine-master,reference_fingerprints/pcaps/browsers/computer-Windows-8-firefox-40.0,7c9b443174510b551e4385113f007ac9b2cade1782a207e55180ed67dd838416,1,0,1
mitmengine-master,reference_fingerprints/pcaps/browsers/computer-Windows-8-firefox-41.0,989c59b560f075aa68d40020b940a0709ad29a5c5a239863a7668560c170e353,1,0,1
mitmengine-master,reference_fingerprints/pcaps/browsers/computer-Windows-8-firefox-42.0,2c33ac8c5ee64cf4afca9a90c6f785233bb89a59b8ec173d555b183dba193736,1,0,1
mitmengine-master,reference_fingerprints/pcaps/browsers/computer-Windows-8-firefox-43.0,a86d6f975feeaa701a38b0cd7bbdbe25a96c06360df030a751953248b6204cd6,1,0,1
mitmengine-master,reference_fingerprints/pcaps/browsers/computer-Windows-8-ie-10.0,195ae5cd06da2b090df20627f6bc97751d6aa04787ea839f8404bf3c65d90cb1,1,0,1
mitmengine-master,reference_fingerprints/pcaps/browsers/computer-Windows-8-opera-12.15,3e0712e1ffa5bafa8b9c6604679fd3531351d04e4c6204e78cbce6070adbcdc9,1,0,1
mitmengine-master,reference_fingerprints/pcaps/browsers/computer-Windows-8-opera-12.16,4f5b073c58a22a225f02b26d46ce5f7786789bdc89dae2bcc5078384093af7a2,1,0,1
mitmengine-master,reference_fingerprints/pcaps/browsers/computer-Windows-8-opera-15,d302f59fdfea2fd5a0515f39d6d176794bf9d2f005e683c0e651df5393ab24c7,1,0,1
mitmengine-master,reference_fingerprints/pcaps/browsers/computer-Windows-8-opera-16,3a204978e4de6180afd9ba639fe6d444aea0148da4a878252ffb3af730756802,1,0,1
mitmengine-master,reference_fingerprints/pcaps/browsers/computer-Windows-8-opera-17,0bb6ba89dd47d2d87c099ce110e1567d63310d544739d70f6b6030db7cbf4053,1,0,1
mitmengine-master,reference_fingerprints/pcaps/browsers/computer-Windows-8-opera-18,66b696b2e18fcda184e1d07d2a6e4449c242718b56712838d50f3a0d85596d25,1,0,1
mitmengine-master,reference_fingerprints/pcaps/browsers/computer-Windows-8-opera-19,3fd8c93253e0d087155d3ada8cd91efc67de6e03717e6c432772182cda443a63,1,0,1
mitmengine-master,reference_fingerprints/pcaps/browsers/computer-Windows-8-opera-20,5b55ea525aded97ac9ccd87d25097a578d39be093fe141813443e09e34f1a35c,1,0,1
mitmengine-master,reference_fingerprints/pcaps/browsers/computer-Windows-8-opera-21,1a8394a75ef64d5e12eb22df4922ba8c7739599893a2c54bfff67cfe0bd8d16d,1,0,1
mitmengine-master,reference_fingerprints/pcaps/browsers/computer-Windows-8-opera-22,56a4935b26ce1b558c6e7543162dc57c498b969e671d778053857acdd436db3e,1,0,1
mitmengine-master,reference_fingerprints/pcaps/browsers/computer-Windows-8-opera-23,83bbb3f7ccac8ce0f8862e36f0cc46c8c94156fe7d6f194349f335cc601b9f2c,1,0,1
mitmengine-master,reference_fingerprints/pcaps/browsers/computer-Windows-8-opera-24,ae899ad75bc85b8135d748f36b025614f0de2db1d2ae9def2f4eca2e0f15464d,1,0,1
mitmengine-master,reference_fingerprints/pcaps/browsers/computer-Windows-8-opera-25,cdc0370c0b24452dc74e5d1993827e271a9cf41d8e5d9ffa58d377a2f9b86bec,1,0,1
mitmengine-master,reference_fingerprints/pcaps/browsers/computer-Windows-8-opera-26,a3f6213e43fc3ea8fd3661c3f5f64250a3f836efd97554864aa36814cd5a8805,1,0,1
mitmengine-master,reference_fingerprints/pcaps/browsers/computer-Windows-8-opera-27,5c51598bb0c5e256d323bca7940db215ca701dc430e4d9c2550a4506f915126b,1,0,1
mitmengine-master,reference_fingerprints/pcaps/browsers/computer-Windows-8-opera-28,8dff9df534813748b2b52ccda8710ea12138c046af4a5eb09b31eccc6b0f3bf4,1,0,1
mitmengine-master,reference_fingerprints/pcaps/browsers/computer-Windows-8-opera-29,c0c64ebd9ec40385a1badf57403b95b3cc5531ee3e9d1c9be64d3a7bf4ca9b15,1,0,1
mitmengine-master,reference_fingerprints/pcaps/browsers/computer-Windows-8-opera-30,94f15814a344050a98ec852a415ee21f556df5ca58c038f34f5de459cd7a4aa8,1,0,1
mitmengine-master,reference_fingerprints/pcaps/browsers/computer-Windows-8-opera-31,308fe407342423cee581b004fb2df5a4d10993759c9effae9fbd31c8000627bb,1,0,1
mitmengine-master,reference_fingerprints/pcaps/browsers/computer-Windows-8-opera-32,cf65b88d645673e4f9da55b545d4d090b6eaff13284f7cd5cfdefa364ee0b526,1,0,1
mitmengine-master,reference_fingerprints/pcaps/browsers/computer-Windows-8-opera-33,b560d4b19d3ddd94253a3b7705140d3893c8ef334457fbb79dbbc2b26418aa19,1,0,1
mitmengine-master,reference_fingerprints/pcaps/browsers/computer-Windows-8-opera-34,3421062dcbe33314410bbe5ef85af21dc3cc863c9014d704964d5c332a36bd0d,1,0,1
mitmengine-master,reference_fingerprints/pcaps/browsers/computer-Windows-8-opera-35,04cd114183521bc6f9458a3d94a2d4e9e2c5a9f9e6e657c2b41d1f48a768f53b,1,0,1
mitmengine-master,reference_fingerprints/pcaps/browsers/computer-Windows-8.1-chrome-22.0,ac08398cc96dc88b1f60b00726d3678bf9f054b9e532943a62f16594b4d219b7,1,0,1
mitmengine-master,reference_fingerprints/pcaps/browsers/computer-Windows-8.1-chrome-23.0,f43cc669a0637569792838470cef710d51daf9ef3d84d994c4fd816ece657224,1,0,1
mitmengine-master,reference_fingerprints/pcaps/browsers/computer-Windows-8.1-chrome-24.0,7365a0d220ec923d53996cbc8caf4877d3a02aafae014b6f1fc4281a31971307,1,0,1
mitmengine-master,reference_fingerprints/pcaps/browsers/computer-Windows-8.1-chrome-25.0,331477c8ff791c7395094f700cd0a119b95ff8e8e8de4a47dd37cb7b856eecbd,1,0,1
mitmengine-master,reference_fingerprints/pcaps/browsers/computer-Windows-8.1-chrome-26.0,b9eb07d992e02cae0eeeb08f0d9e1049de7d87eeb0a4db6d9bd8acbb6e31232f,1,0,1
mitmengine-master,reference_fingerprints/pcaps/browsers/computer-Windows-8.1-chrome-27.0,d6d710c79ae35f30aa999b4e02fe8d1317a3da545a1b2f40a9661b216c9d89d4,1,0,1
mitmengine-master,reference_fingerprints/pcaps/browsers/computer-Windows-8.1-chrome-28.0,bec29626e65f910f330e6947e73f87328a027c51368d6f302197456dd00d29a8,1,0,1
mitmengine-master,reference_fingerprints/pcaps/browsers/computer-Windows-8.1-chrome-29.0,345167fe77c65507616c9bb815a4d54b429b17a4e4c4582a041d193075d0de14,1,0,1
mitmengine-master,reference_fingerprints/pcaps/browsers/computer-Windows-8.1-chrome-30.0,f5fbc67b742d46eccdc0238768cc893a0729a7537e185c0bb0d2f2e247ccb301,1,0,1
mitmengine-master,reference_fingerprints/pcaps/browsers/computer-Windows-8.1-chrome-31.0,de631580a214d08c8936b3ac5034db9f06781150bd1909dc1ee8a24b0dd23c84,1,0,1
mitmengine-master,reference_fingerprints/pcaps/browsers/computer-Windows-8.1-chrome-32.0,e0b1916f21eb659bba5d67b2a94027f0ac96483b8c68d676556de324af45c874,1,0,1
mitmengine-master,reference_fingerprints/pcaps/browsers/computer-Windows-8.1-chrome-33.0,dab90ff2dbfc9918a5db36a3a2efa5a7c83af587b406cef9147feaafe4db3c01,1,0,1
mitmengine-master,reference_fingerprints/pcaps/browsers/computer-Windows-8.1-chrome-34.0,32755aa319f66de5519f06ef7271a1c9c7ecdb24abaf026cb0ca4086c757fdeb,1,0,1
mitmengine-master,reference_fingerprints/pcaps/browsers/computer-Windows-8.1-chrome-35.0,fa3b895630a5a090773122c1cb26b246e09261bc384340c7d03b7fb3aba3e0ed,1,0,1
mitmengine-master,reference_fingerprints/pcaps/browsers/computer-Windows-8.1-chrome-36.0,183c952af9ff36fb97c3806cf3d0e76c507518e67d02f58473e562d7661240a7,1,0,1
mitmengine-master,reference_fingerprints/pcaps/browsers/computer-Windows-8.1-chrome-37.0,6a3e4b66c5711746e3b82858d196754c9b88a3e72880154611c3c5b0752b5132,1,0,1
mitmengine-master,reference_fingerprints/pcaps/browsers/computer-Windows-8.1-chrome-38.0,d2627b51eb3fdcb366bc18e3d2dca0e98fe511efa8103f840d1dc03558d3877f,1,0,1
mitmengine-master,reference_fingerprints/pcaps/browsers/computer-Windows-8.1-chrome-39.0,3f1b504aa264460c9a888ac232b4a56d1e3edab3701ae1ad7b5e393bfe4dd98e,1,0,1
mitmengine-master,reference_fingerprints/pcaps/browsers/computer-Windows-8.1-chrome-40.0,06a8359c65beed8b3c1891b99147f385d581a9db7c29ff64155b19cd7a5c0955,1,0,1
mitmengine-master,reference_fingerprints/pcaps/browsers/computer-Windows-8.1-chrome-41.0,f804ff8f0cd52010ef7517e8dcc0bfe66f9d26d4909b3bc53fff8f2d1639ccdb,1,0,1
mitmengine-master,reference_fingerprints/pcaps/browsers/computer-Windows-8.1-chrome-42.0,bad011d6095641aca4ddcc0295a01475c5c2b0271a9f4aed5c3159f55e8eda76,1,0,1
mitmengine-master,reference_fingerprints/pcaps/browsers/computer-Windows-8.1-chrome-43.0,12629250c2e925b374184c037dfbf1bbd46d82f16732d9dc0c59adbfbf517a23,1,0,1
mitmengine-master,reference_fingerprints/pcaps/browsers/computer-Windows-8.1-chrome-44.0,c0fbea359790cefe3c6ab7446fde04c4b2e90b3b1a100cd4a4b4c464d535f70d,1,0,1
mitmengine-master,reference_fingerprints/pcaps/browsers/computer-Windows-8.1-chrome-45.0,7e62f21e8a416c858f5340cbe1e3c999928ccf87ff70e85ae2717e91d69084c5,1,0,1
mitmengine-master,reference_fingerprints/pcaps/browsers/computer-Windows-8.1-chrome-46.0,90cb4d2ac1cf4fb8424c1eb29313afd363ed9156b8065cc811f924b6aeb6a8ce,1,0,1
mitmengine-master,reference_fingerprints/pcaps/browsers/computer-Windows-8.1-chrome-47.0,83d45c8ec3e46d0c0798d42fd1aa81e65a38d52873bbd1838b3254e29ee092f6,1,0,1
mitmengine-master,reference_fingerprints/pcaps/browsers/computer-Windows-8.1-firefox-16.0,e81e2da583073c0e459aa0f35a62d53f322aef6dac3ea85aced13c8e50cfb186,1,0,1
mitmengine-master,reference_fingerprints/pcaps/browsers/computer-Windows-8.1-firefox-17.0,414cdf5ff5d278b27d005e56ff8a16815a02c39d41acd54e9f4cc67205b68203,1,0,1
mitmengine-master,reference_fingerprints/pcaps/browsers/computer-Windows-8.1-firefox-18.0,7e2e6964c446fd000947caa20ae88cb782c909dc44c457ac4afe407aa6cd793a,1,0,1
mitmengine-master,reference_fingerprints/pcaps/browsers/computer-Windows-8.1-firefox-19.0,6f9ab4d0df5b4f9c1db7faf0eec0de08a608f9a54210804646f9ad06a93e5f49,1,0,1
mitmengine-master,reference_fingerprints/pcaps/browsers/computer-Windows-8.1-firefox-20.0,5d0aecc5966280cc842fafda3cbccfc2424e180bf8e1bf6893ef46ab38f84b09,1,0,1
mitmengine-master,reference_fingerprints/pcaps/browsers/computer-Windows-8.1-firefox-21.0,08234fedb925a82cad58cb4e5f00be9b9e42996839a976f31e2fdfab4219c0d3,1,0,1
mitmengine-master,reference_fingerprints/pcaps/browsers/computer-Windows-8.1-firefox-22.0,79d550d0db26a0193019b32ac5499d8641078b72a714bb2cd2d400eff337c0db,1,0,1
mitmengine-master,reference_fingerprints/pcaps/browsers/computer-Windows-8.1-firefox-23.0,3120199920580869eadebdce80db53a1d330cb39639a41e9a2ffe7b67cdf60f6,1,0,1
mitmengine-master,reference_fingerprints/pcaps/browsers/computer-Windows-8.1-firefox-24.0,feb2ed8e885a439c56ba0e34337d1e157f9f8697a944786a585851d4c1839aa9,1,0,1
mitmengine-master,reference_fingerprints/pcaps/browsers/computer-Windows-8.1-firefox-25.0,da20c8cfc7aefc8cd3152e566f44244a7abcff45c4c0e8bd65cfbbcafd3d07e7,1,0,1
mitmengine-master,reference_fingerprints/pcaps/browsers/computer-Windows-8.1-firefox-26.0,8f06f791917e254b57a6f048d501e7aa34a4df1f3ded252b27349ff5b24f6341,1,0,1
mitmengine-master,reference_fingerprints/pcaps/browsers/computer-Windows-8.1-firefox-27.0,9074e9ff31c47c3197ad5c66ca0f00a2179b639f4c1967e906ea1be19605e2ed,1,0,1
mitmengine-master,reference_fingerprints/pcaps/browsers/computer-Windows-8.1-firefox-28.0,c091b41fd26f241141ee90737e27a21bfe451f5e848bb5dbfc3318559022e691,1,0,1
mitmengine-master,reference_fingerprints/pcaps/browsers/computer-Windows-8.1-firefox-29.0,3c7a8de5794ccb55a0d71f355aeb1849f99186c2aad64eb0b673cb2298745ad5,1,0,1
mitmengine-master,reference_fingerprints/pcaps/browsers/computer-Windows-8.1-firefox-30.0,7913341344538e40e55c397164180ead7be86f60708e8631773255297ea2f645,1,0,1
mitmengine-master,reference_fingerprints/pcaps/browsers/computer-Windows-8.1-firefox-31.0,e72f308c81b2bd1487d1048646e40384b79188b490580e7fe82f37ac64a8e7f5,1,0,1
mitmengine-master,reference_fingerprints/pcaps/browsers/computer-Windows-8.1-firefox-32.0,21e7f0e34d303bb9b69aa6cb1fad886ba2d2aa993e37891bb0d2a6bdc2e6ed6d,1,0,1
mitmengine-master,reference_fingerprints/pcaps/browsers/computer-Windows-8.1-firefox-33.0,d0586f61d6ec56e46630ba1297956f1d3fac7266244a5d4555ba42973359bfaa,1,0,1
mitmengine-master,reference_fingerprints/pcaps/browsers/computer-Windows-8.1-firefox-34.0,12225fffbb8f3b897317008838cc5b6b7b7061e78baff8e09d70e85177b314c8,1,0,1
mitmengine-master,reference_fingerprints/pcaps/browsers/computer-Windows-8.1-firefox-35.0,ad044bfe1a967f787a6d50f2380e09e59507d8d66ce1a69a71ec42aafd382f59,1,0,1
mitmengine-master,reference_fingerprints/pcaps/browsers/computer-Windows-8.1-firefox-36.0,d1de86f7568bf2535e92fc0f9b6cb194d1ea796718f620166bc04d49428a2f24,1,0,1
mitmengine-master,reference_fingerprints/pcaps/browsers/computer-Windows-8.1-firefox-37.0,e030b1fff2da9a4a41da0b21cc75be70b3245be806ba5a42b90dcd6ec3063ee8,1,0,1
mitmengine-master,reference_fingerprints/pcaps/browsers/computer-Windows-8.1-firefox-38.0,fbd5c1e63136f07652dcaacd1daec77b76fcb7f7987fa9f12a157c96ff5b0f29,1,0,1
mitmengine-master,reference_fingerprints/pcaps/browsers/computer-Windows-8.1-firefox-39.0,8a3ebd7421a5e0f801225bcbad6e71b0d90a18bbb53b0f6b93a4eb742163b13c,1,0,1
mitmengine-master,reference_fingerprints/pcaps/browsers/computer-Windows-8.1-firefox-40.0,b569cda4d7e1f87c6e6e0df57593f4d40679616dd110497e0dac8d033f580726,1,0,1
mitmengine-master,reference_fingerprints/pcaps/browsers/computer-Windows-8.1-firefox-41.0,235939176b7d09368a0d2a0f16eb801f758827de902cf1b8de3f081b621b6014,1,0,1
mitmengine-master,reference_fingerprints/pcaps/browsers/computer-Windows-8.1-firefox-42.0,4c29a85cfe31eeaa8bce2e2885b17ea10af05d745b710340639d0812c0da9a7c,1,0,1
mitmengine-master,reference_fingerprints/pcaps/browsers/computer-Windows-8.1-firefox-43.0,d803d7c250ff4aa4e9117f105ba4a8f17ccb73a05ec137e5eba479e03e993a3b,1,0,1
mitmengine-master,reference_fingerprints/pcaps/browsers/computer-Windows-8.1-ie-11.0,56d9331e2876f80198a240927e96119102437d74b555d2874e204a665fdeb30e,1,0,1
mitmengine-master,reference_fingerprints/pcaps/browsers/computer-Windows-8.1-opera-12.15,2fb88e3fc3f74c465818fc1db680ed8ea958298a5c546954ec7512eee56dca9d,1,0,1
mitmengine-master,reference_fingerprints/pcaps/browsers/computer-Windows-8.1-opera-12.16,e7f85197b99ab9dd12b0da84f287007d17a0ee4763e1b47fe8addbf6563d497c,1,0,1
mitmengine-master,reference_fingerprints/pcaps/browsers/computer-Windows-XP-chrome-14.0,e6a4bca3de607e76b730f59c8e04915466e839c32b08b254972bfe02b6315244,1,0,1
mitmengine-master,reference_fingerprints/pcaps/browsers/computer-Windows-XP-chrome-15.0,fecb80acc6656c8bab1a001045d0072782d19126d27903f43418a21e80b301f3,1,0,1
mitmengine-master,reference_fingerprints/pcaps/browsers/computer-Windows-XP-chrome-16.0,f0e46bb42bfe3233669315dc22ce1297cf8a304ffa0e9c012840f274f3a9be11,1,0,1
mitmengine-master,reference_fingerprints/pcaps/browsers/computer-Windows-XP-chrome-17.0,2a94f9519881bcbcdfa9d2f15fecc66cec84cdc5d9e23f275ed47f882cbc1ca8,1,0,1
mitmengine-master,reference_fingerprints/pcaps/browsers/computer-Windows-XP-chrome-18.0,45bea53756f77cd05be34490e33d34d67e92adb42c656c9db9f9a8ce5fad5686,1,0,1
mitmengine-master,reference_fingerprints/pcaps/browsers/computer-Windows-XP-chrome-19.0,05dabc6fbc1259ab569c5172254fbfc394d2ac383954632e4df3aa530dccf2fd,1,0,1
mitmengine-master,reference_fingerprints/pcaps/browsers/computer-Windows-XP-chrome-20.0,ae369c2b7d62a427b7c561289d84192e1af8a823bc0985dde3403d770c55b326,1,0,1
mitmengine-master,reference_fingerprints/pcaps/browsers/computer-Windows-XP-chrome-21.0,9789c851670893863947219b98b1d8c254c8b161a55a873c8104ecd261016024,1,0,1
mitmengine-master,reference_fingerprints/pcaps/browsers/computer-Windows-XP-chrome-22.0,96b6fe05d04a8a3f3c76cdd52cd8bbdc91cc82ffc23335ad7409dbab1d8eed8f,1,0,1
mitmengine-master,reference_fingerprints/pcaps/browsers/computer-Windows-XP-chrome-23.0,779f7230a3b38b461a14bf4b632994f3884cdd33ed7bf88220cd1d788edc46d2,1,0,1
mitmengine-master,reference_fingerprints/pcaps/browsers/computer-Windows-XP-chrome-24.0,f0c4eee237d81b1c5be4630d460e28c8af2f9c7fde29231a137edddf1fa67fe6,1,0,1
mitmengine-master,reference_fingerprints/pcaps/browsers/computer-Windows-XP-chrome-25.0,8b5706667d918b7f032c387dccbb02c7494c89d0b433940ac593f98e8b7bb666,1,0,1
mitmengine-master,reference_fingerprints/pcaps/browsers/computer-Windows-XP-chrome-26.0,a019875ed622c483e205579f6f034a7ad2ed9ecf0291857270c041674f4bb03f,1,0,1
mitmengine-master,reference_fingerprints/pcaps/browsers/computer-Windows-XP-chrome-27.0,c646243dd8fb33f670c79efd47dd20c402f76ba5bf445e3f9a305e8b6eef963d,1,0,1
mitmengine-master,reference_fingerprints/pcaps/browsers/computer-Windows-XP-chrome-28.0,c8023ded15e14c24f743dde8f5af005d6c59f9fd1184399ebc89186ac69dbf8f,1,0,1
mitmengine-master,reference_fingerprints/pcaps/browsers/computer-Windows-XP-chrome-29.0,c516051794532d07c33652f75c3c712be2a758331f0eb7d88025382f012a71de,1,0,1
mitmengine-master,reference_fingerprints/pcaps/browsers/computer-Windows-XP-chrome-30.0,d7a2934cff1974ec869ea313822044f4394307c786131b4e381fdf1b6c59d624,1,0,1
mitmengine-master,reference_fingerprints/pcaps/browsers/computer-Windows-XP-chrome-31.0,73a077c5015394a129aeda66085b3bbce8c2028b762de5cb23cee7bb50444405,1,0,1
mitmengine-master,reference_fingerprints/pcaps/browsers/computer-Windows-XP-chrome-32.0,a544dbef688721507a20c69d5fc8e2ebc517db54a1ce6de9932e2c79da23cdf3,1,0,1
mitmengine-master,reference_fingerprints/pcaps/browsers/computer-Windows-XP-chrome-33.0,c95540a34614e211b6290d2768f6e27b38ff5d6e4c7a0809a43072cd22a51e0b,1,0,1
mitmengine-master,reference_fingerprints/pcaps/browsers/computer-Windows-XP-chrome-34.0,487958b72d215e77710eba8dd2ba31c777e9dc4f429311aea93419b70fbf8533,1,0,1
mitmengine-master,reference_fingerprints/pcaps/browsers/computer-Windows-XP-chrome-35.0,cee2facbfed4abe1c0f7e821406967df10758d69523e5c501aa2a96583275188,1,0,1
mitmengine-master,reference_fingerprints/pcaps/browsers/computer-Windows-XP-chrome-36.0,196653c24ff08dad255fba0df7f0a8efc9511193a6fa46e8dc3f9203d85b1611,1,0,1
mitmengine-master,reference_fingerprints/pcaps/browsers/computer-Windows-XP-chrome-37.0,6bc72a786505a3a26f284a2a4c773af50e1c6d38f755d61f52d65d58d164aa7f,1,0,1
mitmengine-master,reference_fingerprints/pcaps/browsers/computer-Windows-XP-chrome-38.0,554dcd6b6fc2d151bb154fe7fcdbfda243a1b9cc69cea3e0c8aa45e3310a45be,1,0,1
mitmengine-master,reference_fingerprints/pcaps/browsers/computer-Windows-XP-chrome-39.0,0b5bb99313f9f03814ac13657fd798d2b6382a6c68fe24097c18644b5b66fe69,1,0,1
mitmengine-master,reference_fingerprints/pcaps/browsers/computer-Windows-XP-chrome-40.0,9807172d0a8f90763d53c9be6ea15dac159a04ad8e453a79f303e6674d0976fb,1,0,1
mitmengine-master,reference_fingerprints/pcaps/browsers/computer-Windows-XP-chrome-41.0,371d5851324b43f3c46b8ee99fcb92bbe411c4b1b0202721341e4277095f959f,1,0,1
mitmengine-master,reference_fingerprints/pcaps/browsers/computer-Windows-XP-chrome-42.0,37ade3d01ddcf230fc48195366ffa02c560da6f35dae0709a7dbe76168450fd4,1,0,1
mitmengine-master,reference_fingerprints/pcaps/browsers/computer-Windows-XP-chrome-43.0,7693e71896321848d68a0c02c8ec3275323ebfdb412b2ee1875b44f7e999cc5c,1,0,1
mitmengine-master,reference_fingerprints/pcaps/browsers/computer-Windows-XP-chrome-44.0,3572111250a33bb6a1cd99ec0b2e4b93525399c400ae9ae6eb843b41eb4596b6,1,0,1
mitmengine-master,reference_fingerprints/pcaps/browsers/computer-Windows-XP-chrome-45.0,f99710f7dd67040f7973c1256a8c8e2e47cf3e5db6c83df9440c4ec8b5bfaaa6,1,0,1
mitmengine-master,reference_fingerprints/pcaps/browsers/computer-Windows-XP-chrome-46.0,cf15d95b19f9932813711d72e2298852dd54921c75e3555b15659f47db130c06,1,0,1
mitmengine-master,reference_fingerprints/pcaps/browsers/computer-Windows-XP-chrome-47.0,ed207a8c31e3fc6ba29ffffe042d382f48d80355ade3b1e70e231b8114ac85a9,1,0,1
mitmengine-master,reference_fingerprints/pcaps/browsers/computer-Windows-XP-firefox-10.0,578a388b833899328f13bbfa782e8d1d9687657a4eec2c2ba981a180b489b38c,1,0,1
mitmengine-master,reference_fingerprints/pcaps/browsers/computer-Windows-XP-firefox-11.0,40dcbb5555cbcf8e1e2966c1cfcfdf7248eab42f9748ff9577e19b4eaeebc9ff,1,0,1
mitmengine-master,reference_fingerprints/pcaps/browsers/computer-Windows-XP-firefox-12.0,9354f243d5d67e3432d212feb6c706bf80df00382be27c78bdb5fd93bbf5fd4d,1,0,1
mitmengine-master,reference_fingerprints/pcaps/browsers/computer-Windows-XP-firefox-13.0,565c290e2e78ba08172980ab59216242dd4a3bba9b1c71d41c5f0cfa328c2323,1,0,1
mitmengine-master,reference_fingerprints/pcaps/browsers/computer-Windows-XP-firefox-14.0,11fecf48d80562c76f0732010f8c1672ff0a3dd8950549c31e2ae0046241c037,1,0,1
mitmengine-master,reference_fingerprints/pcaps/browsers/computer-Windows-XP-firefox-15.0,36fe4598a51945d423a19df64fc4f8cfe9c4ba85aefb8886f12fc69f4389d1f8,1,0,1
mitmengine-master,reference_fingerprints/pcaps/browsers/computer-Windows-XP-firefox-16.0,fb8651abc08ddc79f28312a22bf5ec7cba8eb4dfbad709bb2c1d697a49378d24,1,0,1
mitmengine-master,reference_fingerprints/pcaps/browsers/computer-Windows-XP-firefox-17.0,a1647ef719465f911ff82ab987300faf57aea8f249e7335cafe498be22d6e860,1,0,1
mitmengine-master,reference_fingerprints/pcaps/browsers/computer-Windows-XP-firefox-18.0,ff2f6129f157286a40cdf973836cd8f77ae1597af53766dcbfea11735db71a88,1,0,1
mitmengine-master,reference_fingerprints/pcaps/browsers/computer-Windows-XP-firefox-19.0,2839affcf8e879016dbee9df7fcd2b5581d062ef075049d07e5e07abcbb26872,1,0,1
mitmengine-master,reference_fingerprints/pcaps/browsers/computer-Windows-XP-firefox-20.0,65b4ae2243d5041c675f5cab9bbbed57c6520db8ab52af255cc43de61b9f057c,1,0,1
mitmengine-master,reference_fingerprints/pcaps/browsers/computer-Windows-XP-firefox-21.0,df1f05fc4a699483ccd285edddfc00926c05f80a9b253f1a0e2d58af91e94e35,1,0,1
mitmengine-master,reference_fingerprints/pcaps/browsers/computer-Windows-XP-firefox-22.0,30c56988f4b21573a9ad662b555f8b2ecb115b0c7ea825d8a81a98556a3807c5,1,0,1
mitmengine-master,reference_fingerprints/pcaps/browsers/computer-Windows-XP-firefox-23.0,be71c9c08d75199b77d098d9340228207099c88643aa0bb932bdc53a71ab08d1,1,0,1
mitmengine-master,reference_fingerprints/pcaps/browsers/computer-Windows-XP-firefox-24.0,2420e9dae3cceaf9d35f09fd5ef6ee7e6225c2b8a8187d3e60523a522eed9e5e,1,0,1
mitmengine-master,reference_fingerprints/pcaps/browsers/computer-Windows-XP-firefox-25.0,20073a4411735e353b01717a5c38a68c5513acf773513c74a66529008e9dd871,1,0,1
mitmengine-master,reference_fingerprints/pcaps/browsers/computer-Windows-XP-firefox-26.0,af971883f46ca4ad7fd7a6ae11b286bba6547b610633b9fc4f72e0466ceca5db,1,0,1
mitmengine-master,reference_fingerprints/pcaps/browsers/computer-Windows-XP-firefox-27.0,cf887e010f3e8bb2ef8aaa059930f3b98bf8526bd39e711b809b8e659025985f,1,0,1
mitmengine-master,reference_fingerprints/pcaps/browsers/computer-Windows-XP-firefox-28.0,9636f00b508598d446517717c490be873ee98077b77ff2f1e78be7299fcb6d77,1,0,1
mitmengine-master,reference_fingerprints/pcaps/browsers/computer-Windows-XP-firefox-29.0,a29110c88b7fdf73f25404a80962e9943ca112d6f450928e4fee981fe98bcaaf,1,0,1
mitmengine-master,reference_fingerprints/pcaps/browsers/computer-Windows-XP-firefox-3.6,6028156ef8d1150bcc65c1291465ea83fbbe0aba3e37d36a1ab2afe7875820e9,1,0,1
mitmengine-master,reference_fingerprints/pcaps/browsers/computer-Windows-XP-firefox-30.0,945e4c00455590404cc4a221e0db7deb79801227690bc594d1bc58e501e28595,1,0,1
mitmengine-master,reference_fingerprints/pcaps/browsers/computer-Windows-XP-firefox-31.0,d2f9290908b3fa04f41e50013909a674950d8f8a133487f88bb4e2defa3ec6c8,1,0,1
mitmengine-master,reference_fingerprints/pcaps/browsers/computer-Windows-XP-firefox-32.0,8fb9f116d0b2b4cbd3fd6da15311817824be38ccc4fc1b98a873be665442a4f6,1,0,1
mitmengine-master,reference_fingerprints/pcaps/browsers/computer-Windows-XP-firefox-33.0,3d9d17729d8d41200e0f86997154c43e6a73e6be2a2af3dd0e338eccf2b4e6b9,1,0,1
mitmengine-master,reference_fingerprints/pcaps/browsers/computer-Windows-XP-firefox-34.0,4ab679884f2f420c3dccac09e6dce2a05a8d27f2294b477ee9472262815f41ce,1,0,1
mitmengine-master,reference_fingerprints/pcaps/browsers/computer-Windows-XP-firefox-35.0,a1ef0f0dbff935e1802f1901f67f187a0cc9044a837c3806fd6753559eddacf1,1,0,1
mitmengine-master,reference_fingerprints/pcaps/browsers/computer-Windows-XP-firefox-36.0,ab0e79e6ae1806ecf9111e697533a45ec49367a882f76387ce36cdd817844817,1,0,1
mitmengine-master,reference_fingerprints/pcaps/browsers/computer-Windows-XP-firefox-37.0,b74bb386860d462705578c99861a9c1d48a30fbdd07d0158c9b31da13b89c6ec,1,0,1
mitmengine-master,reference_fingerprints/pcaps/browsers/computer-Windows-XP-firefox-38.0,cbbeeea35a875da63e1acfadb41b903642b21dd66ab1be926dc5560704b15494,1,0,1
mitmengine-master,reference_fingerprints/pcaps/browsers/computer-Windows-XP-firefox-4.0,335b239842b92ae21d0c18ab3d1a58c2d8779f0d9dfef1827656161634a895e7,1,0,1
mitmengine-master,reference_fingerprints/pcaps/browsers/computer-Windows-XP-firefox-40.0,3016c106a50c5336f8c0f966785e20dc2ab50e3ad5b4e29ed9842bad0bd5dc04,1,0,1
mitmengine-master,reference_fingerprints/pcaps/browsers/computer-Windows-XP-firefox-41.0,47e2bc7fda7ca81bdb357c23d9998300e498e2669bd7e8adeecbecdbd3668699,1,0,1
mitmengine-master,reference_fingerprints/pcaps/browsers/computer-Windows-XP-firefox-42.0,1dbccc4d2103ca280012fe80f897154c5eb43afe44f1fef4e288dadf16367558,1,0,1
mitmengine-master,reference_fingerprints/pcaps/browsers/computer-Windows-XP-firefox-43.0,f30aed51013fb1962121652b794eb366554a327478856f9c27fcf8e809f1dc05,1,0,1
mitmengine-master,reference_fingerprints/pcaps/browsers/computer-Windows-XP-firefox-5.0,efb49cd5208267219eba65dcc5ef625397f1306268470ca0ff9891a6e14afdad,1,0,1
mitmengine-master,reference_fingerprints/pcaps/browsers/computer-Windows-XP-firefox-6.0,b9327fdb8e7bf4e1c7745bbb62e45a9f3f86400262d79474d6d2eff02d3200ae,1,0,1
mitmengine-master,reference_fingerprints/pcaps/browsers/computer-Windows-XP-firefox-7.0,d0564f9b7f51e83febef4f232524d2ae02cbf472deb4263646a0d5c9948c5eda,1,0,1
mitmengine-master,reference_fingerprints/pcaps/browsers/computer-Windows-XP-firefox-8.0,a7bcbbc385d05c633ff9b7f4a9e5da678040ef9cfa07828756f3a5f577cdbeaf,1,0,1
mitmengine-master,reference_fingerprints/pcaps/browsers/computer-Windows-XP-firefox-9.0,6a98ab390c77cca77219f3c398e3e17f1ba294aacfa252127f30cb03c187a431,1,0,1
mitmengine-master,reference_fingerprints/pcaps/browsers/computer-Windows-XP-ie-6.0,205861ea3e4548906421b377dcfdc10ffed6aec87aadf0986692ae877c692eac,1,0,1
mitmengine-master,reference_fingerprints/pcaps/browsers/computer-Windows-XP-ie-7.0,26954f01d7d3b4adb27db02ac4c77c94857d1a9f8e0f2487c5ec90a9e8264341,1,0,1
mitmengine-master,reference_fingerprints/pcaps/browsers/computer-Windows-XP-opera-12.15,5dad9bfe3dfe04523abea1a6998c5b1e65aff4524646819fd1a170634f0545d6,1,0,1
mitmengine-master,reference_fingerprints/pcaps/browsers/computer-Windows-XP-opera-12.16,c30202287648787db86e8d8dd43ed9449dcdca60944ca66134951f0829a70d8d,1,0,1
mitmengine-master,reference_fingerprints/pcaps/browsers/iPad_3rd-ios-5.1-ipad-unk,d76f9a5d7b5e5a765708a85a17716654d0fbfd9aa2b749127ae8a9f4b252173d,1,0,1
mitmengine-master,reference_fingerprints/pcaps/browsers/iPad_4th-ios-7.0-ipad-unk,bf03fcc2b06e570dfeabe962da42b09af7bde760a221753f792562fa2a518a7b,1,0,1
mitmengine-master,reference_fingerprints/pcaps/browsers/iPad_Air-ios-8.3-ipad-unk,4994c698c35fbade2a757f75a046425335d0049f424cd5d10ba2ec0ced8e1100,1,0,1
mitmengine-master,reference_fingerprints/pcaps/browsers/iPad_Air_2-ios-9.1-ipad-unk,e18e542918ff882aa0b8504e0513cbaf32997aff102fd959006d55a335dacb91,1,0,1
mitmengine-master,reference_fingerprints/pcaps/browsers/iPad_Mini-ios-7.0-ipad-unk,530d93507e839e841660d3b5ee0614828ffb6eb6eb7055fd98cc6b22b4cd380a,1,0,1
mitmengine-master,reference_fingerprints/pcaps/browsers/iPad_Mini_2-ios-8.3-ipad-unk,c85a49b6f6bb2c1c091e7e03823f7a65ac74ebb0732426ca89cfeaf10f73172a,1,0,1
mitmengine-master,reference_fingerprints/pcaps/browsers/iPad_Mini_4-ios-9.1-ipad-unk,0461249aa87e9d40323551d6b6fe8d832ba829be87fabde6386b0407904fd563,1,0,1
mitmengine-master,reference_fingerprints/pcaps/browsers/iPad_Pro-ios-9.1-ipad-unk,36281940e92c2301a781ca5fd249de76d4b951f739bdfb360eb3b05391a59a68,1,0,1
mitmengine-master,reference_fingerprints/pcaps/browsers/iPhone_4S-ios-5.1-iphone-unk,d48b6e3c5facf4b916ae54f80a0b421ac1dcac94d9a1d77b90522c62e78b4b6d,1,0,1
mitmengine-master,reference_fingerprints/pcaps/browsers/iPhone_5-ios-6.0-iphone-unk,9987022ca16020228f73f56eb4cb51fca6f1d0062c44c246a0a61819c968aff3,1,0,1
mitmengine-master,reference_fingerprints/pcaps/browsers/iPhone_5S-ios-7.0-iphone-unk,0e660aa7e968aadb92c55644a18c5ef592001ca148e090b983cfc8f19c40038f,1,0,1
mitmengine-master,reference_fingerprints/pcaps/browsers/iPhone_6-ios-8.3-iphone-unk,775200b707f0faf18b991d954a45f600c331968232984731ac199a921e863ba7,1,0,1
mitmengine-master,reference_fingerprints/pcaps/browsers/iPhone_6S-ios-9.1-iphone-unk,e5e71787e0cf8e8d1de7dcfd1ce38f5b6c99e980dbd68f64c8c9280fa7cc268a,1,0,1
mitmengine-master,reference_fingerprints/pcaps/browsers/iPhone_6S_Plus-ios-9.1-iphone-unk,fcf3c9ba93f16ca649527b439639ece5ba467ddc057ec0928c1c2518d6da93df,1,0,1
mitmengine-master,reference_fingerprints/pcaps/browsers/iPhone_6_Plus-ios-8.3-iphone-unk,e0423a712980400bf9df482340b8b2cd71e64986a855f1d877ffcc88e1701c8e,1,0,1
mitmengine-master,reference_fingerprints/pcaps/gnutls/gnutls-2.12.23,4913847066027b112183e9a919907a09bf252048a0668e7ecf2c97a049d1f927,1,0,1
mitmengine-master,reference_fingerprints/pcaps/gnutls/gnutls-3.4.9,38b3cef4ab1eafb1f67a7bdbc3154547b38d05ff6bb21badba6563bc4f00d939,2,0,2
mitmengine-master,reference_fingerprints/pcaps/middleboxes/Sophos-Win-7-Chrome-47.0.256.111m,7c517c53e62fe5c4118ffc0a51b0d4372583beffb50e78a5afdcc3069475b5bb,1,0,1
mitmengine-master,reference_fingerprints/pcaps/middleboxes/Sophos-Win-7-Firefox-43.0.4,2f4bbc834e35ceb6f9338925b7840cc6db208b39c49ed41ec0f6fdfdbd7dad32,1,0,1
mitmengine-master,reference_fingerprints/pcaps/middleboxes/Sophos-Win-7-IE-11,b6fe3876ffa85f5c907c5511f94f224f78af5647bb5393d3722294f98f6f52bf,1,0,1
mitmengine-master,reference_fingerprints/pcaps/middleboxes/SophosTagged-Win-7-IE-11,4cdf0e0ecc5c58d71fd38031919dfb49f02ebdd7f1f2bb39834e5af25cfa7a35,1,0,1
mitmengine-master,reference_fingerprints/pcaps/middleboxes/SophosTagged2-Win-7-IE-11,fc266c0bf9b0e5a3555daa113b59fd466ff8f3414eadcd9493239c717cdc0b8e,1,0,1
mitmengine-master,reference_fingerprints/pcaps/middleboxes/barracuda/barracuda-chrome48,b28a1e9528307ce220b08d64a8c6999ab4945c5be856e345ff38737e9e314ca4,3,0,3
mitmengine-master,reference_fingerprints/pcaps/middleboxes/barracuda/barracuda-ie11,3f55cf1ba2e22d49fc8d0279c4e9f24157a467bdbaec46f3e90f9773914c52f3,2,0,2
mitmengine-master,reference_fingerprints/pcaps/middleboxes/cisco-wsa/ciscoWSA-chrome48,7239cd0c2c0e1c05b82eb85457a29384c2a1b4e38fec31b490a8d11b9165b5b2,3,0,3
mitmengine-master,reference_fingerprints/pcaps/middleboxes/cisco-wsa/ciscoWSA-ie11,16885b2e51f744e5a73914d3a115f2c52953d2f08a1fb4e71fb8977ff07ffad2,3,0,3
mitmengine-master,reference_fingerprints/pcaps/middleboxes/force-point/forcepoint-chrome48,d8181e602958d6f6512d7ffb9e55e7797025299476c2f3e3f85dcabcf824c865,3,0,3
mitmengine-master,reference_fingerprints/pcaps/middleboxes/force-point/forcepoint-ie11,56a8da351a5c06af9771494d0dca1b127ea8f08d8fb33f766d71ce6a3dd04bae,3,0,3
mitmengine-master,reference_fingerprints/pcaps/middleboxes/force-point/round1/forcepoint-chrome48,35e4a3f54b4c43a4d2d698ba86984c9fc74cbda7217f8abd533bca357c34331f,3,0,3
mitmengine-master,reference_fingerprints/pcaps/middleboxes/force-point/round1/forcepoint-ie11,523831489a75ff913c03186541f247790212a00c5eb636fa332ee7afeedca2c5,3,0,3
mitmengine-master,reference_fingerprints/pcaps/middleboxes/fortigate,477fe240307c5d16f608f6e5613f4e30dc49d02edf91f618c8ab1cff29c1db03,1,0,1
mitmengine-master,reference_fingerprints/pcaps/middleboxes/fortigate-ie,b908f56c6c55b10558c8ff81c96b70eca26ce11d8886709daf8bf7ebd52b7884,1,0,1
mitmengine-master,reference_fingerprints/pcaps/middleboxes/fortinet-chrome-mac,060750fb2a942aaae69e01fc0d8c92f3b19d7dbab94298d3f11be715cdae58ef,1,0,1
mitmengine-master,reference_fingerprints/pcaps/middleboxes/juniper-vsrx/juniper-vsrx-chrome49,0e6545658e6fca5247dfc663531c7517c68b342d7b7207d5fa4adafcb4240fbc,3,0,3
mitmengine-master,reference_fingerprints/pcaps/middleboxes/juniper-vsrx/juniper-vsrx-ie11,244f2d3f4c5a4149faf02c0b84b125bcccb6c3b976ec6641338ff496bbd0c0bf,3,0,3
mitmengine-master,reference_fingerprints/pcaps/middleboxes/juniper-vsrx-medium,bfb609a38e3a6d4be2978e5828ca16afbe79ecc749b98392c5126fa61abd6c24,1,0,1
mitmengine-master,reference_fingerprints/pcaps/middleboxes/juniper-vsrx-strong,4a76f227eda1bcc609069bafd8eb1d6c2aaab837638c41bb8cf30b532d6a8fff,1,0,1
mitmengine-master,reference_fingerprints/pcaps/middleboxes/juniper-vsrx-weak,c2e27cc2fb2483a828b36835cffeb7e53a49671aa41849fa069d7f00f71173da,1,0,1
mitmengine-master,reference_fingerprints/pcaps/middleboxes/ms-threat_management_gateway/tmg-chrome48,e4bfde6920bdb8298a71ce1158711aab1c6133db7156613110934fe550478a77,3,0,3
mitmengine-master,reference_fingerprints/pcaps/middleboxes/ms-threat_management_gateway/tmg-ie11,c6f8a538faff46d52732265f3ea2d4949a4523dde06a282f499bc3262473a0a9,3,0,3
mitmengine-master,reference_fingerprints/pcaps/middleboxes/windows-7-untangle-12.0.0-chrome-50,dc3537da6d27d258e2a96613da93ab5ebb542c5bdbd5066fe3090c36bfd5d21a,1,0,1
mitmengine-master,reference_fingerprints/pcaps/middleboxes/windows-7-untangle-12.0.0-firefox-45,b77e3812a81bcd972948c1d5159cf069e799c21af24661b21615366ae330e9ff,1,0,1
mitmengine-master,reference_fingerprints/pcaps/middleboxes/windows-7-untangle-12.0.0-ie-8,85ae55b45dcb9cf8a60e832ac4e72005fd8d4fcbfb2aba689038f40d9f326360,1,0,1
mitmengine-master,reference_fingerprints/pcaps/middleboxes/windows-7-untangle-chrome-48,f83cf978e675ba3b7ce6ba44201430af9a7fc64c7fa82a41140cae23155373ee,1,0,1
mitmengine-master,reference_fingerprints/pcaps/middleboxes/windows-7-untangle-firefox-44,6a2d24025b8ed62a448efaba7419ba5306c4e9c489cf416e8ece5b4dbe1589b6,1,0,1
mitmengine-master,reference_fingerprints/pcaps/middleboxes/windows-7-untangle-ie-11,0dff3cb978fe7545138a7ac8c9955927d90d67ab118a561dc86769c4206a99f1,1,0,1
mitmengine-master,reference_fingerprints/pcaps/misc/Sophos-Win-7-Chrome-47.0.256.111m,61624cd08e8df9b73037d3b806df3e54839d2c9e9e816dd0e1b65f4a738c0617,1,0,1
mitmengine-master,reference_fingerprints/pcaps/misc/Sophos-Win-7-Firefox-43.0.4,379da8905ba70a03baf48d4993e79e97f8ccffaf59402af3fcffe9543e5877e6,1,0,1
mitmengine-master,reference_fingerprints/pcaps/misc/Sophos-Win-7-IE-11,87b4df64a503a49368e2ba23ad37cb0a5d4ae4f15b85dc8ec033a2bef8e00e9e,1,0,1
mitmengine-master,reference_fingerprints/pcaps/misc/SophosTagged-Win-7-IE-11,0ea5b5aed9d85293810aff0b26cd63651cbb1e2fe435b5e0e4d3baa9e0bcc0e8,1,0,1
mitmengine-master,reference_fingerprints/pcaps/misc/SophosTagged2-Win-7-IE-11,88dc3ac0f987694d0b39cbf183c075ec780bbd01f6c96506bf2c34f06a44adae,1,0,1
mitmengine-master,reference_fingerprints/pcaps/misc/ahnlabs-ie-8,614778935ecfd1de3a0f90e990f99e99635a72060cfa07f70f5f98d2e60f3537,1,0,1
mitmengine-master,reference_fingerprints/pcaps/misc/ahnlabs-ie-8-2,d8caf6f4076acf5eac3d9aeb44fd61aead450f20be267b4f85876f0a62a02fad,1,0,1
mitmengine-master,reference_fingerprints/pcaps/misc/avast-11-firefox,ea95b1479662fb20a668ba4a9dde0c1ef2c18c0e681851d76643c7e3d482f92e,1,0,1
mitmengine-master,reference_fingerprints/pcaps/misc/avast-11-ie8,7ea9bdda4f46004e59f83a2966a13cc832788959332b203193b0ef0838ef54ce,1,0,1
mitmengine-master,reference_fingerprints/pcaps/misc/avast-9-firefox,cd182f6c1ebff2d333cb1a1df4742ae24d524054a969f7520a0921682b3b80bf,1,0,1
mitmengine-master,reference_fingerprints/pcaps/misc/avira-firefox,e856328ceaba5c7d3c5e8d48caef3b0234f90f28e0c2db6516f4356a392cbef6,1,0,1
mitmengine-master,reference_fingerprints/pcaps/misc/barracuda,8528c5135f89db93545d9153ed01ccfb4013e777c9968701e390e5c48a486a6e,4,0,4
mitmengine-master,reference_fingerprints/pcaps/misc/bitdefender-firefox,ef77c0afeb24f6c90e220403dabfc42556fa4f8837a68ce75e9f8bf7553fb8c9,1,0,1
mitmengine-master,reference_fingerprints/pcaps/misc/blu-android-2.3-android-unk,d7bf309caa658ca9812e83166a7e85215b58174539817dddbf30447c00358463,1,0,1
mitmengine-master,reference_fingerprints/pcaps/misc/bullguard-chrome,a153edc6ca2d640464d006d710b6589c2a99d56dfbbbf805e2d83d0ef3d3c965,1,0,1
mitmengine-master,reference_fingerprints/pcaps/misc/bullguard-firefox,7ac41cf80132706ce3a9b1d0e0f68e45db2c2bd8efdea6cf408f6325d6e478f6,1,0,1
mitmengine-master,reference_fingerprints/pcaps/misc/bullguard-ie,95675daf427bdee3846a55e0c36e2ca042da6788a0098388676036103a6aa7f9,1,0,1
mitmengine-master,reference_fingerprints/pcaps/misc/cisco-wsa,e5cdc1a894f440a753c909443390a003c5ee19603ee33a6fad3f303dbde569a8,4,0,4
mitmengine-master,reference_fingerprints/pcaps/misc/citrix-vpx,4121dc967dd9af40e1b0019156f03c1c42687b9797be376b8b4bc97493f444e1,2,0,2
mitmengine-master,reference_fingerprints/pcaps/misc/computer-windows-7-ie-10,b5190e7589fbb5b7ed2dc73fc0411d6de448cf16fbedb06f4a817c4b3bef57c2,1,0,1
mitmengine-master,reference_fingerprints/pcaps/misc/computer-windows-7-ie-8,a428e163058d3287b8ede44adb3c5f537711242b1bcef2fa3008fe6507be455e,1,0,1
mitmengine-master,reference_fingerprints/pcaps/misc/computer-windows-7-ie-9,5226081cd7c3bc6632d7696a735ba28b4ad2cd161aa7fe680a9d74c62cb9f440,1,0,1
mitmengine-master,reference_fingerprints/pcaps/misc/computer-windows-vista-ie-7,6fa6e128ac29ab52c94f1df8fdb0a4e4d311a9139b39a545271355d917370952,1,0,1
mitmengine-master,reference_fingerprints/pcaps/misc/computer-windows-vista-ie-8,3501eb276c991556a89b240af843ce7c35eeb3d790240e585ab0a809281a0a91,1,0,1
mitmengine-master,reference_fingerprints/pcaps/misc/computer-windows-vista-ie-9,c890a5994db4ab434d7cf4855c8284f63033fe29c0e1fdb27bd9dba89af8f788,1,0,1
mitmengine-master,reference_fingerprints/pcaps/misc/computer-windows-xp-ie-8,f0fb61ee3815536e5024ba5f0af99dd1a52688a944185f728297553dd83d1387,1,0,1
mitmengine-master,reference_fingerprints/pcaps/misc/easy-hide-ip,c374c38489e3304ddb8f01b620200f5f80e1481edb403b2c7e3a69403234e601,1,0,1
mitmengine-master,reference_fingerprints/pcaps/misc/ewust-windowsxp-chrome,8969607d169c56614e8ef60b47b1248ec8d36104db765052823504a18370460a,1,0,1
mitmengine-master,reference_fingerprints/pcaps/misc/ewust-windowsxp-chrome2,b2869fad419440742c71dfbeb43f6894b4e3759c3abf254a6e586c753d23d371,1,0,1
mitmengine-master,reference_fingerprints/pcaps/misc/ewust-windowsxp-chrome3,b0b7c6ef3697cff0d2e49c304121544fd1e921030866c6f4db560f2b54280233,1,0,1
mitmengine-master,reference_fingerprints/pcaps/misc/firefox-44,b2769ac102a976705c1392c71b9ed106f4666fceff201787f1584996c49b7ed7,1,0,1
mitmengine-master,reference_fingerprints/pcaps/misc/firefox-45,13b9e436f4d7036152413598a127a7027252c2d2ee328e6bc0faba349d38a228,1,0,1
mitmengine-master,reference_fingerprints/pcaps/misc/firefox-46,5d1c9de7757fd101fff862009158f78bb195ac2c7b5dd24916048fedd9d967f9,1,0,1
mitmengine-master,reference_fingerprints/pcaps/misc/firefox-mozilla,1582cea073e4dcdfecd544b8aec0a67d6906b397af0548f1b500844292a82c33,1,0,1
mitmengine-master,reference_fingerprints/pcaps/misc/force-point,c0a276511d5eb5dd5c9bff305d5074571816683bfab2c3da9eafe1f345df5427,4,1,8
mitmengine-master,reference_fingerprints/pcaps/misc/force-point/round1,5fa02bb71629a927bb77b44b617d324c07275605aa88e924e5ffc273313512db,4,0,4
mitmengine-master,reference_fingerprints/pcaps/misc/fortigate,45cbdb54dacc16e49ac190b1720dc69d0fc534bffb81611fba42d38a136154ab,2,0,2
mitmengine-master,reference_fingerprints/pcaps/misc/fortigate-ie,a0ec33a9320c6b38e0a5fa54b16d2d0c59391fd36333535082066115cbe0afe6,1,0,1
mitmengine-master,reference_fingerprints/pcaps/misc/fortinet-chrome-mac,2f9af5cd90647bc1fde296786875c59f4f90e5611110ffa040b5a0171bce91ab,1,0,1
mitmengine-master,reference_fingerprints/pcaps/misc/gnutls-3.4.9,8fa9af8d096486ab1f77e46339945195e21ff2d5a9ac91baabecd7558bbfe752,2,0,2
mitmengine-master,reference_fingerprints/pcaps/misc/ios5,394e52b0bba7712c348cfecd9b67dbf7d24b7a25a9fda42cdd28c96a79d1aa78,1,0,1
mitmengine-master,reference_fingerprints/pcaps/misc/ios6,69894c3e5dfbe2c1685751b7af71eb7a884427ed37db2f364f267cd87a7e627e,1,0,1
mitmengine-master,reference_fingerprints/pcaps/misc/ios7,af6b29545e61144b6123e273002417f8a0fc7eacc5bf5a7518f5cb1b080d23f1,1,0,1
mitmengine-master,reference_fingerprints/pcaps/misc/ios8,280209c0a22f76b5fea4c8f2c8a7cbd1faa489986ae032383237a2cff65cb56c,1,0,1
mitmengine-master,reference_fingerprints/pcaps/misc/iphone6-iOS-9-chrome-47,b3911890dceb040babcb745024705e1d3b6d8dcd3fac13793fcb5d0a6f6facab,1,0,1
mitmengine-master,reference_fingerprints/pcaps/misc/iphone6-iOS-9-firefox-1.4,e282e1c182e4bef7f63f9a896b9fa9d197302e8ddd09d289b90479f6e069a500,1,0,1
mitmengine-master,reference_fingerprints/pcaps/misc/iphone6-iOS-9-safari-9,ec9ff6d02f35aeaaffe7c69b2149b586abbdfdf2ac87fd331713c8dde15b56ef,1,0,1
mitmengine-master,reference_fingerprints/pcaps/misc/juniper-vsrx,0cea376299e3497bbe807ee2f55cfe5b830805f34464d4822b3c5482d76c3fca,4,0,4
mitmengine-master,reference_fingerprints/pcaps/misc/juniper-vsrx-medium,65d8dbd33b3f2ed098ab85862768100a4bb46df27ff41d3972a6c65e22d8a6ab,1,0,1
mitmengine-master,reference_fingerprints/pcaps/misc/juniper-vsrx-strong,f7b90aa6f8e4f6ea40e04a6e069262de864cc3b22781d8ec86e0250203f425a7,1,0,1
mitmengine-master,reference_fingerprints/pcaps/misc/juniper-vsrx-weak,ace19fe3568f481f11d803b2e5dc14f638a1686e8867cd5afa6ee8fab7772c8f,1,0,1
mitmengine-master,reference_fingerprints/pcaps/misc/keep-my-family-secure,238a5c7300d416e205c62f005be0374f9db5cfa3551d934da2b55dc92f41b35e,1,0,1
mitmengine-master,reference_fingerprints/pcaps/misc/mac-10.11.4-360totalsecurity-1.1.2-chrome-49,cb3d87b2432da0381f2815717aae5f217033dac0132a9a7ebfd34124ce03baa3,1,0,1
mitmengine-master,reference_fingerprints/pcaps/misc/mac-10.11.4-360totalsecurity-1.1.2-firefox-45,247a52adefe9fb7afeb51de7223deb714b58101cf68cbbf2ba5c328ab44d9fa2,1,0,1
mitmengine-master,reference_fingerprints/pcaps/misc/mac-10.11.4-360totalsecurity-1.1.2-safari-9.1,248b27a6ddd9f197795b74dde2048acd167256a8e853b0a35b27655a231d90ea,1,0,1
mitmengine-master,reference_fingerprints/pcaps/misc/mac-10.11.4-avast-11.7-chrome-49,90162dc4e7bab1023fcf8752a61444a2a7fc6cc54d3164c19c6c9d1b22157664,1,0,1
mitmengine-master,reference_fingerprints/pcaps/misc/mac-10.11.4-avast-11.7-firefox-45,06fd83eaf7eee82358521840b95990022f25c65ee81e2def5377256a28d668da,1,0,1
mitmengine-master,reference_fingerprints/pcaps/misc/mac-10.11.4-avast-11.7-safari-9.1,108447da12b6a2e9823940a67ef5874b62887a157449af1de5883ac0ae614e8b,1,0,1
mitmengine-master,reference_fingerprints/pcaps/misc/mac-10.11.4-avg-2015-chrome-49,e5913646f8780ffdf1fc098dbfd504049b8e67de937e91a8e52c8e25a12b20b8,1,0,1
mitmengine-master,reference_fingerprints/pcaps/misc/mac-10.11.4-avg-2015-firefox-45,3e2e830f7355447776479efb33dadd89cc7473619dbe764baa31a085a5547fdf,1,0,1
mitmengine-master,reference_fingerprints/pcaps/misc/mac-10.11.4-avg-2015-safari-9.1,a20cf51994217bd0e341c85a51689b76972041ab7e312cb6c775373621b866db,1,0,1
mitmengine-master,reference_fingerprints/pcaps/misc/mac-10.11.4-avira-3.2.5.5-chrome-49,397119735c9233009d3645919350550d26ef269fc53986ed32330ce838bc7dfc,1,0,1
mitmengine-master,reference_fingerprints/pcaps/misc/mac-10.11.4-avira-3.2.5.5-firefox-45,b3fedaf055d20efb6ae19211713634c75094c9275d30cfaf5a4c55417257a5d3,1,0,1
mitmengine-master,reference_fingerprints/pcaps/misc/mac-10.11.4-avira-3.2.5.5-safari-9.1,be5b15121edafc9e0230de6d3a96da2a2c4a033bcaad4113db00940258467f43,1,0,1
mitmengine-master,reference_fingerprints/pcaps/misc/mac-10.11.4-bitdefender-4.0.3-mac-2016-chrome-49,ce631036144327fb981aaccffb73bda901097f0c53f228201681072d3eab907d,1,0,1
mitmengine-master,reference_fingerprints/pcaps/misc/mac-10.11.4-bitdefender-4.0.3-mac-2016-firefox-45,a16cac50c55a489d5d4972aff67b7f11aecd11dadad8cb074c3afd8562618644,1,0,1
mitmengine-master,reference_fingerprints/pcaps/misc/mac-10.11.4-bitdefender-4.0.3-mac-2016-safari-9.1,7d2645792c12418085aa10b2b2e9dfd9297885c6126dd2e15525204847f8e634,1,0,1
mitmengine-master,reference_fingerprints/pcaps/misc/mac-10.11.4-comodo-2.2.2.4-chrome-49,310b4e121e30d8d5b4fd50dce9782366c5d0e3f80ecaa076276650721820487a,1,0,1
mitmengine-master,reference_fingerprints/pcaps/misc/mac-10.11.4-comodo-2.2.2.4-firefox-45,a9915607ed4c6d218ba57f1b888669036667edfc66dff681a9d7caa3505bbeae,1,0,1
mitmengine-master,reference_fingerprints/pcaps/misc/mac-10.11.4-comodo-2.2.2.4-safari-9.1,d20959f86cb33013328c721152a7c6b61fc1ea400463ce550efc82be3bdca95a,1,0,1
mitmengine-master,reference_fingerprints/pcaps/misc/mac-10.11.4-dr-safety-1.2.0-chrome-49,4f0b82763c43490e9b190e0d645179ba97110767741153fa94e470100b0fe1f1,1,0,1
mitmengine-master,reference_fingerprints/pcaps/misc/mac-10.11.4-dr-safety-1.2.0-firefox-45,8f349bc177eeb7755ad0e851c15126760aa6849065cb8f9ecb759a15fb3c4252,1,0,1
mitmengine-master,reference_fingerprints/pcaps/misc/mac-10.11.4-dr-safety-1.2.0-safari-9.1,06199c543e69fa9ae1b386e62cf54faa028139e4ba1a52c51b66b99cc280373c,1,0,1
mitmengine-master,reference_fingerprints/pcaps/misc/mac-10.11.4-dr-web-11.0.0-chrome-49,69e7b11337202ac8fa3143d71ff93f466ddc0b8cc9e9d54bffd724fc3ceed3bc,1,0,1
mitmengine-master,reference_fingerprints/pcaps/misc/mac-10.11.4-dr-web-11.0.0-firefox-45,83b51c0167636e89cc737ec2df0d6bfdd5aca3f0c12ee7ae128243556c81f32b,1,0,1
mitmengine-master,reference_fingerprints/pcaps/misc/mac-10.11.4-dr-web-11.0.0-safari-9.1,6dc9ae6afc4f24edcbf9d255b42541cb604dca30bd533710a69967143cf4be79,1,0,1
mitmengine-master,reference_fingerprints/pcaps/misc/mac-10.11.4-eset-6.1.12-chrome-49,96bf628b9a841f3e4ef7cfe3a6376299296ddf67108b3b5b8caafd62ec01537d,1,0,1
mitmengine-master,reference_fingerprints/pcaps/misc/mac-10.11.4-eset-6.1.12-firefox-45,27346a248bdf2df3910d8ea7c28370aebf98eb3e52b4ce6d380977bf34748c28,1,0,1
mitmengine-master,reference_fingerprints/pcaps/misc/mac-10.11.4-eset-6.1.12-safari-9.1,44e1b33f4ab1c717734563fbc3724cb00f261acf1add3cf80287bfc980eb6fc4,1,0,1
mitmengine-master,reference_fingerprints/pcaps/misc/mac-10.11.4-gdata-3.1-chrome-49,de494390b7d69618ea12dcbcc9db28d9665da7edf9f745638580eb561e4357be,1,0,1
mitmengine-master,reference_fingerprints/pcaps/misc/mac-10.11.4-gdata-3.1-firefox-45,436ca159cd38cd087b0db433b70ce9d8f11150bd6387f84c6c6044591c5149ae,1,0,1
mitmengine-master,reference_fingerprints/pcaps/misc/mac-10.11.4-gdata-3.1-safari-9.1,542aa790b2daa67a5f837cf5cca2ad3e157f452f592ecf69cad3cb7b7f12a33a,1,0,1
mitmengine-master,reference_fingerprints/pcaps/misc/mac-10.11.4-kaspersky-16.0.0-chrome-49,8d84301bc4d56a33e34a2066c7314ea90d62cbf91d5da3832357d870dbd16897,1,0,1
mitmengine-master,reference_fingerprints/pcaps/misc/mac-10.11.4-kaspersky-16.0.0-firefox-45,8255143572b700aaf386df12ee28be5a03c44b192f55fd6a7ac4abbd10354e5d,1,0,1
mitmengine-master,reference_fingerprints/pcaps/misc/mac-10.11.4-kaspersky-16.0.0-safari-9.1,c49c4ba44a1059fe8808c32bc18e80ccc45ddbccc13ca640ac33c03ab1937f8b,1,0,1
mitmengine-master,reference_fingerprints/pcaps/misc/mac-10.11.4-mackeeper-3.9.2-chrome-49,0ded7ebd212bc3f4205c65c402dbc48774cc68a9e368738c8053347c1b7da44f,1,0,1
mitmengine-master,reference_fingerprints/pcaps/misc/mac-10.11.4-mackeeper-3.9.2-firefox-45,b9fc369655e3939e4949e3947bee7d08bc7d33015acf9b4255480cb6590c2ed2,1,0,1
mitmengine-master,reference_fingerprints/pcaps/misc/mac-10.11.4-mackeeper-3.9.2-safari-9.1,16fed43f228d64146208ec2b7a73175c4611be13a0f90d65f7e4787a09a777aa,1,0,1
mitmengine-master,reference_fingerprints/pcaps/misc/mac-10.11.4-malwarebytes-1.1.3.72-chrome-49,6d10e8842948b96f2ba077501f8e6cc35ca45bb06695308e6f2d51045665ce7f,1,0,1
mitmengine-master,reference_fingerprints/pcaps/misc/mac-10.11.4-malwarebytes-1.1.3.72-firefox-45,440a7250d74e1c8c0016745d1ce596a9c75506cd7560970e55783cf0020a7b99,1,0,1
mitmengine-master,reference_fingerprints/pcaps/misc/mac-10.11.4-malwarebytes-1.1.3.72-safari-9.1,7556c495a62cedf0c7cf603223e476362a2d37bb5b1f2e033ea51c312a99d53a,1,0,1
mitmengine-master,reference_fingerprints/pcaps/misc/mac-10.11.4-mcafee-livesafe-3.8.0-chrome-49,492bf9f6680a913beef54a6a4d2534eb4769bf89ae4331bb70f8b8248d95c82d,1,0,1
mitmengine-master,reference_fingerprints/pcaps/misc/mac-10.11.4-mcafee-livesafe-3.8.0-firefox-45,37f9d95d04ba12bde190cb1bbd197d0396a6c7e0a682b8cdc659b770ff714daf,1,0,1
mitmengine-master,reference_fingerprints/pcaps/misc/mac-10.11.4-mcafee-livesafe-3.8.0-safari-9.1,99c4ede66b25a8fd15241af5854c68d4f118240177595f6c1a3eff9394787b1d,1,0,1
mitmengine-master,reference_fingerprints/pcaps/misc/mac-10.11.4-net-nanny-3.1.7-chrome-49,3d05b75187e044622825ca5ea69be863f135d410bd9776c933f200fa7f181b7b,1,0,1
mitmengine-master,reference_fingerprints/pcaps/misc/mac-10.11.4-net-nanny-3.1.7-firefox-45,516d375279425c88e8805fa4387b150a39694a354d930cb8dd76150cacc4c0f8,1,0,1
mitmengine-master,reference_fingerprints/pcaps/misc/mac-10.11.4-net-nanny-3.1.7-safari-9.1,5332e33895561bb3f7cf2854f46840ce6c4390fd42259ed3c2d00cc76a92396f,1,0,1
mitmengine-master,reference_fingerprints/pcaps/misc/mac-10.11.4-no-av-chrome-49,e405da5f3c6d7b30637198ef109fb9c455bfe7dda738a9446317ee4698b28c21,1,0,1
mitmengine-master,reference_fingerprints/pcaps/misc/mac-10.11.4-no-av-firefox-45,59da5f986b6e648e8d58151d814b4bb0dc0f7d8fc0b98f5a4dc9220785755f8e,1,0,1
mitmengine-master,reference_fingerprints/pcaps/misc/mac-10.11.4-no-av-safari-9.1,c68057de42feae6680be573df2c3c25c82860281c9891a4d8eceb00dfb522135,1,0,1
mitmengine-master,reference_fingerprints/pcaps/misc/mac-10.11.4-sophos-9.4.2-chrome-49,52ced68d8f243e25b378e7d9cdac402b6ae77f554be926af238b7514c9e11ce3,1,0,1
mitmengine-master,reference_fingerprints/pcaps/misc/mac-10.11.4-sophos-9.4.2-firefox-45,766801b5d1895597c92a889aa91e961beb5fc33c960999faada01ee6428a843b,1,0,1
mitmengine-master,reference_fingerprints/pcaps/misc/mac-10.11.4-sophos-9.4.2-safari-9.1,b7930d34904e0e228e27f07aa785c620848259e18fd0ad1353e485962bb50609,1,0,1
mitmengine-master,reference_fingerprints/pcaps/misc/microsoft-security-firefox,a33ba7a6b742b0c22dfeed0f229d1d683c9b954ab0f3a33b5b2288f883851218,1,0,1
mitmengine-master,reference_fingerprints/pcaps/misc/ms-threat_management_gateway,dfec54216cdf644256707b16aec511f354c3383c86bee67f87cfefd47b085fe4,4,0,4
mitmengine-master,reference_fingerprints/pcaps/misc/nexus5-android-6.0.1-chrome-47.0.2526.83,e512e5c005b295b931061189db1272423055a0d13b5594d42c0d894cf4d547dc,1,0,1
mitmengine-master,reference_fingerprints/pcaps/misc/nexus5-android-6.0.1-firefox-41.0.2,1243f3b4bd0a40df701206ebe9b0101e10f983a0c87eec9d2e11fff72586d499,1,0,1
mitmengine-master,reference_fingerprints/pcaps/misc/no-av-firefox,9154661c0913c0cc71a7466a04442f47fd317a90627ba90ec707e0c219da23f1,1,0,1
mitmengine-master,reference_fingerprints/pcaps/misc/no-av-ie-8,af509766536a6c76fa1d4216be5893553db4ab35d7a83182008c4b2380347375,1,0,1
mitmengine-master,reference_fingerprints/pcaps/misc/no-av-windows7-firefox,338bfe8dd21a67e13231223ef0dbcf4a018f878f868bfb075de2a086e91736d4,1,0,1
mitmengine-master,reference_fingerprints/pcaps/misc/no-av-windows7-ie8,2cfe8dc01a820ebf698ac71e91eb35397e19a0b8c7b45d16fb78e8ea321556cb,1,0,1
mitmengine-master,reference_fingerprints/pcaps/misc/openssl-1_0_0b,6ad7ab48433c74dbf2fa2d9e557d67caa3dc08bbbb83baea552df8e3dab142e4,1,0,1
mitmengine-master,reference_fingerprints/pcaps/misc/openssl-1_0_1a,a3bdc6867d497f86f05e680d23ffd616729cc424435a1f334368046d8a695eda,1,0,1
mitmengine-master,reference_fingerprints/pcaps/misc/protect-my-family,4111e1b1fff6908da2ac091e6401e966cc8dd536070b123a51ae5faf943f264d,1,0,1
mitmengine-master,reference_fingerprints/pcaps/misc/sophos-9.401-11-firefox,56743d8d57da9be06f7714cfb2f78d004fa25f148331ae0ed89b067b145b1a2f,1,0,1
mitmengine-master,reference_fingerprints/pcaps/misc/staffcop,101414d375155bef57b4d9707bede23be0b6d0c34f3d79aa078bd3595d860403,1,0,1
mitmengine-master,reference_fingerprints/pcaps/misc/tor-android,e9ded7ba18a43be467835eb1b496f1e8c63dccc15cb0ac3ddd1e7eb6e8fbe2e7,2,0,2
mitmengine-master,reference_fingerprints/pcaps/misc/tor-desktop,07c51598568f438c21ae1bae3a27430d8ac9f1d5fe637faa835397cf7ecd0542,2,0,2
mitmengine-master,reference_fingerprints/pcaps/misc/untangle-11.2.1-chrome-48.0,15b5b562eb08f787690dead8750292c8db7ae8bffc7858900f5681f86b0603b4,2,0,2
mitmengine-master,reference_fingerprints/pcaps/misc/untangle-11.2.1-firefox-44,1151afb095e275eb053ca877aaf02f44184896a8cc9cc0ee571309eaf5c06870,3,0,3
mitmengine-master,reference_fingerprints/pcaps/misc/untangle-11.2.1-ie-8,170da524195759dc417acb1105a48d44414be3541a1c0f746194aefb963d38c5,2,0,2
mitmengine-master,reference_fingerprints/pcaps/misc/webtitan,85e1a6fbaeae8c86482dcf37403e715724ed24464eedd170012a96c3792a5121,2,0,2
mitmengine-master,reference_fingerprints/pcaps/misc/windows-10-firefox-47-bluecoat-proxySG-6.6.4.2,6ff8c8cd3eed7368d1454ee43c6d98ba8ee963680571bcce7e46d1381dc9463b,2,0,2
mitmengine-master,reference_fingerprints/pcaps/misc/windows-10-firefox-47-no-av,d12f066b47c25da801ba588f14cb796d80cc82639d381029471f51e173748756,1,0,1
mitmengine-master,reference_fingerprints/pcaps/misc/windows-7-360totalsecurity-8.2-chrome-49,9fef5284b84b63877dfd2c38bd527b0023930fca0b9459d8b4d8567781aaf976,1,0,1
mitmengine-master,reference_fingerprints/pcaps/misc/windows-7-360totalsecurity-8.2-firefox-44,d7a178e7ea4fa49d4b8d7b35f56765ba4d6d597d9dc5ff5c339eec519215c11e,1,0,1
mitmengine-master,reference_fingerprints/pcaps/misc/windows-7-360totalsecurity-8.2-ie-11,31131b95b94802927931d3b84df509f526f793b81bc479689999450323514fd0,1,0,1
mitmengine-master,reference_fingerprints/pcaps/misc/windows-7-ahnlabv3internetsecurity-8.0.8.4-chrome-49,fcdff0ad3c89916cbb5ae0235b67c31581cd9cfde889ad49ad8d2dc3015d4a80,1,0,1
mitmengine-master,reference_fingerprints/pcaps/misc/windows-7-ahnlabv3internetsecurity-8.0.8.4-firefox-44,aa9a9dd05665b132d8fd3f46c05c585ff899438f6638f8ac848ed603d0c322d4,1,0,1
mitmengine-master,reference_fingerprints/pcaps/misc/windows-7-ahnlabv3internetsecurity-8.0.8.4-ie-11,d47da0a7f768ba02cd035b411f4495705c79128326441095de188ae65d8b25ce,1,0,1
mitmengine-master,reference_fingerprints/pcaps/misc/windows-7-avast-11.1.2253-chrome-49,f1ee8c1cdedd637274553dbe7f0d9a03a089d006c03c351344ececb3716b4253,1,0,1
mitmengine-master,reference_fingerprints/pcaps/misc/windows-7-avast-11.1.2253-firefox-44,c125aa03a30a95214f0d99a2ab5eb3c2cecc2be3164599d0247b75d1d1969162,1,0,1
mitmengine-master,reference_fingerprints/pcaps/misc/windows-7-avast-11.1.2253-ie-11,6dbaef1f8b59f619fcc00d864b17c4e623d1c1d68222f7af04b5cf84f5bb0fca,1,0,1
mitmengine-master,reference_fingerprints/pcaps/misc/windows-7-avast-free-antivirus-10-chrome-48,e862996a4df55d450199dc6b2ccd7bd2dc555de68003f3ff0b4773ea07fe3234,1,0,1
mitmengine-master,reference_fingerprints/pcaps/misc/windows-7-avast-free-antivirus-10-firefox-44,3b66e36c55ca4046964bd57e62c7f4a6fc28909b13ab3033f38d8ac8065d8c00,1,0,1
mitmengine-master,reference_fingerprints/pcaps/misc/windows-7-avast-free-antivirus-10-ie-11,c08968ff1bd0c11d5c6fa759866aaf60629981b46089651cca830b31b261f559,1,0,1
mitmengine-master,reference_fingerprints/pcaps/misc/windows-7-avast-free-antivirus-11.1-chrome-48,96b2f4c7bdf8960809eb6f983654f41af5b1e73483503be3962e25bba62601ea,1,0,1
mitmengine-master,reference_fingerprints/pcaps/misc/windows-7-avast-free-antivirus-11.1-firefox-44,7d30f7c3eb771aea508ca630ab101439c6be98be55107e1c6c7ea4192b0d7747,1,0,1
mitmengine-master,reference_fingerprints/pcaps/misc/windows-7-avast-free-antivirus-11.1-ie-11,71cf9440036dba5d0d95532b3b0e1bf720aa32326ffa34e6e0b0385e9c553526,1,0,1
mitmengine-master,reference_fingerprints/pcaps/misc/windows-7-avast-free-antivirus-7-chrome-48,85d72d8b504b70131f569ef9410467f16bf57347e18573e25be802ef412671f4,1,0,1
mitmengine-master,reference_fingerprints/pcaps/misc/windows-7-avast-free-antivirus-7-firefox-44,6e2118fda98e69649b94adcb315d4d856e8e9a38a9ca65ec2831b7fbfff70148,1,0,1
mitmengine-master,reference_fingerprints/pcaps/misc/windows-7-avast-free-antivirus-7-ie-11,7cf3828e9635bb6c3b44c923da5bcf5188c3decee6c8ec0961550a4acae7c50f,1,0,1
mitmengine-master,reference_fingerprints/pcaps/misc/windows-7-avast-free-antivirus-9-chrome-48,8c22c127e4e6e559dd3f178300ac5cd04f79820303051f4bd1092ea2f502b618,1,0,1
mitmengine-master,reference_fingerprints/pcaps/misc/windows-7-avast-free-antivirus-9-firefox-44,5231d6d822952d1b1660276b83bf04801ead389a5112f9858cb46c6e7338abc7,1,0,1
mitmengine-master,reference_fingerprints/pcaps/misc/windows-7-avast-free-antivirus-9-ie-11,f3eb404360daef91fcb9a0a84808d36f21b89396abde877ecb298f46a5cdc428,1,0,1
mitmengine-master,reference_fingerprints/pcaps/misc/windows-7-avg-16.61.7538-chrome-49,74f9c96089100952b4d3615315c01bfe04f9754058d6c8d2055da37e21c898fd,1,0,1
mitmengine-master,reference_fingerprints/pcaps/misc/windows-7-avg-16.61.7538-firefox-44,7ff4e4d903d345b3ad955b35eec5ade0c0c26cf44ad8a4549d9e545eb884b903,1,0,1
mitmengine-master,reference_fingerprints/pcaps/misc/windows-7-avg-16.61.7538-ie-11,b177752ed0957742cc81ddca3eb8e70f5a5e00c676c09356591cbe576e9fe729,1,0,1
mitmengine-master,reference_fingerprints/pcaps/misc/windows-7-avg-internet-security-2012-chrome-48,f9453ea3b618b684518c82dab23b38bab91f4b95737a0a3254c707dcadc831b2,1,0,1
mitmengine-master,reference_fingerprints/pcaps/misc/windows-7-avg-internet-security-2012-firefox-44,cabf4a97b8abac6c78a831d9419fc49ce769c3e69ace4237c83660e8e2f6b418,1,0,1
mitmengine-master,reference_fingerprints/pcaps/misc/windows-7-avg-internet-security-2012-ie-11,a860d186bf7a428545399b28355dc362c66bc78e399c77733e09492bbd9df5cd,1,0,1
mitmengine-master,reference_fingerprints/pcaps/misc/windows-7-avg-internet-security-2016-chrome-48,5549fde079dd4dd402ec524bdba98e39fe6d6d5a751ca48349899791fbdaa61a,1,0,1
mitmengine-master,reference_fingerprints/pcaps/misc/windows-7-avg-internet-security-2016-firefox-44,f03053876855c4da77b2632e5f621b814770a78799937b1ae579501ef52a45a5,1,0,1
mitmengine-master,reference_fingerprints/pcaps/misc/windows-7-avg-internet-security-2016-ie-11,86e975796fb9b702a5c0202a2f15f0d4fb23d48528c33add3949b799952b97e4,1,0,1
mitmengine-master,reference_fingerprints/pcaps/misc/windows-7-avg-zen-1.41-chrome-48,593058c128f7f775fa45c6f39f86f386961dd3b1b2e67362f2e763f4a5a4425c,1,0,1
mitmengine-master,reference_fingerprints/pcaps/misc/windows-7-avg-zen-1.41-firefox-44,d4d4431dd222602c6f220c6ece4a59d85370828691678c87713e98fe43f3d431,1,0,1
mitmengine-master,reference_fingerprints/pcaps/misc/windows-7-avg-zen-1.41-ie-11,5ea824c5f17a2dfac8f78befad052e903429dedc896f7369c2bd0adbf3ceaaa6,1,0,1
mitmengine-master,reference_fingerprints/pcaps/misc/windows-7-avira-free-antivirus-2016-chrome-48,c53c3b708bf3478e0c0dac974c0037f847de5bfa35c658d7e52b7c9fc35f1dc5,1,0,1
mitmengine-master,reference_fingerprints/pcaps/misc/windows-7-avira-free-antivirus-2016-firefox-44,fbbb2239c17590753deaed43d3a2dd4ab0e628b632f5c9869578b75f64cfdc8a,1,0,1
mitmengine-master,reference_fingerprints/pcaps/misc/windows-7-avira-free-antivirus-2016-ie-11,a3b8ec55f3c244f4c974dc210c03d732dd5b879194b4fa29997318734019ff12,1,0,1
mitmengine-master,reference_fingerprints/pcaps/misc/windows-7-bitdefender-antivirus-free-2014-chrome-48,44b5ca5e3b97d708426258e8c2cc536299fd07b1eda356f536f59e8ceebcb8ce,1,0,1
mitmengine-master,reference_fingerprints/pcaps/misc/windows-7-bitdefender-antivirus-free-2014-firefox-44,0a3abfd595425d4dc4f705ed11e13586f48e02ef87874cfc2ef627ef3123796d,1,0,1
mitmengine-master,reference_fingerprints/pcaps/misc/windows-7-bitdefender-antivirus-free-2014-ie-11,59862b2ced84ea4d8d85770686a2cfb45ba03c4141b37b29b6194e0f83e5fbdb,1,0,1
mitmengine-master,reference_fingerprints/pcaps/misc/windows-7-bitdefender-antivirus-plus-2012-chrome-48,7170047dc58b0ec23638a3f8aadd691784c92ca983026c3697203093d0136090,1,0,1
mitmengine-master,reference_fingerprints/pcaps/misc/windows-7-bitdefender-antivirus-plus-2012-firefox-44,bc67931cf5748ee0fa995ac6963bfe4b1a3d3baf7df235de249ef8b96ee45bdb,1,0,1
mitmengine-master,reference_fingerprints/pcaps/misc/windows-7-bitdefender-antivirus-plus-2012-ie-11,5139a20af4595f90d68b06d99874e0a9769846b482a047c7a57e11dd0c8f08c0,1,0,1
mitmengine-master,reference_fingerprints/pcaps/misc/windows-7-bitdefender-antivirus-plus-2015-chrome-48,4dc042d02b8795f18639107c8fe9243b6f21325126bcb5515ff2c659d716050c,1,0,1
mitmengine-master,reference_fingerprints/pcaps/misc/windows-7-bitdefender-antivirus-plus-2015-firefox-44,2f0966a04bcad37d14eecb79e70409dc3f9e0e888bc9401b8c41db3a97e35161,1,0,1
mitmengine-master,reference_fingerprints/pcaps/misc/windows-7-bitdefender-antivirus-plus-2015-ie-11,ed63695878f29919cbf2e07c839b5ceed87cbfc627084fc0e6bc03d0ee431a0a,1,0,1
mitmengine-master,reference_fingerprints/pcaps/misc/windows-7-bitdefender-avplus-2013-chrome-48,acf783ffe3d087f86266bf5d953adb8ffc907d8ab29f350863caf4428886462f,1,0,1
mitmengine-master,reference_fingerprints/pcaps/misc/windows-7-bitdefender-avplus-2013-firefox-44,92a50af8f6b257c184fe5bf8aadab1391800f1d98825ab27853775fb06714c6f,1,0,1
mitmengine-master,reference_fingerprints/pcaps/misc/windows-7-bitdefender-avplus-2013-ie-11,f8dfb93f642dff1cb49d421d734bd71af14cb6118de04d5027e4a6b133cee620,1,0,1
mitmengine-master,reference_fingerprints/pcaps/misc/windows-7-bitdefender-avplus-2016-chrome-48,b76b3536b2c6047a126da6f035402b214bdd6f5965dc6d150c74de2be31fda66,1,0,1
mitmengine-master,reference_fingerprints/pcaps/misc/windows-7-bitdefender-avplus-2016-firefox-44,5c55365f54a5f9afe26245ff81c9573e8db6c78a3a5442a85f0269b2a7d1cf66,1,0,1
mitmengine-master,reference_fingerprints/pcaps/misc/windows-7-bitdefender-avplus-2016-ie-11,94fbf1edd6a0c7e75cb585a376325819523dfe1534299a832f2ec1beb7a92bb8,1,0,1
mitmengine-master,reference_fingerprints/pcaps/misc/windows-7-bitdefender-avpro-2011-firefox-44,4e8101d6ddbdac699e871d38ac45ab479740784452d5c7381da77bd3ae155f51,1,0,1
mitmengine-master,reference_fingerprints/pcaps/misc/windows-7-bitdefender-avpro-2011-ie-11,280227dd50f96d02b838cc94eda1fb9cdb41a607fd1a9319b7ba113088f879a0,1,0,1
mitmengine-master,reference_fingerprints/pcaps/misc/windows-7-bitdefender-avpro-2011-test-ie-11,6c8f36ff3029305606a7d0fa398266fa812bb4364f5c900fedc780946f244f2d,1,0,1
mitmengine-master,reference_fingerprints/pcaps/misc/windows-7-bitdefender-isecurity-2016-chrome-48,d540ec69d672d62390c1690323bcab7947be22974028da328cc35bdec363b46e,1,0,1
mitmengine-master,reference_fingerprints/pcaps/misc/windows-7-bitdefender-isecurity-2016-firefox-44,430dc9be97c0eed16c404d48d404b76c7c4a448275dce69d91e119591f7b4185,1,0,1
mitmengine-master,reference_fingerprints/pcaps/misc/windows-7-bitdefender-isecurity-2016-ie-11,b840566024b666e561c7a5a38f81bf9aaf026cc7a2938c8f9e193ca89916882a,1,0,1
mitmengine-master,reference_fingerprints/pcaps/misc/windows-7-bitdefender-totalsecurity-2016-chrome-48,c4aa6f788457e3d7c6d1d9d960a8f6aece40c8b15d22399e2b877186f5b16b20,1,0,1
mitmengine-master,reference_fingerprints/pcaps/misc/windows-7-bitdefender-totalsecurity-2016-firefox-44,07e22f40cfbe0b588fb65fcd374c632b14143ae5c8609b5a12e9b6f5b7efd3ae,1,0,1
mitmengine-master,reference_fingerprints/pcaps/misc/windows-7-bitdefender-totalsecurity-2016-ie-11,bdd0b3d8d91f5e7c7a7e8667bdf075b98fa1b747d5beee122cf77186c07a1b41,1,0,1
mitmengine-master,reference_fingerprints/pcaps/misc/windows-7-bullguard-16.0.317.1-chrome-48,c526a941dcbe61092b441b14b2e1a60a0a93e53bb26bf8c05452a39093152dab,1,0,1
mitmengine-master,reference_fingerprints/pcaps/misc/windows-7-bullguard-16.0.317.1-firefox-44,cdca38928dde0e90817a02cdd604fdbdbdefce6dbc3fb592e2fe65ef7e12c3f3,1,0,1
mitmengine-master,reference_fingerprints/pcaps/misc/windows-7-bullguard-16.0.317.1-ie-11,a32bfd305695bdc739ecd72381270f3b174e0d94175e70c4e303cce60c91413a,1,0,1
mitmengine-master,reference_fingerprints/pcaps/misc/windows-7-bullguard-internet-security-16-chrome-48,129de6f3b1f97012c11a605ec166444e710167597b6b3d60d0d41c742544b542,1,0,1
mitmengine-master,reference_fingerprints/pcaps/misc/windows-7-bullguard-internet-security-16-firefox-44,b2f640509359e6ef594bebd64f9ec2e0005f121fbc47d14aeca59eeba57974ef,1,0,1
mitmengine-master,reference_fingerprints/pcaps/misc/windows-7-bullguard-internet-security-16-ie-11,b4a9c917ac6c30967e0c21db24a1e1724855c8ee1232a36a8236d71aa557d653,1,0,1
mitmengine-master,reference_fingerprints/pcaps/misc/windows-7-bullguard-premium-protection-16-ie-11,9063f86c271a609d4135a22563f509f6f592c1e11c1f2f621da970443eba8cbd,1,0,1
mitmengine-master,reference_fingerprints/pcaps/misc/windows-7-chrome-52-bluecoat-proxySG-6.6.4.2,519d07b9bb63d3560c41e9f4b13cde9721cb08ea2e2b2b07e45dcc924c167994,1,0,1
mitmengine-master,reference_fingerprints/pcaps/misc/windows-7-cybersitter-11.13.1-chrome-50,f473eaff1c64c84a887e45936fa6605e187753c5019906f7d97a50fc53ad38ec,1,0,1
mitmengine-master,reference_fingerprints/pcaps/misc/windows-7-cybersitter-11.13.1-firefox-44,c12b498e36b0e70ea79ea1d8349c228797f73e08ae294797cae24166acfbc419,1,0,1
mitmengine-master,reference_fingerprints/pcaps/misc/windows-7-cybersitter-11.13.1-ie-11,193d3798959a8ecc5c85fc683cbae653a89ff55c44326242faccb51d22343469,1,0,1
mitmengine-master,reference_fingerprints/pcaps/misc/windows-7-eset-nod32-antivirus-8-chrome-48,ab7967b9862fe6c3878f5e0ddb03f64233a3fec06ae464b756108ebf2f092220,1,0,1
mitmengine-master,reference_fingerprints/pcaps/misc/windows-7-eset-nod32-antivirus-8-firefox-44,b3064b8ec65c7f75b7756bad467928a6ba767605789c24200a87e25f340f677b,1,0,1
mitmengine-master,reference_fingerprints/pcaps/misc/windows-7-eset-nod32-antivirus-8-ie-11,ce65a3d7b8c38044da777ecc844c09c1e55429c1d45ee106ec88d986f0ae8c47,1,0,1
mitmengine-master,reference_fingerprints/pcaps/misc/windows-7-eset-nod32-antivirus-9-chrome-48,cbb579f168dcf79becca73aef5aa7efb6ad2331264edeaf9226e8f10197f327e,1,0,1
mitmengine-master,reference_fingerprints/pcaps/misc/windows-7-eset-nod32-antivirus-9-firefox-44,0f809eb4431d637c8b7c8ddcf2491cde58d3e7adddf41f9b55bcad6fea8b63d8,1,0,1
mitmengine-master,reference_fingerprints/pcaps/misc/windows-7-eset-nod32-antivirus-9-ie-11,bc3de457db0b14a7fa3b79a475104201d914f6ea059f2cb74b33bba138f35ac2,1,0,1
mitmengine-master,reference_fingerprints/pcaps/misc/windows-7-firefox-47-bluecoat-proxySG-6.6.4.2,fd524c208bda0b943f96c8064ad5aa3fa0d43e463802722837f2f4c84d5eeda5,1,0,1
mitmengine-master,reference_fingerprints/pcaps/misc/windows-7-fsecuresafe-chrome-49,b4c72852dc1cffb78a940dc360bc7100fa70e4930143943af60ac65791ef8c0c,1,0,1
mitmengine-master,reference_fingerprints/pcaps/misc/windows-7-fsecuresafe-firefox-44,fcad992c6c8f72bcad3d81a7c692d76cb20b3faf4835c4449d1404f9450c2ea2,1,0,1
mitmengine-master,reference_fingerprints/pcaps/misc/windows-7-fsecuresafe-ie-11,96a7a8b14742abacd8bba316ae6530b4ab30fdc9509d91b3efc0b73ca1e94fed,1,0,1
mitmengine-master,reference_fingerprints/pcaps/misc/windows-7-gdata-25.1.0-chrome-50,f2d059cfc6bfa06d3afcedc73854c4b4d5d5fe0471f0668fb094dfa1967927a8,1,0,1
mitmengine-master,reference_fingerprints/pcaps/misc/windows-7-gdata-25.1.0-firefox-44,1a5cb0189a6ab07b26a08df2935570d9123a17d273fe4257b7bab432ed56a572,1,0,1
mitmengine-master,reference_fingerprints/pcaps/misc/windows-7-gdata-25.1.0-ie-11,f464850abfd4d27db3d3dc9e049cf7c0608447f1e99b95b8df43e5d07c1da705,1,0,1
mitmengine-master,reference_fingerprints/pcaps/misc/windows-7-ie-11-no-av,be6ae5dbf9667189795c5fdb6aa05c50298a466e2c1d0ee6c3d55cd64d00d72e,1,0,1
mitmengine-master,reference_fingerprints/pcaps/misc/windows-7-ie-8-bluecoat-proxySG-6.6.4.2,ffbd4a1301f5f24ba3e7471882c8205a24f1f7a4b6bcecb0203705d86936de34,1,0,1
mitmengine-master,reference_fingerprints/pcaps/misc/windows-7-k7totalsecurity-chrome-48,74c5976638ba8aebe9e078e63ef4a60941fa73a8ef402946008e1d4f6f08844b,1,0,1
mitmengine-master,reference_fingerprints/pcaps/misc/windows-7-k7totalsecurity-firefox-44,4da3f4f1eb8e377f6f10dc607999fbcae20db2e75483cf32ab29706d83a0bb79,1,0,1
mitmengine-master,reference_fingerprints/pcaps/misc/windows-7-k7totalsecurity-ie-11,f94243d70f6b756c28150948cac59517fc07fc72f47c107c8fa2d0f2511f6ede,1,0,1
mitmengine-master,reference_fingerprints/pcaps/misc/windows-7-kaspersky-internet-security-16-ie-11,2c1d371113c22706f2e96c80c509c58c17f8c496c1808eff044528ad4a0048cb,1,0,1
mitmengine-master,reference_fingerprints/pcaps/misc/windows-7-kaspersky-internet-security-2016-chrome-49,effc3e29b02d2b87c51312d59db363d6e37f8911026bf86ad0fc85c676f0fb5f,1,0,1
mitmengine-master,reference_fingerprints/pcaps/misc/windows-7-kaspersky-internet-security-2016-firefox-44,d95c27f11ad3a150aa11a388d6cf562a6b1daf79ff150aaf5ce45fb1afa7608d,1,0,1
mitmengine-master,reference_fingerprints/pcaps/misc/windows-7-kaspersky-internet-security-2016-ie-11,6e77f2dc2302bc969f4cbabd2066b26a634902ebb7997fb3b5d5cc94e76491fa,1,0,1
mitmengine-master,reference_fingerprints/pcaps/misc/windows-7-kaspersky-total-security-16-chrome-48,785957803106c44d037158bb02cfa554e4f0a0df7f78ba1aa7642da9b6df12f3,1,0,1
mitmengine-master,reference_fingerprints/pcaps/misc/windows-7-kaspersky-total-security-16-firefox-44,ba0582b2ae29897d1c9329e1de767f953ef808b0f30447397fce4c7285da551a,1,0,1
mitmengine-master,reference_fingerprints/pcaps/misc/windows-7-kaspersky-total-security-16-ie-11,fd42560314fe736f592a28f2686905b495d9ff619abe1ec5f43a85df397aad4c,1,0,1
mitmengine-master,reference_fingerprints/pcaps/misc/windows-7-kurupira-1.0.48-ie-11,54b8945c159bc1dd5a933a594ee49fb4ac5ea650892c12e3ce17d4ac018027b1,1,0,1
mitmengine-master,reference_fingerprints/pcaps/misc/windows-7-malwarebytes-anti-malware-home-2.2-chrome-48,064d46633c4a37c0c65a5455e8c14097777d33f7547aee5caafd8b1cabfe71e7,1,0,1
mitmengine-master,reference_fingerprints/pcaps/misc/windows-7-malwarebytes-anti-malware-home-2.2-firefox-44,8b609df8e22366e9a2317dd6765372667d0b20d556bf18ff8353f39a7fdfde08,1,0,1
mitmengine-master,reference_fingerprints/pcaps/misc/windows-7-malwarebytes-anti-malware-home-2.2-ie-11,e5065afa4ac7819b3765f48db7addfab030bbfec12a3aea941bfdf919de37506,1,0,1
mitmengine-master,reference_fingerprints/pcaps/misc/windows-7-netfilter-2,23c11d1ad15057e75f7f6dcbca93e3d7deccc5d88a894fe9a23c2f336b14e845,1,0,1
mitmengine-master,reference_fingerprints/pcaps/misc/windows-7-netnanny-7.2.7-chrome-50,b791c89b1658f37ffcdaec6e096ae3e093cc00031cd11bbc01c91e776b368c57,1,0,1
mitmengine-master,reference_fingerprints/pcaps/misc/windows-7-netnanny-7.2.7-firefox-44,66a672bc2c82f0bad1dd6d52d3f4e8100a14b179751ed12637ec872a7c35bb6a,1,0,1
mitmengine-master,reference_fingerprints/pcaps/misc/windows-7-netnanny-7.2.7-ie-11,fbb9330710f1bfb054d18b5271673217d6a6a7ef8be87cfbe8fc85534c4c63c2,1,0,1
mitmengine-master,reference_fingerprints/pcaps/misc/windows-7-no-av-chrome-48,368883f811d7de845dfc50eb46b709c9cf92d38d0d0c2c6637f17205da488cf2,1,0,1
mitmengine-master,reference_fingerprints/pcaps/misc/windows-7-no-av-chrome-49,acbd17fb4e0f9a9ea56b32d82d0d62c96e2a1aaf513c59830b6fa260ed23a4c3,1,0,1
mitmengine-master,reference_fingerprints/pcaps/misc/windows-7-no-av-chrome-50,0df1101480134dae7f91c87c20e7c9663ce7da4378401f8e3758bc676ff67e76,1,0,1
mitmengine-master,reference_fingerprints/pcaps/misc/windows-7-no-av-firefox-44,d7be3398c55c073a5330de8a867d4dc2c43669ce865afa7f125b32d8924d28aa,1,0,1
mitmengine-master,reference_fingerprints/pcaps/misc/windows-7-no-av-ie-11,40198c258abcf620d8d98a8c7d2962fa79c0db30a031f40e0f9a5ec2c2cd0472,1,0,1
mitmengine-master,reference_fingerprints/pcaps/misc/windows-7-pcpandora-7.0-chrome-49,c3b82e1daf6167066a98457a659f57dd9adc7522be13f8b8ee19bc797f06f95e,1,0,1
mitmengine-master,reference_fingerprints/pcaps/misc/windows-7-pcpandora-7.0-firefox-44,599a39fee48ab6f3c82b61ac2eb9219a9683e884a43d1ba76453c684f4e6bf63,1,0,1
mitmengine-master,reference_fingerprints/pcaps/misc/windows-7-pcpandora-7.0-ie-11,0ccff104e352fe3722acb8d675eeb1331dce0df27860ecf148126c2bde6023e9,1,0,1
mitmengine-master,reference_fingerprints/pcaps/misc/windows-7-tencentpcmanager-11.4-chrome-49,073eb9c7a851fc7e51d021e5c2993d332f87290bbf547b985ef24ec79654f379,1,0,1
mitmengine-master,reference_fingerprints/pcaps/misc/windows-7-tencentpcmanager-11.4-firefox-44,93f5881f0fc543871f7b9fe738fc14205f722c8b4e737ec870ed65db7f86892d,1,0,1
mitmengine-master,reference_fingerprints/pcaps/misc/windows-7-tencentpcmanager-11.4-ie-11,c332f8aab93524f139a47418329e11f15ad79db41cf6f9a66786dd52b2546a71,1,0,1
mitmengine-master,reference_fingerprints/pcaps/misc/windows-7-trendmicromaxsecurity-10.0-chrome-48,54c3b7b3f88196bb0c52dec98b406197e8a88dfff6c249f548c2743b17f5c041,1,0,1
mitmengine-master,reference_fingerprints/pcaps/misc/windows-7-trendmicromaxsecurity-10.0-firefox-44,34d6bbe5cc7c44da7d21a0adc4775e3454c95eb7a64b66d563b2128597a6b21b,1,0,1
mitmengine-master,reference_fingerprints/pcaps/misc/windows-7-trendmicromaxsecurity-10.0-ie-11,9d6afd7a285e6dd8dcba6d1c392859e1d5545860e5b0328b4ef08bd109a07835,1,0,1
mitmengine-master,reference_fingerprints/pcaps/misc/windows-7-untangle-12.0.0-chrome-50,ffe1a5b0fab4c4e06d7afe66f28e8aeda75da5f323c6287080e842db5b4d88df,1,0,1
mitmengine-master,reference_fingerprints/pcaps/misc/windows-7-untangle-12.0.0-firefox-45,d76cbaefc78f7fe73265c1526493b320c818d7173e2d5c07066010023f9dc411,1,0,1
mitmengine-master,reference_fingerprints/pcaps/misc/windows-7-untangle-12.0.0-ie-8,912f3d4a1c06a3d6c981800c62d0f66070594a370e1e2e3eecd78bedec74cab5,1,0,1
mitmengine-master,reference_fingerprints/pcaps/misc/windows-7-untangle-chrome-48,6adcde412b7700e8efc449b261a0e7f86908b8218c0cd35ec170b7569cc95c54,1,0,1
mitmengine-master,reference_fingerprints/pcaps/misc/windows-7-untangle-firefox-44,83af8fb576de2b9f42b173c382b47e96f385f26120704032bda78b0a32d3c9c8,1,0,1
mitmengine-master,reference_fingerprints/pcaps/misc/windows-7-untangle-ie-11,5664709188806b49f4f0091cdc85045e3945151260b43e3e4f2afe20118c9ec3,1,0,1
mitmengine-master,reference_fingerprints/pcaps/misc/windows-7-windows-7-bitdefender-antivirus-plus-2014-chrome-49,8817281aef195a4114c8e86afc96f6ba5f0adabb292cc42a55c0e31ebb30f318,1,0,1
mitmengine-master,reference_fingerprints/pcaps/misc/windows-7-windows-7-bitdefender-antivirus-plus-2014-firefox-44,044e59309a7a31a80f52b0d919c603c7bfb76ea4c1ce14bd405ab01e23457e41,1,0,1
mitmengine-master,reference_fingerprints/pcaps/misc/windows-7-windows-7-bitdefender-antivirus-plus-2014-ie-11,964acc5afe6433db0c0ce1803461b352669feaef54b5c9070cbe10ef7a6224e6,1,0,1
mitmengine-master,reference_fingerprints/pcaps/openssl,8a8d9fa2d8e7df7939d23da6af317f6c58e81ed43dff748d8997380e318e1d55,75,0,75
mitmengine-master,scripts,4250c339691ae57b9953e75eb8cf26463048e46667177b7ae81d27f91d4f5c76,5,0,5
mitmengine-master,testutil,85f3b70a6ec3cce396e3afdbff3ba72e638d0f7281f9f20748d124790e94afb0,1,0,1
