sha256,count,refs
98a75a217173ff9d6f17bda626c90a59ca167c71e1f4d7cb3821dd742c702bf1,11,v2ray-core-main:app/observatory/command/errors.generated.go;v2ray-core-main:app/stats/command/errors.generated.go;v2ray-core-main:app/log/command/errors.generated.go;v2ray-core-main:app/proxyman/command/errors.generated.go;v2ray-core-main:app/router/command/errors.generated.go;v2ray-core-master:app/observatory/command/errors.generated.go;v2ray-core-master:app/stats/command/errors.generated.go;v2ray-core-master:app/subscription/subscriptionmanager/command/errors.generated.go;v2ray-core-master:app/log/command/errors.generated.go;v2ray-core-master:app/proxyman/command/errors.generated.go;v2ray-core-master:app/router/command/errors.generated.go
167b160ad672866ec92afd1bbe473341eec90c03847007abdb4bc4c60fd4fcca,10,v2ray-core-main:proxy/vlite/outbound/errors.generated.go;v2ray-core-main:proxy/vless/outbound/errors.generated.go;v2ray-core-main:proxy/vmess/outbound/errors.generated.go;v2ray-core-main:app/proxyman/outbound/errors.generated.go;v2ray-core-master:proxy/vlite/outbound/errors.generated.go;v2ray-core-master:proxy/vless/outbound/errors.generated.go;v2ray-core-master:proxy/vmess/outbound/errors.generated.go;v2ray-core-master:proxy/wireguard/outbound/errors.generated.go;v2ray-core-master:app/subscription/entries/outbound/errors.generated.go;v2ray-core-master:app/proxyman/outbound/errors.generated.go
bded47329362f4f67dd0c7f43bac5271128164b7d88525b93acc54c911c82216,10,v2ray-core-main:common/protocol/dns/errors.generated.go;v2ray-core-main:proxy/dns/errors.generated.go;v2ray-core-main:features/routing/dns/errors.generated.go;v2ray-core-main:app/dns/errors.generated.go;v2ray-core-main:infra/conf/synthetic/dns/errors.generated.go;v2ray-core-master:common/protocol/dns/errors.generated.go;v2ray-core-master:proxy/dns/errors.generated.go;v2ray-core-master:features/routing/dns/errors.generated.go;v2ray-core-master:app/dns/errors.generated.go;v2ray-core-master:infra/conf/synthetic/dns/errors.generated.go
972649945761563c2b9ace4022d08400c7ca74db674d73f5a310d56c95fd0e31,9,Xray-core-main:proxy/vless/outbound/config.go;Xray-core-main:proxy/vmess/outbound/config.go;Xray-tun-main:proxy/vless/outbound/config.go;Xray-tun-main:proxy/vmess/outbound/config.go;v2ray-core-main:proxy/vless/outbound/config.go;v2ray-core-main:proxy/vmess/outbound/config.go;v2ray-core-master:proxy/vless/outbound/config.go;v2ray-core-master:proxy/vmess/outbound/config.go;v2ray-go-main:proxy/vmess/outbound/config.go
f99cd29edd612ce538007fe8e901393b64ef7a6b53e2aa287d1cd52499a38ce9,8,v2ray-core-main:proxy/vlite/inbound/errors.generated.go;v2ray-core-main:proxy/vless/inbound/errors.generated.go;v2ray-core-main:proxy/vmess/inbound/errors.generated.go;v2ray-core-main:app/proxyman/inbound/errors.generated.go;v2ray-core-master:proxy/vlite/inbound/errors.generated.go;v2ray-core-master:proxy/vless/inbound/errors.generated.go;v2ray-core-master:proxy/vmess/inbound/errors.generated.go;v2ray-core-master:app/proxyman/inbound/errors.generated.go
f08182a91888053a289f80fce8f912c2d1feab35fb4387cd484398962142bff7,6,v2ray-core-main:proxy/http/errors.generated.go;v2ray-core-main:transport/internet/http/errors.generated.go;v2ray-core-main:transport/internet/headers/http/errors.generated.go;v2ray-core-master:proxy/http/errors.generated.go;v2ray-core-master:transport/internet/http/errors.generated.go;v2ray-core-master:transport/internet/headers/http/errors.generated.go
f5a3b29208b7ffa5f6506461e9d94316a53a2a9dba50982c95a0478892456b7e,6,v2ray-core-main:proxy/vless/encoding/errors.generated.go;v2ray-core-main:proxy/vmess/encoding/errors.generated.go;v2ray-core-main:transport/internet/grpc/encoding/errors.generated.go;v2ray-core-master:proxy/vless/encoding/errors.generated.go;v2ray-core-master:proxy/vmess/encoding/errors.generated.go;v2ray-core-master:transport/internet/grpc/encoding/errors.generated.go
4380e4e97043a863319543eb0f37230ade1fbceefd9d0a277de9faeff0f4b578,5,Xray-core-main:common/protocol/payload.go;Xray-tun-main:common/protocol/payload.go;v2ray-core-main:common/protocol/payload.go;v2ray-core-master:common/protocol/payload.go;v2ray-go-main:common/protocol/payload.go
4f4d66077ed7ac03d1c4e6dda8632238549d45df60b3f0c82a10ce19957adad4,5,Xray-core-main:common/protocol/context.go;Xray-tun-main:common/protocol/context.go;v2ray-core-main:common/protocol/context.go;v2ray-core-master:common/protocol/context.go;v2ray-go-main:common/protocol/context.go
5af07f55ce836815690137b975898ed38bfcbc2b7331e17869a68180d195ebe8,5,Xray-core-main:proxy/vmess/aead/authid_test.go;Xray-tun-main:proxy/vmess/aead/authid_test.go;v2ray-core-main:proxy/vmess/aead/authid_test.go;v2ray-core-master:proxy/vmess/aead/authid_test.go;v2ray-go-main:proxy/vmess/aead/authid_test.go
6335e99e8019dd1a6ae3bbd8f0ed2b5a20cf7fecd0a3b17e1fd008aeb58da0e1,5,Xray-core-main:common/peer/latency.go;Xray-tun-main:common/peer/latency.go;v2ray-core-main:common/peer/latency.go;v2ray-core-master:common/peer/latency.go;v2ray-go-main:common/peer/latency.go
692bbc3ca344d8549a650cf143ba2d79811c9ac879ecc0d04348ac5d7c8b9c5c,5,Xray-core-main:common/buf/readv_windows.go;Xray-tun-main:common/buf/readv_windows.go;v2ray-core-main:common/buf/readv_windows.go;v2ray-core-master:common/buf/readv_windows.go;v2ray-go-main:common/buf/readv_windows.go
9600ac8b7e52a72f03c73030c756a3551b6a6c88c74b843970353c9460d68343,5,Xray-core-main:common/cmdarg/cmdarg.go;Xray-tun-main:common/cmdarg/cmdarg.go;v2ray-core-main:common/cmdarg/cmdarg.go;v2ray-core-master:common/cmdarg/cmdarg.go;v2ray-go-main:common/cmdarg/cmdarg.go
96abe8e222c43cb0a395e1ff1a5adb62912841d817a230a2bcf4a948070c4d76,5,Xray-core-main:common/bitmask/byte.go;Xray-tun-main:common/bitmask/byte.go;v2ray-core-main:common/bitmask/byte.go;v2ray-core-master:common/bitmask/byte.go;v2ray-go-main:common/bitmask/byte.go
96dc8763e2276da983e48e2256fb84466d7d3128cd9e121bac62f0782a153c33,5,Xray-core-main:common/signal/semaphore/semaphore.go;Xray-tun-main:common/signal/semaphore/semaphore.go;v2ray-core-main:common/signal/semaphore/semaphore.go;v2ray-core-master:common/signal/semaphore/semaphore.go;v2ray-go-main:common/signal/semaphore/semaphore.go
9b710f0a763adc7959cd83db236bbf030dfea72f165fd9cea3b5349d0eb466f8,5,Xray-core-main:common/crypto/internal/chacha.go;Xray-tun-main:common/crypto/internal/chacha.go;v2ray-core-main:common/crypto/internal/chacha.go;v2ray-core-master:common/crypto/internal/chacha.go;v2ray-go-main:common/crypto/internal/chacha.go
a01b33d248a4fc501b9d1f9f7d2e17aba36c53ae6ba461f9d991679b7220ebee,5,Xray-core-main:common/task/periodic.go;Xray-tun-main:common/task/periodic.go;v2ray-core-main:common/task/periodic.go;v2ray-core-master:common/task/periodic.go;v2ray-go-main:common/task/periodic.go
a5e1f51efcb7853d17380470bda13ae21e7681227230fc07990e2622201aa736,5,Xray-core-main:common/signal/notifier.go;Xray-tun-main:common/signal/notifier.go;v2ray-core-main:common/signal/notifier.go;v2ray-core-master:common/signal/notifier.go;v2ray-go-main:common/signal/notifier.go
a8dcd9f4590ce446fc6fdebdae5105f2ec039248355d92a50b333b1fbff7670d,5,Xray-core-main:proxy/vmess/aead/consts.go;Xray-tun-main:proxy/vmess/aead/consts.go;v2ray-core-main:proxy/vmess/aead/consts.go;v2ray-core-master:proxy/vmess/aead/consts.go;v2ray-go-main:proxy/vmess/aead/consts.go
a922860b3ac656c9bc15008567cd826eb1d3ef1ed884bca34619d19df4c7ed54,5,Xray-core-main:main/distro/debug/debug.go;Xray-tun-main:main/distro/debug/debug.go;v2ray-core-main:main/distro/debug/debug.go;v2ray-core-master:main/distro/debug/debug.go;v2ray-go-main:main/distro/debug/debug.go
b5176ecfb1cc781b5c43883de6c74fa645f704c9cfbe4736e0667869e791a33d,5,Xray-core-main:common/peer/peer.go;Xray-tun-main:common/peer/peer.go;v2ray-core-main:common/peer/peer.go;v2ray-core-master:common/peer/peer.go;v2ray-go-main:common/peer/peer.go
b700648fdc1ae36f35aadd7b232cd8e21f462856db18d792b6d54468b7e5c133,5,Xray-core-main:transport/internet/headers/http/resp.go;Xray-tun-main:transport/internet/headers/http/resp.go;v2ray-core-main:transport/internet/headers/http/resp.go;v2ray-core-master:transport/internet/headers/http/resp.go;v2ray-go-main:transport/internet/headers/http/resp.go
bc99d85b8486bc40a4e4d8e5e24b93d39be79c32d6f75b175c56d7b8eb237153,5,Xray-core-main:common/protocol/udp/udp.go;Xray-tun-main:common/protocol/udp/udp.go;v2ray-core-main:common/protocol/udp/udp.go;v2ray-core-master:common/protocol/udp/udp.go;v2ray-go-main:common/protocol/udp/udp.go
be9ef51f635346b52d5bf6c6a6f0c2f13264461b0c6079f3b86452e3b59b585c,5,Xray-core-main:transport/internet/finalmask/mkcp/original/xor_amd64.s;Xray-tun-main:transport/internet/kcp/xor_amd64.s;v2ray-core-main:transport/internet/kcp/xor_amd64.s;v2ray-core-master:transport/internet/kcp/xor_amd64.s;v2ray-go-main:transport/internet/kcp/xor_amd64.s
d79b2cc0c2377d07fd13483dd90b19f9689dae63c410ff9597c3ca06a52e82ac,5,Xray-core-main:common/signal/done/done.go;Xray-tun-main:common/signal/done/done.go;v2ray-core-main:common/signal/done/done.go;v2ray-core-master:common/signal/done/done.go;v2ray-go-main:common/signal/done/done.go
d7c4dc6718f41a67e7fc03d53a4f6425406fd09ccb10850cb274551b5b9c3f63,5,Xray-core-main:transport/internet/filelocker_windows.go;Xray-tun-main:transport/internet/filelocker_windows.go;v2ray-core-main:transport/internet/filelocker_windows.go;v2ray-core-master:transport/internet/filelocker_windows.go;v2ray-go-main:transport/internet/filelocker_windows.go
e2080673039682744915ff9a1bd47681d96b38a67f3b2b902609c87d99dc20bf,5,Xray-core-main:features/policy/default.go;Xray-tun-main:features/policy/default.go;v2ray-core-main:features/policy/default.go;v2ray-core-master:features/policy/default.go;v2ray-go-main:features/policy/default.go
e5aa99f766b97481498dae28de05c25cd695ae8535d8caf62ccec22f528dadaa,5,Xray-core-main:transport/internet/filelocker.go;Xray-tun-main:transport/internet/filelocker.go;v2ray-core-main:transport/internet/filelocker.go;v2ray-core-master:transport/internet/filelocker.go;v2ray-go-main:transport/internet/filelocker.go
0414d4b26cab725ef45fd9ece8fdf66597683202e6d6b08b3f3dc8dcae7a6752,4,Xray-core-main:common/buf/data/test_MultiBufferReadAllToByte.dat;Xray-tun-main:common/buf/data/test_MultiBufferReadAllToByte.dat;v2ray-core-main:common/buf/data/test_MultiBufferReadAllToByte.dat;v2ray-core-master:common/buf/data/test_MultiBufferReadAllToByte.dat
04cf7bbb0c03e834ba9d2a8b1cfd413fde7d1b4c5f28367beb1cf2bd1492b3b2,4,Xray-tun-main:common/serial/serial.go;v2ray-core-main:common/serial/serial.go;v2ray-core-master:common/serial/serial.go;v2ray-go-main:common/serial/serial.go
0643d0db0e99701bf08a0edff15ede2b0075c0bce20421bcdfedc4e0ce0f0ae0,4,Xray-core-main:features/extension/contextreceiver.go;v2ray-core-main:features/extension/contextreceiver.go;v2ray-core-master:features/extension/contextreceiver.go;v2ray-go-main:features/extension/contextreceiver.go
08932f83cfcacbcd233b59343f83d72589f64cf1f8320e73f3754214866824d2,4,Xray-tun-main:transport/internet/kcp/xor_amd64.go;v2ray-core-main:transport/internet/kcp/xor_amd64.go;v2ray-core-master:transport/internet/kcp/xor_amd64.go;v2ray-go-main:transport/internet/kcp/xor_amd64.go
0db8cb49c4c6f87cfe746911bd8ee9fba2781b7958e2dde1808c3d26760411f5,4,v2ray-core-main:proxy/http/http.go;v2ray-core-main:transport/internet/http/http.go;v2ray-core-master:proxy/http/http.go;v2ray-core-master:transport/internet/http/http.go
0dd053c477757f00189d8d02e81abe41ae1239d167b99a4b14639c72b138fca0,4,Xray-core-main:proxy/vmess/aead/encrypt_test.go;v2ray-core-main:proxy/vmess/aead/encrypt_test.go;v2ray-core-master:proxy/vmess/aead/encrypt_test.go;v2ray-go-main:proxy/vmess/aead/encrypt_test.go
1dedc6ede711da380266b4f8f288c3fdaa44708f0a22e3ecbecf29fea038e408,4,Xray-tun-main:common/protocol/account.go;v2ray-core-main:common/protocol/account.go;v2ray-core-master:common/protocol/account.go;v2ray-go-main:common/protocol/account.go
29bb1ff5be72cdac690e2882fc2fb17d5febf67553a8bb1322da76761fbdb1c5,4,Xray-tun-main:common/protocol/tls/cert/.gitignore;v2ray-core-main:common/protocol/tls/cert/.gitignore;v2ray-core-master:common/protocol/tls/cert/.gitignore;v2ray-go-main:common/protocol/tls/cert/.gitignore
2f10c0fc51c87e3cc6c5c610bc6b3b6575df6ef977aec6a2d611f9f8d15752ae,4,Xray-core-main:app/stats/counter.go;Xray-tun-main:app/stats/counter.go;v2ray-core-main:app/stats/counter.go;v2ray-core-master:app/stats/counter.go
5ac439f4c0dd474c50a1bf5e2436e7d6a0cbda9dfcf6f036b169dae475256020,4,Xray-core-main:common/crypto/internal/chacha_core_gen.go;v2ray-core-main:common/crypto/internal/chacha_core_gen.go;v2ray-core-master:common/crypto/internal/chacha_core_gen.go;v2ray-go-main:common/crypto/internal/chacha_core_gen.go
5b9a7cd8de4c853388e6bd6f5c1c6047a0dfe98da5161acd211907a6559e353b,4,Xray-core-main:common/crypto/internal/chacha_core.generated.go;v2ray-core-main:common/crypto/internal/chacha_core.generated.go;v2ray-core-master:common/crypto/internal/chacha_core.generated.go;v2ray-go-main:common/crypto/internal/chacha_core.generated.go
60972df9e5536d455a6d87552ddf538ee7c0184ab4aa5d6ef66a3a2759e4e779,4,Xray-core-main:main/commands/base/root.go;Xray-tun-main:main/commands/base/root.go;v2ray-core-main:main/commands/base/root.go;v2ray-core-master:main/commands/base/root.go
8988fb06df56fbf7719c50ffce2ba3e1baa8796aec75c68dee5a42f916a01f40,4,Xray-core-main:main/main_test.go;v2ray-core-main:main/main_test.go;v2ray-core-master:main/main_test.go;v2ray-go-main:main/main_test.go
a45344e1bb92adcb956466f070619af3595d930b720ab3c7367120d60f1f4fe3,4,Xray-tun-main:common/protocol/server_picker.go;v2ray-core-main:common/protocol/server_picker.go;v2ray-core-master:common/protocol/server_picker.go;v2ray-go-main:common/protocol/server_picker.go
ba76065cda93358140640e5bd77d453a035816aca38adf5ab8133a3d5bf95f36,4,v2ray-core-main:features/stats/errors.generated.go;v2ray-core-main:app/stats/errors.generated.go;v2ray-core-master:features/stats/errors.generated.go;v2ray-core-master:app/stats/errors.generated.go
cbccf667bb01a30b242bdbf2af1e869aa698ea40a1a40ffe5ac63ff3fa07e9cd,4,Xray-core-main:proxy/vless/inbound/config.go;Xray-tun-main:proxy/vless/inbound/config.go;v2ray-core-main:proxy/vless/inbound/config.go;v2ray-core-master:proxy/vless/inbound/config.go
ce9d774a810088ea7ebe1a83774f02ff1b13adfb98083a60a4926b1a5fe4f622,4,Xray-tun-main:common/serial/string.go;v2ray-core-main:common/serial/string.go;v2ray-core-master:common/serial/string.go;v2ray-go-main:common/serial/string.go
e9bbd0da2f343b64f5fc84799217203a4304e2240d43058485d916da8316bd23,4,Xray-tun-main:proxy/vmess/vmessCtxInterface.go;v2ray-core-main:proxy/vmess/vmessCtxInterface.go;v2ray-core-master:proxy/vmess/vmessCtxInterface.go;v2ray-go-main:proxy/vmess/vmessCtxInterface.go
ed53c4d1c60f3ee535202aa0ea7abf8a78fdf341354571a9462974ce1b2ca916,4,Xray-core-main:common/buf/readv_unix.go;v2ray-core-main:common/buf/readv_unix.go;v2ray-core-master:common/buf/readv_unix.go;v2ray-go-main:common/buf/readv_unix.go
f53b534e9c19fb45f89e5e67807173c619afa70aec123812bba5833a6feae6af,4,Xray-tun-main:transport/internet/memory_settings.go;v2ray-core-main:transport/internet/memory_settings.go;v2ray-core-master:transport/internet/memory_settings.go;v2ray-go-main:transport/internet/memory_settings.go
f56041febfd3b8f994166478ceeeb73a3083eb5e02f7bfd9032ff8e783a3945b,4,Xray-core-main:proxy/trojan/trojan.go;v2ray-core-main:proxy/trojan/trojan.go;v2ray-core-master:proxy/trojan/trojan.go;v2ray-go-main:proxy/trojan/trojan.go
f82ff242fda368533732efadd2f499b881e7741fa23151a10a34060057e788ac,4,Xray-core-main:proxy/vmess/inbound/config.go;Xray-tun-main:proxy/vmess/inbound/config.go;v2ray-core-main:proxy/vmess/inbound/config.go;v2ray-core-master:proxy/vmess/inbound/config.go
f9cb157b366a51f3e176dd1bb8d63b7ffc6df595f34cfe914ba4c76364fd9d29,4,v2ray-core-main:app/router/errors.generated.go;v2ray-core-main:infra/conf/synthetic/router/errors.generated.go;v2ray-core-master:app/router/errors.generated.go;v2ray-core-master:infra/conf/synthetic/router/errors.generated.go
fda6615b46352d789da690c5a164efd1e642644be31fa8304d6d6b2c1174e7d1,4,Xray-tun-main:proxy/freedom/config.go;v2ray-core-main:proxy/freedom/config.go;v2ray-core-master:proxy/freedom/config.go;v2ray-go-main:proxy/freedom/config.go
fe4c7ec4a5dcd3fb06ff131dfd7451dc5e3dd92bbe41ae29ddabb2a88d580adb,4,Xray-tun-main:common/protocol/tls/cert/privateKey.go;v2ray-core-main:common/protocol/tls/cert/privateKey.go;v2ray-core-master:common/protocol/tls/cert/privateKey.go;v2ray-go-main:common/protocol/tls/cert/privateKey.go
05b6b49da11ee5d1b923edadebef8a78d462500b69164f6d5e0dd9747c2ca767,3,v2ray-core-main:proxy/vmess/aead/kdf.go;v2ray-core-master:proxy/vmess/aead/kdf.go;v2ray-go-main:proxy/vmess/aead/kdf.go
0a26647019a38ddc5269d4bdeb15ed9cdaafeeed2269c57f5512d636f1272d09,3,v2ray-core-main:release/requestsign.sh;v2ray-core-master:release/requestsign.sh;v2ray-go-main:release/requestsign.sh
0b4150d57ccda872eab850388c9b8b4e11aeaa699133196fa17cd685f74bf831,3,Xray-core-main:infra/conf/init.go;Xray-tun-main:infra/conf/init.go;v2ray-go-main:infra/conf/init.go
1be7080d72e6b566df3e236ce2c55efdfbbb8fa1c972d825e5b672ff8773be1a,3,v2ray-core-main:release/debian/source/format;v2ray-core-master:release/debian/source/format;v2ray-go-main:release/debian/source/format
1df994d1a6f20b68afcdbe62c59cddce37a10a9bdb9ec5ca3bfbf6b0ea50183d,3,v2ray-core-main:common/antireplay/bloomring.go;v2ray-core-master:common/antireplay/bloomring.go;v2ray-go-main:common/antireplay/bloomring.go
2022c1135bed251c81d574ca2f7136750358258ad8693d1d97508ac926d0dfe5,3,v2ray-core-main:app/app.go;v2ray-core-master:app/app.go;v2ray-go-main:app/app.go
259c32faf93526db01438b7fcd10ce24741c5be649c8aec8370d83b0d5709076,3,v2ray-core-main:transport/internet/filelocker_other.go;v2ray-core-master:transport/internet/filelocker_other.go;v2ray-go-main:transport/internet/filelocker_other.go
2a320682d8159d4fb5b74ef84770e4c6d144403fa1aae6164bcd0755cdd4d18b,3,v2ray-core-main:annotations.go;v2ray-core-master:annotations.go;v2ray-go-main:annotations.go
2daa4e73eea2d1698104101078c1bc9615d3204423a0f308db88a48c46fa8229,3,v2ray-core-main:common/buf/readv_reader_wasm.go;v2ray-core-master:common/buf/readv_reader_wasm.go;v2ray-go-main:common/buf/readv_reader_wasm.go
31c66c3daf2241d542c0c4a9da74e4831710296fc2536bdbd9d7b0c0dd31efde,3,v2ray-core-main:release/debian/v2ray.service;v2ray-core-master:release/debian/v2ray.service;v2ray-go-main:release/debian/v2ray.service
32381f850c76b5a40c23f4220a03240dea7b2176762acdcab713d0b788e147e3,3,v2ray-core-main:infra/conf/cfgcommon/duration/duration.go;v2ray-core-master:infra/conf/cfgcommon/duration/duration.go;v2ray-go-main:infra/conf/cfgcommon/duration/duration.go
34f2c573724256421ade769bda18eeac85172bf0aaed00d7b90e41e843a2caef,3,v2ray-core-main:release/extra/browserforwarder/index.html;v2ray-core-master:release/extra/browserforwarder/index.html;v2ray-go-main:release/extra/browserforwarder/index.html
41d3cab8c2f9aaacb5e3b50f67e4c9efc9ff213fda4d2a010a119cd2f31d21f8,3,v2ray-core-main:transport/internet/system_dns_android_test.go;v2ray-core-master:transport/internet/system_dns_android_test.go;v2ray-go-main:transport/internet/system_dns_android_test.go
475ae8a09eeb1a25a6b44ed1e28dce7811950cda863c9f8516059cab652d2d78,3,v2ray-core-main:release/debian/v2ray-geoip.install;v2ray-core-master:release/debian/v2ray-geoip.install;v2ray-go-main:release/debian/v2ray-geoip.install
5224be3d488cb12ee546a4cc84e3e8b64f02fadeee80ed41fb7d25c65fb3949f,3,v2ray-core-main:proxy/vmess/aead/kdf_test.go;v2ray-core-master:proxy/vmess/aead/kdf_test.go;v2ray-go-main:proxy/vmess/aead/kdf_test.go
590cb094d7c062d6d75aec25117ffd73b18d01c7aa5c9c7ec41598b04eb9efd0,3,Xray-tun-main:common/errors/multi_error.go;v2ray-core-master:common/errors/multi_error.go;v2ray-go-main:common/errors/multi_error.go
5e738620b7b97ef6a4a22cd29fa8f9cd3e394d33dbe497b9258fce50c680159f,3,v2ray-core-main:common/platform/ctlcmd/attr_other.go;v2ray-core-master:common/platform/ctlcmd/attr_other.go;v2ray-go-main:common/platform/ctlcmd/attr_other.go
6ae1a8a11e1b4135881bf1b907639807e341b82ddd97694318a3d8fb9c6ea692,3,v2ray-core-main:transport/internet/tls/pin.go;v2ray-core-master:transport/internet/tls/pin.go;v2ray-go-main:transport/internet/tls/pin.go
764a1bd4aae7515c7ba749da388a724730cf6c57e012f82d90ff4388495b56a2,3,v2ray-core-main:release/install-release.sh;v2ray-core-master:release/install-release.sh;v2ray-go-main:release/install-release.sh
8244894c592a91b05c1a392416588e69799e7194aadd0977872ff7f4d4f7ee18,3,v2ray-core-main:common/platform/platform.go;v2ray-core-master:common/platform/platform.go;v2ray-go-main:common/platform/platform.go
864a1382dea58fb77c9e33317890b714abc03c15d43e32468aa4e4d4c183dca5,3,v2ray-core-main:transport/internet/websocket/connforwarder.go;v2ray-core-master:transport/internet/websocket/connforwarder.go;v2ray-go-main:transport/internet/websocket/connforwarder.go
871beb30ec6081b2b4a1e00b80ea7ac3046e8b6a21396314ef30a0ebc34660e7,3,v2ray-core-main:transport/internet/sockopt.go;v2ray-core-master:transport/internet/sockopt.go;v2ray-go-main:transport/internet/sockopt.go
87b1bd96bf48039a7b6ac4bde078e5e0c2c5fe58d5589d919cb1b3d7b6aea980,3,v2ray-core-main:release/debian/v2ray@.service;v2ray-core-master:release/debian/v2ray@.service;v2ray-go-main:release/debian/v2ray@.service
8c80ca4f63087250e02b85895892ab4c6620ae0f8209f3355a2a5a9e38dc4dfe,3,v2ray-core-main:transport/internet/kcp/xor.go;v2ray-core-master:transport/internet/kcp/xor.go;v2ray-go-main:transport/internet/kcp/xor.go
907fb0582fa1da16c32ad13429b5d4f3914fb771b4fa063aa2c46e06b7eb6a7f,3,v2ray-core-main:common/antireplay/antireplay.go;v2ray-core-master:common/antireplay/antireplay.go;v2ray-go-main:common/antireplay/antireplay.go
a33a6a94ab71d32f541ae6904835305dc708271becd82029a455438c4772a88e,3,Xray-core-main:common/net/network.go;Xray-tun-main:common/net/network.go;v2ray-go-main:common/net/network.go
b6f12657ae4fd5244d6e5694087dee54c475c49273b248ea9421b96e1bba7556,3,v2ray-core-main:features/extension/browser.go;v2ray-core-master:features/extension/browser.go;v2ray-go-main:features/extension/browser.go
bc36da98adbeb399014b84ebdeea30f3ba1d21bbf4ad321a2c2d8a8482235dfc,3,Xray-tun-main:app/proxyman/config.go;v2ray-core-master:app/proxyman/config.go;v2ray-go-main:app/proxyman/config.go
bef27c988b00ff2a51ed57f14919c1ee116c3176196de55128aa6b2d7f7d1566,3,v2ray-core-main:transport/internet/sockopt_other.go;v2ray-core-master:transport/internet/sockopt_other.go;v2ray-go-main:transport/internet/sockopt_other.go
ca33d46ce9d48c926da0fe501c29c9ae67ed4c88847c22547a1a41b943800103,3,v2ray-core-main:proto.go;v2ray-core-master:proto.go;v2ray-go-main:proto.go
cada52cb238fccc0b914f31fa6a5860574774130ede07c2a58371ae2505ee114,3,v2ray-core-main:release/debian/v2ray-domain-list-community.install;v2ray-core-master:release/debian/v2ray-domain-list-community.install;v2ray-go-main:release/debian/v2ray-domain-list-community.install
cb587a075bb0addcdc0d22c9222a48d2c7004b54935b5021379d3d35dc1f2927,3,v2ray-core-main:release/extra/browserforwarder/index.js;v2ray-core-master:release/extra/browserforwarder/index.js;v2ray-go-main:release/extra/browserforwarder/index.js
ccb271d29f7ea55a0febb44fa0576f9b0713d8823fdcb11086ffcab47ab1c265,3,v2ray-core-main:transport/internet/tls/pin_test.go;v2ray-core-master:transport/internet/tls/pin_test.go;v2ray-go-main:transport/internet/tls/pin_test.go
cd4641d67e2a1bba85a27add6a9b0f714df76ce12e3a236ff67a6b684e71f91d,3,v2ray-core-main:common/buf/readv_posix.go;v2ray-core-master:common/buf/readv_posix.go;v2ray-go-main:common/buf/readv_posix.go
d0919d5bb7576d4b1a495856f1e561985d1063a8e22c74dfb90a5267c165331d,3,v2ray-core-main:release/debian/v2ray-docs.docs;v2ray-core-master:release/debian/v2ray-docs.docs;v2ray-go-main:release/debian/v2ray-docs.docs
e3af79f7dd172ba22f8fa35df5950bb23e386460826ce7d34b4293ae22a531ee,3,Xray-core-main:common/units/bytesize.go;v2ray-core-main:common/units/bytesize.go;v2ray-core-master:common/units/bytesize.go
e3b0c44298fc1c149afbf4c8996fb92427ae41e4649b934ca495991b7852b855,3,LEGION2-main:src-tauri/data/.scans/data.xml;SIMORGH-main:app/libs/.gitkeep;SIMORGH-main:app/src/main/java/com/rkh/vpn/service/SimurghPublicVpnService.kt.tmp
e8ab3c752efd2616345f090e661cca113562e8f711a45077e1d0ef2683170e1a,3,v2ray-core-main:testing/mocks/io.go;v2ray-core-master:testing/mocks/io.go;v2ray-go-main:testing/mocks/io.go
eb0b0d2844a3ab16ea87d3ecf44ba90345fdf3504dfaf7e6a5504f3d1eb6cdfc,3,v2ray-core-main:release/debian/v2ray.install;v2ray-core-master:release/debian/v2ray.install;v2ray-go-main:release/debian/v2ray.install
ec76da8f051a7cf0b18a080ba70239751a2c416bc697f7a768aaee04619c1b60,3,Xray-tun-main:common/net/port.go;v2ray-core-master:common/net/port.go;v2ray-go-main:common/net/port.go
f2fb9d82f2ecaec22a6a2c02f9f1536f8c0c47d866eddb5bdb281066e582ee22,3,Xray-core-main:features/routing/balancer.go;v2ray-core-main:features/routing/balancer.go;v2ray-core-master:features/routing/balancer.go
0016ac6804903ae08a03f293e8666b4bb6cb0aa099d694064e6ccd77a0229944,2,v2ray-core-main:testing/mocks/proxy.go;v2ray-core-master:testing/mocks/proxy.go
00615f2ae5e47ec54155fc44ae8b13574e3bede9d3235f2ddb78292ed5a19c32,2,v2ray-core-main:transport/internet/headers/utp/utp.go;v2ray-core-master:transport/internet/headers/utp/utp.go
00fae07a0676c6ab1dfaaf82ceb71024696f28d32c3e4eb7cc58db17333a2cdd,2,v2ray-core-main:app/log/errors.generated.go;v2ray-core-master:app/log/errors.generated.go
010d5d7dbefa9eb7b940417469778739ae8bf4ca3713839f69533a3eb435b7c1,2,v2ray-core-main:infra/conf/v4/shadowsocks_test.go;v2ray-core-master:infra/conf/v4/shadowsocks_test.go
01ba4719c80b6fe911b091a7c05124b64eeece964e09c058ef8f9805daca546b,2,lantern-main:lib/core/utils/decoration.dart;v2ray_client-master:config/supervisord.conf
01cd3b63a29ec9af8af826bf088d52efe6ef59261effb0f51e4449795945a740,2,v2ray-core-main:main/commands/all/tls/ping.go;v2ray-core-master:main/commands/all/tls/ping.go
02632fdb44b2154c782135cafa92264eb8a2c804a667bcf5f2fac9fd57d2e71b,2,v2ray-core-main:transport/internet/kcp/io.go;v2ray-core-master:transport/internet/kcp/io.go
02f2c8d38a1a0c414b8f524ecda9baf278609a267a8eafedb8f989c852ffedf8,2,v2ray-core-main:transport/internet/domainsocket/errgen.go;v2ray-core-master:transport/internet/domainsocket/errgen.go
02f668e2990a8b77968865e87d4b2106a5c6c503f5cc7114ec2165eb30b1ccc7,2,v2ray-core-main:features/feature.go;v2ray-core-master:features/feature.go
03dd3f64e9f004979bb4317417c8357aab6582481f8890f92bb64f1ad917d98d,2,v2ray-core-main:common/errors.generated.go;v2ray-core-master:common/errors.generated.go
0462f1fe089167dd0903545e52c877a133707d8b2fa1af32359b02c2a927afba,2,v2ray-core-main:common/buf/io_test.go;v2ray-core-master:common/buf/io_test.go
055a56ee0866f66e5aa5da73e59a230021f48726eeaeea6e5d51314bb63f02f6,2,v2ray-core-main:proxy/vlite/inbound/connAdp.go;v2ray-core-master:proxy/vlite/inbound/connAdp.go
0664a1b8a52381ac7b666b733bfde798be5d45aca0e68fbf0bffec9746138240,2,v2ray-core-main:infra/conf/merge/priority.go;v2ray-core-master:infra/conf/merge/priority.go
076d6582b1e999286d46d496fb0883833af585c0593066ff6b2c32b10b4b5801,2,v2ray-core-main:common/crypto/chacha20.go;v2ray-core-master:common/crypto/chacha20.go
079ca0aef3711fa4091e629f15ce0b26d6862c3cb88248fb6a2de9119b5be52a,2,v2ray-core-main:main/main.go;v2ray-core-master:main/main.go
07a67313f697c0334fc4e51ca41c4816a5cfca012655b45cf4a45eb8be40f9ac,2,v2ray-core-main:transport/internet/system_dns_android.go;v2ray-go-main:transport/internet/system_dns_android.go
082a9cdfea4ebe37087f53df0385548e6b8dd73f871447c355bc0c1af1a74d8b,2,v2ray-core-main:transport/internet/kcp/errors.generated.go;v2ray-core-master:transport/internet/kcp/errors.generated.go
08d9826aa2058427a556458c6128bb1c9b59afe757d201f81cf200b15308d481,2,v2ray-core-main:transport/internet/udp/config.go;v2ray-core-master:transport/internet/udp/config.go
0a1759a16f9b63b5c11a983cc57664a0fdf6cc5c389bd4b649dcc1db890c99db,2,v2ray-core-main:infra/conf/cfgcommon/tlscfg/errors.generated.go;v2ray-core-master:infra/conf/cfgcommon/tlscfg/errors.generated.go
0b2325eceb3fa80ee547652aa7485a658d078313c9b90762c2a53c93b413c592,2,v2ray-core-main:proxy/blackhole/config.go;v2ray-core-master:proxy/blackhole/config.go
0b44888204572eeaf8ae8882bb19bd7ab41b5e725bbad93be69f488e9c20acae,2,Xray-core-main:proxy/trojan/protocol_test.go;Xray-tun-main:proxy/trojan/protocol_test.go
0c0c2efe2a02c4037b25aa7b4eb2c3c1fd9454f2df389d140561c485e5077989,2,v2ray-core-main:app/policy/errors.generated.go;v2ray-core-master:app/policy/errors.generated.go
0c4d6f770220173d7b9c1d7dcab7f69a0ea849d54210a4ac655c33baf5985187,2,v2ray-core-main:infra/conf/v5cfg/skeleton.go;v2ray-core-master:infra/conf/v5cfg/skeleton.go
0cf608a66e816341c8ace47ccbc8833df0770e177f6c788047d4b3be5fbc5cfa,2,v2ray-core-main:common/cmdarg/errors.generated.go;v2ray-core-master:common/cmdarg/errors.generated.go
0e0fffa1a510b3b31d1f1ccffcf2b5ef7a9e14c24c0a155c20b5dec2194ab1ad,2,v2ray-core-main:proxy/vmess/aead/encrypt.go;v2ray-core-master:proxy/vmess/aead/encrypt.go
0ecb985f054630a9f548a56f18f0dd7b77317a5f6dc8b64690f4999c9a2ac0ce,2,v2ray-core-main:common/bitmask/byte_test.go;v2ray-core-master:common/bitmask/byte_test.go
0f2df019bceb60b7414ec26b4effb3b01383f46c1aad0e8b9c4ee38166b6f381,2,v2ray-core-main:common/drain/errors.generated.go;v2ray-core-master:common/drain/errors.generated.go
1208abc617e19fb291e1cb43129282547df6fab7559ccc2512055a6ad240f165,2,v2ray-core-main:common/strmatcher/matchergroup_substr_test.go;v2ray-core-master:common/strmatcher/matchergroup_substr_test.go
1249890aac207a00d7d8078fe77403e5ae360122a6353c3758bfac963ea7b12b,2,Xray-core-main:common/net/destination.proto;Xray-tun-main:common/net/destination.proto
14085bebe4564038c35ea171af8f732158049e1e5198184f756a5a5ff518aaf1,2,v2ray-core-main:main/commands/all/errors.generated.go;v2ray-core-master:main/commands/all/errors.generated.go
14dece29411fbdad5eeab9172a5a56c3410e9971be264b26b56811d9a30861ca,2,Xray-tun-main:common/strmatcher/domain_matcher.go;v2ray-go-main:common/strmatcher/domain_matcher.go
1511a9fad022a267759bdb8b44a06f47964be0107b73db78ec49f6d440040503,2,v2ray-core-main:proxy/loopback/config.proto;v2ray-core-master:proxy/loopback/config.proto
154774b285edf4bf2f5ebee2f7d161f06637d7f14f6d6a8efec6cd29d84286c6,2,v2ray-core-main:common/strmatcher/matchergroup_ac_automation_test.go;v2ray-core-master:common/strmatcher/matchergroup_ac_automation_test.go
16b56232ada9b36e6bf61a2de52fa017a8a6a3fdd86c8a5d7bba50e0ab9ad442,2,v2ray-core-main:transport/internet/udp/hub_other.go;v2ray-core-master:transport/internet/udp/hub_other.go
175cebaca3a96bc1054274f3e9ffcd55d3c3838826478af4540bb4435b95d129,2,v2ray-core-main:.github/ISSUE_TEMPLATE.md;v2ray-core-master:.github/ISSUE_TEMPLATE.md
1764f79ae79b8095c4bbb00216d1a59ba3f832e514282132cd4a658df796b166,2,Xray-core-main:common/crypto/chunk_test.go;Xray-tun-main:common/crypto/chunk_test.go
184f5c725c890749c4e9c0029fc745fa66e503bcc791495db7b413d54cb025d5,2,v2ray-core-main:testing/servers/http/http.go;v2ray-core-master:testing/servers/http/http.go
1944ecf7b48597957c4fd194d75d6bb3091902c54323156a58fcd1f957652c3e,2,v2ray-core-main:app/proxyman/command/doc.go;v2ray-core-master:app/proxyman/command/doc.go
19bf1b88374f318fa089a41d8c65e5447f57017cccb08c6b204353342e35fc69,2,v2ray-core-main:transport/internet/tcp/config.go;v2ray-core-master:transport/internet/tcp/config.go
19cb98cfee7e76fe806b2736f11bfa1c17170786d8078527e2de84a13ea970a2,2,Xray-core-main:common/geodata/strmatcher/matchergroup_substr.go;v2ray-core-master:common/strmatcher/matchergroup_substr.go
19e248c325baebd2c713769cef7152a23ed5866073e245515115346d94b88d03,2,v2ray-core-main:common/taggedfeatures/taggedfeatures.go;v2ray-core-master:common/taggedfeatures/taggedfeatures.go
1a96193b02fa03adb8ed680763f2fd0c12defe6b92e7ece958dbbcf0e172d9d4,2,v2ray-core-main:common/protocol/id_test.go;v2ray-core-master:common/protocol/id_test.go
1acea4b7c627b086e6d911532702ca001d686eda8cf8c40fb2d22d1e9347103d,2,v2ray-core-main:transport/internet/header.go;v2ray-core-master:transport/internet/header.go
1b13504d0d6dede9c852f3e724c4b1377c49e58592766a0bd492a272753de1d3,2,v2ray-core-main:app/stats/channel.go;v2ray-core-master:app/stats/channel.go
1b15ababd91cc3a7380f4bd4e3e67302b27b53394f56c53e7726abe33ec632e8,2,v2ray-core-main:transport/internet/headers/srtp/srtp_test.go;v2ray-core-master:transport/internet/headers/srtp/srtp_test.go
1bbadc5e1dfaa49935005e8b478b3ca49c519b66d3a3aee0b099730d05589978,2,v2ray-core-main:release/config/config.json;v2ray-go-main:release/config/config.json
1c1e4b819353fee833fc03337647e5e0e8977b76f48f8ef56cf499b9864818de,2,v2ray-core-main:transport/internet/tcp/sockopt_linux.go;v2ray-core-master:transport/internet/tcp/sockopt_linux.go
1d8da36a230410f7252f5904691a8f3d1d041768b1925d41edf11291c108a0a5,2,v2ray-core-main:common/retry/errors.generated.go;v2ray-core-master:common/retry/errors.generated.go
1e566b6234b3e3be219691c278f3ee43e42f2fecd15cb572b6ce9d704a261d52,2,v2ray-core-main:infra/conf/geodata/standard/errors.generated.go;v2ray-core-master:infra/conf/geodata/standard/errors.generated.go
1ea5202e6ea2f868919e463c4f98fb2dc944c89aa2bb6f004ca7439647904d7a,2,v2ray-core-main:common/strmatcher/matchergroup_mph_test.go;v2ray-core-master:common/strmatcher/matchergroup_mph_test.go
1f2155d31a6edca8617124f724734a58335012bf0e67840352b788488afd0ac8,2,v2ray-core-main:common/serial/typed_message.go;v2ray-core-master:common/serial/typed_message.go
1f256ecad192880510e84ad60474eab7589218784b9a50bc7ceee34c2b91f1d5,2,Xray-core-main:LICENSE;Xray-tun-main:LICENSE
1f65315f4308bc985371725d08529924c663a89279080a3ac6a064e7a1897260,2,v2ray-core-main:transport/internet/tcp/sockopt_other.go;v2ray-core-master:transport/internet/tcp/sockopt_other.go
1fdf687554fddd6d1320fbef23b7248e77be924578d981b9a3ed73b889b5102f,2,v2ray-core-main:infra/conf/v4/reverse_test.go;v2ray-core-master:infra/conf/v4/reverse_test.go
2067ebec443e22a14dfc9bb7918e4a7503f425c4f2d2d8e2e8db2e4a67865aff,2,v2ray-core-main:proxy/vless/account.go;v2ray-core-master:proxy/vless/account.go
20f49115f1a298ddd183cfd4f5cc12ff5329adda2516e364077a14f98f8234a2,2,v2ray-core-main:proxy/vmess/encoding/encoding.go;v2ray-core-master:proxy/vmess/encoding/encoding.go
21d051c49201fc1ecd1b07b0237178dcae393ac31ac4a3945b6d4ff613906405,2,v2ray-core-main:common/net/destination.proto;v2ray-core-master:common/net/destination.proto
229c93cda4608a97b38ac3a342c8f032dde763ec779b5591866001d89764e0aa,2,v2ray-core-main:main/commands/all/api/jsonv4/init.go;v2ray-core-master:main/commands/all/api/jsonv4/init.go
22bf461c7fb45fc965e363794b942189c7bf43da7dce8f6487fc793be794a271,2,v2ray-core-main:app/log/config.proto;v2ray-core-master:app/log/config.proto
235e5453b770ca0c03c103ce6c8303ebe333f9465a9f0d3174b739b81bc78323,2,v2ray-core-main:main/commands/base/help.go;v2ray-core-master:main/commands/base/help.go
237605a9483ca24bb7ed8ca64c0ead22b88e9806c51ab35fb53f34f31c736281,2,v2ray-core-main:transport/internet/quic/quic.go;v2ray-core-master:transport/internet/quic/quic.go
23bb462d217d5ab5f6574478407bb7969e31d1c702454d4b696445667fb42e52,2,v2ray-core-main:infra/conf/serial/errors.generated.go;v2ray-core-master:infra/conf/serial/errors.generated.go
247cbd9260d65d1b8a6614e0eaa61fb6e9677835559757e9547043c742752c5a,2,Xray-tun-main:common/antireplay/replayfilter.go;v2ray-go-main:common/antireplay/replayfilter.go
24b521eef72f3478c4c01de098ab5ba897398f9053c7e43ce5245ad0a3157345,2,v2ray-core-main:transport/internet/quic/errors.generated.go;v2ray-core-master:transport/internet/quic/errors.generated.go
24fb69d286879576342cf12a4b6fda8690d9cb5dbfc392bc4b6c7c4c867753d5,2,v2ray-core-main:transport/internet/kcp/config.go;v2ray-core-master:transport/internet/kcp/config.go
253e08da4ccf76159dbf11e1783e10aa4c4acbb32263c5443ce274b39671e548,2,v2ray-core-main:app/router/routercommon/common.proto;v2ray-core-master:app/router/routercommon/common.proto
25590d7aa1a2406eb0a10c46bce9cf1a0f5a9b51d3c8c87761013a7ebc37d586,2,v2ray-core-main:common/mux/session_test.go;v2ray-core-master:common/mux/session_test.go
259b0cb34790d805024e41732cc4faab58529521d22f857c5553e7745d17900e,2,v2ray-core-main:proxy/vmess/inbound/config.proto;v2ray-core-master:proxy/vmess/inbound/config.proto
26b1f27c7f6b570480a22735a1676297acb370579b46240691163a70fdbed6b7,2,v2ray-core-main:common/crypto/chunk_test.go;v2ray-core-master:common/crypto/chunk_test.go
26c45a5fbd629254a625ab350866bedff22b7ee9b3cb418f50abce36f6aee857,2,v2ray-core-main:transport/internet/errors.generated.go;v2ray-core-master:transport/internet/errors.generated.go
26e2fac43934389fb5c0dd69cba9faffa5d8e3e7be2acdd78e46c70e633817b0,2,v2ray-core-main:common/buf/multi_buffer.go;v2ray-core-master:common/buf/multi_buffer.go
27a2d0d909908ad323b7457f2c5597a3ccb525ce33bff7d8063205ad5b5ebb3a,2,v2ray-core-main:common/cache/lru.go;v2ray-core-master:common/cache/lru.go
28bc091855a6c92d423119a8ded80b3a62d712dd7b602a8df74d7d188b6744ab,2,v2ray-core-main:app/instman/instman.go;v2ray-core-master:app/instman/instman.go
298da3950582c3f6ae05e6f92ebba9d636044ee4eead938a2677ba2371e461a5,2,v2ray-core-main:app/router/balancing_override.go;v2ray-core-master:app/router/balancing_override.go
2a835ce7bacf1b85f912ae56e0fedca9cbb0241a07886f2aa7648aaf61f84dde,2,Xray-core-main:app/dispatcher/stats_test.go;Xray-tun-main:app/dispatcher/stats_test.go
2ad1ea7c8ca58529f33fd4e836b1e189dbfa37d1f5c5550e43c04cb7919758e5,2,Xray-core-main:common/geodata/strmatcher/matchergroup_simple.go;v2ray-core-master:common/strmatcher/matchergroup_simple.go
2bc671d3a0303e7ff18274e9c90f4dab0de3e35e123d6b735668f28b0af7a9f2,2,v2ray-core-main:transport/internet/kcp/connection_test.go;v2ray-core-master:transport/internet/kcp/connection_test.go
2be97085731037d53c2b52b0e88df5ee193a02ad7d73f9961579601b88a0f893,2,v2ray-core-main:common/buf/reader_test.go;v2ray-core-master:common/buf/reader_test.go
2bed9dacec8787a853bcc578d447f28d046c2eabcc39d8d7397c510ea5b5b50c,2,Xray-core-main:common/log/log.proto;Xray-tun-main:common/log/log.proto
2c09960d2414b02538d2789c96d9ce59b0a9e3a450f57e5f28c79802b1738b00,2,Xray-core-main:transport/internet/sockopt_test.go;Xray-tun-main:transport/internet/sockopt_test.go
2c1ab04c92e0f3a66f5181a135017f15d376797c6d9b0d98548fdbd1ae14f603,2,v2ray-core-main:infra/conf/geodata/geodata.go;v2ray-core-master:infra/conf/geodata/geodata.go
2c6ecbaf8a2f6f0071485f069cdb19cf41fe9a0eabc9fe70476f2b369d289d79,2,v2ray-core-main:transport/internet/headers/wireguard/config.proto;v2ray-core-master:transport/internet/headers/wireguard/config.proto
2c7118e056dd21dca10086aca2c16b358c409106b9bc501e88a7c2fc28a83447,2,v2ray-core-main:infra/conf/v4/vless_test.go;v2ray-core-master:infra/conf/v4/vless_test.go
2cc383ad1c77342a1b2c08327e2189fae2dc7ad88d08e156133114cbcb5aaf53,2,Xray-tun-main:common/strmatcher/strmatcher.go;v2ray-go-main:common/strmatcher/strmatcher.go
2d40a722d8775881e8d594e79ea83595e536da136a475ba402e779c47af9c0fe,2,v2ray-core-main:proxy/vmess/validator_test.go;v2ray-core-master:proxy/vmess/validator_test.go
2d576bc94e123cbdf4e3593948c5337f9f4127e9408d5a521b440eea3cad1501,2,v2ray-core-main:.github/ISSUE_TEMPLATE/other_en.md;v2ray-core-master:.github/ISSUE_TEMPLATE/other_en.md
2ddbcc1a5de5c1240ec1d7dfcf760d7e489b07eb91137bc8b38a9d764dfdb7ad,2,v2ray-core-main:common/buf/buf.go;v2ray-core-master:common/buf/buf.go
2e3d93492c8f8ca6fb4a980fe58a94272544fa6d3549fef27b307f3afd7816d7,2,v2ray-core-main:mocks.go;v2ray-core-master:mocks.go
2f595ff0f39a6e49d8e273da645a79f6a4a8e5051d3145105b403e4ab293f3b8,2,v2ray-core-main:main/commands/all/api/jsonv4/outbounds_remove.go;v2ray-core-master:main/commands/all/api/jsonv4/outbounds_remove.go
319524ecd20a0156a74ea9c6d551c2b825dff5d51d186a765f91d40927529659,2,v2ray-core-main:proxy/freedom/errors.generated.go;v2ray-core-master:proxy/freedom/errors.generated.go
320fe210a3c0a1d32b1788beb4f82eda46d7fc08a2884cbe0c9ba52bd310fc68,2,v2ray-core-main:app/instman/command/command.proto;v2ray-core-master:app/instman/command/command.proto
32101b504cd0cc21fbb9d0edcb7872184a6a8859dbd003af00f7867b1cf943dd,2,v2ray-core-main:infra/conf/cfgcommon/loader/loader.go;v2ray-core-master:infra/conf/cfgcommon/loader/loader.go
3274dae3d37a56c8f5c296832c0ef63a50a15343cd4663d89970da209667dbef,2,Xray-core-main:main/version.go;Xray-tun-main:main/version.go
33763279e40efabe958c442629c9e3b33d137e244b23cfba8b1d0a5d2a7f7fd2,2,v2ray-core-main:common/retry/retry_test.go;v2ray-core-master:common/retry/retry_test.go
3382ab75ff19b6333208568c2b70da7ff745d07c443081a69be4374b10ab158a,2,v2ray-core-main:testing/mocks/outbound.go;v2ray-core-master:testing/mocks/outbound.go
33e709d412b4dfbcdd68f79d57f6390083649dcf6d29f17d9787680f6bf0d1f1,2,v2ray-core-main:proxy/vmess/encoding/commands.go;v2ray-core-master:proxy/vmess/encoding/commands.go
355f1ccd16082a9e9a16577a8cd9e488dddde3f8c7c0f90cf1b1e60f3a3d0062,2,v2ray-core-main:proxy/loopback/config.go;v2ray-core-master:proxy/loopback/config.go
356e3d628acfd36dedd81519d57879a39651d756d6b12735d7bf821129c6b4ed,2,v2ray-core-main:features/extension/storage.go;v2ray-core-master:features/extension/storage.go
366415c5442f31e20ddf98be96a7b9feeaf874df6f6c902c6c427331c9f92d5f,2,v2ray-core-main:main/commands/all/api/jsonv4/inbounds_add.go;v2ray-core-master:main/commands/all/api/jsonv4/inbounds_add.go
3669036993d212f86a9b4b8ac790d4adf79e67daffd7fce0a438a530680fa48f,2,Xray-tun-main:common/protocol/user.go;v2ray-go-main:common/protocol/user.go
36d5c65c02862a41bf62a616abb6a0b6277083f77b07b14d94b5399c63ed9e8f,2,v2ray-core-main:common/protocol/tls/cert/cert_test.go;v2ray-core-master:common/protocol/tls/cert/cert_test.go
3709943f2828aef6d16c7da57ed1e93bc15db809def290c06b7da3ef7be6f537,2,v2ray-core-main:app/policy/manager.go;v2ray-core-master:app/policy/manager.go
395271028c1186ee936efd0906a32bfffea742c7e589e008a168b4ab67f12453,2,v2ray-core-main:infra/conf/rule/errors.generated.go;v2ray-core-master:infra/conf/rule/errors.generated.go
3a037234b19d6cae913fea6e02a15904377f72c7bf70ae5c1207a47d0a4b0f3c,2,v2ray-core-main:transport/internet/tagged/taggedimpl/errors.generated.go;v2ray-core-master:transport/internet/tagged/taggedimpl/errors.generated.go
3a71adda76c8fbc292ee763a732d6a3550333659eaf104c974587deb13477fb9,2,v2ray-core-main:infra/conf/v2jsonpb/errors.generated.go;v2ray-core-master:infra/conf/v2jsonpb/errors.generated.go
3a952ce537daef3a8aacf4cb2141c6a210a4c19f4e09054217874a8c2cd78682,2,Xray-core-main:proxy/vmess/aead/kdf.go;Xray-tun-main:proxy/vmess/aead/kdf.go
3b49c967c737f8734439fc3aed1f51f71cb03dc56e72907f0865b2725dfb3808,2,v2ray-core-main:app/restfulapi/config.proto;v2ray-core-master:app/restfulapi/config.proto
3b5b3b1322918af7c3cb3e4252dbbe8a6a2e5c64b19bafc9f0249df3da747a8b,2,v2ray-core-main:common/crypto/errors.generated.go;v2ray-core-master:common/crypto/errors.generated.go
3c12ffe3042de2ffb816b4f2eb9d04782932e45f6092f4661a23cf34b2736073,2,v2ray-core-main:.github/ISSUE_TEMPLATE/bug_cn.md;v2ray-core-master:.github/ISSUE_TEMPLATE/bug_cn.md
3d2ab16cce85520af49a87ee8f8f9cd4ddddd56cb539a3c560807d01359eb343,2,v2ray-core-main:infra/conf/cfgcommon/session.go;v2ray-core-master:infra/conf/cfgcommon/session.go
3dc2bf105bdfdfabb2694f99a866f59833bb9aa1a50a55167bb68531992683d1,2,v2ray-core-main:common/strmatcher/indexmatcher_linear_test.go;v2ray-core-master:common/strmatcher/indexmatcher_linear_test.go
3f0c3f84cf3fd0a723e5bb1819a2f6a8a97687c713d5ae7c2b2c95f381f642b7,2,v2ray-core-main:infra/conf/cfgcommon/buildable.go;v2ray-core-master:infra/conf/cfgcommon/buildable.go
3f13e89cb512bc814405bc44faadf9ecbca3a1f71d7ad0d3b116378c95f87aed,2,Xray-core-main:common/serial/typed_message_test.go;Xray-tun-main:common/serial/typed_message_test.go
400ceed85d2e884564f5d760934610878ef87ad5a9330000a5a78dff108d8b3b,2,Xray-tun-main:infra/conf/buildable.go;v2ray-go-main:infra/conf/buildable.go
40c21d1c9f06e8db94d9e7108734b987ae3004bbcd61d19d8183c3dc4a173de0,2,v2ray-core-main:common/protocol/server_picker_test.go;v2ray-core-master:common/protocol/server_picker_test.go
40d097c90c24386b0f6d8270068a3a4000eedcee6261567565991c574eb0c8d0,2,Xray-core-main:common/crypto/chunk.go;Xray-tun-main:common/crypto/chunk.go
40d0e59814f479a1d1abf6932312183160f9ec9e4d591f251f5c8d1c4047a100,2,v2ray-core-main:infra/conf/v4/policy_test.go;v2ray-core-master:infra/conf/v4/policy_test.go
40ee48ae0cfabc69a20c562a43315393cae4035662c499f80d84d4055ef1b469,2,v2ray-core-main:app/observatory/multiobservatory/config.proto;v2ray-core-master:app/observatory/multiobservatory/config.proto
4111698b5baaeac2a155d31eab364f7d3192f5a17bee0165c9a7b2d8d81d39bc,2,v2ray-core-main:main/commands/all/uuid.go;v2ray-core-master:main/commands/all/uuid.go
428088ddb6c3bae6f92623536a8f04f30700b6f9cfaee09649c27bd1205d3f48,2,Xray-core-main:testing/coverage/coverall2;Xray-tun-main:testing/coverage/coverall2
431226a33168ac2f767e7bf040fe0b0729444038f24f2ce8040c7d71b87114c9,2,v2ray-core-main:infra/conf/cfgcommon/proxycfg/proxy.go;v2ray-core-master:infra/conf/cfgcommon/proxycfg/proxy.go
4369d6126c51c06eadbdba803029f936a1539c2f8dd1877f1856a77b12c88053,2,v2ray-core-main:transport/internet/tcp/sockopt_freebsd.go;v2ray-core-master:transport/internet/tcp/sockopt_freebsd.go
43f3453b6323a233cb5186d05bac83719e7e28f5d5e54217bd9496c9e622bbaa,2,v2ray-core-main:common/protocol/server_spec_test.go;v2ray-core-master:common/protocol/server_spec_test.go
4476c302540837ac8e0de6bd242d20e9914e8a9eee0ec66acb41c515092b5f4a,2,v2ray-core-main:transport/internet/headers/tls/dtls_test.go;v2ray-core-master:transport/internet/headers/tls/dtls_test.go
44ef79c8479d436f0758f489f843d3f40ca3eb37c1f8a595feabc69a2ec3e09c,2,v2ray-core-main:proxy/vless/validator.go;v2ray-core-master:proxy/vless/validator.go
45053e73fcb6048992d2db20ee0289df7be7b72a6086293bf3c91eeaa7719b10,2,v2ray-core-main:features/stats/stats.go;v2ray-core-master:features/stats/stats.go
4689b72b05f6be0011bbd8ff93a9bd069e2c1da5b2286ad7f85c287c27a32399,2,v2ray-core-main:main/formats/formats.go;v2ray-core-master:main/formats/formats.go
468eebd21c7d8532e6f2c157691ebb719500bca0d64132b0d02361358ab7b123,2,v2ray-core-main:main/commands/errors.generated.go;v2ray-core-master:main/commands/errors.generated.go
4704777fd75b6aa343846b0bbaa6bfa9644fa60ebd00742065adfe2624c13907,2,v2ray-core-main:common/protocol/tls/cert/errors.generated.go;v2ray-core-master:common/protocol/tls/cert/errors.generated.go
47598ba37440a0bf3fd7ae3a51afa7d83630ef113b749c5dc6d6ea06120a19bc,2,v2ray-core-main:transport/internet/headers/srtp/config.proto;v2ray-core-master:transport/internet/headers/srtp/config.proto
47d0baba5dea6a7d42ec8138adc6f7d1ff211b53f8dbc754a8ce3460c40194b6,2,v2ray-core-main:common/net/address.proto;v2ray-core-master:common/net/address.proto
47e4f3e1e4f5426deb3590b626b4f6c6c72787de70def345b1b89997eb97f16d,2,v2ray-core-main:common/errors/errors.go;v2ray-core-master:common/errors/errors.go
48265b53619befcea173ff8e018dd09cd79c878488efc0e11cb792b92b8c2a3c,2,v2ray-core-main:app/log/log_creator.go;v2ray-core-master:app/log/log_creator.go
48617b549d4c1415dab63196c11a25a0d46c5dfc5b16c6befeb8e3a1e02488a3,2,Xray-core-main:common/geodata/strmatcher/indexmatcher_linear.go;v2ray-core-master:common/strmatcher/indexmatcher_linear.go
487e95fc6a1fe5be72e5941e7fc8d4b207c13d479e2d4fb7d4a7fd822851498f,2,v2ray-core-main:infra/conf/v4/blackhole_test.go;v2ray-core-master:infra/conf/v4/blackhole_test.go
48ce524b304b3b14ac90071c167783b45d4856f7a4519695f813eec1a87dbb7e,2,v2ray-core-main:infra/conf/geodata/errors.generated.go;v2ray-core-master:infra/conf/geodata/errors.generated.go
495be5b7aff71e010d10adaf6c9050025eec73be6f741110b2f2573f1c31399d,2,v2ray-core-main:transport/internet/headers/wireguard/wireguard.go;v2ray-core-master:transport/internet/headers/wireguard/wireguard.go
496d91ebb52b5fa80b63db38767a7a023f6120a5625cb11b59eed1ea7165a709,2,v2ray-core-main:common/protocol/time_test.go;v2ray-core-master:common/protocol/time_test.go
4973d16166ff55e0f3ee6353b6599ff07c42646334411a473bce31f1fb80850e,2,v2ray-core-main:common/dice/dice.go;v2ray-go-main:common/dice/dice.go
49ac1736a163611dda6064b6ce6126d5d65e7b2ab50f40ab1e913737a8593880,2,v2ray-core-main:main/commands/all/jsonv4/init.go;v2ray-core-master:main/commands/all/jsonv4/init.go
4a8328e80fa6717d3d3002daf426b2c8ba896158e7b1ec754c38fe2275b6d30b,2,v2ray-core-main:transport/internet/tcp/sockopt_linux_test.go;v2ray-core-master:transport/internet/tcp/sockopt_linux_test.go
4af486bf3f9ca3e2cb2da392fc3268c7436d10d0143e5c886c5a37283a12c960,2,v2ray-core-main:common/serial/typed_message_test.go;v2ray-core-master:common/serial/typed_message_test.go
4af92d4829335e2d8d791713b04f3f8867b6d3eec56c5a0c279af6dff7ee5a5c,2,v2ray-core-main:transport/internet/udp/copy.go;v2ray-core-master:transport/internet/udp/copy.go
4b2230adefffd89eee3cb0db36e2a32a9e2b530f9020c2a4e43e48bfb12caab5,2,Xray-core-main:common/geodata/strmatcher/matchergroup_full.go;v2ray-core-master:common/strmatcher/matchergroup_full.go
4b3c342568701532314e189f813054a5cfe43c28783a1751757da3d7aeb474e4,2,v2ray-core-main:app/observatory/burst/errors.generated.go;v2ray-core-master:app/observatory/burst/errors.generated.go
4c491a5cabd702874e1e879ae1dc629ae68db41ac781ad8d38b5a044cb0e8784,2,Xray-core-main:common/protocol/time_test.go;Xray-tun-main:common/protocol/time_test.go
4ce7278ef8cff387f85a8beaaff27a87d44ab898fac52090c2ff4131618affad,2,v2ray-core-main:common/crypto/io.go;v2ray-core-master:common/crypto/io.go
4d7448d6dd199b91f557ae58f2f5243a2f59bac03ae5236b8262c60ead5fd76d,2,v2ray-core-main:proxy/dokodemo/config.go;v2ray-core-master:proxy/dokodemo/config.go
4dd43878ca8b3bff3d841614740f22851ae7c17d3ab5bf1ae26afdcac3fc1b3d,2,v2ray-core-main:app/instman/config.proto;v2ray-core-master:app/instman/config.proto
4de54d265ee531fc0ad1ce7f1ff85cf48a8443bbe15f0c259e2a87f6d2ba8d89,2,v2ray-core-main:common/net/net.go;v2ray-core-master:common/net/net.go
4e85185f171a345ffd5a208e8aa1a1c38d4625a065a6c2776b1317c1754a9075,2,v2ray-core-main:main/commands/all/api/jsonv4/inbounds_remove.go;v2ray-core-master:main/commands/all/api/jsonv4/inbounds_remove.go
4ec1ceaf788f899f77f7458367099c8bf7ee35bf36afc084aa77e03011e4a643,2,v2ray-core-main:app/proxyman/command/command.proto;v2ray-core-master:app/proxyman/command/command.proto
4f40a8415a9980c77acc37576f3da0aa256f5e686b9e8da0acced8197ff5b84b,2,v2ray-core-main:common/antireplay/replayfilter.go;v2ray-core-master:common/antireplay/replayfilter.go
4fb09e3dda75af685ce547c706005afcb8a1fbe0541cfb98d080ad51ac168210,2,v2ray-core-main:transport/internet/headers/wechat/config.proto;v2ray-core-master:transport/internet/headers/wechat/config.proto
4fd3e40e0d7007e588e5295119b5a4b547a1de74c2dbe45e1224af1616df0dff,2,v2ray-core-main:app/restfulapi/service.go;v2ray-core-master:app/restfulapi/service.go
509688246e30c849c1107ebbf0fc13cfe149eb1fc515c568f50f9bed970635db,2,v2ray-core-main:features/routing/router.go;v2ray-core-master:features/routing/router.go
50cfc242c8444fef65eb61666bb809724f2ba0bceb0622dabf02a08970222007,2,Xray-core-main:testing/servers/udp/port.go;Xray-tun-main:testing/servers/udp/port.go
51b164402e76ab6200ea52241c08628ec5b6deae89c69310ba05f666a9edf716,2,v2ray-core-main:common/crypto/crypto.go;v2ray-core-master:common/crypto/crypto.go
51f58eb61e0375e9d55e1e0d01ad75e8398daff4d9558c57ae65452767a89e5d,2,v2ray-core-main:common/signal/timer.go;v2ray-core-master:common/signal/timer.go
5213540776ff5c18725f3a77c5ea5f3c055be6ab6971792af618ea1c11f486a9,2,v2ray-core-main:infra/conf/geodata/memconservative/errors.generated.go;v2ray-core-master:infra/conf/geodata/memconservative/errors.generated.go
5288cd636154c2e8bb169227cb910a7f519208891b3eab75f701f01bd6b76786,2,Xray-tun-main:common/buf/io.go;v2ray-go-main:common/buf/io.go
52f7b39a393db682d1a1dee1c96039ff3191b86678742ca952a97e35cce2a711,2,v2ray-core-main:infra/conf/v5cfg/errors.generated.go;v2ray-core-master:infra/conf/v5cfg/errors.generated.go
54794e377996a9362fd7af5e86a1f4eec6d372023b9bbaad3c90ed8adf5ab9cd,2,Xray-core-main:common/bytespool/pool.go;Xray-tun-main:common/bytespool/pool.go
552191674782349ffd6cc2c801bb82ac60ebe7e549acd23147288bb5db53fe3a,2,v2ray-core-main:common/log/log.proto;v2ray-core-master:common/log/log.proto
569a93628577164bd7a8aef2b272a5891f4e6e21ae370937a5a217958b44c193,2,v2ray-core-main:common/errors/errorgen/main.go;v2ray-core-master:common/errors/errorgen/main.go
57126dd16b27436424efc21c33549b6bd937f7f8f6115d8670fa774d38e1c914,2,v2ray-core-main:common/protocol/user.go;v2ray-core-master:common/protocol/user.go
5712af671b8808a9a4f1e0ef2a8bb6267f8eb3f72d58e826652cc22376f3460b,2,v2ray-core-main:common/protocol/server_spec.go;v2ray-core-master:common/protocol/server_spec.go
57c3d51f86ba5785c00b7d4e5eeaed4b84c14bb5a5ffd941829674d8c734bdbb,2,v2ray-core-main:common/task/common.go;v2ray-core-master:common/task/common.go
5865896c1244fb1df2a6b5f94e660ec205f3ebb35cf7918a5e938635559a3152,2,v2ray-core-main:transport/internet/headers/http/config.proto;v2ray-core-master:transport/internet/headers/http/config.proto
58b502fb09b0554bbe5ed2bb810834eb5f6dc57945b81d93ed14f4f7a0d12c1b,2,Xray-core-main:common/geodata/strmatcher/matchergroup_ac_automation.go;v2ray-core-master:common/strmatcher/matchergroup_ac_automation.go
58cab3928504fd1bb8affbd09e374d7a3f504fdb5501ca14ff396041ac0a2457,2,v2ray-core-main:common/protofilter/errors.generated.go;v2ray-core-master:common/protofilter/errors.generated.go
5988ef9368759132ab7e299baa0820a2de2f869bad4cd3181436892f267d747e,2,Xray-core-main:testing/servers/http/http.go;Xray-tun-main:testing/servers/http/http.go
59b35c2c5b448bd2975921ca6c2e821fe0ea51d17c32f5238853afd876b1ab3e,2,v2ray-core-main:transport/internet/websocket/config.go;v2ray-core-master:transport/internet/websocket/config.go
5a31a9a937e7fbd3b6c514fb555c10861e57e4a74c83313f120123ea73868a2a,2,Xray-core-main:core/mocks.go;Xray-tun-main:core/mocks.go
5a38d8926104b4acb36a9d87b55fc0fb615a5ce7b3600f2bf245b06b7931983d,2,v2ray-core-main:app/browserforwarder/errors.generated.go;v2ray-core-master:app/browserforwarder/errors.generated.go
5ab95c450ee68653d59a87c22bd16ad4dc9e5fbed6a8ea18da232b86f57a3537,2,v2ray-core-main:transport/internet/kcp/listener.go;v2ray-core-master:transport/internet/kcp/listener.go
5adeaf1ed7868e9c4afb001cb755501394f0d838d1c22081444d9fc001a7abef,2,Xray-core-main:infra/conf/policy_test.go;Xray-tun-main:infra/conf/policy_test.go
5b24ef4c87520eaeb1b664628afc4b7ba63328433d0e48fd08d8a0098a76af05,2,Xray-core-main:common/buf/io_test.go;Xray-tun-main:common/buf/io_test.go
5c4dd0db69dac2b2de20863d685eb6eb8142843fb159e516a83ca3a54d91a91a,2,v2ray-core-main:proxy/blackhole/config_test.go;v2ray-core-master:proxy/blackhole/config_test.go
5c8298c0f65fce2a29b68140dbe50c9c0872d3d9e682349439222fe9f6d98d80,2,v2ray-core-main:main/commands/test.go;v2ray-core-master:main/commands/test.go
5d0cbdb24a94475d81d40a7722be51c210f554f16802f9598f1ba958cbffdf79,2,v2ray-core-main:common/strmatcher/matchergroup_simple_test.go;v2ray-core-master:common/strmatcher/matchergroup_simple_test.go
5d17622e871d95da9841925538516685076467c670a1d4248ac17ff89ce569ec,2,v2ray-core-main:proxy/shadowsocks/shadowsocks.go;v2ray-core-master:proxy/shadowsocks/shadowsocks.go
5d91454bf2f686b51a2eb6d3c2ef7590dcd1593efd990930bf47066d6b370db8,2,Xray-core-main:common/net/address.proto;Xray-tun-main:common/net/address.proto
5db81ec176c3aff2aea466a5b6892635bc66ee5982c7f12b2a0f69429997be62,2,v2ray-core-main:app/commander/errors.generated.go;v2ray-core-master:app/commander/errors.generated.go
5e9f12382c6b8be9ceb0dab78ad51e3995504aa3eb59d7c4496e1281eb728e13,2,v2ray-core-main:main/commands/all/love.go;v2ray-core-master:main/commands/all/love.go
611596b71c25a16c46c28ac89cc8584389e6cc4a8ba4f6c19053e170c50cc4f1,2,v2ray-core-main:main/commands/helpers/config_load.go;v2ray-core-master:main/commands/helpers/config_load.go
6143ff22121e7017ecca60b35fa8e5bef157a44c5779e4594f6d2940a5fdbb5d,2,Xray-core-main:app/dispatcher/config.proto;Xray-tun-main:app/dispatcher/config.proto
61574547218f082db08846ce1783f2d615ae899615a579c8d7d52053794a8589,2,Xray-core-main:common/protocol/time.go;Xray-tun-main:common/protocol/time.go
616435da655862571994951c1a8fddd30c707d3ef5436ff0a4fcd4c1dcd8c797,2,v2ray-core-main:transport/internet/header_test.go;v2ray-core-master:transport/internet/header_test.go
61d3bcde052ae778a839e3043490413c5ac47835f024129c176f0b62d5df4410,2,v2ray-core-main:main/commands/all/commands.go;v2ray-core-master:main/commands/all/commands.go
6262ee9113643bd9b1a280f6c9de8ea6058b1eafde5b7ee330f320ab1c00e4ae,2,v2ray-core-main:common/cache/lru_test.go;v2ray-core-master:common/cache/lru_test.go
6288b6f8af11df57033219cd87c66776487436bf684a4657115e0f1838049042,2,v2ray-core-main:main/formats/errors.generated.go;v2ray-core-master:main/formats/errors.generated.go
63203393390a42e4a80dc50bb00fad186e3e3dd2bcbc4caeb55b1254df5973e9,2,v2ray-core-main:main/errors.generated.go;v2ray-core-master:main/errors.generated.go
638670af045931721ba0391c8d2f41f7203b5a4d7b88a703f5343d8e85fecc36,2,Xray-core-main:proxy/blackhole/config_test.go;Xray-tun-main:proxy/blackhole/config_test.go
641e6bf674061271d7c8cb0bced038532248c326841719097ccce6b8b61945ca,2,v2ray-core-main:infra/conf/v5cfg/v5cfg.go;v2ray-core-master:infra/conf/v5cfg/v5cfg.go
648c93fa4d276467e182465568a02f254b78762562e3e3d8d5dcd6db3b41e927,2,Xray-core-main:transport/internet/sockopt.go;Xray-tun-main:transport/internet/sockopt.go
64fc346dc83447a3cd9674fa410afe77aae35539b00867bc03d2c1b23b45a1a2,2,v2ray-core-main:infra/conf/v4/transport.go;v2ray-core-master:infra/conf/v4/transport.go
66782693b68e9694042d67324b0451a30c490a9f5f4717faf53dedd4fdf9322c,2,v2ray-core-main:transport/internet/headers/noop/config.proto;v2ray-core-master:transport/internet/headers/noop/config.proto
66864087e73c355ef3d1b2615d8b219b4615e13da9d8ce3ff32db2e4c3f66042,2,v2ray-core-main:infra/conf/v2jsonpb/any2.go;v2ray-core-master:infra/conf/v2jsonpb/any2.go
66ac2c7ca9f1c1ab2361f175f0c9b8bc6ca96ff3d743c7befaea1c702f7bf9d1,2,Xray-core-main:transport/internet/headers/http/config.go;Xray-tun-main:transport/internet/headers/http/config.go
66de9c34192aae86117d21b612411efee85e66c2ce0ae91e222b8a15cd5a51d2,2,v2ray-core-main:transport/pipe/impl.go;v2ray-core-master:transport/pipe/impl.go
672ef3906472fad809d3edca2a64f4586682fe27a34e9d20c9872d02d8d09116,2,v2ray-core-main:infra/conf/merge/errors.generated.go;v2ray-core-master:infra/conf/merge/errors.generated.go
69c3cfe5ef5ae7c55d360cf2191cdf5cb55611e5df2c80b89e3274533430ed9e,2,v2ray-core-main:app/observatory/burst/healthping_result.go;v2ray-core-master:app/observatory/burst/healthping_result.go
6a5d95bb27c499dc55adf168498738248e1a6c6d5bb52c9236f7d7c14ad23ed9,2,v2ray-core-main:common/interfaces.go;v2ray-core-master:common/interfaces.go
6a725931258e51c0f41297483f0050d7559bf90fb43d2e2d30227e2cab228322,2,v2ray-core-main:proxy/vmess/account.proto;v2ray-core-master:proxy/vmess/account.proto
6b28b0063cfb38d77f94b92f5b0e634b206ba8f73e05ae36edf19fcd474b0b1f,2,v2ray-core-main:errors.generated.go;v2ray-core-master:errors.generated.go
6b903752e9742c06cef4546f9402ab12d784cffc1ee3f9e71828776993546d23,2,v2ray-core-main:app/observatory/explainErrors.go;v2ray-core-master:app/observatory/explainErrors.go
6c0013467ea4e230890d5198e4841aa6712bfcd7040a18ca6016daa1b39c8f17,2,v2ray-core-main:common/crypto/benchmark_test.go;v2ray-core-master:common/crypto/benchmark_test.go
6c696e8854daa27b8d11e6cd2e7bbd1b6bc679aa3af24c6d47d64949afefb5ed,2,v2ray-core-main:release/config/vpoint_vmess_freedom.json;v2ray-core-master:release/config/vpoint_vmess_freedom.json
6dbe1786c53b7eb6bca31a6e89bdd39986fb4b15d113cd1af8193bff3a09815e,2,v2ray-core-main:common/task/task.go;v2ray-core-master:common/task/task.go
6df704bae4ab4a7ba24c1e09b41dc482bbfaf0d3af995f087afaf28b2604c36c,2,v2ray-core-main:transport/internet/http/config.go;v2ray-core-master:transport/internet/http/config.go
6edad141390a474dca7dfb32740fa09b9e22627994bf8a60d03a8cb04cf2e052,2,v2ray-core-main:infra/conf/cfgcommon/duration/duration_test.go;v2ray-core-master:infra/conf/cfgcommon/duration/duration_test.go
6fae3d94b4cfb1573378170a743d6d29b6509b2a3831a59559bd333244ca841a,2,v2ray-core-main:infra/conf/geodata/geodataproto.go;v2ray-core-master:infra/conf/geodata/geodataproto.go
6fd66a02c3ee683dbe74e2efb135a56c9e80a4ca63e064d455cfd5f9b281229f,2,v2ray-core-main:app/stats/stats.go;v2ray-core-master:app/stats/stats.go
6ff9fee76f960fdd41cece2ac2166756395b042e3bb72397fde9513cb599de5b,2,v2ray-core-main:transport/internet/grpc/errors.generated.go;v2ray-core-master:transport/internet/grpc/errors.generated.go
703ff557b9d77e11222fc7f6dd426fbe5851f7ba2bec7191736982d58a6f2f3c,2,v2ray-core-main:transport/internet/websocket/ws_test.go;v2ray-core-master:transport/internet/websocket/ws_test.go
747198f002b5381f96c3ef3c5bd404a2c2aa7c9c7731a75a24994939f1b7f6e9,2,v2ray-core-main:proxy/vmess/account.go;v2ray-core-master:proxy/vmess/account.go
74bc41158ff95c9a6474c57703f042fff09282c2c011055e78e79f5a67cc43bf,2,v2ray-core-main:app/router/weight_test.go;v2ray-core-master:app/router/weight_test.go
75042ca63e824cde14d93b2c7f63db2133e2339e8ac6fad660ec49685f80b560,2,v2ray-core-main:common/protocol/tls/sniff_test.go;v2ray-core-master:common/protocol/tls/sniff_test.go
762cfa6ca360afe9e4a42948a77e428210c34ef4de6bd93391314defab3cbe9f,2,Xray-core-main:common/signal/notifier_test.go;Xray-tun-main:common/signal/notifier_test.go
765e5e13918d7c76cb28c3fd5b09fc54c1baa05234b02e9d32e665f54db33695,2,v2ray-core-master:common/net/destination.go;v2ray-go-main:common/net/destination.go
7676e79d81502fcc3e4d0b4496bf583624a5595af72892cad4375e59d41d9aa3,2,v2ray-core-main:proxy/vmess/errors.generated.go;v2ray-core-master:proxy/vmess/errors.generated.go
7701451c09ac7aab20ae6efb3b15992730f95454e494b2b9c0eec55ac688b834,2,v2ray-core-main:main/commands/all/api/balancer_override.go;v2ray-core-master:main/commands/all/api/balancer_override.go
7770e919246862bef306aef7125a8e804d34d8e7322a267a2171a3fffe643cae,2,Xray-core-main:infra/conf/json/reader.go;Xray-tun-main:infra/conf/json/reader.go
77ea49c83f80cd120d94760dc646e1faafb8752c4faafa68a3b541369368f92e,2,v2ray-core-main:transport/internet/tls/config_other.go;v2ray-core-master:transport/internet/tls/config_other.go
7857c75b29f71d0b9b9761707e4db1e1f2fd5f04151913b36c943d75d3dba58f,2,v2ray-core-main:common/crypto/aes.go;v2ray-core-master:common/crypto/aes.go
789c81f1ee03252cf3c1951df720f20ea2fcfc48b3b154b9dea19e6036adda9a,2,v2ray-core-main:infra/conf/v4/dokodemo_test.go;v2ray-core-master:infra/conf/v4/dokodemo_test.go
7983e083c8a482bcb72e39f452aa019af5fcdf27aff8f78d5e813ec55a1e622e,2,v2ray-core-main:proxy/trojan/errors.generated.go;v2ray-core-master:proxy/trojan/errors.generated.go
7a12c430088e123af1ab1fa8b648e92e1f483eb659727d1c6fe1beaf62c1765a,2,v2ray-core-main:infra/conf/v2jsonpb/followerany.go;v2ray-core-master:infra/conf/v2jsonpb/followerany.go
7a4f41b2bb4b861382cdb95be427a8927309b6c68370b0516b6b2a294711f7d5,2,v2ray-core-main:common/protocol/http/sniff_test.go;v2ray-core-master:common/protocol/http/sniff_test.go
7a70792efbd80061c6352398cec28a6901ec8d7ff7f76e1c24185d74d523d2eb,2,v2ray-core-main:common/protoext/testing/test.proto;v2ray-core-master:common/protoext/testing/test.proto
7c6ab2533eafb8911ad6cd1cead37f8e0f3af35ac7afadfb97a8ceb622e9a535,2,v2ray-core-main:common/protocol/headers.proto;v2ray-core-master:common/protocol/headers.proto
7ceb46d867eb55ad7cd7f2ba34a2caf11caec40e5e06787fd6b309d1e55ba3ca,2,Xray-core-main:testing/coverage/coverall;Xray-tun-main:testing/coverage/coverall
7d709555be3a4dbdf65a5680fce7703deb601001e786352cf1e8f8d0d055ad00,2,v2ray-core-main:transport/internet/headers/utp/utp_test.go;v2ray-core-master:transport/internet/headers/utp/utp_test.go
7daef4827e1610eb3f933a1c5adbae223fb02ac9aacd7b1d78d24b692e7b3957,2,Xray-tun-main:common/net/address.go;v2ray-go-main:common/net/address.go
7fbb5a941de39f773a98093b62c4ed5d159734dc3712c980dc42416548e8edb3,2,v2ray-core-main:transport/internet/headers/utp/config.proto;v2ray-core-master:transport/internet/headers/utp/config.proto
7fe8cfa17ad9e1bad04458389338722aeadea5b631802b221b9624fdc2b7d436,2,Xray-core-main:common/common_test.go;Xray-tun-main:common/common_test.go
7ff7e9c72148123dee00263f9d0ce9bd6f4b172392cd34b66723692b762457d5,2,v2ray-core-main:main/commands/all/format_doc.go;v2ray-core-master:main/commands/all/format_doc.go
804ca20f7f4f3dc7184d3c76ca6df70c4ccb4ec0a8989034ca084478dcd603ff,2,v2ray-core-main:testing/mocks/log.go;v2ray-core-master:testing/mocks/log.go
80f185df788cd198bf2bea35c3839ea69678e741909cb3e24dfa4ba8d0d52deb,2,v2ray-core-main:app/reverse/portal_test.go;v2ray-core-master:app/reverse/portal_test.go
8272ee8ea36fd9fc7c39ffccd198934f326988e3e35e72130a0a0dd86ea5e744,2,v2ray-core-main:transport/internet/sockopt_linux_test.go;v2ray-core-master:transport/internet/sockopt_linux_test.go
8370b8ad50257a58b64238fdab2374ca1e1670cf2de5bd90a61914360cb90b8c,2,v2ray-core-main:features/extension/instance.go;v2ray-core-master:features/extension/instance.go
8379747631e209a70194b37f7bf2141d71efbe729f9c9bb210cd8cd19e5c2fe3,2,v2ray-core-main:app/observatory/burst/healthping_result_test.go;v2ray-core-master:app/observatory/burst/healthping_result_test.go
839c19f3201cf3c2ec04b6577a33f6f5d40f15f2bc2e1e23965ddccb8a90a977,2,v2ray-core-main:transport/internet/tls/config_windows.go;v2ray-core-master:transport/internet/tls/config_windows.go
85194ca430615cbcab10c90b73674e1c91753f651b35c2bc51c73a604dc3656c,2,v2ray-core-main:common/retry/retry.go;v2ray-core-master:common/retry/retry.go
85848cc313d8135614262955d9cd5e7952984cb99a99bfccc966db1711f0a32b,2,v2ray-core-main:common/mux/mux.go;v2ray-core-master:common/mux/mux.go
86d295b32d7c9d7371b75ecea5c0b825e179176c53e764497d51038f07ffa24c,2,v2ray-core-main:SECURITY.md;v2ray-core-master:SECURITY.md
87b4097d99780dcb19b7f30158d625687f9dec016c209a51d1acefb129a25907,2,v2ray-core-main:infra/conf/serial/loader.go;v2ray-core-master:infra/conf/serial/loader.go
87e857ad2d63905bcf25f9ebb8d00c9e9f23cc1be76b19df06a707c80eb1649c,2,v2ray-core-main:common/taggedfeatures/errors.generated.go;v2ray-core-master:common/taggedfeatures/errors.generated.go
8938805df9ed4a82dc7c9b7d2ff857ae493589c1bb3fc9b44c8cd1a3af8dc281,2,v2ray-core-main:proxy/shadowsocks/errors.generated.go;v2ray-core-master:proxy/shadowsocks/errors.generated.go
8a0adb7e7482d64f07da05163afda03b25ac9bf13f944b61359a33f13338410e,2,v2ray-core-main:common/taggedfeatures/creator.go;v2ray-core-master:common/taggedfeatures/creator.go
8a17e8bd2711d5a5a8f4daba45646794ffefec04fb1c1eb244b179bb783a7e9f,2,v2ray-core-main:common/protocol/server_spec.proto;v2ray-core-master:common/protocol/server_spec.proto
8a775a39da125339790187691dd55df88519c186b5adc92abe97d6c7d13ab08d,2,v2ray-core-main:app/dispatcher/dispatcher.go;v2ray-core-master:app/dispatcher/dispatcher.go
8ac4e8a9deb180aa2fc8bd74140659be0810f3f76310dfc5cb5aa85c15019a14,2,v2ray-core-main:transport/internet/internet.go;v2ray-core-master:transport/internet/internet.go
8b3ba75ec1addf8494dba8a92782b43c3b4b87e7654450250cfdd7184a48d235,2,v2ray-core-main:app/policy/policy.go;v2ray-core-master:app/policy/policy.go
8c2a1d3b9fd6817995798c26cb060668e045ddf7fbe6496fb2c0e240cf3777a7,2,Xray-core-main:transport/internet/tcp/config.proto;Xray-tun-main:transport/internet/tcp/config.proto
8cb9c2e98148c0f69177f90e979f5347e3da1a1d148748c7c005d633869767d8,2,Xray-tun-main:common/serial/typed_message.go;v2ray-go-main:common/serial/typed_message.go
8cfd6cfebcb2ca7b72ae202791035da625be4f43928bc8ff85d1b9f5e2e79844,2,v2ray-core-main:main/commands/base/env.go;v2ray-core-master:main/commands/base/env.go
8de00d033570c3823dbd2c2a1b8231d09b2b30d72fb9980f08d68a29d1966aed,2,v2ray-core-main:common/protocol/bittorrent/bittorrent.go;v2ray-core-master:common/protocol/bittorrent/bittorrent.go
8e51c75bd2e9d46d7ca79a38edd15c3ff0bb4fa9eadb88b9df7e8d78d307b92d,2,Xray-core-main:testing/servers/udp/udp.go;Xray-tun-main:testing/servers/udp/udp.go
8eab322b935cefc316c783f41089e7ed9745ba3b75f5bf3d3795adff88cb8ab6,2,v2ray-core-main:main/commands/all/api/api.go;v2ray-core-master:main/commands/all/api/api.go
8eeb2b482a383c36814a8641ddc6d014ef84ef7085593cf00f8511927d1bc9c3,2,Xray-tun-main:common/strmatcher/matchers.go;v2ray-go-main:common/strmatcher/matchers.go
8f2ff0b96f7236f05405dc3c36eca78d04d5ba15bdc9e2e727fc96b24b560946,2,Xray-core-main:common/task/common.go;Xray-tun-main:common/task/common.go
8f5a6b3c56c47986d673f5459435bd3a4fe251ea5d9c3d9e56f6bfccd6d90008,2,Xray-tun-main:common/strmatcher/full_matcher.go;v2ray-go-main:common/strmatcher/full_matcher.go
8f923caa4309e26ffade88ad7a0dcbad0872595771c828e0a7ed692f4a3e365b,2,Xray-core-main:common/cache/lru_test.go;Xray-tun-main:common/cache/lru_test.go
90a8eb6cd21ad74ee7690c977b71898a9b8b8cd304b9fedd147fd278fdef7f8f,2,v2ray-core-master:.github/CODE_OF_CONDUCT.md;v2ray-go-main:CODE_OF_CONDUCT.md
9199232fe16e2240792d1f09fe087b9e1837d00d19bb3c1dcdc4a67208bc434c,2,v2ray-core-main:app/commander/config.proto;v2ray-core-master:app/commander/config.proto
9225c860eddd9987771a6f1982936b5d0f666748bfcb79e0dd5cc5edd5987bbf,2,v2ray-core-main:common/log/access.go;v2ray-core-master:common/log/access.go
9246e28c409b69aa108753c3f5249f86ad8ae856a4c66c9dd12e2f4b9b0203d9,2,Xray-core-main:transport/internet/sockopt_linux_test.go;Xray-tun-main:transport/internet/sockopt_linux_test.go
9280d2e24f04e9af354c5071ce3a93839312226f31e818df0edab2c4fd44fdbf,2,v2ray-core-main:common/units/bytesize_test.go;v2ray-core-master:common/units/bytesize_test.go
929110f2b23593bfd8bd5d5958d273bee5b70099f2713cbb0ddd389db680f717,2,v2ray-core-main:transport/internet/headers/noop/noop.go;v2ray-core-master:transport/internet/headers/noop/noop.go
92d1d4ea8842e88429281b5e8469d43ea137bdf1744567f4d55e8cb3ff21eba0,2,v2ray-core-main:transport/internet/headers/http/http.go;v2ray-core-master:transport/internet/headers/http/http.go
92dd5daa356630246e432e346d2accdc782ea97133984e483b0c6cf8275f93af,2,v2ray-core-main:infra/conf/synthetic/log/log.go;v2ray-core-master:infra/conf/synthetic/log/log.go
92ef2801cfb1de1a63180e7ba3fa204486f50a6378d341c45cf681bda210dcfd,2,Xray-tun-main:infra/conf/loader.go;v2ray-go-main:infra/conf/loader.go
9312e4c9072e889f6ee7e37966e9051b88fbb37820852de869a8259c38ef192a,2,v2ray-core-main:infra/conf/v4/vmess_test.go;v2ray-core-master:infra/conf/v4/vmess_test.go
933530b8fe4f550f93690e0786ad4f4ecbc35699e17764c04fd226655a434f73,2,v2ray-core-main:main/commands/all/api/log.go;v2ray-core-master:main/commands/all/api/log.go
93a03b3b7e700a680ded87aa1132eb304146479dc98e515b80dea940adcb3429,2,Xray-core-main:transport/internet/udp/config.go;Xray-tun-main:transport/internet/udp/config.go
93a9a2a54c07f1e4785b56909f7657dee30793716189415f29100f277d91aa72,2,v2ray-core-main:transport/internet/system_listener_test.go;v2ray-core-master:transport/internet/system_listener_test.go
94b9eb65fa51b9e65c034ad5785a1b9c52478b5d73728ff11431d18ba33ecefa,2,v2ray-core-main:app/dispatcher/stats_test.go;v2ray-core-master:app/dispatcher/stats_test.go
94be91282ff2e7a962e971a15a89ba66e125321969b2548619d74acdf00d9dc3,2,Xray-core-main:common/mux/frame_test.go;Xray-tun-main:common/mux/frame_test.go
953effa973fc32a607147118a8a16b34322534b5b50184107298d9751d6227a8,2,v2ray-core-main:common/signal/timer_test.go;v2ray-core-master:common/signal/timer_test.go
960959eff8ec5af958d130eba19f0811c20965a19eccf63bf818744a705610ee,2,v2ray-core-main:common/protocol/time.go;v2ray-core-master:common/protocol/time.go
9653dc7440eb5739816fbf6ccc5354e945e69c4ba04fea2107ec35d926204e36,2,Xray-core-main:app/reverse/portal_test.go;Xray-tun-main:app/reverse/portal_test.go
975d7d9bf0ce1109d6c3b513887291a05531a3d77cba6a6f21601c7245c98b0d,2,v2ray-core-main:app/dispatcher/stats.go;v2ray-core-master:app/dispatcher/stats.go
97b031c3d5cc4fe48d3ac85b4675b71881a270856c5fc777a1f59e5301736813,2,v2ray-core-main:proxy/vless/errors.generated.go;v2ray-core-master:proxy/vless/errors.generated.go
97d059daeb19eaefe74664d337be30d45921764484d6cb99d683a31885c3ff48,2,v2ray-core-main:common/signal/notifier_test.go;v2ray-core-master:common/signal/notifier_test.go
97dd611b6e9c03c57717836e4c9dcc8ec7386ced3527904c3dbc1e1a980eef26,2,v2ray-core-main:proxy/vless/account.proto;v2ray-core-master:proxy/vless/account.proto
984fbc6f4e570186f00adf1f31164ecd802ba18616cc1159e8029f36ce4e053d,2,v2ray-core-main:common/net/port.proto;v2ray-core-master:common/net/port.proto
987245d08d02f60372d7ea3462c0981bd3ad100d463f4e9ab95cddc9d797b091,2,v2ray-core-main:infra/conf/v4/freedom_test.go;v2ray-core-master:infra/conf/v4/freedom_test.go
98d08933be6a395fff347bbbcec87163028e5f7b0a58699821c1eff18c61f4f5,2,Xray-core-main:common/dice/dice_test.go;Xray-tun-main:common/dice/dice_test.go
9aa7c2a3e89aa23bb03c0367d3709544bbba29c9745fc85e2f240f446d69fa40,2,v2ray-core-main:transport/internet/grpc/encoding/encoding.go;v2ray-core-master:transport/internet/grpc/encoding/encoding.go
9b21c0e3ccf2da8222901506a06f01223310fede363d490ac5bb00b8b87653dc,2,v2ray-core-main:common/taggedfeatures/skeleton.proto;v2ray-core-master:common/taggedfeatures/skeleton.proto
9b23334d7fc301331463b5b55f9f1b086b582f784b659fde713e17e0fc3566b8,2,v2ray-core-main:common/type_test.go;v2ray-core-master:common/type_test.go
9d63e16568c55f0a7ac318f73a8848862dbacf48376735ab4ddae7de80715a37,2,v2ray-core-main:infra/conf/mergers/errors.generated.go;v2ray-core-master:infra/conf/mergers/errors.generated.go
9de845a7f1fda2731a958586fae4918e4fda07abf44c89548da368fd235edc56,2,v2ray-core-main:infra/conf/geodata/attr.go;v2ray-core-master:infra/conf/geodata/attr.go
9e629fa389a74518add8b87b93c06141a10e6c8a325157323c5a0136c0c2d56f,2,v2ray-core-main:testing/scenarios/common_regular.go;v2ray-core-master:testing/scenarios/common_regular.go
9e6f3d43e9413c2dd8ff898f98021c4caa34ab53a44aa87ee0925b4d2527d21b,2,v2ray-core-main:main/commands/all/api/stats.go;v2ray-core-master:main/commands/all/api/stats.go
9e980f0366628098195b7aea617260c371ad43153a3e05b5176dd0453085cd29,2,v2ray-core-main:transport/internet/headers/tls/dtls.go;v2ray-core-master:transport/internet/headers/tls/dtls.go
9ff3e3e93626e5e97d7012b6c27814d1292c553843d9408ebd1bae74a220020e,2,v2ray-core-main:release/debian/copyright;v2ray-core-master:release/debian/copyright
a011d1b20daaf3431f3d6fee6b958886c21514907f6113395a0ba5a54ae45fb5,2,v2ray-core-main:main/commands/all/tls/cert.go;v2ray-core-master:main/commands/all/tls/cert.go
a0296be1c993015662a29ae9b5a024f69d3db69b2cb0aacba935015da310a040,2,v2ray-core-main:proxy/socks/socks.go;v2ray-core-master:proxy/socks/socks.go
a05476e57029e9e0491b7f793d8d73a568d5095ee359d8f75a01087017aae271,2,v2ray-core-main:proxy/socks/errors.generated.go;v2ray-core-master:proxy/socks/errors.generated.go
a0a9a7fa84040aa4bf801263aa4df92a51689d3f917a77e34ee2a163eddee5b8,2,v2ray-core-main:app/dispatcher/errors.generated.go;v2ray-core-master:app/dispatcher/errors.generated.go
a12b54c94d093e829d2d2cfbae9d1ae3d9bfa93623a21cec2659cd2211cfe6d0,2,v2ray-core-main:app/observatory/burst/ping.go;v2ray-core-master:app/observatory/burst/ping.go
a1512c37fffdfaa019fb04ddbeb2fde861e8d0a58d1fb47bbfdc8e9276d99178,2,v2ray-core-main:app/stats/channel_test.go;v2ray-core-master:app/stats/channel_test.go
a15c4b27820b3baef5fc2ffbc2e8f0b4f5a01acb827961a71328e07e3d74a28f,2,v2ray-core-main:transport/internet/websocket/errors.generated.go;v2ray-core-master:transport/internet/websocket/errors.generated.go
a27d0964cb4fca5f994472ae7227931d78d7a30a36240682d756d7fd2a8cee06,2,v2ray-core-main:transport/internet/tcp/errors.generated.go;v2ray-core-master:transport/internet/tcp/errors.generated.go
a2c719bcaa148471397d59359aa3238c3735b68ff2fcdfaebe82d11090d1aa16,2,Xray-core-main:transport/internet/grpc/encoding/stream.proto;Xray-tun-main:transport/internet/grpc/encoding/stream.proto
a2f3059d77146220c4b0e42d3b0a2e38178f79a1890577b34d7b4345e985798b,2,v2ray-core-main:infra/conf/mergers/extensions.go;v2ray-core-master:infra/conf/mergers/extensions.go
a309dc12c8d21836a227bb3c4c768dfb279fc6b7f17cc385191aa9b5e962a5a1,2,v2ray-core-main:transport/internet/udp/dialer.go;v2ray-core-master:transport/internet/udp/dialer.go
a31cd8047199e5d60e1052339d4379013b33ac4d2b479c0742e257a32b787c4b,2,Xray-core-main:common/signal/pubsub/pubsub_test.go;Xray-tun-main:common/signal/pubsub/pubsub_test.go
a371c1db27f1d63f25555b654be09227362fa8a72ce5f7077b3e5bb33f6c6e15,2,v2ray-core-main:common/type.go;v2ray-core-master:common/type.go
a3d5df4f4cb1ecc82252200cbb97fb2ee1420645ba80ec384687a3919c273661,2,v2ray-core-main:transport/internet/headers/wechat/wechat_test.go;v2ray-core-master:transport/internet/headers/wechat/wechat_test.go
a4d1719e452fb9f7747a56a89019850895bcfb36c9eb9a7a7bf736f12acc5053,2,Xray-core-main:transport/internet/udp/config.proto;Xray-tun-main:transport/internet/udp/config.proto
a4f10a4f4c59ed4e11578fe12052a8eca02a9aafa86ee1eff21b11f299d83324,2,v2ray-core-main:transport/internet/udp/dispatcher_split_test.go;v2ray-core-master:transport/internet/udp/dispatcher_split_test.go
a5d3000c3436f62b179b023233a1c3804cf889389dcb871934c9834803beecc7,2,v2ray-core-main:common/registry/errors.generated.go;v2ray-core-master:common/registry/errors.generated.go
a5e19541f8153c2e80cdf9c97896ea1ef84ef5c3cfd4164ca85c9694d5e2f7ea,2,v2ray-core-main:testing/mocks/mux.go;v2ray-core-master:testing/mocks/mux.go
a6d747cc905ebb3ff888bf05ca34a8d93797debb4239b697c817c034be398e9e,2,Xray-core-main:common/protocol/id_test.go;Xray-tun-main:common/protocol/id_test.go
a6ec89ed7880afb4aec965ca3ac96675c186ada9e3a602c8c2778aaa3953cbd0,2,v2ray-core-main:proxy/vmess/inbound/inbound.go;v2ray-core-master:proxy/vmess/inbound/inbound.go
a737fcebcdb92c7fb67d780ac8b712feb4dd7b844d99412bb8d32b40b6de1750,2,v2ray-core-main:proxy/vlite/outbound/config.proto;v2ray-core-master:proxy/vlite/outbound/config.proto
a9db71bf8d0b78bc1424de857688fd16d2c24d0f67b3f8278735e4757a9b119a,2,v2ray-core-main:app/log/log.go;v2ray-core-master:app/log/log.go
aa2f4444b85ddd6ec002ee2b7727f48d9cf2c6f17fbd7d36b0dfd6aa0b52f875,2,Xray-core-main:proxy/vless/encoding/addons.proto;Xray-tun-main:proxy/vless/encoding/addons.proto
aa4540fa2c2a9a4a3c4100ebbd3d23091e7fa2d391133b3091c1fb3314180475,2,v2ray-core-main:infra/conf/v2jsonpb/followermap.go;v2ray-core-master:infra/conf/v2jsonpb/followermap.go
ab602074a5e1f203fb4ba3944bf798312d0b165779b9320e77d165883def15a2,2,v2ray-core-main:common/buf/copy.go;v2ray-core-master:common/buf/copy.go
ac87862ea33fc22e0213a98ce44650f284a288cd27c46b9eacc0ee1365358c6f,2,v2ray-core-main:testing/servers/tcp/tcp.go;v2ray-core-master:testing/servers/tcp/tcp.go
ad3a4cab9bcc8a3c2157cc6774691313d097569cd5b0706a8491a6305709bf2d,2,v2ray-core-main:transport/internet/kcp/sending.go;v2ray-core-master:transport/internet/kcp/sending.go
ad47b64381514e40fcbc6cfca111f58adc652cf7fef67cbaf9290a3af9c6e389,2,v2ray-core-main:infra/conf/v4/lint.go;v2ray-core-master:infra/conf/v4/lint.go
ad4eba3d2ecde92151c640357ae27099dcb5ff343a77fc57e99928f06e5316f2,2,v2ray-core-main:proxy/vmess/aead/authid.go;v2ray-core-master:proxy/vmess/aead/authid.go
ad9ca83438cb649255c42ee7ee1d26a84c9750e1750ece69c19938ff9c34091c,2,v2ray-core-main:app/observatory/errors.generated.go;v2ray-core-master:app/observatory/errors.generated.go
ae22a5b219ffa4981506f03ccf4dbe3656e0ae80e06c7015af8fdfc185d82774,2,v2ray-core-main:transport/config.proto;v2ray-core-master:transport/config.proto
aeaca23e8323358facb2d6e5cae9550d7c835c8c354be00c47c8a685e0d6b7fc,2,v2ray-core-main:proxy/vlite/inbound/config.proto;v2ray-core-master:proxy/vlite/inbound/config.proto
af2c73765011674d94f73e183694b253f6061012057fc8b9d691a1ac91335eee,2,Xray-core-main:common/crypto/benchmark_test.go;Xray-tun-main:common/crypto/benchmark_test.go
af8e253697ff547b79ec14bda7d767f4b15e2dfd2f4dc24caa8e93a465fb4cd2,2,Xray-core-main:common/protocol/udp/packet.go;Xray-tun-main:common/protocol/udp/packet.go
b0ccd8fb479dee0ee09d85e1499a6a5e8def0021d35c67dd807a97b35f132530,2,v2ray-core-main:transport/internet/udp/udp.go;v2ray-core-master:transport/internet/udp/udp.go
b0df63bd15dd7fe00aa0f9bd7acdb0879c4ebdc9f057f76296614deb5715fc65,2,v2ray-core-main:app/instman/errors.generated.go;v2ray-core-master:app/instman/errors.generated.go
b132a2dabe9ef297e5e73ebdf7beed532e84f5c9401b728f7d0f63efe651d9ea,2,v2ray-core-main:infra/conf/v5cfg/init.go;v2ray-core-master:infra/conf/v5cfg/init.go
b1b288b82c3d7feaa22b69bcd854109831394204a539a5715c51c0200527283e,2,v2ray-core-main:proxy/vlite/vlite.go;v2ray-core-master:proxy/vlite/vlite.go
b2a0eeca0822da0318b6a42dc7f8cf8cb4ecaf51a688bff415bc270208afdb3b,2,v2ray-core-main:app/reverse/config.proto;v2ray-core-master:app/reverse/config.proto
b313c85ac16e2204a7a8e03c08b59bb0703a1ccb48f45b3ac7ae021c495d10e6,2,v2ray-core-main:app/observatory/observatory.go;v2ray-core-master:app/observatory/observatory.go
b337afbfbd7aa13acb67f5a247c9040aa73a6d20844cf850b4fd09f2d5aaf326,2,Xray-core-main:common/task/periodic_test.go;Xray-tun-main:common/task/periodic_test.go
b37964e884a0fb25042ec1857df2c8ddce4a9e4a02f7e52aeadb225098da1116,2,v2ray-core-main:testing/servers/tcp/port.go;v2ray-core-master:testing/servers/tcp/port.go
b456600cc5a6b14ce39581ef097150e78a935a259736aafbd2c089f472b9c48b,2,v2ray-core-main:common/log/log.go;v2ray-core-master:common/log/log.go
b517b6f2f06e28514bbfcdb0c0e61f3902dd0ed30229414d6e234e52e76f5c9b,2,v2ray-core-main:context_test.go;v2ray-core-master:context_test.go
b62690ac4a827dcdf0a1ceca78bac838cafad2d98a9ba40fc99aafdd15b93dba,2,v2ray-core-main:app/browserforwarder/config.proto;v2ray-core-master:app/browserforwarder/config.proto
b6d27fe722c8f6a27163ba4079b70440b6c34f9923572466408a1d16e99756f5,2,v2ray-core-main:app/router/balancing.go;v2ray-core-master:app/router/balancing.go
b6f2f58fda51dbde6421afdefed268d2001e6fe382be8bb2b61a8305309e6bc8,2,v2ray-core-main:infra/conf/serial/loader_test.go;v2ray-core-master:infra/conf/serial/loader_test.go
b7aaf9988f5b247852775fcb010d1cea9a3300b1722417578cef4fc7fed265b8,2,v2ray-core-main:common/net/network.proto;v2ray-core-master:common/net/network.proto
b83cb09ed9608558edc8a0fbaab1e83658bd21aa451146b0cb9bb7d5e557a3fa,2,Xray-core-main:transport/internet/headers/http/http_test.go;Xray-tun-main:transport/internet/headers/http/http_test.go
b8c32dec064dc3ee29ddcb7b2616e19d9f6c8abf2a3e1041c8234796eb8aabe8,2,v2ray-core-main:common/buf/errors.generated.go;v2ray-core-master:common/buf/errors.generated.go
b93153191ef412946a8824c12a422d4aae9ca6fd77eb0768aeb404d97dd8cb30,2,v2ray-core-main:transport/internet/grpc/grpc.go;v2ray-core-master:transport/internet/grpc/grpc.go
b9afd8a9f7400fbedc4e1134ed4939fdc1e56aae2b529052f4a236b070e22280,2,v2ray-core-main:transport/internet/tls/config_test.go;v2ray-core-master:transport/internet/tls/config_test.go
bab0145a8724377ae3bff1713195df8ea66dedf654fb3d8635dc1532f8ab98c7,2,v2ray-core-master:format.go;v2ray-go-main:format.go
bc314b4812950236f86ec20469f60887d6c105c2a1534cedd61675eedf6ab61a,2,v2ray-core-main:common/mux/frame_test.go;v2ray-core-master:common/mux/frame_test.go
bc4c2574845a5a0d473da3b47ee2a295b0054f46a5a8ed2b3a86b205e8ca250c,2,v2ray-core-main:proxy/http/config.go;v2ray-core-master:proxy/http/config.go
bc7b14e8b465a3af472c874460a32118288a8c0cb4cd4f2c7cb6523f608b7636,2,v2ray-core-main:app/restfulapi/config.go;v2ray-core-master:app/restfulapi/config.go
bc83245f236c830034e969b5649de2ba247977f64b0d0855a562c1c7c90c807b,2,v2ray-core-main:infra/conf/serial/serial.go;v2ray-core-master:infra/conf/serial/serial.go
bce9d3e51d721a1fec902fd90e2eb6ccc21c349981c2807673ce9cdfc26b37d6,2,Xray-core-main:infra/conf/blackhole_test.go;Xray-tun-main:infra/conf/blackhole_test.go
bd24e20078455d7716f063073f0ae395cd7d6946abe695fcca984d4584067b5e,2,v2ray-core-main:infra/conf/cfgcommon/sniffer/errors.generated.go;v2ray-core-master:infra/conf/cfgcommon/sniffer/errors.generated.go
bd69a8d157e6478aec2fa4786a33f84c5ec98cadd53993330f886d7019ff8446,2,v2ray-core-main:transport/internet/headers/wechat/wechat.go;v2ray-core-master:transport/internet/headers/wechat/wechat.go
bd6d2eb2167e2fce7ea068397a86a9cb4fca2589caa8600b773ae2dd44d55940,2,v2ray-core-main:app/dispatcher/config.proto;v2ray-core-master:app/dispatcher/config.proto
bdd390e6ee045b1466169e97d9d2745b474166e83eed63e42b38b3292bc5215d,2,v2ray-core-main:app/stats/counter_test.go;v2ray-core-master:app/stats/counter_test.go
be6419b6046e7eae5e8e28ab97368c0ca1e52bfc0ca806873e3be1374c9ebdf2,2,Xray-core-main:app/router/strategy_leastload_test.go;v2ray-core-master:app/router/strategy_leastload_test.go
bf15dd550a761bdcb2d3556bc646379cc1c5d5929a95f17f2ee2d8765e4222a6,2,v2ray-core-main:testing/servers/udp/port.go;v2ray-core-master:testing/servers/udp/port.go
c017da31d733d73ec5ea4bb8856d45474ba1d7bb59fbd4f01ea36904596465b1,2,v2ray-core-main:common/common_test.go;v2ray-core-master:common/common_test.go
c02078ee4ee97098a1d55e3adfeabf75dd7b2de0ea5f37aa6ea44bf5554d8ce8,2,Xray-core-main:infra/conf/serial/loader_test.go;Xray-tun-main:infra/conf/serial/loader_test.go
c08b421212adf8daa5144261e00b361a3cdfd32b4014f30e9653ac11b5b3131b,2,v2ray-core-main:transport/internet/domainsocket/listener_test.go;v2ray-core-master:transport/internet/domainsocket/listener_test.go
c18a838bc223eb434c0f8642af30eee8e8e37375b680d3b2c694c11995d50a8b,2,v2ray-core-main:common/net/port_test.go;v2ray-core-master:common/net/port_test.go
c1c9dc3a56d665040771ee78f4b4f1e9fca6fd890a49172d148e4490863910b7,2,v2ray-core-main:app/observatory/burst/burst.go;v2ray-core-master:app/observatory/burst/burst.go
c316b6f80dc392eb7710a18c6d761266e33f69ba4bca4822733c4fc5b404a987,2,v2ray-core-main:app/reverse/config.go;v2ray-core-master:app/reverse/config.go
c34d6e11b085d7a012f121d5154df943c7eac8dfccdddcc7c60e6c3a440b3e7f,2,v2ray-core-main:infra/conf/cfgcommon/errors.generated.go;v2ray-core-master:infra/conf/cfgcommon/errors.generated.go
c4039e03c04831ae3686dad2cb5f19c29f5cfdb14a64ae6cd0d636367d161618,2,v2ray-core-main:release/config/vpoint_socks_vmess.json;v2ray-core-master:release/config/vpoint_socks_vmess.json
c42bd99bb08f77169310a247ce1a32cdec57261e35a187dc337f7b067e74ced0,2,v2ray-core-main:common/common.go;v2ray-core-master:common/common.go
c4d3e7727198bbc9a937fe27e9a29a575e52b825a412da952e6c1460135a21e6,2,v2ray-core-main:infra/conf/v4/http_test.go;v2ray-core-master:infra/conf/v4/http_test.go
c50082c2c1f81ae342950a3456a0d773bc11058556f8aca0e0eec8353349713f,2,Xray-core-main:common/crypto/chacha20.go;Xray-tun-main:common/crypto/chacha20.go
c548caef2ffdf594a9234b65dd556c592f35c88e562d588d4fe7e56621d0b379,2,v2ray-core-main:common/environment/app.go;v2ray-core-master:common/environment/app.go
c5880d88c6f095933d3ea99b8f102287de2ddc8d974a9681c2ee522a4a6c360b,2,v2ray-core-master:common/bytespool/pool.go;v2ray-go-main:common/bytespool/pool.go
c5fd5ddf385f6c95db12dd8b6a6fc0a5aabad6758c4a78f07116f17ce1c924da,2,v2ray-core-main:transport/internet/kcp/cryptreal.go;v2ray-core-master:transport/internet/kcp/cryptreal.go
c6b4ab61c718658f191a6cdbe7ba0b39b981d8742cd7ae1183d561744b314bea,2,v2ray-core-main:main/commands/version.go;v2ray-core-master:main/commands/version.go
c712f24704885c444621247e6684facebf3f3b9d8ed2e247d66bf3c46c6a0017,2,v2ray-core-main:main/commands/base/command.go;v2ray-core-master:main/commands/base/command.go
c71d239df91726fc519c6eb72d318ec65820627232b2f796219e87dcf35d0ab4,2,rethink-app-main:LICENSE;v2ray_client-master:app/static/fonts/roboto/LICENSE.txt
c74ac5059a58cc1b7e80e5ebfc52bb50f91545b57ba249e4c1ac4bf5909ea46f,2,Xray-core-main:common/net/port_test.go;Xray-tun-main:common/net/port_test.go
c771173fc9da1c8eab4ff92b794cd3048205d1f71a47e9aadfef46a4dfeeb24f,2,v2ray-core-main:common/taggedfeatures/holder.go;v2ray-core-master:common/taggedfeatures/holder.go
c7cea8bd45a7be1485b7267680def360a84e5c1b665dd0341ed0a76b163dfd8f,2,v2ray-core-main:.github/ISSUE_TEMPLATE/bug_en.md;v2ray-core-master:.github/ISSUE_TEMPLATE/bug_en.md
c7f6a76105d89034a116f1d76ac2ecba9d782a925ac94f8d1fdff92c0c64d3f1,2,v2ray-core-main:infra/conf/jsonpb/errors.generated.go;v2ray-core-master:infra/conf/jsonpb/errors.generated.go
c83e44ed653c2acc3d2c5d08a71a1eba2ce4d768d3e1b78f732fc77b02ec6e60,2,v2ray-core-main:transport/internet/udp/config.proto;v2ray-core-master:transport/internet/udp/config.proto
c90b3923f4d0f27b49d5d9eeb48758673ea103e9c6447dfb731c4784ef6fbcb7,2,Xray-core-main:app/app.go;Xray-tun-main:app/app.go
c96d185c5ae2f874dae34cb6472ae8c5eac2349366228a1257a86136af835b5d,2,v2ray-core-main:proxy/blackhole/errors.generated.go;v2ray-core-master:proxy/blackhole/errors.generated.go
ca7de347b72b58c603b16cbf8c60d8996f4329394375f855954b1f047dca1c28,2,v2ray-core-main:proxy/trojan/validator.go;v2ray-core-master:proxy/trojan/validator.go
cab3fb48029fc6eab7cb0e67cf72385dadaf4296f8bbe9b3a2e39120ef9db34f,2,v2ray-core-main:transport/internet/kcp/receiving.go;v2ray-core-master:transport/internet/kcp/receiving.go
cb04cc9a3e0e928660951ff20a9f31ffbacbaaca103f0604d6577182539ad559,2,Xray-core-main:common/geodata/strmatcher/matchergroup_domain.go;v2ray-core-master:common/strmatcher/matchergroup_domain.go
cc2e939c77acf720330229c160a69e07c9fa622764bfd9a36e4903218e6109cc,2,v2ray-core-main:infra/conf/cfgcommon/loader/errors.generated.go;v2ray-core-master:infra/conf/cfgcommon/loader/errors.generated.go
cc422db4a35024ab906d6cf7c4dc9118b00c3d1bcce5435fc7edb524318fa04f,2,v2ray-core-main:transport/internet/headers/http/http_test.go;v2ray-core-master:transport/internet/headers/http/http_test.go
ccb0f45a4621b1cb55f975093089f53289a7e7a892cead0ae4124a737499ec80,2,v2ray-core-main:transport/link.go;v2ray-core-master:transport/link.go
cd3df58d7d957585f2d5538977238345d94f726dd2731c022be1960c20c0b12f,2,v2ray-core-main:common/protoext/errors.generated.go;v2ray-core-master:common/protoext/errors.generated.go
cd41288da09bfd1f40dea2b805c773c4be8069186579411865242a8b7f9fef27,2,v2ray-core-main:common/environment/transientstorageimpl/errors.generated.go;v2ray-core-master:common/environment/transientstorageimpl/errors.generated.go
cd8f6419475258ac0c200954b1dc54dd084646479b7cdd156aa4a1e5aa19546a,2,Xray-core-main:app/log/command/config.proto;Xray-tun-main:app/log/command/config.proto
ce9ae3533bc13b282d3041173334295b856d21c7d65a376bfb64f312659c5812,2,Xray-core-main:app/stats/config.proto;Xray-tun-main:app/stats/config.proto
ce9fd4e34093958529eefc3327113b65332e3dd3e8108ff99997af6fb3e66946,2,v2ray-core-main:common/protocol/user.proto;v2ray-core-master:common/protocol/user.proto
cef4f3d17fc3261d3dc8c84e75571c31dabe935e536284f6a20043bb882d6cd2,2,v2ray-core-main:app/restfulapi/errors.generated.go;v2ray-core-master:app/restfulapi/errors.generated.go
cf1a92a7a4ea67ec7f48e781dcc55dd03bdd4d759c060023654af4425d47bcd1,2,v2ray-core-main:app/stats/command/command.proto;v2ray-core-master:app/stats/command/command.proto
cf961c91222b41d9a633048064a53a0d481b563c9166128f33ba88aa93652b83,2,v2ray-core-main:transport/internet/tls/errors.generated.go;v2ray-core-master:transport/internet/tls/errors.generated.go
cffd8439f44c27b9a53383136fe2dfeb7be06225b395736312a54b3d16387ab1,2,v2ray-core-main:infra/conf/geodata/memconservative/memc.go;v2ray-core-master:infra/conf/geodata/memconservative/memc.go
d062ed0e3a92fe8d994714fd7fbfbcf25e954dacb93cd242b01ba0d9498f9261,2,v2ray-core-main:infra/conf/v4/conf.go;v2ray-core-master:infra/conf/v4/conf.go
d0d7c765763d1abdca6a4300e37ba1fa745d34f0707a0e23dca8a2cbe6e84ce1,2,Xray-core-main:app/reverse/config.proto;Xray-tun-main:app/reverse/config.proto
d0e75368e6d561bfaf6d94996c8331c443fa3f03301560890ae73ae8dd9e84eb,2,v2ray-core-main:transport/internet/udp/errors.generated.go;v2ray-core-master:transport/internet/udp/errors.generated.go
d325b88d4c1972e300326744759450d230569fc73d6bf92487d2a991981b8bc0,2,v2ray-core-main:common/serial/resolver.go;v2ray-core-master:common/serial/resolver.go
d3f0846e06afbcb96bbf5388d50d0dc8660d53f8a7b9265f254e9fc4827bc2b1,2,v2ray-core-main:transport/internet/tcp/tcp.go;v2ray-core-master:transport/internet/tcp/tcp.go
d417252d93c23fe72db83c74966e205debe5c6e1c2a769c3caf658f0a9d745ae,2,v2ray-core-main:testing/mocks/dns.go;v2ray-core-master:testing/mocks/dns.go
d48927715ac3f34d195e66aaff645fa8430dee256e62155ec179f1b4f1167d84,2,v2ray-core-main:proxy/dokodemo/errors.generated.go;v2ray-core-master:proxy/dokodemo/errors.generated.go
d4d462fabacf496b5f94ff809a230526fed45d6d3edcf7bf505bb5f363c000b6,2,Xray-core-main:transport/link.go;Xray-tun-main:transport/link.go
d50a33760aa5f9dee17e491ae32e5110c74c48d8c08803a0538cdf97d2036176,2,Xray-core-main:app/log/command/command_test.go;Xray-tun-main:app/log/command/command_test.go
d5b26e3c88a7e4595097140d4ff87a7ed33367c3959af7c5deb0491c1917d3cd,2,v2ray-core-main:transport/internet/tagged/tagged.go;v2ray-core-master:transport/internet/tagged/tagged.go
d6c9c1abbde7300200210454eb7b976946df51dfd0d3caebee6af5b9806ea9d3,2,v2ray-core-main:infra/conf/v4/dns_proxy_test.go;v2ray-core-master:infra/conf/v4/dns_proxy_test.go
d6d2f56c764f31cf8a976cbfececd1cc32e406614c0a415753429e74c70d1a4b,2,v2ray-core-main:common/protocol/tls/sniff.go;v2ray-core-master:common/protocol/tls/sniff.go
d7cb61cd827e68c5716ebfac59a545bf08cb099048e1e19619f48d92867e206c,2,v2ray-core-main:transport/internet/kcp/segment.go;v2ray-core-master:transport/internet/kcp/segment.go
d8a55cec6005a0c371d094de5074ae6bcc1256eafc2bcaebb63d503bbdf7f6fa,2,v2ray-core-main:common/protocol/id.go;v2ray-core-master:common/protocol/id.go
d8d01739b69075c43938fc105ce52c8ccd45ba74291cfa7a4076bc8451ab8694,2,v2ray-core-main:main/commands/all/merge_doc.go;v2ray-core-master:main/commands/all/merge_doc.go
d9273c2bcb18dcee6aaffcb2cec29bf52391f7f5df7947227c57afd4e454acad,2,Xray-core-main:core/annotations.go;Xray-tun-main:core/annotations.go
d9626f1309b985cd41c88e53f53b2eb0af241fd1c5cf683951dee16d693ee07f,2,v2ray-core-main:transport/config.go;v2ray-core-master:transport/config.go
d9c8330c4ec4884779a19196f5b2e1ca7465f8ddb3848e0081019bc1d3ad9fa9,2,v2ray-core-main:common/drain/drain.go;v2ray-core-master:common/drain/drain.go
da0c98991aaf22a7e1ec12587cd96e56be05a052f5f8d1f6da311cef186cee49,2,v2ray-core-main:transport/internet/grpc/encoding/conn.go;v2ray-go-main:transport/internet/grpc/encoding/conn.go
db56b028ce997b9e91867448f1a49eda91a16d35f26a4703871676d639912dfc,2,v2ray-core-main:common/log/logger.go;v2ray-core-master:common/log/logger.go
dba4cd62c687aa9df90500d8c11f2d860fa32ccecdede5b16549686b0f668071,2,Xray-core-main:proxy/blackhole/config.proto;Xray-tun-main:proxy/blackhole/config.proto
dbb8084efe2c582c2519e801c2bc2f2b7a9aa032f9d28f0a32c30950523873fb,2,v2ray-core-main:testing/servers/udp/udp.go;v2ray-core-master:testing/servers/udp/udp.go
dc3e16af063c8f8b84cae09a01819974426f26fd46459a97a5fe08e0bd11ded1,2,v2ray-core-main:release/config/systemd/system/v2ray.service;v2ray-core-master:release/config/systemd/system/v2ray.service
dd2be7ed5834ed0309885baef51d833c280a5af0b1f029d6a9e6c4ea29b8a8d4,2,v2ray-core-main:transport/internet/quic/pool.go;v2ray-core-master:transport/internet/quic/pool.go
dd9c37b6cfcaabedea674f0cea34dff2e4830c3a3d2b3b0aa2bd99dedbf3cf9d,2,v2ray-core-main:transport/internet/headers/tls/config.proto;v2ray-core-master:transport/internet/headers/tls/config.proto
de54f086940c6b6fe8c8958488dcaeef55996e5aca4bca7799b9bf194e7b6a5c,2,Xray-core-main:main/commands/base/help.go;Xray-tun-main:main/commands/base/help.go
dead8f28d08189016d39d9e7fae21c0f54e7ec855e6081e8d4b3578f0f878359,2,v2ray-core-main:main/commands/all/engineering/errors.generated.go;v2ray-core-master:main/commands/all/engineering/errors.generated.go
deedc06fa609b28456f6e7c4b92b30bf21b5cf8dde2a192ebe5d1562d0bfcfca,2,v2ray-core-main:proxy/blackhole/blackhole_test.go;v2ray-core-master:proxy/blackhole/blackhole_test.go
defbef431ec03cde078d1ea6eeef0794f4b3406d5616bbee09655985795c99f0,2,v2ray-core-main:infra/conf/geodata/geodata_test.go;v2ray-core-master:infra/conf/geodata/geodata_test.go
df08e871543e495af521dec3858a01c93b56719efe29173fa66ec717abcf7237,2,v2ray-core-main:common/protoext/extensions.go;v2ray-core-master:common/protoext/extensions.go
df6d4894e3e42d0df20af779f091cc70a1a9fab15c92b974506d4473147c65f1,2,v2ray-core-main:release/debian/v2ray-geoip-only-cn-private.install;v2ray-core-master:release/debian/v2ray-geoip-only-cn-private.install
dfd938a457e4e671f06c71d7fdd6ce03af27a96b8b44945edf63b7b55b53d7b7,2,v2ray-core-main:transport/internet/tagged/taggedimpl/taggedimpl.go;v2ray-core-master:transport/internet/tagged/taggedimpl/taggedimpl.go
e0d8b7fdc4557eae7c628130d909ad648e89f2f7bab68f44bdf8ddae08e1c711,2,Xray-core-main:common/serial/typed_message.proto;Xray-tun-main:common/serial/typed_message.proto
e0f21baa5e0359ad8ce2c1ce8b2c77aee78c83e828934164ef1b7c0ec24cc106,2,v2ray-core-main:common/signal/pubsub/pubsub_test.go;v2ray-core-master:common/signal/pubsub/pubsub_test.go
e1b4fd2b7ecc7f424beab634650b1be86b254147f185703c9d782cff4848bde7,2,v2ray-core-main:proxy/blackhole/config.proto;v2ray-core-master:proxy/blackhole/config.proto
e31be5fe5593f558172d43c777b2de65516fb5dad6458b6f05f88113da30934b,2,v2ray-core-main:infra/conf/mergers/names.go;v2ray-core-master:infra/conf/mergers/names.go
e36df2b811e01d9ca0e7175567c12c8996be72b100dd0a3a3a043210fc816f43,2,v2ray-core-main:app/policy/manager_test.go;v2ray-core-master:app/policy/manager_test.go
e3a8922f771518401ec6f13a7547ae015b1d5c0092372cb40fedab8ac1716013,2,v2ray-core-main:app/reverse/reverse.go;v2ray-core-master:app/reverse/reverse.go
e4c72a2ab2b1901362864e3df71008ea201d34803193b11d3cc5e480fefa5d74,2,v2ray-core-main:common/task/periodic_test.go;v2ray-core-master:common/task/periodic_test.go
e4cd635f71c26829a85db75acc67cf19b3bd648c26dd744d05ee945bc80d4da3,2,v2ray-core-main:proxy/vmess/outbound/command.go;v2ray-core-master:proxy/vmess/outbound/command.go
e5386918119dfbb3cf007b088e4905557ccc6e236ec94e1cff355f62296a99cd,2,Xray-core-main:infra/conf/reverse_test.go;Xray-tun-main:infra/conf/reverse_test.go
e62da6b8a3507fa92faa889f89ae7e39dadf6861e52977e3864fba5d03157421,2,Xray-core-main:app/policy/manager_test.go;Xray-tun-main:app/policy/manager_test.go
e6499ac05b7a436f232682665deb641daf7ca5b8cec24976f5017ccaa1176052,2,v2ray-core-main:app/stats/stats_test.go;v2ray-core-master:app/stats/stats_test.go
e698da306b793d37e89629773da916df09b157889b5a04df620a1a031c534046,2,v2ray-core-main:app/stats/config.proto;v2ray-core-master:app/stats/config.proto
e7465014f7d52ffe454640f2d478ad72c27cb21d3af3ea527621ca811f4bad70,2,v2ray-core-main:transport/internet/grpc/config.go;v2ray-core-master:transport/internet/grpc/config.go
e768aeb68b100eb980c7ea22a4cfbce474b250ed3026bf13d133948d0a910e46,2,Xray-core-main:app/dispatcher/stats.go;Xray-tun-main:app/dispatcher/stats.go
e76c7e70f1ca2e2a0675b1e87bdb9cb75dce6527a2428567daff2445cf51aeaf,2,Xray-core-main:common/net/port.proto;Xray-tun-main:common/net/port.proto
e84504dc841a8eadf3221fce08802ce920ba75dae44a9e22b0a1ac7c953700a7,2,v2ray-core-main:transport/internet/kcp/crypt.go;v2ray-core-master:transport/internet/kcp/crypt.go
e89ec0786ce314b8b1cb435c00533f31b18938a8a92a90117fe5c280d032c986,2,Xray-core-main:common/interfaces.go;Xray-tun-main:common/interfaces.go
e8e3fe678a808cde6790373adb84378861e3102493317d3347099da5dc5a991b,2,v2ray-core-main:proxy/vmess/vmess.go;v2ray-core-master:proxy/vmess/vmess.go
e9ac56a9d4362765bd4e511afdf7a0322c1b3357835a0825c974cc7cee4251b7,2,Xray-core-main:testing/servers/tcp/port.go;Xray-tun-main:testing/servers/tcp/port.go
e9f6b7869f5fd6dfba7b44167facbbb47fe3752c186e57fc05586a54b0828abb,2,v2ray-core-main:common/protocol/udp/packet.go;v2ray-core-master:common/protocol/udp/packet.go
ea0115cad49e2cab9b77b376a34dddbdad6fdb9ca6aa565fe0b47645b8df9346,2,Xray-core-main:transport/internet/headers/http/linkedreadRequest.go;v2ray-core-main:transport/internet/headers/http/linkedreadRequest.go
ea38d497d8bc97c54b5896997f28e1c93c674baed4b900d9975fa95867aaa4d0,2,v2ray-core-main:infra/conf/geodata/memconservative/decode_test.go;v2ray-core-master:infra/conf/geodata/memconservative/decode_test.go
eaebb69638ab7c3df35695e8b0ea70de021d686f81018070eae2a7e1e352a65a,2,v2ray-core-main:main/commands/all/api/jsonv4/outbounds_add.go;v2ray-core-master:main/commands/all/api/jsonv4/outbounds_add.go
ebb36a98fe8bf4bc203bcfd3fdfb3445f7824cfc01fddb8fe62bc934be094bcf,2,v2ray-core-main:app/restfulapi/service_test.go;v2ray-core-master:app/restfulapi/service_test.go
ebdd5820e3ba2a958f5a140dc2b7804fd720618ad54dda5dae22ebe1bc42ecb4,2,v2ray-core-main:transport/internet/headers/http/config.go;v2ray-core-master:transport/internet/headers/http/config.go
ec427dbf4717850083b34e97197df30d4d6654f50b70eb5b6ba3cfa352175d70,2,v2ray-core-main:transport/pipe/pipe.go;v2ray-core-master:transport/pipe/pipe.go
ec4bfcdf1e4a43d169593c9c3237b5757c3bc7c5b01c04d5e38a00f137fc1690,2,v2ray-core-main:transport/internet/domainsocket/errors.generated.go;v2ray-core-master:transport/internet/domainsocket/errors.generated.go
ece6894e044665d909084d2709df13182371b90e73b498fd70ed9721661ecd5e,2,v2ray-core-main:release/debian/control;v2ray-core-master:release/debian/control
ecefb1ffd77d681b524f8ee3b5597f777edc4a59206f938e2f0352e8c3b6fe1c,2,Xray-core-main:app/policy/manager.go;Xray-tun-main:app/policy/manager.go
ef036c97aacf62ac7b8dc30c0cf2534a6bbf0bb254bee3992d81d51a48180b07,2,v2ray-core-main:common/mux/errors.generated.go;v2ray-core-master:common/mux/errors.generated.go
ef3f79c44154d83e4860551713520bb2570ced18e624b4872c0cb2ebfa6fbef0,2,Xray-core-main:app/commander/service.go;Xray-tun-main:app/commander/service.go
ef6974e7e47c8ed460c8ad8860ad185baeb722b8a941da78b11cc930d728e5cd,2,v2ray-core-main:app/router/command/config.go;v2ray-core-master:app/router/command/config.go
ef6e0b5819e6b77840e7e56dc93a7dda65ecfd77468fb4f8ad7a47165b8fe744,2,v2ray-core-main:infra/conf/v4/errors.generated.go;v2ray-core-master:infra/conf/v4/errors.generated.go
ef972d971dd08bc70643a13c8f6ae9ea3a5b61c767eb95c57c140b128be65486,2,v2ray-core-main:common/environment/connection.go;v2ray-core-master:common/environment/connection.go
efd0fb915c45eeac5a86edac28a68458f7acdea311f4e516bb165cc88fb9bc92,2,v2ray-core-main:proxy/socks/config.go;v2ray-core-master:proxy/socks/config.go
f093af975956dc2abf7102011ae70c7e7694c7c4d06f97b8670f2e5db35a1ead,2,Xray-core-main:transport/internet/headers/noop/config.proto;Xray-tun-main:transport/internet/headers/noop/config.proto
f0b002dae5b4d3006ca9dd5c6badddf1382a7918ced6857c9db036935a7bd241,2,v2ray-core-main:features/errors.generated.go;v2ray-core-master:features/errors.generated.go
f18a94ae3f5b7c32743b9306065e6c61c3140edd8d43e99b4e352f368788c97c,2,Xray-core-main:transport/internet/headers/noop/noop.go;Xray-tun-main:transport/internet/headers/noop/noop.go
f1a270304eff6c2d935184d2d2b08127dd030a9a11de100a9d7c2f2ef2a1619a,2,v2ray-core-main:transport/internet/quic/config.proto;v2ray-core-master:transport/internet/quic/config.proto
f1afcfc67bc01336b8e07582f4ca0da9e9781cb63e7a98038cb8b7675cad6333,2,v2ray-core-main:proxy/loopback/errors.generated.go;v2ray-core-master:proxy/loopback/errors.generated.go
f21aae8fb319c422fbc72f613ebf28fd2f45ffcd37bdbe686f9572971fd15e53,2,Xray-core-main:common/bitmask/byte_test.go;Xray-tun-main:common/bitmask/byte_test.go
f339b78a19e50ba6feb9c4989b65ca05d52854941f46867fdacaaf98c1a72491,2,v2ray-core-main:release/config/systemd/system/v2ray@.service;v2ray-core-master:release/config/systemd/system/v2ray@.service
f33b9cbe36382247f5b9767abf6366fe71d90f7731f39d4afc24d78946c74b2d,2,v2ray-core-main:infra/conf/cfgcommon/proxycfg/errors.generated.go;v2ray-core-master:infra/conf/cfgcommon/proxycfg/errors.generated.go
f401f0bcd9598a0460da5f8f46494330e35c28b4d8ca2199b57ecc1a451281af,2,v2ray-core-main:main/v2binding/v2api/api.go;v2ray-core-master:main/v2binding/v2api/api.go
f4e83d0602f546d57aec86e4ed9bcf05e254d312d5265df1098e49f9a6c9d2ac,2,v2ray-core-main:proxy/vless/encoding/addons.proto;v2ray-core-master:proxy/vless/encoding/addons.proto
f66996b376b7daca04f8f015dfa28dc72f852ab7b4a13c5c2d39c577f8dd6162,2,v2ray-core-main:common/net/errors.generated.go;v2ray-core-master:common/net/errors.generated.go
f68b91fb13e89742269b400537cc9d929646306380d3ea30a55361328bcab609,2,v2ray-core-main:config.proto;v2ray-core-master:config.proto
f6b6ef2e8129a48f3a6a12c65c53a3786b6b27eb08302d64b124656847532549,2,v2ray-core-main:transport/internet/headers/srtp/srtp.go;v2ray-core-master:transport/internet/headers/srtp/srtp.go
f8a5dd96a47f3c9e47d88aacd1108ba693ef6b09b964103fbe8052b975339533,2,v2ray-core-main:app/log/command/config.proto;v2ray-core-master:app/log/command/config.proto
f9b1e2370cb34ba6db3fa951e085a30112bea76808e5d7759d5bb3ef055a2632,2,v2ray-core-main:common/signal/pubsub/pubsub.go;v2ray-core-master:common/signal/pubsub/pubsub.go
fa767ee96c56d9eb55d1236a3f6803759cc675849c2f37e046807db8c818cdcd,2,v2ray-core-main:app/reverse/errors.generated.go;v2ray-core-master:app/reverse/errors.generated.go
fb9f2db5d8299377524e8fad444c2fe4b894f231ae431825a7a13ff83fc0c39f,2,v2ray-core-main:common/protocol/errors.generated.go;v2ray-core-master:common/protocol/errors.generated.go
fcc1bc2415871fc0fb7f3e1342d5dc9a6767c2aabdcf67a10197e8f18aab156a,2,v2ray-core-main:transport/internet/kcp/io_test.go;v2ray-core-master:transport/internet/kcp/io_test.go
fd57ebf404d4be4098b50272cf1576a901fc3c56426926cc82af866a1c3e4470,2,Xray-tun-main:infra/conf/lint.go;v2ray-go-main:infra/conf/lint.go
feb508c48ee501d0b21c71bb4673c167d9d3b8d1bb0c6b8d342a24ecbcfdb4eb,2,v2ray-core-main:infra/conf/v2jsonpb/followerlist.go;v2ray-core-master:infra/conf/v2jsonpb/followerlist.go
ff0ef84f4c6e081751b5e01c501ae9c8f9ebc5f4704f6752583aae7652152557,2,v2ray-core-main:testing/scenarios/common_coverage.go;v2ray-core-master:testing/scenarios/common_coverage.go
