donor,path,sha256,size_bytes,mode,classification,authority,module,extension,semantic_record_ids,post_refactor_232_review,post_refactor_232_disposition,notes
dns-tunnel-deploy,.gitignore,b6d5281f2e97bd8507de6697c0d40a8d87be62d9efba7371e1d1749b58cbbe68,5,0o644,repository-administration,authoritative,.gitignore,n/a,PR232-F00001;PR232-M0001,fresh-byte-reverified-and-context-reviewed,accounted-reference,Exhaustive per-file accountability; focused semantic rows retained when independently meaningful.
dns-tunnel-deploy,README-fa.md,ad69479de2e3baa062f23672f989d88160b5676e0233fe0c7d6b06323d0b25ec,15101,0o644,documentation,authoritative,README-fa.md,.md,PR232-F00002;PR232-M0002,fresh-byte-reverified-and-context-reviewed,accounted-reference,Exhaustive per-file accountability; focused semantic rows retained when independently meaningful.
dns-tunnel-deploy,README.md,efc7c6fd14d4f719b022dffe93a94868c56c75eb8d26a6e8729fe211fef915d4,10503,0o644,documentation,authoritative,README.md,.md,PR232-F00003;PR232-M0003,fresh-byte-reverified-and-context-reviewed,accounted-reference,Exhaustive per-file accountability; focused semantic rows retained when independently meaningful.
dns-tunnel-deploy,dnstt-deploy.sh,5e3903c9c1c9ec6bd1ed1b5661915cb2a7f3006867ce836b24908baf25af54e5,36899,0o755,script,authoritative,dnstt-deploy.sh,.sh,PR232-F00004;PR232-M0004;PR232-S012;PR232-S013;PR232-S014;PR232-S015;PR232-S016;PR232-S017;PR232-S018;PR232-S019;PR232-S020,fresh-byte-reverified-and-context-reviewed,focused-adoption-or-guardrail,Exhaustive per-file accountability; focused semantic rows retained when independently meaningful.
dns-tunnel-deploy,gui/build_linux.sh,5a12b9d37964108eb3201da41865ffcc2d4f468f8b2cd69da7a1e9360846a697,312,0o755,script,authoritative,gui,.sh,PR232-F00005;PR232-M0005,fresh-byte-reverified-and-context-reviewed,reviewed-target-fit,Exhaustive per-file accountability; focused semantic rows retained when independently meaningful.
dns-tunnel-deploy,gui/build_windows.bat,ce9ddb92abd8348e873c9f9ada6491cbd95afd7ab85024ade60f41e865fccd3b,327,0o644,script,authoritative,gui,.bat,PR232-F00006;PR232-M0005,fresh-byte-reverified-and-context-reviewed,reviewed-target-fit,Exhaustive per-file accountability; focused semantic rows retained when independently meaningful.
dns-tunnel-deploy,gui/builds/DNSTT-Manager-macOS.zip,136d07eda2478c0e64335f359a3249310f803a60ed58a536a86854fc5de1e909,33068692,0o644,generated,derived,gui,.zip,PR232-F00007;PR232-M0005,fresh-byte-reverified-and-context-reviewed,accounted-reference,Exhaustive per-file accountability; focused semantic rows retained when independently meaningful.
dns-tunnel-deploy,gui/dnstt_manager.py,cc7f7a48ebe1e5d2f8520403a1ba80d221187a1189ec11c1b1a601910b89a9db,20989,0o644,implementation,authoritative,gui,.py,PR232-F00008;PR232-M0005;PR232-S021,fresh-byte-reverified-and-context-reviewed,focused-adoption-or-guardrail,Exhaustive per-file accountability; focused semantic rows retained when independently meaningful.
dns-tunnel-deploy,gui/requirements.txt,971e2465cb4d33ad5448f620c0811a30b229c2ca8767302bcd2b6912d66d49b8,16,0o644,configuration,authoritative,gui,.txt,PR232-F00009;PR232-M0005,fresh-byte-reverified-and-context-reviewed,reviewed-target-fit,Exhaustive per-file accountability; focused semantic rows retained when independently meaningful.
outline-client,.browserslistrc,1a92a524e5bd25095ea5a903117c10361eb8d4e8f6e64bb37d9eaa431a3cb640,532,0o644,operational,authoritative,.browserslistrc,n/a,PR232-F00010;PR232-M0006,fresh-byte-reverified-and-context-reviewed,accounted-reference,Exhaustive per-file accountability; focused semantic rows retained when independently meaningful.
outline-client,.eslintignore,2a7199c7de0d459ce68142cf332f08862ff135e13150fae3877741fb4bd08afb,66,0o644,operational,authoritative,.eslintignore,n/a,PR232-F00011;PR232-M0007,fresh-byte-reverified-and-context-reviewed,accounted-reference,Exhaustive per-file accountability; focused semantic rows retained when independently meaningful.
outline-client,.eslintrc.json,b5c67566c14b0ec32bdcedd74f5a5320618c7e8e0802bb8c52412e02552d83b6,3190,0o644,configuration,authoritative,.eslintrc.json,.json,PR232-F00012;PR232-M0008,fresh-byte-reverified-and-context-reviewed,reviewed-target-fit,Exhaustive per-file accountability; focused semantic rows retained when independently meaningful.
outline-client,.gitattributes,06602dfabe5fe5d9f2840530413b107b67077c7640b7f6f8141f6529ac515f79,135,0o644,repository-administration,authoritative,.gitattributes,n/a,PR232-F00013;PR232-M0009,fresh-byte-reverified-and-context-reviewed,accounted-reference,Exhaustive per-file accountability; focused semantic rows retained when independently meaningful.
outline-client,.github/CODEOWNERS,21c7dd0e936cb15ddcca562e31648f0766a2f67b20bd247378b1a105e0db416f,254,0o644,repository-administration,authoritative,.github,n/a,PR232-F00014;PR232-M0010,fresh-byte-reverified-and-context-reviewed,accounted-reference,Exhaustive per-file accountability; focused semantic rows retained when independently meaningful.
outline-client,.github/ISSUE_TEMPLATE/bug_report.md,10ac3fc5b6821165cc9f636d42facb7958969eb087d57cbc38603fb26f629f50,1103,0o644,repository-administration,authoritative,.github,.md,PR232-F00015;PR232-M0010,fresh-byte-reverified-and-context-reviewed,accounted-reference,Exhaustive per-file accountability; focused semantic rows retained when independently meaningful.
outline-client,.github/ISSUE_TEMPLATE/build_issue.md,6852d9b72f4d68e84400fa91f8bbb5f058e4346080ba34aafae28a7607d11e7c,380,0o644,repository-administration,authoritative,.github,.md,PR232-F00016;PR232-M0010,fresh-byte-reverified-and-context-reviewed,accounted-reference,Exhaustive per-file accountability; focused semantic rows retained when independently meaningful.
outline-client,.github/ISSUE_TEMPLATE/feature_request.md,676696667aa5ea50a72149886944352161e98b48b5df22a3b48669143854d6ff,421,0o644,repository-administration,authoritative,.github,.md,PR232-F00017;PR232-M0010,fresh-byte-reverified-and-context-reviewed,accounted-reference,Exhaustive per-file accountability; focused semantic rows retained when independently meaningful.
outline-client,.github/ISSUE_TEMPLATE/question.md,49b9fb5174d0fe6a91645ae5226261c6eb60bc970289b79bae4156a01b84a6cb,525,0o644,repository-administration,authoritative,.github,.md,PR232-F00018;PR232-M0010,fresh-byte-reverified-and-context-reviewed,accounted-reference,Exhaustive per-file accountability; focused semantic rows retained when independently meaningful.
outline-client,.github/ISSUE_TEMPLATE/support_request.md,280f54072ab7bf15eea87c698673e27fb6d4cf87fad426a715232876969e1d85,556,0o644,repository-administration,authoritative,.github,.md,PR232-F00019;PR232-M0010,fresh-byte-reverified-and-context-reviewed,accounted-reference,Exhaustive per-file accountability; focused semantic rows retained when independently meaningful.
outline-client,.github/workflows/build_and_test_debug.yml,9f775057d5d2c90866e96afc5d2735888cde731fe8367e9b04149fde3af2410f,4181,0o644,repository-administration,authoritative,.github,.yml,PR232-F00020;PR232-M0010,fresh-byte-reverified-and-context-reviewed,accounted-reference,Exhaustive per-file accountability; focused semantic rows retained when independently meaningful.
outline-client,.github/workflows/pull_request_checks.yml,1116d6362cc665d5116906eaabda440e2c9ebe97ee0cfec6c7da119b509b909d,4057,0o644,repository-administration,authoritative,.github,.yml,PR232-F00021;PR232-M0010,fresh-byte-reverified-and-context-reviewed,accounted-reference,Exhaustive per-file accountability; focused semantic rows retained when independently meaningful.
outline-client,.gitignore,b869fce74073dfeace2fb280ef528aca4c846ecf6cd0bb0801006f17d2a9c2da,377,0o644,repository-administration,authoritative,.gitignore,n/a,PR232-F00022;PR232-M0011,fresh-byte-reverified-and-context-reviewed,accounted-reference,Exhaustive per-file accountability; focused semantic rows retained when independently meaningful.
outline-client,.java-version,25d4f2a86deb5e2574bb3210b67bb24fcc4afb19f93a7b65a057daa874a9d18e,3,0o644,operational,authoritative,.java-version,n/a,PR232-F00023;PR232-M0012,fresh-byte-reverified-and-context-reviewed,accounted-reference,Exhaustive per-file accountability; focused semantic rows retained when independently meaningful.
outline-client,.npmrc,91a755274d03258426124d8c7ba0fcb234c85c99b3a71890dd8a060fb16e2f9a,93,0o644,operational,authoritative,.npmrc,n/a,PR232-F00024;PR232-M0013,fresh-byte-reverified-and-context-reviewed,accounted-reference,Exhaustive per-file accountability; focused semantic rows retained when independently meaningful.
outline-client,.nvmrc,c178271cd08857a48742c24ade0cf064d07190f5756c7b32b3bdaa75cfdb2dd5,12,0o644,operational,authoritative,.nvmrc,n/a,PR232-F00025;PR232-M0014,fresh-byte-reverified-and-context-reviewed,accounted-reference,Exhaustive per-file accountability; focused semantic rows retained when independently meaningful.
outline-client,.prettierignore,a0094793514e0cb8703ff2d2d451587808fe74f05a7fc780bcbadab39fba38b2,67,0o644,operational,authoritative,.prettierignore,n/a,PR232-F00026;PR232-M0015,fresh-byte-reverified-and-context-reviewed,accounted-reference,Exhaustive per-file accountability; focused semantic rows retained when independently meaningful.
outline-client,.prettierrc.json,374850e1f44be84dd41d86048761450d780a39f121be1d08e31184b394484e20,238,0o644,configuration,authoritative,.prettierrc.json,.json,PR232-F00027;PR232-M0016,fresh-byte-reverified-and-context-reviewed,reviewed-target-fit,Exhaustive per-file accountability; focused semantic rows retained when independently meaningful.
outline-client,CONTRIBUTING.md,496f23b4b03b4f35e1ced68b8d96aa27ca4a8121b635eb2f4f2832becfaccdab,968,0o644,documentation,authoritative,CONTRIBUTING.md,.md,PR232-F00028;PR232-M0017,fresh-byte-reverified-and-context-reviewed,accounted-reference,Exhaustive per-file accountability; focused semantic rows retained when independently meaningful.
outline-client,LICENSE,b40930bbcf80744c86c46a12bc9da056641d722716c378f5659b9e555ef833e1,11357,0o644,documentation,authoritative,LICENSE,n/a,PR232-F00029;PR232-M0018,fresh-byte-reverified-and-context-reviewed,accounted-reference,Exhaustive per-file accountability; focused semantic rows retained when independently meaningful.
outline-client,README.md,7497cbab6d40819bd7d22d0ab31d636e5f3e950a9ef2690b0802f5d1bcf7290d,4076,0o644,documentation,authoritative,README.md,.md,PR232-F00030;PR232-M0019,fresh-byte-reverified-and-context-reviewed,accounted-reference,Exhaustive per-file accountability; focused semantic rows retained when independently meaningful.
outline-client,commitlint.config.js,5c6cb2fea0c7ae6e5a9f5d736c559914b5fc6182eaed4e0744455ad1995b25e1,499,0o644,implementation,authoritative,commitlint.config.js,.js,PR232-F00031;PR232-M0020,fresh-byte-reverified-and-context-reviewed,reviewed-target-fit,Exhaustive per-file accountability; focused semantic rows retained when independently meaningful.
outline-client,config.xml,9127c37140df6165dfd4e57cefb765e04b406471740aac01e58b8f6aaa7ce476,7291,0o644,configuration,authoritative,config.xml,.xml,PR232-F00032;PR232-M0021,fresh-byte-reverified-and-context-reviewed,reviewed-target-fit,Exhaustive per-file accountability; focused semantic rows retained when independently meaningful.
outline-client,docs/invitation-instructions.md,5a9d81eb3df026588923b0223d49fc28ee52daf73d23b39011a1288393a38eda,70,0o644,documentation,authoritative,docs,.md,PR232-F00033;PR232-M0022,fresh-byte-reverified-and-context-reviewed,accounted-reference,Exhaustive per-file accountability; focused semantic rows retained when independently meaningful.
outline-client,docs/invitation_instructions.md,a96f5012b5e0be5afda1fa1d49f9b60b744ad1624832c18ac45534cf0782afde,1749,0o644,documentation,authoritative,docs,.md,PR232-F00034;PR232-M0022,fresh-byte-reverified-and-context-reviewed,accounted-reference,Exhaustive per-file accountability; focused semantic rows retained when independently meaningful.
outline-client,docs/life_of_a_packet.md,bf5f45a1bfc4e94d09d82f0871de4496c4f166ca227b69efc0a8e2fbf48fb674,417,0o644,documentation,authoritative,docs,.md,PR232-F00035;PR232-M0022;PR232-S030,fresh-byte-reverified-and-context-reviewed,focused-adoption-or-guardrail,Exhaustive per-file accountability; focused semantic rows retained when independently meaningful.
outline-client,docs/resources/invitation_instructions_001.png,af806fc5c6b21e7301aa62e94557d070bacb5544a16e34f2a10d6b8497564eb8,20287,0o644,media,derived,docs,.png,PR232-F00036;PR232-M0022,fresh-byte-reverified-and-context-reviewed,accounted-reference,Exhaustive per-file accountability; focused semantic rows retained when independently meaningful.
outline-client,docs/resources/invitation_instructions_002.png,21fa8782ab83e040ba18b23606a109c58814ab78c34fa3d1e27edf3114f05b38,19214,0o644,media,derived,docs,.png,PR232-F00037;PR232-M0022,fresh-byte-reverified-and-context-reviewed,accounted-reference,Exhaustive per-file accountability; focused semantic rows retained when independently meaningful.
outline-client,docs/resources/invitation_instructions_003.png,eea4318b6dd048014a1ba74be4bfaca3df700f8f67577d91f3e83388c1e70f7c,147959,0o644,media,derived,docs,.png,PR232-F00038;PR232-M0022,fresh-byte-reverified-and-context-reviewed,accounted-reference,Exhaustive per-file accountability; focused semantic rows retained when independently meaningful.
outline-client,go.mod,f1a171cabd4d63da9161a56fc49b9249027cf96d07c78cab6fce1fff0ca040a7,703,0o644,configuration,authoritative,go.mod,.mod,PR232-F00039;PR232-M0023,fresh-byte-reverified-and-context-reviewed,reviewed-target-fit,Exhaustive per-file accountability; focused semantic rows retained when independently meaningful.
outline-client,go.sum,d1d2e618831071d0b2c39484cfc275be8391abdf10d7f282c362d9dfbae3a808,4119,0o644,configuration,authoritative,go.sum,.sum,PR232-F00040;PR232-M0024,fresh-byte-reverified-and-context-reviewed,reviewed-target-fit,Exhaustive per-file accountability; focused semantic rows retained when independently meaningful.
outline-client,list.action.mjs,8930739a112cf6d6936c9c0b3b51febb042ed87a72352b1a2c001431253be387,1285,0o644,operational,authoritative,list.action.mjs,.mjs,PR232-F00041;PR232-M0025,fresh-byte-reverified-and-context-reviewed,accounted-reference,Exhaustive per-file accountability; focused semantic rows retained when independently meaningful.
outline-client,outline/device/config.go,f674781d5a12ac8ee400aa9709b3d163314595171cb35057eb2d7d7ef4738cd8,3239,0o644,implementation,authoritative,outline/device,.go,PR232-F00042;PR232-M0026,fresh-byte-reverified-and-context-reviewed,reviewed-target-fit,Exhaustive per-file accountability; focused semantic rows retained when independently meaningful.
outline-client,outline/device/config_test.go,39ceed2045ba32bcd4e9bd148c61cd5b0a40d9561bcc9307f373f953c9b5e635,4314,0o644,test,authoritative,outline/device,.go,PR232-F00043;PR232-M0026,fresh-byte-reverified-and-context-reviewed,reviewed-target-fit,Exhaustive per-file accountability; focused semantic rows retained when independently meaningful.
outline-client,outline/device/device.go,bce52c12c2e619c65144de6c0d9fc6d7a28e449f70dfca009e4168a195d5958e,2001,0o644,implementation,authoritative,outline/device,.go,PR232-F00044;PR232-M0026;PR232-S032,fresh-byte-reverified-and-context-reviewed,focused-adoption-or-guardrail,Exhaustive per-file accountability; focused semantic rows retained when independently meaningful.
outline-client,outline/device/device_test.go,1d22c861bd5c590ca143231534773b5335edf5a7d42bcbf42d4d12a9621213f4,1091,0o644,test,authoritative,outline/device,.go,PR232-F00045;PR232-M0026,fresh-byte-reverified-and-context-reviewed,reviewed-target-fit,Exhaustive per-file accountability; focused semantic rows retained when independently meaningful.
outline-client,outline/device/packet_listener.go,7b0fe804993b6ef845514ba6429f67b15ccca3d9e2b4ef117ffe6789d28bf56a,1053,0o644,implementation,authoritative,outline/device,.go,PR232-F00046;PR232-M0026,fresh-byte-reverified-and-context-reviewed,reviewed-target-fit,Exhaustive per-file accountability; focused semantic rows retained when independently meaningful.
outline-client,outline/device/packet_proxy.go,7d0053fa349909aeea870148242e41222982c86749818ed93938794c2a4f0812,2472,0o644,implementation,authoritative,outline/device,.go,PR232-F00047;PR232-M0026,fresh-byte-reverified-and-context-reviewed,reviewed-target-fit,Exhaustive per-file accountability; focused semantic rows retained when independently meaningful.
outline-client,outline/device/stream_dialer.go,c2b7ebfcfbdc0b7ceff5218d6b3f5edc62bac694d001e947f383332163be92e9,1216,0o644,implementation,authoritative,outline/device,.go,PR232-F00048;PR232-M0026,fresh-byte-reverified-and-context-reviewed,reviewed-target-fit,Exhaustive per-file accountability; focused semantic rows retained when independently meaningful.
outline-client,package-lock.json,77e99b3a435e5220af9cf9f87ac7d0531217ea324e39766e077812f35171b9f7,934193,0o644,configuration,authoritative,package-lock.json,.json,PR232-F00049;PR232-M0027,fresh-byte-reverified-and-context-reviewed,reviewed-target-fit,Exhaustive per-file accountability; focused semantic rows retained when independently meaningful.
outline-client,package.json,5233b8c09b05a372a257400c6ef5faed223c4b8ed143c606f2b3f2ffc72e6f27,5698,0o644,configuration,authoritative,package.json,.json,PR232-F00050;PR232-M0028,fresh-byte-reverified-and-context-reviewed,reviewed-target-fit,Exhaustive per-file accountability; focused semantic rows retained when independently meaningful.
outline-client,resources/electron/icon.png,8936762bd68768bb2fc1c589bf7d46d0f6f2f5b10f86093cbc930477ccb5ba05,36599,0o644,media,derived,resources,.png,PR232-F00051;PR232-M0029,fresh-byte-reverified-and-context-reviewed,accounted-reference,Exhaustive per-file accountability; focused semantic rows retained when independently meaningful.
outline-client,resources/icons/android/icon_hdpi.png,b0d0438ca1d2ffcd92fb42d916ba8b8777e83f231619cdc3e1cafef81ed29390,1805,0o644,media,derived,resources,.png,PR232-F00052;PR232-M0029,fresh-byte-reverified-and-context-reviewed,accounted-reference,Exhaustive per-file accountability; focused semantic rows retained when independently meaningful.
outline-client,resources/icons/android/icon_mdpi.png,5fa63c480c20086e1f5078942f29ee0143d74244fc12e23f1b03665ef01d1345,1240,0o644,media,derived,resources,.png,PR232-F00053;PR232-M0029,fresh-byte-reverified-and-context-reviewed,accounted-reference,Exhaustive per-file accountability; focused semantic rows retained when independently meaningful.
outline-client,resources/icons/android/icon_xhdpi.png,20b43fed23fa0a8ea8ff53fd8588e576c8d155af60652c3eed2f391cb753b732,2366,0o644,media,derived,resources,.png,PR232-F00054;PR232-M0029,fresh-byte-reverified-and-context-reviewed,accounted-reference,Exhaustive per-file accountability; focused semantic rows retained when independently meaningful.
outline-client,resources/icons/android/icon_xxhdpi.png,0829b910c1026571de899eea5bc3972d405d0d1380a6faf37d2a1f6022a50504,3414,0o644,media,derived,resources,.png,PR232-F00055;PR232-M0029,fresh-byte-reverified-and-context-reviewed,accounted-reference,Exhaustive per-file accountability; focused semantic rows retained when independently meaningful.
outline-client,resources/icons/android/icon_xxxhdpi.png,f2cba3770e9c621fee9bad2cfaae63ccc19446426c410b4115e0d6a2cb610c7e,4812,0o644,media,derived,resources,.png,PR232-F00056;PR232-M0029,fresh-byte-reverified-and-context-reviewed,accounted-reference,Exhaustive per-file accountability; focused semantic rows retained when independently meaningful.
outline-client,resources/icons/ios/Icon-20@2x.png,715439b92d6ba1b1b7771c7c64fd272e1ac7d78a292efd2f6b6a92e81a899b25,1007,0o644,media,derived,resources,.png,PR232-F00057;PR232-M0029,fresh-byte-reverified-and-context-reviewed,accounted-reference,Exhaustive per-file accountability; focused semantic rows retained when independently meaningful.
outline-client,resources/icons/ios/Icon-20@3x.png,cc122799daa5774f1b8a53e7a496ff5a0302dce698c5e363b97036849e2b767f,1350,0o644,media,derived,resources,.png,PR232-F00058;PR232-M0029,fresh-byte-reverified-and-context-reviewed,accounted-reference,Exhaustive per-file accountability; focused semantic rows retained when independently meaningful.
outline-client,resources/icons/ios/Icon-29@1x.png,c83ad438477181b01ea5154b6e73b7258f13d1c285b4427e7ee57d48cc0a9ed4,2535,0o644,media,derived,resources,.png,PR232-F00059;PR232-M0029,fresh-byte-reverified-and-context-reviewed,accounted-reference,Exhaustive per-file accountability; focused semantic rows retained when independently meaningful.
outline-client,resources/icons/ios/Icon-29@2x.png,21f960fdbd49d1d265b482930f57cd1c1a272533daec46a15c89cf098ce6372a,1346,0o644,media,derived,resources,.png,PR232-F00060;PR232-M0029,fresh-byte-reverified-and-context-reviewed,accounted-reference,Exhaustive per-file accountability; focused semantic rows retained when independently meaningful.
outline-client,resources/icons/ios/Icon-29@3x.png,46ea9133af40eed32c1cbdd57c6cb1714f775678f724b561a602a489350cc000,4985,0o644,media,derived,resources,.png,PR232-F00061;PR232-M0029,fresh-byte-reverified-and-context-reviewed,accounted-reference,Exhaustive per-file accountability; focused semantic rows retained when independently meaningful.
outline-client,resources/icons/ios/Icon-40@2x.png,e3789e91e386191f2bb50395c24f420f991235e261fdc50b3f461908c8925edc,1850,0o644,media,derived,resources,.png,PR232-F00062;PR232-M0029,fresh-byte-reverified-and-context-reviewed,accounted-reference,Exhaustive per-file accountability; focused semantic rows retained when independently meaningful.
outline-client,resources/icons/ios/Icon-40@3x.png,efac9616471e573a4f0ca7a6e5e50abd6a870e7759e5184a1a043dd476c66c73,2670,0o644,media,derived,resources,.png,PR232-F00063;PR232-M0029,fresh-byte-reverified-and-context-reviewed,accounted-reference,Exhaustive per-file accountability; focused semantic rows retained when independently meaningful.
outline-client,resources/icons/ios/Icon-50@1x.png,7c096d1515625c5da4908a1c3ca4ef2ea73d669ea7fe34e7b71d2dc9a19b2ba3,1201,0o644,media,derived,resources,.png,PR232-F00064;PR232-M0029,fresh-byte-reverified-and-context-reviewed,accounted-reference,Exhaustive per-file accountability; focused semantic rows retained when independently meaningful.
outline-client,resources/icons/ios/Icon-50@2x.png,64c4ce13ec7c2fdd749f7970baddb816877b4ea3b71d12c242d244b955d08f27,2354,0o644,media,derived,resources,.png,PR232-F00065;PR232-M0029,fresh-byte-reverified-and-context-reviewed,accounted-reference,Exhaustive per-file accountability; focused semantic rows retained when independently meaningful.
outline-client,resources/icons/ios/Icon-512@2x.png,9c329151c7adfa20045da13284d47fa5ab6e624f5cbb111e1a8c9e9a3b240622,67868,0o644,media,derived,resources,.png,PR232-F00066;PR232-M0029,fresh-byte-reverified-and-context-reviewed,accounted-reference,Exhaustive per-file accountability; focused semantic rows retained when independently meaningful.
outline-client,resources/icons/ios/Icon-57@1x.png,383d0208e26dc9e562bec571866b94a6f3d46b51d7fe33607c907207f6f0dd2b,3662,0o644,media,derived,resources,.png,PR232-F00067;PR232-M0029,fresh-byte-reverified-and-context-reviewed,accounted-reference,Exhaustive per-file accountability; focused semantic rows retained when independently meaningful.
outline-client,resources/icons/ios/Icon-57@2x.png,f9dfc13825b21a89ffc6c543030468212b52698fc15c97b3a9cf4ecedf113b1c,2469,0o644,media,derived,resources,.png,PR232-F00068;PR232-M0029,fresh-byte-reverified-and-context-reviewed,accounted-reference,Exhaustive per-file accountability; focused semantic rows retained when independently meaningful.
outline-client,resources/icons/ios/Icon-60@2x.png,25ee6339ea3c711dc9668a79139ffbea2ec72c87623ff715cd6fd5c1201315e2,2659,0o644,media,derived,resources,.png,PR232-F00069;PR232-M0029,fresh-byte-reverified-and-context-reviewed,accounted-reference,Exhaustive per-file accountability; focused semantic rows retained when independently meaningful.
outline-client,resources/icons/ios/Icon-60@3x.png,d3b1c84df9ab8e833c910718da94c79d7bd5f17be2eb1af920b167203af203bf,4005,0o644,media,derived,resources,.png,PR232-F00070;PR232-M0029,fresh-byte-reverified-and-context-reviewed,accounted-reference,Exhaustive per-file accountability; focused semantic rows retained when independently meaningful.
outline-client,resources/icons/ios/Icon-72@1x.png,e863d99b1f8c1820a629aeabe2ae9d8d672c2f186c97e2629fa4447c26ceaf15,1680,0o644,media,derived,resources,.png,PR232-F00071;PR232-M0029,fresh-byte-reverified-and-context-reviewed,accounted-reference,Exhaustive per-file accountability; focused semantic rows retained when independently meaningful.
outline-client,resources/icons/ios/Icon-72@2x.png,a163d8e57e9efff743fda8c056ad2bf0100f6ace6e9c5f7aecfdc032fbe362c0,3225,0o644,media,derived,resources,.png,PR232-F00072;PR232-M0029,fresh-byte-reverified-and-context-reviewed,accounted-reference,Exhaustive per-file accountability; focused semantic rows retained when independently meaningful.
outline-client,resources/icons/ios/Icon-76@1x.png,95390a75e7a7fad578457b3633e6c4da2490ed47d6a63061ce87ae03ff43a192,1823,0o644,media,derived,resources,.png,PR232-F00073;PR232-M0029,fresh-byte-reverified-and-context-reviewed,accounted-reference,Exhaustive per-file accountability; focused semantic rows retained when independently meaningful.
outline-client,resources/icons/ios/Icon-76@2x.png,2582f46ed6904b7c7dddfc6837813020d03525e9c21a05606b9903987766d901,3444,0o644,media,derived,resources,.png,PR232-F00074;PR232-M0029,fresh-byte-reverified-and-context-reviewed,accounted-reference,Exhaustive per-file accountability; focused semantic rows retained when independently meaningful.
outline-client,resources/icons/ios/Icon-83.5@2x.png,82a991c7b4badc46bea98fc3a23d6d862e163a3e0a33fb94c3bb1b6e865ff4b1,8561,0o644,media,derived,resources,.png,PR232-F00075;PR232-M0029,fresh-byte-reverified-and-context-reviewed,accounted-reference,Exhaustive per-file accountability; focused semantic rows retained when independently meaningful.
outline-client,resources/icons/osx/icon-1024.png,98f092792283da3ea112925a33971f0732a5449275683bf855d4cdb9aed70cfd,84590,0o644,media,derived,resources,.png,PR232-F00076;PR232-M0029,fresh-byte-reverified-and-context-reviewed,accounted-reference,Exhaustive per-file accountability; focused semantic rows retained when independently meaningful.
outline-client,resources/icons/osx/icon-128.png,31f6fa7a2021477b96fe50671fb5020ff9071e6d235d61794cd3d69c12e0ff68,6270,0o644,media,derived,resources,.png,PR232-F00077;PR232-M0029,fresh-byte-reverified-and-context-reviewed,accounted-reference,Exhaustive per-file accountability; focused semantic rows retained when independently meaningful.
outline-client,resources/icons/osx/icon-16.png,4fd5ae8db2f0ce5955782dad471e6b54e8dda965bfcc4fe6802110cf3dfd75f7,608,0o644,media,derived,resources,.png,PR232-F00078;PR232-M0029,fresh-byte-reverified-and-context-reviewed,accounted-reference,Exhaustive per-file accountability; focused semantic rows retained when independently meaningful.
outline-client,resources/icons/osx/icon-256.png,07dd8c67805e847b207a4904a001843e60b18ea55f8fa1646e7f42ac35fd2bb7,14013,0o644,media,derived,resources,.png,PR232-F00079;PR232-M0029,fresh-byte-reverified-and-context-reviewed,accounted-reference,Exhaustive per-file accountability; focused semantic rows retained when independently meaningful.
outline-client,resources/icons/osx/icon-32.png,53c75e2798a2c18d1e2b4c5bef4029506e990ff684f6750bbddf5d87229821ec,1525,0o644,media,derived,resources,.png,PR232-F00080;PR232-M0029,fresh-byte-reverified-and-context-reviewed,accounted-reference,Exhaustive per-file accountability; focused semantic rows retained when independently meaningful.
outline-client,resources/icons/osx/icon-512.png,c72d34c1b517ad3b4e82f9361d0a42ce0c3129aa60c2cb3681b369e7be518726,32469,0o644,media,derived,resources,.png,PR232-F00081;PR232-M0029,fresh-byte-reverified-and-context-reviewed,accounted-reference,Exhaustive per-file accountability; focused semantic rows retained when independently meaningful.
outline-client,resources/icons/osx/icon-64.png,acbb3570be06b836c7ec27c9e07fed5a602b43f542782065110dac3155c85a98,3019,0o644,media,derived,resources,.png,PR232-F00082;PR232-M0029,fresh-byte-reverified-and-context-reviewed,accounted-reference,Exhaustive per-file accountability; focused semantic rows retained when independently meaningful.
outline-client,resources/original_messages.json,2affd10cddc98ba31fcd4b48dc0e07358aa635e2ad65badd966defecaa96e7ba,25145,0o644,configuration,authoritative,resources,.json,PR232-F00083;PR232-M0029,fresh-byte-reverified-and-context-reviewed,reviewed-target-fit,Exhaustive per-file accountability; focused semantic rows retained when independently meaningful.
outline-client,resources/splashscreen/android/splashscreen_hdpi.png,c640d4bed1e43315f329a1d7d5394d80c1faa38cce199456184554ba639dad83,8296,0o644,media,derived,resources,.png,PR232-F00084;PR232-M0029,fresh-byte-reverified-and-context-reviewed,accounted-reference,Exhaustive per-file accountability; focused semantic rows retained when independently meaningful.
outline-client,resources/splashscreen/android/splashscreen_xhdpi.png,c941067eaab0945c50b3aa31b43bb24969468fec22c4fcca3f4a7a24ec1e9ac9,14496,0o644,media,derived,resources,.png,PR232-F00085;PR232-M0029,fresh-byte-reverified-and-context-reviewed,accounted-reference,Exhaustive per-file accountability; focused semantic rows retained when independently meaningful.
outline-client,resources/splashscreen/android/splashscreen_xxhdpi.png,97cac6953633b8cdafa6c4f32fb85c10ad84e27cf5c3aa3eb2b8e7a87bdad74a,25443,0o644,media,derived,resources,.png,PR232-F00086;PR232-M0029,fresh-byte-reverified-and-context-reviewed,accounted-reference,Exhaustive per-file accountability; focused semantic rows retained when independently meaningful.
outline-client,resources/splashscreen/android/splashscreen_xxxhdpi.png,b9315e59c7d4ed9c7f3d8d6dcedebfce8284aef88c9f4bec4b80a0bb09fd6cb2,41186,0o644,media,derived,resources,.png,PR232-F00087;PR232-M0029,fresh-byte-reverified-and-context-reviewed,accounted-reference,Exhaustive per-file accountability; focused semantic rows retained when independently meaningful.
outline-client,resources/splashscreen/ios/splashscreen@2x~universal~anyany.png,7494d0bc9e9cec16d7c61c1c70266282b54c07c2f99917f8e84376179c15bb1d,17107,0o644,media,derived,resources,.png,PR232-F00088;PR232-M0029,fresh-byte-reverified-and-context-reviewed,accounted-reference,Exhaustive per-file accountability; focused semantic rows retained when independently meaningful.
outline-client,resources/tray/connected.png,ef7ddf8ac1b2d51c021fe8180609845b4cb25d60ed0dba784991916ef1bb780d,19156,0o644,media,derived,resources,.png,PR232-F00089;PR232-M0029,fresh-byte-reverified-and-context-reviewed,accounted-reference,Exhaustive per-file accountability; focused semantic rows retained when independently meaningful.
outline-client,resources/tray/disconnected.png,9867ec2801ff20726dd8de030fafea2f0d889a551e9354aae48b588e1e4bc9d3,19923,0o644,media,derived,resources,.png,PR232-F00090;PR232-M0029,fresh-byte-reverified-and-context-reviewed,accounted-reference,Exhaustive per-file accountability; focused semantic rows retained when independently meaningful.
outline-client,src/build/download_file.mjs,b62d8101f6ec94c27e2ebc8af00217389cb9e623109232062eb0856745a9fd7d,1401,0o644,operational,authoritative,src/build,.mjs,PR232-F00091;PR232-M0030,fresh-byte-reverified-and-context-reviewed,accounted-reference,Exhaustive per-file accountability; focused semantic rows retained when independently meaningful.
outline-client,src/build/get_build_parameters.mjs,202591a9ac0fe13fcad4ddf31eb0a3a52c15ec2e8063dc8e3229b50b397bee19,1861,0o644,operational,authoritative,src/build,.mjs,PR232-F00092;PR232-M0030,fresh-byte-reverified-and-context-reviewed,accounted-reference,Exhaustive per-file accountability; focused semantic rows retained when independently meaningful.
outline-client,src/build/get_file_checksum.mjs,bbbf9433c455921e3ed59488d421a91bac39d499b8be6c0715ddb21d041eba39,1530,0o644,operational,authoritative,src/build,.mjs,PR232-F00093;PR232-M0030,fresh-byte-reverified-and-context-reviewed,accounted-reference,Exhaustive per-file accountability; focused semantic rows retained when independently meaningful.
outline-client,src/build/get_root_dir.mjs,8b48afab8be5b43bf0c659498ee4093aa014d8609fcdcc195ea621e07248a426,862,0o644,operational,authoritative,src/build,.mjs,PR232-F00094;PR232-M0030,fresh-byte-reverified-and-context-reviewed,accounted-reference,Exhaustive per-file accountability; focused semantic rows retained when independently meaningful.
outline-client,src/build/get_webpack_build_mode.mjs,df509d6eb300d672914ff81a9fff9a69117b3a54e39f3e8b93b1a024857da07b,1003,0o644,operational,authoritative,src/build,.mjs,PR232-F00095;PR232-M0030,fresh-byte-reverified-and-context-reviewed,accounted-reference,Exhaustive per-file accountability; focused semantic rows retained when independently meaningful.
outline-client,src/build/run_action.mjs,588a9a2596c877f0a678f81b3d5e5414cdff58509b34b9dfff5eb10e15163e2d,4727,0o644,operational,authoritative,src/build,.mjs,PR232-F00096;PR232-M0030,fresh-byte-reverified-and-context-reviewed,accounted-reference,Exhaustive per-file accountability; focused semantic rows retained when independently meaningful.
outline-client,src/build/run_webpack.mjs,8cfb091673e095fdc01d0a52710ef280e5a3191b37e3729c8ede23c9ad5c51aa,1142,0o644,operational,authoritative,src/build,.mjs,PR232-F00097;PR232-M0030,fresh-byte-reverified-and-context-reviewed,accounted-reference,Exhaustive per-file accountability; focused semantic rows retained when independently meaningful.
outline-client,src/build/spawn_stream.mjs,5ef59a52b0e46fc5afe75178bc414f17acb70c958a1adb6825d3a3778509c208,1956,0o644,operational,authoritative,src/build,.mjs,PR232-F00098;PR232-M0030,fresh-byte-reverified-and-context-reviewed,accounted-reference,Exhaustive per-file accountability; focused semantic rows retained when independently meaningful.
outline-client,src/cordova/android/OutlineAndroidLib/.gitignore,703238443066325af08e3868d1e4b571a633baf68fcc93e323f0066999a97e1b,225,0o644,repository-administration,authoritative,src/cordova,n/a,PR232-F00099;PR232-M0031,fresh-byte-reverified-and-context-reviewed,accounted-reference,Exhaustive per-file accountability; focused semantic rows retained when independently meaningful.
outline-client,src/cordova/android/OutlineAndroidLib/build.gradle,5c40ca8f46868ba5e1517835412b34f2284c3c33a176629f9fdeea51f2e260d2,254,0o644,configuration,authoritative,src/cordova,.gradle,PR232-F00100;PR232-M0031,fresh-byte-reverified-and-context-reviewed,reviewed-target-fit,Exhaustive per-file accountability; focused semantic rows retained when independently meaningful.
outline-client,src/cordova/android/OutlineAndroidLib/gradle.properties,8e23982b54de00b8b69584b1852e8733cca0d1be64e4dc7f83a5cb354e338578,1267,0o644,configuration,authoritative,src/cordova,.properties,PR232-F00101;PR232-M0031,fresh-byte-reverified-and-context-reviewed,reviewed-target-fit,Exhaustive per-file accountability; focused semantic rows retained when independently meaningful.
outline-client,src/cordova/android/OutlineAndroidLib/gradle/wrapper/gradle-wrapper.jar,e996d452d2645e70c01c11143ca2d3742734a28da2bf61f25c82bdc288c9e637,59203,0o644,generated,derived,src/cordova,.jar,PR232-F00102;PR232-M0031,fresh-byte-reverified-and-context-reviewed,accounted-reference,Exhaustive per-file accountability; focused semantic rows retained when independently meaningful.
outline-client,src/cordova/android/OutlineAndroidLib/gradle/wrapper/gradle-wrapper.properties,7bf630b668f2d0c33610a12c49147f8adb89c331fbbddc5e2d708c9ae8def846,230,0o644,configuration,authoritative,src/cordova,.properties,PR232-F00103;PR232-M0031,fresh-byte-reverified-and-context-reviewed,reviewed-target-fit,Exhaustive per-file accountability; focused semantic rows retained when independently meaningful.
outline-client,src/cordova/android/OutlineAndroidLib/gradlew,63135287117a1e6d12c84580f1f49c61d1ba02218ecd28660605e97f976e7d65,5766,0o755,script,authoritative,src/cordova,n/a,PR232-F00104;PR232-M0031,fresh-byte-reverified-and-context-reviewed,reviewed-target-fit,Exhaustive per-file accountability; focused semantic rows retained when independently meaningful.
outline-client,src/cordova/android/OutlineAndroidLib/gradlew.bat,af835f98787e9269af5a046edcb821a592fed372139df7b947b471a63cfc236b,2763,0o644,script,authoritative,src/cordova,.bat,PR232-F00105;PR232-M0031,fresh-byte-reverified-and-context-reviewed,reviewed-target-fit,Exhaustive per-file accountability; focused semantic rows retained when independently meaningful.
outline-client,src/cordova/android/OutlineAndroidLib/outline/.gitignore,5c3174b74edc6f2b9e0743594b8bd3c7f31e4f4405758cc9872b3fe1de1d28b4,6,0o644,repository-administration,authoritative,src/cordova,n/a,PR232-F00106;PR232-M0031,fresh-byte-reverified-and-context-reviewed,accounted-reference,Exhaustive per-file accountability; focused semantic rows retained when independently meaningful.
outline-client,src/cordova/android/OutlineAndroidLib/outline/build.gradle,ab844004f2f5215f4e4635db05f362d350a675967285964a2a1e3df85b058c7d,1548,0o644,configuration,authoritative,src/cordova,.gradle,PR232-F00107;PR232-M0031,fresh-byte-reverified-and-context-reviewed,reviewed-target-fit,Exhaustive per-file accountability; focused semantic rows retained when independently meaningful.
outline-client,src/cordova/android/OutlineAndroidLib/outline/consumer-rules.pro,e3b0c44298fc1c149afbf4c8996fb92427ae41e4649b934ca495991b7852b855,0,0o644,operational,authoritative,src/cordova,.pro,PR232-F00108;PR232-M0031,fresh-byte-reverified-and-context-reviewed,accounted-reference,Exhaustive per-file accountability; focused semantic rows retained when independently meaningful.
outline-client,src/cordova/android/OutlineAndroidLib/outline/proguard-rules.pro,56fd960cf225f6ca40f982b13a5dbb0d8bc3dfde13ff76422825c6070d0a1890,750,0o644,operational,authoritative,src/cordova,.pro,PR232-F00109;PR232-M0031,fresh-byte-reverified-and-context-reviewed,accounted-reference,Exhaustive per-file accountability; focused semantic rows retained when independently meaningful.
outline-client,src/cordova/android/OutlineAndroidLib/outline/src/androidTest/java/org/outline/vpn/VpnTunnelStoreTest.java,cdbeccf7b59db92257fe7f3bf15e7ddf10d8a7dd95c3fec94e763ef14465cf69,2256,0o644,test,authoritative,src/cordova,.java,PR232-F00110;PR232-M0031,fresh-byte-reverified-and-context-reviewed,reviewed-target-fit,Exhaustive per-file accountability; focused semantic rows retained when independently meaningful.
outline-client,src/cordova/android/OutlineAndroidLib/outline/src/main/AndroidManifest.xml,908f0bbe3668fb63e029e2ed91de39350dc60fd54aaafbee342af94316c2e1b9,388,0o644,configuration,authoritative,src/cordova,.xml,PR232-F00111;PR232-M0031,fresh-byte-reverified-and-context-reviewed,reviewed-target-fit,Exhaustive per-file accountability; focused semantic rows retained when independently meaningful.
outline-client,src/cordova/android/OutlineAndroidLib/outline/src/main/aidl/org/outline/IVpnTunnelService.aidl,72c1736aa0f3b34d063038c61186097a9747ff1c634a18b4fb2baff7fb09ec63,2466,0o644,operational,authoritative,src/cordova,.aidl,PR232-F00112;PR232-M0031,fresh-byte-reverified-and-context-reviewed,accounted-reference,Exhaustive per-file accountability; focused semantic rows retained when independently meaningful.
outline-client,src/cordova/android/OutlineAndroidLib/outline/src/main/aidl/org/outline/TunnelConfig.aidl,884e76a38d3fa2cf3592f52e3f41254d289e6a8137212f0eb0f2aebb735f6f5c,754,0o644,operational,authoritative,src/cordova,.aidl,PR232-F00113;PR232-M0031,fresh-byte-reverified-and-context-reviewed,accounted-reference,Exhaustive per-file accountability; focused semantic rows retained when independently meaningful.
outline-client,src/cordova/android/OutlineAndroidLib/outline/src/main/aidl/org/outline/shadowsocks/ShadowsocksConfig.aidl,c230e43e8436f3b431fa944fb4049b1d74502fddd2d37aaaf02431b40035468e,755,0o644,operational,authoritative,src/cordova,.aidl,PR232-F00114;PR232-M0031,fresh-byte-reverified-and-context-reviewed,accounted-reference,Exhaustive per-file accountability; focused semantic rows retained when independently meaningful.
outline-client,src/cordova/android/OutlineAndroidLib/outline/src/main/java/org/outline/log/OutlineLogger.java,74949f921b7c86822c26066bd46a97b5baa63f40e1c4027a044fcc24027794c1,3769,0o644,implementation,authoritative,src/cordova,.java,PR232-F00115;PR232-M0031,fresh-byte-reverified-and-context-reviewed,reviewed-target-fit,Exhaustive per-file accountability; focused semantic rows retained when independently meaningful.
outline-client,src/cordova/android/OutlineAndroidLib/outline/src/main/java/org/outline/log/SentryErrorReporter.java,685937046822db6028553625e62d8a01760c1e7fe251ce3dd720d2a57411d7f0,8169,0o644,implementation,authoritative,src/cordova,.java,PR232-F00116;PR232-M0031,fresh-byte-reverified-and-context-reviewed,reviewed-target-fit,Exhaustive per-file accountability; focused semantic rows retained when independently meaningful.
outline-client,src/cordova/android/OutlineAndroidLib/outline/src/main/java/org/outline/vpn/VpnServiceStarter.java,9d3ab52f64785dd5f6c301a27708b737014bbede0c210f7377353b07f96c25bb,1667,0o644,implementation,authoritative,src/cordova,.java,PR232-F00117;PR232-M0031,fresh-byte-reverified-and-context-reviewed,reviewed-target-fit,Exhaustive per-file accountability; focused semantic rows retained when independently meaningful.
outline-client,src/cordova/android/OutlineAndroidLib/outline/src/main/java/org/outline/vpn/VpnTunnel.java,f0d856afa70eeea9dd5a07089b7a8a27c62b80639c3dbf13dd6fce38ee88d451,7767,0o644,implementation,authoritative,src/cordova,.java,PR232-F00118;PR232-M0031,fresh-byte-reverified-and-context-reviewed,reviewed-target-fit,Exhaustive per-file accountability; focused semantic rows retained when independently meaningful.
outline-client,src/cordova/android/OutlineAndroidLib/outline/src/main/java/org/outline/vpn/VpnTunnelService.java,4052fdd496362c8de09ccd62bbd7665ef8ae9472615f2e0bc7919cd94103c5ec,24322,0o644,implementation,authoritative,src/cordova,.java,PR232-F00119;PR232-M0031,fresh-byte-reverified-and-context-reviewed,reviewed-target-fit,Exhaustive per-file accountability; focused semantic rows retained when independently meaningful.
outline-client,src/cordova/android/OutlineAndroidLib/outline/src/main/java/org/outline/vpn/VpnTunnelStore.java,a4b9b7ecbf522aae3eb03efd37261029c21fbdc6e8910653a0ed550fa0c7827b,3079,0o644,implementation,authoritative,src/cordova,.java,PR232-F00120;PR232-M0031,fresh-byte-reverified-and-context-reviewed,reviewed-target-fit,Exhaustive per-file accountability; focused semantic rows retained when independently meaningful.
outline-client,src/cordova/android/OutlineAndroidLib/outline/src/test/java/org/outline/vpn/VpnTunnelTest.java,843c1f40992abf70ac6a5edb8bbf7d3db9e5a1617b4193c3e0f72271b2b65e34,864,0o644,test,authoritative,src/cordova,.java,PR232-F00121;PR232-M0031,fresh-byte-reverified-and-context-reviewed,reviewed-target-fit,Exhaustive per-file accountability; focused semantic rows retained when independently meaningful.
outline-client,src/cordova/android/OutlineAndroidLib/settings.gradle,90d190b2968a5ce5979b5560f84952553f7716dea0851ce015e3b2bbfca0dbe8,344,0o644,configuration,authoritative,src/cordova,.gradle,PR232-F00122;PR232-M0031,fresh-byte-reverified-and-context-reviewed,reviewed-target-fit,Exhaustive per-file accountability; focused semantic rows retained when independently meaningful.
outline-client,src/cordova/android/README.md,c7c358c80cc38f9a0a49b4a82a048150c041c3a1f0d2b7eaf74be433c8894cf2,3741,0o644,documentation,authoritative,src/cordova,.md,PR232-F00123;PR232-M0031,fresh-byte-reverified-and-context-reviewed,accounted-reference,Exhaustive per-file accountability; focused semantic rows retained when independently meaningful.
outline-client,src/cordova/android/get_native_locale.mjs,311d13ea5602886f9f7052b0fbf9dd5fdd0b23c0cf860d46d27532e937d4b1bc,820,0o644,operational,authoritative,src/cordova,.mjs,PR232-F00124;PR232-M0031,fresh-byte-reverified-and-context-reviewed,accounted-reference,Exhaustive per-file accountability; focused semantic rows retained when independently meaningful.
outline-client,src/cordova/apple/OutlineAppleLib/.gitignore,73c27b287c20c55f1aa44fa35ed77ffd85e661078264fa46e3e7b9349577d952,197,0o644,repository-administration,authoritative,src/cordova,n/a,PR232-F00125;PR232-M0031,fresh-byte-reverified-and-context-reviewed,accounted-reference,Exhaustive per-file accountability; focused semantic rows retained when independently meaningful.
outline-client,src/cordova/apple/OutlineAppleLib/Package.swift,168b353c345f1863cd389be7f545050d78296c493f94d1b8ff7f9ad2cbc59409,2967,0o644,implementation,authoritative,src/cordova,.swift,PR232-F00126;PR232-M0031,fresh-byte-reverified-and-context-reviewed,reviewed-target-fit,Exhaustive per-file accountability; focused semantic rows retained when independently meaningful.
outline-client,src/cordova/apple/OutlineAppleLib/README.md,c56f6b022afe81ae96c01388deddb9e1335e7df60828f682bebc362384fea05b,129,0o644,documentation,authoritative,src/cordova,.md,PR232-F00127;PR232-M0031,fresh-byte-reverified-and-context-reviewed,accounted-reference,Exhaustive per-file accountability; focused semantic rows retained when independently meaningful.
outline-client,src/cordova/apple/OutlineAppleLib/Sources/OutlineAppKitBridge/AppKitBridge.swift,99fe03f73b92a06ef0fe58fec0f1950ae1fed0c977f3ae38ba0c6de505c24271,3753,0o644,implementation,authoritative,src/cordova,.swift,PR232-F00128;PR232-M0031,fresh-byte-reverified-and-context-reviewed,reviewed-target-fit,Exhaustive per-file accountability; focused semantic rows retained when independently meaningful.
outline-client,src/cordova/apple/OutlineAppleLib/Sources/OutlineAppKitBridge/AppKitBridgeProtocol.swift,d3862e8c1805eb80679425818a81f7302765d44bef4202eee561f2dae16349be,874,0o644,implementation,authoritative,src/cordova,.swift,PR232-F00129;PR232-M0031,fresh-byte-reverified-and-context-reviewed,reviewed-target-fit,Exhaustive per-file accountability; focused semantic rows retained when independently meaningful.
outline-client,src/cordova/apple/OutlineAppleLib/Sources/OutlineAppKitBridge/ConnectionStatus.swift,0aa00459a546081ed4c5c8fe02932e14446a7720566d387ce57a3d3da0a7a21b,700,0o644,implementation,authoritative,src/cordova,.swift,PR232-F00130;PR232-M0031,fresh-byte-reverified-and-context-reviewed,reviewed-target-fit,Exhaustive per-file accountability; focused semantic rows retained when independently meaningful.
outline-client,src/cordova/apple/OutlineAppleLib/Sources/OutlineAppKitBridge/Resources/Assets.xcassets/Contents.json,0fd49ba3c3585c709678e0046a821c3c60685ec7063720d30d3a3448be3a208b,63,0o644,configuration,authoritative,src/cordova,.json,PR232-F00131;PR232-M0031,fresh-byte-reverified-and-context-reviewed,reviewed-target-fit,Exhaustive per-file accountability; focused semantic rows retained when independently meaningful.
outline-client,src/cordova/apple/OutlineAppleLib/Sources/OutlineAppKitBridge/Resources/Assets.xcassets/status_bar_button_image.imageset/Contents.json,84cfc7863f500999a2fdda662b53ee6f993580ed99650d2c32bbd1b65f0cd32f,318,0o644,configuration,authoritative,src/cordova,.json,PR232-F00132;PR232-M0031,fresh-byte-reverified-and-context-reviewed,reviewed-target-fit,Exhaustive per-file accountability; focused semantic rows retained when independently meaningful.
outline-client,src/cordova/apple/OutlineAppleLib/Sources/OutlineAppKitBridge/Resources/Assets.xcassets/status_bar_button_image.imageset/outline-black-off-2x.png,96682a0c694f3b034ed385eecc7e283a2cc861d874b0570872d9265c4ebc323f,578,0o644,media,derived,src/cordova,.png,PR232-F00133;PR232-M0031,fresh-byte-reverified-and-context-reviewed,accounted-reference,Exhaustive per-file accountability; focused semantic rows retained when independently meaningful.
outline-client,src/cordova/apple/OutlineAppleLib/Sources/OutlineAppKitBridge/Resources/Assets.xcassets/status_bar_button_image_connected.imageset/Contents.json,cc5d214fea25a7545def413a7995e7504b9948a34831c6118ca79510acd63d76,317,0o644,configuration,authoritative,src/cordova,.json,PR232-F00134;PR232-M0031,fresh-byte-reverified-and-context-reviewed,reviewed-target-fit,Exhaustive per-file accountability; focused semantic rows retained when independently meaningful.
outline-client,src/cordova/apple/OutlineAppleLib/Sources/OutlineAppKitBridge/Resources/Assets.xcassets/status_bar_button_image_connected.imageset/outline-black-on-2x.png,71877dcc741a87558dd0a204b584e4a21ed7041c41c634f3a80708de2245dac0,563,0o644,media,derived,src/cordova,.png,PR232-F00135;PR232-M0031,fresh-byte-reverified-and-context-reviewed,accounted-reference,Exhaustive per-file accountability; focused semantic rows retained when independently meaningful.
outline-client,src/cordova/apple/OutlineAppleLib/Sources/OutlineAppKitBridge/StatusItemController.swift,0cb68751f4cc362a0f2dcfac768df674da81439bf8bddf1a5de2328a565c5edc,3913,0o644,implementation,authoritative,src/cordova,.swift,PR232-F00136;PR232-M0031,fresh-byte-reverified-and-context-reviewed,reviewed-target-fit,Exhaustive per-file accountability; focused semantic rows retained when independently meaningful.
outline-client,src/cordova/apple/OutlineAppleLib/Sources/OutlineCatalystApp/AppKitBundleLoader.swift,a08e5024f89a0bf32db9bf1225e7eae40c11caa263c5bb5214b5d7be2f8632d9,1591,0o644,implementation,authoritative,src/cordova,.swift,PR232-F00137;PR232-M0031,fresh-byte-reverified-and-context-reviewed,reviewed-target-fit,Exhaustive per-file accountability; focused semantic rows retained when independently meaningful.
outline-client,src/cordova/apple/OutlineAppleLib/Sources/OutlineCatalystApp/OutlineCatalystApp.swift,f5e15749bc49383eee85a573257348a63f79506581253acebda3ecb669362059,2489,0o644,implementation,authoritative,src/cordova,.swift,PR232-F00138;PR232-M0031,fresh-byte-reverified-and-context-reviewed,reviewed-target-fit,Exhaustive per-file accountability; focused semantic rows retained when independently meaningful.
outline-client,src/cordova/apple/OutlineAppleLib/Sources/OutlineLauncher/AppDelegate.swift,d5f89f44734e39112cd2be731ed5be355715791ae7a4fd1b4d8cd91985c2b4be,2646,0o644,implementation,authoritative,src/cordova,.swift,PR232-F00139;PR232-M0031,fresh-byte-reverified-and-context-reviewed,reviewed-target-fit,Exhaustive per-file accountability; focused semantic rows retained when independently meaningful.
outline-client,src/cordova/apple/OutlineAppleLib/Sources/OutlineNotification/NSNotification+Outline.swift,68d4cda484c4840a0180f1334fe1b8852312d991e73ae2a8796b046e0440030b,1175,0o644,implementation,authoritative,src/cordova,.swift,PR232-F00140;PR232-M0031,fresh-byte-reverified-and-context-reviewed,reviewed-target-fit,Exhaustive per-file accountability; focused semantic rows retained when independently meaningful.
outline-client,src/cordova/apple/OutlineAppleLib/Sources/OutlineSentryLogger/OutlineSentryLogger.swift,062c1a2d9f36f9052206b7e52b97a93294c92a6719f32759c920cd0cbf28f80b,4916,0o644,implementation,authoritative,src/cordova,.swift,PR232-F00141;PR232-M0031,fresh-byte-reverified-and-context-reviewed,reviewed-target-fit,Exhaustive per-file accountability; focused semantic rows retained when independently meaningful.
outline-client,src/cordova/apple/OutlineAppleLib/Sources/OutlineTunnel/OutlineTunnel.swift,d8df27ca86d04b4c793b1b61a09ebc8b554bf85c75e74e91ef72bf105527f6e0,6122,0o644,implementation,authoritative,src/cordova,.swift,PR232-F00142;PR232-M0031,fresh-byte-reverified-and-context-reviewed,reviewed-target-fit,Exhaustive per-file accountability; focused semantic rows retained when independently meaningful.
outline-client,src/cordova/apple/OutlineAppleLib/Sources/OutlineTunnel/OutlineTunnelStore.swift,82b331c5949f074c78ce323bd264af555e56dacc963a38d8f4b4e6f0715007ff,2529,0o644,implementation,authoritative,src/cordova,.swift,PR232-F00143;PR232-M0031,fresh-byte-reverified-and-context-reviewed,reviewed-target-fit,Exhaustive per-file accountability; focused semantic rows retained when independently meaningful.
outline-client,src/cordova/apple/OutlineAppleLib/Sources/OutlineTunnel/OutlineVpn.swift,f061bbeec6f7acef99ca4d743f88593526ee77ad6cb45888a82bfc41b6f0cc79,13269,0o644,implementation,authoritative,src/cordova,.swift,PR232-F00144;PR232-M0031,fresh-byte-reverified-and-context-reviewed,reviewed-target-fit,Exhaustive per-file accountability; focused semantic rows retained when independently meaningful.
outline-client,src/cordova/apple/OutlineAppleLib/Sources/OutlineTunnel/Subnet.swift,6812370fb488c9646e258dea09536d9d2eda428ab50c0ecefef4868064a8d383,1915,0o644,implementation,authoritative,src/cordova,.swift,PR232-F00145;PR232-M0031,fresh-byte-reverified-and-context-reviewed,reviewed-target-fit,Exhaustive per-file accountability; focused semantic rows retained when independently meaningful.
outline-client,src/cordova/apple/OutlineAppleLib/Sources/PacketTunnelProvider/PacketTunnelProvider.m,bdd921a07e5583f178c31bb9b8ad91b79b5f0accae46bae163773dd82cb2d09b,21751,0o644,operational,authoritative,src/cordova,.m,PR232-F00146;PR232-M0031,fresh-byte-reverified-and-context-reviewed,accounted-reference,Exhaustive per-file accountability; focused semantic rows retained when independently meaningful.
outline-client,src/cordova/apple/OutlineAppleLib/Sources/PacketTunnelProvider/include/PacketTunnelProvider.h,c874c420216f0caf580350ff3542f81578a82389bc70839080b49e6853385368,1381,0o644,implementation,authoritative,src/cordova,.h,PR232-F00147;PR232-M0031,fresh-byte-reverified-and-context-reviewed,reviewed-target-fit,Exhaustive per-file accountability; focused semantic rows retained when independently meaningful.
outline-client,src/cordova/apple/OutlineAppleLib/Tests/OutlineTunnelTest/OutlineTunnelTest.swift,761a921270713fda6c1b836ff2ccedaacf69fc6834b0bb656e6d374d9669e77c,1875,0o644,test,authoritative,src/cordova,.swift,PR232-F00148;PR232-M0031,fresh-byte-reverified-and-context-reviewed,reviewed-target-fit,Exhaustive per-file accountability; focused semantic rows retained when independently meaningful.
outline-client,src/cordova/apple/README.md,a1a76c3ee68232d1a316de1bc09100a02e1a4e8b4127d03aacb7d679c0c90b4a,9860,0o644,documentation,authoritative,src/cordova,.md,PR232-F00149;PR232-M0031,fresh-byte-reverified-and-context-reviewed,accounted-reference,Exhaustive per-file accountability; focused semantic rows retained when independently meaningful.
outline-client,src/cordova/apple/ios.xcworkspace/contents.xcworkspacedata,a47b45a8831a84196f3cdc309cfbcf021f348061dec469dae0b6914c98dc0728,180,0o644,operational,authoritative,src/cordova,.xcworkspacedata,PR232-F00150;PR232-M0031,fresh-byte-reverified-and-context-reviewed,accounted-reference,Exhaustive per-file accountability; focused semantic rows retained when independently meaningful.
outline-client,src/cordova/apple/ios.xcworkspace/xcshareddata/IDEWorkspaceChecks.plist,dfa0f9bb85b95ccba9c6811adadf8cb407fb5d52088e89db83ebc308ec448542,238,0o644,operational,authoritative,src/cordova,.plist,PR232-F00151;PR232-M0031,fresh-byte-reverified-and-context-reviewed,accounted-reference,Exhaustive per-file accountability; focused semantic rows retained when independently meaningful.
outline-client,src/cordova/apple/ios.xcworkspace/xcshareddata/WorkspaceSettings.xcsettings,11b247bc6796892d67c9a821d18604db4dd6a880981b34f38460b9866e6b247f,226,0o644,operational,authoritative,src/cordova,.xcsettings,PR232-F00152;PR232-M0031,fresh-byte-reverified-and-context-reviewed,accounted-reference,Exhaustive per-file accountability; focused semantic rows retained when independently meaningful.
outline-client,src/cordova/apple/ios.xcworkspace/xcshareddata/swiftpm/Package.resolved,49e2a99af0b66a9eb38f532a6101c257147c6e4f93a866ed9582c7ab522979aa,851,0o644,operational,authoritative,src/cordova,.resolved,PR232-F00153;PR232-M0031,fresh-byte-reverified-and-context-reviewed,accounted-reference,Exhaustive per-file accountability; focused semantic rows retained when independently meaningful.
outline-client,src/cordova/apple/macos.xcworkspace/contents.xcworkspacedata,a41456474058486407f2d05f08dba97dfb3aa8bc5a6a50ebbb451b194b5e21dc,180,0o644,operational,authoritative,src/cordova,.xcworkspacedata,PR232-F00154;PR232-M0031,fresh-byte-reverified-and-context-reviewed,accounted-reference,Exhaustive per-file accountability; focused semantic rows retained when independently meaningful.
outline-client,src/cordova/apple/macos.xcworkspace/xcshareddata/IDEWorkspaceChecks.plist,dfa0f9bb85b95ccba9c6811adadf8cb407fb5d52088e89db83ebc308ec448542,238,0o644,operational,authoritative,src/cordova,.plist,PR232-F00155;PR232-M0031,fresh-byte-reverified-and-context-reviewed,accounted-reference,Exhaustive per-file accountability; focused semantic rows retained when independently meaningful.
outline-client,src/cordova/apple/macos.xcworkspace/xcshareddata/WorkspaceSettings.xcsettings,11b247bc6796892d67c9a821d18604db4dd6a880981b34f38460b9866e6b247f,226,0o644,operational,authoritative,src/cordova,.xcsettings,PR232-F00156;PR232-M0031,fresh-byte-reverified-and-context-reviewed,accounted-reference,Exhaustive per-file accountability; focused semantic rows retained when independently meaningful.
outline-client,src/cordova/apple/macos.xcworkspace/xcshareddata/swiftpm/Package.resolved,49e2a99af0b66a9eb38f532a6101c257147c6e4f93a866ed9582c7ab522979aa,851,0o644,operational,authoritative,src/cordova,.resolved,PR232-F00157;PR232-M0031,fresh-byte-reverified-and-context-reviewed,accounted-reference,Exhaustive per-file accountability; focused semantic rows retained when independently meaningful.
outline-client,src/cordova/apple/scripts/xconfig.sh,282e4967c9606e0f4b353eebd44b45c3598ae5b08f2080e904be1b25437f65b7,2945,0o755,script,authoritative,src/cordova,.sh,PR232-F00158;PR232-M0031,fresh-byte-reverified-and-context-reviewed,reviewed-target-fit,Exhaustive per-file accountability; focused semantic rows retained when independently meaningful.
outline-client,src/cordova/apple/xcode/ios/Outline.xcodeproj/project.pbxproj,ba8826d5dfbd242cb3d4ee077c66c8e69a3e716630a6dd5f4bb0ecc2692753d6,55159,0o755,operational,authoritative,src/cordova,.pbxproj,PR232-F00159;PR232-M0031,fresh-byte-reverified-and-context-reviewed,accounted-reference,Exhaustive per-file accountability; focused semantic rows retained when independently meaningful.
outline-client,src/cordova/apple/xcode/ios/Outline.xcodeproj/xcshareddata/xcschemes/Outline.xcscheme,19160fb89956a4eb637b9eccc1ff28851ee44fcf28f953acaff15ef875c8341d,3343,0o644,operational,authoritative,src/cordova,.xcscheme,PR232-F00160;PR232-M0031,fresh-byte-reverified-and-context-reviewed,accounted-reference,Exhaustive per-file accountability; focused semantic rows retained when independently meaningful.
outline-client,src/cordova/apple/xcode/ios/Outline.xcodeproj/xcshareddata/xcschemes/VpnExtension.xcscheme,795d325d4b79730e560080c4dcbd39e76423039fde8dae7b2b02ad5cd341395c,2906,0o644,operational,authoritative,src/cordova,.xcscheme,PR232-F00161;PR232-M0031,fresh-byte-reverified-and-context-reviewed,accounted-reference,Exhaustive per-file accountability; focused semantic rows retained when independently meaningful.
outline-client,src/cordova/apple/xcode/ios/Outline/Classes/AppDelegate+Outline.h,4f4cbdd0eb70d80b65bbd825cae39b070f066818d8af345d72d70595b07bd77a,783,0o644,implementation,authoritative,src/cordova,.h,PR232-F00162;PR232-M0031,fresh-byte-reverified-and-context-reviewed,reviewed-target-fit,Exhaustive per-file accountability; focused semantic rows retained when independently meaningful.
outline-client,src/cordova/apple/xcode/ios/Outline/Classes/AppDelegate+Outline.m,42de9f1444d47930bf481cdf921efdfaaa236a405908dcf5b6ce08ebc8f991ad,1199,0o644,operational,authoritative,src/cordova,.m,PR232-F00163;PR232-M0031,fresh-byte-reverified-and-context-reviewed,accounted-reference,Exhaustive per-file accountability; focused semantic rows retained when independently meaningful.
outline-client,src/cordova/apple/xcode/ios/Outline/Outline-Info.plist,e94e8165a159d13168583be2e021b6f3703b6a3414ebca7b1e7805417c21d987,2058,0o644,operational,authoritative,src/cordova,.plist,PR232-F00164;PR232-M0031,fresh-byte-reverified-and-context-reviewed,accounted-reference,Exhaustive per-file accountability; focused semantic rows retained when independently meaningful.
outline-client,src/cordova/apple/xcode/ios/Outline/Outline.entitlements,c3f49809a3442d7cb27e57023006f4e2a6b4827a29f838c93520f4b0a4bced22,533,0o644,operational,authoritative,src/cordova,.entitlements,PR232-F00165;PR232-M0031,fresh-byte-reverified-and-context-reviewed,accounted-reference,Exhaustive per-file accountability; focused semantic rows retained when independently meaningful.
outline-client,src/cordova/apple/xcode/ios/Outline/VpnExtension-Info.plist,c2a2a1a4bd0a5e326ccc5238173324b8bdbc424e0c87b0f79c19fd065098feaf,1023,0o644,operational,authoritative,src/cordova,.plist,PR232-F00166;PR232-M0031,fresh-byte-reverified-and-context-reviewed,accounted-reference,Exhaustive per-file accountability; focused semantic rows retained when independently meaningful.
outline-client,src/cordova/apple/xcode/ios/Outline/VpnExtension.entitlements,ebf95822de406b0469ad5d35d79a3c53009b97d9ece15cff5bebd65d98b994a5,588,0o644,operational,authoritative,src/cordova,.entitlements,PR232-F00167;PR232-M0031,fresh-byte-reverified-and-context-reviewed,accounted-reference,Exhaustive per-file accountability; focused semantic rows retained when independently meaningful.
outline-client,src/cordova/apple/xcode/ios/OutlineLauncher/OutlineLauncher.entitlements,e0c44e866858c35f1802497595c3a0e9fcbad4731d13fd0f8add5e281d8c14b6,567,0o644,operational,authoritative,src/cordova,.entitlements,PR232-F00168;PR232-M0031,fresh-byte-reverified-and-context-reviewed,accounted-reference,Exhaustive per-file accountability; focused semantic rows retained when independently meaningful.
outline-client,src/cordova/apple/xcode/macos/Outline.xcodeproj/project.pbxproj,bf0374b862458a53ca44fcb8952e8bbaae700caa21824f0f7fb1d85814b09926,45717,0o644,operational,authoritative,src/cordova,.pbxproj,PR232-F00169;PR232-M0031,fresh-byte-reverified-and-context-reviewed,accounted-reference,Exhaustive per-file accountability; focused semantic rows retained when independently meaningful.
outline-client,src/cordova/apple/xcode/macos/Outline.xcodeproj/xcshareddata/xcschemes/Outline.xcscheme,4f49fa0b742e5feee3d6c39be9185c93ea7aa9940f2af468ba701f3ed90b269a,3343,0o644,operational,authoritative,src/cordova,.xcscheme,PR232-F00170;PR232-M0031,fresh-byte-reverified-and-context-reviewed,accounted-reference,Exhaustive per-file accountability; focused semantic rows retained when independently meaningful.
outline-client,src/cordova/apple/xcode/macos/Outline.xcodeproj/xcshareddata/xcschemes/OutlineLauncher.xcscheme,4cb1d7cd4a1993e7948d6ba1a526d518d4e73aa8640553fea5004c2a59587b48,3407,0o644,operational,authoritative,src/cordova,.xcscheme,PR232-F00171;PR232-M0031,fresh-byte-reverified-and-context-reviewed,accounted-reference,Exhaustive per-file accountability; focused semantic rows retained when independently meaningful.
outline-client,src/cordova/apple/xcode/macos/Outline.xcodeproj/xcshareddata/xcschemes/VpnExtension.xcscheme,3f31e9f95fab1fe5204e74d05111b0c63f2b318cf7ced34523c4222365e1699c,2906,0o644,operational,authoritative,src/cordova,.xcscheme,PR232-F00172;PR232-M0031,fresh-byte-reverified-and-context-reviewed,accounted-reference,Exhaustive per-file accountability; focused semantic rows retained when independently meaningful.
outline-client,src/cordova/apple/xcode/macos/Outline/Classes/AppDelegate.m,c374185fac477221a13c74a0f898a427feaf9ca4b3ac40c5208706c5cfbdeed0,7066,0o644,operational,authoritative,src/cordova,.m,PR232-F00173;PR232-M0031,fresh-byte-reverified-and-context-reviewed,accounted-reference,Exhaustive per-file accountability; focused semantic rows retained when independently meaningful.
outline-client,src/cordova/apple/xcode/macos/Outline/Classes/CDVMacOsUrlHandler.swift,4091c6d318dc85c33a8935bf57c27b54fc31fb3b81860e0f9521f3e0b71a7a78,2323,0o644,implementation,authoritative,src/cordova,.swift,PR232-F00174;PR232-M0031,fresh-byte-reverified-and-context-reviewed,reviewed-target-fit,Exhaustive per-file accountability; focused semantic rows retained when independently meaningful.
outline-client,src/cordova/apple/xcode/macos/Outline/Classes/EventMonitor.swift,81af66d99abf411d3bed9c4d97abadb80e719568bf592eb15468822193d00724,1191,0o644,implementation,authoritative,src/cordova,.swift,PR232-F00175;PR232-M0031,fresh-byte-reverified-and-context-reviewed,reviewed-target-fit,Exhaustive per-file accountability; focused semantic rows retained when independently meaningful.
outline-client,src/cordova/apple/xcode/macos/Outline/Images.xcassets/StatusBarButtonImage.imageset/Contents.json,f49922eba8ae8b547c456cf07bd7e693a679bb7b203b587be5b348a58a3d793b,317,0o644,configuration,authoritative,src/cordova,.json,PR232-F00176;PR232-M0031,fresh-byte-reverified-and-context-reviewed,reviewed-target-fit,Exhaustive per-file accountability; focused semantic rows retained when independently meaningful.
outline-client,src/cordova/apple/xcode/macos/Outline/Images.xcassets/StatusBarButtonImage.imageset/outline-black-off-2x.png,96682a0c694f3b034ed385eecc7e283a2cc861d874b0570872d9265c4ebc323f,578,0o644,media,derived,src/cordova,.png,PR232-F00177;PR232-M0031,fresh-byte-reverified-and-context-reviewed,accounted-reference,Exhaustive per-file accountability; focused semantic rows retained when independently meaningful.
outline-client,src/cordova/apple/xcode/macos/Outline/Images.xcassets/StatusBarButtonImageConnected.imageset/Contents.json,8468093f05baf0b880ac143756e73be19b3aab10dc04b06ff5b1d058778b71b0,316,0o644,configuration,authoritative,src/cordova,.json,PR232-F00178;PR232-M0031,fresh-byte-reverified-and-context-reviewed,reviewed-target-fit,Exhaustive per-file accountability; focused semantic rows retained when independently meaningful.
outline-client,src/cordova/apple/xcode/macos/Outline/Images.xcassets/StatusBarButtonImageConnected.imageset/outline-black-on-2x.png,71877dcc741a87558dd0a204b584e4a21ed7041c41c634f3a80708de2245dac0,563,0o644,media,derived,src/cordova,.png,PR232-F00179;PR232-M0031,fresh-byte-reverified-and-context-reviewed,accounted-reference,Exhaustive per-file accountability; focused semantic rows retained when independently meaningful.
outline-client,src/cordova/apple/xcode/macos/Outline/MainViewController.xib,303b32e969fc6aafd8b04ab401a9e2a5699c5133211681d0735b2e90f2f2f908,27608,0o644,operational,authoritative,src/cordova,.xib,PR232-F00180;PR232-M0031,fresh-byte-reverified-and-context-reviewed,accounted-reference,Exhaustive per-file accountability; focused semantic rows retained when independently meaningful.
outline-client,src/cordova/apple/xcode/macos/Outline/Outline-Info.plist,073d27487212d888ebaf8278a1a12a31815d0a79daf654b752dddf060e17f494,1438,0o644,operational,authoritative,src/cordova,.plist,PR232-F00181;PR232-M0031,fresh-byte-reverified-and-context-reviewed,accounted-reference,Exhaustive per-file accountability; focused semantic rows retained when independently meaningful.
outline-client,src/cordova/apple/xcode/macos/Outline/Outline.entitlements,45791d9f7c4f884317faaed8d38de12d6e425d05ed040ca4b7513c1980aeafbf,607,0o644,operational,authoritative,src/cordova,.entitlements,PR232-F00182;PR232-M0031,fresh-byte-reverified-and-context-reviewed,accounted-reference,Exhaustive per-file accountability; focused semantic rows retained when independently meaningful.
outline-client,src/cordova/apple/xcode/macos/Outline/VpnExtension-Info.plist,cf9683c1dedf44317e1b67acf7ca5eee172114425cfca6151df636a7a3eea12c,1104,0o644,operational,authoritative,src/cordova,.plist,PR232-F00183;PR232-M0031,fresh-byte-reverified-and-context-reviewed,accounted-reference,Exhaustive per-file accountability; focused semantic rows retained when independently meaningful.
outline-client,src/cordova/apple/xcode/macos/Outline/VpnExtension.entitlements,204b71192874add89769e5f1c0be489d2829c2b5a004418e8d026fabac0d70e9,677,0o644,operational,authoritative,src/cordova,.entitlements,PR232-F00184;PR232-M0031,fresh-byte-reverified-and-context-reviewed,accounted-reference,Exhaustive per-file accountability; focused semantic rows retained when independently meaningful.
outline-client,src/cordova/apple/xcode/macos/Outline/config.xml,dcd818a0edaa82aa34ddd8064ca0dfd4f7f10ff4fd9432a0781bcb75ca7445da,2270,0o755,configuration,authoritative,src/cordova,.xml,PR232-F00185;PR232-M0031,fresh-byte-reverified-and-context-reviewed,reviewed-target-fit,Exhaustive per-file accountability; focused semantic rows retained when independently meaningful.
outline-client,src/cordova/apple/xcode/macos/OutlineLauncher/AppDelegate.swift,3ba5c060385bb6e1cc6601ce6b5a598ab52c6af7ab41d3cbeef0d05ff0d3304a,1884,0o644,implementation,authoritative,src/cordova,.swift,PR232-F00186;PR232-M0031,fresh-byte-reverified-and-context-reviewed,reviewed-target-fit,Exhaustive per-file accountability; focused semantic rows retained when independently meaningful.
outline-client,src/cordova/apple/xcode/macos/OutlineLauncher/Base.lproj/Main.storyboard,2b8a21d52c4c5ea5e63f9f5831530b9cd76c04b8e5a68b209c0eeb7cc9e00c07,1277,0o644,operational,authoritative,src/cordova,.storyboard,PR232-F00187;PR232-M0031,fresh-byte-reverified-and-context-reviewed,accounted-reference,Exhaustive per-file accountability; focused semantic rows retained when independently meaningful.
outline-client,src/cordova/apple/xcode/macos/OutlineLauncher/Info.plist,e1ec2139681a081f30aa0028ea840543f889971b13812b5f1b7ed25e29ba3ae0,985,0o644,operational,authoritative,src/cordova,.plist,PR232-F00188;PR232-M0031,fresh-byte-reverified-and-context-reviewed,accounted-reference,Exhaustive per-file accountability; focused semantic rows retained when independently meaningful.
outline-client,src/cordova/apple/xcode/macos/OutlineLauncher/OutlineLauncher.entitlements,37ea75e6ef886c26fa9827b8640126b79496af6a48d8f2ee4572f42a8b9bda0e,446,0o644,operational,authoritative,src/cordova,.entitlements,PR232-F00189;PR232-M0031,fresh-byte-reverified-and-context-reviewed,accounted-reference,Exhaustive per-file accountability; focused semantic rows retained when independently meaningful.
outline-client,src/cordova/apple/xcode/macos/osx.json,d605f4dab3feac6e62f229c107a5122f140e91e852844e10c61dd866bb0a993e,1515,0o644,configuration,authoritative,src/cordova,.json,PR232-F00190;PR232-M0031,fresh-byte-reverified-and-context-reviewed,reviewed-target-fit,Exhaustive per-file accountability; focused semantic rows retained when independently meaningful.
outline-client,src/cordova/apple/xcode/macos/www/cordova_plugins.js,20da14e68c2374642c4dc4e8761af19b39c6d77575a1a56f6a8b5265e52a7d60,695,0o644,ui-or-product,authoritative,src/cordova,.js,PR232-F00191;PR232-M0031,fresh-byte-reverified-and-context-reviewed,reviewed-target-fit,Exhaustive per-file accountability; focused semantic rows retained when independently meaningful.
outline-client,src/cordova/build.action.mjs,da1186dc8d318c7b4537fd1d89549c663a347e8330f930143ab6a18238e83452,5886,0o644,operational,authoritative,src/cordova,.mjs,PR232-F00192;PR232-M0031,fresh-byte-reverified-and-context-reviewed,accounted-reference,Exhaustive per-file accountability; focused semantic rows retained when independently meaningful.
outline-client,src/cordova/import_messages.action.mjs,a94f6e10c433777111431c5a2c697b2f91af19f64356266816170bb405735bb6,3379,0o644,operational,authoritative,src/cordova,.mjs,PR232-F00193;PR232-M0031,fresh-byte-reverified-and-context-reviewed,accounted-reference,Exhaustive per-file accountability; focused semantic rows retained when independently meaningful.
outline-client,src/cordova/plugin/README.md,c9ab9d98ae9d3e3171ac7f6b11efa476d97b9633f3b983789635e1cdeb6c0899,1507,0o644,documentation,authoritative,src/cordova,.md,PR232-F00194;PR232-M0031,fresh-byte-reverified-and-context-reviewed,accounted-reference,Exhaustive per-file accountability; focused semantic rows retained when independently meaningful.
outline-client,src/cordova/plugin/android/java/build-extras.gradle,652575aa31e91e829e1af5a300a0a26f5ac4befebf0a7649830a70b336dfbe5c,274,0o644,configuration,authoritative,src/cordova,.gradle,PR232-F00195;PR232-M0031,fresh-byte-reverified-and-context-reviewed,reviewed-target-fit,Exhaustive per-file accountability; focused semantic rows retained when independently meaningful.
outline-client,src/cordova/plugin/android/java/org/outline/OutlinePlugin.java,1a33a064b268f591fcf9092f8cac9ce33c3aba075a39a9947c128702c598837d,12821,0o644,implementation,authoritative,src/cordova,.java,PR232-F00196;PR232-M0031,fresh-byte-reverified-and-context-reviewed,reviewed-target-fit,Exhaustive per-file accountability; focused semantic rows retained when independently meaningful.
outline-client,src/cordova/plugin/android/resources/bypass_subnets.xml,287877987954bdf6fe16b39f08fa1f9876e75d593b99edf54bb351daa7d63c1d,4731,0o644,configuration,authoritative,src/cordova,.xml,PR232-F00197;PR232-M0031,fresh-byte-reverified-and-context-reviewed,reviewed-target-fit,Exhaustive per-file accountability; focused semantic rows retained when independently meaningful.
outline-client,src/cordova/plugin/android/resources/small_icon.png,c819bf588110d189d47b7f52e3680383d7b325cc8c433950faa0617dd1176d6b,820,0o644,media,derived,src/cordova,.png,PR232-F00198;PR232-M0031,fresh-byte-reverified-and-context-reviewed,accounted-reference,Exhaustive per-file accountability; focused semantic rows retained when independently meaningful.
outline-client,src/cordova/plugin/android/resources/strings/values-af/strings.xml,b8c52b4a0445acc79a3c73ea179256b1c070ceb0caa11720742edb1b7d638d9b,425,0o644,configuration,authoritative,src/cordova,.xml,PR232-F00199;PR232-M0031,fresh-byte-reverified-and-context-reviewed,reviewed-target-fit,Exhaustive per-file accountability; focused semantic rows retained when independently meaningful.
outline-client,src/cordova/plugin/android/resources/strings/values-am/strings.xml,08d1fe2d30db91372e7445290b991b29ae5f032d02e012e6d3cb952c016a54fe,483,0o644,configuration,authoritative,src/cordova,.xml,PR232-F00200;PR232-M0031,fresh-byte-reverified-and-context-reviewed,reviewed-target-fit,Exhaustive per-file accountability; focused semantic rows retained when independently meaningful.
outline-client,src/cordova/plugin/android/resources/strings/values-ar/strings.xml,9c3d4713e791a60e4dcd289b51193b7943dc1933c3be21ae40b43fd749ce5d14,444,0o644,configuration,authoritative,src/cordova,.xml,PR232-F00201;PR232-M0031,fresh-byte-reverified-and-context-reviewed,reviewed-target-fit,Exhaustive per-file accountability; focused semantic rows retained when independently meaningful.
outline-client,src/cordova/plugin/android/resources/strings/values-az/strings.xml,9f86ae2cf39e6cc81f1d3ad5555663975b7ef89cb03924c688554bd528b05797,426,0o644,configuration,authoritative,src/cordova,.xml,PR232-F00202;PR232-M0031,fresh-byte-reverified-and-context-reviewed,reviewed-target-fit,Exhaustive per-file accountability; focused semantic rows retained when independently meaningful.
outline-client,src/cordova/plugin/android/resources/strings/values-b+sr+Latn/strings.xml,fbf98f0998c6a5e7240d81e85c6772dd713e37717e72c41c3b3daa61b173d11e,437,0o644,configuration,authoritative,src/cordova,.xml,PR232-F00203;PR232-M0031,fresh-byte-reverified-and-context-reviewed,reviewed-target-fit,Exhaustive per-file accountability; focused semantic rows retained when independently meaningful.
outline-client,src/cordova/plugin/android/resources/strings/values-bg/strings.xml,c8b7f5660fd880c4a52ee0d9ceced63ed83477f71f0ce97a181dd8248e1512a6,504,0o644,configuration,authoritative,src/cordova,.xml,PR232-F00204;PR232-M0031,fresh-byte-reverified-and-context-reviewed,reviewed-target-fit,Exhaustive per-file accountability; focused semantic rows retained when independently meaningful.
outline-client,src/cordova/plugin/android/resources/strings/values-bn/strings.xml,f77be500a0913a4a9e0b2b1ad1d25f05899882413fc5cfd88c64cba64218063f,516,0o644,configuration,authoritative,src/cordova,.xml,PR232-F00205;PR232-M0031,fresh-byte-reverified-and-context-reviewed,reviewed-target-fit,Exhaustive per-file accountability; focused semantic rows retained when independently meaningful.
outline-client,src/cordova/plugin/android/resources/strings/values-bs/strings.xml,8a3406def858e07557efa6f3a1b8e8a71172b6ea66c8f6cda0b3cefb38d693ca,427,0o644,configuration,authoritative,src/cordova,.xml,PR232-F00206;PR232-M0031,fresh-byte-reverified-and-context-reviewed,reviewed-target-fit,Exhaustive per-file accountability; focused semantic rows retained when independently meaningful.
outline-client,src/cordova/plugin/android/resources/strings/values-ca/strings.xml,d87c49d8bdefa2c649e61f3da1ffeb3f9786571693df4692018c5f2bd497be11,442,0o644,configuration,authoritative,src/cordova,.xml,PR232-F00207;PR232-M0031,fresh-byte-reverified-and-context-reviewed,reviewed-target-fit,Exhaustive per-file accountability; focused semantic rows retained when independently meaningful.
outline-client,src/cordova/plugin/android/resources/strings/values-cs/strings.xml,e7c668b6a782685cbe20cab385e011c90a88fd2d01579e1d3834cf90e9dd2446,439,0o644,configuration,authoritative,src/cordova,.xml,PR232-F00208;PR232-M0031,fresh-byte-reverified-and-context-reviewed,reviewed-target-fit,Exhaustive per-file accountability; focused semantic rows retained when independently meaningful.
outline-client,src/cordova/plugin/android/resources/strings/values-da/strings.xml,b760598af732e0489951aa88880665f27149063577106b8fa965adbad2c11b14,434,0o644,configuration,authoritative,src/cordova,.xml,PR232-F00209;PR232-M0031,fresh-byte-reverified-and-context-reviewed,reviewed-target-fit,Exhaustive per-file accountability; focused semantic rows retained when independently meaningful.
outline-client,src/cordova/plugin/android/resources/strings/values-de/strings.xml,175a788d91835a451637b574292ce72ddc28a838112e532cafe66d09eb315d49,442,0o644,configuration,authoritative,src/cordova,.xml,PR232-F00210;PR232-M0031,fresh-byte-reverified-and-context-reviewed,reviewed-target-fit,Exhaustive per-file accountability; focused semantic rows retained when independently meaningful.
outline-client,src/cordova/plugin/android/resources/strings/values-el/strings.xml,c0edfd9b4e27e8f8ea706eb0e83a1a784a620b3cf4ffe4c4e30f15e3401c2e2a,464,0o644,configuration,authoritative,src/cordova,.xml,PR232-F00211;PR232-M0031,fresh-byte-reverified-and-context-reviewed,reviewed-target-fit,Exhaustive per-file accountability; focused semantic rows retained when independently meaningful.
outline-client,src/cordova/plugin/android/resources/strings/values-en-rGB/strings.xml,f32cb285318f5fa9b20a29badf9c1d424610babadd182697b0c436f2f99a5168,421,0o644,configuration,authoritative,src/cordova,.xml,PR232-F00212;PR232-M0031,fresh-byte-reverified-and-context-reviewed,reviewed-target-fit,Exhaustive per-file accountability; focused semantic rows retained when independently meaningful.
outline-client,src/cordova/plugin/android/resources/strings/values-en/strings.xml,aedff5846cdaf9103b9e2e638f93ba90fbe652c69f826de05a9af283d30e44a6,421,0o644,configuration,authoritative,src/cordova,.xml,PR232-F00213;PR232-M0031,fresh-byte-reverified-and-context-reviewed,reviewed-target-fit,Exhaustive per-file accountability; focused semantic rows retained when independently meaningful.
outline-client,src/cordova/plugin/android/resources/strings/values-es/strings.xml,6d3e0622f60d7f060dd739b9672356dab028f34042d3a2129a5cb532ffd9a6eb,434,0o644,configuration,authoritative,src/cordova,.xml,PR232-F00214;PR232-M0031,fresh-byte-reverified-and-context-reviewed,reviewed-target-fit,Exhaustive per-file accountability; focused semantic rows retained when independently meaningful.
outline-client,src/cordova/plugin/android/resources/strings/values-et/strings.xml,d0dd25bb770c219b2019d2f02555f5c3745013e9f0ba4903c1c44e4c6083db61,435,0o644,configuration,authoritative,src/cordova,.xml,PR232-F00215;PR232-M0031,fresh-byte-reverified-and-context-reviewed,reviewed-target-fit,Exhaustive per-file accountability; focused semantic rows retained when independently meaningful.
outline-client,src/cordova/plugin/android/resources/strings/values-fa/strings.xml,84628641db245bb44abc3f5011e4b5ba81e32c834f11b5f9694efd8992b969be,447,0o644,configuration,authoritative,src/cordova,.xml,PR232-F00216;PR232-M0031,fresh-byte-reverified-and-context-reviewed,reviewed-target-fit,Exhaustive per-file accountability; focused semantic rows retained when independently meaningful.
outline-client,src/cordova/plugin/android/resources/strings/values-fi/strings.xml,2be58a5c4ab7251243c632b12c193f42e26386d481a6943f64e9d5616ba42e0e,435,0o644,configuration,authoritative,src/cordova,.xml,PR232-F00217;PR232-M0031,fresh-byte-reverified-and-context-reviewed,reviewed-target-fit,Exhaustive per-file accountability; focused semantic rows retained when independently meaningful.
outline-client,src/cordova/plugin/android/resources/strings/values-fil/strings.xml,76363ff58b4556b1052d626bbe5e40527991757591c89cc10bf856dd928a72cd,436,0o644,configuration,authoritative,src/cordova,.xml,PR232-F00218;PR232-M0031,fresh-byte-reverified-and-context-reviewed,reviewed-target-fit,Exhaustive per-file accountability; focused semantic rows retained when independently meaningful.
outline-client,src/cordova/plugin/android/resources/strings/values-fr/strings.xml,ad80a87ced888d1d3634ab8bfa4d4e02ad02065caedad3a9ecc78d16cbffef7d,421,0o644,configuration,authoritative,src/cordova,.xml,PR232-F00219;PR232-M0031,fresh-byte-reverified-and-context-reviewed,reviewed-target-fit,Exhaustive per-file accountability; focused semantic rows retained when independently meaningful.
outline-client,src/cordova/plugin/android/resources/strings/values-he/strings.xml,2a6e32516fc0f03738ab4a8cc8882b6bbc111bbb88b86342de65ff3bf17a7b79,442,0o644,configuration,authoritative,src/cordova,.xml,PR232-F00220;PR232-M0031,fresh-byte-reverified-and-context-reviewed,reviewed-target-fit,Exhaustive per-file accountability; focused semantic rows retained when independently meaningful.
outline-client,src/cordova/plugin/android/resources/strings/values-hi/strings.xml,daefa4fdbe6b5f39a28b7307ca6c2ca2efbb782f6307e8debc5da931344d2f89,522,0o644,configuration,authoritative,src/cordova,.xml,PR232-F00221;PR232-M0031,fresh-byte-reverified-and-context-reviewed,reviewed-target-fit,Exhaustive per-file accountability; focused semantic rows retained when independently meaningful.
outline-client,src/cordova/plugin/android/resources/strings/values-hr/strings.xml,c9501c2f46cb422ea94be359b1cd92a84571f662221e9dc7c40e09b004446dc1,436,0o644,configuration,authoritative,src/cordova,.xml,PR232-F00222;PR232-M0031,fresh-byte-reverified-and-context-reviewed,reviewed-target-fit,Exhaustive per-file accountability; focused semantic rows retained when independently meaningful.
outline-client,src/cordova/plugin/android/resources/strings/values-hu/strings.xml,9747fa8cc7c2924270e264762addbe2f8af40b15f77dfa807f2fc80075a82f5d,432,0o644,configuration,authoritative,src/cordova,.xml,PR232-F00223;PR232-M0031,fresh-byte-reverified-and-context-reviewed,reviewed-target-fit,Exhaustive per-file accountability; focused semantic rows retained when independently meaningful.
outline-client,src/cordova/plugin/android/resources/strings/values-hy/strings.xml,3c200bb0602a041d5cc6ac783fe0767018835fce85a7fa96ba82fde4e4e5295a,461,0o644,configuration,authoritative,src/cordova,.xml,PR232-F00224;PR232-M0031,fresh-byte-reverified-and-context-reviewed,reviewed-target-fit,Exhaustive per-file accountability; focused semantic rows retained when independently meaningful.
outline-client,src/cordova/plugin/android/resources/strings/values-id/strings.xml,b3c0dc01d800c98a86ec014d899b0fa0dae5c017bc357a004ecf1c852554909f,430,0o644,configuration,authoritative,src/cordova,.xml,PR232-F00225;PR232-M0031,fresh-byte-reverified-and-context-reviewed,reviewed-target-fit,Exhaustive per-file accountability; focused semantic rows retained when independently meaningful.
outline-client,src/cordova/plugin/android/resources/strings/values-is/strings.xml,35c5e70f57114e52a4db64e4412233515a11797940c8b18834326045bee8b780,419,0o644,configuration,authoritative,src/cordova,.xml,PR232-F00226;PR232-M0031,fresh-byte-reverified-and-context-reviewed,reviewed-target-fit,Exhaustive per-file accountability; focused semantic rows retained when independently meaningful.
outline-client,src/cordova/plugin/android/resources/strings/values-it/strings.xml,c6c70000ea33446bc9a1fae2fa0292fbbd7997474b0cdd7d4573bcd9f79fec28,430,0o644,configuration,authoritative,src/cordova,.xml,PR232-F00227;PR232-M0031,fresh-byte-reverified-and-context-reviewed,reviewed-target-fit,Exhaustive per-file accountability; focused semantic rows retained when independently meaningful.
outline-client,src/cordova/plugin/android/resources/strings/values-ja/strings.xml,73d25d3fbff3dc5cf5be795af4888312707228245d9f514c79eecb337074873e,448,0o644,configuration,authoritative,src/cordova,.xml,PR232-F00228;PR232-M0031,fresh-byte-reverified-and-context-reviewed,reviewed-target-fit,Exhaustive per-file accountability; focused semantic rows retained when independently meaningful.
outline-client,src/cordova/plugin/android/resources/strings/values-ka/strings.xml,5ba43da15c7ac0a69e20d056e042672ef4d8063ee9492baa7b4954f9a56c5478,556,0o644,configuration,authoritative,src/cordova,.xml,PR232-F00229;PR232-M0031,fresh-byte-reverified-and-context-reviewed,reviewed-target-fit,Exhaustive per-file accountability; focused semantic rows retained when independently meaningful.
outline-client,src/cordova/plugin/android/resources/strings/values-kk/strings.xml,3ab1875799cf83664d09213cfd8e49c4f1d0851889f51c307b6141473a088a07,492,0o644,configuration,authoritative,src/cordova,.xml,PR232-F00230;PR232-M0031,fresh-byte-reverified-and-context-reviewed,reviewed-target-fit,Exhaustive per-file accountability; focused semantic rows retained when independently meaningful.
outline-client,src/cordova/plugin/android/resources/strings/values-km/strings.xml,944453ecd7b03c249a91ea0987c32f4cd3ebe0156051c49a50f86c8cb37d3c7b,526,0o644,configuration,authoritative,src/cordova,.xml,PR232-F00231;PR232-M0031,fresh-byte-reverified-and-context-reviewed,reviewed-target-fit,Exhaustive per-file accountability; focused semantic rows retained when independently meaningful.
outline-client,src/cordova/plugin/android/resources/strings/values-ko/strings.xml,a7d20ae1b14e5b435106596dafcbd80c269bce100594d8944268bc9a3ffe0ff1,432,0o644,configuration,authoritative,src/cordova,.xml,PR232-F00232;PR232-M0031,fresh-byte-reverified-and-context-reviewed,reviewed-target-fit,Exhaustive per-file accountability; focused semantic rows retained when independently meaningful.
outline-client,src/cordova/plugin/android/resources/strings/values-lo/strings.xml,a7ab294c58ee0d09835bfbaa3e6359700346c32489c80701e52c6dc81300cecf,505,0o644,configuration,authoritative,src/cordova,.xml,PR232-F00233;PR232-M0031,fresh-byte-reverified-and-context-reviewed,reviewed-target-fit,Exhaustive per-file accountability; focused semantic rows retained when independently meaningful.
outline-client,src/cordova/plugin/android/resources/strings/values-lt/strings.xml,01454b51576231ef4c6b1a191ab900caaf2f90bce87782dd3d087ac7ac8a1567,442,0o644,configuration,authoritative,src/cordova,.xml,PR232-F00234;PR232-M0031,fresh-byte-reverified-and-context-reviewed,reviewed-target-fit,Exhaustive per-file accountability; focused semantic rows retained when independently meaningful.
outline-client,src/cordova/plugin/android/resources/strings/values-lv/strings.xml,c4732f57f70c2c02ef28f6321e41ad39455ee98a60f93edb1936d398e132a9d9,479,0o644,configuration,authoritative,src/cordova,.xml,PR232-F00235;PR232-M0031,fresh-byte-reverified-and-context-reviewed,reviewed-target-fit,Exhaustive per-file accountability; focused semantic rows retained when independently meaningful.
outline-client,src/cordova/plugin/android/resources/strings/values-mk/strings.xml,e22301e3e4f9f9515f013f3455475b4f54ec4d5c63f28b6aaadc7da3e36add83,465,0o644,configuration,authoritative,src/cordova,.xml,PR232-F00236;PR232-M0031,fresh-byte-reverified-and-context-reviewed,reviewed-target-fit,Exhaustive per-file accountability; focused semantic rows retained when independently meaningful.
outline-client,src/cordova/plugin/android/resources/strings/values-mn/strings.xml,669d6f0b2083dc126ef6d7935edbd87640e8df30da96e68fd9fb567b123507ca,466,0o644,configuration,authoritative,src/cordova,.xml,PR232-F00237;PR232-M0031,fresh-byte-reverified-and-context-reviewed,reviewed-target-fit,Exhaustive per-file accountability; focused semantic rows retained when independently meaningful.
outline-client,src/cordova/plugin/android/resources/strings/values-mr/strings.xml,659f7eb7339f4456850f18fcbc061d60eac73d8801cba87d0710bcea349da164,513,0o644,configuration,authoritative,src/cordova,.xml,PR232-F00238;PR232-M0031,fresh-byte-reverified-and-context-reviewed,reviewed-target-fit,Exhaustive per-file accountability; focused semantic rows retained when independently meaningful.
outline-client,src/cordova/plugin/android/resources/strings/values-ms/strings.xml,6200ceea5282efdc1d2e2b4c37573d7b79c02315dd9c4e1636a19a7ec8745847,437,0o644,configuration,authoritative,src/cordova,.xml,PR232-F00239;PR232-M0031,fresh-byte-reverified-and-context-reviewed,reviewed-target-fit,Exhaustive per-file accountability; focused semantic rows retained when independently meaningful.
outline-client,src/cordova/plugin/android/resources/strings/values-my/strings.xml,d6b55fa7442014b87d4da9bef66b4928c7544485936c115806fa99db7ba2934a,499,0o644,configuration,authoritative,src/cordova,.xml,PR232-F00240;PR232-M0031,fresh-byte-reverified-and-context-reviewed,reviewed-target-fit,Exhaustive per-file accountability; focused semantic rows retained when independently meaningful.
outline-client,src/cordova/plugin/android/resources/strings/values-ne/strings.xml,4a75d893878b143a4afc6c4ac0797f761a3abed5800275ae1b27dd3a697dc723,504,0o644,configuration,authoritative,src/cordova,.xml,PR232-F00241;PR232-M0031,fresh-byte-reverified-and-context-reviewed,reviewed-target-fit,Exhaustive per-file accountability; focused semantic rows retained when independently meaningful.
outline-client,src/cordova/plugin/android/resources/strings/values-nl/strings.xml,5171827778bb242106c97d99237544a4cc6382eb560f34aaceb6c224fa58fe1a,433,0o644,configuration,authoritative,src/cordova,.xml,PR232-F00242;PR232-M0031,fresh-byte-reverified-and-context-reviewed,reviewed-target-fit,Exhaustive per-file accountability; focused semantic rows retained when independently meaningful.
outline-client,src/cordova/plugin/android/resources/strings/values-no/strings.xml,b5bd0389c9296cd0dd4ebd4513a78ebc931831fa8c2e0db99d3eb4f626251b63,429,0o644,configuration,authoritative,src/cordova,.xml,PR232-F00243;PR232-M0031,fresh-byte-reverified-and-context-reviewed,reviewed-target-fit,Exhaustive per-file accountability; focused semantic rows retained when independently meaningful.
outline-client,src/cordova/plugin/android/resources/strings/values-pl/strings.xml,88cd6f7ed99ec24e1bc2b261200bf2a330bfb51fc625ae255ff4cf6b274229ee,433,0o644,configuration,authoritative,src/cordova,.xml,PR232-F00244;PR232-M0031,fresh-byte-reverified-and-context-reviewed,reviewed-target-fit,Exhaustive per-file accountability; focused semantic rows retained when independently meaningful.
outline-client,src/cordova/plugin/android/resources/strings/values-pt-rBR/strings.xml,b3942777b3cfdce00f1a9270add285bf7ab9ba0faa3c33c0030220b2f68cfd8d,426,0o644,configuration,authoritative,src/cordova,.xml,PR232-F00245;PR232-M0031,fresh-byte-reverified-and-context-reviewed,reviewed-target-fit,Exhaustive per-file accountability; focused semantic rows retained when independently meaningful.
outline-client,src/cordova/plugin/android/resources/strings/values-pt-rPT/strings.xml,8d9e37c1d13bbf3cb1e9669a6c6fc2f7963b63fa6859aca1ffa6bca2c89f3e78,437,0o644,configuration,authoritative,src/cordova,.xml,PR232-F00246;PR232-M0031,fresh-byte-reverified-and-context-reviewed,reviewed-target-fit,Exhaustive per-file accountability; focused semantic rows retained when independently meaningful.
outline-client,src/cordova/plugin/android/resources/strings/values-ro/strings.xml,9f3e8f9da8180b909722cd1613fbbc4e7763bc7941af5dcefa27f32f682375f2,424,0o644,configuration,authoritative,src/cordova,.xml,PR232-F00247;PR232-M0031,fresh-byte-reverified-and-context-reviewed,reviewed-target-fit,Exhaustive per-file accountability; focused semantic rows retained when independently meaningful.
outline-client,src/cordova/plugin/android/resources/strings/values-ru/strings.xml,6b575fc0c0acae235626361e5476f62e723fdc9841c9b383add2544e812cf303,465,0o644,configuration,authoritative,src/cordova,.xml,PR232-F00248;PR232-M0031,fresh-byte-reverified-and-context-reviewed,reviewed-target-fit,Exhaustive per-file accountability; focused semantic rows retained when independently meaningful.
outline-client,src/cordova/plugin/android/resources/strings/values-si/strings.xml,df27632e212688c89c9d4cab187c8a33aaac25d6e23999dc7d37c4393a4cc31f,498,0o644,configuration,authoritative,src/cordova,.xml,PR232-F00249;PR232-M0031,fresh-byte-reverified-and-context-reviewed,reviewed-target-fit,Exhaustive per-file accountability; focused semantic rows retained when independently meaningful.
outline-client,src/cordova/plugin/android/resources/strings/values-sk/strings.xml,11116bd5a894d37c1bcc696ea03c491119211cce1bc537ae3efdaf0f29cb359d,435,0o644,configuration,authoritative,src/cordova,.xml,PR232-F00250;PR232-M0031,fresh-byte-reverified-and-context-reviewed,reviewed-target-fit,Exhaustive per-file accountability; focused semantic rows retained when independently meaningful.
outline-client,src/cordova/plugin/android/resources/strings/values-sl/strings.xml,b10bedf9d36faf5680d83a298350bb5f301b2f5d9233241987e5764625ca3a14,460,0o644,configuration,authoritative,src/cordova,.xml,PR232-F00251;PR232-M0031,fresh-byte-reverified-and-context-reviewed,reviewed-target-fit,Exhaustive per-file accountability; focused semantic rows retained when independently meaningful.
outline-client,src/cordova/plugin/android/resources/strings/values-sq/strings.xml,566250cec968f7bd0b22a2bdba6d441bff863ee9dd93ce4152d5a8589877324f,420,0o644,configuration,authoritative,src/cordova,.xml,PR232-F00252;PR232-M0031,fresh-byte-reverified-and-context-reviewed,reviewed-target-fit,Exhaustive per-file accountability; focused semantic rows retained when independently meaningful.
outline-client,src/cordova/plugin/android/resources/strings/values-sr/strings.xml,394828ab40766c99c94ca298bb573ded2e03587788ed9016ccf02433b4517b06,474,0o644,configuration,authoritative,src/cordova,.xml,PR232-F00253;PR232-M0031,fresh-byte-reverified-and-context-reviewed,reviewed-target-fit,Exhaustive per-file accountability; focused semantic rows retained when independently meaningful.
outline-client,src/cordova/plugin/android/resources/strings/values-sv/strings.xml,816c4ae38e60930782920ab9932d4a4c4babfb3adef131fcf14afc9a6c6993ef,422,0o644,configuration,authoritative,src/cordova,.xml,PR232-F00254;PR232-M0031,fresh-byte-reverified-and-context-reviewed,reviewed-target-fit,Exhaustive per-file accountability; focused semantic rows retained when independently meaningful.
outline-client,src/cordova/plugin/android/resources/strings/values-sw/strings.xml,078b2f9763ef8a1e2afcf44ff4e037125dde79f62dfd53a5467a9556be4a9fe0,431,0o644,configuration,authoritative,src/cordova,.xml,PR232-F00255;PR232-M0031,fresh-byte-reverified-and-context-reviewed,reviewed-target-fit,Exhaustive per-file accountability; focused semantic rows retained when independently meaningful.
outline-client,src/cordova/plugin/android/resources/strings/values-ta/strings.xml,685dd19e5cc3c9f5fdf0ba3ff026a3857f5b7e243dd1f50128e489a632119075,515,0o644,configuration,authoritative,src/cordova,.xml,PR232-F00256;PR232-M0031,fresh-byte-reverified-and-context-reviewed,reviewed-target-fit,Exhaustive per-file accountability; focused semantic rows retained when independently meaningful.
outline-client,src/cordova/plugin/android/resources/strings/values-th/strings.xml,f4efedcd3f8fd6dcd6bce92e3ee929dd0847d08d18ccdbe331e06960884616fc,520,0o644,configuration,authoritative,src/cordova,.xml,PR232-F00257;PR232-M0031,fresh-byte-reverified-and-context-reviewed,reviewed-target-fit,Exhaustive per-file accountability; focused semantic rows retained when independently meaningful.
outline-client,src/cordova/plugin/android/resources/strings/values-tr/strings.xml,1359d50ce1003ecf671667dea31738fc17cedd1540e0d66889b8a1ffdc631d21,438,0o644,configuration,authoritative,src/cordova,.xml,PR232-F00258;PR232-M0031,fresh-byte-reverified-and-context-reviewed,reviewed-target-fit,Exhaustive per-file accountability; focused semantic rows retained when independently meaningful.
outline-client,src/cordova/plugin/android/resources/strings/values-uk/strings.xml,dbda15467926bcb338b92d6668eb473bd7d4d67471f6303682429a9272c16a76,465,0o644,configuration,authoritative,src/cordova,.xml,PR232-F00259;PR232-M0031,fresh-byte-reverified-and-context-reviewed,reviewed-target-fit,Exhaustive per-file accountability; focused semantic rows retained when independently meaningful.
outline-client,src/cordova/plugin/android/resources/strings/values-ur/strings.xml,ba73b3e7339a3f51750fd72ad4e288add6827a045fe60269db05c9713fbf3aaf,457,0o644,configuration,authoritative,src/cordova,.xml,PR232-F00260;PR232-M0031,fresh-byte-reverified-and-context-reviewed,reviewed-target-fit,Exhaustive per-file accountability; focused semantic rows retained when independently meaningful.
outline-client,src/cordova/plugin/android/resources/strings/values-vi/strings.xml,d0e756f45f28a0efacc60dd864f72a4fa37a695d91d8259c3f052db7e379c9c7,443,0o644,configuration,authoritative,src/cordova,.xml,PR232-F00261;PR232-M0031,fresh-byte-reverified-and-context-reviewed,reviewed-target-fit,Exhaustive per-file accountability; focused semantic rows retained when independently meaningful.
outline-client,src/cordova/plugin/android/resources/strings/values-zh-rCN/strings.xml,45e501befe2bae264df10c913345bd37fe50f42805fdbd49718864dac59a94b6,430,0o644,configuration,authoritative,src/cordova,.xml,PR232-F00262;PR232-M0031,fresh-byte-reverified-and-context-reviewed,reviewed-target-fit,Exhaustive per-file accountability; focused semantic rows retained when independently meaningful.
outline-client,src/cordova/plugin/android/resources/strings/values-zh-rTW/strings.xml,8bd1797fc1323a3b10e2488e6800bf40f980e6a7ecb9392f74abe7275cdfab49,430,0o644,configuration,authoritative,src/cordova,.xml,PR232-F00263;PR232-M0031,fresh-byte-reverified-and-context-reviewed,reviewed-target-fit,Exhaustive per-file accountability; focused semantic rows retained when independently meaningful.
outline-client,src/cordova/plugin/android/resources/strings/values/strings.xml,b3c751b6d35607e92a9bb1e369ac153ebf2c811541bee4e3c2fbba95af58c336,434,0o644,configuration,authoritative,src/cordova,.xml,PR232-F00264;PR232-M0031,fresh-byte-reverified-and-context-reviewed,reviewed-target-fit,Exhaustive per-file accountability; focused semantic rows retained when independently meaningful.
outline-client,src/cordova/plugin/android/scripts/copy_third_party.js,7ecf29f6287a268bd6dfdb2370bebd480e15c3dd402cb39973a98086785aadd4,1340,0o644,ui-or-product,authoritative,src/cordova,.js,PR232-F00265;PR232-M0031,fresh-byte-reverified-and-context-reviewed,reviewed-target-fit,Exhaustive per-file accountability; focused semantic rows retained when independently meaningful.
outline-client,src/cordova/plugin/apple/src/OutlinePlugin.swift,fb11fc9082dc5930a83ee0b969ac85f47f96649a37a8eb4780d1422e7ab3429f,15566,0o644,implementation,authoritative,src/cordova,.swift,PR232-F00266;PR232-M0031,fresh-byte-reverified-and-context-reviewed,reviewed-target-fit,Exhaustive per-file accountability; focused semantic rows retained when independently meaningful.
outline-client,src/cordova/plugin/apple/src/macos/Outline-Bridging-Header.h,07b1678294057cc0cb7dd39ece9ea9c9ae55c66831a0d4fb73d3c4b54db9fb4c,766,0o644,implementation,authoritative,src/cordova,.h,PR232-F00267;PR232-M0031,fresh-byte-reverified-and-context-reviewed,reviewed-target-fit,Exhaustive per-file accountability; focused semantic rows retained when independently meaningful.
outline-client,src/cordova/plugin/package.json,a26c54338cb6ce49b15858a31d67b8ddb216059a876367b9c54885e004acc0d7,184,0o644,configuration,authoritative,src/cordova,.json,PR232-F00268;PR232-M0031,fresh-byte-reverified-and-context-reviewed,reviewed-target-fit,Exhaustive per-file accountability; focused semantic rows retained when independently meaningful.
outline-client,src/cordova/plugin/plugin.xml,842fc3e6483fa79d6040abf06bd6444ce1c6c418f1ab0aa9df6f99b7c1353208,3726,0o644,configuration,authoritative,src/cordova,.xml,PR232-F00269;PR232-M0031,fresh-byte-reverified-and-context-reviewed,reviewed-target-fit,Exhaustive per-file accountability; focused semantic rows retained when independently meaningful.
outline-client,src/cordova/setup.action.mjs,7fbd719714a0deee88dfb44c44456f98058ce3fae121bf4e45828898f4142209,6667,0o644,operational,authoritative,src/cordova,.mjs,PR232-F00270;PR232-M0031,fresh-byte-reverified-and-context-reviewed,accounted-reference,Exhaustive per-file accountability; focused semantic rows retained when independently meaningful.
outline-client,src/cordova/test.action.mjs,543061fba58561f710e75d5967e2ebe65ea7d40c0e6746b220ade7bdfa0921fe,2539,0o644,operational,authoritative,src/cordova,.mjs,PR232-F00271;PR232-M0031,fresh-byte-reverified-and-context-reviewed,accounted-reference,Exhaustive per-file accountability; focused semantic rows retained when independently meaningful.
outline-client,src/electron/README.md,23ae80f826951ad27197629da276792ec6c3503f747eceda67b0cc0a5c4c757e,1242,0o644,documentation,authoritative,src/electron,.md,PR232-F00272;PR232-M0032,fresh-byte-reverified-and-context-reviewed,accounted-reference,Exhaustive per-file accountability; focused semantic rows retained when independently meaningful.
outline-client,src/electron/add_tap_device.bat,63d2244cb87521ca5dd5975052b5dc8301f6533cf91067b10c59cb678beb81ad,6099,0o755,script,authoritative,src/electron,.bat,PR232-F00273;PR232-M0032,fresh-byte-reverified-and-context-reviewed,reviewed-target-fit,Exhaustive per-file accountability; focused semantic rows retained when independently meaningful.
outline-client,src/electron/build.action.mjs,5b94c6d0999e2ff907a54d8697469e8fd9795a407e6f97ce8604ec3fe6469fd5,2929,0o644,operational,authoritative,src/electron,.mjs,PR232-F00274;PR232-M0032,fresh-byte-reverified-and-context-reviewed,accounted-reference,Exhaustive per-file accountability; focused semantic rows retained when independently meaningful.
outline-client,src/electron/build_main.action.mjs,10a330e658344f119ea70a56ec5ac9d47c13bac8d62378b3906bbf482fccd0af,2441,0o644,operational,authoritative,src/electron,.mjs,PR232-F00275;PR232-M0032,fresh-byte-reverified-and-context-reviewed,accounted-reference,Exhaustive per-file accountability; focused semantic rows retained when independently meaningful.
outline-client,src/electron/custom_install_steps.nsh,724db38916ccf5aa816e76a90e1c0004905cbfc1c2052f9fd1412ddebf72151b,6840,0o755,operational,authoritative,src/electron,.nsh,PR232-F00276;PR232-M0032,fresh-byte-reverified-and-context-reviewed,accounted-reference,Exhaustive per-file accountability; focused semantic rows retained when independently meaningful.
outline-client,src/electron/electron-builder.json,8e90b8f703faa6a7c63caff499e1b23d3a2f05fd886cfce515be5d3ef108a827,848,0o644,configuration,authoritative,src/electron,.json,PR232-F00277;PR232-M0032,fresh-byte-reverified-and-context-reviewed,reviewed-target-fit,Exhaustive per-file accountability; focused semantic rows retained when independently meaningful.
outline-client,src/electron/find_tap_device_name.bat,4c2506da210ede50a0189919c8513595a6c92f5510489a37cf0e73c6b2c320c0,3435,0o755,script,authoritative,src/electron,.bat,PR232-F00278;PR232-M0032,fresh-byte-reverified-and-context-reviewed,reviewed-target-fit,Exhaustive per-file accountability; focused semantic rows retained when independently meaningful.
outline-client,src/electron/go_vpn_tunnel.ts,516a20e8bf77c2dc47d282d81ad85be766dbdf2487d189661297eedd1424df1d,11379,0o755,ui-or-product,authoritative,src/electron,.ts,PR232-F00279;PR232-M0032,fresh-byte-reverified-and-context-reviewed,reviewed-target-fit,Exhaustive per-file accountability; focused semantic rows retained when independently meaningful.
outline-client,src/electron/icons/mac/icon.icns,968da08e8df08e39ece23321c06366f52100b3bef515e35d87b42939293c2d8f,123160,0o644,operational,authoritative,src/electron,.icns,PR232-F00280;PR232-M0032,fresh-byte-reverified-and-context-reviewed,accounted-reference,Exhaustive per-file accountability; focused semantic rows retained when independently meaningful.
outline-client,src/electron/icons/png/1024x1024.png,9f20607d29de0c2427335f525acd84ce90afc92dc556d70eaa996a0c2b0a34b3,72868,0o644,media,derived,src/electron,.png,PR232-F00281;PR232-M0032,fresh-byte-reverified-and-context-reviewed,accounted-reference,Exhaustive per-file accountability; focused semantic rows retained when independently meaningful.
outline-client,src/electron/icons/png/128x128.png,5dc2229d9219d6886cfd5d38d4da3e019b0ce9eabfe0becb2a39438b0623b8ed,4928,0o644,media,derived,src/electron,.png,PR232-F00282;PR232-M0032,fresh-byte-reverified-and-context-reviewed,accounted-reference,Exhaustive per-file accountability; focused semantic rows retained when independently meaningful.
outline-client,src/electron/icons/png/16x16.png,961d464df2d7ba7d9df529c3d6c91f3a5f1626b074e1e2999cd79dcbe3c72d21,547,0o644,media,derived,src/electron,.png,PR232-F00283;PR232-M0032,fresh-byte-reverified-and-context-reviewed,accounted-reference,Exhaustive per-file accountability; focused semantic rows retained when independently meaningful.
outline-client,src/electron/icons/png/24x24.png,c05f88ff52a25d1211f1c5ba5823985cc2a499e8aa6dea0931bc3346fd0ba4dc,757,0o644,media,derived,src/electron,.png,PR232-F00284;PR232-M0032,fresh-byte-reverified-and-context-reviewed,accounted-reference,Exhaustive per-file accountability; focused semantic rows retained when independently meaningful.
outline-client,src/electron/icons/png/256x256.png,ef60466a7071d3917325fd87bb10483e7c1262dd894ec2eb4210465030a8797a,12298,0o644,media,derived,src/electron,.png,PR232-F00285;PR232-M0032,fresh-byte-reverified-and-context-reviewed,accounted-reference,Exhaustive per-file accountability; focused semantic rows retained when independently meaningful.
outline-client,src/electron/icons/png/32x32.png,495b757580747dd1ac4e18d90c57703271c9e1600d2661b49f7f380743dd7819,1051,0o644,media,derived,src/electron,.png,PR232-F00286;PR232-M0032,fresh-byte-reverified-and-context-reviewed,accounted-reference,Exhaustive per-file accountability; focused semantic rows retained when independently meaningful.
outline-client,src/electron/icons/png/48x48.png,3dae3cf0a4e53e94f043558ab41c5c3c537ed9b5c5f2f59f6712f11b9e23d8cc,1566,0o644,media,derived,src/electron,.png,PR232-F00287;PR232-M0032,fresh-byte-reverified-and-context-reviewed,accounted-reference,Exhaustive per-file accountability; focused semantic rows retained when independently meaningful.
outline-client,src/electron/icons/png/512x512.png,b772bd2f58e63efe22c7ce26fe64741d6c5c5c8dc2edbbc7df2b9f7f946af996,29175,0o644,media,derived,src/electron,.png,PR232-F00288;PR232-M0032,fresh-byte-reverified-and-context-reviewed,accounted-reference,Exhaustive per-file accountability; focused semantic rows retained when independently meaningful.
outline-client,src/electron/icons/png/64x64.png,08e4a9b2115df51554cedbce74a0c3c5b44c69697feda6db6b8ca39c22e10cdf,2229,0o644,media,derived,src/electron,.png,PR232-F00289;PR232-M0032,fresh-byte-reverified-and-context-reviewed,accounted-reference,Exhaustive per-file accountability; focused semantic rows retained when independently meaningful.
outline-client,src/electron/icons/win/icon.ico,86f95c9799d485cdeb04cc99b25eb02e8def5e23854dc24c50a98c46d1ec9676,361102,0o644,media,derived,src/electron,.ico,PR232-F00290;PR232-M0032,fresh-byte-reverified-and-context-reviewed,accounted-reference,Exhaustive per-file accountability; focused semantic rows retained when independently meaningful.
outline-client,src/electron/index.ts,50b50f1efbbb9afae02c60c02b35e5cf9e612fccd3f52ce7e51a95906a2f4919,17972,0o644,ui-or-product,authoritative,src/electron,.ts,PR232-F00291;PR232-M0032,fresh-byte-reverified-and-context-reviewed,reviewed-target-fit,Exhaustive per-file accountability; focused semantic rows retained when independently meaningful.
outline-client,src/electron/install_windows_service.bat,7e4896fe931adbd2a12d8edec3c967900d00df9e048b629633562f9c32cc5fd9,1507,0o755,script,authoritative,src/electron,.bat,PR232-F00292;PR232-M0032,fresh-byte-reverified-and-context-reviewed,reviewed-target-fit,Exhaustive per-file accountability; focused semantic rows retained when independently meaningful.
outline-client,src/electron/preload.d.ts,ff28bf9817964d566471d89b0367e5ea54faa1d26b6447e5a460f61cbc722db8,1195,0o644,ui-or-product,authoritative,src/electron,.ts,PR232-F00293;PR232-M0032,fresh-byte-reverified-and-context-reviewed,reviewed-target-fit,Exhaustive per-file accountability; focused semantic rows retained when independently meaningful.
outline-client,src/electron/preload.ts,b981a11de97f5d50e295942710ec87847cacd313539c6cd7cf02f241d71ed56a,3000,0o644,ui-or-product,authoritative,src/electron,.ts,PR232-F00294;PR232-M0032,fresh-byte-reverified-and-context-reviewed,reviewed-target-fit,Exhaustive per-file accountability; focused semantic rows retained when independently meaningful.
outline-client,src/electron/process.ts,678095d8c7e07d425f1de4da949fbfdd05ae4b0ef6f22f5efcdaccc1ff057be2,5656,0o755,ui-or-product,authoritative,src/electron,.ts,PR232-F00295;PR232-M0032,fresh-byte-reverified-and-context-reviewed,reviewed-target-fit,Exhaustive per-file accountability; focused semantic rows retained when independently meaningful.
outline-client,src/electron/routing_service.ts,4305e5d9b9de8e009a4a5889353d67f795aa933e3a66152bf94ab142cb703f4a,12839,0o755,ui-or-product,authoritative,src/electron,.ts,PR232-F00296;PR232-M0032,fresh-byte-reverified-and-context-reviewed,reviewed-target-fit,Exhaustive per-file accountability; focused semantic rows retained when independently meaningful.
outline-client,src/electron/start.action.mjs,4e926d6e0924ced34261c0eb79ca2d9ff8ab3a4c4d3ee2f53db0b1eb6def80c3,1530,0o644,operational,authoritative,src/electron,.mjs,PR232-F00297;PR232-M0032,fresh-byte-reverified-and-context-reviewed,accounted-reference,Exhaustive per-file accountability; focused semantic rows retained when independently meaningful.
outline-client,src/electron/tsconfig.json,67d3895314b4feaaf4f3a29938a158da8c4887d87852134f3cf5d094bba4f7af,134,0o644,configuration,authoritative,src/electron,.json,PR232-F00298;PR232-M0032,fresh-byte-reverified-and-context-reviewed,reviewed-target-fit,Exhaustive per-file accountability; focused semantic rows retained when independently meaningful.
outline-client,src/electron/tunnel_store.ts,1ebd0d3588ac6c497b120184f82de7ae9ae004546a2877006838ed526aaabb0b,2960,0o755,ui-or-product,authoritative,src/electron,.ts,PR232-F00299;PR232-M0032,fresh-byte-reverified-and-context-reviewed,reviewed-target-fit,Exhaustive per-file accountability; focused semantic rows retained when independently meaningful.
outline-client,src/electron/types/socks/index.d.ts,e5bb0d535a21b25c18441208c13c21f8ca6f2b12978f983de21cd6c3ecf35fb6,1398,0o644,ui-or-product,authoritative,src/electron,.ts,PR232-F00300;PR232-M0032,fresh-byte-reverified-and-context-reviewed,reviewed-target-fit,Exhaustive per-file accountability; focused semantic rows retained when independently meaningful.
outline-client,src/electron/vpn_tunnel.ts,941516ea74d425f45329c820a89ef2214006f5e449b6a8c39eb48143b0802631,1729,0o755,ui-or-product,authoritative,src/electron,.ts,PR232-F00301;PR232-M0032,fresh-byte-reverified-and-context-reviewed,reviewed-target-fit,Exhaustive per-file accountability; focused semantic rows retained when independently meaningful.
outline-client,src/electron/webpack_electron_main.mjs,5981e58a7fc9a5d0e351015e5d9d8e8f22079d6c4fdccaf6644b735053354517,1979,0o755,operational,authoritative,src/electron,.mjs,PR232-F00302;PR232-M0032,fresh-byte-reverified-and-context-reviewed,accounted-reference,Exhaustive per-file accountability; focused semantic rows retained when independently meaningful.
outline-client,src/electron/windows/digicert-usb-config/eToken-macos.cfg,d71800d53bcd10e34d07c899919bc69f5009a871944a9ad1dfbb0129ce176906,116,0o644,operational,authoritative,src/electron,.cfg,PR232-F00303;PR232-M0032,fresh-byte-reverified-and-context-reviewed,accounted-reference,Exhaustive per-file accountability; focused semantic rows retained when independently meaningful.
outline-client,src/electron/windows/digicert-usb-config/eToken-windows.cfg,6aa3dba6637acd9f798b32bc8e37eabee447cebec19f016504197ef500a3e268,118,0o644,operational,authoritative,src/electron,.cfg,PR232-F00304;PR232-M0032,fresh-byte-reverified-and-context-reviewed,accounted-reference,Exhaustive per-file accountability; focused semantic rows retained when independently meaningful.
outline-client,src/electron/windows/electron_builder_signing_plugin.cjs,df2205007123ac4f9035eb094dda16f44e423ec00a71d4d8195d881c27a38ae2,1837,0o644,operational,authoritative,src/electron,.cjs,PR232-F00305;PR232-M0032,fresh-byte-reverified-and-context-reviewed,accounted-reference,Exhaustive per-file accountability; focused semantic rows retained when independently meaningful.
outline-client,src/electron/windows/sign_windows_executable.action.mjs,f1b2cbabd7d0dd9048d4027e20a2fedba63622f3bef6999ccfa52a2890788382,7114,0o644,operational,authoritative,src/electron,.mjs,PR232-F00306;PR232-M0032,fresh-byte-reverified-and-context-reviewed,accounted-reference,Exhaustive per-file accountability; focused semantic rows retained when independently meaningful.
outline-client,src/infrastructure/custom_error.ts,bf26bf3fbc7f576bf9b38e0bd617d297099845d48aecb35ed2f43605fa2fb1e4,1009,0o644,implementation,authoritative,src/infrastructure,.ts,PR232-F00307;PR232-M0033,fresh-byte-reverified-and-context-reviewed,reviewed-target-fit,Exhaustive per-file accountability; focused semantic rows retained when independently meaningful.
outline-client,src/infrastructure/electron/app_paths.ts,e9c432e421cc61ab8a385949528eed78d1cdf2feb896590a1460a491a9a1fd56,1755,0o644,ui-or-product,authoritative,src/infrastructure,.ts,PR232-F00308;PR232-M0033,fresh-byte-reverified-and-context-reviewed,reviewed-target-fit,Exhaustive per-file accountability; focused semantic rows retained when independently meaningful.
outline-client,src/infrastructure/memory_storage.ts,894b6c0aa04154fa04252f1827a6fb0b948358b31b5c0d3aa1ab38d2ffc69001,1211,0o644,implementation,authoritative,src/infrastructure,.ts,PR232-F00309;PR232-M0033,fresh-byte-reverified-and-context-reviewed,reviewed-target-fit,Exhaustive per-file accountability; focused semantic rows retained when independently meaningful.
outline-client,src/infrastructure/timeout_promise.ts,c8778c46420f525db80e820db8ad8ecece154377952b4d4c6f36edb7680cb759,1108,0o644,implementation,authoritative,src/infrastructure,.ts,PR232-F00310;PR232-M0033,fresh-byte-reverified-and-context-reviewed,reviewed-target-fit,Exhaustive per-file accountability; focused semantic rows retained when independently meaningful.
outline-client,src/www/.storybook/localize.ts,e45fee87bb1dd66d5bfd65ace0cd83589f4cc25c936fee0e2ece47aa05fc7122,1700,0o644,ui-or-product,authoritative,src/www/.storybook/localize.ts,.ts,PR232-F00311;PR232-M0034,fresh-byte-reverified-and-context-reviewed,reviewed-target-fit,Exhaustive per-file accountability; focused semantic rows retained when independently meaningful.
outline-client,src/www/.storybook/main.js,605489fb249dd2c12d389f08f701fb2f756b3e54703d7a1638c43c1701cf2692,649,0o644,ui-or-product,authoritative,src/www/.storybook/main.js,.js,PR232-F00312;PR232-M0035,fresh-byte-reverified-and-context-reviewed,reviewed-target-fit,Exhaustive per-file accountability; focused semantic rows retained when independently meaningful.
outline-client,src/www/.storybook/preview-head.html,aa58ac11f6c61fd51bed0ca36feb8afedd75ff861cd082491a95179c24decf3e,271,0o644,operational,authoritative,src/www/.storybook/preview-head.html,.html,PR232-F00313;PR232-M0036,fresh-byte-reverified-and-context-reviewed,accounted-reference,Exhaustive per-file accountability; focused semantic rows retained when independently meaningful.
outline-client,src/www/.storybook/preview.js,52419328027bcde73b50603c41789e9f606482a87caebfed6f658565441f6b52,1822,0o644,ui-or-product,authoritative,src/www/.storybook/preview.js,.js,PR232-F00314;PR232-M0037,fresh-byte-reverified-and-context-reviewed,reviewed-target-fit,Exhaustive per-file accountability; focused semantic rows retained when independently meaningful.
outline-client,src/www/TODO.spec.ts,61249fc0ada646a022566095bc5654ac51b2fbf125a2ffe7efbaeaa5d0a770ce,2907,0o644,test,authoritative,src/www/TODO.spec.ts,.ts,PR232-F00315;PR232-M0038,fresh-byte-reverified-and-context-reviewed,reviewed-target-fit,Exhaustive per-file accountability; focused semantic rows retained when independently meaningful.
outline-client,src/www/app/app.spec.ts,598dfd2e006f6a3730497d459713423ef9e3f3f9e98ed688ed68e45d234841b2,2132,0o644,test,authoritative,src/www/app/app.spec.ts,.ts,PR232-F00316;PR232-M0039,fresh-byte-reverified-and-context-reviewed,reviewed-target-fit,Exhaustive per-file accountability; focused semantic rows retained when independently meaningful.
outline-client,src/www/app/app.ts,ecff16fcc2def7d6906d393075848404f502a0d2be1fee1fd8666dc15315d30d,26797,0o644,ui-or-product,authoritative,src/www/app/app.ts,.ts,PR232-F00317;PR232-M0040;PR232-S023;PR232-S031,fresh-byte-reverified-and-context-reviewed,focused-adoption-or-guardrail,Exhaustive per-file accountability; focused semantic rows retained when independently meaningful.
outline-client,src/www/app/clipboard.ts,1f183f59c99159f016dda21f9ab766a82e225404d0b38c770ed4ffee1196cb8d,1603,0o644,ui-or-product,authoritative,src/www/app/clipboard.ts,.ts,PR232-F00318;PR232-M0041,fresh-byte-reverified-and-context-reviewed,reviewed-target-fit,Exhaustive per-file accountability; focused semantic rows retained when independently meaningful.
outline-client,src/www/app/cordova_main.ts,5864b2970dc1a13767ba0c34bf7d2fe01b7002062c3fe226016f3448326db752,6435,0o644,ui-or-product,authoritative,src/www/app/cordova_main.ts,.ts,PR232-F00319;PR232-M0042,fresh-byte-reverified-and-context-reviewed,reviewed-target-fit,Exhaustive per-file accountability; focused semantic rows retained when independently meaningful.
outline-client,src/www/app/electron_main.ts,1f5c3b6ec7b9af227bf3558982ca5a17bd05f5826b51563450cd5e4c099558cd,4217,0o644,ui-or-product,authoritative,src/www/app/electron_main.ts,.ts,PR232-F00320;PR232-M0043,fresh-byte-reverified-and-context-reviewed,reviewed-target-fit,Exhaustive per-file accountability; focused semantic rows retained when independently meaningful.
outline-client,src/www/app/electron_outline_tunnel.ts,a9b68aade47599c18ff0cdb39b069943ccd06efb5797ba091cb221e8b7da45f2,2625,0o644,ui-or-product,authoritative,src/www/app/electron_outline_tunnel.ts,.ts,PR232-F00321;PR232-M0044,fresh-byte-reverified-and-context-reviewed,reviewed-target-fit,Exhaustive per-file accountability; focused semantic rows retained when independently meaningful.
outline-client,src/www/app/environment.ts,7e061e662505e5f61e1009343a2c3b2ab53517815370d492c025f5aad5f35641,1287,0o644,ui-or-product,authoritative,src/www/app/environment.ts,.ts,PR232-F00322;PR232-M0045,fresh-byte-reverified-and-context-reviewed,reviewed-target-fit,Exhaustive per-file accountability; focused semantic rows retained when independently meaningful.
outline-client,src/www/app/error_reporter.ts,5775a2389b74ead37818b73179ee86f8fb147cc41489e7ac51fa22b2b655a716,3060,0o644,ui-or-product,authoritative,src/www/app/error_reporter.ts,.ts,PR232-F00323;PR232-M0046,fresh-byte-reverified-and-context-reviewed,reviewed-target-fit,Exhaustive per-file accountability; focused semantic rows retained when independently meaningful.
outline-client,src/www/app/fake_tunnel.ts,a485ce916b42c214939d3f5ae2971537c0258dab5b06fcb915dad3945f3f3512,1934,0o644,ui-or-product,authoritative,src/www/app/fake_tunnel.ts,.ts,PR232-F00324;PR232-M0047,fresh-byte-reverified-and-context-reviewed,reviewed-target-fit,Exhaustive per-file accountability; focused semantic rows retained when independently meaningful.
outline-client,src/www/app/main.ts,8e14f56340b615212239fb622b8a874ab0c7f75c13332679cea78b3e91a54fcd,4703,0o644,ui-or-product,authoritative,src/www/app/main.ts,.ts,PR232-F00325;PR232-M0048,fresh-byte-reverified-and-context-reviewed,reviewed-target-fit,Exhaustive per-file accountability; focused semantic rows retained when independently meaningful.
outline-client,src/www/app/outline_server_repository/access_key_serialization.ts,0e04c70a60cdb04fc3470ccc673f3ff0470bb5cec85989b5078cfa2087a82c22,2826,0o644,ui-or-product,authoritative,src/www/app/outline_server_repository,.ts,PR232-F00326;PR232-M0049;PR232-S022;PR232-S024;PR232-S025,fresh-byte-reverified-and-context-reviewed,focused-adoption-or-guardrail,Exhaustive per-file accountability; focused semantic rows retained when independently meaningful.
outline-client,src/www/app/outline_server_repository/index.ts,edf292fcc9f4afd6fa522caf306b42b2546c53d117e76296823156e5ded33960,10047,0o644,ui-or-product,authoritative,src/www/app/outline_server_repository,.ts,PR232-F00327;PR232-M0049;PR232-S027,fresh-byte-reverified-and-context-reviewed,focused-adoption-or-guardrail,Exhaustive per-file accountability; focused semantic rows retained when independently meaningful.
outline-client,src/www/app/outline_server_repository/outline_server_repository.spec.ts,0be318169b154fe6ebc03203d82bf9e0b9bc06723926e244c12f4b3306a324c3,13989,0o644,test,authoritative,src/www/app/outline_server_repository,.ts,PR232-F00328;PR232-M0049,fresh-byte-reverified-and-context-reviewed,reviewed-target-fit,Exhaustive per-file accountability; focused semantic rows retained when independently meaningful.
outline-client,src/www/app/outline_server_repository/server.ts,703343183b014104d5a8baa69f749b64b13bdb9d946d387127f49e3bb4472bd3,4221,0o644,ui-or-product,authoritative,src/www/app/outline_server_repository,.ts,PR232-F00329;PR232-M0049,fresh-byte-reverified-and-context-reviewed,reviewed-target-fit,Exhaustive per-file accountability; focused semantic rows retained when independently meaningful.
outline-client,src/www/app/platform.ts,1bfd9d5da64978535a19a5d450c239571cfa890e331871970c04aa661ec76c67,1693,0o644,ui-or-product,authoritative,src/www/app/platform.ts,.ts,PR232-F00330;PR232-M0050,fresh-byte-reverified-and-context-reviewed,reviewed-target-fit,Exhaustive per-file accountability; focused semantic rows retained when independently meaningful.
outline-client,src/www/app/settings.spec.ts,1369a82b2307b0ce81273d66bbc2457794a1da45280b0cd7f3ae5367a0c189fc,3229,0o644,test,authoritative,src/www/app/settings.spec.ts,.ts,PR232-F00331;PR232-M0051,fresh-byte-reverified-and-context-reviewed,reviewed-target-fit,Exhaustive per-file accountability; focused semantic rows retained when independently meaningful.
outline-client,src/www/app/settings.ts,cb3859631e97483a43051d10c75141821ea6565c1f80ae258325d5543f35d687,2400,0o644,ui-or-product,authoritative,src/www/app/settings.ts,.ts,PR232-F00332;PR232-M0052,fresh-byte-reverified-and-context-reviewed,reviewed-target-fit,Exhaustive per-file accountability; focused semantic rows retained when independently meaningful.
outline-client,src/www/app/tunnel.ts,4b1cad72aae44603f523169893e74f5fad316cf53a31f6eb169ef3eb8f7ca206,1777,0o644,ui-or-product,authoritative,src/www/app/tunnel.ts,.ts,PR232-F00333;PR232-M0053;PR232-S026,fresh-byte-reverified-and-context-reviewed,focused-adoption-or-guardrail,Exhaustive per-file accountability; focused semantic rows retained when independently meaningful.
outline-client,src/www/app/updater.ts,714ea944bf36de98f358f13e2a37ae3138962f1275bfabed0dedd437d6208c88,1033,0o644,ui-or-product,authoritative,src/www/app/updater.ts,.ts,PR232-F00334;PR232-M0054,fresh-byte-reverified-and-context-reviewed,reviewed-target-fit,Exhaustive per-file accountability; focused semantic rows retained when independently meaningful.
outline-client,src/www/app/url_interceptor.ts,1bfec4629ff2d5dc69903e02d5dd62b83deb933a87aba3a2c504ad87b4c1398f,1962,0o644,ui-or-product,authoritative,src/www/app/url_interceptor.ts,.ts,PR232-F00335;PR232-M0055,fresh-byte-reverified-and-context-reviewed,reviewed-target-fit,Exhaustive per-file accountability; focused semantic rows retained when independently meaningful.
outline-client,src/www/app/vpn_installer.ts,95a7b50b070f04d0adb63bd492f6bb1abaac528319643462b680f9b4b5c94209,972,0o644,ui-or-product,authoritative,src/www/app/vpn_installer.ts,.ts,PR232-F00336;PR232-M0056,fresh-byte-reverified-and-context-reviewed,reviewed-target-fit,Exhaustive per-file accountability; focused semantic rows retained when independently meaningful.
outline-client,src/www/assets/brand-logo.png,df81bc911d36d8e312ffe91f8cc7102adbaaff1eae86d8c4adb3ebc7a1c0f154,4138,0o644,media,derived,src/www/assets/brand-logo.png,.png,PR232-F00337;PR232-M0057,fresh-byte-reverified-and-context-reviewed,accounted-reference,Exhaustive per-file accountability; focused semantic rows retained when independently meaningful.
outline-client,src/www/assets/circle.png,e118a5cc3ace9312e7dd763a8ea25d66155e45f9d8a565f72e31c060543e033a,41918,0o644,media,derived,src/www/assets/circle.png,.png,PR232-F00338;PR232-M0058,fresh-byte-reverified-and-context-reviewed,accounted-reference,Exhaustive per-file accountability; focused semantic rows retained when independently meaningful.
outline-client,src/www/assets/icons/about.png,e2bf5246cf64647fc508aa064b04857f12fc0df30752d2244420f6fa9aa34737,1699,0o644,media,derived,src/www/assets/icons,.png,PR232-F00339;PR232-M0059,fresh-byte-reverified-and-context-reviewed,accounted-reference,Exhaustive per-file accountability; focused semantic rows retained when independently meaningful.
outline-client,src/www/assets/icons/add.png,7231a6beed5a1c9bbf7247bf41b644e51f8bba4ab5de887ed4ea392a526fc845,863,0o644,media,derived,src/www/assets/icons,.png,PR232-F00340;PR232-M0059,fresh-byte-reverified-and-context-reviewed,accounted-reference,Exhaustive per-file accountability; focused semantic rows retained when independently meaningful.
outline-client,src/www/assets/icons/back.png,af1d12fb70150dcab975ad00225d57a765779fc69c2219ecf46fca46b557bd17,1107,0o644,media,derived,src/www/assets/icons,.png,PR232-F00341;PR232-M0059,fresh-byte-reverified-and-context-reviewed,accounted-reference,Exhaustive per-file accountability; focused semantic rows retained when independently meaningful.
outline-client,src/www/assets/icons/change_language.png,7e18cf186bc4af69f6129a8234a677b850298d151c6e5265b075cef0f5444541,2193,0o644,media,derived,src/www/assets/icons,.png,PR232-F00342;PR232-M0059,fresh-byte-reverified-and-context-reviewed,accounted-reference,Exhaustive per-file accountability; focused semantic rows retained when independently meaningful.
outline-client,src/www/assets/icons/feedback.png,2e59088448f91cc16287369aac2a8fcc5e5ebd13a97dd5a0c1a58c72d3533653,1241,0o644,media,derived,src/www/assets/icons,.png,PR232-F00343;PR232-M0059,fresh-byte-reverified-and-context-reviewed,accounted-reference,Exhaustive per-file accountability; focused semantic rows retained when independently meaningful.
outline-client,src/www/assets/icons/help.png,d9c27b91de4cfad5d59174f6a63b078a8420c274727fd5e7ca833c8dac27868c,1950,0o644,media,derived,src/www/assets/icons,.png,PR232-F00344;PR232-M0059,fresh-byte-reverified-and-context-reviewed,accounted-reference,Exhaustive per-file accountability; focused semantic rows retained when independently meaningful.
outline-client,src/www/assets/icons/menu.png,f95008d6ccd6bffb39f0b7dd86d2b6232025547f60ea630a11192b010a033e3d,800,0o644,media,derived,src/www/assets/icons,.png,PR232-F00345;PR232-M0059,fresh-byte-reverified-and-context-reviewed,accounted-reference,Exhaustive per-file accountability; focused semantic rows retained when independently meaningful.
outline-client,src/www/assets/icons/outline.png,ecdd0fcafc860858a0a0d5456b3acd27fb7c16619657f819f9d99cd0404c037b,2436,0o644,media,derived,src/www/assets/icons,.png,PR232-F00346;PR232-M0059,fresh-byte-reverified-and-context-reviewed,accounted-reference,Exhaustive per-file accountability; focused semantic rows retained when independently meaningful.
outline-client,src/www/assets/icons/quit.png,634311b6afa7254419c28c53ac89a41ab9eefa6bdb8dc5f828d8612fe367e949,1965,0o644,media,derived,src/www/assets/icons,.png,PR232-F00347;PR232-M0059,fresh-byte-reverified-and-context-reviewed,accounted-reference,Exhaustive per-file accountability; focused semantic rows retained when independently meaningful.
outline-client,src/www/assets/jigsaw-logo.png,0083795332c70229c888dc6865e3f4950291d38f8040b66c1d6628d1e0d8925b,2281,0o644,media,derived,src/www/assets/jigsaw-logo.png,.png,PR232-F00348;PR232-M0060,fresh-byte-reverified-and-context-reviewed,accounted-reference,Exhaustive per-file accountability; focused semantic rows retained when independently meaningful.
outline-client,src/www/assets/jigsaw-logo.svg,c46cb12c8b96063afe89ca50f5978e6694a0be631d6360aa18c74b502f8a9b4c,1841,0o755,media,derived,src/www/assets/jigsaw-logo.svg,.svg,PR232-F00349;PR232-M0061,fresh-byte-reverified-and-context-reviewed,accounted-reference,Exhaustive per-file accountability; focused semantic rows retained when independently meaningful.
outline-client,src/www/assets/logo-nav.png,de7afdce45007acb6228dbfa90444126a0ac1f8d9f5dd9be1c4f9c3b405f8fa8,3240,0o644,media,derived,src/www/assets/logo-nav.png,.png,PR232-F00350;PR232-M0062,fresh-byte-reverified-and-context-reviewed,accounted-reference,Exhaustive per-file accountability; focused semantic rows retained when independently meaningful.
outline-client,src/www/assets/material_icons.woff2,a0978f671b02b5ee230224a367e1b53c3f4f1bc6627a03dfc50359d0b5d40e1d,127500,0o644,media,derived,src/www/assets/material_icons.woff2,.woff2,PR232-F00351;PR232-M0063,fresh-byte-reverified-and-context-reviewed,accounted-reference,Exhaustive per-file accountability; focused semantic rows retained when independently meaningful.
outline-client,src/www/assets/outline-client-logo.png,a57601f3c242118d3572a7296848525a6ec1d251374abd316130a518bf79a20b,937,0o644,media,derived,src/www/assets/outline-client-logo.png,.png,PR232-F00352;PR232-M0064,fresh-byte-reverified-and-context-reviewed,accounted-reference,Exhaustive per-file accountability; focused semantic rows retained when independently meaningful.
outline-client,src/www/assets/outline-client-logo.svg,4311f5ca83b25f2301d3849dbbbb099177b71778762ce69336d88792e4fa68cb,2007,0o644,media,derived,src/www/assets/outline-client-logo.svg,.svg,PR232-F00353;PR232-M0065,fresh-byte-reverified-and-context-reviewed,accounted-reference,Exhaustive per-file accountability; focused semantic rows retained when independently meaningful.
outline-client,src/www/assets/privacy-lock.png,24a29f9b9aa7246ee6f8907741cdc0b6f51279515462301b620f6dc57e4ce8f3,32285,0o644,media,derived,src/www/assets/privacy-lock.png,.png,PR232-F00354;PR232-M0066,fresh-byte-reverified-and-context-reviewed,accounted-reference,Exhaustive per-file accountability; focused semantic rows retained when independently meaningful.
outline-client,src/www/build.action.mjs,6fc66e08c9754c685d96f8831bc6d0c3f6c305d73602115c6660d7b34a2c07a8,2348,0o644,operational,authoritative,src/www/build.action.mjs,.mjs,PR232-F00355;PR232-M0067,fresh-byte-reverified-and-context-reviewed,accounted-reference,Exhaustive per-file accountability; focused semantic rows retained when independently meaningful.
outline-client,src/www/favicon.ico,244a0de38fa634208bc7d2391b0577cf82c91c656097812160daa61c2cdf21e5,16958,0o644,media,derived,src/www/favicon.ico,.ico,PR232-F00356;PR232-M0068,fresh-byte-reverified-and-context-reviewed,accounted-reference,Exhaustive per-file accountability; focused semantic rows retained when independently meaningful.
outline-client,src/www/get_browser_webpack_config.mjs,44810f9b146993889535c3436926720df32299ef90e99b2900b99fc8ddc6c90d,1321,0o644,operational,authoritative,src/www/get_browser_webpack_config.mjs,.mjs,PR232-F00357;PR232-M0069,fresh-byte-reverified-and-context-reviewed,accounted-reference,Exhaustive per-file accountability; focused semantic rows retained when independently meaningful.
outline-client,src/www/index_cordova.html,481f31848c8a196afa9591f35a5d2df62d3d677bc14aef7afd40daa484bca61a,1146,0o644,operational,authoritative,src/www/index_cordova.html,.html,PR232-F00358;PR232-M0070,fresh-byte-reverified-and-context-reviewed,accounted-reference,Exhaustive per-file accountability; focused semantic rows retained when independently meaningful.
outline-client,src/www/index_electron.html,817f375b92d1364a4ba3c807f13c3dd8647ad95d826b2983fc4b64a08c02c6eb,1112,0o644,operational,authoritative,src/www/index_electron.html,.html,PR232-F00359;PR232-M0071,fresh-byte-reverified-and-context-reviewed,accounted-reference,Exhaustive per-file accountability; focused semantic rows retained when independently meaningful.
outline-client,src/www/karma.conf.js,3a5584190144129cf643b20115bcf06d8d4b6636e554245c54448d1d03b863f0,1200,0o644,ui-or-product,authoritative,src/www/karma.conf.js,.js,PR232-F00360;PR232-M0072,fresh-byte-reverified-and-context-reviewed,reviewed-target-fit,Exhaustive per-file accountability; focused semantic rows retained when independently meaningful.
outline-client,src/www/messages/af.json,a35f8c30dd47bc6fbbb3209b0452fe46d057f0173da687d53a39c018bcf6826c,7711,0o644,configuration,authoritative,src/www/messages/af.json,.json,PR232-F00361;PR232-M0073,fresh-byte-reverified-and-context-reviewed,reviewed-target-fit,Exhaustive per-file accountability; focused semantic rows retained when independently meaningful.
outline-client,src/www/messages/am.json,92b7278d8b480a9b2d4f861741dcafbc8540f7c3ed606ee8fabaedbf576a32f4,10661,0o644,configuration,authoritative,src/www/messages/am.json,.json,PR232-F00362;PR232-M0074,fresh-byte-reverified-and-context-reviewed,reviewed-target-fit,Exhaustive per-file accountability; focused semantic rows retained when independently meaningful.
outline-client,src/www/messages/ar.json,0b8f857255dc6ac031aa47871f38fc51e740e42f93874d2b1f812f9b819e297e,10270,0o644,configuration,authoritative,src/www/messages/ar.json,.json,PR232-F00363;PR232-M0075,fresh-byte-reverified-and-context-reviewed,reviewed-target-fit,Exhaustive per-file accountability; focused semantic rows retained when independently meaningful.
outline-client,src/www/messages/az.json,e6dbff893180eadfd797733d7fc56100d92dc3ccef78de6a6667172d83696703,8066,0o644,configuration,authoritative,src/www/messages/az.json,.json,PR232-F00364;PR232-M0076,fresh-byte-reverified-and-context-reviewed,reviewed-target-fit,Exhaustive per-file accountability; focused semantic rows retained when independently meaningful.
outline-client,src/www/messages/bg.json,66be6dd7f3e4e460dfcc7c76ec100a62ad51f739d58527512c57e647ec1f62cb,11558,0o644,configuration,authoritative,src/www/messages/bg.json,.json,PR232-F00365;PR232-M0077,fresh-byte-reverified-and-context-reviewed,reviewed-target-fit,Exhaustive per-file accountability; focused semantic rows retained when independently meaningful.
outline-client,src/www/messages/bn.json,bfdaa5d4bf271c33f5679e0ed04f1ee62f56f378e4f44f23cc12a54692eac501,14544,0o644,configuration,authoritative,src/www/messages/bn.json,.json,PR232-F00366;PR232-M0078,fresh-byte-reverified-and-context-reviewed,reviewed-target-fit,Exhaustive per-file accountability; focused semantic rows retained when independently meaningful.
outline-client,src/www/messages/bs.json,62b144f1ef092b55e855d53b1b8acc7e1e4a143237060af75ea90968bde06366,7863,0o644,configuration,authoritative,src/www/messages/bs.json,.json,PR232-F00367;PR232-M0079,fresh-byte-reverified-and-context-reviewed,reviewed-target-fit,Exhaustive per-file accountability; focused semantic rows retained when independently meaningful.
outline-client,src/www/messages/ca.json,a717fe96a3982f8d90ded07e55c9b12136ba12583a18bebafade2ffbd66c8982,7919,0o644,configuration,authoritative,src/www/messages/ca.json,.json,PR232-F00368;PR232-M0080,fresh-byte-reverified-and-context-reviewed,reviewed-target-fit,Exhaustive per-file accountability; focused semantic rows retained when independently meaningful.
outline-client,src/www/messages/cs.json,a1675a7f8095c3414c8cccd0a6b0d37c2ac53711ee4504686b9389e755d24032,7989,0o644,configuration,authoritative,src/www/messages/cs.json,.json,PR232-F00369;PR232-M0081,fresh-byte-reverified-and-context-reviewed,reviewed-target-fit,Exhaustive per-file accountability; focused semantic rows retained when independently meaningful.
outline-client,src/www/messages/da.json,37a757d33aacc86ca2fc76c9e6db1a3007e0e2cf6be37cf17e37966e990a6584,7871,0o644,configuration,authoritative,src/www/messages/da.json,.json,PR232-F00370;PR232-M0082,fresh-byte-reverified-and-context-reviewed,reviewed-target-fit,Exhaustive per-file accountability; focused semantic rows retained when independently meaningful.
outline-client,src/www/messages/de.json,7a60ed48910fd71eb9b7133ccc4723f4561ca2bd73365c068f3be4cb63c3c798,8398,0o644,configuration,authoritative,src/www/messages/de.json,.json,PR232-F00371;PR232-M0083,fresh-byte-reverified-and-context-reviewed,reviewed-target-fit,Exhaustive per-file accountability; focused semantic rows retained when independently meaningful.
outline-client,src/www/messages/el.json,24571a67ef31a16151bd7c93c30227aa53ea8867e41e91cbfc0b598765ebaae8,12547,0o644,configuration,authoritative,src/www/messages/el.json,.json,PR232-F00372;PR232-M0084,fresh-byte-reverified-and-context-reviewed,reviewed-target-fit,Exhaustive per-file accountability; focused semantic rows retained when independently meaningful.
outline-client,src/www/messages/en-GB.json,6a4954c6931f227b89a9e673eede6316bb8dc835b6e29da1f80e6c0ec94ce15b,7272,0o644,configuration,authoritative,src/www/messages/en-GB.json,.json,PR232-F00373;PR232-M0085,fresh-byte-reverified-and-context-reviewed,reviewed-target-fit,Exhaustive per-file accountability; focused semantic rows retained when independently meaningful.
outline-client,src/www/messages/en.json,2e18f0f330f0029dfa853b2a4179fb00cc8a9cab6f639c5c64f4994ca3f37205,8310,0o644,configuration,authoritative,src/www/messages/en.json,.json,PR232-F00374;PR232-M0086,fresh-byte-reverified-and-context-reviewed,reviewed-target-fit,Exhaustive per-file accountability; focused semantic rows retained when independently meaningful.
outline-client,src/www/messages/es-419.json,12f19ed1d5d9dae9bf4b754658ce3039eb2539ace967dbee3a0f1fb192132cfe,8041,0o644,configuration,authoritative,src/www/messages/es-419.json,.json,PR232-F00375;PR232-M0087,fresh-byte-reverified-and-context-reviewed,reviewed-target-fit,Exhaustive per-file accountability; focused semantic rows retained when independently meaningful.
outline-client,src/www/messages/es.json,9832511768e8801fc9cf222be36b187d661232547d7a2e48699333692c2cceed,8014,0o644,configuration,authoritative,src/www/messages/es.json,.json,PR232-F00376;PR232-M0088,fresh-byte-reverified-and-context-reviewed,reviewed-target-fit,Exhaustive per-file accountability; focused semantic rows retained when independently meaningful.
outline-client,src/www/messages/et.json,de2b8fdec52148e7219811b718e2c88acd9947912a5eed6646830f1b5db072cf,7524,0o644,configuration,authoritative,src/www/messages/et.json,.json,PR232-F00377;PR232-M0089,fresh-byte-reverified-and-context-reviewed,reviewed-target-fit,Exhaustive per-file accountability; focused semantic rows retained when independently meaningful.
outline-client,src/www/messages/fa.json,f5abf30ec86f8619271838f674ba54b256fdd1a65a34fd2bbc19b27562673925,11279,0o644,configuration,authoritative,src/www/messages/fa.json,.json,PR232-F00378;PR232-M0090,fresh-byte-reverified-and-context-reviewed,reviewed-target-fit,Exhaustive per-file accountability; focused semantic rows retained when independently meaningful.
outline-client,src/www/messages/fi.json,2bcb883944c90c0524491c0a7bfbc48ac319c5fadc8f5bf8daa54fc3a66b117b,7708,0o644,configuration,authoritative,src/www/messages/fi.json,.json,PR232-F00379;PR232-M0091,fresh-byte-reverified-and-context-reviewed,reviewed-target-fit,Exhaustive per-file accountability; focused semantic rows retained when independently meaningful.
outline-client,src/www/messages/fil.json,72aab639706351fe8a7ca154fa52619ca26975f49454569b34b4d2c925739001,8027,0o644,configuration,authoritative,src/www/messages/fil.json,.json,PR232-F00380;PR232-M0092,fresh-byte-reverified-and-context-reviewed,reviewed-target-fit,Exhaustive per-file accountability; focused semantic rows retained when independently meaningful.
outline-client,src/www/messages/fr.json,4cb7c880ee6e379f05fee17a2ab51deb60f65d5058a55a02e118ffbce2b38389,8263,0o644,configuration,authoritative,src/www/messages/fr.json,.json,PR232-F00381;PR232-M0093,fresh-byte-reverified-and-context-reviewed,reviewed-target-fit,Exhaustive per-file accountability; focused semantic rows retained when independently meaningful.
outline-client,src/www/messages/he.json,a55ef0b001b63692c384e1806afcacb854c69b7dfd718caf84e9eeffc3543062,8719,0o644,configuration,authoritative,src/www/messages/he.json,.json,PR232-F00382;PR232-M0094,fresh-byte-reverified-and-context-reviewed,reviewed-target-fit,Exhaustive per-file accountability; focused semantic rows retained when independently meaningful.
outline-client,src/www/messages/hi.json,c97029dc0015d4e7596b9a594dba27aaee13fe3c44cd21e91fde72523ca6dbc4,14881,0o644,configuration,authoritative,src/www/messages/hi.json,.json,PR232-F00383;PR232-M0095,fresh-byte-reverified-and-context-reviewed,reviewed-target-fit,Exhaustive per-file accountability; focused semantic rows retained when independently meaningful.
outline-client,src/www/messages/hr.json,031adca77118ff29e134c762ba667640eca3036a4ab1a49c5e144d1253c93d55,8080,0o644,configuration,authoritative,src/www/messages/hr.json,.json,PR232-F00384;PR232-M0096,fresh-byte-reverified-and-context-reviewed,reviewed-target-fit,Exhaustive per-file accountability; focused semantic rows retained when independently meaningful.
outline-client,src/www/messages/hu.json,671c452fb6c8153e694d5e7508293dc0305c0096687bd2e49a4b9a919ee072a3,8516,0o644,configuration,authoritative,src/www/messages/hu.json,.json,PR232-F00385;PR232-M0097,fresh-byte-reverified-and-context-reviewed,reviewed-target-fit,Exhaustive per-file accountability; focused semantic rows retained when independently meaningful.
outline-client,src/www/messages/hy.json,348601eabf9312f95ea3ccc0165c56ec6ecf11ee27b6a68ad05ede677af2a022,10885,0o644,configuration,authoritative,src/www/messages/hy.json,.json,PR232-F00386;PR232-M0098,fresh-byte-reverified-and-context-reviewed,reviewed-target-fit,Exhaustive per-file accountability; focused semantic rows retained when independently meaningful.
outline-client,src/www/messages/id.json,f04ed24e50d23dd49183c0b88a9f5c3617ebb2c51f48f6ce7aff4496b38d8067,7658,0o644,configuration,authoritative,src/www/messages/id.json,.json,PR232-F00387;PR232-M0099,fresh-byte-reverified-and-context-reviewed,reviewed-target-fit,Exhaustive per-file accountability; focused semantic rows retained when independently meaningful.
outline-client,src/www/messages/is.json,ac6dc22295724e78807c465e6f9ca06de0aecec6a78057aeb0349360d58d4a5a,7845,0o644,configuration,authoritative,src/www/messages/is.json,.json,PR232-F00388;PR232-M0100,fresh-byte-reverified-and-context-reviewed,reviewed-target-fit,Exhaustive per-file accountability; focused semantic rows retained when independently meaningful.
outline-client,src/www/messages/it.json,855be2012f4ad434fa1fec0724e3796239b0099791bfe517be0bbdb1c01784b8,7906,0o644,configuration,authoritative,src/www/messages/it.json,.json,PR232-F00389;PR232-M0101,fresh-byte-reverified-and-context-reviewed,reviewed-target-fit,Exhaustive per-file accountability; focused semantic rows retained when independently meaningful.
outline-client,src/www/messages/ja.json,76aa641c73579acf96a6b4dbf7e89bd7bee903d91ce47172fa008b6795c22f36,9629,0o644,configuration,authoritative,src/www/messages/ja.json,.json,PR232-F00390;PR232-M0102,fresh-byte-reverified-and-context-reviewed,reviewed-target-fit,Exhaustive per-file accountability; focused semantic rows retained when independently meaningful.
outline-client,src/www/messages/ka.json,88009d3ac14ba8b18e3a5accea5a67a0561eb0839c18c6c9dfaa227f25a56986,16169,0o644,configuration,authoritative,src/www/messages/ka.json,.json,PR232-F00391;PR232-M0103,fresh-byte-reverified-and-context-reviewed,reviewed-target-fit,Exhaustive per-file accountability; focused semantic rows retained when independently meaningful.
outline-client,src/www/messages/kk.json,37a044f818a334f63502e79e7b4497f27b21e4b67b01073c390b0e8377415b38,10673,0o644,configuration,authoritative,src/www/messages/kk.json,.json,PR232-F00392;PR232-M0104,fresh-byte-reverified-and-context-reviewed,reviewed-target-fit,Exhaustive per-file accountability; focused semantic rows retained when independently meaningful.
outline-client,src/www/messages/km.json,5e66a67776d96f9950c1d39b4a52df98cd9ba960bd5cd50a973d18de0a79c809,16783,0o644,configuration,authoritative,src/www/messages/km.json,.json,PR232-F00393;PR232-M0105,fresh-byte-reverified-and-context-reviewed,reviewed-target-fit,Exhaustive per-file accountability; focused semantic rows retained when independently meaningful.
outline-client,src/www/messages/ko.json,a3b2b7e28bd62310e7ea0da899ff2c5b052b0f9307f37d8085cc2b287c6aeb57,8435,0o644,configuration,authoritative,src/www/messages/ko.json,.json,PR232-F00394;PR232-M0106,fresh-byte-reverified-and-context-reviewed,reviewed-target-fit,Exhaustive per-file accountability; focused semantic rows retained when independently meaningful.
outline-client,src/www/messages/lo.json,784fd0023542280491e62e007d96331de428ab020cead4650471898c16b0905e,14920,0o644,configuration,authoritative,src/www/messages/lo.json,.json,PR232-F00395;PR232-M0107,fresh-byte-reverified-and-context-reviewed,reviewed-target-fit,Exhaustive per-file accountability; focused semantic rows retained when independently meaningful.
outline-client,src/www/messages/lt.json,1c48de73742aad2dbd3b2f055c346b0919b4b2fa48d25ada73b55b69221f21c9,8097,0o644,configuration,authoritative,src/www/messages/lt.json,.json,PR232-F00396;PR232-M0108,fresh-byte-reverified-and-context-reviewed,reviewed-target-fit,Exhaustive per-file accountability; focused semantic rows retained when independently meaningful.
outline-client,src/www/messages/lv.json,b62175a7c8ac380888160d325bbfcbc2e8fb67285047d2c0fc857c40df27e299,8840,0o644,configuration,authoritative,src/www/messages/lv.json,.json,PR232-F00397;PR232-M0109,fresh-byte-reverified-and-context-reviewed,reviewed-target-fit,Exhaustive per-file accountability; focused semantic rows retained when independently meaningful.
outline-client,src/www/messages/mk.json,625915f7ded87053029e99aa194af498a0b095dbf8f9aad4efa26ea12475e7f3,11642,0o644,configuration,authoritative,src/www/messages/mk.json,.json,PR232-F00398;PR232-M0110,fresh-byte-reverified-and-context-reviewed,reviewed-target-fit,Exhaustive per-file accountability; focused semantic rows retained when independently meaningful.
outline-client,src/www/messages/mn.json,f67fd7634084d9b26be9a7e8a171e028633a32b1b3c594dd352c072db38ed386,11506,0o644,configuration,authoritative,src/www/messages/mn.json,.json,PR232-F00399;PR232-M0111,fresh-byte-reverified-and-context-reviewed,reviewed-target-fit,Exhaustive per-file accountability; focused semantic rows retained when independently meaningful.
outline-client,src/www/messages/mr.json,01a1575f0a88306abdbae0ca60d152eb437488617d7f59079a3cfaefcbf1d7b9,14781,0o644,configuration,authoritative,src/www/messages/mr.json,.json,PR232-F00400;PR232-M0112,fresh-byte-reverified-and-context-reviewed,reviewed-target-fit,Exhaustive per-file accountability; focused semantic rows retained when independently meaningful.
outline-client,src/www/messages/ms.json,d62599ea640335ebbb9009fe52b5cd308984514ee850b6661bc294ca59b90865,8022,0o644,configuration,authoritative,src/www/messages/ms.json,.json,PR232-F00401;PR232-M0113,fresh-byte-reverified-and-context-reviewed,reviewed-target-fit,Exhaustive per-file accountability; focused semantic rows retained when independently meaningful.
outline-client,src/www/messages/my.json,f0d3c8bf6b7715e106bf15cd176c0656a739ff19d69dd5120f40b4f1917903b5,15549,0o644,configuration,authoritative,src/www/messages/my.json,.json,PR232-F00402;PR232-M0114,fresh-byte-reverified-and-context-reviewed,reviewed-target-fit,Exhaustive per-file accountability; focused semantic rows retained when independently meaningful.
outline-client,src/www/messages/ne.json,db7e2c8d2b8c33d1481dd93965cc2c44f1bd7aa8b2c5ae636e81b3d62062eef7,16079,0o644,configuration,authoritative,src/www/messages/ne.json,.json,PR232-F00403;PR232-M0115,fresh-byte-reverified-and-context-reviewed,reviewed-target-fit,Exhaustive per-file accountability; focused semantic rows retained when independently meaningful.
outline-client,src/www/messages/nl.json,9e9390ae722adff13ae6ff4754a19b607665ef7c41ebb0cdb2e51700d0c152b0,7787,0o644,configuration,authoritative,src/www/messages/nl.json,.json,PR232-F00404;PR232-M0116,fresh-byte-reverified-and-context-reviewed,reviewed-target-fit,Exhaustive per-file accountability; focused semantic rows retained when independently meaningful.
outline-client,src/www/messages/no.json,021beff0b865dcdf064aa86a5b4d6da5ebfd247c4116a9ab840f3f6c39b286dc,7805,0o644,configuration,authoritative,src/www/messages/no.json,.json,PR232-F00405;PR232-M0117,fresh-byte-reverified-and-context-reviewed,reviewed-target-fit,Exhaustive per-file accountability; focused semantic rows retained when independently meaningful.
outline-client,src/www/messages/pl.json,9e97a92876d4ab46b6b51c65cfe97f947fe2d1aac22a7fc51012eefc09c5f84f,7863,0o644,configuration,authoritative,src/www/messages/pl.json,.json,PR232-F00406;PR232-M0118,fresh-byte-reverified-and-context-reviewed,reviewed-target-fit,Exhaustive per-file accountability; focused semantic rows retained when independently meaningful.
outline-client,src/www/messages/pt-BR.json,d7b5d58431a72c54eeef82c53a69b3d933bab03f48d1bf68fe546fc87e81dbf7,7560,0o644,configuration,authoritative,src/www/messages/pt-BR.json,.json,PR232-F00407;PR232-M0119,fresh-byte-reverified-and-context-reviewed,reviewed-target-fit,Exhaustive per-file accountability; focused semantic rows retained when independently meaningful.
outline-client,src/www/messages/pt-PT.json,231747b139dcaaa488789c216cd6eb1e36176e5eafb32ef783d78ff59ffd574c,8075,0o644,configuration,authoritative,src/www/messages/pt-PT.json,.json,PR232-F00408;PR232-M0120,fresh-byte-reverified-and-context-reviewed,reviewed-target-fit,Exhaustive per-file accountability; focused semantic rows retained when independently meaningful.
outline-client,src/www/messages/ro.json,e4803400040cdc15aaa9ce14be0875c3e311a9fa42d1f78bf5af994bcc16b9a3,8173,0o644,configuration,authoritative,src/www/messages/ro.json,.json,PR232-F00409;PR232-M0121,fresh-byte-reverified-and-context-reviewed,reviewed-target-fit,Exhaustive per-file accountability; focused semantic rows retained when independently meaningful.
outline-client,src/www/messages/ru.json,73b199b15005e627ba56335a3d5cf65b9f39e796407e1e1ca2c96fbb75e9f559,10935,0o644,configuration,authoritative,src/www/messages/ru.json,.json,PR232-F00410;PR232-M0122,fresh-byte-reverified-and-context-reviewed,reviewed-target-fit,Exhaustive per-file accountability; focused semantic rows retained when independently meaningful.
outline-client,src/www/messages/si.json,830f81a718445b623b276a48939e3f1ae7345e50fd92fe4a1e3a6658524a0580,14523,0o644,configuration,authoritative,src/www/messages/si.json,.json,PR232-F00411;PR232-M0123,fresh-byte-reverified-and-context-reviewed,reviewed-target-fit,Exhaustive per-file accountability; focused semantic rows retained when independently meaningful.
outline-client,src/www/messages/sk.json,afadece24acc07eaedb9bfce0141bc04b900e53db23edaa423fbe79e27b4ac65,8118,0o644,configuration,authoritative,src/www/messages/sk.json,.json,PR232-F00412;PR232-M0124,fresh-byte-reverified-and-context-reviewed,reviewed-target-fit,Exhaustive per-file accountability; focused semantic rows retained when independently meaningful.
outline-client,src/www/messages/sl.json,9765db3ae6acebd127b66ebef2df9a709775b21c07337a37a10dd76367908185,8228,0o644,configuration,authoritative,src/www/messages/sl.json,.json,PR232-F00413;PR232-M0125,fresh-byte-reverified-and-context-reviewed,reviewed-target-fit,Exhaustive per-file accountability; focused semantic rows retained when independently meaningful.
outline-client,src/www/messages/sq.json,10825a330ba85a152c6e37e0fa4b023de1fb2be32612590010435586e7b7c217,8083,0o644,configuration,authoritative,src/www/messages/sq.json,.json,PR232-F00414;PR232-M0126,fresh-byte-reverified-and-context-reviewed,reviewed-target-fit,Exhaustive per-file accountability; focused semantic rows retained when independently meaningful.
outline-client,src/www/messages/sr-Latn.json,328e9f7f00ae45662d96b9683d6483006f4f644f38f22b63750f75d123d7d18e,7759,0o644,configuration,authoritative,src/www/messages/sr-Latn.json,.json,PR232-F00415;PR232-M0127,fresh-byte-reverified-and-context-reviewed,reviewed-target-fit,Exhaustive per-file accountability; focused semantic rows retained when independently meaningful.
outline-client,src/www/messages/sr.json,620f6cd025d996c3bcc4a317dbb40243f0bba7a7473fa88717fbd413dd82a921,11028,0o644,configuration,authoritative,src/www/messages/sr.json,.json,PR232-F00416;PR232-M0128,fresh-byte-reverified-and-context-reviewed,reviewed-target-fit,Exhaustive per-file accountability; focused semantic rows retained when independently meaningful.
outline-client,src/www/messages/sv.json,49d600d6380badc5fac9d66a14241fe91879154d585a8f7731c717657e68958c,7455,0o644,configuration,authoritative,src/www/messages/sv.json,.json,PR232-F00417;PR232-M0129,fresh-byte-reverified-and-context-reviewed,reviewed-target-fit,Exhaustive per-file accountability; focused semantic rows retained when independently meaningful.
outline-client,src/www/messages/sw.json,f2b4f47b04b8ee805205f2ddf07f7ae0ac30ebe8ab167a3a6eaea364b7ea3297,7711,0o644,configuration,authoritative,src/www/messages/sw.json,.json,PR232-F00418;PR232-M0130,fresh-byte-reverified-and-context-reviewed,reviewed-target-fit,Exhaustive per-file accountability; focused semantic rows retained when independently meaningful.
outline-client,src/www/messages/ta.json,b8bb7f3417a8d3aef08669433d3fb942042210265b93c2e7d3a0d9a7e90c8b29,16054,0o644,configuration,authoritative,src/www/messages/ta.json,.json,PR232-F00419;PR232-M0131,fresh-byte-reverified-and-context-reviewed,reviewed-target-fit,Exhaustive per-file accountability; focused semantic rows retained when independently meaningful.
outline-client,src/www/messages/th.json,3f06afc89f8c9c6404068b3c6c90decf46dd3e884122dfd3ff508b9f940fbd2a,14539,0o644,configuration,authoritative,src/www/messages/th.json,.json,PR232-F00420;PR232-M0132,fresh-byte-reverified-and-context-reviewed,reviewed-target-fit,Exhaustive per-file accountability; focused semantic rows retained when independently meaningful.
outline-client,src/www/messages/tr.json,9a0bf0467d03e6504181c23f718b35d613cbdecc1b8091f8ef1f0c50a61fb28d,8372,0o644,configuration,authoritative,src/www/messages/tr.json,.json,PR232-F00421;PR232-M0133,fresh-byte-reverified-and-context-reviewed,reviewed-target-fit,Exhaustive per-file accountability; focused semantic rows retained when independently meaningful.
outline-client,src/www/messages/uk.json,ec644bea8ba075830619a3737e63f1c54d0d519737b0dd501119f218432fdb97,10946,0o644,configuration,authoritative,src/www/messages/uk.json,.json,PR232-F00422;PR232-M0134,fresh-byte-reverified-and-context-reviewed,reviewed-target-fit,Exhaustive per-file accountability; focused semantic rows retained when independently meaningful.
outline-client,src/www/messages/ur.json,cdff009e1d401cd3ffd8a3df76927c59b2fcb16be874d50f516fb0dd216a44f2,11098,0o644,configuration,authoritative,src/www/messages/ur.json,.json,PR232-F00423;PR232-M0135,fresh-byte-reverified-and-context-reviewed,reviewed-target-fit,Exhaustive per-file accountability; focused semantic rows retained when independently meaningful.
outline-client,src/www/messages/vi.json,d9bfe945db79f5ff7b57dabcfb17433ea6f4eae5cd3d7c95dc5427aaa722ecf1,9512,0o644,configuration,authoritative,src/www/messages/vi.json,.json,PR232-F00424;PR232-M0136,fresh-byte-reverified-and-context-reviewed,reviewed-target-fit,Exhaustive per-file accountability; focused semantic rows retained when independently meaningful.
outline-client,src/www/messages/zh-CN.json,a8761798c420864b4fbf282d310401c877c0a71042a876c9ab016de7ad221a67,7219,0o644,configuration,authoritative,src/www/messages/zh-CN.json,.json,PR232-F00425;PR232-M0137,fresh-byte-reverified-and-context-reviewed,reviewed-target-fit,Exhaustive per-file accountability; focused semantic rows retained when independently meaningful.
outline-client,src/www/messages/zh-TW.json,184fc2ff4201813219d08ec50c6278b7a2d03484d34cc3108d485641fc9ff734,7496,0o644,configuration,authoritative,src/www/messages/zh-TW.json,.json,PR232-F00426;PR232-M0138,fresh-byte-reverified-and-context-reviewed,reviewed-target-fit,Exhaustive per-file accountability; focused semantic rows retained when independently meaningful.
outline-client,src/www/model/errors.ts,4cd4cc32c918d3658f52462865beaab407b35591825863a2415bc190a48ae7b2,7209,0o644,ui-or-product,authoritative,src/www/model/errors.ts,.ts,PR232-F00427;PR232-M0139;PR232-S029,fresh-byte-reverified-and-context-reviewed,focused-adoption-or-guardrail,Exhaustive per-file accountability; focused semantic rows retained when independently meaningful.
outline-client,src/www/model/events.spec.ts,569312a5bb157bd8616966146d959eecd34c02d07a15f062b04ee3f9555f638d,3641,0o644,test,authoritative,src/www/model/events.spec.ts,.ts,PR232-F00428;PR232-M0140,fresh-byte-reverified-and-context-reviewed,reviewed-target-fit,Exhaustive per-file accountability; focused semantic rows retained when independently meaningful.
outline-client,src/www/model/events.ts,bb345270866e720251e280845ca6783afe4e93cce73e7d3b311c930655a04645,4010,0o644,ui-or-product,authoritative,src/www/model/events.ts,.ts,PR232-F00429;PR232-M0141;PR232-S028,fresh-byte-reverified-and-context-reviewed,focused-adoption-or-guardrail,Exhaustive per-file accountability; focused semantic rows retained when independently meaningful.
outline-client,src/www/model/server.ts,ff938974f21f932276c8c943daa63ea50d5330d9a591a1bb5110e37ff4e435ba,2278,0o644,ui-or-product,authoritative,src/www/model/server.ts,.ts,PR232-F00430;PR232-M0142,fresh-byte-reverified-and-context-reviewed,reviewed-target-fit,Exhaustive per-file accountability; focused semantic rows retained when independently meaningful.
outline-client,src/www/start.action.mjs,56c005d746337cacc1814862d0aa4857e9d4664f28ee4a7392cccb3a213ef3ce,1444,0o644,operational,authoritative,src/www/start.action.mjs,.mjs,PR232-F00431;PR232-M0143,fresh-byte-reverified-and-context-reviewed,accounted-reference,Exhaustive per-file accountability; focused semantic rows retained when independently meaningful.
outline-client,src/www/storybook.action.mjs,27af8ae37b630180cc4a36ee9576359b68f1a08fb58a71f1a447ea5428713ce3,1863,0o644,operational,authoritative,src/www/storybook.action.mjs,.mjs,PR232-F00432;PR232-M0144,fresh-byte-reverified-and-context-reviewed,accounted-reference,Exhaustive per-file accountability; focused semantic rows retained when independently meaningful.
outline-client,src/www/style.css,ce4642aa52c2d88f724be66489dff53636f7cab63dfda9310434a25f6d2df68a,2741,0o644,operational,authoritative,src/www/style.css,.css,PR232-F00433;PR232-M0145,fresh-byte-reverified-and-context-reviewed,accounted-reference,Exhaustive per-file accountability; focused semantic rows retained when independently meaningful.
outline-client,src/www/test.action.mjs,2f6e921b881ac59abf21f5964b06c180858533c48cfad39c04c7093193f19891,1547,0o644,operational,authoritative,src/www/test.action.mjs,.mjs,PR232-F00434;PR232-M0146,fresh-byte-reverified-and-context-reviewed,accounted-reference,Exhaustive per-file accountability; focused semantic rows retained when independently meaningful.
outline-client,src/www/tsconfig.json,7e71006668e278fe22f3015ae96f0c2349ffe4ab62f7552ddc70584ef5b93c42,123,0o644,configuration,authoritative,src/www/tsconfig.json,.json,PR232-F00435;PR232-M0147,fresh-byte-reverified-and-context-reviewed,reviewed-target-fit,Exhaustive per-file accountability; focused semantic rows retained when independently meaningful.
outline-client,src/www/types/clipboard.d.ts,4b04603437dc487caaf58353d245a17339b0d4ef353d10443d362f3322840c32,901,0o644,ui-or-product,authoritative,src/www/types/clipboard.d.ts,.ts,PR232-F00436;PR232-M0148,fresh-byte-reverified-and-context-reviewed,reviewed-target-fit,Exhaustive per-file accountability; focused semantic rows retained when independently meaningful.
outline-client,src/www/types/shims.d.ts,a893c8837d7b81eef2b98c364756dd26411a0f3e4f3fd2ed7dcc8ca491ddd928,68,0o644,ui-or-product,authoritative,src/www/types/shims.d.ts,.ts,PR232-F00437;PR232-M0149,fresh-byte-reverified-and-context-reviewed,reviewed-target-fit,Exhaustive per-file accountability; focused semantic rows retained when independently meaningful.
outline-client,src/www/types/webintents.d.ts,541b332da2367f57249293ad044e2335c9e5fbd2ab7f30c74772d3eed88d09eb,889,0o644,ui-or-product,authoritative,src/www/types/webintents.d.ts,.ts,PR232-F00438;PR232-M0150,fresh-byte-reverified-and-context-reviewed,reviewed-target-fit,Exhaustive per-file accountability; focused semantic rows retained when independently meaningful.
outline-client,src/www/ui_components/about-view.js,c62adfe016c00c759267854749b9a88626972bc5943ab2ac33c315ffe918aa54,3215,0o644,ui-or-product,authoritative,src/www/ui_components/about-view.js,.js,PR232-F00439;PR232-M0151,fresh-byte-reverified-and-context-reviewed,reviewed-target-fit,Exhaustive per-file accountability; focused semantic rows retained when independently meaningful.
outline-client,src/www/ui_components/add-server-view.js,b57f5ebc0e55d242cbefd7c9b089d71522098f7f66ca3ef1cc6857f2e1c8b59c,11030,0o644,ui-or-product,authoritative,src/www/ui_components/add-server-view.js,.js,PR232-F00440;PR232-M0152,fresh-byte-reverified-and-context-reviewed,reviewed-target-fit,Exhaustive per-file accountability; focused semantic rows retained when independently meaningful.
outline-client,src/www/ui_components/app-root.js,fe2a349928a6a806ca18e8860ab94aee392964d295fdea7e49d4e1c9ff698222,29231,0o644,ui-or-product,authoritative,src/www/ui_components/app-root.js,.js,PR232-F00441;PR232-M0153,fresh-byte-reverified-and-context-reviewed,reviewed-target-fit,Exhaustive per-file accountability; focused semantic rows retained when independently meaningful.
outline-client,src/www/ui_components/feedback-view.js,0add78f17489c0389f3f4c6bfd53a4ab02f7670ae9c30d0a1a93e0e9a9acc933,6494,0o644,ui-or-product,authoritative,src/www/ui_components/feedback-view.js,.js,PR232-F00442;PR232-M0154,fresh-byte-reverified-and-context-reviewed,reviewed-target-fit,Exhaustive per-file accountability; focused semantic rows retained when independently meaningful.
outline-client,src/www/ui_components/language-view.js,3dc06c210e09b463f8aa0c696dabd4ac23b882cbd005262958a0a54550106863,2896,0o644,ui-or-product,authoritative,src/www/ui_components/language-view.js,.js,PR232-F00443;PR232-M0155,fresh-byte-reverified-and-context-reviewed,reviewed-target-fit,Exhaustive per-file accountability; focused semantic rows retained when independently meaningful.
outline-client,src/www/ui_components/licenses-view.js,3a7544d7e5bf4173a589c8031eec2d541a7825583f10adb0511f7a4033023b47,2137,0o644,documentation,authoritative,src/www/ui_components/licenses-view.js,.js,PR232-F00444;PR232-M0157,fresh-byte-reverified-and-context-reviewed,accounted-reference,Exhaustive per-file accountability; focused semantic rows retained when independently meaningful.
outline-client,src/www/ui_components/licenses/README.md,152808d88bbd514da03a538112d2cdbb6d31a9bfd42055ccee202b99a013544f,364,0o644,documentation,authoritative,src/www/ui_components/licenses,.md,PR232-F00445;PR232-M0156,fresh-byte-reverified-and-context-reviewed,accounted-reference,Exhaustive per-file accountability; focused semantic rows retained when independently meaningful.
outline-client,src/www/ui_components/licenses/licenses.txt,ca480ac3422ab4bbfd8363d057ab6456b2f13115a43dd13f4f022b4f977bd613,401987,0o644,documentation,authoritative,src/www/ui_components/licenses,.txt,PR232-F00446;PR232-M0156,fresh-byte-reverified-and-context-reviewed,accounted-reference,Exhaustive per-file accountability; focused semantic rows retained when independently meaningful.
outline-client,src/www/ui_components/licenses/third_party.sh,59c307b267c3f40233d7286abacce14ec719a686ff7a17246d636e5c9d0cc30c,1224,0o755,script,authoritative,src/www/ui_components/licenses,.sh,PR232-F00447;PR232-M0156,fresh-byte-reverified-and-context-reviewed,reviewed-target-fit,Exhaustive per-file accountability; focused semantic rows retained when independently meaningful.
outline-client,src/www/ui_components/outline-icons.js,09f4e34ab484958fa92d13f9c3378476a717e4bdea0b352b7e34bf429f33cea2,1315,0o644,ui-or-product,authoritative,src/www/ui_components/outline-icons.js,.js,PR232-F00448;PR232-M0158,fresh-byte-reverified-and-context-reviewed,reviewed-target-fit,Exhaustive per-file accountability; focused semantic rows retained when independently meaningful.
outline-client,src/www/ui_components/privacy-view.js,8d87fb486d4af4ed8c4b42d9785b75992f6685423c2956172458e614cc3d785a,3701,0o644,ui-or-product,authoritative,src/www/ui_components/privacy-view.js,.js,PR232-F00449;PR232-M0159,fresh-byte-reverified-and-context-reviewed,reviewed-target-fit,Exhaustive per-file accountability; focused semantic rows retained when independently meaningful.
outline-client,src/www/ui_components/server-rename-dialog.js,2231e8bc575347e559c911b5e1b2e2ebe00e296ed4be9c69f6c8e58f77c9ecb2,2440,0o644,ui-or-product,authoritative,src/www/ui_components/server-rename-dialog.js,.js,PR232-F00450;PR232-M0160,fresh-byte-reverified-and-context-reviewed,reviewed-target-fit,Exhaustive per-file accountability; focused semantic rows retained when independently meaningful.
outline-client,src/www/ui_components/user-comms-dialog.js,97e959ec069667cbdbe27488e88147ac7b464b4241c5e02c687e8670de5821d8,4351,0o644,ui-or-product,authoritative,src/www/ui_components/user-comms-dialog.js,.js,PR232-F00451;PR232-M0161,fresh-byte-reverified-and-context-reviewed,reviewed-target-fit,Exhaustive per-file accountability; focused semantic rows retained when independently meaningful.
outline-client,src/www/views/servers_view/index.ts,1a90e7b1673eb6168f1229c4b4d596db4354c5690e59bb9fb84c0e719fd9b3a0,5191,0o644,ui-or-product,authoritative,src/www/views/servers_view,.ts,PR232-F00452;PR232-M0162,fresh-byte-reverified-and-context-reviewed,reviewed-target-fit,Exhaustive per-file accountability; focused semantic rows retained when independently meaningful.
outline-client,src/www/views/servers_view/server_connection_indicator/index.ts,e68d714d71fe6c8f86225c82892a1b6e918be794ecf7e98e55b3ae3a1d8b6eff,6774,0o644,ui-or-product,authoritative,src/www/views/servers_view,.ts,PR232-F00453;PR232-M0162,fresh-byte-reverified-and-context-reviewed,reviewed-target-fit,Exhaustive per-file accountability; focused semantic rows retained when independently meaningful.
outline-client,src/www/views/servers_view/server_connection_indicator/stories.ts,6ea3a111e5ebcac9cf1f70d446337c41832e9baa9523d915274e1bd5b9331334,1369,0o644,ui-or-product,authoritative,src/www/views/servers_view,.ts,PR232-F00454;PR232-M0162,fresh-byte-reverified-and-context-reviewed,reviewed-target-fit,Exhaustive per-file accountability; focused semantic rows retained when independently meaningful.
outline-client,src/www/views/servers_view/server_list/index.ts,b733369408428b1137a6771c56310a53917c54db286fbda46fe523f876540fc2,2360,0o644,ui-or-product,authoritative,src/www/views/servers_view,.ts,PR232-F00455;PR232-M0162,fresh-byte-reverified-and-context-reviewed,reviewed-target-fit,Exhaustive per-file accountability; focused semantic rows retained when independently meaningful.
outline-client,src/www/views/servers_view/server_list/stories.ts,19adddf5ac0fb830531fa759cbaf898a516168429b46448761f08a2fd5e2688c,1589,0o644,ui-or-product,authoritative,src/www/views/servers_view,.ts,PR232-F00456;PR232-M0162,fresh-byte-reverified-and-context-reviewed,reviewed-target-fit,Exhaustive per-file accountability; focused semantic rows retained when independently meaningful.
outline-client,src/www/views/servers_view/server_list_item/index.ts,3a9e59a77677904283eb8611bcd3a526ddb565df4f643d3124e7238980e96e79,1423,0o644,ui-or-product,authoritative,src/www/views/servers_view,.ts,PR232-F00457;PR232-M0162,fresh-byte-reverified-and-context-reviewed,reviewed-target-fit,Exhaustive per-file accountability; focused semantic rows retained when independently meaningful.
outline-client,src/www/views/servers_view/server_list_item/server_card/index.ts,d8f79130445c27b90f902916ebf9f8349812feae7be1c08432506213c70ae5b6,10764,0o644,ui-or-product,authoritative,src/www/views/servers_view,.ts,PR232-F00458;PR232-M0162,fresh-byte-reverified-and-context-reviewed,reviewed-target-fit,Exhaustive per-file accountability; focused semantic rows retained when independently meaningful.
outline-client,src/www/views/servers_view/server_list_item/server_card/stories.ts,1b9b45d9257ed46ba63b300da08ba7f184a636b7db9e6e833026cbf267e96419,1567,0o644,ui-or-product,authoritative,src/www/views/servers_view,.ts,PR232-F00459;PR232-M0162,fresh-byte-reverified-and-context-reviewed,reviewed-target-fit,Exhaustive per-file accountability; focused semantic rows retained when independently meaningful.
outline-client,src/www/webpack_base.mjs,a7820422f3807ca7d6771667ed007bea2278a0c0432011703232dbc6e932803d,2190,0o644,operational,authoritative,src/www/webpack_base.mjs,.mjs,PR232-F00460;PR232-M0163,fresh-byte-reverified-and-context-reviewed,accounted-reference,Exhaustive per-file accountability; focused semantic rows retained when independently meaningful.
outline-client,src/www/webpack_cordova.mjs,088e31048931795c90f58446202635bf7158636f6158570cf6da64862347c4c6,2380,0o644,operational,authoritative,src/www/webpack_cordova.mjs,.mjs,PR232-F00461;PR232-M0164,fresh-byte-reverified-and-context-reviewed,accounted-reference,Exhaustive per-file accountability; focused semantic rows retained when independently meaningful.
outline-client,src/www/webpack_css_rtl_loader.cjs,05850fac301cc05b1ec631e133b0792e7047776302a408eebb0861d84004681e,1631,0o644,operational,authoritative,src/www/webpack_css_rtl_loader.cjs,.cjs,PR232-F00462;PR232-M0165,fresh-byte-reverified-and-context-reviewed,accounted-reference,Exhaustive per-file accountability; focused semantic rows retained when independently meaningful.
outline-client,src/www/webpack_electron.mjs,7a94a7fffcf8a746a7f86ae6cb321db2d859fbb0101904cd149238e4bc6025c7,1726,0o644,operational,authoritative,src/www/webpack_electron.mjs,.mjs,PR232-F00463;PR232-M0166,fresh-byte-reverified-and-context-reviewed,accounted-reference,Exhaustive per-file accountability; focused semantic rows retained when independently meaningful.
outline-client,src/www/webpack_test.mjs,ec0c924e2c85814b4bca642a8f5d7d57a7c5472eb0774398c740e52ce952e61c,1111,0o644,test,authoritative,src/www/webpack_test.mjs,.mjs,PR232-F00464;PR232-M0167,fresh-byte-reverified-and-context-reviewed,reviewed-target-fit,Exhaustive per-file accountability; focused semantic rows retained when independently meaningful.
outline-client,third_party/jsign/.gitignore,6e319bfafba410914f5a63da3e0c5c858ce09b2e9792019827df2a2a68c3992e,6,0o644,repository-administration,authoritative,third_party/jsign,n/a,PR232-F00465;PR232-M0168,fresh-byte-reverified-and-context-reviewed,accounted-reference,Exhaustive per-file accountability; focused semantic rows retained when independently meaningful.
outline-client,third_party/jsign/LICENSE.txt,c71d239df91726fc519c6eb72d318ec65820627232b2f796219e87dcf35d0ab4,11357,0o644,vendored,vendored,third_party/jsign,.txt,PR232-F00466;PR232-M0168,fresh-byte-reverified-and-context-reviewed,accounted-reference,Exhaustive per-file accountability; focused semantic rows retained when independently meaningful.
outline-client,third_party/jsign/METADATA,a3119f0605c1ff37ed69258936e199602df3377a7049b403a98028fc30ecc3de,381,0o644,vendored,vendored,third_party/jsign,n/a,PR232-F00467;PR232-M0168,fresh-byte-reverified-and-context-reviewed,accounted-reference,Exhaustive per-file accountability; focused semantic rows retained when independently meaningful.
outline-client,third_party/jsign/index.mjs,eea941e52e7c7cc4b55dd4f30cff022ac19e392261186e37c8b06bf6aa9bfe5d,2752,0o644,vendored,vendored,third_party/jsign,.mjs,PR232-F00468;PR232-M0168,fresh-byte-reverified-and-context-reviewed,accounted-reference,Exhaustive per-file accountability; focused semantic rows retained when independently meaningful.
outline-client,third_party/newtonsoft/LICENSE,b7750fa955556f3f5450ceb04f63eb418697ac7a6bc712ab23d985f9509c3115,1091,0o755,vendored,vendored,third_party/newtonsoft,n/a,PR232-F00469;PR232-M0169,fresh-byte-reverified-and-context-reviewed,accounted-reference,Exhaustive per-file accountability; focused semantic rows retained when independently meaningful.
outline-client,third_party/newtonsoft/METADATA,a7a95b1a28d045293250391e64e8dce8656436a027e43b5b68fa477c7b6a0ef3,360,0o755,vendored,vendored,third_party/newtonsoft,n/a,PR232-F00470;PR232-M0169,fresh-byte-reverified-and-context-reviewed,accounted-reference,Exhaustive per-file accountability; focused semantic rows retained when independently meaningful.
outline-client,third_party/newtonsoft/Newtonsoft.Json.dll,f58c374ffcaae4e36d740d90fbf7fe70d0abb7328cd9af3a0a7b70803e994ba4,662528,0o755,vendored,vendored,third_party/newtonsoft,.dll,PR232-F00471;PR232-M0169,fresh-byte-reverified-and-context-reviewed,accounted-reference,Exhaustive per-file accountability; focused semantic rows retained when independently meaningful.
outline-client,third_party/outline-go-tun2socks/LICENSE,fe38fe77bb1558c9579b3579b82db73d10d771d3c79e2e4204a959ddc84ad5ea,1067,0o644,vendored,vendored,third_party/outline-go-tun2socks,n/a,PR232-F00472;PR232-M0170,fresh-byte-reverified-and-context-reviewed,accounted-reference,Exhaustive per-file accountability; focused semantic rows retained when independently meaningful.
outline-client,third_party/outline-go-tun2socks/METADATA,cfdca896c6d7e14fdc150cc01936dafd4585000506462f6b4257b1a4f09ba096,282,0o644,vendored,vendored,third_party/outline-go-tun2socks,n/a,PR232-F00473;PR232-M0170,fresh-byte-reverified-and-context-reviewed,accounted-reference,Exhaustive per-file accountability; focused semantic rows retained when independently meaningful.
outline-client,third_party/outline-go-tun2socks/android/jni/arm64-v8a/libgojni.so,c85405be348b0c3cdd1c387f691914d9aca64f62ebb1d0f5409913f57e65dea4,4559336,0o644,vendored,vendored,third_party/outline-go-tun2socks,.so,PR232-F00474;PR232-M0170,fresh-byte-reverified-and-context-reviewed,accounted-reference,Exhaustive per-file accountability; focused semantic rows retained when independently meaningful.
outline-client,third_party/outline-go-tun2socks/android/jni/armeabi-v7a/libgojni.so,399c532840d4f9035be0186e9687d45099d393ba0dbe719ff8012c55d283215f,4208824,0o644,vendored,vendored,third_party/outline-go-tun2socks,.so,PR232-F00475;PR232-M0170,fresh-byte-reverified-and-context-reviewed,accounted-reference,Exhaustive per-file accountability; focused semantic rows retained when independently meaningful.
outline-client,third_party/outline-go-tun2socks/android/jni/x86/libgojni.so,bef91f92273e7dce23da21de7ed6fa808e3daf8eb836a2e138bef2007e1a2ece,4154960,0o644,vendored,vendored,third_party/outline-go-tun2socks,.so,PR232-F00476;PR232-M0170,fresh-byte-reverified-and-context-reviewed,accounted-reference,Exhaustive per-file accountability; focused semantic rows retained when independently meaningful.
outline-client,third_party/outline-go-tun2socks/android/jni/x86_64/libgojni.so,b871f7fb5fcece0dae4b3aeb8da8975b1168f8ddd464ada7267806007f9bcd8c,4741184,0o644,vendored,vendored,third_party/outline-go-tun2socks,.so,PR232-F00477;PR232-M0170,fresh-byte-reverified-and-context-reviewed,accounted-reference,Exhaustive per-file accountability; focused semantic rows retained when independently meaningful.
outline-client,third_party/outline-go-tun2socks/android/tun2socks.aar,220340bcf20d34b10178895701ea9f3c5e8a06430bab54b8f899f79eb4965946,7883399,0o644,vendored,vendored,third_party/outline-go-tun2socks,.aar,PR232-F00478;PR232-M0170,fresh-byte-reverified-and-context-reviewed,accounted-reference,Exhaustive per-file accountability; focused semantic rows retained when independently meaningful.
outline-client,third_party/outline-go-tun2socks/linux/tun2socks,9f4be6d811f0bc2af3163a0896b0d1343f18a25619c777fe97d7668aaaf89b97,3805184,0o755,vendored,vendored,third_party/outline-go-tun2socks,n/a,PR232-F00479;PR232-M0170,fresh-byte-reverified-and-context-reviewed,accounted-reference,Exhaustive per-file accountability; focused semantic rows retained when independently meaningful.
outline-client,third_party/outline-go-tun2socks/win32/tun2socks.exe,bbdebdbf99f2427debf4f45385dc7ca9524c625d6f9cb089cd8dcb8e61483c96,3812864,0o755,vendored,vendored,third_party/outline-go-tun2socks,.exe,PR232-F00480;PR232-M0170,fresh-byte-reverified-and-context-reviewed,accounted-reference,Exhaustive per-file accountability; focused semantic rows retained when independently meaningful.
outline-client,third_party/sentry-android/LICENSE,01687b13887ae81d8e42732d16212660c0586d58571e79155ec1cc5a9de880dd,1609,0o644,vendored,vendored,third_party/sentry-android,n/a,PR232-F00481;PR232-M0171,fresh-byte-reverified-and-context-reviewed,accounted-reference,Exhaustive per-file accountability; focused semantic rows retained when independently meaningful.
outline-client,third_party/sentry-android/METADATA,e2c98e41f1def199e4d6df8700785a9c69feef9413717f65bc4a61d946cf5c68,334,0o644,vendored,vendored,third_party/sentry-android,n/a,PR232-F00482;PR232-M0171,fresh-byte-reverified-and-context-reviewed,accounted-reference,Exhaustive per-file accountability; focused semantic rows retained when independently meaningful.
outline-client,third_party/tap-windows6/.appveyor.yml,be5fb08db9d673e2db34cacab5dd1b730b973f0743bbdd2d6848222699348419,87,0o644,vendored,vendored,third_party/tap-windows6,.yml,PR232-F00483;PR232-M0172,fresh-byte-reverified-and-context-reviewed,accounted-reference,Exhaustive per-file accountability; focused semantic rows retained when independently meaningful.
outline-client,third_party/tap-windows6/.gitattributes,bd545ecb3a5b090672ec0871dffc5a7b685eb38fec592d98820bc8077535944a,16,0o644,repository-administration,authoritative,third_party/tap-windows6,n/a,PR232-F00484;PR232-M0172,fresh-byte-reverified-and-context-reviewed,accounted-reference,Exhaustive per-file accountability; focused semantic rows retained when independently meaningful.
outline-client,third_party/tap-windows6/.gitignore,ade2a3d20f703b2d63d11f795dde8c112a3771ec40b6a33586ee354a897840bf,119,0o644,repository-administration,authoritative,third_party/tap-windows6,n/a,PR232-F00485;PR232-M0172,fresh-byte-reverified-and-context-reviewed,accounted-reference,Exhaustive per-file accountability; focused semantic rows retained when independently meaningful.
outline-client,third_party/tap-windows6/CONTRIBUTING.rst,d0770a5bea6edea839ba187c80ed36119fb302c1711601ac45bd43d2b9d3a3a7,883,0o644,vendored,vendored,third_party/tap-windows6,.rst,PR232-F00486;PR232-M0172,fresh-byte-reverified-and-context-reviewed,accounted-reference,Exhaustive per-file accountability; focused semantic rows retained when independently meaningful.
outline-client,third_party/tap-windows6/COPYING,7b7844e4f15d67edc1ef5aa7a23bc77836c5ff25e9f965ee6fd6c7f6cd67b6e2,1096,0o644,vendored,vendored,third_party/tap-windows6,n/a,PR232-F00487;PR232-M0172,fresh-byte-reverified-and-context-reviewed,accounted-reference,Exhaustive per-file accountability; focused semantic rows retained when independently meaningful.
outline-client,third_party/tap-windows6/COPYRIGHT.GPL,8177f97513213526df2cf6184d8ff986c675afb514d4e68a404010521b880643,18092,0o644,vendored,vendored,third_party/tap-windows6,.gpl,PR232-F00488;PR232-M0172,fresh-byte-reverified-and-context-reviewed,accounted-reference,Exhaustive per-file accountability; focused semantic rows retained when independently meaningful.
outline-client,third_party/tap-windows6/COPYRIGHT.MIT,92083b0787b4a76bfb120db6e682058c1bab88a30512ee3820e3a11b22e6be68,1099,0o644,vendored,vendored,third_party/tap-windows6,.mit,PR232-F00489;PR232-M0172,fresh-byte-reverified-and-context-reviewed,accounted-reference,Exhaustive per-file accountability; focused semantic rows retained when independently meaningful.
outline-client,third_party/tap-windows6/LICENSE,7b7844e4f15d67edc1ef5aa7a23bc77836c5ff25e9f965ee6fd6c7f6cd67b6e2,1096,0o644,vendored,vendored,third_party/tap-windows6,n/a,PR232-F00490;PR232-M0172,fresh-byte-reverified-and-context-reviewed,accounted-reference,Exhaustive per-file accountability; focused semantic rows retained when independently meaningful.
outline-client,third_party/tap-windows6/LICENSE.gplv2,8177f97513213526df2cf6184d8ff986c675afb514d4e68a404010521b880643,18092,0o644,vendored,vendored,third_party/tap-windows6,.gplv2,PR232-F00491;PR232-M0172,fresh-byte-reverified-and-context-reviewed,accounted-reference,Exhaustive per-file accountability; focused semantic rows retained when independently meaningful.
outline-client,third_party/tap-windows6/METADATA,ced09f5f032a03eb1dc4c22ecce51d64ecacbcdab84364a53cd6a300941371aa,480,0o644,vendored,vendored,third_party/tap-windows6,n/a,PR232-F00492;PR232-M0172,fresh-byte-reverified-and-context-reviewed,accounted-reference,Exhaustive per-file accountability; focused semantic rows retained when independently meaningful.
outline-client,third_party/tap-windows6/MSCV-VSClass3.cer,bf48ff4ed16d8bbe51838ceb6d8e3a3fcabd10a88eb41e3067efb94ba3159974,1336,0o644,vendored,vendored,third_party/tap-windows6,.cer,PR232-F00493;PR232-M0172,fresh-byte-reverified-and-context-reviewed,accounted-reference,Exhaustive per-file accountability; focused semantic rows retained when independently meaningful.
outline-client,third_party/tap-windows6/README.rst,e4c78201056cf4db9176194e832bd7ac9c3c52202aba1eb473b2762bd0f1bf73,5632,0o644,vendored,vendored,third_party/tap-windows6,.rst,PR232-F00494;PR232-M0172,fresh-byte-reverified-and-context-reviewed,accounted-reference,Exhaustive per-file accountability; focused semantic rows retained when independently meaningful.
outline-client,third_party/tap-windows6/bin/amd64/OemVista.inf,b5728e42ea12c67577cb9188b472005ee74399b6ac976e7f72b48409baee3b41,7523,0o644,vendored,vendored,third_party/tap-windows6,.inf,PR232-F00495;PR232-M0172,fresh-byte-reverified-and-context-reviewed,accounted-reference,Exhaustive per-file accountability; focused semantic rows retained when independently meaningful.
outline-client,third_party/tap-windows6/bin/amd64/tap0901.cat,91ebea8ad199e97832cf91ea77328ed7ff49a1b5c06ddaacb0e420097a9b079e,19458,0o644,vendored,vendored,third_party/tap-windows6,.cat,PR232-F00496;PR232-M0172,fresh-byte-reverified-and-context-reviewed,accounted-reference,Exhaustive per-file accountability; focused semantic rows retained when independently meaningful.
outline-client,third_party/tap-windows6/bin/amd64/tap0901.sys,89c5ca1440df186497ce158eb71c0c6bf570a75b6bc1880eac7c87a0250201c0,27136,0o755,vendored,vendored,third_party/tap-windows6,.sys,PR232-F00497;PR232-M0172,fresh-byte-reverified-and-context-reviewed,accounted-reference,Exhaustive per-file accountability; focused semantic rows retained when independently meaningful.
outline-client,third_party/tap-windows6/bin/amd64/tapinstall.exe,0e6ae4312a345b00e58329de41544f709021b24496ecb8ec8a06ae7ceab37ca9,101456,0o755,vendored,vendored,third_party/tap-windows6,.exe,PR232-F00498;PR232-M0172,fresh-byte-reverified-and-context-reviewed,accounted-reference,Exhaustive per-file accountability; focused semantic rows retained when independently meaningful.
outline-client,third_party/tap-windows6/bin/i386/OemVista.inf,a461b764e248d3e59a1a730ff94af7e61121f5a02004e02b3b866ac8fd1689be,7506,0o644,vendored,vendored,third_party/tap-windows6,.inf,PR232-F00499;PR232-M0172,fresh-byte-reverified-and-context-reviewed,accounted-reference,Exhaustive per-file accountability; focused semantic rows retained when independently meaningful.
outline-client,third_party/tap-windows6/bin/i386/tap0901.cat,878c1b205887b61906f6f4f8da5783d2bb8756d0a39359288d09f65f983b27c2,19426,0o644,vendored,vendored,third_party/tap-windows6,.cat,PR232-F00500;PR232-M0172,fresh-byte-reverified-and-context-reviewed,accounted-reference,Exhaustive per-file accountability; focused semantic rows retained when independently meaningful.
outline-client,third_party/tap-windows6/bin/i386/tap0901.sys,3b1ff5252012d6e8a7dd6e4621ec43812510dca1a25a9a2e07288800f445dd41,23040,0o755,vendored,vendored,third_party/tap-windows6,.sys,PR232-F00501;PR232-M0172,fresh-byte-reverified-and-context-reviewed,accounted-reference,Exhaustive per-file accountability; focused semantic rows retained when independently meaningful.
outline-client,third_party/tap-windows6/bin/i386/tapinstall.exe,adde2601408dc3caa3450e1b7d86a8d434c4b3eaa9654c7e69e0f33122c37da6,96848,0o755,vendored,vendored,third_party/tap-windows6,.exe,PR232-F00502;PR232-M0172,fresh-byte-reverified-and-context-reviewed,accounted-reference,Exhaustive per-file accountability; focused semantic rows retained when independently meaningful.
outline-client,third_party/tap-windows6/bin/include/tap-windows.h,1c2131ab9e81259f7c4490779424675914c1743e38a30f933748766e498a38b8,2856,0o644,vendored,vendored,third_party/tap-windows6,.h,PR232-F00503;PR232-M0172,fresh-byte-reverified-and-context-reviewed,accounted-reference,Exhaustive per-file accountability; focused semantic rows retained when independently meaningful.
outline-client,third_party/tap-windows6/buildtap.py,3e3cb597845080ecebb3bc23b2bc35df54ef5ed97dbba71da83f06d3f00557e9,19404,0o644,vendored,vendored,third_party/tap-windows6,.py,PR232-F00504;PR232-M0172,fresh-byte-reverified-and-context-reviewed,accounted-reference,Exhaustive per-file accountability; focused semantic rows retained when independently meaningful.
outline-client,third_party/tap-windows6/installer/ShellLink.dll,d1d1642f3e70386af125ec32f41734896427811770d617729d8d5ebdf18f8aa7,4608,0o644,vendored,vendored,third_party/tap-windows6,.dll,PR232-F00505;PR232-M0172,fresh-byte-reverified-and-context-reviewed,accounted-reference,Exhaustive per-file accountability; focused semantic rows retained when independently meaningful.
outline-client,third_party/tap-windows6/installer/icon.ico,c557260b9edcf7f74f1f489aaf21b4d4e7747b584640138e72887268395f248b,22486,0o755,vendored,vendored,third_party/tap-windows6,.ico,PR232-F00506;PR232-M0172,fresh-byte-reverified-and-context-reviewed,accounted-reference,Exhaustive per-file accountability; focused semantic rows retained when independently meaningful.
outline-client,third_party/tap-windows6/installer/install-whirl.bmp,127fc8103d7d1daacfb0abb422c9b2aa8ed14fa095e06a997e43445d5d963352,25820,0o755,vendored,vendored,third_party/tap-windows6,.bmp,PR232-F00507;PR232-M0172,fresh-byte-reverified-and-context-reviewed,accounted-reference,Exhaustive per-file accountability; focused semantic rows retained when independently meaningful.
outline-client,third_party/tap-windows6/installer/tap-windows6.nsi,f5adeecbb7c7dea725508ac035da6e83c992acab6c87865a0b1af6221d3c59ee,11079,0o755,vendored,vendored,third_party/tap-windows6,.nsi,PR232-F00508;PR232-M0172,fresh-byte-reverified-and-context-reviewed,accounted-reference,Exhaustive per-file accountability; focused semantic rows retained when independently meaningful.
outline-client,third_party/tap-windows6/paths.py,d20b88d73fd329a90aa9273eeb5244631361b2d467b5cbde544ca1b7f776dfb9,88,0o644,vendored,vendored,third_party/tap-windows6,.py,PR232-F00509;PR232-M0172,fresh-byte-reverified-and-context-reviewed,accounted-reference,Exhaustive per-file accountability; focused semantic rows retained when independently meaningful.
outline-client,third_party/tap-windows6/src/MAKEFILE,7f44a90dcd3188a6cf5fb887371679d5a755d36679f00102311f8582b2e2b32f,261,0o644,vendored,vendored,third_party/tap-windows6,n/a,PR232-F00510;PR232-M0172,fresh-byte-reverified-and-context-reviewed,accounted-reference,Exhaustive per-file accountability; focused semantic rows retained when independently meaningful.
outline-client,third_party/tap-windows6/src/OemVista.inf.in,85676cba039b18150c9b22478282e1d37a1f9ee0e12fd5def608b4ed563f6537,8329,0o644,vendored,vendored,third_party/tap-windows6,.in,PR232-F00511;PR232-M0172,fresh-byte-reverified-and-context-reviewed,accounted-reference,Exhaustive per-file accountability; focused semantic rows retained when independently meaningful.
outline-client,third_party/tap-windows6/src/SOURCES.in,cb3e25af01c5e6b92b67fb4f3d77a5e0de03dd1b83e840fdfa2d944346fb5311,1666,0o644,vendored,vendored,third_party/tap-windows6,.in,PR232-F00512;PR232-M0172,fresh-byte-reverified-and-context-reviewed,accounted-reference,Exhaustive per-file accountability; focused semantic rows retained when independently meaningful.
outline-client,third_party/tap-windows6/src/adapter.c,7b1336c07b02fad9bf27e01b799447abeb35df529b548ca0ed81619f507c23b7,49502,0o644,vendored,vendored,third_party/tap-windows6,.c,PR232-F00513;PR232-M0172,fresh-byte-reverified-and-context-reviewed,accounted-reference,Exhaustive per-file accountability; focused semantic rows retained when independently meaningful.
outline-client,third_party/tap-windows6/src/adapter.h,d2c41614dbe445dc511a39e67510c8acf8a690aae2c5ee878b7fd0d57820563f,10042,0o644,vendored,vendored,third_party/tap-windows6,.h,PR232-F00514;PR232-M0172,fresh-byte-reverified-and-context-reviewed,accounted-reference,Exhaustive per-file accountability; focused semantic rows retained when independently meaningful.
outline-client,third_party/tap-windows6/src/config.h.in,e255e47d92cbe5307286c2227ac390c1753735454d05ee729af0d8b24942d048,532,0o644,vendored,vendored,third_party/tap-windows6,.in,PR232-F00515;PR232-M0172,fresh-byte-reverified-and-context-reviewed,accounted-reference,Exhaustive per-file accountability; focused semantic rows retained when independently meaningful.
outline-client,third_party/tap-windows6/src/constants.h,927aa8c3bdb25e8c0d34bebca2741549cd03b94a6fbedd8022281164065ae0f1,7592,0o644,vendored,vendored,third_party/tap-windows6,.h,PR232-F00516;PR232-M0172,fresh-byte-reverified-and-context-reviewed,accounted-reference,Exhaustive per-file accountability; focused semantic rows retained when independently meaningful.
outline-client,third_party/tap-windows6/src/device.c,236a60c4d1728c1b9c5617472e33d468af67f736fb62aa4f9697e6d0ce401ccf,31190,0o644,vendored,vendored,third_party/tap-windows6,.c,PR232-F00517;PR232-M0172,fresh-byte-reverified-and-context-reviewed,accounted-reference,Exhaustive per-file accountability; focused semantic rows retained when independently meaningful.
outline-client,third_party/tap-windows6/src/device.h,8c2907b3e37cf6ecb973f8986cd48157dfeaaf6322f0e2dda90fba22f6daaa91,1744,0o644,vendored,vendored,third_party/tap-windows6,.h,PR232-F00518;PR232-M0172,fresh-byte-reverified-and-context-reviewed,accounted-reference,Exhaustive per-file accountability; focused semantic rows retained when independently meaningful.
outline-client,third_party/tap-windows6/src/dhcp.c,a39acd978e861aadaa70f017199e0a2771664c104e029e783e1969aafe3e1705,14964,0o644,vendored,vendored,third_party/tap-windows6,.c,PR232-F00519;PR232-M0172,fresh-byte-reverified-and-context-reviewed,accounted-reference,Exhaustive per-file accountability; focused semantic rows retained when independently meaningful.
outline-client,third_party/tap-windows6/src/dhcp.h,a6bd20ceb6465a403430d0211f740eb3c744a1ff6c71f0cb2ba592e41af3995e,4697,0o644,vendored,vendored,third_party/tap-windows6,.h,PR232-F00520;PR232-M0172,fresh-byte-reverified-and-context-reviewed,accounted-reference,Exhaustive per-file accountability; focused semantic rows retained when independently meaningful.
outline-client,third_party/tap-windows6/src/endian.h,05382d8fd814febd8b4b755d22341e96171c416e466cf2161297eecc08c0d9ad,1360,0o644,vendored,vendored,third_party/tap-windows6,.h,PR232-F00521;PR232-M0172,fresh-byte-reverified-and-context-reviewed,accounted-reference,Exhaustive per-file accountability; focused semantic rows retained when independently meaningful.
outline-client,third_party/tap-windows6/src/error.c,f4c5e6b7429591068de972c85d8b2a959d210c9133fb82b153e04f2796a10d76,8490,0o644,vendored,vendored,third_party/tap-windows6,.c,PR232-F00522;PR232-M0172,fresh-byte-reverified-and-context-reviewed,accounted-reference,Exhaustive per-file accountability; focused semantic rows retained when independently meaningful.
outline-client,third_party/tap-windows6/src/error.h,969c63d90252b9d469219045337737c04add8beb287afc59d8c494916288918d,2810,0o644,vendored,vendored,third_party/tap-windows6,.h,PR232-F00523;PR232-M0172,fresh-byte-reverified-and-context-reviewed,accounted-reference,Exhaustive per-file accountability; focused semantic rows retained when independently meaningful.
outline-client,third_party/tap-windows6/src/hexdump.h,72523295b3f1d24fedaa021ebb2772cb2a16f5daa16f85a047e3219235914fbf,2041,0o644,vendored,vendored,third_party/tap-windows6,.h,PR232-F00524;PR232-M0172,fresh-byte-reverified-and-context-reviewed,accounted-reference,Exhaustive per-file accountability; focused semantic rows retained when independently meaningful.
outline-client,third_party/tap-windows6/src/lock.h,a5e32e6c33797aac0efab59c78b56920bc753043a1b868e783ba3e1b7d854348,2847,0o644,vendored,vendored,third_party/tap-windows6,.h,PR232-F00525;PR232-M0172,fresh-byte-reverified-and-context-reviewed,accounted-reference,Exhaustive per-file accountability; focused semantic rows retained when independently meaningful.
outline-client,third_party/tap-windows6/src/macinfo.c,93b7810412df6dfc3b387aeac92955b476577abeae4d2982b3d430e1e4bc3330,3839,0o644,vendored,vendored,third_party/tap-windows6,.c,PR232-F00526;PR232-M0172,fresh-byte-reverified-and-context-reviewed,accounted-reference,Exhaustive per-file accountability; focused semantic rows retained when independently meaningful.
outline-client,third_party/tap-windows6/src/macinfo.h,fddfb17497287ccbcdd9053793ea1bc753786e2124d405c55cab49ed288c52dc,1838,0o644,vendored,vendored,third_party/tap-windows6,.h,PR232-F00527;PR232-M0172,fresh-byte-reverified-and-context-reviewed,accounted-reference,Exhaustive per-file accountability; focused semantic rows retained when independently meaningful.
outline-client,third_party/tap-windows6/src/mem.c,7001f8daaa10f309a78a6f5fbf8ef93ce1ee7f5cf6634405060859ab51581fb3,8281,0o644,vendored,vendored,third_party/tap-windows6,.c,PR232-F00528;PR232-M0172,fresh-byte-reverified-and-context-reviewed,accounted-reference,Exhaustive per-file accountability; focused semantic rows retained when independently meaningful.
outline-client,third_party/tap-windows6/src/mem.h,26af0713a0a03eb265e93b241825ab2e954ff6c53435259eeceb615dc9992c11,2565,0o644,vendored,vendored,third_party/tap-windows6,.h,PR232-F00529;PR232-M0172,fresh-byte-reverified-and-context-reviewed,accounted-reference,Exhaustive per-file accountability; focused semantic rows retained when independently meaningful.
outline-client,third_party/tap-windows6/src/oidrequest.c,8f55daa691785a74fd605df8798bbecc513673e619cf0e9cf96cefd20a9e797c,28619,0o644,vendored,vendored,third_party/tap-windows6,.c,PR232-F00530;PR232-M0172,fresh-byte-reverified-and-context-reviewed,accounted-reference,Exhaustive per-file accountability; focused semantic rows retained when independently meaningful.
outline-client,third_party/tap-windows6/src/proto.h,61b4fcd8298201b0fa9fa307b10abac8d918ec4a062d39eb878ea4605ccd7e22,5500,0o644,vendored,vendored,third_party/tap-windows6,.h,PR232-F00531;PR232-M0172,fresh-byte-reverified-and-context-reviewed,accounted-reference,Exhaustive per-file accountability; focused semantic rows retained when independently meaningful.
outline-client,third_party/tap-windows6/src/prototypes.h,6ec4023a92fce804627bdac6d1c3261c5351efdd1deb6378056ebf6b50864ef5,2132,0o644,vendored,vendored,third_party/tap-windows6,.h,PR232-F00532;PR232-M0172,fresh-byte-reverified-and-context-reviewed,accounted-reference,Exhaustive per-file accountability; focused semantic rows retained when independently meaningful.
outline-client,third_party/tap-windows6/src/resource.rc,a4fe46cdbcbacd187bee9b9843a87fb91466811d201e36ba8e4ac67d47794c65,1619,0o644,vendored,vendored,third_party/tap-windows6,.rc,PR232-F00533;PR232-M0172,fresh-byte-reverified-and-context-reviewed,accounted-reference,Exhaustive per-file accountability; focused semantic rows retained when independently meaningful.
outline-client,third_party/tap-windows6/src/rxpath.c,5bbd0b4d86a952de0db0fc39236dba3b5fdfb0c7646adc8302b1785831159d66,19651,0o644,vendored,vendored,third_party/tap-windows6,.c,PR232-F00534;PR232-M0172,fresh-byte-reverified-and-context-reviewed,accounted-reference,Exhaustive per-file accountability; focused semantic rows retained when independently meaningful.
outline-client,third_party/tap-windows6/src/tap-windows.h,b3201a8ff8748382be37bed38e8832a6b302fdfc072cd47b39083f4004f9d219,2787,0o644,vendored,vendored,third_party/tap-windows6,.h,PR232-F00535;PR232-M0172,fresh-byte-reverified-and-context-reviewed,accounted-reference,Exhaustive per-file accountability; focused semantic rows retained when independently meaningful.
outline-client,third_party/tap-windows6/src/tap.h,e746cbf020c80af4461802a118c8eaadfa1febc7e490107feb99df406f1e825e,2545,0o644,vendored,vendored,third_party/tap-windows6,.h,PR232-F00536;PR232-M0172,fresh-byte-reverified-and-context-reviewed,accounted-reference,Exhaustive per-file accountability; focused semantic rows retained when independently meaningful.
outline-client,third_party/tap-windows6/src/tapdrvr.c,5509614e8949f4d2015bd79d2ab248cfdd2eef704055dd9117847e38706d3178,7161,0o644,vendored,vendored,third_party/tap-windows6,.c,PR232-F00537;PR232-M0172,fresh-byte-reverified-and-context-reviewed,accounted-reference,Exhaustive per-file accountability; focused semantic rows retained when independently meaningful.
outline-client,third_party/tap-windows6/src/txpath.c,4ca8787cb0bd20bb230aaf5cab881b0b7e662eae9257e5026ed1f6f5a050956a,31871,0o644,vendored,vendored,third_party/tap-windows6,.c,PR232-F00538;PR232-M0172,fresh-byte-reverified-and-context-reviewed,accounted-reference,Exhaustive per-file accountability; focused semantic rows retained when independently meaningful.
outline-client,third_party/tap-windows6/src/types.h,d9ad5521db727beec891e535d7c37f6cdb28708ef67d20f6c958a4e5e7cd5d49,2641,0o644,vendored,vendored,third_party/tap-windows6,.h,PR232-F00539;PR232-M0172,fresh-byte-reverified-and-context-reviewed,accounted-reference,Exhaustive per-file accountability; focused semantic rows retained when independently meaningful.
outline-client,third_party/tap-windows6/version.m4,77c09810def50aa4e60f957bec8dde67cc4eee87bb90902d09fb11c3f3e608ad,641,0o644,vendored,vendored,third_party/tap-windows6,.m4,PR232-F00540;PR232-M0172,fresh-byte-reverified-and-context-reviewed,accounted-reference,Exhaustive per-file accountability; focused semantic rows retained when independently meaningful.
outline-client,tools/OutlineService/OutlineService.sln,12de5c005302f44c0c398f18cc6ecf5d1159a324402116403b7afedbdc4dfaaa,1495,0o755,script,authoritative,tools,.sln,PR232-F00541;PR232-M0173,fresh-byte-reverified-and-context-reviewed,reviewed-target-fit,Exhaustive per-file accountability; focused semantic rows retained when independently meaningful.
outline-client,tools/OutlineService/OutlineService/App.config,73ddb6cdf45be4e473a84a3c4838edf0cc7c9433211935a1a8a70afe88a57833,188,0o755,script,authoritative,tools,.config,PR232-F00542;PR232-M0173,fresh-byte-reverified-and-context-reviewed,reviewed-target-fit,Exhaustive per-file accountability; focused semantic rows retained when independently meaningful.
outline-client,tools/OutlineService/OutlineService/OutlineService.Designer.cs,f04ec1dec199a96037c732073e2a972267a3834765d14ad251cb22441458f168,1730,0o755,script,authoritative,tools,.cs,PR232-F00543;PR232-M0173,fresh-byte-reverified-and-context-reviewed,reviewed-target-fit,Exhaustive per-file accountability; focused semantic rows retained when independently meaningful.
outline-client,tools/OutlineService/OutlineService/OutlineService.cs,09c28260d5bb7ba579b5534b0f18c5a3184c8c16bf27f5f1283d68824991b9ef,45620,0o755,script,authoritative,tools,.cs,PR232-F00544;PR232-M0173,fresh-byte-reverified-and-context-reviewed,reviewed-target-fit,Exhaustive per-file accountability; focused semantic rows retained when independently meaningful.
outline-client,tools/OutlineService/OutlineService/OutlineService.csproj,5f21cb94040b3f53440896e1823a2842dbd7ae894974b0e21dc5b931169cc305,4112,0o755,script,authoritative,tools,.csproj,PR232-F00545;PR232-M0173,fresh-byte-reverified-and-context-reviewed,reviewed-target-fit,Exhaustive per-file accountability; focused semantic rows retained when independently meaningful.
outline-client,tools/OutlineService/OutlineService/OutlineService.resx,4fbee186c4817cbd7f0ca45288deb18be8d16c54e2543506119e45af3e56056f,5929,0o755,script,authoritative,tools,.resx,PR232-F00546;PR232-M0173,fresh-byte-reverified-and-context-reviewed,reviewed-target-fit,Exhaustive per-file accountability; focused semantic rows retained when independently meaningful.
outline-client,tools/OutlineService/OutlineService/Program.cs,2dfbc83628b4855a4633fddfed44db0df752809b4830d5a6f09afaca0b4ad255,2493,0o755,script,authoritative,tools,.cs,PR232-F00547;PR232-M0173,fresh-byte-reverified-and-context-reviewed,reviewed-target-fit,Exhaustive per-file accountability; focused semantic rows retained when independently meaningful.
outline-client,tools/OutlineService/OutlineService/Properties/AssemblyInfo.cs,0dfe55663d2c1803645aaba2c47a79956b4aee1ab08cb33251c17d5ed48ba5f5,2047,0o755,script,authoritative,tools,.cs,PR232-F00548;PR232-M0173,fresh-byte-reverified-and-context-reviewed,reviewed-target-fit,Exhaustive per-file accountability; focused semantic rows retained when independently meaningful.
outline-client,tools/OutlineService/OutlineService/bin/OutlineService.exe,ecd8713082231cb46f70a9126821a497c7c725460493f70ab58ab989b6bd6cd6,32976,0o755,generated,derived,tools,.exe,PR232-F00549;PR232-M0173,fresh-byte-reverified-and-context-reviewed,accounted-reference,Exhaustive per-file accountability; focused semantic rows retained when independently meaningful.
outline-client,tools/OutlineService/OutlineService/bin/Release/OutlineService.exe.config,d7f08b092f28b2cdf3008b46c5ea427980760ca2388640492638737e53fa76f0,793,0o755,script,authoritative,tools,.config,PR232-F00550;PR232-M0173,fresh-byte-reverified-and-context-reviewed,reviewed-target-fit,Exhaustive per-file accountability; focused semantic rows retained when independently meaningful.
outline-client,tools/OutlineService/OutlineService/packages.config,985b576e67cfb53ca6c5de2e83a78e6199d579620c51dff6a949e82d76505287,144,0o755,script,authoritative,tools,.config,PR232-F00551;PR232-M0173,fresh-byte-reverified-and-context-reviewed,reviewed-target-fit,Exhaustive per-file accountability; focused semantic rows retained when independently meaningful.
outline-client,tools/build/Dockerfile,d263ac78c80bb6c685a0888d76f6ef6d2547a2be5939e6a50a5963d3d85e2e7a,1455,0o644,deployment,authoritative,tools,n/a,PR232-F00552;PR232-M0173,fresh-byte-reverified-and-context-reviewed,reviewed-target-fit,Exhaustive per-file accountability; focused semantic rows retained when independently meaningful.
outline-client,tools/build/README.md,caa3fbcd880ae4ce5bda00d1300347f7d0bb6721c20919f8bce2f83f8b880e5e,1303,0o644,documentation,authoritative,tools,.md,PR232-F00553;PR232-M0173,fresh-byte-reverified-and-context-reviewed,accounted-reference,Exhaustive per-file accountability; focused semantic rows retained when independently meaningful.
outline-client,tools/build/android_tools_versions.sh,35a37d025a308bd32e2a40e64e28b1610a31db0cacc585f91da615fe0e37045c,969,0o644,script,authoritative,tools,.sh,PR232-F00554;PR232-M0173,fresh-byte-reverified-and-context-reviewed,reviewed-target-fit,Exhaustive per-file accountability; focused semantic rows retained when independently meaningful.
outline-client,tools/build/build.action.sh,400670374b4bf23ab6df5179a40d5a89928c87d32df3cc165a4e8ff8e1d625a9,666,0o755,script,authoritative,tools,.sh,PR232-F00555;PR232-M0173,fresh-byte-reverified-and-context-reviewed,reviewed-target-fit,Exhaustive per-file accountability; focused semantic rows retained when independently meaningful.
outline-client,tools/build/build.sh,dce1fa34b9f5ba23a562a6f999fa8507395fa1582a49a927e5fcc452e2c7b38f,1805,0o755,script,authoritative,tools,.sh,PR232-F00556;PR232-M0173,fresh-byte-reverified-and-context-reviewed,reviewed-target-fit,Exhaustive per-file accountability; focused semantic rows retained when independently meaningful.
outline-client,tools/build/setup_linux_android.sh,cfb5b41e4dcf0ed451523cd3bad573bc3c2f8b18a5d6d8792ec226da11cc8baa,1821,0o755,script,authoritative,tools,.sh,PR232-F00557;PR232-M0173,fresh-byte-reverified-and-context-reviewed,reviewed-target-fit,Exhaustive per-file accountability; focused semantic rows retained when independently meaningful.
outline-client,tools/build/setup_macos_android.sh,8467ea764ed515b9bff4e91624821dbe4f7fdc5132ce0a6769afd40e4e9d4632,3677,0o755,script,authoritative,tools,.sh,PR232-F00558;PR232-M0173,fresh-byte-reverified-and-context-reviewed,reviewed-target-fit,Exhaustive per-file accountability; focused semantic rows retained when independently meaningful.
outline-client,tools/find_tap_name/bin/386/find_tap_name.exe,5890daee08c868d7fc75a28abe47199514ead4063c9365d7fc4fb8b4cf2af2ef,2726912,0o755,generated,derived,tools,.exe,PR232-F00559;PR232-M0173,fresh-byte-reverified-and-context-reviewed,accounted-reference,Exhaustive per-file accountability; focused semantic rows retained when independently meaningful.
outline-client,tools/find_tap_name/bin/amd64/find_tap_name.exe,5890daee08c868d7fc75a28abe47199514ead4063c9365d7fc4fb8b4cf2af2ef,2726912,0o755,generated,derived,tools,.exe,PR232-F00560;PR232-M0173,fresh-byte-reverified-and-context-reviewed,accounted-reference,Exhaustive per-file accountability; focused semantic rows retained when independently meaningful.
outline-client,tools/find_tap_name/build.action.sh,164a3385f7416770ea4167c3a3525ad970dfe472cf2045ecaab2275f37efe170,757,0o755,script,authoritative,tools,.sh,PR232-F00561;PR232-M0173,fresh-byte-reverified-and-context-reviewed,reviewed-target-fit,Exhaustive per-file accountability; focused semantic rows retained when independently meaningful.
outline-client,tools/find_tap_name/main.go,049b7cb9416b9d8e631a04355d95d556d7b0fff872b19b9539354cdea88cdba0,5972,0o755,script,authoritative,tools,.go,PR232-F00562;PR232-M0173,fresh-byte-reverified-and-context-reviewed,reviewed-target-fit,Exhaustive per-file accountability; focused semantic rows retained when independently meaningful.
outline-client,tools/outline_proxy_controller/.gitignore,eb5c90261e7e506d3fec44af14e163ad1b282f0b22c7b378c6940dd6a3fa2591,31,0o644,repository-administration,authoritative,tools,n/a,PR232-F00563;PR232-M0173,fresh-byte-reverified-and-context-reviewed,accounted-reference,Exhaustive per-file accountability; focused semantic rows retained when independently meaningful.
outline-client,tools/outline_proxy_controller/CMakeLists.txt,408f32bcfb60ffb96030c662d9ef049d9eb31c2a88b61dffa18ec972b4e92aaf,1960,0o644,script,authoritative,tools,.txt,PR232-F00564;PR232-M0173,fresh-byte-reverified-and-context-reviewed,reviewed-target-fit,Exhaustive per-file accountability; focused semantic rows retained when independently meaningful.
outline-client,tools/outline_proxy_controller/Dockerfile,bf79dda58330a69c7bdbe995875992f926b4a62c1dfb13d46c1046fb126062ab,1297,0o644,deployment,authoritative,tools,n/a,PR232-F00565;PR232-M0173,fresh-byte-reverified-and-context-reviewed,reviewed-target-fit,Exhaustive per-file accountability; focused semantic rows retained when independently meaningful.
outline-client,tools/outline_proxy_controller/OutlineProxyControllerConfig.h.in,a139fd7b72ec08edabcdb54060bb0b866b093006f160ca1cc11439e54b3b411b,862,0o644,script,authoritative,tools,.in,PR232-F00566;PR232-M0173,fresh-byte-reverified-and-context-reviewed,reviewed-target-fit,Exhaustive per-file accountability; focused semantic rows retained when independently meaningful.
outline-client,tools/outline_proxy_controller/README.md,406b43c328130b02921d097ff6f273dd0acb1d078feb235eb4db27053374cd7a,5155,0o644,documentation,authoritative,tools,.md,PR232-F00567;PR232-M0173,fresh-byte-reverified-and-context-reviewed,accounted-reference,Exhaustive per-file accountability; focused semantic rows retained when independently meaningful.
outline-client,tools/outline_proxy_controller/build.action.sh,c6e5df9496344a1df7238542c536096447d5e88759f13bdd9cb1f659bd6a4221,1169,0o755,script,authoritative,tools,.sh,PR232-F00568;PR232-M0173,fresh-byte-reverified-and-context-reviewed,reviewed-target-fit,Exhaustive per-file accountability; focused semantic rows retained when independently meaningful.
outline-client,tools/outline_proxy_controller/dist/OutlineProxyController,0a2d2b874d4d200145b1e3a7cc5818fb27e5c0ed69ebb4f4057e066e0b7fdc4a,17753008,0o755,script,authoritative,tools,n/a,PR232-F00569;PR232-M0173,fresh-byte-reverified-and-context-reviewed,reviewed-target-fit,Exhaustive per-file accountability; focused semantic rows retained when independently meaningful.
outline-client,tools/outline_proxy_controller/dist/install_linux_service.sh,e0644a3750b6c770e4f2f2e2e7de0de1e46386eed733d7841f35d9e4aa53c1cd,1837,0o755,script,authoritative,tools,.sh,PR232-F00570;PR232-M0173,fresh-byte-reverified-and-context-reviewed,reviewed-target-fit,Exhaustive per-file accountability; focused semantic rows retained when independently meaningful.
outline-client,tools/outline_proxy_controller/dist/outline_proxy_controller.service,8bfab08036441bcbb558927bdecd97eebf8c2d365a2a7fdb6c0032c2afc965a2,855,0o644,script,authoritative,tools,.service,PR232-F00571;PR232-M0173,fresh-byte-reverified-and-context-reviewed,reviewed-target-fit,Exhaustive per-file accountability; focused semantic rows retained when independently meaningful.
outline-client,tools/outline_proxy_controller/logger.cpp,441e6a8f7b790ea487ba9345eaf5b2aea51836658783501167f62bb798d98d56,4513,0o644,script,authoritative,tools,.cpp,PR232-F00572;PR232-M0173,fresh-byte-reverified-and-context-reviewed,reviewed-target-fit,Exhaustive per-file accountability; focused semantic rows retained when independently meaningful.
outline-client,tools/outline_proxy_controller/logger.h,c724e8d7d28f7e3b0867bff0818c675505188f88edcc6226c2242d53b735a2e1,3579,0o644,script,authoritative,tools,.h,PR232-F00573;PR232-M0173,fresh-byte-reverified-and-context-reviewed,reviewed-target-fit,Exhaustive per-file accountability; focused semantic rows retained when independently meaningful.
outline-client,tools/outline_proxy_controller/network_monitor.cpp,cffe06727fb82f4666b0aeac0b4ac3b66098ae47f0cbdd3ef256dcb130dd9f96,4739,0o644,script,authoritative,tools,.cpp,PR232-F00574;PR232-M0173,fresh-byte-reverified-and-context-reviewed,reviewed-target-fit,Exhaustive per-file accountability; focused semantic rows retained when independently meaningful.
outline-client,tools/outline_proxy_controller/network_monitor.h,f9825bf10ccf03b88a6ec60199c4debb97483636fdf11b50520b417a89513631,3494,0o644,script,authoritative,tools,.h,PR232-F00575;PR232-M0173,fresh-byte-reverified-and-context-reviewed,reviewed-target-fit,Exhaustive per-file accountability; focused semantic rows retained when independently meaningful.
outline-client,tools/outline_proxy_controller/outline_controller_server.cpp,de0494380b61b5151e1cb39307266475e560aae6b93c6aef53ebd9edb4ba39ac,11386,0o644,script,authoritative,tools,.cpp,PR232-F00576;PR232-M0173,fresh-byte-reverified-and-context-reviewed,reviewed-target-fit,Exhaustive per-file accountability; focused semantic rows retained when independently meaningful.
outline-client,tools/outline_proxy_controller/outline_controller_server.h,0bdcab7fe4cedb0fca635d5756467265940f64f9e9f7804685dabebc6d10a3d4,4947,0o644,script,authoritative,tools,.h,PR232-F00577;PR232-M0173,fresh-byte-reverified-and-context-reviewed,reviewed-target-fit,Exhaustive per-file accountability; focused semantic rows retained when independently meaningful.
outline-client,tools/outline_proxy_controller/outline_daemon.cpp,81e550830d62109d402a6e2c18ff460a310cd564123161cdc41d6354b56749fd,3500,0o644,script,authoritative,tools,.cpp,PR232-F00578;PR232-M0173,fresh-byte-reverified-and-context-reviewed,reviewed-target-fit,Exhaustive per-file accountability; focused semantic rows retained when independently meaningful.
outline-client,tools/outline_proxy_controller/outline_error.cpp,cb5c146d31ac366c46e65e864f1478de8cd1f1a2418d6dfe01c7f33fa8f92bf8,2606,0o644,script,authoritative,tools,.cpp,PR232-F00579;PR232-M0173,fresh-byte-reverified-and-context-reviewed,reviewed-target-fit,Exhaustive per-file accountability; focused semantic rows retained when independently meaningful.
outline-client,tools/outline_proxy_controller/outline_error.h,a48eef86e857eb2991dd3dcd59abff1fa5304495a21ebab77a45faaa4af68ef4,1835,0o644,script,authoritative,tools,.h,PR232-F00580;PR232-M0173,fresh-byte-reverified-and-context-reviewed,reviewed-target-fit,Exhaustive per-file accountability; focused semantic rows retained when independently meaningful.
outline-client,tools/outline_proxy_controller/outline_proxy_controller.cpp,210da4ccde9ebb5477890a4b4dd02c09b5623bba4e38957e971636b7f5ffb0f2,26163,0o644,script,authoritative,tools,.cpp,PR232-F00581;PR232-M0173,fresh-byte-reverified-and-context-reviewed,reviewed-target-fit,Exhaustive per-file accountability; focused semantic rows retained when independently meaningful.
outline-client,tools/outline_proxy_controller/outline_proxy_controller.h,b93f94aacafce63f6219ec875426983320788564db52b1811f80826312b2dbfb,6679,0o644,script,authoritative,tools,.h,PR232-F00582;PR232-M0173,fresh-byte-reverified-and-context-reviewed,reviewed-target-fit,Exhaustive per-file accountability; focused semantic rows retained when independently meaningful.
outline-client,tools/smartdnsblock/README.md,5839cae6eadfa97018ec569a6784e9db40cd29a1a78076a1f56c63a6810e1311,1250,0o644,documentation,authoritative,tools,.md,PR232-F00583;PR232-M0173,fresh-byte-reverified-and-context-reviewed,accounted-reference,Exhaustive per-file accountability; focused semantic rows retained when independently meaningful.
outline-client,tools/smartdnsblock/bin/smartdnsblock.exe,bd474a62b65b68076c5dd9bc65729fc77aead968d115fb7115d6a5fb8c7d426a,219136,0o755,generated,derived,tools,.exe,PR232-F00584;PR232-M0173,fresh-byte-reverified-and-context-reviewed,accounted-reference,Exhaustive per-file accountability; focused semantic rows retained when independently meaningful.
outline-client,tools/smartdnsblock/smartdnsblock.sln,ac2ae07435f576da2828f21999097b6fbeee9b503541a22251952e8bca37edfa,1420,0o644,script,authoritative,tools,.sln,PR232-F00585;PR232-M0173,fresh-byte-reverified-and-context-reviewed,reviewed-target-fit,Exhaustive per-file accountability; focused semantic rows retained when independently meaningful.
outline-client,tools/smartdnsblock/smartdnsblock/smartdnsblock.cpp,c234b990bb32c7d3aa4fe3d19f759d6cffa09619cbf894b6d88114d43aec3371,7326,0o644,script,authoritative,tools,.cpp,PR232-F00586;PR232-M0173,fresh-byte-reverified-and-context-reviewed,reviewed-target-fit,Exhaustive per-file accountability; focused semantic rows retained when independently meaningful.
outline-client,tools/smartdnsblock/smartdnsblock/smartdnsblock.filters,8b452e05fc9450d06cf1e3f830917d3e7541c7f5c85e922aa2fe3872cd27031a,948,0o644,script,authoritative,tools,.filters,PR232-F00587;PR232-M0173,fresh-byte-reverified-and-context-reviewed,reviewed-target-fit,Exhaustive per-file accountability; focused semantic rows retained when independently meaningful.
outline-client,tools/smartdnsblock/smartdnsblock/smartdnsblock.user,9a5aed43a84c940beb8aeff1073c56889a1a1c5b170452188e86cf11040460b2,162,0o644,script,authoritative,tools,.user,PR232-F00588;PR232-M0173,fresh-byte-reverified-and-context-reviewed,reviewed-target-fit,Exhaustive per-file accountability; focused semantic rows retained when independently meaningful.
outline-client,tools/smartdnsblock/smartdnsblock/smartdnsblock.vcxproj,48d34b7a8a9ea54f285c49d91dc92dfc9164775377d403a247b86e5bf5e806ec,7981,0o644,script,authoritative,tools,.vcxproj,PR232-F00589;PR232-M0173,fresh-byte-reverified-and-context-reviewed,reviewed-target-fit,Exhaustive per-file accountability; focused semantic rows retained when independently meaningful.
outline-client,tsconfig.json,925506ebad2771fa0570620b870a9eadc60f83e9b7de918bf5a5de7ee5370c13,490,0o644,configuration,authoritative,tsconfig.json,.json,PR232-F00590;PR232-M0174,fresh-byte-reverified-and-context-reviewed,reviewed-target-fit,Exhaustive per-file accountability; focused semantic rows retained when independently meaningful.
pydns-scanner,.github/ISSUE_TEMPLATE/bug_report.yml,65781c3ebd1e31ee7158a0149c3cb72fe1c6bcd33b5ab3a8337768c8d673663a,3171,0o644,repository-administration,authoritative,.github,.yml,PR232-F00591;PR232-M0175,fresh-byte-reverified-and-context-reviewed,accounted-reference,Exhaustive per-file accountability; focused semantic rows retained when independently meaningful.
pydns-scanner,.github/ISSUE_TEMPLATE/config.yml,83c7a573a1583ca6ff0905eaa4fed3130c4380ef27a7fcb5c8287c12f49940a1,189,0o644,repository-administration,authoritative,.github,.yml,PR232-F00592;PR232-M0175,fresh-byte-reverified-and-context-reviewed,accounted-reference,Exhaustive per-file accountability; focused semantic rows retained when independently meaningful.
pydns-scanner,.github/ISSUE_TEMPLATE/feature_request.yml,063a4e7856a898320bf998e45faeca73d0bbcb7f72eebeda19fe2308c0781d8c,1513,0o644,repository-administration,authoritative,.github,.yml,PR232-F00593;PR232-M0175,fresh-byte-reverified-and-context-reviewed,accounted-reference,Exhaustive per-file accountability; focused semantic rows retained when independently meaningful.
pydns-scanner,.github/ISSUE_TEMPLATE/question.yml,0efee320a768af01ce5c8ccae060109009fe5ba1be3ba2710d94b9b3ce20c98a,1129,0o644,repository-administration,authoritative,.github,.yml,PR232-F00594;PR232-M0175,fresh-byte-reverified-and-context-reviewed,accounted-reference,Exhaustive per-file accountability; focused semantic rows retained when independently meaningful.
pydns-scanner,.github/dependabot.yml,3f33cbcafbeb4f881bca3d9757558d00b85c07b590fba9ce8fe5a3e1d275b1c5,522,0o644,repository-administration,authoritative,.github,.yml,PR232-F00595;PR232-M0175,fresh-byte-reverified-and-context-reviewed,accounted-reference,Exhaustive per-file accountability; focused semantic rows retained when independently meaningful.
pydns-scanner,.github/workflows/build-executables.yml,719ca1390cd00831866791f0321a8a7240eecd219a4dd014be26ed4d8b1248ec,7104,0o644,repository-administration,authoritative,.github,.yml,PR232-F00596;PR232-M0175,fresh-byte-reverified-and-context-reviewed,accounted-reference,Exhaustive per-file accountability; focused semantic rows retained when independently meaningful.
pydns-scanner,.github/workflows/publish.yml,b2455e179dfeff57324d86b9ff7f394176ed03890a0be3841f5b490f1ed807eb,6236,0o644,repository-administration,authoritative,.github,.yml,PR232-F00597;PR232-M0175,fresh-byte-reverified-and-context-reviewed,accounted-reference,Exhaustive per-file accountability; focused semantic rows retained when independently meaningful.
pydns-scanner,.gitignore,26b38031440bb9378ac3de1088be7a8c870cdfc800b59fff571576c8c496b106,148,0o644,repository-administration,authoritative,.gitignore,n/a,PR232-F00598;PR232-M0176,fresh-byte-reverified-and-context-reviewed,accounted-reference,Exhaustive per-file accountability; focused semantic rows retained when independently meaningful.
pydns-scanner,.vscode/settings.json,3061fcdd20742b1969113c79b3270b316f3d28367bb8cd4463afb2a8d58bc6a2,64,0o644,configuration,authoritative,.vscode,.json,PR232-F00599;PR232-M0177,fresh-byte-reverified-and-context-reviewed,reviewed-target-fit,Exhaustive per-file accountability; focused semantic rows retained when independently meaningful.
pydns-scanner,LICENSE,c11d92c5a0493fad3205dc7f6bf17b826d79887db6e0ab2ce8750faad7f072a2,1065,0o644,documentation,authoritative,LICENSE,n/a,PR232-F00600;PR232-M0178,fresh-byte-reverified-and-context-reviewed,accounted-reference,Exhaustive per-file accountability; focused semantic rows retained when independently meaningful.
pydns-scanner,README-FA.md,f6b7a97c036be06cf84af1bf8ac85b1d1018aff51a8b7b67f79a36667d0e5e05,30751,0o644,documentation,authoritative,README-FA.md,.md,PR232-F00601;PR232-M0179,fresh-byte-reverified-and-context-reviewed,accounted-reference,Exhaustive per-file accountability; focused semantic rows retained when independently meaningful.
pydns-scanner,README-ZH.md,52110bf4c3a1efe824ea9476732e69e76657571feb3e4b88e8273c3ba334e843,22071,0o644,documentation,authoritative,README-ZH.md,.md,PR232-F00602;PR232-M0180,fresh-byte-reverified-and-context-reviewed,accounted-reference,Exhaustive per-file accountability; focused semantic rows retained when independently meaningful.
pydns-scanner,README.md,a5e7b2fa8e86aa122924582341058d64b64b4e34a1d85d91755a3ad200a4f956,25516,0o644,documentation,authoritative,README.md,.md,PR232-F00603;PR232-M0181,fresh-byte-reverified-and-context-reviewed,accounted-reference,Exhaustive per-file accountability; focused semantic rows retained when independently meaningful.
pydns-scanner,RELEASE_NOTES.md,95c5caaaf27c028e672ddc47550cb6c271f84de4f089622c7efee268ada9d290,2188,0o644,documentation,authoritative,RELEASE_NOTES.md,.md,PR232-F00604;PR232-M0182,fresh-byte-reverified-and-context-reviewed,accounted-reference,Exhaustive per-file accountability; focused semantic rows retained when independently meaningful.
pydns-scanner,hook-rich.py,e2b4f684ebc0fba72a9bb9a57271f84ceb350536be48384325ab9118aea415bb,257,0o644,implementation,authoritative,hook-rich.py,.py,PR232-F00605;PR232-M0183,fresh-byte-reverified-and-context-reviewed,reviewed-target-fit,Exhaustive per-file accountability; focused semantic rows retained when independently meaningful.
pydns-scanner,pydns-scanner.spec,f0ff7307ecc32f601754b99d7f0548f00c5b7e78124bad801a4f9b5ba31bde30,2165,0o644,operational,authoritative,pydns-scanner.spec,.spec,PR232-F00606;PR232-M0184,fresh-byte-reverified-and-context-reviewed,accounted-reference,Exhaustive per-file accountability; focused semantic rows retained when independently meaningful.
pydns-scanner,pyproject.toml,e2caf553eb27221e9fb228d0f2afe157beb596ee3801567df81f40ce58fd67b8,1942,0o644,configuration,authoritative,pyproject.toml,.toml,PR232-F00607;PR232-M0185,fresh-byte-reverified-and-context-reviewed,reviewed-target-fit,Exhaustive per-file accountability; focused semantic rows retained when independently meaningful.
pydns-scanner,python/__init__.py,63867d017cde4506f077a505ed802f019b556131f32c7739c62ee1e11010f548,379,0o644,implementation,authoritative,python/__init__.py,.py,PR232-F00608;PR232-M0186,fresh-byte-reverified-and-context-reviewed,reviewed-target-fit,Exhaustive per-file accountability; focused semantic rows retained when independently meaningful.
pydns-scanner,python/__main__.py,2fb79556c46b0b57eacd51b5420913f1fe470bbce8685c424e330a66668e88a0,127,0o644,implementation,authoritative,python/__main__.py,.py,PR232-F00609;PR232-M0187,fresh-byte-reverified-and-context-reviewed,reviewed-target-fit,Exhaustive per-file accountability; focused semantic rows retained when independently meaningful.
pydns-scanner,python/dnsscanner_tui.py,7855657dbc049e246c64f8a2adc508bc255cedb9c0ee97756c7618b12193d610,127449,0o644,implementation,authoritative,python/dnsscanner_tui.py,.py,PR232-F00610;PR232-M0188,fresh-byte-reverified-and-context-reviewed,reviewed-target-fit,Exhaustive per-file accountability; focused semantic rows retained when independently meaningful.
pydns-scanner,python/iran-ipv4.cidrs,9062665d19fd36810d85252aba4f6be71daafdf6fedf5563a6b811dccf07f21c,26575,0o644,operational,authoritative,python/iran-ipv4.cidrs,.cidrs,PR232-F00611;PR232-M0189,fresh-byte-reverified-and-context-reviewed,accounted-reference,Exhaustive per-file accountability; focused semantic rows retained when independently meaningful.
pydns-scanner,python/scanner/__init__.py,b665b8b0c340e805469a5382286868b33a3ca6fe3e41319af9d5311f53b7b966,1129,0o644,implementation,authoritative,python/scanner,.py,PR232-F00612;PR232-M0190,fresh-byte-reverified-and-context-reviewed,reviewed-target-fit,Exhaustive per-file accountability; focused semantic rows retained when independently meaningful.
pydns-scanner,python/scanner/config_mixin.py,10294bd380c0440303c82b1cc581867322a303b3634f6089b20381f602d675cf,1367,0o644,implementation,authoritative,python/scanner,.py,PR232-F00613;PR232-M0190,fresh-byte-reverified-and-context-reviewed,reviewed-target-fit,Exhaustive per-file accountability; focused semantic rows retained when independently meaningful.
pydns-scanner,python/scanner/constants.py,77a4dee406141e95b0f3c8715c6d443856284cedd5e2c1637526a345739f76a2,2960,0o644,implementation,authoritative,python/scanner,.py,PR232-F00614;PR232-M0190;PR232-S038,fresh-byte-reverified-and-context-reviewed,focused-adoption-or-guardrail,Exhaustive per-file accountability; focused semantic rows retained when independently meaningful.
pydns-scanner,python/scanner/extra_tests.py,152560b2acdc6cd809272aea3e331c1f30e4d0cfdcf6cde95fb398e47d921d29,21375,0o644,implementation,authoritative,python/scanner,.py,PR232-F00615;PR232-M0190,fresh-byte-reverified-and-context-reviewed,reviewed-target-fit,Exhaustive per-file accountability; focused semantic rows retained when independently meaningful.
pydns-scanner,python/scanner/ip_streaming.py,585217c97d8772ed99e4faf1845a9171bdba15e66766e3c0b20d29ee0849e933,16819,0o644,implementation,authoritative,python/scanner,.py,PR232-F00616;PR232-M0190;PR232-S039;PR232-S040,fresh-byte-reverified-and-context-reviewed,focused-adoption-or-guardrail,Exhaustive per-file accountability; focused semantic rows retained when independently meaningful.
pydns-scanner,python/scanner/isp_cache.py,691c5bdb6b0a9e172206d317ccabd032ee9f94870db682f59eb8a22f6825ed63,14234,0o644,implementation,authoritative,python/scanner,.py,PR232-F00617;PR232-M0190,fresh-byte-reverified-and-context-reviewed,reviewed-target-fit,Exhaustive per-file accountability; focused semantic rows retained when independently meaningful.
pydns-scanner,python/scanner/proxy_testing.py,82c35f3f8626af8f367c754ae08f819b722addbd273ed6c91a3e2dd9c7d7f23c,17175,0o644,implementation,authoritative,python/scanner,.py,PR232-F00618;PR232-M0190;PR232-S045,fresh-byte-reverified-and-context-reviewed,focused-adoption-or-guardrail,Exhaustive per-file accountability; focused semantic rows retained when independently meaningful.
pydns-scanner,python/scanner/results.py,aac45318f51c77b5672cc66efbb647bb371a30bf582a28a5b480934357befe8d,18512,0o644,implementation,authoritative,python/scanner,.py,PR232-F00619;PR232-M0190;PR232-S041,fresh-byte-reverified-and-context-reviewed,focused-adoption-or-guardrail,Exhaustive per-file accountability; focused semantic rows retained when independently meaningful.
pydns-scanner,python/scanner/slipnet.py,b964e23031ee51eefaa59bbddbc0a08e6b8f76ef6138e2488c470b63d60fad40,18957,0o644,implementation,authoritative,python/scanner,.py,PR232-F00620;PR232-M0190;PR232-S043,fresh-byte-reverified-and-context-reviewed,focused-adoption-or-guardrail,Exhaustive per-file accountability; focused semantic rows retained when independently meaningful.
pydns-scanner,python/scanner/slipstream.py,dedc436ba85f626e348f49b04a7698f825c20f2339b87671567c64cdd41a9cf4,20478,0o644,implementation,authoritative,python/scanner,.py,PR232-F00621;PR232-M0190;PR232-S042;PR232-S044,fresh-byte-reverified-and-context-reviewed,focused-adoption-or-guardrail,Exhaustive per-file accountability; focused semantic rows retained when independently meaningful.
pydns-scanner,python/scanner/utils.py,43309a0b70d17d25bb0d4b4a91871a86ddf97cb20aec676a81b7789cd4abbeaf,3793,0o644,implementation,authoritative,python/scanner,.py,PR232-F00622;PR232-M0190;PR232-S037,fresh-byte-reverified-and-context-reviewed,focused-adoption-or-guardrail,Exhaustive per-file accountability; focused semantic rows retained when independently meaningful.
pydns-scanner,python/scanner/widgets.py,7e7406fb6145653b56c0a2afdc9f8ce603ab1320c6b5d6122f305db1c632453e,6952,0o644,implementation,authoritative,python/scanner,.py,PR232-F00623;PR232-M0190;PR232-S047,fresh-byte-reverified-and-context-reviewed,focused-adoption-or-guardrail,Exhaustive per-file accountability; focused semantic rows retained when independently meaningful.
pydns-scanner,python/scanner/worker_pool.py,1d1e4bfcaefffdd1e47740bb0c93e4e5b004ba45b6c9a31aceafda33fcf1e72c,11032,0o644,implementation,authoritative,python/scanner,.py,PR232-F00624;PR232-M0190;PR232-S033;PR232-S034;PR232-S035;PR232-S036;PR232-S046,fresh-byte-reverified-and-context-reviewed,focused-adoption-or-guardrail,Exhaustive per-file accountability; focused semantic rows retained when independently meaningful.
pydns-scanner,python/slipnet-client/linux/.gitkeep,01ba4719c80b6fe911b091a7c05124b64eeece964e09c058ef8f9805daca546b,1,0o644,operational,authoritative,python/slipnet-client,n/a,PR232-F00625;PR232-M0191,fresh-byte-reverified-and-context-reviewed,accounted-reference,Exhaustive per-file accountability; focused semantic rows retained when independently meaningful.
pydns-scanner,python/slipnet-client/linux/slipnet-linux-amd64,447a98fa4bbdfa47cb05d5b067cef5c5276bb9a83dc6fa985e82f9f8582b734e,2781028,0o644,operational,authoritative,python/slipnet-client,n/a,PR232-F00626;PR232-M0191,fresh-byte-reverified-and-context-reviewed,accounted-reference,Exhaustive per-file accountability; focused semantic rows retained when independently meaningful.
pydns-scanner,python/slipnet-client/linux/slipnet-linux-arm64,2813e7f827ff54da793a0549bbd0e5922124ee364369e6966d67dec327fde74f,2372552,0o644,operational,authoritative,python/slipnet-client,n/a,PR232-F00627;PR232-M0191,fresh-byte-reverified-and-context-reviewed,accounted-reference,Exhaustive per-file accountability; focused semantic rows retained when independently meaningful.
pydns-scanner,python/slipnet-client/mac/.gitkeep,01ba4719c80b6fe911b091a7c05124b64eeece964e09c058ef8f9805daca546b,1,0o644,operational,authoritative,python/slipnet-client,n/a,PR232-F00628;PR232-M0191,fresh-byte-reverified-and-context-reviewed,accounted-reference,Exhaustive per-file accountability; focused semantic rows retained when independently meaningful.
pydns-scanner,python/slipnet-client/mac/slipnet-darwin-amd64,483efff25c7c2a7893f362a447709e28cfc62ab2bbf6565c4485c242bed07fd4,10811936,0o644,operational,authoritative,python/slipnet-client,n/a,PR232-F00629;PR232-M0191,fresh-byte-reverified-and-context-reviewed,accounted-reference,Exhaustive per-file accountability; focused semantic rows retained when independently meaningful.
pydns-scanner,python/slipnet-client/mac/slipnet-darwin-arm64,32e6aebca580765c3e15f4d0d9b704ab8b733b32fc572e37825a1b4f9d177288,9303234,0o644,operational,authoritative,python/slipnet-client,n/a,PR232-F00630;PR232-M0191,fresh-byte-reverified-and-context-reviewed,accounted-reference,Exhaustive per-file accountability; focused semantic rows retained when independently meaningful.
pydns-scanner,python/slipnet-client/windows/.gitkeep,01ba4719c80b6fe911b091a7c05124b64eeece964e09c058ef8f9805daca546b,1,0o644,operational,authoritative,python/slipnet-client,n/a,PR232-F00631;PR232-M0191,fresh-byte-reverified-and-context-reviewed,accounted-reference,Exhaustive per-file accountability; focused semantic rows retained when independently meaningful.
pydns-scanner,python/slipnet-client/windows/slipnet-windows-amd64.exe,7d25c636a15215fc6d16eb2559c9c9d8a8243157b941ebcd5cd2626c05f4d8ed,10923008,0o644,vendored,vendored,python/slipnet-client,.exe,PR232-F00632;PR232-M0191,fresh-byte-reverified-and-context-reviewed,accounted-reference,Exhaustive per-file accountability; focused semantic rows retained when independently meaningful.
pydns-scanner,python/slipstream-client/android/slipstream-client-linux-arm64,042d1d96cdfa8c4e5a856f3a696bdd3b39a3543b90e88093cbc1a2f53ae3b1d5,2040504,0o644,operational,authoritative,python/slipstream-client,n/a,PR232-F00633;PR232-M0192,fresh-byte-reverified-and-context-reviewed,accounted-reference,Exhaustive per-file accountability; focused semantic rows retained when independently meaningful.
pydns-scanner,python/slipstream-client/linux/slipstream-client-linux-amd64,a457693870e096622be5dea5b13c7403befbe21818e5a83ad80186d1be5ff62d,2280872,0o644,operational,authoritative,python/slipstream-client,n/a,PR232-F00634;PR232-M0192,fresh-byte-reverified-and-context-reviewed,accounted-reference,Exhaustive per-file accountability; focused semantic rows retained when independently meaningful.
pydns-scanner,python/slipstream-client/linux/slipstream-client-linux-arm64,042d1d96cdfa8c4e5a856f3a696bdd3b39a3543b90e88093cbc1a2f53ae3b1d5,2040504,0o644,operational,authoritative,python/slipstream-client,n/a,PR232-F00635;PR232-M0192,fresh-byte-reverified-and-context-reviewed,accounted-reference,Exhaustive per-file accountability; focused semantic rows retained when independently meaningful.
pydns-scanner,python/slipstream-client/mac/slipstream-client-darwin-amd64,546d65200fdf2467d0f555f6f47deb23d502bcb9ea777a954cf0ee37b8b2938a,1944920,0o644,operational,authoritative,python/slipstream-client,n/a,PR232-F00636;PR232-M0192,fresh-byte-reverified-and-context-reviewed,accounted-reference,Exhaustive per-file accountability; focused semantic rows retained when independently meaningful.
pydns-scanner,python/slipstream-client/mac/slipstream-client-darwin-arm64,a820c22a6fab23bcc3f065bf6c76449bf4952a47597def8559b64ace0c362a20,1707680,0o644,operational,authoritative,python/slipstream-client,n/a,PR232-F00637;PR232-M0192,fresh-byte-reverified-and-context-reviewed,accounted-reference,Exhaustive per-file accountability; focused semantic rows retained when independently meaningful.
pydns-scanner,python/slipstream-client/slipstream-client-all-platforms.tar.gz,7a4efcd7eac48f1000d54137d58106c2520d4f106a34ba8915cec15d0d3bff1f,9638588,0o644,generated,derived,python/slipstream-client,.gz,PR232-F00638;PR232-M0192,fresh-byte-reverified-and-context-reviewed,accounted-reference,Exhaustive per-file accountability; focused semantic rows retained when independently meaningful.
pydns-scanner,python/slipstream-client/slipstream-client-all-platforms.zip,b7f63875e69faec651726d6f025028367493e937dc8c2cbb498bf68b515fa317,9947428,0o644,generated,derived,python/slipstream-client,.zip,PR232-F00639;PR232-M0192,fresh-byte-reverified-and-context-reviewed,accounted-reference,Exhaustive per-file accountability; focused semantic rows retained when independently meaningful.
pydns-scanner,python/slipstream-client/windows/libcrypto-3-x64.dll,5527ff18dd749687d886ef7f383463b6ce7bca66c773d6ff94f40190da853ebe,4790120,0o644,vendored,vendored,python/slipstream-client,.dll,PR232-F00640;PR232-M0192,fresh-byte-reverified-and-context-reviewed,accounted-reference,Exhaustive per-file accountability; focused semantic rows retained when independently meaningful.
pydns-scanner,python/slipstream-client/windows/libssl-3-x64.dll,96dde73df4a2df72d5fc788e1ad99c6adf388cd42c2f874cf8d6a883a3654bf7,549888,0o644,vendored,vendored,python/slipstream-client,.dll,PR232-F00641;PR232-M0192,fresh-byte-reverified-and-context-reviewed,accounted-reference,Exhaustive per-file accountability; focused semantic rows retained when independently meaningful.
pydns-scanner,python/slipstream-client/windows/slipstream-client-windows-amd64.exe,735e4116d3056527fd7838a574b6511a535512d6fc2584b0bf80a192b4feba12,6736384,0o644,vendored,vendored,python/slipstream-client,.exe,PR232-F00642;PR232-M0192,fresh-byte-reverified-and-context-reviewed,accounted-reference,Exhaustive per-file accountability; focused semantic rows retained when independently meaningful.
pydns-scanner,requirements-full.txt,ff612a623d033ecc2eafca58dbeac3af6b3aa2dc3ad236803e911ce62cb28e22,432,0o644,operational,authoritative,requirements-full.txt,.txt,PR232-F00643;PR232-M0193,fresh-byte-reverified-and-context-reviewed,accounted-reference,Exhaustive per-file accountability; focused semantic rows retained when independently meaningful.
pydns-scanner,requirements.txt,6ee4ef7f617250244f68f1216f63b9e15cca88f9d69430282125aa7813c48d52,823,0o644,configuration,authoritative,requirements.txt,.txt,PR232-F00644;PR232-M0194,fresh-byte-reverified-and-context-reviewed,reviewed-target-fit,Exhaustive per-file accountability; focused semantic rows retained when independently meaningful.
pydns-scanner,static/icon.ico,13660c6d683f1b2de7f6322a8886262e93fcfb5b7a4d5040aad3d6658b823ea4,44388,0o644,media,derived,static,.ico,PR232-F00645;PR232-M0195,fresh-byte-reverified-and-context-reviewed,accounted-reference,Exhaustive per-file accountability; focused semantic rows retained when independently meaningful.
splitpt,.gitignore,56291442b777ac9285ca212d93f1d20d3a7e8417fde1927b422454fc0e7619f7,69,0o644,repository-administration,authoritative,.gitignore,n/a,PR232-F00646;PR232-M0196,fresh-byte-reverified-and-context-reviewed,accounted-reference,Exhaustive per-file accountability; focused semantic rows retained when independently meaningful.
splitpt,LICENSE,81f75fe0a4cc089f2665b31f0a653663bead6a466d4e0346b8ecbade4a08cf78,1776,0o644,documentation,authoritative,LICENSE,n/a,PR232-F00647;PR232-M0197,fresh-byte-reverified-and-context-reviewed,accounted-reference,Exhaustive per-file accountability; focused semantic rows retained when independently meaningful.
splitpt,README.md,c008b84f9c8cc060f4225eb9d081ade2d7d10add140ebcd5350675bca259450e,467,0o644,documentation,authoritative,README.md,.md,PR232-F00648;PR232-M0198,fresh-byte-reverified-and-context-reviewed,accounted-reference,Exhaustive per-file accountability; focused semantic rows retained when independently meaningful.
splitpt,client/build.sh,6b4007dd1f3fd8a1552c4f032bc4f4461816f72f9772529a5601c2fcd41a48cd,19,0o755,script,authoritative,client/build.sh,.sh,PR232-F00649;PR232-M0199,fresh-byte-reverified-and-context-reviewed,reviewed-target-fit,Exhaustive per-file accountability; focused semantic rows retained when independently meaningful.
splitpt,client/lib/client-config.go,fc01b422dfb6bbd01a7abc1a30728119769392d197f08403fd2e3a4df37d3f73,1215,0o644,implementation,authoritative,client/lib,.go,PR232-F00650;PR232-M0200;PR232-S003,fresh-byte-reverified-and-context-reviewed,focused-adoption-or-guardrail,Exhaustive per-file accountability; focused semantic rows retained when independently meaningful.
splitpt,client/lib/lyrebird.go,2ba2bc52cd337de095dddc218da11a221ef715f971275de5cdfa0f075c0012ee,2149,0o644,implementation,authoritative,client/lib,.go,PR232-F00651;PR232-M0200;PR232-S009,fresh-byte-reverified-and-context-reviewed,focused-adoption-or-guardrail,Exhaustive per-file accountability; focused semantic rows retained when independently meaningful.
splitpt,client/lib/splitpt.go,eb6d43514730b920dbf3fa2de93f1769bc270e323b48c1f0c46a68adf946965f,3720,0o644,implementation,authoritative,client/lib,.go,PR232-F00652;PR232-M0200,fresh-byte-reverified-and-context-reviewed,reviewed-target-fit,Exhaustive per-file accountability; focused semantic rows retained when independently meaningful.
splitpt,client/run.sh,c37427b846fe8e2eb767798aa409b726c1bb2484e5a458e7e8b8e5b5220c0649,13,0o755,script,authoritative,client/run.sh,.sh,PR232-F00653;PR232-M0201,fresh-byte-reverified-and-context-reviewed,reviewed-target-fit,Exhaustive per-file accountability; focused semantic rows retained when independently meaningful.
splitpt,client/splitpt-config.toml,2ecc1b3992d5f97b1fc002e912ae6642a9705137b0499a23afe4810de4467330,459,0o644,configuration,authoritative,client/splitpt-config.toml,.toml,PR232-F00654;PR232-M0202,fresh-byte-reverified-and-context-reviewed,reviewed-target-fit,Exhaustive per-file accountability; focused semantic rows retained when independently meaningful.
splitpt,client/splitpt.go,09336b9d89294b29ccb12604812cee9b51876f7b80a738dff55bebe175792ab7,4953,0o644,implementation,authoritative,client/splitpt.go,.go,PR232-F00655;PR232-M0203,fresh-byte-reverified-and-context-reviewed,reviewed-target-fit,Exhaustive per-file accountability; focused semantic rows retained when independently meaningful.
splitpt,client/torrc,411ecfa194200612a9142a576c6c3c9067eba0ba0d7cd1c7c4d2d0607defb8c9,168,0o644,operational,authoritative,client/torrc,n/a,PR232-F00656;PR232-M0204,fresh-byte-reverified-and-context-reviewed,accounted-reference,Exhaustive per-file accountability; focused semantic rows retained when independently meaningful.
splitpt,common/split/random.go,e51c08a0b6e1754a76a266b8b5fc9d37150f614199266bd945c8421f68e8c734,5575,0o644,implementation,authoritative,common/split,.go,PR232-F00657;PR232-M0205;PR232-S002,fresh-byte-reverified-and-context-reviewed,focused-adoption-or-guardrail,Exhaustive per-file accountability; focused semantic rows retained when independently meaningful.
splitpt,common/split/round-robin.go,324e516c713b83aa4c6ce7a98bb82f5541d33111dcfcb8915a323bbc86a311cf,5714,0o644,implementation,authoritative,common/split,.go,PR232-F00658;PR232-M0205;PR232-S001,fresh-byte-reverified-and-context-reviewed,focused-adoption-or-guardrail,Exhaustive per-file accountability; focused semantic rows retained when independently meaningful.
splitpt,common/split/splittingpacketconn.go,655f0db0cd30219f08b5d98b6f1b606db5b653391468a99da7a705ca7434d45d,911,0o644,implementation,authoritative,common/split,.go,PR232-F00659;PR232-M0205,fresh-byte-reverified-and-context-reviewed,reviewed-target-fit,Exhaustive per-file accountability; focused semantic rows retained when independently meaningful.
splitpt,common/turbotunnel/README.md,774e76795d8d4e4ed49adf4bd1084b218630da8ae9094b1c87f6931ed94e9fbe,158,0o644,documentation,authoritative,common/turbotunnel,.md,PR232-F00660;PR232-M0206,fresh-byte-reverified-and-context-reviewed,accounted-reference,Exhaustive per-file accountability; focused semantic rows retained when independently meaningful.
splitpt,common/turbotunnel/encapsulation.go,4d9b3080437b9da63b1d0a9d9944415b07bde51bae4b499f107eae1e171bcc1e,823,0o644,implementation,authoritative,common/turbotunnel,.go,PR232-F00661;PR232-M0206;PR232-S005,fresh-byte-reverified-and-context-reviewed,focused-adoption-or-guardrail,Exhaustive per-file accountability; focused semantic rows retained when independently meaningful.
splitpt,common/turbotunnel/listenerpacketconn.go,470a8d515ce1816f021dd260ef6076820fb8315fd1a156316fdfc936347872a2,1894,0o644,implementation,authoritative,common/turbotunnel,.go,PR232-F00662;PR232-M0206,fresh-byte-reverified-and-context-reviewed,reviewed-target-fit,Exhaustive per-file accountability; focused semantic rows retained when independently meaningful.
splitpt,common/turbotunnel/queuepacketconn.go,ea4b521c455db69a8db09af65017d60c07391355e79353a73787f4bda12c2eae,4644,0o644,implementation,authoritative,common/turbotunnel,.go,PR232-F00663;PR232-M0206;PR232-S006;PR232-S007,fresh-byte-reverified-and-context-reviewed,focused-adoption-or-guardrail,Exhaustive per-file accountability; focused semantic rows retained when independently meaningful.
splitpt,common/turbotunnel/redialpacketconn.go,1c9076c35698819bfaf19ad6a7f9bea2249877704cc7e699488a1237603b1ac1,5638,0o644,implementation,authoritative,common/turbotunnel,.go,PR232-F00664;PR232-M0206;PR232-S008,fresh-byte-reverified-and-context-reviewed,focused-adoption-or-guardrail,Exhaustive per-file accountability; focused semantic rows retained when independently meaningful.
splitpt,common/turbotunnel/remotemap.go,13408fe8c9b8bc9537a360044efb088243725182b25964e3edb3b48cdc5fd551,4333,0o644,implementation,authoritative,common/turbotunnel,.go,PR232-F00665;PR232-M0206,fresh-byte-reverified-and-context-reviewed,reviewed-target-fit,Exhaustive per-file accountability; focused semantic rows retained when independently meaningful.
splitpt,common/turbotunnel/sessionid.go,be3db0a43cefa039063177ea56d23309e5b627a807e4020ff3b04014679d522e,382,0o644,implementation,authoritative,common/turbotunnel,.go,PR232-F00666;PR232-M0206;PR232-S004,fresh-byte-reverified-and-context-reviewed,focused-adoption-or-guardrail,Exhaustive per-file accountability; focused semantic rows retained when independently meaningful.
splitpt,go.mod,9fb3a8cb7998471762a62c3315ea2892081babcd7b619df525721fe190127619,3400,0o644,configuration,authoritative,go.mod,.mod,PR232-F00667;PR232-M0207,fresh-byte-reverified-and-context-reviewed,reviewed-target-fit,Exhaustive per-file accountability; focused semantic rows retained when independently meaningful.
splitpt,go.sum,b9d2b5b978a7a7a74506aad555c11b47bc82988a29194466b25f608e4e3a1483,19150,0o644,configuration,authoritative,go.sum,.sum,PR232-F00668;PR232-M0208,fresh-byte-reverified-and-context-reviewed,reviewed-target-fit,Exhaustive per-file accountability; focused semantic rows retained when independently meaningful.
splitpt,pt-setup/client-state/obfs4_bridgeline.txt,4a18c6b0bd4264cad7f2a426cc08bfb9b200567fcbc41c283d6ed2547e39642b,568,0o644,operational,authoritative,pt-setup/client-state,.txt,PR232-F00669;PR232-M0209,fresh-byte-reverified-and-context-reviewed,accounted-reference,Exhaustive per-file accountability; focused semantic rows retained when independently meaningful.
splitpt,pt-setup/client-state/obfs4_state.json,16766c160633e5a18b2268386674997495152570fd6a8071c20d588a1c1dfcbc,291,0o644,configuration,authoritative,pt-setup/client-state,.json,PR232-F00670;PR232-M0209,fresh-byte-reverified-and-context-reviewed,reviewed-target-fit,Exhaustive per-file accountability; focused semantic rows retained when independently meaningful.
splitpt,pt-setup/obfs4-client.sh,07e155c8b8a69ab58a66c904f97ab0e4034d962f14fdf50347f5468ce5b9bab0,130,0o755,script,authoritative,pt-setup/obfs4-client.sh,.sh,PR232-F00671;PR232-M0210,fresh-byte-reverified-and-context-reviewed,reviewed-target-fit,Exhaustive per-file accountability; focused semantic rows retained when independently meaningful.
splitpt,pt-setup/obfs4-server.sh,2a004c4a04034c42d9cb3b655deb26eaf228192fe9d25c51a4c090dbfe29cc6c,246,0o755,script,authoritative,pt-setup/obfs4-server.sh,.sh,PR232-F00672;PR232-M0211,fresh-byte-reverified-and-context-reviewed,reviewed-target-fit,Exhaustive per-file accountability; focused semantic rows retained when independently meaningful.
splitpt,pt-setup/obfs4_bridgeline.txt,167a6dd2c25482e7852a44743949ea5c4af892a069455bee3f46b06e44f77762,568,0o644,operational,authoritative,pt-setup/obfs4_bridgeline.txt,.txt,PR232-F00673;PR232-M0212,fresh-byte-reverified-and-context-reviewed,accounted-reference,Exhaustive per-file accountability; focused semantic rows retained when independently meaningful.
splitpt,pt-setup/obfs4_state.json,0ee06c96eb77b80b420378fb1536c6fe1a606ee239bf215013f4b0a50a772eb0,291,0o644,configuration,authoritative,pt-setup/obfs4_state.json,.json,PR232-F00674;PR232-M0213,fresh-byte-reverified-and-context-reviewed,reviewed-target-fit,Exhaustive per-file accountability; focused semantic rows retained when independently meaningful.
splitpt,pt-setup/server-state/.lyrebird.log.swp,20b4bd622e779de1538b34bdff71514a44a7e1da16e3907e8f222cc899c29a5a,12288,0o644,operational,authoritative,pt-setup/server-state,.swp,PR232-F00675;PR232-M0214,fresh-byte-reverified-and-context-reviewed,accounted-reference,Exhaustive per-file accountability; focused semantic rows retained when independently meaningful.
splitpt,pt-setup/server-state/obfs4_bridgeline.txt,0a392df524534d93ef9561449ce9126cbd7ed2a644209c7b3d80fb2ad750e45a,568,0o644,operational,authoritative,pt-setup/server-state,.txt,PR232-F00676;PR232-M0214,fresh-byte-reverified-and-context-reviewed,accounted-reference,Exhaustive per-file accountability; focused semantic rows retained when independently meaningful.
splitpt,pt-setup/server-state/obfs4_state.json,4687d508ef3c8309e5bb6e92c07ed920aad39ab15207b250e065d084b2c7e389,291,0o644,configuration,authoritative,pt-setup/server-state,.json,PR232-F00677;PR232-M0214,fresh-byte-reverified-and-context-reviewed,reviewed-target-fit,Exhaustive per-file accountability; focused semantic rows retained when independently meaningful.
splitpt,server/server.go,41f4c8f15fdfb6e004fe51f5eb5e781e0772a58294fa9b97f806ec7f9283105e,3367,0o644,implementation,authoritative,server/server.go,.go,PR232-F00678;PR232-M0215,fresh-byte-reverified-and-context-reviewed,reviewed-target-fit,Exhaustive per-file accountability; focused semantic rows retained when independently meaningful.
splitpt,server/torrc,12e64349f57b637bca51d442da438f3c4f0029bd824eb988b816681272eb6685,147,0o644,operational,authoritative,server/torrc,n/a,PR232-F00679;PR232-M0216,fresh-byte-reverified-and-context-reviewed,accounted-reference,Exhaustive per-file accountability; focused semantic rows retained when independently meaningful.
splitpt,tests/shadow/README,bf2a2cbadab2ab5f9b5afbaf9e90bb90c2219257b1e6e4e87033aeb64c6c9412,132,0o644,documentation,authoritative,tests/shadow,n/a,PR232-F00680;PR232-M0217,fresh-byte-reverified-and-context-reviewed,accounted-reference,Exhaustive per-file accountability; focused semantic rows retained when independently meaningful.
splitpt,tests/shadow/shadow.data.template/conf/resolv.conf,388b5f50173389e3c7648e1c2180883dd1c27ae7739f7b9f9de82b293f3a3b6f,21,0o644,test,authoritative,tests/shadow,.conf,PR232-F00681;PR232-M0217,fresh-byte-reverified-and-context-reviewed,reviewed-target-fit,Exhaustive per-file accountability; focused semantic rows retained when independently meaningful.
splitpt,tests/shadow/shadow.data.template/conf/tor-common.torrc,8b68439e56cd5d611e98dc2b99016c48587732daeb3f1b6498521d9fc0e9e5da,732,0o644,test,authoritative,tests/shadow,.torrc,PR232-F00682;PR232-M0217,fresh-byte-reverified-and-context-reviewed,reviewed-target-fit,Exhaustive per-file accountability; focused semantic rows retained when independently meaningful.
splitpt,tests/shadow/shadow.data.template/conf/torrc.template,f1a28d58cf4accfff86ea4514018f0d6f88849b62a9dcb9cc6bf7254253d4c7a,167,0o644,test,authoritative,tests/shadow,.template,PR232-F00683;PR232-M0217,fresh-byte-reverified-and-context-reviewed,reviewed-target-fit,Exhaustive per-file accountability; focused semantic rows retained when independently meaningful.
splitpt,tests/shadow/shadow.data.template/hosts/4uthority/fingerprint,f5489d860645949800d864408c7a42e2f6e17a6b1bf3b9022205c8df7a1f9b7d,49,0o644,test,authoritative,tests/shadow,n/a,PR232-F00684;PR232-M0217,fresh-byte-reverified-and-context-reviewed,reviewed-target-fit,Exhaustive per-file accountability; focused semantic rows retained when independently meaningful.
splitpt,tests/shadow/shadow.data.template/hosts/4uthority/keys/authority_certificate,1b1a99c872b6edaa1e2da79b71a2b15609175a113e4ac26f7064d0ea66c38287,1883,0o644,test,authoritative,tests/shadow,n/a,PR232-F00685;PR232-M0217,fresh-byte-reverified-and-context-reviewed,reviewed-target-fit,Exhaustive per-file accountability; focused semantic rows retained when independently meaningful.
splitpt,tests/shadow/shadow.data.template/hosts/4uthority/keys/authority_identity_key,6b4231503bc02b414ec9eaddf7e6df455db4770afbbf240432473ccc31444b13,2565,0o644,test,authoritative,tests/shadow,n/a,PR232-F00686;PR232-M0217;PR232-S010,fresh-byte-reverified-and-context-reviewed,focused-adoption-or-guardrail,Exhaustive per-file accountability; focused semantic rows retained when independently meaningful.
splitpt,tests/shadow/shadow.data.template/hosts/4uthority/keys/authority_signing_key,f890dbf8164b84ede06f70963aa82bb325b0bb582894a0514cef2a313b497fe1,887,0o644,test,authoritative,tests/shadow,n/a,PR232-F00687;PR232-M0217,fresh-byte-reverified-and-context-reviewed,reviewed-target-fit,Exhaustive per-file accountability; focused semantic rows retained when independently meaningful.
splitpt,tests/shadow/shadow.data.template/hosts/4uthority/keys/secret_id_key,f101e13e55433fb14cccd38fd5655ea467554636948c6e26b0758ba6326d899c,887,0o644,test,authoritative,tests/shadow,n/a,PR232-F00688;PR232-M0217,fresh-byte-reverified-and-context-reviewed,reviewed-target-fit,Exhaustive per-file accountability; focused semantic rows retained when independently meaningful.
splitpt,tests/shadow/shadow.data.template/hosts/4uthority/keys/secret_onion_key,8321c702f1b91659a082ec7349c372a46b4ee254dcad81e853328fc56fb7f93c,887,0o644,test,authoritative,tests/shadow,n/a,PR232-F00689;PR232-M0217,fresh-byte-reverified-and-context-reviewed,reviewed-target-fit,Exhaustive per-file accountability; focused semantic rows retained when independently meaningful.
splitpt,tests/shadow/shadow.data.template/hosts/4uthority/torrc,8b55d4f0a2ce431b7e38c203ba2ce89d6fd618467d728f99b9037456038822f9,531,0o644,test,authoritative,tests/shadow,n/a,PR232-F00690;PR232-M0217,fresh-byte-reverified-and-context-reviewed,reviewed-target-fit,Exhaustive per-file accountability; focused semantic rows retained when independently meaningful.
splitpt,tests/shadow/shadow.data.template/hosts/4uthority/torrc-defaults,c55c090d9c7a43516a6bb160d09ba1b0be8cfb0680a648b1d6c4427b41256d12,37,0o644,test,authoritative,tests/shadow,n/a,PR232-F00691;PR232-M0217,fresh-byte-reverified-and-context-reviewed,reviewed-target-fit,Exhaustive per-file accountability; focused semantic rows retained when independently meaningful.
splitpt,tests/shadow/shadow.data.template/hosts/4uthority/v3bw,7e3528ec7f4d92781c292dee8d8c1c358aced040dffc34baa841e9a841682fb6,501,0o644,test,authoritative,tests/shadow,n/a,PR232-F00692;PR232-M0217,fresh-byte-reverified-and-context-reviewed,reviewed-target-fit,Exhaustive per-file accountability; focused semantic rows retained when independently meaningful.
splitpt,tests/shadow/shadow.data.template/hosts/bridge1/server-state/.lyrebird.log.swp,20b4bd622e779de1538b34bdff71514a44a7e1da16e3907e8f222cc899c29a5a,12288,0o644,test,authoritative,tests/shadow,.swp,PR232-F00693;PR232-M0217,fresh-byte-reverified-and-context-reviewed,reviewed-target-fit,Exhaustive per-file accountability; focused semantic rows retained when independently meaningful.
splitpt,tests/shadow/shadow.data.template/hosts/bridge1/server-state/lyrebird.log,24176ab38b07b62431adfad3f4dfc8051e897a95be8133c98bad656b52d57372,3662,0o644,test,authoritative,tests/shadow,.log,PR232-F00694;PR232-M0217,fresh-byte-reverified-and-context-reviewed,reviewed-target-fit,Exhaustive per-file accountability; focused semantic rows retained when independently meaningful.
splitpt,tests/shadow/shadow.data.template/hosts/bridge1/server-state/obfs4_bridgeline.txt,0a392df524534d93ef9561449ce9126cbd7ed2a644209c7b3d80fb2ad750e45a,568,0o644,test,authoritative,tests/shadow,.txt,PR232-F00695;PR232-M0217,fresh-byte-reverified-and-context-reviewed,reviewed-target-fit,Exhaustive per-file accountability; focused semantic rows retained when independently meaningful.
splitpt,tests/shadow/shadow.data.template/hosts/bridge1/server-state/obfs4_state.json,4687d508ef3c8309e5bb6e92c07ed920aad39ab15207b250e065d084b2c7e389,291,0o644,test,authoritative,tests/shadow,.json,PR232-F00696;PR232-M0217,fresh-byte-reverified-and-context-reviewed,reviewed-target-fit,Exhaustive per-file accountability; focused semantic rows retained when independently meaningful.
splitpt,tests/shadow/shadow.data.template/hosts/client/splitpt-config.toml,35d07bc9f08182d19c46965ce3dd98253e65134a6de920e33342f85e6b254418,455,0o644,test,authoritative,tests/shadow,.toml,PR232-F00697;PR232-M0217,fresh-byte-reverified-and-context-reviewed,reviewed-target-fit,Exhaustive per-file accountability; focused semantic rows retained when independently meaningful.
splitpt,tests/shadow/shadow.data.template/hosts/client/tgen-client.graphml.xml,d589573a3755e1aed2e2ad8f09f9ac871fe43d76113636ef73b329e0be3bd12d,1355,0o644,test,authoritative,tests/shadow,.xml,PR232-F00698;PR232-M0217,fresh-byte-reverified-and-context-reviewed,reviewed-target-fit,Exhaustive per-file accountability; focused semantic rows retained when independently meaningful.
splitpt,tests/shadow/shadow.data.template/hosts/client/torrc-defaults,c55c090d9c7a43516a6bb160d09ba1b0be8cfb0680a648b1d6c4427b41256d12,37,0o644,test,authoritative,tests/shadow,n/a,PR232-F00699;PR232-M0217,fresh-byte-reverified-and-context-reviewed,reviewed-target-fit,Exhaustive per-file accountability; focused semantic rows retained when independently meaningful.
splitpt,tests/shadow/shadow.data.template/hosts/exit1/fingerprint,83df51ed7e46cf352fbb8089d2d1d8134921911280f2ed88bc87f791f3b01916,47,0o644,test,authoritative,tests/shadow,n/a,PR232-F00700;PR232-M0217,fresh-byte-reverified-and-context-reviewed,reviewed-target-fit,Exhaustive per-file accountability; focused semantic rows retained when independently meaningful.
splitpt,tests/shadow/shadow.data.template/hosts/exit1/keys/secret_id_key,264e8b2c9009e58f12df1d3388698cc5b86645274fa2ceda57a4ad213de41eca,887,0o644,test,authoritative,tests/shadow,n/a,PR232-F00701;PR232-M0217,fresh-byte-reverified-and-context-reviewed,reviewed-target-fit,Exhaustive per-file accountability; focused semantic rows retained when independently meaningful.
splitpt,tests/shadow/shadow.data.template/hosts/exit1/keys/secret_onion_key,610beaff6193f347c04f86d0e08e09350645da6b74d8e898bba1dc3b4ab5e85e,887,0o644,test,authoritative,tests/shadow,n/a,PR232-F00702;PR232-M0217,fresh-byte-reverified-and-context-reviewed,reviewed-target-fit,Exhaustive per-file accountability; focused semantic rows retained when independently meaningful.
splitpt,tests/shadow/shadow.data.template/hosts/exit1/keys/secret_onion_key_ntor,9784d10e1997aa5ebbd71ae856fb7387a832348c2adbba3ad19f7db6f54aa9cd,96,0o644,test,authoritative,tests/shadow,n/a,PR232-F00703;PR232-M0217,fresh-byte-reverified-and-context-reviewed,reviewed-target-fit,Exhaustive per-file accountability; focused semantic rows retained when independently meaningful.
splitpt,tests/shadow/shadow.data.template/hosts/exit1/torrc,50764037899424afa6516ffaca42c6536bdecc599162baccabc78c0aa8d60c91,71,0o644,test,authoritative,tests/shadow,n/a,PR232-F00704;PR232-M0217,fresh-byte-reverified-and-context-reviewed,reviewed-target-fit,Exhaustive per-file accountability; focused semantic rows retained when independently meaningful.
splitpt,tests/shadow/shadow.data.template/hosts/exit1/torrc-defaults,c55c090d9c7a43516a6bb160d09ba1b0be8cfb0680a648b1d6c4427b41256d12,37,0o644,test,authoritative,tests/shadow,n/a,PR232-F00705;PR232-M0217,fresh-byte-reverified-and-context-reviewed,reviewed-target-fit,Exhaustive per-file accountability; focused semantic rows retained when independently meaningful.
splitpt,tests/shadow/shadow.data.template/hosts/exit2/fingerprint,34b806cf214ebcbee811e944821bcdaad00bbaafefbbd97e53c7d56352de9041,47,0o644,test,authoritative,tests/shadow,n/a,PR232-F00706;PR232-M0217,fresh-byte-reverified-and-context-reviewed,reviewed-target-fit,Exhaustive per-file accountability; focused semantic rows retained when independently meaningful.
splitpt,tests/shadow/shadow.data.template/hosts/exit2/keys/secret_id_key,5059d44bbe0fa7fce7c5363997a96cdc27be1669e26ee0d5d6ad529a43d4cac5,887,0o644,test,authoritative,tests/shadow,n/a,PR232-F00707;PR232-M0217,fresh-byte-reverified-and-context-reviewed,reviewed-target-fit,Exhaustive per-file accountability; focused semantic rows retained when independently meaningful.
splitpt,tests/shadow/shadow.data.template/hosts/exit2/keys/secret_onion_key,2a8249720d3aa37a056ce41d463d47917da9ea8699d7543464f2600050150a0c,887,0o644,test,authoritative,tests/shadow,n/a,PR232-F00708;PR232-M0217,fresh-byte-reverified-and-context-reviewed,reviewed-target-fit,Exhaustive per-file accountability; focused semantic rows retained when independently meaningful.
splitpt,tests/shadow/shadow.data.template/hosts/exit2/keys/secret_onion_key_ntor,d28d7b72182d4c4ab756c81c75f270e69d28c79ba51645160a64b2b89f33ef87,96,0o644,test,authoritative,tests/shadow,n/a,PR232-F00709;PR232-M0217,fresh-byte-reverified-and-context-reviewed,reviewed-target-fit,Exhaustive per-file accountability; focused semantic rows retained when independently meaningful.
splitpt,tests/shadow/shadow.data.template/hosts/exit2/torrc,50764037899424afa6516ffaca42c6536bdecc599162baccabc78c0aa8d60c91,71,0o644,test,authoritative,tests/shadow,n/a,PR232-F00710;PR232-M0217,fresh-byte-reverified-and-context-reviewed,reviewed-target-fit,Exhaustive per-file accountability; focused semantic rows retained when independently meaningful.
splitpt,tests/shadow/shadow.data.template/hosts/exit2/torrc-defaults,c55c090d9c7a43516a6bb160d09ba1b0be8cfb0680a648b1d6c4427b41256d12,37,0o644,test,authoritative,tests/shadow,n/a,PR232-F00711;PR232-M0217,fresh-byte-reverified-and-context-reviewed,reviewed-target-fit,Exhaustive per-file accountability; focused semantic rows retained when independently meaningful.
splitpt,tests/shadow/shadow.data.template/hosts/relay1/fingerprint,114c87741635c0235d329dfa786b4fe6773c13fe1c915bc6a07b25a93a728b6f,48,0o644,test,authoritative,tests/shadow,n/a,PR232-F00712;PR232-M0217,fresh-byte-reverified-and-context-reviewed,reviewed-target-fit,Exhaustive per-file accountability; focused semantic rows retained when independently meaningful.
splitpt,tests/shadow/shadow.data.template/hosts/relay1/keys/secret_id_key,f6247fc23c53dfb31b255abb4fe444ab5b73afd74edc22a6463ebe0d629c5d19,887,0o644,test,authoritative,tests/shadow,n/a,PR232-F00713;PR232-M0217,fresh-byte-reverified-and-context-reviewed,reviewed-target-fit,Exhaustive per-file accountability; focused semantic rows retained when independently meaningful.
splitpt,tests/shadow/shadow.data.template/hosts/relay1/keys/secret_onion_key,a2627cbcbe999389c4dd6a1bec2766f203dfe745bbadd463f2c6b0638be38459,887,0o644,test,authoritative,tests/shadow,n/a,PR232-F00714;PR232-M0217,fresh-byte-reverified-and-context-reviewed,reviewed-target-fit,Exhaustive per-file accountability; focused semantic rows retained when independently meaningful.
splitpt,tests/shadow/shadow.data.template/hosts/relay1/keys/secret_onion_key_ntor,7bcbc2433fd6c4bb6e4bd4620fddd09dc8f7d30030fa8d1f8d8a1425b269245d,96,0o644,test,authoritative,tests/shadow,n/a,PR232-F00715;PR232-M0217,fresh-byte-reverified-and-context-reviewed,reviewed-target-fit,Exhaustive per-file accountability; focused semantic rows retained when independently meaningful.
splitpt,tests/shadow/shadow.data.template/hosts/relay1/torrc,13a8240c89466cc33f3f740ead0359f1a53c083d9d8566af26b8c2e1802fa470,71,0o644,test,authoritative,tests/shadow,n/a,PR232-F00716;PR232-M0217,fresh-byte-reverified-and-context-reviewed,reviewed-target-fit,Exhaustive per-file accountability; focused semantic rows retained when independently meaningful.
splitpt,tests/shadow/shadow.data.template/hosts/relay1/torrc-defaults,c55c090d9c7a43516a6bb160d09ba1b0be8cfb0680a648b1d6c4427b41256d12,37,0o644,test,authoritative,tests/shadow,n/a,PR232-F00717;PR232-M0217,fresh-byte-reverified-and-context-reviewed,reviewed-target-fit,Exhaustive per-file accountability; focused semantic rows retained when independently meaningful.
splitpt,tests/shadow/shadow.data.template/hosts/relay2/fingerprint,a7aca05a103d11dd0b14a8c2af7f12f27ec1f6cc50230f299d249d958ff1815c,48,0o644,test,authoritative,tests/shadow,n/a,PR232-F00718;PR232-M0217,fresh-byte-reverified-and-context-reviewed,reviewed-target-fit,Exhaustive per-file accountability; focused semantic rows retained when independently meaningful.
splitpt,tests/shadow/shadow.data.template/hosts/relay2/keys/secret_id_key,7cd2c8303511b50e1a9505714399799a67913af149bba0e32a82539ec4090549,887,0o644,test,authoritative,tests/shadow,n/a,PR232-F00719;PR232-M0217,fresh-byte-reverified-and-context-reviewed,reviewed-target-fit,Exhaustive per-file accountability; focused semantic rows retained when independently meaningful.
splitpt,tests/shadow/shadow.data.template/hosts/relay2/keys/secret_onion_key,e9a08a4d445b19f23f11343c8f0240fc1be3dbddec25a347ab03f78608ec2593,887,0o644,test,authoritative,tests/shadow,n/a,PR232-F00720;PR232-M0217,fresh-byte-reverified-and-context-reviewed,reviewed-target-fit,Exhaustive per-file accountability; focused semantic rows retained when independently meaningful.
splitpt,tests/shadow/shadow.data.template/hosts/relay2/keys/secret_onion_key_ntor,6c4c7dab7e2b5df3a156ea0ff23d4c54a0ce98550f7fd33b0efbd4591c99d538,96,0o644,test,authoritative,tests/shadow,n/a,PR232-F00721;PR232-M0217,fresh-byte-reverified-and-context-reviewed,reviewed-target-fit,Exhaustive per-file accountability; focused semantic rows retained when independently meaningful.
splitpt,tests/shadow/shadow.data.template/hosts/relay2/torrc,13a8240c89466cc33f3f740ead0359f1a53c083d9d8566af26b8c2e1802fa470,71,0o644,test,authoritative,tests/shadow,n/a,PR232-F00722;PR232-M0217,fresh-byte-reverified-and-context-reviewed,reviewed-target-fit,Exhaustive per-file accountability; focused semantic rows retained when independently meaningful.
splitpt,tests/shadow/shadow.data.template/hosts/relay2/torrc-defaults,c55c090d9c7a43516a6bb160d09ba1b0be8cfb0680a648b1d6c4427b41256d12,37,0o644,test,authoritative,tests/shadow,n/a,PR232-F00723;PR232-M0217,fresh-byte-reverified-and-context-reviewed,reviewed-target-fit,Exhaustive per-file accountability; focused semantic rows retained when independently meaningful.
splitpt,tests/shadow/shadow.data.template/hosts/relay3/fingerprint,cd13fc115666c6f0afc77dd1978311dcd2089ab4676455004a5e61651328d9f5,48,0o644,test,authoritative,tests/shadow,n/a,PR232-F00724;PR232-M0217,fresh-byte-reverified-and-context-reviewed,reviewed-target-fit,Exhaustive per-file accountability; focused semantic rows retained when independently meaningful.
splitpt,tests/shadow/shadow.data.template/hosts/relay3/keys/ed25519_master_id_public_key,77fbcc3d674b26c89163719b0df9b8fe06341306f1b15352fe47687cbab5b9d4,64,0o644,test,authoritative,tests/shadow,n/a,PR232-F00725;PR232-M0217,fresh-byte-reverified-and-context-reviewed,reviewed-target-fit,Exhaustive per-file accountability; focused semantic rows retained when independently meaningful.
splitpt,tests/shadow/shadow.data.template/hosts/relay3/keys/ed25519_master_id_secret_key,a2a038506a1b1a88f72c0baa7edf669f897a7c84849abcc70b85c4a888e4ebcf,96,0o644,test,authoritative,tests/shadow,n/a,PR232-F00726;PR232-M0217,fresh-byte-reverified-and-context-reviewed,reviewed-target-fit,Exhaustive per-file accountability; focused semantic rows retained when independently meaningful.
splitpt,tests/shadow/shadow.data.template/hosts/relay3/keys/ed25519_signing_cert,4d688781e6cc86c8434ab64daf78b52fdac50b6f6b2bf43ae47eb0f146ed1a0b,172,0o644,test,authoritative,tests/shadow,n/a,PR232-F00727;PR232-M0217,fresh-byte-reverified-and-context-reviewed,reviewed-target-fit,Exhaustive per-file accountability; focused semantic rows retained when independently meaningful.
splitpt,tests/shadow/shadow.data.template/hosts/relay3/keys/ed25519_signing_secret_key,4bbcace1d8ba195d90e9ff257496948278cac10c261290b14e7ea89dadf635e0,96,0o644,test,authoritative,tests/shadow,n/a,PR232-F00728;PR232-M0217,fresh-byte-reverified-and-context-reviewed,reviewed-target-fit,Exhaustive per-file accountability; focused semantic rows retained when independently meaningful.
splitpt,tests/shadow/shadow.data.template/hosts/relay3/keys/secret_id_key,7101af1b0e7cc5e961a0cb5af61ea1222177d38a956a8a6959111cedff351cc0,888,0o644,test,authoritative,tests/shadow,n/a,PR232-F00729;PR232-M0217,fresh-byte-reverified-and-context-reviewed,reviewed-target-fit,Exhaustive per-file accountability; focused semantic rows retained when independently meaningful.
splitpt,tests/shadow/shadow.data.template/hosts/relay3/keys/secret_onion_key,b152f63b7eb71ef9e729618516a89f13ea85e8254b14a202db2f01fae96426c2,888,0o644,test,authoritative,tests/shadow,n/a,PR232-F00730;PR232-M0217,fresh-byte-reverified-and-context-reviewed,reviewed-target-fit,Exhaustive per-file accountability; focused semantic rows retained when independently meaningful.
splitpt,tests/shadow/shadow.data.template/hosts/relay3/keys/secret_onion_key_ntor,e1373a55db47ceaa038716596c12cb13551fcc9131bccdae1af0fe5a56ce00ec,96,0o644,test,authoritative,tests/shadow,n/a,PR232-F00731;PR232-M0217,fresh-byte-reverified-and-context-reviewed,reviewed-target-fit,Exhaustive per-file accountability; focused semantic rows retained when independently meaningful.
splitpt,tests/shadow/shadow.data.template/hosts/relay3/torrc,13a8240c89466cc33f3f740ead0359f1a53c083d9d8566af26b8c2e1802fa470,71,0o644,test,authoritative,tests/shadow,n/a,PR232-F00732;PR232-M0217,fresh-byte-reverified-and-context-reviewed,reviewed-target-fit,Exhaustive per-file accountability; focused semantic rows retained when independently meaningful.
splitpt,tests/shadow/shadow.data.template/hosts/relay3/torrc-defaults,c55c090d9c7a43516a6bb160d09ba1b0be8cfb0680a648b1d6c4427b41256d12,37,0o644,test,authoritative,tests/shadow,n/a,PR232-F00733;PR232-M0217,fresh-byte-reverified-and-context-reviewed,reviewed-target-fit,Exhaustive per-file accountability; focused semantic rows retained when independently meaningful.
splitpt,tests/shadow/shadow.data.template/hosts/relay4/fingerprint,5e86171b82b8df45268bc214c6c2dfcd292bec0ac9d456c9163a95d4d2010514,48,0o644,test,authoritative,tests/shadow,n/a,PR232-F00734;PR232-M0217,fresh-byte-reverified-and-context-reviewed,reviewed-target-fit,Exhaustive per-file accountability; focused semantic rows retained when independently meaningful.
splitpt,tests/shadow/shadow.data.template/hosts/relay4/keys/ed25519_master_id_public_key,e4d2edf1198f6c13b1f83e39434a07198eca70f8629f75da22a26cffd6997254,64,0o644,test,authoritative,tests/shadow,n/a,PR232-F00735;PR232-M0217,fresh-byte-reverified-and-context-reviewed,reviewed-target-fit,Exhaustive per-file accountability; focused semantic rows retained when independently meaningful.
splitpt,tests/shadow/shadow.data.template/hosts/relay4/keys/ed25519_master_id_secret_key,24028b183e4aec1f95d3624d973c20e265a9412fbe9c61c4c8f6b115697ff6f8,96,0o644,test,authoritative,tests/shadow,n/a,PR232-F00736;PR232-M0217,fresh-byte-reverified-and-context-reviewed,reviewed-target-fit,Exhaustive per-file accountability; focused semantic rows retained when independently meaningful.
splitpt,tests/shadow/shadow.data.template/hosts/relay4/keys/ed25519_signing_cert,a3229eeb5c8054882c85b94acd6aa943480bafe2d76ff6e4fec385e1946135b8,172,0o644,test,authoritative,tests/shadow,n/a,PR232-F00737;PR232-M0217,fresh-byte-reverified-and-context-reviewed,reviewed-target-fit,Exhaustive per-file accountability; focused semantic rows retained when independently meaningful.
splitpt,tests/shadow/shadow.data.template/hosts/relay4/keys/ed25519_signing_secret_key,e54b2f2a0f9cd1d83be1a4a4403061e74f29f8bf18b09244d767d1f880ecde69,96,0o644,test,authoritative,tests/shadow,n/a,PR232-F00738;PR232-M0217,fresh-byte-reverified-and-context-reviewed,reviewed-target-fit,Exhaustive per-file accountability; focused semantic rows retained when independently meaningful.
splitpt,tests/shadow/shadow.data.template/hosts/relay4/keys/secret_id_key,1cfae7d158602e5f791bdfaf76941598dfc01627626c210b72461262a1ea4b1f,892,0o644,test,authoritative,tests/shadow,n/a,PR232-F00739;PR232-M0217,fresh-byte-reverified-and-context-reviewed,reviewed-target-fit,Exhaustive per-file accountability; focused semantic rows retained when independently meaningful.
splitpt,tests/shadow/shadow.data.template/hosts/relay4/keys/secret_onion_key,c5573a8fda8a0be50eeff92ea8e99327cb70ff8dfeb836d531acde122707eb40,888,0o644,test,authoritative,tests/shadow,n/a,PR232-F00740;PR232-M0217,fresh-byte-reverified-and-context-reviewed,reviewed-target-fit,Exhaustive per-file accountability; focused semantic rows retained when independently meaningful.
splitpt,tests/shadow/shadow.data.template/hosts/relay4/keys/secret_onion_key_ntor,01e6c8cfb40f62482ffc1d013d8bc06297b053dddbdc4ae53ba13dc073e0a4ba,96,0o644,test,authoritative,tests/shadow,n/a,PR232-F00741;PR232-M0217,fresh-byte-reverified-and-context-reviewed,reviewed-target-fit,Exhaustive per-file accountability; focused semantic rows retained when independently meaningful.
splitpt,tests/shadow/shadow.data.template/hosts/relay4/torrc,13a8240c89466cc33f3f740ead0359f1a53c083d9d8566af26b8c2e1802fa470,71,0o644,test,authoritative,tests/shadow,n/a,PR232-F00742;PR232-M0217,fresh-byte-reverified-and-context-reviewed,reviewed-target-fit,Exhaustive per-file accountability; focused semantic rows retained when independently meaningful.
splitpt,tests/shadow/shadow.data.template/hosts/relay4/torrc-defaults,c55c090d9c7a43516a6bb160d09ba1b0be8cfb0680a648b1d6c4427b41256d12,37,0o644,test,authoritative,tests/shadow,n/a,PR232-F00743;PR232-M0217,fresh-byte-reverified-and-context-reviewed,reviewed-target-fit,Exhaustive per-file accountability; focused semantic rows retained when independently meaningful.
splitpt,tests/shadow/shadow.data.template/hosts/server/tgen-server.graphml.xml,68b2187d18dab7febd9e1e64c7f7983433002c68f12b7a0f422b37cbbc12296d,517,0o644,test,authoritative,tests/shadow,.xml,PR232-F00744;PR232-M0217,fresh-byte-reverified-and-context-reviewed,reviewed-target-fit,Exhaustive per-file accountability; focused semantic rows retained when independently meaningful.
splitpt,tests/shadow/shadow.yaml,5ae77b4c8d33ad655ab9daa3c2a7495b913a9cd21d699d1ae313a056a4117f79,4608,0o644,test,authoritative,tests/shadow,.yaml,PR232-F00745;PR232-M0217;PR232-S011,fresh-byte-reverified-and-context-reviewed,focused-adoption-or-guardrail,Exhaustive per-file accountability; focused semantic rows retained when independently meaningful.
splitpt,tests/shadow_pt_tiny/Dockerfile,abe6aa10d2c8dea700a9f9b16837d56a48d8363c3444b3201ecf49f63b882b9b,8186,0o644,test,authoritative,tests/shadow_pt_tiny,n/a,PR232-F00746;PR232-M0218,fresh-byte-reverified-and-context-reviewed,reviewed-target-fit,Exhaustive per-file accountability; focused semantic rows retained when independently meaningful.
splitpt,tests/shadow_pt_tiny/atlas_v201801.shadow_v2.cn_10p_loss.gml.xz,aee4679852f8887987e8a5390b38a1175038e9c91695ec8891f1f37f46b12ac9,41837704,0o644,test,authoritative,tests/shadow_pt_tiny,.xz,PR232-F00747;PR232-M0218,fresh-byte-reverified-and-context-reviewed,reviewed-target-fit,Exhaustive per-file accountability; focused semantic rows retained when independently meaningful.
splitpt,tests/shadow_pt_tiny/run.sh,ab9cd1372863af7bc43ff2d160ffe53b9509bb9ce58f55299970a76696992165,695,0o755,test,authoritative,tests/shadow_pt_tiny,.sh,PR232-F00748;PR232-M0218,fresh-byte-reverified-and-context-reviewed,reviewed-target-fit,Exhaustive per-file accountability; focused semantic rows retained when independently meaningful.
splitpt,tests/shadow_pt_tiny/run_container.sh,1467a8906b97e99bd7c2dee88ec2f3dcac9934306f48f25fa5d24fc4665a1f87,156,0o755,test,authoritative,tests/shadow_pt_tiny,.sh,PR232-F00749;PR232-M0218,fresh-byte-reverified-and-context-reviewed,reviewed-target-fit,Exhaustive per-file accountability; focused semantic rows retained when independently meaningful.
splitpt,tests/shadow_pt_tiny/tornet__net-0.01__load-3.2__trial-1__pt-obfs4.tar.xz,09b8f75e3db138d3ec63ab35b6299421c6ad79d067079fbd51ca5cfa63a8b3d4,181740,0o644,test,authoritative,tests/shadow_pt_tiny,.xz,PR232-F00750;PR232-M0218,fresh-byte-reverified-and-context-reviewed,reviewed-target-fit,Exhaustive per-file accountability; focused semantic rows retained when independently meaningful.
