donor,path,sha256,size_bytes,file_type,language,classification,authority_status,semantic_record_ids,notes
luminet-baseline-d73453f,server/internal/proxy/geosite_routing_matcher.go,7c8facb577cdb4f61694809def5b9f6a6be9901d5f0c7f008e37a2f55dc64041,1489,regular,go,implementation,historical-authoritative,HVC-GEOSITE-001,Dynamic override value promoted to internal/domainrouting; proxy surface retained as facade.
luminet-baseline-d73453f,server/internal/proxy/provider_corpus.go,0eb39eee5170f150c19f8ee6296d8a0d28019d29ab589f184b0e58f6e4a6f853,5015,regular,go,implementation,historical-authoritative,HVC-PROVIDER-001;HVC-PROVIDER-003,Duplicate radix/observation implementations recomposed into internal/provider; proxy remains facade.
luminet-baseline-d73453f,server/internal/scanner/network_index.go,c39578516d04578bcdc95671e20ad57692dca86cda4777d3540cae81212013d4,8080,regular,go,implementation,historical-authoritative,HVC-PROVIDER-002;HVC-PROVIDER-004,Scanner duplicate radix/observation logic superseded by canonical provider owner; scanner utilities remain.
luminet-baseline-d73453f,server/internal/proxy/acme_cert_manager.go,68f3b2c14043fc384feca0dd33955ac068918ecfb3f2014439ce7e2c98beb7e0,12556,regular,go,implementation,lab-non-authoritative,HVC-LAB-W20-ACME-CERT-MANAGER-68F3B2C1,Promoted to governed labs surface at labs/daemon/proxy/acme_cert_manager.go; exact bytes retained.
luminet-baseline-d73453f,server/internal/proxy/ad_tier_proxy.go,32ac7c190737f2597b462bdc4eb4f4f3f85754307311892985e0d76a47a029c5,606,regular,go,implementation,lab-non-authoritative,HVC-LAB-W20-AD-TIER-PROXY-32AC7C19,Promoted to governed labs surface at labs/daemon/proxy/ad_tier_proxy.go; exact bytes retained.
luminet-baseline-d73453f,server/internal/proxy/amnezia_config.go,6bc816c0524a35b93c51ead0c1b14b3e662a2b3005d1abf65d88d3f1a22fa379,673,regular,go,implementation,lab-non-authoritative,HVC-LAB-W20-AMNEZIA-CONFIG-6BC816C0,Promoted to governed labs surface at labs/daemon/proxy/amnezia_config.go; exact bytes retained.
luminet-baseline-d73453f,server/internal/proxy/android_proxy_client.go,f709727aed92f64850a88e29e896fb76f9116a7983de6ac726767f36129e7fce,2602,regular,go,implementation,lab-non-authoritative,HVC-LAB-W20-ANDROID-PROXY-CLIENT-F709727A,Promoted to governed labs surface at labs/daemon/proxy/android_proxy_client.go; exact bytes retained.
luminet-baseline-d73453f,server/internal/proxy/ast.go,6ac2d94ab5f7927d3ea474ec598ecb1f10875105150a486a22d63fb5dd3a49e7,7018,regular,go,implementation,lab-non-authoritative,HVC-LAB-W20-AST-6AC2D94A,Promoted to governed labs surface at labs/daemon/proxy/ast.go; exact bytes retained.
luminet-baseline-d73453f,server/internal/proxy/autoworker.go,60a2372bcfaf32103300b4a377d94933899ee6168c6ab1fc585bcc1285cb2907,14066,regular,go,implementation,lab-non-authoritative,HVC-LAB-W20-AUTOWORKER-60A2372B,Promoted to governed labs surface at labs/daemon/proxy/autoworker.go; exact bytes retained.
luminet-baseline-d73453f,server/internal/proxy/awesome_fallback.go,75702acb006febc6a5ab48915ef768e95903ceb35670a432c29e144bf6957eb0,858,regular,go,implementation,lab-non-authoritative,HVC-LAB-W20-AWESOME-FALLBACK-75702ACB,Promoted to governed labs surface at labs/daemon/proxy/awesome_fallback.go; exact bytes retained.
luminet-baseline-d73453f,server/internal/proxy/billing_monitor.go,eb58240fd1a2e6005b74e6db20ddf9e29b1c408b6200dc97a77f4b8a8ea3b048,1649,regular,go,implementation,lab-non-authoritative,HVC-LAB-W20-BILLING-MONITOR-EB58240F,Promoted to governed labs surface at labs/daemon/proxy/billing_monitor.go; exact bytes retained.
luminet-baseline-d73453f,server/internal/proxy/billing_panel_adapter.go,bc13e131e4f34b06930e2e7076f1afc36c568b76bf2c61b2645975347ac2fa48,607,regular,go,implementation,lab-non-authoritative,HVC-LAB-W20-BILLING-PANEL-ADAPTER-BC13E131,Promoted to governed labs surface at labs/daemon/proxy/billing_panel_adapter.go; exact bytes retained.
luminet-baseline-d73453f,server/internal/proxy/bpb_panel.go,674a22b944b276d48dd170241a15e60b8596dddaebcfeed7def3e433c7772688,30590,regular,go,implementation,lab-non-authoritative,HVC-LAB-W20-BPB-PANEL-674A22B9,Promoted to governed labs surface at labs/daemon/proxy/bpb_panel.go; exact bytes retained.
luminet-baseline-d73453f,server/internal/proxy/brutal_cc.go,d1be7406b3ae5fc0f24238adb52dbd45eac90fa11ab04da68166059a3ebd5b97,8395,regular,go,implementation,lab-non-authoritative,HVC-LAB-W20-BRUTAL-CC-D1BE7406,Promoted to governed labs surface at labs/daemon/proxy/brutal_cc.go; exact bytes retained.
luminet-baseline-d73453f,server/internal/proxy/candy_connect.go,71150a9406c11168657427fa09eb1b537e1cdb18d071711abf67ea5e477c8198,4116,regular,go,implementation,lab-non-authoritative,HVC-LAB-W20-CANDY-CONNECT-71150A94,Promoted to governed labs surface at labs/daemon/proxy/candy_connect.go; exact bytes retained.
luminet-baseline-d73453f,server/internal/proxy/candy_server.go,9ff892fcc7d12cb7cffb33924f24841fd1a2a4932a9d35d6466047631080bc60,3445,regular,go,implementation,lab-non-authoritative,HVC-LAB-W20-CANDY-SERVER-9FF892FC,Promoted to governed labs surface at labs/daemon/proxy/candy_server.go; exact bytes retained.
luminet-baseline-d73453f,server/internal/proxy/censorship_api.go,a251d8178a51ada0367839348ad66bdbff395ffbefafd82bf0f7e7f3312111ee,3070,regular,go,implementation,lab-non-authoritative,HVC-LAB-W20-CENSORSHIP-API-A251D817,Promoted to governed labs surface at labs/daemon/proxy/censorship_api.go; exact bytes retained.
luminet-baseline-d73453f,server/internal/proxy/censorship_api_test.go,580108f098dc487b02583b5c8cfaeabfbf1f08e88a4424a7272d33f24fdcb356,2056,regular,go,test,lab-non-authoritative,HVC-LAB-W20-CENSORSHIP-API-A251D817,Promoted to governed labs surface at labs/daemon/proxy/censorship_api_test.go; exact bytes retained.
luminet-baseline-d73453f,server/internal/proxy/cf_bypass.go,44f0b978b89ebeb4e501f7af237cf1192f5606d029230532b7de1b443e3f242d,4636,regular,go,implementation,lab-non-authoritative,HVC-LAB-W20-CF-BYPASS-44F0B978,Promoted to governed labs surface at labs/daemon/proxy/cf_bypass.go; exact bytes retained.
luminet-baseline-d73453f,server/internal/proxy/cf_vless_socket.go,bbd62ddac95ff92ca4a54ec6e181c4ebb0b7b4ad6e7c9405ef079f72875bda15,6009,regular,go,implementation,lab-non-authoritative,HVC-LAB-W20-CF-VLESS-SOCKET-BBD62DDA,Promoted to governed labs surface at labs/daemon/proxy/cf_vless_socket.go; exact bytes retained.
luminet-baseline-d73453f,server/internal/proxy/cf_worker_dir.go,dfa4d604ba0bb3f99f7c882a3af2c4162cecd64a7af363f3b78312a54745e8c0,12755,regular,go,implementation,lab-non-authoritative,HVC-LAB-W20-CF-WORKER-DIR-DFA4D604,Promoted to governed labs surface at labs/daemon/proxy/cf_worker_dir.go; exact bytes retained.
luminet-baseline-d73453f,server/internal/proxy/cf_worker_gateway.go,b453db3378dd1c89ac8cd9230a71bed564a0f066918fdd041eaf57f5bae894e4,18475,regular,go,implementation,lab-non-authoritative,HVC-LAB-W20-CF-WORKER-GATEWAY-B453DB33,Promoted to governed labs surface at labs/daemon/proxy/cf_worker_gateway.go; exact bytes retained.
luminet-baseline-d73453f,server/internal/proxy/checksum.go,c2c6b388f0a77bf5a5a6f428878f9fdc73c39e92979ffb82a1589592e050dfbe,1243,regular,go,implementation,lab-non-authoritative,HVC-LAB-W20-CHECKSUM-C2C6B388,Promoted to governed labs surface at labs/daemon/proxy/checksum.go; exact bytes retained.
luminet-baseline-d73453f,server/internal/proxy/clash_dashboard_adapter.go,199e181879b8345e5812ae3ee3e9dd6de95ef230bd304ac507ccadd0d26214fe,6742,regular,go,implementation,lab-non-authoritative,HVC-LAB-W20-CLASH-DASHBOARD-ADAPTER-199E1818,Promoted to governed labs surface at labs/daemon/proxy/clash_dashboard_adapter.go; exact bytes retained.
luminet-baseline-d73453f,server/internal/proxy/clash_webui_adapter.go,ec02f151f0eddd3024999d707c6f68d64871491a70c2bfe6290d9ded58ee69c8,5064,regular,go,implementation,lab-non-authoritative,HVC-LAB-W20-CLASH-WEBUI-ADAPTER-EC02F151,Promoted to governed labs surface at labs/daemon/proxy/clash_webui_adapter.go; exact bytes retained.
luminet-baseline-d73453f,server/internal/proxy/cloudflare_bypass_proxy.go,34f0831b70b3e9c77e304247f88ddb236467f9e7a083f9938cfeaf571ddef3a7,9325,regular,go,implementation,lab-non-authoritative,HVC-LAB-W20-CLOUDFLARE-BYPASS-PROXY-34F0831B,Promoted to governed labs surface at labs/daemon/proxy/cloudflare_bypass_proxy.go; exact bytes retained.
luminet-baseline-d73453f,server/internal/proxy/cloudflare_worker_relay.go,8912904ecaacc083a3ec767aa22a60838c5920de26b7121a36b880130a57635b,688,regular,go,implementation,lab-non-authoritative,HVC-LAB-W20-CLOUDFLARE-WORKER-RELAY-8912904E,Promoted to governed labs surface at labs/daemon/proxy/cloudflare_worker_relay.go; exact bytes retained.
luminet-baseline-d73453f,server/internal/proxy/cloudflare_workers_proxy.go,f285ff291bb9170d847293295e09552a6a1ae37fc9755ba65ae83d9bba72d296,11614,regular,go,implementation,lab-non-authoritative,HVC-LAB-W20-CLOUDFLARE-WORKERS-PROXY-F285FF29,Promoted to governed labs surface at labs/daemon/proxy/cloudflare_workers_proxy.go; exact bytes retained.
luminet-baseline-d73453f,server/internal/proxy/conductor.go,8977992b7c403214a34068de712538f71512462c560f6479feffeb5719f144d0,2402,regular,go,implementation,lab-non-authoritative,HVC-LAB-W20-CONDUCTOR-8977992B,Promoted to governed labs surface at labs/daemon/proxy/conductor.go; exact bytes retained.
luminet-baseline-d73453f,server/internal/proxy/config_migration_helper.go,79a0b8885eda203ef8706cf0f77ff13aa67c987e1db5ea9c8f9fb9a3833f7b9f,528,regular,go,implementation,lab-non-authoritative,HVC-LAB-W20-CONFIG-MIGRATION-HELPER-79A0B888,Promoted to governed labs surface at labs/daemon/proxy/config_migration_helper.go; exact bytes retained.
luminet-baseline-d73453f,server/internal/proxy/connectivity_checker.go,ecf16e56bb61bbf9c1cb429d5aee7cea52a383a44c8b7e2346ead987940b206c,2310,regular,go,implementation,lab-non-authoritative,HVC-LAB-W20-CONNECTIVITY-CHECKER-ECF16E56,Promoted to governed labs surface at labs/daemon/proxy/connectivity_checker.go; exact bytes retained.
luminet-baseline-d73453f,server/internal/proxy/connectivity_checker_test.go,fb2571da2bd0272fe888ae44899132c121244736b4e76f205190b7eb5551dec5,1612,regular,go,test,lab-non-authoritative,HVC-LAB-W20-CONNECTIVITY-CHECKER-ECF16E56,Promoted to governed labs surface at labs/daemon/proxy/connectivity_checker_test.go; exact bytes retained.
luminet-baseline-d73453f,server/internal/proxy/custom_routing_rules.go,0fb86082a9dc03b8268e67efe17376e907e2b5b66b7e77e15d33e4952450f4ee,2470,regular,go,implementation,lab-non-authoritative,HVC-LAB-W20-CUSTOM-ROUTING-RULES-0FB86082,Promoted to governed labs surface at labs/daemon/proxy/custom_routing_rules.go; exact bytes retained.
luminet-baseline-d73453f,server/internal/proxy/direct_outbound_setup.go,a5dcb8dac7732021ffd25ea01c45de8f7c7f511566614e1bc77d7dbe2d46e17e,710,regular,go,implementation,lab-non-authoritative,HVC-LAB-W20-DIRECT-OUTBOUND-SETUP-A5DCB8DA,Promoted to governed labs surface at labs/daemon/proxy/direct_outbound_setup.go; exact bytes retained.
luminet-baseline-d73453f,server/internal/proxy/dns_scaling.go,cef22d69d8893a647b6a76d589064799da3a4366f1dc63526932c7928e01719b,2691,regular,go,implementation,lab-non-authoritative,HVC-LAB-W20-DNS-SCALING-CEF22D69,Promoted to governed labs surface at labs/daemon/proxy/dns_scaling.go; exact bytes retained.
luminet-baseline-d73453f,server/internal/proxy/dns_scanner.go,43ad620314f1d7f53bfa95ad847c4a48f453ca8971d0d7920e9894b6b1dc622f,8375,regular,go,implementation,lab-non-authoritative,HVC-LAB-W20-DNS-SCANNER-43AD6203,Promoted to governed labs surface at labs/daemon/proxy/dns_scanner.go; exact bytes retained.
luminet-baseline-d73453f,server/internal/proxy/dns_scanner_test.go,8bd411697d73fd28abacb225d74d719fc15d62d7c460e5b32b162f668b652c51,2908,regular,go,test,lab-non-authoritative,HVC-LAB-W20-DNS-SCANNER-43AD6203,Promoted to governed labs surface at labs/daemon/proxy/dns_scanner_test.go; exact bytes retained.
luminet-baseline-d73453f,server/internal/proxy/dns_spoof_blocklist_resolver.go,790710efb126959b61d339ffc01c1204b71650b2355c3ba57191a555857a985a,7002,regular,go,implementation,lab-non-authoritative,HVC-LAB-W20-DNS-SPOOF-BLOCKLIST-RESOLVER-790710EF,Promoted to governed labs surface at labs/daemon/proxy/dns_spoof_blocklist_resolver.go; exact bytes retained.
luminet-baseline-d73453f,server/internal/proxy/dnstt.go,3fb22dc06d1e6d2488706ddd59e282c941b56af16eac0649122ae1bd517e5bc8,615,regular,go,implementation,lab-non-authoritative,HVC-LAB-W20-DNSTT-3FB22DC0,Promoted to governed labs surface at labs/daemon/proxy/dnstt.go; exact bytes retained.
luminet-baseline-d73453f,server/internal/proxy/doh_worker.go,8db85dfea6bb6d4c30a816a5cdeff8ada97708561a52b46ad12e0be59d9a0f1f,6157,regular,go,implementation,lab-non-authoritative,HVC-LAB-W20-DOH-WORKER-8DB85DFE,Promoted to governed labs surface at labs/daemon/proxy/doh_worker.go; exact bytes retained.
luminet-baseline-d73453f,server/internal/proxy/domainfront_gas.go,c5e49b3b278dcbac775ea2179ad8205ca2664224737bed93ddd3d9e7f0ef5427,682,regular,go,implementation,lab-non-authoritative,HVC-LAB-W20-DOMAINFRONT-GAS-C5E49B3B,Promoted to governed labs surface at labs/daemon/proxy/domainfront_gas.go; exact bytes retained.
luminet-baseline-d73453f,server/internal/proxy/dual_proxy_server.go,645b0b7494e7aa44d412e03290e2388246ed95b41ddf48a93a7df563176ddd3b,8246,regular,go,implementation,lab-non-authoritative,HVC-LAB-W20-DUAL-PROXY-SERVER-645B0B74,Promoted to governed labs surface at labs/daemon/proxy/dual_proxy_server.go; exact bytes retained.
luminet-baseline-d73453f,server/internal/proxy/dual_proxy_server_test.go,e79262b509759cc19ac51b863bd3c0c111ef8937f4d12ac9fa0444045fca0a96,2434,regular,go,test,lab-non-authoritative,HVC-LAB-W20-DUAL-PROXY-SERVER-645B0B74,Promoted to governed labs surface at labs/daemon/proxy/dual_proxy_server_test.go; exact bytes retained.
luminet-baseline-d73453f,server/internal/proxy/ech_tunnel.go,dcfc8b6a1ee166c5e5e111bfaed840ea79bfe7ac5a3b5cc49dd203c5b05892ba,669,regular,go,implementation,lab-non-authoritative,HVC-LAB-W20-ECH-TUNNEL-DCFC8B6A,Promoted to governed labs surface at labs/daemon/proxy/ech_tunnel.go; exact bytes retained.
luminet-baseline-d73453f,server/internal/proxy/edge_auth.go,fe7deeed0fc3c5051dd8dc3adcd63b6476fdd917b495255cbe7e49912d4b7c00,5967,regular,go,implementation,lab-non-authoritative,HVC-LAB-W20-EDGE-AUTH-FE7DEEED,Promoted to governed labs surface at labs/daemon/proxy/edge_auth.go; exact bytes retained.
luminet-baseline-d73453f,server/internal/proxy/edge_auth_test.go,a6b8bfeff19a10d4097c1df55c46b429d7b46fc2067c0fa30f862f262b4b216e,6683,regular,go,test,lab-non-authoritative,HVC-LAB-W20-EDGE-AUTH-FE7DEEED,Promoted to governed labs surface at labs/daemon/proxy/edge_auth_test.go; exact bytes retained.
luminet-baseline-d73453f,server/internal/proxy/edge_control_panel.go,d29aa59453a7ba90a548ef89b3e9bada8bdb7e78d7f8feccb40fd168d9e895a7,3583,regular,go,implementation,lab-non-authoritative,HVC-LAB-W20-EDGE-CONTROL-PANEL-D29AA594,Promoted to governed labs surface at labs/daemon/proxy/edge_control_panel.go; exact bytes retained.
luminet-baseline-d73453f,server/internal/proxy/edge_trojan_gateway.go,d0bd2663227d7a50d99cf33973f35b914e663784d2be427d09b930560be43b43,893,regular,go,implementation,lab-non-authoritative,HVC-LAB-W20-EDGE-TROJAN-GATEWAY-D0BD2663,Promoted to governed labs surface at labs/daemon/proxy/edge_trojan_gateway.go; exact bytes retained.
luminet-baseline-d73453f,server/internal/proxy/edgetunnel.go,b2333bef412311df5f39b94a5965f7cf0bb9ae60781ada16dca6bee5e7792ad8,8492,regular,go,implementation,lab-non-authoritative,HVC-LAB-W20-EDGETUNNEL-B2333BEF,Promoted to governed labs surface at labs/daemon/proxy/edgetunnel.go; exact bytes retained.
luminet-baseline-d73453f,server/internal/proxy/ens_resolver.go,534cdaedb2f29d72e87f7f5c39fa762469bdc76f7dd0f0424e8f337881d97b6b,1902,regular,go,implementation,lab-non-authoritative,HVC-LAB-W20-ENS-RESOLVER-534CDAED,Promoted to governed labs surface at labs/daemon/proxy/ens_resolver.go; exact bytes retained.
luminet-baseline-d73453f,server/internal/proxy/ens_resolver_test.go,b4ec0a969ddc564dcd13807b8a4dacbc84b8ce74f551d8ffe2573fafe2399185,1086,regular,go,test,lab-non-authoritative,HVC-LAB-W20-ENS-RESOLVER-534CDAED,Promoted to governed labs surface at labs/daemon/proxy/ens_resolver_test.go; exact bytes retained.
luminet-baseline-d73453f,server/internal/proxy/env_drift.go,286644a204775c18f6be1b236d8ba249dad385b7856d5900c2ed51921c2d0817,1884,regular,go,implementation,lab-non-authoritative,HVC-LAB-W20-ENV-DRIFT-286644A2,Promoted to governed labs surface at labs/daemon/proxy/env_drift.go; exact bytes retained.
luminet-baseline-d73453f,server/internal/proxy/envoy_proxy.go,558eca5df003b9c86ed63ceba050fc9013aee3217306708edeefe7e02f6bf74f,3730,regular,go,implementation,lab-non-authoritative,HVC-LAB-W20-ENVOY-PROXY-558ECA5D,Promoted to governed labs surface at labs/daemon/proxy/envoy_proxy.go; exact bytes retained.
luminet-baseline-d73453f,server/internal/proxy/fallback_dns_pool.go,68a86e80d49e943c91b5e20cbe3ab8f889403abb7495d28709ee7fc505aca199,350,regular,go,implementation,lab-non-authoritative,HVC-LAB-W20-FALLBACK-DNS-POOL-68A86E80,Promoted to governed labs surface at labs/daemon/proxy/fallback_dns_pool.go; exact bytes retained.
luminet-baseline-d73453f,server/internal/proxy/fec_codec.go,08557c257d441b7d3a0abdf0907998374274aa1edb9e4bd26c950ec7cd3c0653,2035,regular,go,implementation,lab-non-authoritative,HVC-LAB-W20-FEC-CODEC-08557C25,Promoted to governed labs surface at labs/daemon/proxy/fec_codec.go; exact bytes retained.
luminet-baseline-d73453f,server/internal/proxy/fec_codec_test.go,e3c42732f5cd43a2804435d18bd2859b724a75598e4912a4fb02cf8660dc2c06,742,regular,go,test,lab-non-authoritative,HVC-LAB-W20-FEC-CODEC-08557C25,Promoted to governed labs surface at labs/daemon/proxy/fec_codec_test.go; exact bytes retained.
luminet-baseline-d73453f,server/internal/proxy/firewalla.go,d0ca055e73b01e992576531fc6dd19fad8d6a8cf763f9fd8a67c761e4b863e47,594,regular,go,implementation,lab-non-authoritative,HVC-LAB-W20-FIREWALLA-D0CA055E,Promoted to governed labs surface at labs/daemon/proxy/firewalla.go; exact bytes retained.
luminet-baseline-d73453f,server/internal/proxy/forcerun.go,7179b3b2fe9f1eecc5fce3e729340d61b4ea5041a2a61e1ca1d8a239d5ec1b23,6421,regular,go,implementation,lab-non-authoritative,HVC-LAB-W20-FORCERUN-7179B3B2,Promoted to governed labs surface at labs/daemon/proxy/forcerun.go; exact bytes retained.
luminet-baseline-d73453f,server/internal/proxy/format_transform_proxy.go,7d74f6023a14bc95c735cbd9d5c249d7e1ca2b0779d959a8972a7071e9dcc8ef,586,regular,go,implementation,lab-non-authoritative,HVC-LAB-W20-FORMAT-TRANSFORM-PROXY-7D74F602,Promoted to governed labs surface at labs/daemon/proxy/format_transform_proxy.go; exact bytes retained.
luminet-baseline-d73453f,server/internal/proxy/format_transformer.go,1f66b9ac21b3fe4d5c7c4f14a61a6a091a3267de743f845c7f1525c0230bfb28,8066,regular,go,implementation,lab-non-authoritative,HVC-LAB-W20-FORMAT-TRANSFORMER-1F66B9AC,Promoted to governed labs surface at labs/daemon/proxy/format_transformer.go; exact bytes retained.
luminet-baseline-d73453f,server/internal/proxy/format_transformer_test.go,a0de5dbfc452f5fa10acb9335f6d530a8d12eebf137a64fb9bc32df3802ee0de,1197,regular,go,test,lab-non-authoritative,HVC-LAB-W20-FORMAT-TRANSFORMER-1F66B9AC,Promoted to governed labs surface at labs/daemon/proxy/format_transformer_test.go; exact bytes retained.
luminet-baseline-d73453f,server/internal/proxy/fptn_codec.go,c4398f07333bc9a99276a3ced0366e11d4dc6a6fe9238aa33858f4c2b8914052,7085,regular,go,implementation,lab-non-authoritative,HVC-LAB-W20-FPTN-CODEC-C4398F07,Promoted to governed labs surface at labs/daemon/proxy/fptn_codec.go; exact bytes retained.
luminet-baseline-d73453f,server/internal/proxy/fptn_codec_test.go,7d871332c614394a0c859cfc6fc9b36fb1db18dfd97842e5236847b8928994e0,2011,regular,go,test,lab-non-authoritative,HVC-LAB-W20-FPTN-CODEC-C4398F07,Promoted to governed labs surface at labs/daemon/proxy/fptn_codec_test.go; exact bytes retained.
luminet-baseline-d73453f,server/internal/proxy/freenet.go,fb203404557c1b529a8b23e3f244c5857a92e0c0a3668854b9bb602dbeea9ffa,9709,regular,go,implementation,lab-non-authoritative,HVC-LAB-W20-FREENET-FB203404,Promoted to governed labs surface at labs/daemon/proxy/freenet.go; exact bytes retained.
luminet-baseline-d73453f,server/internal/proxy/freenet_agent_runner.go,78cc5daff5c891ed0ff1f14d8fc437973e4235b7acca1a38e74d3027714855f0,651,regular,go,implementation,lab-non-authoritative,HVC-LAB-W20-FREENET-AGENT-RUNNER-78CC5DAF,Promoted to governed labs surface at labs/daemon/proxy/freenet_agent_runner.go; exact bytes retained.
luminet-baseline-d73453f,server/internal/proxy/freenet_mail.go,e9880c47eb1d86f90b5ad6bf52cfa88959c3158dfc60fb239a52e0fde5f6e6d4,9344,regular,go,implementation,lab-non-authoritative,HVC-LAB-W20-FREENET-MAIL-E9880C47,Promoted to governed labs surface at labs/daemon/proxy/freenet_mail.go; exact bytes retained.
luminet-baseline-d73453f,server/internal/proxy/frp.go,06cc5c9c82dc49e6951081358a364e426c62bf2bfd6b490dc63d3f0f7a1ecfb4,566,regular,go,implementation,lab-non-authoritative,HVC-LAB-W20-FRP-06CC5C9C,Promoted to governed labs surface at labs/daemon/proxy/frp.go; exact bytes retained.
luminet-baseline-d73453f,server/internal/proxy/frp_tunnel.go,3bacc85b7278a0d52472415e0d9b73e65a60858c49b28e3a8a18e44e7fddb917,12358,regular,go,implementation,lab-non-authoritative,HVC-LAB-W20-FRP-TUNNEL-3BACC85B,Promoted to governed labs surface at labs/daemon/proxy/frp_tunnel.go; exact bytes retained.
luminet-baseline-d73453f,server/internal/proxy/gas_relay_assets.go,fef3cec1d5943f17957307224dc4cdc8e684376e0845e9954783b232387a1afc,622,regular,go,implementation,lab-non-authoritative,HVC-LAB-W20-GAS-RELAY-ASSETS-FEF3CEC1,Promoted to governed labs surface at labs/daemon/proxy/gas_relay_assets.go; exact bytes retained.
luminet-baseline-d73453f,server/internal/proxy/generic_proxy_tunnel.go,9a30362e72041f1a18eff96c926a49bcacc60e0934a666e52e90e2805d57b165,3909,regular,go,implementation,lab-non-authoritative,HVC-LAB-W20-GENERIC-PROXY-TUNNEL-9A30362E,Promoted to governed labs surface at labs/daemon/proxy/generic_proxy_tunnel.go; exact bytes retained.
luminet-baseline-d73453f,server/internal/proxy/gfw_resist_https.go,75420071d5a23f8c6b40438764bbb9d37bb5251c154dd7c9484497b0410d623f,6470,regular,go,implementation,lab-non-authoritative,HVC-LAB-W20-GFW-RESIST-HTTPS-75420071,Promoted to governed labs surface at labs/daemon/proxy/gfw_resist_https.go; exact bytes retained.
luminet-baseline-d73453f,server/internal/proxy/gfw_resist_tcp.go,6cb59c4000599cc6409107a7906651b66b51052761eb06349dd8157fb1de941a,2707,regular,go,implementation,lab-non-authoritative,HVC-LAB-W20-GFW-RESIST-TCP-6CB59C40,Promoted to governed labs surface at labs/daemon/proxy/gfw_resist_tcp.go; exact bytes retained.
luminet-baseline-d73453f,server/internal/proxy/gfw_resist_tls.go,68d7b3fd24b1128d8a3e27996dbf9fa23478a93cbe7f977401155f48456a8844,570,regular,go,implementation,lab-non-authoritative,HVC-LAB-W20-GFW-RESIST-TLS-68D7B3FD,Promoted to governed labs surface at labs/daemon/proxy/gfw_resist_tls.go; exact bytes retained.
luminet-baseline-d73453f,server/internal/proxy/gfw_whitelist.go,c8bde0de415d6055973ef106d4acd5323c10ac4cee33dfdb2e91ca6bfda5b637,588,regular,go,implementation,lab-non-authoritative,HVC-LAB-W20-GFW-WHITELIST-C8BDE0DE,Promoted to governed labs surface at labs/daemon/proxy/gfw_whitelist.go; exact bytes retained.
luminet-baseline-d73453f,server/internal/proxy/gfwlist_parser.go,95541a686304ee897bdd7ffc883ea2d3b2c319da54ea75f5c23302516a08221d,5894,regular,go,implementation,lab-non-authoritative,HVC-LAB-W20-GFWLIST-PARSER-95541A68,Promoted to governed labs surface at labs/daemon/proxy/gfwlist_parser.go; exact bytes retained.
luminet-baseline-d73453f,server/internal/proxy/go_cidr.go,bd0d876a60571feba0a42cedded28125b34a7e6502304b61d7b6cca0af5397d5,5443,regular,go,implementation,lab-non-authoritative,HVC-LAB-W20-GO-CIDR-BD0D876A,Promoted to governed labs surface at labs/daemon/proxy/go_cidr.go; exact bytes retained.
luminet-baseline-d73453f,server/internal/proxy/go_cidr_test.go,c12ca21c7d12f2eaf318f5f32f4df217b00539766a104c881abf6a61a7fae168,1682,regular,go,test,lab-non-authoritative,HVC-LAB-W20-GO-CIDR-BD0D876A,Promoted to governed labs surface at labs/daemon/proxy/go_cidr_test.go; exact bytes retained.
luminet-baseline-d73453f,server/internal/proxy/go_mitm_tls.go,e648eeeb289083b834f3e6192dd74a70402102e83dfe348902dc9dbaf59cf48b,535,regular,go,implementation,lab-non-authoritative,HVC-LAB-W20-GO-MITM-TLS-E648EEEB,Promoted to governed labs surface at labs/daemon/proxy/go_mitm_tls.go; exact bytes retained.
luminet-baseline-d73453f,server/internal/proxy/go_mitmproxy.go,c42bcac7080a1548779304069b5619dadb5512b7a6c74802041efca342b163e8,689,regular,go,implementation,lab-non-authoritative,HVC-LAB-W20-GO-MITMPROXY-C42BCAC7,Promoted to governed labs surface at labs/daemon/proxy/go_mitmproxy.go; exact bytes retained.
luminet-baseline-d73453f,server/internal/proxy/go_ss2.go,7d9d1a79473ea7dc0cfe0a91dd80b09ed72b500b7510a56d9c2b1b00d244ecff,538,regular,go,implementation,lab-non-authoritative,HVC-LAB-W20-GO-SS2-7D9D1A79,Promoted to governed labs surface at labs/daemon/proxy/go_ss2.go; exact bytes retained.
luminet-baseline-d73453f,server/internal/proxy/go_tun2socks.go,a02956d83faf0e6eb32bd53e73a5801a3c68eaff52e3d847925fb9692f06271d,566,regular,go,implementation,lab-non-authoritative,HVC-LAB-W20-GO-TUN2SOCKS-A02956D8,Promoted to governed labs surface at labs/daemon/proxy/go_tun2socks.go; exact bytes retained.
luminet-baseline-d73453f,server/internal/proxy/gohop.go,092bf3ce47d2923f13756d27a17a41fd027cdf0cc95f511799b7c31b83bdacd6,620,regular,go,implementation,lab-non-authoritative,HVC-LAB-W20-GOHOP-092BF3CE,Promoted to governed labs surface at labs/daemon/proxy/gohop.go; exact bytes retained.
luminet-baseline-d73453f,server/internal/proxy/google_drive_tunnel.go,e9a29f8191af9a9190b092782a41d8b6c4e33f1257b6cb4a9aecac527bc6cb3a,659,regular,go,implementation,lab-non-authoritative,HVC-LAB-W20-GOOGLE-DRIVE-TUNNEL-E9A29F81,Promoted to governed labs surface at labs/daemon/proxy/google_drive_tunnel.go; exact bytes retained.
luminet-baseline-d73453f,server/internal/proxy/google_relay.go,35879351a69cc0c35a6c6ef6acd802aef18c9a9fd1d60de0b2c72a78ce870098,696,regular,go,implementation,lab-non-authoritative,HVC-LAB-W20-GOOGLE-RELAY-35879351,Promoted to governed labs surface at labs/daemon/proxy/google_relay.go; exact bytes retained.
luminet-baseline-d73453f,server/internal/proxy/gopacket.go,5e030c23876f3645e105268484fc21ee4e594c9f706cf694e474829f2d99bdbf,678,regular,go,implementation,lab-non-authoritative,HVC-LAB-W20-GOPACKET-5E030C23,Promoted to governed labs surface at labs/daemon/proxy/gopacket.go; exact bytes retained.
luminet-baseline-d73453f,server/internal/proxy/gost_chain.go,f49d016f6466fc8408fc46ae8cc88fb9d2f03b1cd464676ff317df2c98e6e99a,4719,regular,go,implementation,lab-non-authoritative,HVC-LAB-W20-GOST-CHAIN-F49D016F,Promoted to governed labs surface at labs/daemon/proxy/gost_chain.go; exact bytes retained.
luminet-baseline-d73453f,server/internal/proxy/graceful_listener.go,1985e28daa2a5679719323efe322dfa7b9cb51ee48071c319c9b470051bbc46a,1692,regular,go,implementation,lab-non-authoritative,HVC-LAB-W20-GRACEFUL-LISTENER-1985E28D,Promoted to governed labs surface at labs/daemon/proxy/graceful_listener.go; exact bytes retained.
luminet-baseline-d73453f,server/internal/proxy/gvisor_lwip.go,0b9671ff6fd67cf5d81226113b0145a2ecea0c2adce0d1dd6583a3b9dd4e1a63,7908,regular,go,implementation,lab-non-authoritative,HVC-LAB-W20-GVISOR-LWIP-0B9671FF,Promoted to governed labs surface at labs/daemon/proxy/gvisor_lwip.go; exact bytes retained.
luminet-baseline-d73453f,server/internal/proxy/gvisor_lwip_test.go,61ee7768f76306bb662b5167033966829702423ed1cd14c6f755e9c69a566470,3406,regular,go,test,lab-non-authoritative,HVC-LAB-W20-GVISOR-LWIP-0B9671FF,Promoted to governed labs surface at labs/daemon/proxy/gvisor_lwip_test.go; exact bytes retained.
luminet-baseline-d73453f,server/internal/proxy/gvisor_stack.go,56d6a0a771892ab9b6da97191e946c173fc5e5b310c32bfa38cdfc7a92ec2b79,1911,regular,go,implementation,lab-non-authoritative,HVC-LAB-W20-GVISOR-STACK-56D6A0A7,Promoted to governed labs surface at labs/daemon/proxy/gvisor_stack.go; exact bytes retained.
luminet-baseline-d73453f,server/internal/proxy/gvisor_stack_test.go,4da103cac0b7e1adc10b047ba677b2c9fde56d88630924289fdb6cd7e57454fb,1077,regular,go,test,lab-non-authoritative,HVC-LAB-W20-GVISOR-STACK-56D6A0A7,Promoted to governed labs surface at labs/daemon/proxy/gvisor_stack_test.go; exact bytes retained.
luminet-baseline-d73453f,server/internal/proxy/handshake_fingerprint.go,15285a7446d2da44fc8aa7d137ef714e897ca1eb69dffb2f8efef1b7df4acd8e,18314,regular,go,implementation,lab-non-authoritative,HVC-LAB-W20-HANDSHAKE-FINGERPRINT-15285A74,Promoted to governed labs surface at labs/daemon/proxy/handshake_fingerprint.go; exact bytes retained.
luminet-baseline-d73453f,server/internal/proxy/handshake_fingerprint_test.go,3dd3105f10c0e0c357a5f69f583b37a82f9e0147f3c743435b8e1111fc146406,3539,regular,go,test,lab-non-authoritative,HVC-LAB-W20-HANDSHAKE-FINGERPRINT-15285A74,Promoted to governed labs surface at labs/daemon/proxy/handshake_fingerprint_test.go; exact bytes retained.
luminet-baseline-d73453f,server/internal/proxy/harness_metrics_reporters.go,ce8b93bd32936fe7f4bb32f8c57743a469445bbee7a7feb355ec31fef057b3b4,119176,regular,go,implementation,lab-non-authoritative,HVC-LAB-W20-HARNESS-METRICS-REPORTERS-CE8B93BD,Promoted to governed labs surface at labs/daemon/proxy/harness_metrics_reporters.go; exact bytes retained.
luminet-baseline-d73453f,server/internal/proxy/hiddify_manager.go,36e6b1d605610fde6ad08a4a7e072d086530b9995a512c7feea832d7636bd077,2045,regular,go,implementation,lab-non-authoritative,HVC-LAB-W20-HIDDIFY-MANAGER-36E6B1D6,Promoted to governed labs surface at labs/daemon/proxy/hiddify_manager.go; exact bytes retained.
luminet-baseline-d73453f,server/internal/proxy/hosts_override.go,5bea401cf759cb753fab7e5f88aa6852749bacfc644bddb569e904ca7e41bfd4,5879,regular,go,implementation,lab-non-authoritative,HVC-LAB-W20-HOSTS-OVERRIDE-5BEA401C,Promoted to governed labs surface at labs/daemon/proxy/hosts_override.go; exact bytes retained.
luminet-baseline-d73453f,server/internal/proxy/hping.go,2675aa19af50fa7f896315e434bce976f5ecca7bbfe40c6222d0046233756a8b,509,regular,go,implementation,lab-non-authoritative,HVC-LAB-W20-HPING-2675AA19,Promoted to governed labs surface at labs/daemon/proxy/hping.go; exact bytes retained.
luminet-baseline-d73453f,server/internal/proxy/http_load_balancer.go,020f809674c481cd62578107b1114b389927969120c9b9f06a1984135bb1fb1b,4043,regular,go,implementation,lab-non-authoritative,HVC-LAB-W20-HTTP-LOAD-BALANCER-020F8096,Promoted to governed labs surface at labs/daemon/proxy/http_load_balancer.go; exact bytes retained.
luminet-baseline-d73453f,server/internal/proxy/http_proxy_listener.go,3a8a416d74874641f4700215d15387ccff6a9f874fcb7b87cba3337678feb085,1931,regular,go,implementation,lab-non-authoritative,HVC-LAB-W20-HTTP-PROXY-LISTENER-3A8A416D,Promoted to governed labs surface at labs/daemon/proxy/http_proxy_listener.go; exact bytes retained.
luminet-baseline-d73453f,server/internal/proxy/httun.go,3a674292b589844a012c2d3046d0843c76293797637a151039d94b50f593eb20,559,regular,go,implementation,lab-non-authoritative,HVC-LAB-W20-HTTUN-3A674292,Promoted to governed labs surface at labs/daemon/proxy/httun.go; exact bytes retained.
luminet-baseline-d73453f,server/internal/proxy/httun_acme_xtls_test.go,509641ba2b2e250ac94af7fff2c54881c6be48a9cf1564095666a2093c4de59c,8859,regular,go,test,lab-non-authoritative,n/a,Promoted to governed labs surface at labs/daemon/proxy/httun_acme_xtls_test.go; exact bytes retained.
luminet-baseline-d73453f,server/internal/proxy/httun_transport.go,67ebf3fbab8235e62d99c522cd3b3571c8a3c2ab3224a661b039ff125bed60de,10653,regular,go,implementation,lab-non-authoritative,HVC-LAB-W20-HTTUN-TRANSPORT-67EBF3FB,Promoted to governed labs surface at labs/daemon/proxy/httun_transport.go; exact bytes retained.
luminet-baseline-d73453f,server/internal/proxy/i2p_client.go,13b2037ecc03390da7bba49997e12a3b7e7545f705853937b3a87cfaea7d43d9,2041,regular,go,implementation,lab-non-authoritative,HVC-LAB-W20-I2P-CLIENT-13B2037E,Promoted to governed labs surface at labs/daemon/proxy/i2p_client.go; exact bytes retained.
luminet-baseline-d73453f,server/internal/proxy/i2p_core.go,1651a1395d694b8e8a6c7690a725e413a48a49dddebc4905c1814443b51bf100,596,regular,go,implementation,lab-non-authoritative,HVC-LAB-W20-I2P-CORE-1651A139,Promoted to governed labs surface at labs/daemon/proxy/i2p_core.go; exact bytes retained.
luminet-baseline-d73453f,server/internal/proxy/icmp_tunnel.go,54d1c62979b3ee1e15b916dc42e237092ae05d3386991066c0367b643dd29a63,3006,regular,go,implementation,lab-non-authoritative,HVC-LAB-W20-ICMP-TUNNEL-54D1C629,Promoted to governed labs surface at labs/daemon/proxy/icmp_tunnel.go; exact bytes retained.
luminet-baseline-d73453f,server/internal/proxy/inbound_panel_adapter.go,fdd477a97e8c7fdb244735eb3f0db4fee88c65bd282dcb524cfb659b8baec153,6825,regular,go,implementation,lab-non-authoritative,HVC-LAB-W20-INBOUND-PANEL-ADAPTER-FDD477A9,Promoted to governed labs surface at labs/daemon/proxy/inbound_panel_adapter.go; exact bytes retained.
luminet-baseline-d73453f,server/internal/proxy/ip_trie.go,3733be801f5a6ca793166a17b16e0184a8f2c22a92cf012edeaedbad4a253218,1489,regular,go,implementation,lab-non-authoritative,HVC-LAB-W20-IP-TRIE-3733BE80,Promoted to governed labs surface at labs/daemon/proxy/ip_trie.go; exact bytes retained.
luminet-baseline-d73453f,server/internal/proxy/ip_trie_test.go,188450b14fea6effe958402ea256468ec28726c96a79b0950a49d11fcf803a30,967,regular,go,test,lab-non-authoritative,HVC-LAB-W20-IP-TRIE-3733BE80,Promoted to governed labs surface at labs/daemon/proxy/ip_trie_test.go; exact bytes retained.
luminet-baseline-d73453f,server/internal/proxy/ipsec.go,6a89aa249614351086f9c8557df384c27107e62614ae4072db4ded05b01236c7,844,regular,go,implementation,lab-non-authoritative,HVC-LAB-W20-IPSEC-6A89AA24,Promoted to governed labs surface at labs/daemon/proxy/ipsec.go; exact bytes retained.
luminet-baseline-d73453f,server/internal/proxy/isolated_routing_enclave.go,849a47c76edcec5ac4d4651be88b79b98e0b6664e019717be664e6bebd0edd06,1403,regular,go,implementation,lab-non-authoritative,HVC-LAB-W20-ISOLATED-ROUTING-ENCLAVE-849A47C7,Promoted to governed labs surface at labs/daemon/proxy/isolated_routing_enclave.go; exact bytes retained.
luminet-baseline-d73453f,server/internal/proxy/isolated_routing_unix.go,55fda62e809e2510d9c8ab7f5c55c6090f8509c9b22695172765d9fdcabc719d,437,regular,go,implementation,lab-non-authoritative,HVC-LAB-W20-ISOLATED-ROUTING-UNIX-55FDA62E,Promoted to governed labs surface at labs/daemon/proxy/isolated_routing_unix.go; exact bytes retained.
luminet-baseline-d73453f,server/internal/proxy/isolated_routing_windows.go,30fb64c511ea2526d31668d9361242058f1ef708c548762b81c951e47fccb9d6,238,regular,go,implementation,lab-non-authoritative,HVC-LAB-W20-ISOLATED-ROUTING-WINDOWS-30FB64C5,Promoted to governed labs surface at labs/daemon/proxy/isolated_routing_windows.go; exact bytes retained.
luminet-baseline-d73453f,server/internal/proxy/jjtcprelay_config.go,dece141f07c8e44cd14c4694c9173b9383097a877c2c270fc0d6b74e6424214b,9914,regular,go,implementation,lab-non-authoritative,HVC-LAB-W20-JJTCPRELAY-CONFIG-DECE141F,Promoted to governed labs surface at labs/daemon/proxy/jjtcprelay_config.go; exact bytes retained.
luminet-baseline-d73453f,server/internal/proxy/json_filter.go,bfcb7ab8bba68a90e88419360f7e1a8f1048e1244e4d7c473c0bb178f9d5ad99,1304,regular,go,implementation,lab-non-authoritative,HVC-LAB-W20-JSON-FILTER-BFCB7AB8,Promoted to governed labs surface at labs/daemon/proxy/json_filter.go; exact bytes retained.
luminet-baseline-d73453f,server/internal/proxy/json_filter_test.go,1d7b215a93182439c8b73c2b2360f24f46dfe68478a931f3a27e22fc76b277ce,1225,regular,go,test,lab-non-authoritative,HVC-LAB-W20-JSON-FILTER-BFCB7AB8,Promoted to governed labs surface at labs/daemon/proxy/json_filter_test.go; exact bytes retained.
luminet-baseline-d73453f,server/internal/proxy/kcp_dialer.go,15fbcb5caf4504c2a9d5aedfbb33708e57be917b14a19409281b27e17ccf47c5,712,regular,go,implementation,lab-non-authoritative,HVC-LAB-W20-KCP-DIALER-15FBCB5C,Promoted to governed labs surface at labs/daemon/proxy/kcp_dialer.go; exact bytes retained.
luminet-baseline-d73453f,server/internal/proxy/kcp_fec.go,8160625dbfc3eece6b72c9b94e6853ce7b982ed5707b7ccff029ede679459bc0,3146,regular,go,implementation,lab-non-authoritative,HVC-LAB-W20-KCP-FEC-8160625D,Promoted to governed labs surface at labs/daemon/proxy/kcp_fec.go; exact bytes retained.
luminet-baseline-d73453f,server/internal/proxy/kcp_go.go,00c4fe26993ce802b6990fb9b57031cac69128d6671633b487d8268d206f2809,593,regular,go,implementation,lab-non-authoritative,HVC-LAB-W20-KCP-GO-00C4FE26,Promoted to governed labs surface at labs/daemon/proxy/kcp_go.go; exact bytes retained.
luminet-baseline-d73453f,server/internal/proxy/keepalive_heartbeat.go,b9a9e3f532f722b0a85312ddf504d23ef1bbb5a3971bb69d466e227f436c0b50,247,regular,go,implementation,lab-non-authoritative,HVC-LAB-W20-KEEPALIVE-HEARTBEAT-B9A9E3F5,Promoted to governed labs surface at labs/daemon/proxy/keepalive_heartbeat.go; exact bytes retained.
luminet-baseline-d73453f,server/internal/proxy/l7mp_listener.go,fb8835eb627c047db1e85cbc620cc5ab44ae537dca024ab7678c887efcf6e0e3,1933,regular,go,implementation,lab-non-authoritative,HVC-LAB-W20-L7MP-LISTENER-FB8835EB,Promoted to governed labs surface at labs/daemon/proxy/l7mp_listener.go; exact bytes retained.
luminet-baseline-d73453f,server/internal/proxy/l7mp_offload.go,7bf2952b194e265e14a24b4baae74a83ee1ffd51874b5fbd7e68f00026c21df5,1523,regular,go,implementation,lab-non-authoritative,HVC-LAB-W20-L7MP-OFFLOAD-7BF2952B,Promoted to governed labs surface at labs/daemon/proxy/l7mp_offload.go; exact bytes retained.
luminet-baseline-d73453f,server/internal/proxy/l7mp_session.go,15800fe8f86734e8edcd2d23384e09f31ca5cc446eeffe7509205f9ee0c68cc0,2494,regular,go,implementation,lab-non-authoritative,HVC-LAB-W20-L7MP-SESSION-15800FE8,Promoted to governed labs surface at labs/daemon/proxy/l7mp_session.go; exact bytes retained.
luminet-baseline-d73453f,server/internal/proxy/landing_disguise.go,eed962897f159b61316d4bf01ef8e4f82385b9fd3802eaf08c38374fe04063fe,686,regular,go,implementation,lab-non-authoritative,HVC-LAB-W20-LANDING-DISGUISE-EED96289,Promoted to governed labs surface at labs/daemon/proxy/landing_disguise.go; exact bytes retained.
luminet-baseline-d73453f,server/internal/proxy/lantern.go,16263c3cfab3dc838eea45533e840b3fec97469878bc324773955a38836a9e48,532,regular,go,implementation,lab-non-authoritative,HVC-LAB-W20-LANTERN-16263C3C,Promoted to governed labs surface at labs/daemon/proxy/lantern.go; exact bytes retained.
luminet-baseline-d73453f,server/internal/proxy/lantern_bridge.go,e5af0c6e1c017a134ddc5541a95d89988fbc83c04ce5a9c76ed8f800cb811f9c,3071,regular,go,implementation,lab-non-authoritative,HVC-LAB-W20-LANTERN-BRIDGE-E5AF0C6E,Promoted to governed labs surface at labs/daemon/proxy/lantern_bridge.go; exact bytes retained.
luminet-baseline-d73453f,server/internal/proxy/latency_variance_monitor.go,7c81606cdfbd81afb3ddf23af5dda42462d40a28df55e22ac7974629406f0fb1,6662,regular,go,implementation,lab-non-authoritative,HVC-LAB-W20-LATENCY-VARIANCE-MONITOR-7C81606C,Promoted to governed labs surface at labs/daemon/proxy/latency_variance_monitor.go; exact bytes retained.
luminet-baseline-d73453f,server/internal/proxy/layer7_mesh_adapter.go,27504b488aff5e955af0ff314406547560cc57347e791cfa67480e63766ba7eb,544,regular,go,implementation,lab-non-authoritative,HVC-LAB-W20-LAYER7-MESH-ADAPTER-27504B48,Promoted to governed labs surface at labs/daemon/proxy/layer7_mesh_adapter.go; exact bytes retained.
luminet-baseline-d73453f,server/internal/proxy/layer7_proxy_mesh.go,cc8a604aa14f9685a522c5c19c66077c952e3f062305fb2d854a662e9121304c,541,regular,go,implementation,lab-non-authoritative,HVC-LAB-W20-LAYER7-PROXY-MESH-CC8A604A,Promoted to governed labs surface at labs/daemon/proxy/layer7_proxy_mesh.go; exact bytes retained.
luminet-baseline-d73453f,server/internal/proxy/libxray.go,61d692330ba20f24229db3869e7aff652cf8a634319b8cbcdf982bd0c5bcc64f,618,regular,go,implementation,lab-non-authoritative,HVC-LAB-W20-LIBXRAY-61D69233,Promoted to governed labs surface at labs/daemon/proxy/libxray.go; exact bytes retained.
luminet-baseline-d73453f,server/internal/proxy/live_logs.go,992b00160bc8824ddea8d8584b64b725ec600b9293a9fc572b4caef726b44fb3,1469,regular,go,implementation,lab-non-authoritative,HVC-LAB-W20-LIVE-LOGS-992B0016,Promoted to governed labs surface at labs/daemon/proxy/live_logs.go; exact bytes retained.
luminet-baseline-d73453f,server/internal/proxy/load_balancer.go,7d2742c9e957c5c507311972d53b500b1ec3611f11b5788bb84530ad6daadbb4,590,regular,go,implementation,lab-non-authoritative,HVC-LAB-W20-LOAD-BALANCER-7D2742C9,Promoted to governed labs surface at labs/daemon/proxy/load_balancer.go; exact bytes retained.
luminet-baseline-d73453f,server/internal/proxy/marzban.go,05c7ecc24d447ef45d2cc2ffa1aaa4e4e340b8a2475e14479185035a80deeaa0,5361,regular,go,implementation,lab-non-authoritative,HVC-LAB-W20-MARZBAN-05C7ECC2,Promoted to governed labs surface at labs/daemon/proxy/marzban.go; exact bytes retained.
luminet-baseline-d73453f,server/internal/proxy/masque_dialer.go,187e211fb7c356897d122fc0c412c9faf6b2a1825a3b55629d3ab4030a9b4605,10102,regular,go,implementation,lab-non-authoritative,HVC-LAB-W20-MASQUE-DIALER-187E211F,Promoted to governed labs surface at labs/daemon/proxy/masque_dialer.go; exact bytes retained.
luminet-baseline-d73453f,server/internal/proxy/masque_dialer_test.go,afa5a12b0093f30d6ef1a6d75ef14ab5a7b9a384b084ffa03db1c8014513ca12,4477,regular,go,test,lab-non-authoritative,HVC-LAB-W20-MASQUE-DIALER-187E211F,Promoted to governed labs surface at labs/daemon/proxy/masque_dialer_test.go; exact bytes retained.
luminet-baseline-d73453f,server/internal/proxy/master_http_relay_client.go,56d6e2d3449675211c6a68d6e30f2ed4b814fc43cbfb78c5c47cd3ef6a37d76c,8013,regular,go,implementation,lab-non-authoritative,HVC-LAB-W20-MASTER-HTTP-RELAY-CLIENT-56D6E2D3,Promoted to governed labs surface at labs/daemon/proxy/master_http_relay_client.go; exact bytes retained.
luminet-baseline-d73453f,server/internal/proxy/master_http_relay_config.go,b0494ffd0e384b1ebb1b8766aad89b602b7fcf22c0ebd06b808882e96d5500bd,11031,regular,go,implementation,lab-non-authoritative,HVC-LAB-W20-MASTER-HTTP-RELAY-CONFIG-B0494FFD,Promoted to governed labs surface at labs/daemon/proxy/master_http_relay_config.go; exact bytes retained.
luminet-baseline-d73453f,server/internal/proxy/master_http_relay_quota.go,76c009ac0aea89dbf4f496a781a4761f1dae1bbac8c347f0cda03cd4b3c251e6,8264,regular,go,implementation,lab-non-authoritative,HVC-LAB-W20-MASTER-HTTP-RELAY-QUOTA-76C009AC,Promoted to governed labs surface at labs/daemon/proxy/master_http_relay_quota.go; exact bytes retained.
luminet-baseline-d73453f,server/internal/proxy/masterdnsvpn_inflight.go,2c3cb58826b3eef276a4013ed4a54c30f63ff2e5a73c5e5528c47e256e88d7d4,3975,regular,go,implementation,lab-non-authoritative,HVC-LAB-W20-MASTERDNSVPN-INFLIGHT-2C3CB588,Promoted to governed labs surface at labs/daemon/proxy/masterdnsvpn_inflight.go; exact bytes retained.
luminet-baseline-d73453f,server/internal/proxy/mitm_detector.go,0e63e3b1c516fc2baad265773953b2c9457c1f6a5f5fb4a59e6aae130b0589cc,3837,regular,go,implementation,lab-non-authoritative,HVC-LAB-W20-MITM-DETECTOR-0E63E3B1,Promoted to governed labs surface at labs/daemon/proxy/mitm_detector.go; exact bytes retained.
luminet-baseline-d73453f,server/internal/proxy/mitm_detector_test.go,8828386e0fb9cfd7b865ac6ce10244b293a2edfeeff574bc223e336bf5cc7b6f,1622,regular,go,test,lab-non-authoritative,HVC-LAB-W20-MITM-DETECTOR-0E63E3B1,Promoted to governed labs surface at labs/daemon/proxy/mitm_detector_test.go; exact bytes retained.
luminet-baseline-d73453f,server/internal/proxy/mitm_domain_fronting_repacker.go,b14c4ac214cb36b306a29afa0e9910d12a20e40c49fc7d8e0f4334dd4478de63,9419,regular,go,implementation,lab-non-authoritative,HVC-LAB-W20-MITM-DOMAIN-FRONTING-REPACKER-B14C4AC2,Promoted to governed labs surface at labs/daemon/proxy/mitm_domain_fronting_repacker.go; exact bytes retained.
luminet-baseline-d73453f,server/internal/proxy/mitm_tls_proxy.go,1bbb08af4bff6ddb176611320b8ee4064e26d83999d1866f9d2880113cdf1730,657,regular,go,implementation,lab-non-authoritative,HVC-LAB-W20-MITM-TLS-PROXY-1BBB08AF,Promoted to governed labs surface at labs/daemon/proxy/mitm_tls_proxy.go; exact bytes retained.
luminet-baseline-d73453f,server/internal/proxy/mobile_sni_spoofer.go,f03ba2a5ded705bc8513431440a42cdf03ed2865824ea5e2edaff26c153732e3,2288,regular,go,implementation,lab-non-authoritative,HVC-LAB-W20-MOBILE-SNI-SPOOFER-F03BA2A5,Promoted to governed labs surface at labs/daemon/proxy/mobile_sni_spoofer.go; exact bytes retained.
luminet-baseline-d73453f,server/internal/proxy/mtproto.go,60069b0172e8b0165987d07e17f09a141c965e5379e8a12844ec8507d68769c0,11760,regular,go,implementation,lab-non-authoritative,HVC-LAB-W20-MTPROTO-60069B01,Promoted to governed labs surface at labs/daemon/proxy/mtproto.go; exact bytes retained.
luminet-baseline-d73453f,server/internal/proxy/multi_inbound_panel.go,d3c33d6500d81496eb91d9483a80b25eef6c06f2e208901b94d1455994029e99,1858,regular,go,implementation,lab-non-authoritative,HVC-LAB-W20-MULTI-INBOUND-PANEL-D3C33D65,Promoted to governed labs surface at labs/daemon/proxy/multi_inbound_panel.go; exact bytes retained.
luminet-baseline-d73453f,server/internal/proxy/multi_path_balancer.go,a932995239d0cc0d47d75ae877a0f9b2b3551fde8720180c84781de5fa3d7fd0,447,regular,go,implementation,lab-non-authoritative,HVC-LAB-W20-MULTI-PATH-BALANCER-A9329952,Promoted to governed labs surface at labs/daemon/proxy/multi_path_balancer.go; exact bytes retained.
luminet-baseline-d73453f,server/internal/proxy/multihost_parser.go,1e5171820fd9d8a880ea7fe4a6ffa20bdae66b38aafee7e18bc4f9de60fa2ad7,645,regular,go,implementation,lab-non-authoritative,HVC-LAB-W20-MULTIHOST-PARSER-1E517182,Promoted to governed labs surface at labs/daemon/proxy/multihost_parser.go; exact bytes retained.
luminet-baseline-d73453f,server/internal/proxy/naive.go,096f67ded5b2fe5d1d0487422a57af5b9b21ed7c7c57c2760b2c9b494f68596c,642,regular,go,implementation,lab-non-authoritative,HVC-LAB-W20-NAIVE-096F67DE,Promoted to governed labs surface at labs/daemon/proxy/naive.go; exact bytes retained.
luminet-baseline-d73453f,server/internal/proxy/naive_padding_conn.go,490ea2fc10ce01189322b55e1eaedfe3560d01877f8ff05c66502915b998c958,2771,regular,go,implementation,lab-non-authoritative,HVC-LAB-W20-NAIVE-PADDING-CONN-490EA2FC,Promoted to governed labs surface at labs/daemon/proxy/naive_padding_conn.go; exact bytes retained.
luminet-baseline-d73453f,server/internal/proxy/naive_padding_conn_test.go,5471d8d6d0cd6c03882437327c7f49f7da78496f359bbe548b2fcbdfaf762e41,2481,regular,go,test,lab-non-authoritative,HVC-LAB-W20-NAIVE-PADDING-CONN-490EA2FC,Promoted to governed labs surface at labs/daemon/proxy/naive_padding_conn_test.go; exact bytes retained.
luminet-baseline-d73453f,server/internal/proxy/nested_wireguard.go,fb94a8a1184add05321b5ef54283f066ee18cb5ad455032d591ad23c286fd0cd,3058,regular,go,implementation,lab-non-authoritative,HVC-LAB-W20-NESTED-WIREGUARD-FB94A8A1,Promoted to governed labs surface at labs/daemon/proxy/nested_wireguard.go; exact bytes retained.
luminet-baseline-d73453f,server/internal/proxy/nested_wireguard_test.go,9f72ac8052b9defc2c7e7fdb87133b0d715b14c2b27a323f0536198216f043d0,2747,regular,go,test,lab-non-authoritative,HVC-LAB-W20-NESTED-WIREGUARD-FB94A8A1,Promoted to governed labs surface at labs/daemon/proxy/nested_wireguard_test.go; exact bytes retained.
luminet-baseline-d73453f,server/internal/proxy/netgovpn_client.go,2450944f5b378b482b5c8036d2c94dabcfdc4e3695ccf3c313febe8fee31e29f,9088,regular,go,implementation,lab-non-authoritative,HVC-LAB-W20-NETGOVPN-CLIENT-2450944F,Promoted to governed labs surface at labs/daemon/proxy/netgovpn_client.go; exact bytes retained.
luminet-baseline-d73453f,server/internal/proxy/netgovpn_logger.go,92c882e1a7be02a1a6dca17d12eea548e2bc75ca1d1ee55b8957a8324ab61cae,3257,regular,go,implementation,lab-non-authoritative,HVC-LAB-W20-NETGOVPN-LOGGER-92C882E1,Promoted to governed labs surface at labs/daemon/proxy/netgovpn_logger.go; exact bytes retained.
luminet-baseline-d73453f,server/internal/proxy/nexus_proxy.go,52c1a7c1e7daf780934e794bad250c3fabfadc044a431ddd3476be7ea326082f,571,regular,go,implementation,lab-non-authoritative,HVC-LAB-W20-NEXUS-PROXY-52C1A7C1,Promoted to governed labs surface at labs/daemon/proxy/nexus_proxy.go; exact bytes retained.
luminet-baseline-d73453f,server/internal/proxy/nipo_obfuscator.go,2cdb3878d17b9034f4d142739ae338cac1c9561dc30157b8aca8254b20c72dde,3569,regular,go,implementation,lab-non-authoritative,HVC-LAB-W20-NIPO-OBFUSCATOR-2CDB3878,Promoted to governed labs surface at labs/daemon/proxy/nipo_obfuscator.go; exact bytes retained.
luminet-baseline-d73453f,server/internal/proxy/node_mitm_proxy.go,c5db448ed710b9c1dc29006114ee16e3b0fa0ea16d03422b6a42b304e0d356a8,6618,regular,go,implementation,lab-non-authoritative,HVC-LAB-W20-NODE-MITM-PROXY-C5DB448E,Promoted to governed labs surface at labs/daemon/proxy/node_mitm_proxy.go; exact bytes retained.
luminet-baseline-d73453f,server/internal/proxy/node_unblocker.go,5b59a9b4b7bf7797bfada0efb1cbe2ea669f3aefa8595dec9cc5e7b565d321b2,6476,regular,go,implementation,lab-non-authoritative,HVC-LAB-W20-NODE-UNBLOCKER-5B59A9B4,Promoted to governed labs surface at labs/daemon/proxy/node_unblocker.go; exact bytes retained.
luminet-baseline-d73453f,server/internal/proxy/nomore_walls_domain_tree.go,6e17089b2bf24b70ed8a600834db6c75cc39f79e78a80744e6e6df107baedaae,10513,regular,go,implementation,lab-non-authoritative,HVC-LAB-W20-NOMORE-WALLS-DOMAIN-TREE-6E17089B,Promoted to governed labs surface at labs/daemon/proxy/nomore_walls_domain_tree.go; exact bytes retained.
luminet-baseline-d73453f,server/internal/proxy/nomore_walls_domain_tree_test.go,20a48aa2638f6bcefa455abd625a232e1321d0af631a265dd50d43b6f3953a50,2681,regular,go,test,lab-non-authoritative,HVC-LAB-W20-NOMORE-WALLS-DOMAIN-TREE-6E17089B,Promoted to governed labs surface at labs/daemon/proxy/nomore_walls_domain_tree_test.go; exact bytes retained.
luminet-baseline-d73453f,server/internal/proxy/non_portable_wrappers.go,79d187564d2e3459df12288f13899f411e08df2b5d364a3a7679062272e70075,1877,regular,go,implementation,lab-non-authoritative,HVC-LAB-W20-NON-PORTABLE-WRAPPERS-79D18756,Promoted to governed labs surface at labs/daemon/proxy/non_portable_wrappers.go; exact bytes retained.
luminet-baseline-d73453f,server/internal/proxy/non_portable_wrappers_test.go,bb7ee4d71205d0958438ad7b07a9a497480296a43aa155743cd2e48c886a55fe,792,regular,go,test,lab-non-authoritative,HVC-LAB-W20-NON-PORTABLE-WRAPPERS-79D18756,Promoted to governed labs surface at labs/daemon/proxy/non_portable_wrappers_test.go; exact bytes retained.
luminet-baseline-d73453f,server/internal/proxy/obfs4_icmp_transport.go,5faec36254673000326140ad90cf2c2da05137a44a819b42b11996043414949d,2531,regular,go,implementation,lab-non-authoritative,HVC-LAB-W20-OBFS4-ICMP-TRANSPORT-5FAEC362,Promoted to governed labs surface at labs/daemon/proxy/obfs4_icmp_transport.go; exact bytes retained.
luminet-baseline-d73453f,server/internal/proxy/obfuscated_ssh.go,7a1fc5319eb19fcc2788a30858521fe7dd8629fbdd7626d1bbfd6de08b540abe,670,regular,go,implementation,lab-non-authoritative,HVC-LAB-W20-OBFUSCATED-SSH-7A1FC531,Promoted to governed labs surface at labs/daemon/proxy/obfuscated_ssh.go; exact bytes retained.
luminet-baseline-d73453f,server/internal/proxy/onion_bridge.go,2edd2985ea145b0a83b3ddc809903e72a3e229152f3cb12f78466ac6e717318a,552,regular,go,implementation,lab-non-authoritative,HVC-LAB-W20-ONION-BRIDGE-2EDD2985,Promoted to governed labs surface at labs/daemon/proxy/onion_bridge.go; exact bytes retained.
luminet-baseline-d73453f,server/internal/proxy/onion_hop.go,37485a761c7930291df662e4daf22ae98ca16972b418a0cb8d11ed926a03ca46,505,regular,go,implementation,lab-non-authoritative,HVC-LAB-W20-ONION-HOP-37485A76,Promoted to governed labs surface at labs/daemon/proxy/onion_hop.go; exact bytes retained.
luminet-baseline-d73453f,server/internal/proxy/openvpn_config_patcher.go,9fb97a9391d6f5186a0c5577526fcbd8636d7f7641dd89af810690ff8c24d584,6158,regular,go,implementation,lab-non-authoritative,HVC-LAB-W20-OPENVPN-CONFIG-PATCHER-9FB97A93,Promoted to governed labs surface at labs/daemon/proxy/openvpn_config_patcher.go; exact bytes retained.
luminet-baseline-d73453f,server/internal/proxy/openvpn_config_patcher_test.go,b9865c4cb552eb7dd7d3c00704b0e3abb6d55788fbd7db08049de44f4df15515,4334,regular,go,test,lab-non-authoritative,HVC-LAB-W20-OPENVPN-CONFIG-PATCHER-9FB97A93,Promoted to governed labs surface at labs/daemon/proxy/openvpn_config_patcher_test.go; exact bytes retained.
luminet-baseline-d73453f,server/internal/proxy/outline_client.go,9e50e10e9d63b5f44255fc095bffe66b96d73cf93346fc74c741d84ca366dbb8,594,regular,go,implementation,lab-non-authoritative,HVC-LAB-W20-OUTLINE-CLIENT-9E50E10E,Promoted to governed labs surface at labs/daemon/proxy/outline_client.go; exact bytes retained.
luminet-baseline-d73453f,server/internal/proxy/outline_server.go,4990781ee437a188b067ef8c4e364b939157e9b1e6a8d316c6e5e00a75518768,2522,regular,go,implementation,lab-non-authoritative,HVC-LAB-W20-OUTLINE-SERVER-4990781E,Promoted to governed labs surface at labs/daemon/proxy/outline_server.go; exact bytes retained.
luminet-baseline-d73453f,server/internal/proxy/outline_ss.go,50542f065812a8e3c707921610d6626bbef492fc5a7767758f3aae3b5e2ce2b6,593,regular,go,implementation,lab-non-authoritative,HVC-LAB-W20-OUTLINE-SS-50542F06,Promoted to governed labs surface at labs/daemon/proxy/outline_ss.go; exact bytes retained.
luminet-baseline-d73453f,server/internal/proxy/p2p_hypercore_feed.go,2a0ec57fcd4312849bba0ec6e311e34fcce8d40fc2b6cdac7bf210b046ad4c1a,1060,regular,go,implementation,lab-non-authoritative,HVC-LAB-W20-P2P-HYPERCORE-FEED-2A0EC57F,Promoted to governed labs surface at labs/daemon/proxy/p2p_hypercore_feed.go; exact bytes retained.
luminet-baseline-d73453f,server/internal/proxy/paas_argo.go,9f1fc3eef92942cf5139ddefddd276bb252a819cf68899301aa30c74067c6d1b,2430,regular,go,implementation,lab-non-authoritative,HVC-LAB-W20-PAAS-ARGO-9F1FC3EE,Promoted to governed labs surface at labs/daemon/proxy/paas_argo.go; exact bytes retained.
luminet-baseline-d73453f,server/internal/proxy/packet_ring_queue.go,03eb7e241fd950014cb7576ba0c8d38e4bd9eb7c663cddf506a344d77fce741d,1909,regular,go,implementation,lab-non-authoritative,HVC-LAB-W20-PACKET-RING-QUEUE-03EB7E24,Promoted to governed labs surface at labs/daemon/proxy/packet_ring_queue.go; exact bytes retained.
luminet-baseline-d73453f,server/internal/proxy/panel_client_manager.go,cd0bcf726da4aa00099b679545df0665f06ef57005986688cde9ff6d28858021,4676,regular,go,implementation,lab-non-authoritative,HVC-LAB-W20-PANEL-CLIENT-MANAGER-CD0BCF72,Promoted to governed labs surface at labs/daemon/proxy/panel_client_manager.go; exact bytes retained.
luminet-baseline-d73453f,server/internal/proxy/panel_node_client.go,dd779dfa76759b6e18076a330b7d94d3b73ee879a4a27a227ce01de8a1f204a7,852,regular,go,implementation,lab-non-authoritative,HVC-LAB-W20-PANEL-NODE-CLIENT-DD779DFA,Promoted to governed labs surface at labs/daemon/proxy/panel_node_client.go; exact bytes retained.
luminet-baseline-d73453f,server/internal/proxy/parsa_panel.go,07a183f23a1796b791b2aecd2b085b5f4e1998d9c1301fd31061655f77a11014,14524,regular,go,implementation,lab-non-authoritative,HVC-LAB-W20-PARSA-PANEL-07A183F2,Promoted to governed labs surface at labs/daemon/proxy/parsa_panel.go; exact bytes retained.
luminet-baseline-d73453f,server/internal/proxy/pathfinder.go,291ceaa713ad4b89b4d90e50fcfaa1d90ed6bc00ccdc3c55e6f4c1a9f92f5905,3247,regular,go,implementation,lab-non-authoritative,HVC-LAB-W20-PATHFINDER-291CEAA7,Promoted to governed labs surface at labs/daemon/proxy/pathfinder.go; exact bytes retained.
luminet-baseline-d73453f,server/internal/proxy/pathfinder_test.go,528a0d4579a28e6db3fca6b2b479f10fb978ee1df287d7d6eac0e5574d411d24,1508,regular,go,test,lab-non-authoritative,HVC-LAB-W20-PATHFINDER-291CEAA7,Promoted to governed labs surface at labs/daemon/proxy/pathfinder_test.go; exact bytes retained.
luminet-baseline-d73453f,server/internal/proxy/phishing_verifier.go,5ff2a6fc130b638e3f3d8d07f83ff633adcf94a34503456c4e2cb4c970bdef3b,2275,regular,go,implementation,lab-non-authoritative,HVC-LAB-W20-PHISHING-VERIFIER-5FF2A6FC,Promoted to governed labs surface at labs/daemon/proxy/phishing_verifier.go; exact bytes retained.
luminet-baseline-d73453f,server/internal/proxy/phishing_verifier_test.go,10ef06be101f98e9959ddce99ed9a7d50ccba126d083560819e739b92174c0be,1352,regular,go,test,lab-non-authoritative,HVC-LAB-W20-PHISHING-VERIFIER-5FF2A6FC,Promoted to governed labs surface at labs/daemon/proxy/phishing_verifier_test.go; exact bytes retained.
luminet-baseline-d73453f,server/internal/proxy/php_proxy_web.go,8796c61252aaec0a93e710d4302ee78ed844045aa30d9478ec5a64f507c23807,5648,regular,go,implementation,lab-non-authoritative,HVC-LAB-W20-PHP-PROXY-WEB-8796C612,Promoted to governed labs surface at labs/daemon/proxy/php_proxy_web.go; exact bytes retained.
luminet-baseline-d73453f,server/internal/proxy/pion_dtls.go,7a34a5331a92bd413e97a31e0c8b84cb8abcffaef31a51ac230e98326056da9b,615,regular,go,implementation,lab-non-authoritative,HVC-LAB-W20-PION-DTLS-7A34A533,Promoted to governed labs surface at labs/daemon/proxy/pion_dtls.go; exact bytes retained.
luminet-baseline-d73453f,server/internal/proxy/pion_transport.go,8f154f29f0985b2b8b41a82a9403b0d6b140f67edadd5e9be46bbb3829b22b67,659,regular,go,implementation,lab-non-authoritative,HVC-LAB-W20-PION-TRANSPORT-8F154F29,Promoted to governed labs surface at labs/daemon/proxy/pion_transport.go; exact bytes retained.
luminet-baseline-d73453f,server/internal/proxy/port_bridge.go,6040ef0407902321b8db58cbbf32ff8c53e1f102c17ae0d15493caa9c350760e,570,regular,go,implementation,lab-non-authoritative,HVC-LAB-W20-PORT-BRIDGE-6040EF04,Promoted to governed labs surface at labs/daemon/proxy/port_bridge.go; exact bytes retained.
luminet-baseline-d73453f,server/internal/proxy/prefix_list.go,f3e544c227f44515275fa25a2ac41eb34266607288afba4b30a79d5840fa2f8b,2327,regular,go,implementation,lab-non-authoritative,HVC-LAB-W20-PREFIX-LIST-F3E544C2,Promoted to governed labs surface at labs/daemon/proxy/prefix_list.go; exact bytes retained.
luminet-baseline-d73453f,server/internal/proxy/profile_morpher.go,baf4bf7954516af832e72648bf3e0c671a8bfc11c7ad18bfa3f512e0a2323cb2,3260,regular,go,implementation,lab-non-authoritative,HVC-LAB-W20-PROFILE-MORPHER-BAF4BF79,Promoted to governed labs surface at labs/daemon/proxy/profile_morpher.go; exact bytes retained.
luminet-baseline-d73453f,server/internal/proxy/profile_morpher_test.go,bb3086b51db8d3f0942496178de7676a8d06d2f090fbbe07a8785cafac29ec40,1360,regular,go,test,lab-non-authoritative,HVC-LAB-W20-PROFILE-MORPHER-BAF4BF79,Promoted to governed labs surface at labs/daemon/proxy/profile_morpher_test.go; exact bytes retained.
luminet-baseline-d73453f,server/internal/proxy/protobuf_codec.go,0fb8a4355f8d9ce8a35aff7d35582572315142f0b6c669b4ae5865be8cc8788c,555,regular,go,implementation,lab-non-authoritative,HVC-LAB-W20-PROTOBUF-CODEC-0FB8A435,Promoted to governed labs surface at labs/daemon/proxy/protobuf_codec.go; exact bytes retained.
luminet-baseline-d73453f,server/internal/proxy/proxy2singbox.go,eea12dcd252a101fc55ca3d5724a4384a08666dd40abb898f5699519fad57bc5,7951,regular,go,implementation,lab-non-authoritative,HVC-LAB-W20-PROXY2SINGBOX-EEA12DCD,Promoted to governed labs surface at labs/daemon/proxy/proxy2singbox.go; exact bytes retained.
luminet-baseline-d73453f,server/internal/proxy/proxy_chain_manager.go,9fe0b08aa367f94c44e29598ab36f0c6fd22c40df46fc0ad8d449672f0dd5a36,608,regular,go,implementation,lab-non-authoritative,HVC-LAB-W20-PROXY-CHAIN-MANAGER-9FE0B08A,Promoted to governed labs surface at labs/daemon/proxy/proxy_chain_manager.go; exact bytes retained.
luminet-baseline-d73453f,server/internal/proxy/proxy_cluster.go,0a93ccb692b654ef977d4395e42d1b333db7e7016d5ef0cfa8530dbf5d461631,2590,regular,go,implementation,lab-non-authoritative,HVC-LAB-W20-PROXY-CLUSTER-0A93CCB6,Promoted to governed labs surface at labs/daemon/proxy/proxy_cluster.go; exact bytes retained.
luminet-baseline-d73453f,server/internal/proxy/proxy_cluster_test.go,bc818db4b87d8513c1afb556c754b17132769cc57fe276c5c11840a8ee91b375,1006,regular,go,test,lab-non-authoritative,HVC-LAB-W20-PROXY-CLUSTER-0A93CCB6,Promoted to governed labs surface at labs/daemon/proxy/proxy_cluster_test.go; exact bytes retained.
luminet-baseline-d73453f,server/internal/proxy/proxy_core_daemon.go,6f2b8ad3c78cdc5cab16bb13f170fddad6b862a67ec29021c872a95de0b0acb0,547,regular,go,implementation,lab-non-authoritative,HVC-LAB-W20-PROXY-CORE-DAEMON-6F2B8AD3,Promoted to governed labs surface at labs/daemon/proxy/proxy_core_daemon.go; exact bytes retained.
luminet-baseline-d73453f,server/internal/proxy/proxy_harvester.go,00e2527262c9839fe4f78c4dcd182ce0797ece1a6ad4ebb298f6e34feefd0659,2922,regular,go,implementation,lab-non-authoritative,HVC-LAB-W20-PROXY-HARVESTER-00E25272,Promoted to governed labs surface at labs/daemon/proxy/proxy_harvester.go; exact bytes retained.
luminet-baseline-d73453f,server/internal/proxy/proxy_panel_bridge.go,6d985f94d6d9540d17e82f57d54bcb4508cc97f3eff6689f98d052716148bbb9,3183,regular,go,implementation,lab-non-authoritative,HVC-LAB-W20-PROXY-PANEL-BRIDGE-6D985F94,Promoted to governed labs surface at labs/daemon/proxy/proxy_panel_bridge.go; exact bytes retained.
luminet-baseline-d73453f,server/internal/proxy/proxychains.go,2afc20a1eb8c517c37267da1226e3ba501c40afba5cae51f24e503855580d259,645,regular,go,implementation,lab-non-authoritative,HVC-LAB-W20-PROXYCHAINS-2AFC20A1,Promoted to governed labs surface at labs/daemon/proxy/proxychains.go; exact bytes retained.
luminet-baseline-d73453f,server/internal/proxy/psiphon_chain.go,b20eb54394d4981585e7e7de5d36c4df8380554e73c72c47c0066d63a8653cc1,652,regular,go,implementation,lab-non-authoritative,HVC-LAB-W20-PSIPHON-CHAIN-B20EB543,Promoted to governed labs surface at labs/daemon/proxy/psiphon_chain.go; exact bytes retained.
luminet-baseline-d73453f,server/internal/proxy/qlearning.go,a7ef16cfd781961dcafd0d1550c77100e80c19282e431409570a78426fc063fd,1984,regular,go,implementation,lab-non-authoritative,HVC-LAB-W20-QLEARNING-A7EF16CF,Promoted to governed labs surface at labs/daemon/proxy/qlearning.go; exact bytes retained.
luminet-baseline-d73453f,server/internal/proxy/qlearning_test.go,8083bd63e5fbd20b4d419f306312d572f1605f653872291b228d3b2dd5f0aa89,604,regular,go,test,lab-non-authoritative,HVC-LAB-W20-QLEARNING-A7EF16CF,Promoted to governed labs surface at labs/daemon/proxy/qlearning_test.go; exact bytes retained.
luminet-baseline-d73453f,server/internal/proxy/qtun.go,5143e34eedc08125cd5dfd6d4799cda121ff0ce8de1f3e238ad89e2a0510dd2e,2410,regular,go,implementation,lab-non-authoritative,HVC-LAB-W20-QTUN-5143E34E,Promoted to governed labs surface at labs/daemon/proxy/qtun.go; exact bytes retained.
luminet-baseline-d73453f,server/internal/proxy/quic_congestion_manager.go,4d172e1d425c0d5c39e1a957e7d7b100d3301e0d1d38ffdc3c116b7b7443ce95,802,regular,go,implementation,lab-non-authoritative,HVC-LAB-W20-QUIC-CONGESTION-MANAGER-4D172E1D,Promoted to governed labs surface at labs/daemon/proxy/quic_congestion_manager.go; exact bytes retained.
luminet-baseline-d73453f,server/internal/proxy/quic_sniffer.go,8f2115cbc38592e7998c2a6a0ec0f3174e6c100ea0bce029061621df54ea6660,9548,regular,go,implementation,lab-non-authoritative,HVC-LAB-W20-QUIC-SNIFFER-8F2115CB,Promoted to governed labs surface at labs/daemon/proxy/quic_sniffer.go; exact bytes retained.
luminet-baseline-d73453f,server/internal/proxy/quic_sniffer_test.go,a084d1c0f0c30f41484bf6e993e84c0e2497cd28bfda7d9c3e9faab673129ed5,5627,regular,go,test,lab-non-authoritative,HVC-LAB-W20-QUIC-SNIFFER-8F2115CB,Promoted to governed labs surface at labs/daemon/proxy/quic_sniffer_test.go; exact bytes retained.
luminet-baseline-d73453f,server/internal/proxy/r2_storage_gateway.go,1c72c3f59b7ca6f5eefb667ff6dc01b4be221b7f37839720da0503775223abc0,8669,regular,go,implementation,lab-non-authoritative,HVC-LAB-W20-R2-STORAGE-GATEWAY-1C72C3F5,Promoted to governed labs surface at labs/daemon/proxy/r2_storage_gateway.go; exact bytes retained.
luminet-baseline-d73453f,server/internal/proxy/reality_core.go,7a2ee3e0d1e3a43317ed18e4d33b24cbe9bd3db0eea6329e3052bea271ea4327,677,regular,go,implementation,lab-non-authoritative,HVC-LAB-W20-REALITY-CORE-7A2EE3E0,Promoted to governed labs surface at labs/daemon/proxy/reality_core.go; exact bytes retained.
luminet-baseline-d73453f,server/internal/proxy/restricted_gateway.go,81914e9ec1afc89cf5fc9e526934a153cff09f201ea454675ea8c10525938d29,3534,regular,go,implementation,lab-non-authoritative,HVC-LAB-W20-RESTRICTED-GATEWAY-81914E9E,Promoted to governed labs surface at labs/daemon/proxy/restricted_gateway.go; exact bytes retained.
luminet-baseline-d73453f,server/internal/proxy/reverse_tcp_bridge.go,c50f31f504308d902481be8f030962bd612a6e74d3750cce162356ba8f19738d,684,regular,go,implementation,lab-non-authoritative,HVC-LAB-W20-REVERSE-TCP-BRIDGE-C50F31F5,Promoted to governed labs surface at labs/daemon/proxy/reverse_tcp_bridge.go; exact bytes retained.
luminet-baseline-d73453f,server/internal/proxy/reverse_tunnel.go,e68e22e728ffa42c60294543b7ded626ba836afe1f9521e3b3678492ec0e8bb5,3708,regular,go,implementation,lab-non-authoritative,HVC-LAB-W20-REVERSE-TUNNEL-E68E22E7,Promoted to governed labs surface at labs/daemon/proxy/reverse_tunnel.go; exact bytes retained.
luminet-baseline-d73453f,server/internal/proxy/route_optimizer.go,7670f4d37ca339304f3174b41a1123104b450dbbb3886de5966bade13d20d3ba,765,regular,go,implementation,lab-non-authoritative,HVC-LAB-W20-ROUTE-OPTIMIZER-7670F4D3,Promoted to governed labs surface at labs/daemon/proxy/route_optimizer.go; exact bytes retained.
luminet-baseline-d73453f,server/internal/proxy/s3_signer.go,eaa86b6849f7e8734d6c0cadc6ad5c68bc0cdeefc1e9f9798e26275dc7bf4cba,6944,regular,go,implementation,lab-non-authoritative,HVC-LAB-W20-S3-SIGNER-EAA86B68,Promoted to governed labs surface at labs/daemon/proxy/s3_signer.go; exact bytes retained.
luminet-baseline-d73453f,server/internal/proxy/scan_telemetry.go,f871b2d8b0cb6965861b5109b3e3ff33941a381a66192f5c4e6512f839f3f5ff,747,regular,go,implementation,lab-non-authoritative,HVC-LAB-W20-SCAN-TELEMETRY-F871B2D8,Promoted to governed labs surface at labs/daemon/proxy/scan_telemetry.go; exact bytes retained.
luminet-baseline-d73453f,server/internal/proxy/session_authority_manager.go,08057dc162858779f766c096497962db2698cdb0951d5430e7575f8edfb8a88c,8289,regular,go,implementation,lab-non-authoritative,HVC-LAB-W20-SESSION-AUTHORITY-MANAGER-08057DC1,Promoted to governed labs surface at labs/daemon/proxy/session_authority_manager.go; exact bytes retained.
luminet-baseline-d73453f,server/internal/proxy/shadowsocks_macos.go,02c89e2b2a2b900ecd67f4e05211f47d4ef9841488b91d6da10ce9062b421947,676,regular,go,implementation,lab-non-authoritative,HVC-LAB-W20-SHADOWSOCKS-MACOS-02C89E2B,Promoted to governed labs surface at labs/daemon/proxy/shadowsocks_macos.go; exact bytes retained.
luminet-baseline-d73453f,server/internal/proxy/shadowsocks_multiplex_client.go,d7129e230d0c13509f6aed82406d38572b561cff4c488cf4f9716a7b25582ae7,5962,regular,go,implementation,lab-non-authoritative,HVC-LAB-W20-SHADOWSOCKS-MULTIPLEX-CLIENT-D7129E23,Promoted to governed labs surface at labs/daemon/proxy/shadowsocks_multiplex_client.go; exact bytes retained.
luminet-baseline-d73453f,server/internal/proxy/shahan.go,e8237f423afe42d50437713f373c3c66dd4bb4342d4726c451eb553d9713d875,18617,regular,go,implementation,lab-non-authoritative,HVC-LAB-W20-SHAHAN-E8237F42,Promoted to governed labs surface at labs/daemon/proxy/shahan.go; exact bytes retained.
luminet-baseline-d73453f,server/internal/proxy/sidecar_desync.go,5c64affc6cf63468ba51cf325191af60bc17857cb07defe4dd234efe641c7b12,9380,regular,go,implementation,lab-non-authoritative,HVC-LAB-W20-SIDECAR-DESYNC-5C64AFFC,Promoted to governed labs surface at labs/daemon/proxy/sidecar_desync.go; exact bytes retained.
luminet-baseline-d73453f,server/internal/proxy/simple_obfs.go,da5a0758fe87f5750040227f93ef4455997130c5f98daaf7b239c0e1f4940446,631,regular,go,implementation,lab-non-authoritative,HVC-LAB-W20-SIMPLE-OBFS-DA5A0758,Promoted to governed labs surface at labs/daemon/proxy/simple_obfs.go; exact bytes retained.
luminet-baseline-d73453f,server/internal/proxy/sing_cloudflared.go,dfd4a992db70e945c311099453b2cae3b94c02e46a507c374db122ddd5110f38,614,regular,go,implementation,lab-non-authoritative,HVC-LAB-W20-SING-CLOUDFLARED-DFD4A992,Promoted to governed labs surface at labs/daemon/proxy/sing_cloudflared.go; exact bytes retained.
luminet-baseline-d73453f,server/internal/proxy/sing_mux.go,e785a001c19c741c3f5f747991d1f4692762faf96c9b012bcb8b2b441852dcb9,505,regular,go,implementation,lab-non-authoritative,HVC-LAB-W20-SING-MUX-E785A001,Promoted to governed labs surface at labs/daemon/proxy/sing_mux.go; exact bytes retained.
luminet-baseline-d73453f,server/internal/proxy/sing_quic.go,23b8e5697933d999adffdba5be2caefbd2c1058d584c1eff32eb13fcbb981f1d,511,regular,go,implementation,lab-non-authoritative,HVC-LAB-W20-SING-QUIC-23B8E569,Promoted to governed labs surface at labs/daemon/proxy/sing_quic.go; exact bytes retained.
luminet-baseline-d73453f,server/internal/proxy/sing_vmess_compat.go,08f27c8ff03afc09570f05a33e861d6d373942dc42c0c34db9f923995df7ad31,620,regular,go,implementation,lab-non-authoritative,HVC-LAB-W20-SING-VMESS-COMPAT-08F27C8F,Promoted to governed labs surface at labs/daemon/proxy/sing_vmess_compat.go; exact bytes retained.
luminet-baseline-d73453f,server/internal/proxy/singbox_core.go,a7c346fdf421023dc2c44ee3124459ed627bd7e199a61ec2aaffc9fd37cff2d5,585,regular,go,implementation,lab-non-authoritative,HVC-LAB-W20-SINGBOX-CORE-A7C346FD,Promoted to governed labs surface at labs/daemon/proxy/singbox_core.go; exact bytes retained.
luminet-baseline-d73453f,server/internal/proxy/singbox_tun.go,3ccd4cc7e4720011d3e6067cdd1ac641d7954713be1b17ddd9c570f1f6de9d3f,652,regular,go,implementation,lab-non-authoritative,HVC-LAB-W20-SINGBOX-TUN-3CCD4CC7,Promoted to governed labs surface at labs/daemon/proxy/singbox_tun.go; exact bytes retained.
luminet-baseline-d73453f,server/internal/proxy/smux_pool.go,d8c9a96504bafa9da756896a633c47a14ba0b1585412814049c130e8c8bd1819,1140,regular,go,implementation,lab-non-authoritative,HVC-LAB-W20-SMUX-POOL-D8C9A965,Promoted to governed labs surface at labs/daemon/proxy/smux_pool.go; exact bytes retained.
luminet-baseline-d73453f,server/internal/proxy/snell_manager.go,60912151a17149ba7438e60e758c00b987d04188f8c0693d7077450f81ec1a64,2151,regular,go,implementation,lab-non-authoritative,HVC-LAB-W20-SNELL-MANAGER-60912151,Promoted to governed labs surface at labs/daemon/proxy/snell_manager.go; exact bytes retained.
luminet-baseline-d73453f,server/internal/proxy/sni_injector.go,01cdf9f67cb203d57f1a8d1c17a53327bd17840e801c4a6df47ab458ef9db448,671,regular,go,implementation,lab-non-authoritative,HVC-LAB-W20-SNI-INJECTOR-01CDF9F6,Promoted to governed labs surface at labs/daemon/proxy/sni_injector.go; exact bytes retained.
luminet-baseline-d73453f,server/internal/proxy/sni_injector_rust.go,6d744d600ac2e1d4972827f5665fc93813e42ef2abe8536e76bb25ff519a9361,695,regular,go,implementation,lab-non-authoritative,HVC-LAB-W20-SNI-INJECTOR-RUST-6D744D60,Promoted to governed labs surface at labs/daemon/proxy/sni_injector_rust.go; exact bytes retained.
luminet-baseline-d73453f,server/internal/proxy/sni_proxy.go,89bdd512fbd7755a8accbd60224c3945ca8f434a5db9bb64d870817b21cba190,3372,regular,go,implementation,lab-non-authoritative,HVC-LAB-W20-SNI-PROXY-89BDD512,Promoted to governed labs surface at labs/daemon/proxy/sni_proxy.go; exact bytes retained.
luminet-baseline-d73453f,server/internal/proxy/socks5_isolation.go,e2a116dba47205b22355f97d938d36c770ca1935df1ccacc1d644a488db74e71,2946,regular,go,implementation,lab-non-authoritative,HVC-LAB-W20-SOCKS5-ISOLATION-E2A116DB,Promoted to governed labs surface at labs/daemon/proxy/socks5_isolation.go; exact bytes retained.
luminet-baseline-d73453f,server/internal/proxy/srsc_redirector.go,ece532a21785930834eb827eae7106fc157f256f1b5652d5a159ad1ad946fb12,585,regular,go,implementation,lab-non-authoritative,HVC-LAB-W20-SRSC-REDIRECTOR-ECE532A2,Promoted to governed labs surface at labs/daemon/proxy/srsc_redirector.go; exact bytes retained.
luminet-baseline-d73453f,server/internal/proxy/stream_scheduler.go,dd52665aff868a973f49bf8e7d4841ea04fc1820382e26315920c876b25cf720,3468,regular,go,implementation,lab-non-authoritative,HVC-LAB-W20-STREAM-SCHEDULER-DD52665A,Promoted to governed labs surface at labs/daemon/proxy/stream_scheduler.go; exact bytes retained.
luminet-baseline-d73453f,server/internal/proxy/stream_scheduler_test.go,6d6811562e40ebf4c066f1be27874b285bd9f21b80837baad5991bfaa38b8a27,2141,regular,go,test,lab-non-authoritative,HVC-LAB-W20-STREAM-SCHEDULER-DD52665A,Promoted to governed labs surface at labs/daemon/proxy/stream_scheduler_test.go; exact bytes retained.
luminet-baseline-d73453f,server/internal/proxy/syp_multiplexer.go,df4ff6c03b77272b5f7286a5a94a510eac83002eb60a4531280ea4411777bf4c,626,regular,go,implementation,lab-non-authoritative,HVC-LAB-W20-SYP-MULTIPLEXER-DF4FF6C0,Promoted to governed labs surface at labs/daemon/proxy/syp_multiplexer.go; exact bytes retained.
luminet-baseline-d73453f,server/internal/proxy/tcp_brutal.go,1f23270341e3c389f196117f6dd5e62968c4e2d34cdcf7ec7c1ba57ec6b2b9fa,721,regular,go,implementation,lab-non-authoritative,HVC-LAB-W20-TCP-BRUTAL-1F232703,Promoted to governed labs surface at labs/daemon/proxy/tcp_brutal.go; exact bytes retained.
luminet-baseline-d73453f,server/internal/proxy/tcp_relay.go,4ea184165b26aa5749e28067320c5fe759fa56b4833525e94fc6e22c0138f7dd,500,regular,go,implementation,lab-non-authoritative,HVC-LAB-W20-TCP-RELAY-4EA18416,Promoted to governed labs surface at labs/daemon/proxy/tcp_relay.go; exact bytes retained.
luminet-baseline-d73453f,server/internal/proxy/telegram_bot.go,563d2f624885dbd9d35f4f905fe24bcd862bf018732f9bd282f47e29ce83fc14,2416,regular,go,implementation,lab-non-authoritative,HVC-LAB-W20-TELEGRAM-BOT-563D2F62,Promoted to governed labs surface at labs/daemon/proxy/telegram_bot.go; exact bytes retained.
luminet-baseline-d73453f,server/internal/proxy/tinydns.go,17bc2e8a1d3db73a9efd330b6b0e6c38c7a06d15e5d2f776c9b88a2b3370f011,4045,regular,go,implementation,lab-non-authoritative,HVC-LAB-W20-TINYDNS-17BC2E8A,Promoted to governed labs surface at labs/daemon/proxy/tinydns.go; exact bytes retained.
luminet-baseline-d73453f,server/internal/proxy/tinydoh_test.go,653d96177307bed430a2dcab09adfdc6c28d48beaf613a60c45b85af907b5b9f,2303,regular,go,test,lab-non-authoritative,n/a,Promoted to governed labs surface at labs/daemon/proxy/tinydoh_test.go; exact bytes retained.
luminet-baseline-d73453f,server/internal/proxy/tls_fragment_tunnel.go,1229b6b4b0eb14778acb4cbba598baa7650e3498555060059d50ef08b84f95f6,1593,regular,go,implementation,lab-non-authoritative,HVC-LAB-W20-TLS-FRAGMENT-TUNNEL-1229B6B4,Promoted to governed labs surface at labs/daemon/proxy/tls_fragment_tunnel.go; exact bytes retained.
luminet-baseline-d73453f,server/internal/proxy/tor_client.go,3c8513322a7da9fc607bbe4e041bc5d73b25211853e23233d3a8bb98114d8374,3057,regular,go,implementation,lab-non-authoritative,HVC-LAB-W20-TOR-CLIENT-3C851332,Promoted to governed labs surface at labs/daemon/proxy/tor_client.go; exact bytes retained.
luminet-baseline-d73453f,server/internal/proxy/triple_proxy_ui_manager.go,03f4691eed2c5b04863e468a0b0bce52e7a0f0faa6f5a4be34d135022a8f9d2a,1663,regular,go,implementation,lab-non-authoritative,HVC-LAB-W20-TRIPLE-PROXY-UI-MANAGER-03F4691E,Promoted to governed labs surface at labs/daemon/proxy/triple_proxy_ui_manager.go; exact bytes retained.
luminet-baseline-d73453f,server/internal/proxy/trojan_panel_controller.go,1d6c619f22bcb9359face4e5df3c8515c79d1f714de0a934682327ad66033ad8,17165,regular,go,implementation,lab-non-authoritative,HVC-LAB-W20-TROJAN-PANEL-CONTROLLER-1D6C619F,Promoted to governed labs surface at labs/daemon/proxy/trojan_panel_controller.go; exact bytes retained.
luminet-baseline-d73453f,server/internal/proxy/tuic_transport.go,269226f46b6da5e6429ba49c8d25f02cdb8947589060280ec8ba17dead6fcd3b,592,regular,go,implementation,lab-non-authoritative,HVC-LAB-W20-TUIC-TRANSPORT-269226F4,Promoted to governed labs surface at labs/daemon/proxy/tuic_transport.go; exact bytes retained.
luminet-baseline-d73453f,server/internal/proxy/tun2socks_hev_adapter.go,d554227feb70773a60b1c04b00bed28f7ae46efb62f2e55bdb00716aeeb90e44,664,regular,go,implementation,lab-non-authoritative,HVC-LAB-W20-TUN2SOCKS-HEV-ADAPTER-D554227F,Promoted to governed labs surface at labs/daemon/proxy/tun2socks_hev_adapter.go; exact bytes retained.
luminet-baseline-d73453f,server/internal/proxy/tunl_relay.go,3b0a40a1fa7b2940c4d73ac95a3992a2c030a23f38b84959c2cbad5ae3ac9fa3,6797,regular,go,implementation,lab-non-authoritative,HVC-LAB-W20-TUNL-RELAY-3B0A40A1,Promoted to governed labs surface at labs/daemon/proxy/tunl_relay.go; exact bytes retained.
luminet-baseline-d73453f,server/internal/proxy/tunl_relay_test.go,66b696ab3d456ea4d9a823947895fce6120b2366409e81572513463a2bde22d2,8698,regular,go,test,lab-non-authoritative,HVC-LAB-W20-TUNL-RELAY-3B0A40A1,Promoted to governed labs surface at labs/daemon/proxy/tunl_relay_test.go; exact bytes retained.
luminet-baseline-d73453f,server/internal/proxy/udp_table.go,2872a6010cd41f219db07704dfd50cfe988f347adbde1d1b425b259268cbcacf,4578,regular,go,implementation,lab-non-authoritative,HVC-LAB-W20-UDP-TABLE-2872A601,Promoted to governed labs surface at labs/daemon/proxy/udp_table.go; exact bytes retained.
luminet-baseline-d73453f,server/internal/proxy/upstream_test_suites.go,12e06456029f185fdafeb1846458ea40e44ccaae87367a8c4f55d42feb58d9f1,68135,regular,go,implementation,lab-non-authoritative,HVC-LAB-W20-UPSTREAM-TEST-SUITES-12E06456,Promoted to governed labs surface at labs/daemon/proxy/upstream_test_suites.go; exact bytes retained.
luminet-baseline-d73453f,server/internal/proxy/utls_bootstrap.go,078a3af7bb31892f1e1bd44959071c5aae4c8400b5cca59dcf02228a16b64b37,3048,regular,go,implementation,lab-non-authoritative,HVC-LAB-W20-UTLS-BOOTSTRAP-078A3AF7,Promoted to governed labs surface at labs/daemon/proxy/utls_bootstrap.go; exact bytes retained.
luminet-baseline-d73453f,server/internal/proxy/utls_dialer.go,4d18fbb4620c9927191b0030a63a4b13fafba5c3aecee54d9435b6eb3a3ec4a4,1419,regular,go,implementation,lab-non-authoritative,HVC-LAB-W20-UTLS-DIALER-4D18FBB4,Promoted to governed labs surface at labs/daemon/proxy/utls_dialer.go; exact bytes retained.
luminet-baseline-d73453f,server/internal/proxy/utls_dialer_test.go,0f0d7fb0441d20b2ab6d42a4608b4a06d7f585ee44df5bf77bf00b1d0713b31f,1914,regular,go,test,lab-non-authoritative,HVC-LAB-W20-UTLS-DIALER-4D18FBB4,Promoted to governed labs surface at labs/daemon/proxy/utls_dialer_test.go; exact bytes retained.
luminet-baseline-d73453f,server/internal/proxy/v2board.go,7494b5f1347192868e2faa9c2e16c485048d32da62cb6c858ce8c8a47e1a0076,4508,regular,go,implementation,lab-non-authoritative,HVC-LAB-W20-V2BOARD-7494B5F1,Promoted to governed labs surface at labs/daemon/proxy/v2board.go; exact bytes retained.
luminet-baseline-d73453f,server/internal/proxy/v2ray_dat_compiler.go,ebba9ed7a4c2945a17928cf3642812c760f21b5bec6dd07caedc09fc5755bf71,2683,regular,go,implementation,lab-non-authoritative,HVC-LAB-W20-V2RAY-DAT-COMPILER-EBBA9ED7,Promoted to governed labs surface at labs/daemon/proxy/v2ray_dat_compiler.go; exact bytes retained.
luminet-baseline-d73453f,server/internal/proxy/v2ray_dat_compiler_test.go,2826dce2a58ce7838fd0838bf9df240b10e093586dcae44159e0e1830b44db53,1091,regular,go,test,lab-non-authoritative,HVC-LAB-W20-V2RAY-DAT-COMPILER-EBBA9ED7,Promoted to governed labs surface at labs/daemon/proxy/v2ray_dat_compiler_test.go; exact bytes retained.
luminet-baseline-d73453f,server/internal/proxy/v2ray_go.go,0ef43b00f84457389525a7f27e9a00b16c8d78b55478dbbdbd31c566f9b2ed20,2303,regular,go,implementation,lab-non-authoritative,HVC-LAB-W20-V2RAY-GO-0EF43B00,Promoted to governed labs surface at labs/daemon/proxy/v2ray_go.go; exact bytes retained.
luminet-baseline-d73453f,server/internal/proxy/v2raya.go,b1e66e780d23a335bdd20fc46b8f111295623b4d8bf61e76d4ff562ad6ab1cf6,1973,regular,go,implementation,lab-non-authoritative,HVC-LAB-W20-V2RAYA-B1E66E78,Promoted to governed labs surface at labs/daemon/proxy/v2raya.go; exact bytes retained.
luminet-baseline-d73453f,server/internal/proxy/v2rayn_config_helpers.go,e69da78edea28ca21b7f68dd082bc9cbf51cc1a3c26a537e5caa0e8ba47987ad,18818,regular,go,implementation,lab-non-authoritative,HVC-LAB-W20-V2RAYN-CONFIG-HELPERS-E69DA78E,Promoted to governed labs surface at labs/daemon/proxy/v2rayn_config_helpers.go; exact bytes retained.
luminet-baseline-d73453f,server/internal/proxy/v2rayng.go,b48f2a8504c86f2410940a5e2d77622027c7d144108d651e74e0ead109f71ce6,16849,regular,go,implementation,lab-non-authoritative,HVC-LAB-W20-V2RAYNG-B48F2A85,Promoted to governed labs surface at labs/daemon/proxy/v2rayng.go; exact bytes retained.
luminet-baseline-d73453f,server/internal/proxy/v2rayng_config_helpers.go,87f26ef40b0ca3f93a2ee24a3727a7a921a956ce8819bd81f063b6a792ab6baf,17280,regular,go,implementation,lab-non-authoritative,HVC-LAB-W20-V2RAYNG-CONFIG-HELPERS-87F26EF4,Promoted to governed labs surface at labs/daemon/proxy/v2rayng_config_helpers.go; exact bytes retained.
luminet-baseline-d73453f,server/internal/proxy/v2rayng_panel.go,565c716ff5cccd85e7540de3339571bb8be6e8576c5a140ad65655da99574b0c,2884,regular,go,implementation,lab-non-authoritative,HVC-LAB-W20-V2RAYNG-PANEL-565C716F,Promoted to governed labs surface at labs/daemon/proxy/v2rayng_panel.go; exact bytes retained.
luminet-baseline-d73453f,server/internal/proxy/vless_proxy.go,b32508d075df00892e0bdc2f1b193126314412f9ce96a646a38361b61efd059f,12347,regular,go,implementation,lab-non-authoritative,HVC-LAB-W20-VLESS-PROXY-B32508D0,Promoted to governed labs surface at labs/daemon/proxy/vless_proxy.go; exact bytes retained.
luminet-baseline-d73453f,server/internal/proxy/voidtunnel.go,825ba3f4b8b9f7549af0b2b7412a54839b7253c7f4f38da93ed727629acbf88a,8716,regular,go,implementation,lab-non-authoritative,HVC-LAB-W20-VOIDTUNNEL-825BA3F4,Promoted to governed labs surface at labs/daemon/proxy/voidtunnel.go; exact bytes retained.
luminet-baseline-d73453f,server/internal/proxy/web_routing.go,5c3d25d0144b5c2602032c9f5bdba4973cc2bcd2a7da6c9ade8fe592db232b9e,14503,regular,go,implementation,lab-non-authoritative,HVC-LAB-W20-WEB-ROUTING-5C3D25D0,Promoted to governed labs surface at labs/daemon/proxy/web_routing.go; exact bytes retained.
luminet-baseline-d73453f,server/internal/proxy/web_routing_test.go,e3287ed7ddbda16e3f070ae17b6cddfb7e48b49a7fedc198d66e7c19338fcc46,6016,regular,go,test,lab-non-authoritative,HVC-LAB-W20-WEB-ROUTING-5C3D25D0,Promoted to governed labs surface at labs/daemon/proxy/web_routing_test.go; exact bytes retained.
luminet-baseline-d73453f,server/internal/proxy/wgsocks.go,db4572dbd861c8e6ae4db3fe530c1ca84f6b8fe32fbaeb95defe30e6e01f655a,598,regular,go,implementation,lab-non-authoritative,HVC-LAB-W20-WGSOCKS-DB4572DB,Promoted to governed labs surface at labs/daemon/proxy/wgsocks.go; exact bytes retained.
luminet-baseline-d73453f,server/internal/proxy/windows_proxy_client.go,826d8870497dbbe8b839cd67ba90fd220c5e24a1af799dcfea118d1f9aa66c39,5091,regular,go,implementation,lab-non-authoritative,HVC-LAB-W20-WINDOWS-PROXY-CLIENT-826D8870,Promoted to governed labs surface at labs/daemon/proxy/windows_proxy_client.go; exact bytes retained.
luminet-baseline-d73453f,server/internal/proxy/wireguard_go.go,768a34c75e88828421f5a39f4c2967eecd781cc6de75555252177a5fcbdc07af,664,regular,go,implementation,lab-non-authoritative,HVC-LAB-W20-WIREGUARD-GO-768A34C7,Promoted to governed labs surface at labs/daemon/proxy/wireguard_go.go; exact bytes retained.
luminet-baseline-d73453f,server/internal/proxy/wireguard_obfuscator.go,c3c3de46ab0c33d8cf85e82382bf21ca8acae13832cf2329c3e9eaf7ed929734,9417,regular,go,implementation,lab-non-authoritative,HVC-LAB-W20-WIREGUARD-OBFUSCATOR-C3C3DE46,Promoted to governed labs surface at labs/daemon/proxy/wireguard_obfuscator.go; exact bytes retained.
luminet-baseline-d73453f,server/internal/proxy/wireguard_obfuscator_test.go,4e72583fb0b3e2312b156ca219208811f56a4560c14e4dae5d7ed9b96c2175b1,2504,regular,go,test,lab-non-authoritative,HVC-LAB-W20-WIREGUARD-OBFUSCATOR-C3C3DE46,Promoted to governed labs surface at labs/daemon/proxy/wireguard_obfuscator_test.go; exact bytes retained.
luminet-baseline-d73453f,server/internal/proxy/worker_panel_controller.go,16988d1e23616691f4dcaf641c443b156ce2581dc8a199a121397b1800764326,6155,regular,go,implementation,lab-non-authoritative,HVC-LAB-W20-WORKER-PANEL-CONTROLLER-16988D1E,Promoted to governed labs surface at labs/daemon/proxy/worker_panel_controller.go; exact bytes retained.
luminet-baseline-d73453f,server/internal/proxy/worker_pool.go,305ef6a724d843355bbfa51ce81f3c4958c29e56ded6d67cee84d8f5698a8919,1147,regular,go,implementation,lab-non-authoritative,HVC-LAB-W20-WORKER-POOL-305EF6A7,Promoted to governed labs surface at labs/daemon/proxy/worker_pool.go; exact bytes retained.
luminet-baseline-d73453f,server/internal/proxy/worker_pool_test.go,ee554a291f367fcad6ca74f4f3c126ba1c99d9f9dbb9ade1e6926e538e3b2087,488,regular,go,test,lab-non-authoritative,HVC-LAB-W20-WORKER-POOL-305EF6A7,Promoted to governed labs surface at labs/daemon/proxy/worker_pool_test.go; exact bytes retained.
luminet-baseline-d73453f,server/internal/proxy/ws_reverse_tunnel.go,46b3adece3a9d8b0d4439df0412856ce408d7aa20d7b2d6babb4ca7acbeb27db,10355,regular,go,implementation,lab-non-authoritative,HVC-LAB-W20-WS-REVERSE-TUNNEL-46B3ADEC,Promoted to governed labs surface at labs/daemon/proxy/ws_reverse_tunnel.go; exact bytes retained.
luminet-baseline-d73453f,server/internal/proxy/ws_reverse_tunnel_test.go,a776f965e1c79c0f7f97efe042021e56eed6102476b00febdc74cc4ea30e32ed,2746,regular,go,test,lab-non-authoritative,HVC-LAB-W20-WS-REVERSE-TUNNEL-46B3ADEC,Promoted to governed labs surface at labs/daemon/proxy/ws_reverse_tunnel_test.go; exact bytes retained.
luminet-baseline-d73453f,server/internal/proxy/wstunnel_reverse.go,536ccd0cf83be1106e76306c7b407bfd77c0b2a1e13d9044ad355e2b3b4917a6,2937,regular,go,implementation,lab-non-authoritative,HVC-LAB-W20-WSTUNNEL-REVERSE-536CCD0C,Promoted to governed labs surface at labs/daemon/proxy/wstunnel_reverse.go; exact bytes retained.
luminet-baseline-d73453f,server/internal/proxy/xhttp_azure.go,9321e8c8fcd5925c7c2e0f004717a5ebe44f1a4fd6db72be2cc76f13a3dcf5f4,1925,regular,go,implementation,lab-non-authoritative,HVC-LAB-W20-XHTTP-AZURE-9321E8C8,Promoted to governed labs surface at labs/daemon/proxy/xhttp_azure.go; exact bytes retained.
luminet-baseline-d73453f,server/internal/proxy/xhttp_edge_relay.go,0265a09cfeda1295244b84ede829e81d545d557da28d19af75d46c246a526d3a,597,regular,go,implementation,lab-non-authoritative,HVC-LAB-W20-XHTTP-EDGE-RELAY-0265A09C,Promoted to governed labs surface at labs/daemon/proxy/xhttp_edge_relay.go; exact bytes retained.
luminet-baseline-d73453f,server/internal/proxy/xhttp_fastly.go,fe2cbe584352ad00f53892fb4e624124527d1c7b5e9abcd89a2e98d1f5db41d6,1958,regular,go,implementation,lab-non-authoritative,HVC-LAB-W20-XHTTP-FASTLY-FE2CBE58,Promoted to governed labs surface at labs/daemon/proxy/xhttp_fastly.go; exact bytes retained.
luminet-baseline-d73453f,server/internal/proxy/xhttp_relay_azure.go,21b24cf9e41c5fca80853b2faca205a5fb9a4ca2b77873701ecc09285a701fb8,2455,regular,go,implementation,lab-non-authoritative,HVC-LAB-W20-XHTTP-RELAY-AZURE-21B24CF9,Promoted to governed labs surface at labs/daemon/proxy/xhttp_relay_azure.go; exact bytes retained.
luminet-baseline-d73453f,server/internal/proxy/xhttp_relay_config.go,d6c8bc12cea3fbaa7367760a5945add490eb0deccd85b11335bb00dff3062b67,9001,regular,go,implementation,lab-non-authoritative,HVC-LAB-W20-XHTTP-RELAY-CONFIG-D6C8BC12,Promoted to governed labs surface at labs/daemon/proxy/xhttp_relay_config.go; exact bytes retained.
luminet-baseline-d73453f,server/internal/proxy/xhttp_relay_fastly.go,67cdac97866959d6966c43afb388377e211606c6014a7d54dc8cd60e9f15e5b6,3853,regular,go,implementation,lab-non-authoritative,HVC-LAB-W20-XHTTP-RELAY-FASTLY-67CDAC97,Promoted to governed labs surface at labs/daemon/proxy/xhttp_relay_fastly.go; exact bytes retained.
luminet-baseline-d73453f,server/internal/proxy/xhttp_relay_vercel_eco.go,a1025116a6174ae1bcd539bb56eec4c85cd141e4f1ea6ea235a2c903aee1ca32,4210,regular,go,implementation,lab-non-authoritative,HVC-LAB-W20-XHTTP-RELAY-VERCEL-ECO-A1025116,Promoted to governed labs surface at labs/daemon/proxy/xhttp_relay_vercel_eco.go; exact bytes retained.
luminet-baseline-d73453f,server/internal/proxy/xtls_vision.go,d71983a0187073aaa5e7c9bad913f42010238b3d899e3b0d1ffccc3c1dcea0c4,8179,regular,go,implementation,lab-non-authoritative,HVC-LAB-W20-XTLS-VISION-D71983A0,Promoted to governed labs surface at labs/daemon/proxy/xtls_vision.go; exact bytes retained.
luminet-baseline-d73453f,server/internal/proxy/begzar.go,22cd145a8a22e50c4d16f64dc6e4a8c86f89cd3c0291a60f7dd2f3de1114b20d,693,regular,go,implementation,lab-non-authoritative,HVC-LAB-W21-BEGZAR-22CD145A,Promoted to governed labs surface at labs/daemon/proxy/begzar.go; exact bytes retained.
luminet-baseline-d73453f,server/internal/proxy/cf_worker_trojan.go,7b0c7734348373d997f408feae049356fd6a2177b9cf28a1d977b961fa589049,1199,regular,go,implementation,lab-non-authoritative,HVC-LAB-W21-CF-WORKER-TROJAN-7B0C7734,Promoted to governed labs surface at labs/daemon/proxy/cf_worker_trojan.go; exact bytes retained.
luminet-baseline-d73453f,server/internal/proxy/cf_worker_url.go,9e0ac7549b559149807718519080d7fb40d214987eaa118c21b8218166a7cfeb,932,regular,go,implementation,lab-non-authoritative,HVC-LAB-W21-CF-WORKER-URL-9E0AC754,Promoted to governed labs surface at labs/daemon/proxy/cf_worker_url.go; exact bytes retained.
luminet-baseline-d73453f,server/internal/proxy/cf_worker_url_test.go,ef97a66aa5197859611074a6b1744f11fc530b272fb77945a728faa7296990d3,1053,regular,go,test,lab-non-authoritative,HVC-LAB-W21-CF-WORKER-TROJAN-7B0C7734,Promoted to governed labs surface at labs/daemon/proxy/cf_worker_url_test.go; exact bytes retained.
luminet-baseline-d73453f,server/internal/proxy/cf_worker_vless.go,317f320a43750051d04f8a7a8419f6ad572e4076577bc22a467f3a96762d5e92,1411,regular,go,implementation,lab-non-authoritative,HVC-LAB-W21-CF-WORKER-VLESS-317F320A,Promoted to governed labs surface at labs/daemon/proxy/cf_worker_vless.go; exact bytes retained.
luminet-baseline-d73453f,server/internal/proxy/clash_worker.go,aa3095608c701b1e2ffefa9b4f6d2b51b138f5342c99d15d5640191a09d65afa,16555,regular,go,implementation,lab-non-authoritative,HVC-LAB-W21-CLASH-WORKER-AA309560,Promoted to governed labs surface at labs/daemon/proxy/clash_worker.go; exact bytes retained.
luminet-baseline-d73453f,server/internal/proxy/gc_tuning.go,48769398f4d45fafcd7d86b5d789b74cee02b6711d8590be61dbb96f25d98728,1098,regular,go,implementation,lab-non-authoritative,HVC-LAB-W21-GC-TUNING-48769398,Promoted to governed labs surface at labs/daemon/proxy/gc_tuning.go; exact bytes retained.
luminet-baseline-d73453f,server/internal/proxy/gc_tuning_linux.go,923e0876e8ad1894be2bb36349fa4ef59f7bbd0d98e0f795ad63348128688836,547,regular,go,implementation,lab-non-authoritative,HVC-LAB-W21-GC-TUNING-LINUX-923E0876,Promoted to governed labs surface at labs/daemon/proxy/gc_tuning_linux.go; exact bytes retained.
luminet-baseline-d73453f,server/internal/proxy/gc_tuning_other.go,8da73ea54c89ad180a6405f810c317ad666fd149424096eb801f22af6c17281f,95,regular,go,implementation,lab-non-authoritative,HVC-LAB-W21-GC-TUNING-OTHER-8DA73EA5,Promoted to governed labs surface at labs/daemon/proxy/gc_tuning_other.go; exact bytes retained.
luminet-baseline-d73453f,server/internal/proxy/gc_tuning_windows.go,e7ae2c307cd7c0db57bf19157b287bf5820f2fb96e0f15ce6014e95c4f90a22a,724,regular,go,implementation,lab-non-authoritative,HVC-LAB-W21-GC-TUNING-WINDOWS-E7AE2C30,Promoted to governed labs surface at labs/daemon/proxy/gc_tuning_windows.go; exact bytes retained.
luminet-baseline-d73453f,server/internal/proxy/managed_config_process.go,abf53799f8d695e72cf766c5d8733652420be4a65cfd6437ebfb026b1d804b24,1475,regular,go,implementation,lab-non-authoritative,HVC-LAB-W21-MANAGED-CONFIG-PROCESS-ABF53799,Promoted to governed labs surface at labs/daemon/proxy/managed_config_process.go; exact bytes retained.
luminet-baseline-d73453f,server/internal/proxy/mitm_decryptor.go,d4bb92b70ef8f198bd914e84b20f45a4d0db1211f1be1f3b29e4a0f68d4dd10d,2926,regular,go,implementation,lab-non-authoritative,HVC-LAB-W21-MITM-DECRYPTOR-D4BB92B7,Promoted to governed labs surface at labs/daemon/proxy/mitm_decryptor.go; exact bytes retained.
luminet-baseline-d73453f,server/internal/proxy/mitm_proxy.go,92e0ab78f6d5cca2bc3bc5011dd16a602c063b8b4497aeca5779f87d8d828389,3293,regular,go,implementation,lab-non-authoritative,HVC-LAB-W21-MITM-PROXY-92E0AB78,Promoted to governed labs surface at labs/daemon/proxy/mitm_proxy.go; exact bytes retained.
luminet-baseline-d73453f,server/internal/proxy/nova_backend.go,18f1ca061e27948a4b9da8e550921d9b8c8895f99237b6e72e2cdf65f3004e5c,450,regular,go,implementation,lab-non-authoritative,HVC-LAB-W21-NOVA-BACKEND-18F1CA06,Promoted to governed labs surface at labs/daemon/proxy/nova_backend.go; exact bytes retained.
luminet-baseline-d73453f,server/internal/proxy/nova_proxy.go,bd315f89b521a1f15b1e7ac8b3a5075dc2205d8a0b0658addca7aa24c10e4291,439,regular,go,implementation,lab-non-authoritative,HVC-LAB-W21-NOVA-PROXY-BD315F89,Promoted to governed labs surface at labs/daemon/proxy/nova_proxy.go; exact bytes retained.
luminet-baseline-d73453f,server/internal/proxy/nova_wizard.go,6a2bfccd8a2b11ead0cf0e8310da94440a74b0b251fa296d99f25290ff5a2698,8686,regular,go,implementation,lab-non-authoritative,HVC-LAB-W21-NOVA-WIZARD-6A2BFCCD,Promoted to governed labs surface at labs/daemon/proxy/nova_wizard.go; exact bytes retained.
luminet-baseline-d73453f,server/internal/proxy/proxy_node_rotator.go,82be0d19cdc33f986c8b88ea2e43a03ee3a7b97d80512ecf4751c7b25230f39e,1232,regular,go,implementation,lab-non-authoritative,HVC-LAB-W21-PROXY-NODE-ROTATOR-82BE0D19,Promoted to governed labs surface at labs/daemon/proxy/proxy_node_rotator.go; exact bytes retained.
luminet-baseline-d73453f,server/internal/proxy/proxy_setup_wizard.go,c52595751592c6cca772936e1379ef52e23bac88aa42eb539ee0c14ef9bbafaa,12448,regular,go,implementation,lab-non-authoritative,HVC-LAB-W21-PROXY-SETUP-WIZARD-C5259575,Promoted to governed labs surface at labs/daemon/proxy/proxy_setup_wizard.go; exact bytes retained.
luminet-baseline-d73453f,server/internal/proxy/sing_brutal.go,c879fa64ee392111b8fd8b6535873f119ada8a2c1726d45b0ad61ef0b2eacd38,2187,regular,go,implementation,lab-non-authoritative,HVC-LAB-W21-SING-BRUTAL-C879FA64,Promoted to governed labs surface at labs/daemon/proxy/sing_brutal.go; exact bytes retained.
luminet-baseline-d73453f,server/internal/proxy/snell_panel.go,3bd3ab5b34f7b54be5230b228ed5b6d02c3bedd71ee56d26f7680e75b697697f,13166,regular,go,implementation,lab-non-authoritative,HVC-LAB-W21-SNELL-PANEL-3BD3AB5B,Promoted to governed labs surface at labs/daemon/proxy/snell_panel.go; exact bytes retained.
luminet-baseline-d73453f,server/internal/proxy/socks5_limiter.go,7c0e8772316e84353a1c116274844bed949f60ea47926444e7f446577dd445de,4727,regular,go,implementation,lab-non-authoritative,HVC-LAB-W21-SOCKS5-LIMITER-7C0E8772,Promoted to governed labs surface at labs/daemon/proxy/socks5_limiter.go; exact bytes retained.
luminet-baseline-d73453f,server/internal/proxy/split_tunnel_bypass.go,f042e1d8cc3f31ed2129a02302acdf308f0488f990a6f652e373448d72d92b20,579,regular,go,implementation,lab-non-authoritative,HVC-LAB-W21-SPLIT-TUNNEL-BYPASS-F042E1D8,Promoted to governed labs surface at labs/daemon/proxy/split_tunnel_bypass.go; exact bytes retained.
luminet-baseline-d73453f,server/internal/proxy/subscription_backend_client.go,3ea1a7aa2ad2375709bf4d5706a2d8f08f691c4aa34127472f4ded9d9074520c,782,regular,go,implementation,lab-non-authoritative,HVC-LAB-W21-SUBSCRIPTION-BACKEND-CLIENT-3EA1A7AA,Promoted to governed labs surface at labs/daemon/proxy/subscription_backend_client.go; exact bytes retained.
luminet-baseline-d73453f,server/internal/proxy/systemd_manager.go,73e141ca29a5628f1090f329a8aca20b472dcd74e74b23ecde42c39cd5c6be15,1504,regular,go,implementation,lab-non-authoritative,HVC-LAB-W21-SYSTEMD-MANAGER-73E141CA,Promoted to governed labs surface at labs/daemon/proxy/systemd_manager.go; exact bytes retained.
luminet-baseline-d73453f,server/internal/proxy/systemd_manager_linux.go,6457d155094f93826bac164eaceb7063cc004983df7461915422adf45095f47c,2166,regular,go,implementation,lab-non-authoritative,HVC-LAB-W21-SYSTEMD-MANAGER-LINUX-6457D155,Promoted to governed labs surface at labs/daemon/proxy/systemd_manager_linux.go; exact bytes retained.
luminet-baseline-d73453f,server/internal/proxy/systemd_manager_stub.go,90eaef3e5de0c82d796a2eed955e0995eb265f1a44e352876e518ca5cfd7c2f2,486,regular,go,implementation,lab-non-authoritative,HVC-LAB-W21-SYSTEMD-MANAGER-STUB-90EAEF3E,Promoted to governed labs surface at labs/daemon/proxy/systemd_manager_stub.go; exact bytes retained.
luminet-baseline-d73453f,server/internal/proxy/systemd_manager_test.go,8a90018506944a84c39fb9c4f2c15be918783e8e64815f51347bd9b9e9751b68,1592,regular,go,test,lab-non-authoritative,HVC-LAB-W21-SYSTEMD-MANAGER-73E141CA,Promoted to governed labs surface at labs/daemon/proxy/systemd_manager_test.go; exact bytes retained.
luminet-baseline-d73453f,server/internal/proxy/tc_shaper.go,4243f11425e400843f2604883cfd3a571e7d35f50bb50d4b1f99c3ea2e7634f7,662,regular,go,implementation,lab-non-authoritative,HVC-LAB-W21-TC-SHAPER-4243F114,Promoted to governed labs surface at labs/daemon/proxy/tc_shaper.go; exact bytes retained.
luminet-baseline-d73453f,server/internal/proxy/tc_shaper_linux.go,993076b333aa3443fa2c2c4ea14f41c8e6775443a720ad60fa492a99c82450f7,3979,regular,go,implementation,lab-non-authoritative,HVC-LAB-W21-TC-SHAPER-LINUX-993076B3,Promoted to governed labs surface at labs/daemon/proxy/tc_shaper_linux.go; exact bytes retained.
luminet-baseline-d73453f,server/internal/proxy/tc_shaper_stub.go,7c184906d42d11d9b47030772829e4d909700e39e25c832756fd1c849d84ae85,612,regular,go,implementation,lab-non-authoritative,HVC-LAB-W21-TC-SHAPER-STUB-7C184906,Promoted to governed labs surface at labs/daemon/proxy/tc_shaper_stub.go; exact bytes retained.
luminet-baseline-d73453f,server/internal/proxy/tc_shaper_test.go,c92fc8ea30aad1861a6cd73cdfa2f48a7bdab598eb47003d02acfbbc96c1cd49,756,regular,go,test,lab-non-authoritative,HVC-LAB-W21-TC-SHAPER-4243F114,Promoted to governed labs surface at labs/daemon/proxy/tc_shaper_test.go; exact bytes retained.
luminet-baseline-d73453f,server/internal/proxy/tun_device.go,fd8b967a5611a3029ceb02fdd67e6dffee9d94eba2559cc8718d0badc09abafc,15994,regular,go,implementation,lab-non-authoritative,HVC-LAB-W21-TUN-DEVICE-FD8B967A,Promoted to governed labs surface at labs/daemon/proxy/tun_device.go; exact bytes retained.
luminet-baseline-d73453f,server/internal/proxy/tun_device_linux.go,1ebe57e019b952c87aa172e55a5655b0761e61d3815606e96064c456697f25c7,1258,regular,go,implementation,lab-non-authoritative,HVC-LAB-W21-TUN-DEVICE-LINUX-1EBE57E0,Promoted to governed labs surface at labs/daemon/proxy/tun_device_linux.go; exact bytes retained.
luminet-baseline-d73453f,server/internal/proxy/tun_device_stub.go,095a573b05a741b680462fee8e329c3dcfcdb15bbcedb04e05e0172310854567,801,regular,go,implementation,lab-non-authoritative,HVC-LAB-W21-TUN-DEVICE-STUB-095A573B,Promoted to governed labs surface at labs/daemon/proxy/tun_device_stub.go; exact bytes retained.
luminet-baseline-d73453f,server/internal/proxy/tun_device_windows.go,1b577a200f7550de09386ba1b4369e95bdce4baf38dc4bd7ad91ea78090c4e53,1457,regular,go,implementation,lab-non-authoritative,HVC-LAB-W21-TUN-DEVICE-WINDOWS-1B577A20,Promoted to governed labs surface at labs/daemon/proxy/tun_device_windows.go; exact bytes retained.
luminet-baseline-d73453f,server/internal/proxy/tun_packet_filter.go,814271080388de72a0cf1daa780a4a594f8a83c0e901ba7e0daeeda0356c51fe,1384,regular,go,implementation,lab-non-authoritative,HVC-LAB-W21-TUN-PACKET-FILTER-81427108,Promoted to governed labs surface at labs/daemon/proxy/tun_packet_filter.go; exact bytes retained.
luminet-baseline-d73453f,server/internal/proxy/tun_packet_filter_test.go,162c875442b8d3bf8a74dca5ad99ef204d24d07d3904cb661ee7b5cd8f051261,2234,regular,go,test,lab-non-authoritative,HVC-LAB-W21-TUN-DEVICE-FD8B967A,Promoted to governed labs surface at labs/daemon/proxy/tun_packet_filter_test.go; exact bytes retained.
luminet-baseline-d73453f,server/internal/proxy/v2ray_core.go,f160a05ebe6c5d877e1046d30c2f2bc9a5093dcbfd5664957823935858b19e73,2435,regular,go,implementation,lab-non-authoritative,HVC-LAB-W21-V2RAY-CORE-F160A05E,Promoted to governed labs surface at labs/daemon/proxy/v2ray_core.go; exact bytes retained.
luminet-baseline-d73453f,server/internal/proxy/v2ray_core_fork.go,b2f2a2604ffb220b63f98f46926258c4242c0ff626194132978ef6e9a25c9d66,1703,regular,go,implementation,lab-non-authoritative,HVC-LAB-W21-V2RAY-CORE-FORK-B2F2A260,Promoted to governed labs surface at labs/daemon/proxy/v2ray_core_fork.go; exact bytes retained.
luminet-baseline-d73453f,server/internal/proxy/voidtunnel_manager.go,dfb2cb4f9e86705ae8bebdac05e3c156bec838fa9a140b84579fea7001a07709,6624,regular,go,implementation,lab-non-authoritative,HVC-LAB-W21-VOIDTUNNEL-MANAGER-DFB2CB4F,Promoted to governed labs surface at labs/daemon/proxy/voidtunnel_manager.go; exact bytes retained.
luminet-baseline-d73453f,server/internal/proxy/voidtunnel_manager_linux.go,cff2eb6208c613e50906c3c278a07b17873f7e0ec8fb3abf9780fbc194bc551a,317,regular,go,implementation,lab-non-authoritative,HVC-LAB-W21-VOIDTUNNEL-MANAGER-LINUX-CFF2EB62,Promoted to governed labs surface at labs/daemon/proxy/voidtunnel_manager_linux.go; exact bytes retained.
luminet-baseline-d73453f,server/internal/proxy/voidtunnel_manager_other.go,670eaa7d3441624304109bb62822af9e1a5c41a691cc8f73c4085f8c8cf2dacb,65,regular,go,implementation,lab-non-authoritative,HVC-LAB-W21-VOIDTUNNEL-MANAGER-OTHER-670EAA7D,Promoted to governed labs surface at labs/daemon/proxy/voidtunnel_manager_other.go; exact bytes retained.
luminet-baseline-d73453f,server/internal/proxy/voidtunnel_manager_test.go,e6cef1afd78f73bc851bfb176e9d5d34b36beb2f3a3eb928eea9ffcccd653414,1894,regular,go,test,lab-non-authoritative,HVC-LAB-W21-VOIDTUNNEL-MANAGER-DFB2CB4F,Promoted to governed labs surface at labs/daemon/proxy/voidtunnel_manager_test.go; exact bytes retained.
luminet-baseline-d73453f,server/internal/proxy/xhttp_relay.go,d630d81c7cd4780004024e060d282ffe0ab81b2274a3759be632d4df8fe3ca7a,1857,regular,go,implementation,lab-non-authoritative,HVC-LAB-W21-XHTTP-RELAY-D630D81C,Promoted to governed labs surface at labs/daemon/proxy/xhttp_relay.go; exact bytes retained.
luminet-baseline-d73453f,server/internal/proxy/xhttp_relay_vercel.go,fcb678dbc82179eecd92135fc76ed2584fbb308b20a54621641a0519755c1723,990,regular,go,implementation,lab-non-authoritative,HVC-LAB-W21-XHTTP-RELAY-VERCEL-FCB678DB,Promoted to governed labs surface at labs/daemon/proxy/xhttp_relay_vercel.go; exact bytes retained.
luminet-baseline-d73453f,server/internal/proxy/xray_core.go,365c4624fb315ea32038d34ed98a939c9ef762330aad40c66ebde377442ac919,1630,regular,go,implementation,lab-non-authoritative,HVC-LAB-W21-XRAY-CORE-365C4624,Promoted to governed labs surface at labs/daemon/proxy/xray_core.go; exact bytes retained.
luminet-baseline-d73453f,server/internal/proxy/xui_panel_manager.go,a4cdf991857676b610a675ac757f64d1645f4e50e3773ded89b4c5da3cf06859,2165,regular,go,implementation,lab-non-authoritative,HVC-LAB-W21-XUI-PANEL-MANAGER-A4CDF991,Promoted to governed labs surface at labs/daemon/proxy/xui_panel_manager.go; exact bytes retained.
luminet-baseline-d73453f,server/internal/proxy/xui_pro.go,d6463d3ffcfb2a54bb5876283143e49f7eedacc10270a1f621c26bc846e6d459,759,regular,go,implementation,lab-non-authoritative,HVC-LAB-W21-XUI-PRO-D6463D3F,Promoted to governed labs surface at labs/daemon/proxy/xui_pro.go; exact bytes retained.
luminet-baseline-d73453f,server/internal/proxy/parser_anytls.go,fdaabb600c1839417f00496a92ed3cc827538c07913a4a022470b7165feb0b42,1267,regular,go,implementation,superseded-exact-duplicate,HVC-PARSER-DUP-ANYTLS,Retired after normalized byte-equivalence proof against apps/daemon/internal/proxyconfig/parser_anytls.go.
luminet-baseline-d73453f,server/internal/proxy/parser_dnstt.go,a6db40fbe4e91e5d892bd1f5fc77a31f84f4b0bae615d0c99a027fc766091d21,1274,regular,go,implementation,superseded-exact-duplicate,HVC-PARSER-DUP-DNSTT,Retired after normalized byte-equivalence proof against apps/daemon/internal/proxyconfig/parser_dnstt.go.
luminet-baseline-d73453f,server/internal/proxy/parser_hy2.go,cc18e37caad5ef0654f9f0696a667b1c46b4c822b04de7d2a0e3cab1c5ca1e0a,1508,regular,go,implementation,superseded-exact-duplicate,HVC-PARSER-DUP-HY2,Retired after normalized byte-equivalence proof against apps/daemon/internal/proxyconfig/parser_hy2.go.
luminet-baseline-d73453f,server/internal/proxy/parser_juicity.go,aa0805a2bfed1027b6018ebe201d7e3b957cfc7155f5f56aced3c0b87be9faba,1699,regular,go,implementation,superseded-exact-duplicate,HVC-PARSER-DUP-JUICITY,Retired after normalized byte-equivalence proof against apps/daemon/internal/proxyconfig/parser_juicity.go.
luminet-baseline-d73453f,server/internal/proxy/parser_kcp.go,05e47d846f174d38cd052d8bb3c0187189a8941f930d42ac87fd8d4d26f089a6,1869,regular,go,implementation,superseded-exact-duplicate,HVC-PARSER-DUP-KCP,Retired after normalized byte-equivalence proof against apps/daemon/internal/proxyconfig/parser_kcp.go.
luminet-baseline-d73453f,server/internal/proxy/parser_naive.go,cfe9d6a7643ac372f2d76f45b09b8330e870f8efd16882535a90a3c07d59b260,1153,regular,go,implementation,superseded-exact-duplicate,HVC-PARSER-DUP-NAIVE,Retired after normalized byte-equivalence proof against apps/daemon/internal/proxyconfig/parser_naive.go.
luminet-baseline-d73453f,server/internal/proxy/parser_nipo.go,bb8f3d47e17b8f92b5c3ee4985ac34a8bb9e49954db50da0a6e0a4a1e6371451,3447,regular,go,implementation,superseded-exact-duplicate,HVC-PARSER-DUP-NIPO,Retired after normalized byte-equivalence proof against apps/daemon/internal/proxyconfig/parser_nipo.go.
luminet-baseline-d73453f,server/internal/proxy/parser_ss.go,141664601052ffd1e46cba767ecb0ccc82a3e7599faafb4609c0218746ea963e,5012,regular,go,implementation,superseded-exact-duplicate,HVC-PARSER-DUP-SS,Retired after normalized byte-equivalence proof against apps/daemon/internal/proxyconfig/parser_ss.go.
luminet-baseline-d73453f,server/internal/proxy/parser_trojan.go,8d06ebf58c3b47601cb08ba804f6f41d578e7a777d8dcdb08504e625b2735fac,1132,regular,go,implementation,superseded-exact-duplicate,HVC-PARSER-DUP-TROJAN,Retired after normalized byte-equivalence proof against apps/daemon/internal/proxyconfig/parser_trojan.go.
luminet-baseline-d73453f,server/internal/proxy/parser_tuic.go,7cec5abd404f0bf8a952c4d05ba4c8e1cebeeec9e918839f5bd259ea4ca8e851,1119,regular,go,implementation,superseded-exact-duplicate,HVC-PARSER-DUP-TUIC,Retired after normalized byte-equivalence proof against apps/daemon/internal/proxyconfig/parser_tuic.go.
luminet-baseline-d73453f,server/internal/proxy/parser_vless.go,231897d5754124499937bb8174ee218fbb677c28ec3b412580dd3197197a69bc,3299,regular,go,implementation,superseded-exact-duplicate,HVC-PARSER-DUP-VLESS,Retired after normalized byte-equivalence proof against apps/daemon/internal/proxyconfig/parser_vless.go.
luminet-baseline-d73453f,server/internal/proxy/parser_vmess.go,0ee820f60752297385d92cce252821eb674b0096de7602ca93bb68818936a65f,2206,regular,go,implementation,superseded-exact-duplicate,HVC-PARSER-DUP-VMESS,Retired after normalized byte-equivalence proof against apps/daemon/internal/proxyconfig/parser_vmess.go.
luminet-baseline-d73453f,server/internal/proxy/parser_wg.go,1756d914e6f34a449be040b13c71db4b628cebecd674b275d4ee7e6d6f4ec115,4993,regular,go,implementation,superseded-exact-duplicate,HVC-PARSER-DUP-WG,Retired after normalized byte-equivalence proof against apps/daemon/internal/proxyconfig/parser_wg.go.
luminet-historical-evidence-8a2dc2a,docs/porting/archive/LumiNet_Master_Porting_Compendium.md,31ed572420921fa64fd772b8af1ca3089e6875a685d937b434740acf130d802e,249095,regular,md,documentation,reference-only,HVC-PORTING-REF-151531AA,"Unique historical porting, provenance, implementation, or design detail remains useful for future targeted extraction; retained as non-authoritative reference evidence."
luminet-historical-evidence-8a2dc2a,docs/porting/archive/LumiNet_Porting_Investigation_Report.md,c5a41acce08b9b2e2990a993c0fc924f9c45cf9670db4f6916fa2e8c6ce9362f,140047,regular,md,documentation,reference-only,HVC-PORTING-REF-12192216,"Unique historical porting, provenance, implementation, or design detail remains useful for future targeted extraction; retained as non-authoritative reference evidence."
luminet-historical-evidence-8a2dc2a,docs/porting/archive/PORTING_CATALOG.md,0303ac1e44fa9dc8944aa098e4292ce7ded9a0d8f6b45627f50ab3770d16e270,68962,regular,md,documentation,reference-only,HVC-PORTING-REF-09BDAC5E,"Unique historical porting, provenance, implementation, or design detail remains useful for future targeted extraction; retained as non-authoritative reference evidence."
luminet-historical-evidence-8a2dc2a,docs/porting/archive/Tor_Porting_Investigation_Report.md,f2dfc69b276118bd36f53df575ee0844311fad0fae02682965efcc726c18b996,10277,regular,md,documentation,reference-only,HVC-PORTING-REF-8806CE5F,"Unique historical porting, provenance, implementation, or design detail remains useful for future targeted extraction; retained as non-authoritative reference evidence."
luminet-historical-evidence-8a2dc2a,docs/porting/archive/legacy-client-ui/components/NodeGlobe.tsx,6776b031bc9aa9876d4d5bfa5ecc38c9264b6c50c544206bd93a68501944cab3,3311,regular,tsx,ui-or-product,lab-reference-non-authoritative,HVC-PORTING-REF-51928A97,"Promoted byte-identically to labs/desktop/legacy-client-ui/NodeGlobe.tsx; governed Desktop Labs reference, outside supported frontend build."
luminet-historical-evidence-8a2dc2a,docs/porting/archive/legacy-client-ui/components/VantaBackground.tsx,d65a1110a4e16c8d7ca567988a30c92c801bf1b86e0a40c46d15c636ef7c0e8e,1527,regular,tsx,ui-or-product,lab-reference-non-authoritative,HVC-PORTING-REF-38056DD0,"Promoted byte-identically to labs/desktop/legacy-client-ui/VantaBackground.tsx; governed Desktop Labs reference, outside supported frontend build."
luminet-historical-evidence-8a2dc2a,docs/porting/archive/legacy-client-ui/styles/design-tokens.css,3b560c12aada66d253132075b23ea6fd50f571ccbb0c63251444229dc1fb7029,666,regular,css,ui-or-product,lab-reference-non-authoritative,HVC-PORTING-REF-52B258D5,"Promoted byte-identically to labs/desktop/legacy-client-ui/design-tokens.css; governed Desktop Labs reference, outside supported frontend build."
luminet-historical-evidence-8a2dc2a,docs/porting/archive/legacy-client-ui/styles/glassmorphism.css,634b8f51be7c49c0ce3f2aa7f7213e70973cf9bf9629f3d37000575db18c4d72,1067,regular,css,ui-or-product,lab-reference-non-authoritative,HVC-PORTING-REF-C8077BDF,"Promoted byte-identically to labs/desktop/legacy-client-ui/glassmorphism.css; governed Desktop Labs reference, outside supported frontend build."
luminet-historical-evidence-8a2dc2a,docs/porting/archive/porting_progress.json,a75b74e27975baa52aeebfa17a5b3a65fa825b8e8d8cc85e693046c66a7a0a20,17494,regular,json,documentation,reference-only,HVC-PORTING-REF-69D19876,"Unique historical porting, provenance, implementation, or design detail remains useful for future targeted extraction; retained as non-authoritative reference evidence."
luminet-historical-evidence-8a2dc2a,docs/excluded/dns_scanner.md,7395e89d4aae352f9c12b54af1720fcb9377c3cfdfcb580904b1480ac1332b97,203,regular,md,documentation,reference-only,HVC-EXCLUDED-REF-0F39491D,The exclusion/review rationale and peer observations remain useful counterexample or future primitive evidence even though the whole mechanism is not live.
luminet-historical-evidence-8a2dc2a,docs/excluded/freenet_git.md,e2791abd21d88bdb422ad4c159d711a67a2c340c2ac7328e0f17631a9907a7e1,179,regular,md,documentation,reference-only,HVC-EXCLUDED-REF-FDD8C41B,The exclusion/review rationale and peer observations remain useful counterexample or future primitive evidence even though the whole mechanism is not live.
luminet-historical-evidence-8a2dc2a,docs/excluded/freenet_p2p.md,40910650c42c37fe74fe1066cbe3b064e937bdee3fdd32a3bdbc3420069a817f,217,regular,md,documentation,reference-only,HVC-EXCLUDED-REF-D11F533C,The exclusion/review rationale and peer observations remain useful counterexample or future primitive evidence even though the whole mechanism is not live.
luminet-historical-evidence-8a2dc2a,docs/excluded/mihomo.md,4770511735c609a83709927383ac05128d7207e00b0d8450531eb69a3bc175e6,201,regular,md,documentation,reference-only,HVC-EXCLUDED-REF-08453991,The exclusion/review rationale and peer observations remain useful counterexample or future primitive evidence even though the whole mechanism is not live.
luminet-historical-evidence-8a2dc2a,docs/excluded/multinode_processor.md,a79d36e9d6af69cb52252ad8729708e31e12646f4355b16d30625aa6c250d401,184,regular,md,documentation,reference-only,HVC-EXCLUDED-REF-B70A2355,The exclusion/review rationale and peer observations remain useful counterexample or future primitive evidence even though the whole mechanism is not live.
luminet-historical-evidence-8a2dc2a,docs/excluded/nahan1_worker.md,14394096d202e8d80eebc40171faa423f9dedecbf4d19856f146db5a9b4e111e,2162,regular,md,documentation,reference-only,HVC-EXCLUDED-REF-053DC38B,The exclusion/review rationale and peer observations remain useful counterexample or future primitive evidence even though the whole mechanism is not live.
luminet-historical-evidence-8a2dc2a,docs/excluded/netflow.md,75dee9feaf19eeb0f0091ab6307462fa02515a0a0285b5096dcab6e454a10824,176,regular,md,documentation,reference-only,HVC-EXCLUDED-REF-F695CB5D,The exclusion/review rationale and peer observations remain useful counterexample or future primitive evidence even though the whole mechanism is not live.
luminet-historical-evidence-8a2dc2a,docs/excluded/node_http_mitm.md,01306437862c3d12586e43d9f7f12fab5fba059df2dafd2a80f743a0c309997a,167,regular,md,documentation,reference-only,HVC-EXCLUDED-REF-47C4E4BE,The exclusion/review rationale and peer observations remain useful counterexample or future primitive evidence even though the whole mechanism is not live.
luminet-historical-evidence-8a2dc2a,docs/excluded/panel_docusaurus.md,33fe8c45f4e503e4abbd9f0e79e964ff4356cd0a61aba4311e76f52a886017c5,141,regular,md,documentation,reference-only,HVC-EXCLUDED-REF-EB5E646E,The exclusion/review rationale and peer observations remain useful counterexample or future primitive evidence even though the whole mechanism is not live.
luminet-historical-evidence-8a2dc2a,docs/excluded/proxy_yoinker.md,e71f830dc543da219e39168a498d3b423e814e04d577f95346e082c5839c7565,156,regular,md,documentation,reference-only,HVC-EXCLUDED-REF-0EDEED1D,The exclusion/review rationale and peer observations remain useful counterexample or future primitive evidence even though the whole mechanism is not live.
luminet-historical-evidence-8a2dc2a,docs/excluded/tailscale_tizen.md,a9c089602c041a07e359024c69d3ea4da42aaade936de04572b36ba23ca97010,168,regular,md,documentation,reference-only,HVC-EXCLUDED-REF-E1373983,The exclusion/review rationale and peer observations remain useful counterexample or future primitive evidence even though the whole mechanism is not live.
luminet-historical-evidence-8a2dc2a,docs/excluded/terraform_tailscale.md,159fcdd00e8e299f612714a2b9fe71c8fef82d5d36a4a8072bc38f25ca5b9ff9,198,regular,md,documentation,reference-only,HVC-EXCLUDED-REF-CE351244,The exclusion/review rationale and peer observations remain useful counterexample or future primitive evidence even though the whole mechanism is not live.
luminet-historical-evidence-8a2dc2a,docs/excluded/v2ray_client.md,fc7f8dd3e586636b2becd04fb7ca14177ebaa6711e9805955d9326a5153a961b,1604,regular,md,documentation,reference-only,HVC-EXCLUDED-REF-83158675,The exclusion/review rationale and peer observations remain useful counterexample or future primitive evidence even though the whole mechanism is not live.
luminet-historical-evidence-8a2dc2a,docs/excluded/v2ray_for_doprax.md,1f721a5027c8875dae83289b65a7dcac878c6267eeca2e25a19d861a0e5ed6ec,816,regular,md,documentation,reference-only,HVC-EXCLUDED-REF-C0E854D2,The exclusion/review rationale and peer observations remain useful counterexample or future primitive evidence even though the whole mechanism is not live.
luminet-historical-evidence-8a2dc2a,docs/excluded/v2ray_rules_dat.md,05050917f55ae7fd3724ba8580429dc674073073a542903e6debb274c3b495d8,222,regular,md,documentation,reference-only,HVC-EXCLUDED-REF-A33C37D2,The exclusion/review rationale and peer observations remain useful counterexample or future primitive evidence even though the whole mechanism is not live.
luminet-baseline-d73453f,mobile/android/incubator/DefaultNetworkListener.kt,92db436fc7b492648d3da0385f06728a1fda7961881cb7ca777e89b338c88c0b,7007,regular,kotlin,implementation,lab-non-authoritative,HVC-ANDROID-LAB-DEFAULTNETWORKLISTENER,Promoted byte-identically from Android incubator to governed non-compiled labs surface.
luminet-baseline-d73453f,mobile/android/incubator/netgovpn_client.kt,d87696d5a866de181c9469f0bfc917b231d90657e6231e153a4f22f9bf85d805,276,regular,kotlin,implementation,lab-non-authoritative,HVC-ANDROID-LAB-NETGOVPN-CLIENT,Promoted byte-identically from Android incubator to governed non-compiled labs surface.
luminet-baseline-d73453f,mobile/android/incubator/okhttp_doh_client.kt,57822b48b1ebad3772c3766bf84a91a1f2dafa59afb9feadffe9e29a70601a79,302,regular,kotlin,implementation,lab-non-authoritative,HVC-ANDROID-LAB-OKHTTP-DOH-CLIENT,Promoted byte-identically from Android incubator to governed non-compiled labs surface.
luminet-baseline-d73453f,mobile/android/incubator/plugin_system.kt,0b8a80aad945002e3b05475aa937f89bba4ce4808e660c65024afd0b8ad3118b,309,regular,kotlin,implementation,lab-non-authoritative,HVC-ANDROID-LAB-PLUGIN-SYSTEM,Promoted byte-identically from Android incubator to governed non-compiled labs surface.
luminet-baseline-d73453f,mobile/android/incubator/qtun_service.kt,8beb1ad1af6d399d4a549fb8a675e27988a5a3027e09f7a6c8c7cee7bec59dcd,272,regular,kotlin,implementation,lab-non-authoritative,HVC-ANDROID-LAB-QTUN-SERVICE,Promoted byte-identically from Android incubator to governed non-compiled labs surface.
luminet-baseline-d73453f,mobile/android/incubator/rethink_dns.kt,398d4e7769013b23011981d0abd030b61272be191b50c6e511b02150c9796495,286,regular,kotlin,implementation,lab-non-authoritative,HVC-ANDROID-LAB-RETHINK-DNS,Promoted byte-identically from Android incubator to governed non-compiled labs surface.
luminet-baseline-d73453f,mobile/android/incubator/sagernet_profiles.kt,f369a5fdd515225f49921d68e4811b4a9288e73108d0d2cddf5b21833d2212a1,291,regular,kotlin,implementation,lab-non-authoritative,HVC-ANDROID-LAB-SAGERNET-PROFILES,Promoted byte-identically from Android incubator to governed non-compiled labs surface.
luminet-baseline-d73453f,mobile/android/incubator/simple_obfs.java,f1c83d26ec8426ebd3bafdbb0d92675b1d746fa9a0c26e38c84e1269330a57f4,291,regular,java,implementation,lab-non-authoritative,HVC-ANDROID-LAB-SIMPLE-OBFS,Promoted byte-identically from Android incubator to governed non-compiled labs surface.
luminet-baseline-d73453f,mobile/android/incubator/tailscale_vpn.kt,c927e437834022598cc4d299646362834a1b6e0afbcd3461bd0dc6a080d32c66,290,regular,kotlin,implementation,lab-non-authoritative,HVC-ANDROID-LAB-TAILSCALE-VPN,Promoted byte-identically from Android incubator to governed non-compiled labs surface.
luminet-baseline-d73453f,mobile/android/incubator/vpn_engine.kt,6a654c30c2f69087d57e4e0648df9051ffaa23ca3bc8a51ffa3b7ab017ad8e31,295,regular,kotlin,implementation,lab-non-authoritative,HVC-ANDROID-LAB-VPN-ENGINE,Promoted byte-identically from Android incubator to governed non-compiled labs surface.
luminet-baseline-d73453f,mobile/android/incubator/vpn_profiles.kt,bee2bc72395791d501df2ced1c71de8f8a52958ab0aced4c4cf5684a92aabc88,271,regular,kotlin,implementation,lab-non-authoritative,HVC-ANDROID-LAB-VPN-PROFILES,Promoted byte-identically from Android incubator to governed non-compiled labs surface.
luminet-baseline-d73453f,docs/porting/archive/legacy-client-ui/README.md,18a10f82ba644f068d45b1fe3b8d9d7d45309cbc89c97e6dc9d593627b7881e6,664,regular,markdown,documentation,reference-only,HVC-DESKTOP-LAB-README,Promoted and rewritten as labs/desktop/legacy-client-ui/README.md to define Desktop Labs ownership and promotion gates.
luminet-baseline-d73453f,server/internal/crypto/tpm_legacy.go,412939ac9e4938bbc4aff8e0a54e88dd6310d7905f2722ac953cc339024243b9,1531,regular,go,implementation,active-migration-compatibility,HVC-TPM-LEGACY-RETAIN,Retained: current CLI migration adapter; new legacy sealing disabled; tested cutoff/verification migration path.
luminet-baseline-d73453f,server/internal/proxy/package_exclusions.go,53993104831284111eb3b6be4de678b20688dfa1418b9ba0acd35db6d6bc740d,1327,regular,go,implementation,retained-native-boundary,HVC-NATIVE-PACKAGE-EXCLUSIONS,Retained after convergence review because external JNI/cgo/native entry is not represented by ordinary Go caller counts.
luminet-baseline-d73453f,server/internal/proxy/package_exclusions_jni.go,aff8b6ac886bd8fd8666aed5b0751b3b911e2bb321175fdce013684eb3456f8f,1227,regular,go,implementation,retained-native-boundary,HVC-NATIVE-PACKAGE-EXCLUSIONS-JNI,Retained after convergence review because external JNI/cgo/native entry is not represented by ordinary Go caller counts.
luminet-baseline-d73453f,server/internal/proxy/hysteria_binding.go,8128a525c60abb0abf6deabe420c82e5caddecf68238dd9e87e20f093ac0d826,2373,regular,go,implementation,retained-native-boundary,HVC-NATIVE-HYSTERIA-BINDING,Retained after convergence review because external JNI/cgo/native entry is not represented by ordinary Go caller counts.
luminet-baseline-d73453f,core/src/lib.rs,e5147d5fc3edd8a725e393fd63107f7e3700cea068cd22bcbdd74c99c8c1fdf2,6222,regular,rust,split-brain-evidence,historical-authoritative,SB-001,Baseline evidence for runtime-source-authority; resolved by SB-001 into the current canonical authority.
luminet-baseline-d73453f,server/internal/proxy/mobile_bind.go,ec6419a76bef2dae6137ef4d77a59805cee7eb4ce6ad01c548f30d2d69f6b1a6,23041,regular,go,split-brain-evidence,historical-authoritative,SB-002,Baseline evidence for android-vpn-lifecycle; resolved by SB-002 into the current canonical authority.
luminet-baseline-d73453f,desktop/main.go,25f8b0ec65d2ac1ace1d92356e101bb7217288f844f3328bb602e596df9efb5b,5388,regular,go,split-brain-evidence,historical-authoritative,SB-003,Baseline evidence for control-session-discovery; resolved by SB-003 into the current canonical authority.
luminet-baseline-d73453f,desktop/frontend/package.json,cca75ba4d7328721172b012c46dab60b1e61af8c6a9a4035b0e8cc960b2bb076,1117,regular,json,split-brain-evidence,historical-authoritative,SB-004,Baseline evidence for shared-control-ui; resolved by SB-004 into the current canonical authority.
luminet-baseline-d73453f,server/internal/api/route_specs.go,b3729f7b769063b8eaf77a0d1046a6a73ae9184415feadfdd4ad0ca2a17ff664,10002,regular,go,split-brain-evidence,historical-authoritative,SB-005,Baseline evidence for api-route-authority; resolved by SB-005 into the current canonical authority.
luminet-baseline-d73453f,server/internal/api/errors_envelope.go,a6b8e869f3e81c00769b278b008a72daabde1cd4df21c82b3c8f851938632840,4957,regular,go,split-brain-evidence,historical-authoritative,SB-006,Baseline evidence for the historical public-error synthesis. SB-006 is superseded: the shared schema was retired after zero-consumer proof.
luminet-baseline-d73453f,server/main.go,e40d699af3b6c92d3273b2407e026b3342251530e7f23a581ea5f11bbfb97e7e,309,regular,go,split-brain-evidence,historical-authoritative,SB-007,Baseline evidence for build-version-identity; resolved by SB-007 into the current canonical authority.
luminet-baseline-d73453f,server/internal/bridge/lumiffi.h,56118e90448e6ad74ae5f4e4c0260bbabbb0380ac54dc06dd8e0a128ddcb806a,3019,regular,c-header,split-brain-evidence,historical-authoritative,SB-008,Baseline evidence for rust-go-ffi-authority; resolved by SB-008 into the current canonical authority.
luminet-baseline-d73453f,.goreleaser.yaml,e456c78a7cadbe8f51569ba97d3a3c87b81f73f406ed9278270ec7078d76f1c3,1731,regular,yaml,split-brain-evidence,historical-authoritative,SB-009,Baseline evidence for release-orchestration; resolved by SB-009 into the current canonical authority.
luminet-baseline-d73453f,desktop/android/README.md,6d7a47a5e6ab8704976680548cd198d33918e175fa93b6e96e589144c40b4d3a,94,regular,markdown,split-brain-evidence,historical-authoritative,SB-010,Baseline evidence for desktop-platform-alternates; resolved by SB-010 into the current canonical authority.
